datetime,open,high,low,close,volume
2011-08-24 00:00:00+05:30,294.99,297.48,285.14,290.13,736469
2011-08-25 00:00:00+05:30,293.6,296.47,287.73,289.99,903650
2011-08-26 00:00:00+05:30,293.03,293.03,282.65,285.74,608687
2011-08-29 00:00:00+05:30,291.44,295.13,287.87,294.53,568171
2011-08-30 00:00:00+05:30,299.06,301.16,286.74,289.06,1424547
2011-09-02 00:00:00+05:30,294.71,295.97,287.73,290.86,913038
2011-09-05 00:00:00+05:30,289.91,295.37,284.56,290.29,538327
2011-09-06 00:00:00+05:30,289.94,295.87,286.47,292.15,567299
2011-09-07 00:00:00+05:30,294.55,314.1,290.46,302.44,1614695
2011-09-08 00:00:00+05:30,303.01,312.74,300.29,306.54,621175
2011-09-09 00:00:00+05:30,308.89,310.33,295.62,301.67,732103
2011-09-12 00:00:00+05:30,297.66,313.39,292.1,302.14,1898034
2011-09-13 00:00:00+05:30,304.11,307.93,299.42,303.89,750963
2011-09-14 00:00:00+05:30,303.57,312.33,301.63,307.36,413777
2011-09-15 00:00:00+05:30,308.59,323.14,308.56,320.05,995921
2011-09-16 00:00:00+05:30,319.94,328.67,317.89,327.31,779712
2011-09-19 00:00:00+05:30,330.31,332.49,313.94,315.63,508692
2011-09-20 00:00:00+05:30,316.63,334.11,315.6,329.71,795962
2011-09-21 00:00:00+05:30,330.26,342.87,330.26,337.93,986629
2011-09-22 00:00:00+05:30,333.59,333.59,317.22,318.8,740542
2011-09-23 00:00:00+05:30,316.63,318.19,308.59,310.96,606656
2011-09-26 00:00:00+05:30,316.66,316.66,293.16,295.37,671168
2011-09-27 00:00:00+05:30,300.29,310.06,298.38,306.86,982338
2011-09-28 00:00:00+05:30,310.3,310.3,291.0,295.84,406933
2011-09-29 00:00:00+05:30,296.47,301.33,291.0,293.6,976411
2011-09-30 00:00:00+05:30,299.39,299.39,283.9,287.65,753734
2011-10-03 00:00:00+05:30,284.76,285.0,269.71,276.1,771696
2011-10-04 00:00:00+05:30,277.9,277.9,259.97,263.71,838108
2011-10-05 00:00:00+05:30,264.88,268.87,255.52,256.83,799851
2011-10-07 00:00:00+05:30,264.77,278.91,244.38,252.18,1472881
2011-10-10 00:00:00+05:30,253.85,257.13,249.51,251.37,651178
2011-10-11 00:00:00+05:30,256.36,256.36,239.76,250.47,2998032
2011-10-12 00:00:00+05:30,251.7,255.32,251.07,253.71,847319
2011-10-13 00:00:00+05:30,254.48,263.86,249.51,256.58,3227497
2011-10-14 00:00:00+05:30,258.22,262.01,254.97,257.1,375123
2011-10-17 00:00:00+05:30,258.74,260.95,253.49,254.53,407528
2011-10-18 00:00:00+05:30,250.06,253.28,248.42,251.75,1864203
2011-10-19 00:00:00+05:30,252.87,259.07,251.23,258.33,1311593
2011-10-20 00:00:00+05:30,256.6,257.5,250.47,254.21,328185
2011-10-21 00:00:00+05:30,258.77,258.77,250.06,252.32,406068
2011-10-24 00:00:00+05:30,254.45,255.65,250.6,251.72,717416
2011-10-25 00:00:00+05:30,253.71,254.64,247.41,251.42,765245
2011-10-26 00:00:00+05:30,256.06,256.06,251.97,253.05,34488
2011-10-28 00:00:00+05:30,258.74,265.02,256.6,261.88,1019416
2011-10-31 00:00:00+05:30,263.62,266.1,259.47,260.92,954176
2011-11-01 00:00:00+05:30,257.7,259.31,251.15,253.11,938438
2011-11-02 00:00:00+05:30,249.54,254.45,249.54,253.04,1007027
2011-11-03 00:00:00+05:30,253.74,258.79,249.73,252.78,920389
2011-11-04 00:00:00+05:30,256.15,256.45,250.74,252.38,1656512
2011-11-08 00:00:00+05:30,253.77,253.77,250.11,252.38,669135
2011-11-09 00:00:00+05:30,252.35,252.78,249.56,251.45,365649
2011-11-11 00:00:00+05:30,250.8,254.51,248.01,250.57,1022309
2011-11-14 00:00:00+05:30,253.66,254.32,248.42,249.24,970447
2011-11-15 00:00:00+05:30,250.54,250.54,220.41,225.1,2501996
2011-11-16 00:00:00+05:30,222.76,223.85,199.94,209.27,3949928
2011-11-17 00:00:00+05:30,213.48,213.53,188.99,191.94,3569363
2011-11-18 00:00:00+05:30,199.28,199.28,175.25,183.12,4613397
2011-11-21 00:00:00+05:30,180.72,184.95,168.57,170.35,1670172
2011-11-22 00:00:00+05:30,169.25,176.57,167.12,171.71,1930773
2011-11-23 00:00:00+05:30,169.25,174.17,160.02,161.39,1654397
2011-11-24 00:00:00+05:30,159.29,177.44,152.35,173.24,7416986
2011-11-25 00:00:00+05:30,179.63,181.81,169.36,175.23,1797763
2011-11-28 00:00:00+05:30,177.76,179.98,172.53,173.37,1202319
2011-11-29 00:00:00+05:30,174.71,178.37,164.14,166.91,1639736
2011-11-30 00:00:00+05:30,165.98,172.56,160.9,164.56,1668324
2011-12-01 00:00:00+05:30,169.8,172.74,166.05,168.85,913168
2011-12-02 00:00:00+05:30,171.79,188.09,166.52,184.92,1964963
2011-12-05 00:00:00+05:30,184.81,193.03,182.95,187.68,1969898
2011-12-07 00:00:00+05:30,187.82,191.53,183.72,186.15,1050052
2011-12-08 00:00:00+05:30,186.21,187.76,175.55,182.8,1575908
2011-12-09 00:00:00+05:30,179.9,182.63,173.27,177.25,1556811
2011-12-12 00:00:00+05:30,178.15,181.48,169.01,171.49,1221269
2011-12-13 00:00:00+05:30,169.75,178.8,167.64,175.42,1428769
2011-12-14 00:00:00+05:30,175.42,175.48,169.63,172.14,1834780
2011-12-15 00:00:00+05:30,169.8,173.34,167.56,171.73,759453
2011-12-16 00:00:00+05:30,172.53,177.44,167.48,171.9,932466
2011-12-19 00:00:00+05:30,169.8,171.9,166.38,168.95,1644891
2011-12-20 00:00:00+05:30,169.17,171.84,165.18,168.54,967812
2011-12-21 00:00:00+05:30,170.35,173.62,164.56,170.29,1218790
2011-12-22 00:00:00+05:30,169.77,171.93,168.29,170.02,1098010
2011-12-23 00:00:00+05:30,170.73,178.7,170.73,175.34,1120856
2011-12-26 00:00:00+05:30,176.54,181.26,174.8,178.05,807079
2011-12-27 00:00:00+05:30,178.45,180.26,173.62,175.69,335960
2011-12-28 00:00:00+05:30,172.99,178.8,171.43,177.52,656691
2011-12-29 00:00:00+05:30,178.37,179.87,168.68,170.89,1347772
2011-12-30 00:00:00+05:30,169.52,172.53,157.32,160.29,1549396
2012-01-02 00:00:00+05:30,159.97,159.97,154.51,157.6,1242660
2012-01-03 00:00:00+05:30,158.34,160.52,154.92,156.88,2006754
2012-01-04 00:00:00+05:30,156.88,160.52,150.79,151.86,2057034
2012-01-05 00:00:00+05:30,150.75,151.62,144.69,145.83,1872064
2012-01-06 00:00:00+05:30,143.59,149.32,142.52,146.62,2196358
2012-01-07 00:00:00+05:30,146.87,148.4,145.29,146.94,149376
2012-01-09 00:00:00+05:30,147.06,149.05,144.33,146.21,2106015
2012-01-10 00:00:00+05:30,146.7,155.87,146.7,154.7,3936669
2012-01-11 00:00:00+05:30,155.03,176.35,155.03,171.43,8181831
2012-01-12 00:00:00+05:30,171.27,180.06,167.37,175.34,4557417
2012-01-13 00:00:00+05:30,174.25,178.95,168.19,176.29,1246764
2012-01-16 00:00:00+05:30,175.81,195.65,173.13,193.82,3225770
2012-01-17 00:00:00+05:30,195.95,205.29,192.48,203.32,3899363
2012-01-18 00:00:00+05:30,204.19,220.82,202.99,218.31,6210538
2012-01-19 00:00:00+05:30,223.71,245.52,218.99,240.5,6357369
2012-01-20 00:00:00+05:30,242.96,248.89,218.94,221.56,7937369
2012-01-23 00:00:00+05:30,218.39,227.62,212.41,218.09,6752891
2012-01-24 00:00:00+05:30,217.84,225.71,216.89,221.45,2615875
2012-01-25 00:00:00+05:30,221.93,224.56,217.14,218.34,2145868
2012-01-27 00:00:00+05:30,216.26,234.61,181.62,231.19,5684325
2012-01-30 00:00:00+05:30,228.88,231.22,211.92,214.76,4118099
2012-01-31 00:00:00+05:30,215.33,229.86,214.02,227.07,5317219
2012-02-01 00:00:00+05:30,226.58,239.27,226.58,238.18,3895636
2012-02-02 00:00:00+05:30,241.81,241.81,230.35,234.8,4129462
2012-02-03 00:00:00+05:30,234.8,236.52,229.34,233.33,1189774
2012-02-06 00:00:00+05:30,236.82,240.23,232.04,237.52,4629027
2012-02-07 00:00:00+05:30,240.23,240.26,217.05,219.24,2970185
2012-02-08 00:00:00+05:30,220.02,228.58,219.78,223.99,2127576
2012-02-09 00:00:00+05:30,224.97,227.12,206.57,213.92,6388682
2012-02-10 00:00:00+05:30,214.84,221.33,207.61,215.0,2556396
2012-02-13 00:00:00+05:30,215.66,217.16,202.07,203.54,2897066
2012-02-14 00:00:00+05:30,203.38,203.92,191.11,194.42,6870981
2012-02-15 00:00:00+05:30,194.91,208.01,194.26,206.6,9614850
2012-02-16 00:00:00+05:30,207.58,215.6,203.05,214.13,5251367
2012-02-17 00:00:00+05:30,216.61,231.77,215.69,226.17,7141035
2012-02-21 00:00:00+05:30,226.17,233.35,226.17,230.29,4552808
2012-02-22 00:00:00+05:30,230.79,232.59,208.64,211.43,5563589
2012-02-23 00:00:00+05:30,210.75,216.2,204.74,209.87,4336825
2012-02-24 00:00:00+05:30,212.33,215.17,203.11,205.67,2263197
2012-02-27 00:00:00+05:30,205.67,206.3,188.36,189.76,1885655
2012-02-28 00:00:00+05:30,191.67,202.01,191.64,200.78,2768965
2012-02-29 00:00:00+05:30,203.59,207.99,202.01,204.6,2154614
2012-03-01 00:00:00+05:30,204.74,204.74,197.1,200.18,1590522
2012-03-02 00:00:00+05:30,201.47,202.72,191.1,192.84,2664507
2012-03-03 00:00:00+05:30,193.01,198.08,192.65,196.0,396518
2012-03-05 00:00:00+05:30,196.0,201.35,192.18,195.95,2206568
2012-03-06 00:00:00+05:30,196.55,200.81,190.06,191.37,1612306
2012-03-07 00:00:00+05:30,188.36,191.04,172.23,174.17,5149615
2012-03-09 00:00:00+05:30,179.3,182.87,165.37,173.37,7061922
2012-03-12 00:00:00+05:30,178.37,180.44,172.91,177.22,2960677
2012-03-13 00:00:00+05:30,179.08,186.65,175.85,182.03,4569705
2012-03-14 00:00:00+05:30,180.06,186.72,176.62,177.61,3240459
2012-03-15 00:00:00+05:30,176.65,176.65,171.43,172.99,1865707
2012-03-16 00:00:00+05:30,172.17,176.14,166.28,167.81,2118674
2012-03-19 00:00:00+05:30,169.36,170.1,157.62,161.03,2711365
2012-03-20 00:00:00+05:30,160.11,161.61,153.15,155.2,4841590
2012-03-21 00:00:00+05:30,155.54,164.31,154.19,163.46,4717864
2012-03-22 00:00:00+05:30,162.7,166.65,153.96,155.2,3661524
2012-03-23 00:00:00+05:30,156.28,159.97,154.07,157.65,2107102
2012-03-26 00:00:00+05:30,156.53,158.06,150.14,150.85,2239087
2012-03-27 00:00:00+05:30,152.96,157.16,152.33,155.54,2089955
2012-03-28 00:00:00+05:30,154.57,156.64,153.12,155.17,2858538
2012-03-29 00:00:00+05:30,153.63,165.98,153.09,163.6,6293275
2012-03-30 00:00:00+05:30,163.79,168.98,163.79,166.44,2284601
2012-04-02 00:00:00+05:30,166.55,171.13,166.55,168.16,1548407
2012-04-03 00:00:00+05:30,170.2,176.68,165.43,174.98,3465277
2012-04-04 00:00:00+05:30,175.25,177.44,171.76,173.4,1896829
2012-04-09 00:00:00+05:30,172.53,173.02,168.13,169.66,1031853
2012-04-10 00:00:00+05:30,169.66,174.71,168.16,172.53,1863756
2012-04-11 00:00:00+05:30,170.35,174.38,165.92,167.75,1614001
2012-04-12 00:00:00+05:30,168.76,172.01,167.99,169.01,999093
2012-04-13 00:00:00+05:30,170.53,173.37,164.34,165.68,1668663
2012-04-16 00:00:00+05:30,164.94,168.59,162.92,166.47,1303728
2012-04-17 00:00:00+05:30,165.9,167.99,160.85,165.68,1750557
2012-04-18 00:00:00+05:30,167.37,174.44,166.74,167.81,3755340
2012-04-19 00:00:00+05:30,168.92,168.92,162.4,163.74,2089048
2012-04-20 00:00:00+05:30,163.24,164.61,155.87,156.88,3308081
2012-04-23 00:00:00+05:30,158.25,161.06,151.12,152.0,1737840
2012-04-24 00:00:00+05:30,152.87,154.13,149.27,152.25,1914280
2012-04-25 00:00:00+05:30,152.57,153.75,148.56,150.55,1280663
2012-04-26 00:00:00+05:30,151.21,155.47,147.41,148.91,2986645
2012-04-27 00:00:00+05:30,149.6,151.24,147.41,150.36,1088907
2012-04-28 00:00:00+05:30,150.14,151.32,149.68,150.88,123386
2012-04-30 00:00:00+05:30,150.79,154.51,148.51,153.39,1047187
2012-05-02 00:00:00+05:30,155.24,155.74,151.53,152.46,911360
2012-05-03 00:00:00+05:30,151.24,152.22,147.41,148.13,1155467
2012-05-04 00:00:00+05:30,146.32,149.51,142.49,146.97,2562139
2012-05-07 00:00:00+05:30,143.1,153.26,141.24,151.26,1566832
2012-05-08 00:00:00+05:30,149.92,152.9,144.69,146.73,1106833
2012-05-09 00:00:00+05:30,145.72,149.46,139.83,140.89,1643318
2012-05-10 00:00:00+05:30,141.52,145.23,139.83,140.59,1150589
2012-05-11 00:00:00+05:30,140.31,141.9,135.26,137.34,1432278
2012-05-14 00:00:00+05:30,138.0,139.06,128.44,131.01,1442563
2012-05-15 00:00:00+05:30,130.84,131.58,126.18,129.1,1207683
2012-05-16 00:00:00+05:30,127.26,127.95,124.81,125.71,1196007
2012-05-17 00:00:00+05:30,126.31,130.21,123.94,125.05,1082951
2012-05-18 00:00:00+05:30,119.4,127.7,113.61,126.75,1298009
2012-05-21 00:00:00+05:30,125.58,133.68,125.58,130.57,3596994
2012-05-22 00:00:00+05:30,132.37,134.48,131.06,132.24,1670548
2012-05-23 00:00:00+05:30,131.04,133.71,130.27,131.77,869862
2012-05-24 00:00:00+05:30,131.53,133.55,128.83,132.29,555968
2012-05-25 00:00:00+05:30,132.27,144.03,132.27,141.68,3216704
2012-05-28 00:00:00+05:30,143.1,144.63,141.52,143.23,1312635
2012-05-29 00:00:00+05:30,143.05,147.25,140.45,145.69,1384963
2012-05-30 00:00:00+05:30,144.69,149.44,142.28,143.08,1662501
2012-05-31 00:00:00+05:30,141.95,147.5,139.47,142.25,2486008
2012-06-01 00:00:00+05:30,139.77,140.72,129.75,130.98,1415587
2012-06-04 00:00:00+05:30,128.85,128.85,123.28,125.85,2168973
2012-06-05 00:00:00+05:30,126.96,128.27,123.99,125.01,1814413
2012-06-06 00:00:00+05:30,124.48,129.23,124.48,126.26,5089921
2012-06-07 00:00:00+05:30,128.2,128.8,122.9,125.93,3469510
2012-06-08 00:00:00+05:30,124.92,125.74,123.11,124.32,2792975
2012-06-11 00:00:00+05:30,125.58,128.12,122.47,123.07,5168014
2012-06-12 00:00:00+05:30,121.21,126.66,120.25,124.72,3193770
2012-06-13 00:00:00+05:30,125.65,125.65,121.31,122.24,2721056
2012-06-14 00:00:00+05:30,121.78,123.39,119.84,120.5,1533170
2012-06-15 00:00:00+05:30,121.21,122.6,120.66,121.51,1378820
2012-06-18 00:00:00+05:30,122.03,123.07,111.54,113.67,3428033
2012-06-19 00:00:00+05:30,114.65,115.75,111.37,114.14,2751832
2012-06-20 00:00:00+05:30,114.85,119.02,114.0,118.09,3017766
2012-06-21 00:00:00+05:30,117.93,120.03,116.29,119.24,3154247
2012-06-22 00:00:00+05:30,116.86,122.03,116.84,119.93,4218034
2012-06-25 00:00:00+05:30,120.12,121.86,114.44,115.5,3547357
2012-06-26 00:00:00+05:30,115.88,117.63,114.6,116.05,1798448
2012-06-27 00:00:00+05:30,116.62,120.39,116.12,119.76,2731457
2012-06-28 00:00:00+05:30,120.12,121.16,117.66,118.78,3147747
2012-06-29 00:00:00+05:30,120.12,123.07,119.65,121.43,6538091
2012-07-02 00:00:00+05:30,122.3,130.16,120.12,128.3,27699487
2012-07-03 00:00:00+05:30,129.07,132.4,128.9,130.03,7141614
2012-07-04 00:00:00+05:30,130.49,132.84,128.33,129.67,5280367
2012-07-05 00:00:00+05:30,129.94,132.01,129.61,130.43,5384285
2012-07-06 00:00:00+05:30,130.27,130.49,125.63,127.95,4616959
2012-07-09 00:00:00+05:30,127.76,128.69,121.56,122.41,4353129
2012-07-10 00:00:00+05:30,122.3,125.76,120.99,125.01,4054452
2012-07-11 00:00:00+05:30,124.48,127.43,123.82,125.33,2570219
2012-07-12 00:00:00+05:30,123.72,124.68,121.61,122.71,3006549
2012-07-13 00:00:00+05:30,122.84,124.18,120.99,121.4,2511930
2012-07-16 00:00:00+05:30,121.16,122.03,115.25,115.88,3614819
2012-07-17 00:00:00+05:30,116.02,116.81,105.43,106.19,11607361
2012-07-18 00:00:00+05:30,107.01,110.23,102.15,108.49,28192763
2012-07-19 00:00:00+05:30,109.19,111.66,105.81,106.92,9043931
2012-07-20 00:00:00+05:30,107.01,108.54,104.88,106.85,4003523
2012-07-23 00:00:00+05:30,105.92,106.88,103.19,104.71,2931073
2012-07-24 00:00:00+05:30,104.83,106.44,103.84,105.01,3505313
2012-07-25 00:00:00+05:30,106.55,106.55,102.46,103.63,3035905
2012-07-26 00:00:00+05:30,105.1,106.03,97.62,98.68,7513600
2012-07-27 00:00:00+05:30,99.53,102.32,93.3,94.59,4973560
2012-07-30 00:00:00+05:30,95.0,98.05,92.4,97.24,5038348
2012-07-31 00:00:00+05:30,97.59,99.64,96.42,98.77,3580438
2012-08-01 00:00:00+05:30,99.07,102.4,98.44,101.19,3556389
2012-08-02 00:00:00+05:30,101.17,102.53,100.19,101.42,2584039
2012-08-03 00:00:00+05:30,101.12,101.12,96.64,98.17,3234646
2012-08-06 00:00:00+05:30,98.28,100.89,98.28,98.82,1956892
2012-08-07 00:00:00+05:30,99.37,100.7,98.63,99.75,1728979
2012-08-08 00:00:00+05:30,99.89,102.2,98.28,98.85,3731471
2012-08-09 00:00:00+05:30,98.82,100.19,95.6,97.13,6092931
2012-08-10 00:00:00+05:30,97.18,98.19,95.81,96.91,1798899
2012-08-13 00:00:00+05:30,96.7,100.87,96.7,99.89,2719402
2012-08-14 00:00:00+05:30,99.92,105.24,99.92,104.71,5002918
2012-08-16 00:00:00+05:30,104.83,106.63,103.57,104.28,5431564
2012-08-17 00:00:00+05:30,103.9,105.57,99.42,100.02,3556691
2012-08-21 00:00:00+05:30,99.94,101.52,99.01,101.09,1834319
2012-08-22 00:00:00+05:30,101.28,101.83,98.58,99.28,1290008
2012-08-23 00:00:00+05:30,98.85,100.11,96.77,97.45,2117946
2012-08-24 00:00:00+05:30,97.18,97.3,94.26,95.41,2194874
2012-08-27 00:00:00+05:30,95.54,95.66,86.32,86.87,6839411
2012-08-28 00:00:00+05:30,86.81,87.03,82.72,85.12,8443057
2012-08-29 00:00:00+05:30,85.3,86.21,83.65,84.4,3573544
2012-08-30 00:00:00+05:30,84.63,85.99,83.32,84.82,4836265
2012-08-31 00:00:00+05:30,84.63,86.16,82.72,85.06,3751082
2012-09-03 00:00:00+05:30,85.72,87.57,84.79,85.77,2422077
2012-09-04 00:00:00+05:30,85.61,86.81,83.4,86.34,2834056
2012-09-05 00:00:00+05:30,85.8,86.54,83.32,84.3,3378903
2012-09-06 00:00:00+05:30,84.82,85.5,82.82,83.83,3343482
2012-09-07 00:00:00+05:30,84.08,86.04,83.53,84.7,3994210
2012-09-08 00:00:00+05:30,84.63,85.63,83.56,84.79,485797
2012-09-10 00:00:00+05:30,84.63,93.6,83.59,92.87,10968146
2012-09-11 00:00:00+05:30,92.82,98.71,90.96,98.01,12790994
2012-09-12 00:00:00+05:30,98.28,98.38,95.0,95.98,5155925
2012-09-13 00:00:00+05:30,95.87,100.29,95.38,97.05,5705821
2012-09-14 00:00:00+05:30,98.28,104.09,97.59,103.16,7250525
2012-09-17 00:00:00+05:30,103.79,106.19,101.66,105.1,4673492
2012-09-18 00:00:00+05:30,105.1,109.9,103.96,107.18,4621531
2012-09-20 00:00:00+05:30,107.01,110.67,104.39,109.03,8483612
2012-09-21 00:00:00+05:30,109.19,111.66,108.38,110.86,6624670
2012-09-24 00:00:00+05:30,111.22,114.05,107.91,108.65,5845820
2012-09-25 00:00:00+05:30,108.92,111.87,104.94,109.36,5691965
2012-09-26 00:00:00+05:30,109.39,110.48,107.31,108.24,4617146
2012-09-27 00:00:00+05:30,108.62,109.75,106.79,107.18,2422223
2012-09-28 00:00:00+05:30,108.02,111.24,108.02,109.82,3945536
2012-10-01 00:00:00+05:30,109.75,110.48,106.47,108.16,2243697
2012-10-03 00:00:00+05:30,108.76,115.99,108.18,113.9,12030013
2012-10-04 00:00:00+05:30,114.17,124.38,114.17,122.93,10721829
2012-10-05 00:00:00+05:30,124.81,129.64,120.12,128.6,15543701
2012-10-08 00:00:00+05:30,128.2,130.24,123.23,124.12,6179798
2012-10-09 00:00:00+05:30,124.45,126.86,119.46,120.27,5383156
2012-10-10 00:00:00+05:30,119.52,119.6,114.74,115.28,6067720
2012-10-11 00:00:00+05:30,115.75,124.32,113.78,123.04,9174825
2012-10-12 00:00:00+05:30,122.84,126.29,120.83,121.56,5850363
2012-10-15 00:00:00+05:30,121.67,122.74,118.83,120.66,3089035
2012-10-16 00:00:00+05:30,119.02,123.77,116.41,117.03,4902976
2012-10-17 00:00:00+05:30,117.93,119.16,114.65,116.76,3385330
2012-10-18 00:00:00+05:30,117.39,121.13,116.02,120.53,3369798
2012-10-19 00:00:00+05:30,119.84,120.6,116.73,118.02,2542841
2012-10-22 00:00:00+05:30,117.39,122.41,115.8,121.94,3933019
2012-10-23 00:00:00+05:30,122.71,123.88,121.21,122.24,7814915
2012-10-25 00:00:00+05:30,122.51,123.11,119.3,121.1,6054783
2012-10-26 00:00:00+05:30,119.3,122.16,117.66,118.29,2334515
2012-10-29 00:00:00+05:30,118.75,120.06,116.84,117.79,1531151
2012-10-30 00:00:00+05:30,117.71,120.0,115.88,117.28,2267225
2012-10-31 00:00:00+05:30,117.39,119.13,117.11,117.58,1555930
2012-11-01 00:00:00+05:30,117.88,123.61,117.63,123.17,4204306
2012-11-02 00:00:00+05:30,123.99,126.26,122.3,122.9,3322406
2012-11-05 00:00:00+05:30,122.95,124.65,120.83,122.47,2366366
2012-11-06 00:00:00+05:30,122.81,125.55,122.48,124.42,1865465
2012-11-07 00:00:00+05:30,124.75,127.49,124.07,124.98,2933570
2012-11-08 00:00:00+05:30,124.48,125.28,121.43,123.91,1986835
2012-11-09 00:00:00+05:30,123.91,125.44,122.41,122.95,1287806
2012-11-12 00:00:00+05:30,123.34,124.75,122.68,123.39,963304
2012-11-13 00:00:00+05:30,123.94,124.48,122.08,122.74,200319
2012-11-15 00:00:00+05:30,122.51,129.67,120.74,128.77,3193074
2012-11-16 00:00:00+05:30,129.47,131.97,122.14,123.01,3635054
2012-11-19 00:00:00+05:30,123.39,124.84,121.21,123.11,1720572
2012-11-20 00:00:00+05:30,123.39,124.29,119.02,121.31,2368852
2012-11-21 00:00:00+05:30,121.21,123.72,119.73,122.9,1452479
2012-11-22 00:00:00+05:30,122.95,123.91,120.23,122.21,1263329
2012-11-23 00:00:00+05:30,122.3,125.01,121.56,123.44,1497721
2012-11-26 00:00:00+05:30,123.94,126.12,122.98,124.81,1325801
2012-11-27 00:00:00+05:30,124.75,128.03,124.75,126.89,1469965
2012-11-29 00:00:00+05:30,126.96,128.14,124.92,125.98,1877258
2012-11-30 00:00:00+05:30,126.8,132.04,126.39,130.9,2823198
2012-12-03 00:00:00+05:30,131.69,143.48,131.17,141.49,6580281
2012-12-04 00:00:00+05:30,141.95,145.53,137.26,138.9,5964835
2012-12-05 00:00:00+05:30,136.49,141.95,135.4,136.09,3813685
2012-12-06 00:00:00+05:30,136.49,144.22,132.18,142.96,8488717
2012-12-07 00:00:00+05:30,143.05,146.81,140.91,143.73,6496501
2012-12-10 00:00:00+05:30,144.13,146.67,142.49,145.72,2572503
2012-12-11 00:00:00+05:30,145.83,150.09,143.05,148.48,4533605
2012-12-12 00:00:00+05:30,149.08,152.55,147.98,150.39,4468510
2012-12-13 00:00:00+05:30,150.69,151.51,143.92,145.12,3400237
2012-12-14 00:00:00+05:30,144.69,148.23,142.48,147.09,2937568
2012-12-17 00:00:00+05:30,147.41,153.86,146.6,152.98,4013683
2012-12-18 00:00:00+05:30,154.26,155.8,151.78,154.32,4623626
2012-12-19 00:00:00+05:30,153.99,162.05,152.87,159.26,7248711
2012-12-20 00:00:00+05:30,159.75,160.11,146.87,147.96,15248964
2012-12-21 00:00:00+05:30,151.86,155.27,147.77,149.02,16871700
2012-12-24 00:00:00+05:30,149.6,151.12,144.82,149.95,6035907
2012-12-26 00:00:00+05:30,150.14,150.69,147.98,148.94,2830699
2012-12-27 00:00:00+05:30,148.88,151.65,146.32,147.6,5776816
2012-12-28 00:00:00+05:30,148.37,149.57,146.94,148.58,2382454
2012-12-31 00:00:00+05:30,148.72,149.87,147.68,148.15,1460708
2013-01-01 00:00:00+05:30,149.21,151.48,148.94,150.64,1738669
2013-01-02 00:00:00+05:30,151.89,156.43,151.32,155.8,5163719
2013-01-03 00:00:00+05:30,156.64,156.86,152.52,153.26,2578934
2013-01-04 00:00:00+05:30,155.63,155.63,149.95,151.07,3161333
2013-01-07 00:00:00+05:30,151.89,154.35,151.59,152.55,2068110
2013-01-08 00:00:00+05:30,152.71,152.76,148.94,151.29,2505579
2013-01-09 00:00:00+05:30,151.72,153.42,149.62,150.28,2079494
2013-01-10 00:00:00+05:30,150.69,151.83,146.76,148.42,2624208
2013-01-11 00:00:00+05:30,147.93,148.86,141.76,142.78,2330217
2013-01-14 00:00:00+05:30,143.15,149.38,139.61,147.98,3980227
2013-01-15 00:00:00+05:30,147.41,148.51,144.76,146.05,2400343
2013-01-16 00:00:00+05:30,145.99,148.75,142.78,143.59,2597521
2013-01-17 00:00:00+05:30,144.13,146.76,142.82,145.47,1688054
2013-01-18 00:00:00+05:30,145.99,147.85,144.22,145.77,1706153
2013-01-21 00:00:00+05:30,146.43,150.58,144.87,149.95,2247184
2013-01-22 00:00:00+05:30,150.55,152.16,146.05,147.27,3059029
2013-01-23 00:00:00+05:30,146.49,147.98,143.89,146.94,2375697
2013-01-24 00:00:00+05:30,147.41,147.53,135.49,137.56,2869442
2013-01-25 00:00:00+05:30,137.04,141.79,135.26,141.22,2360699
2013-01-28 00:00:00+05:30,141.44,141.92,137.09,138.16,1717945
2013-01-29 00:00:00+05:30,138.19,144.03,134.23,134.8,5112551
2013-01-30 00:00:00+05:30,134.86,136.9,133.16,134.23,2234006
2013-01-31 00:00:00+05:30,134.31,138.04,131.31,136.52,3223889
2013-02-01 00:00:00+05:30,137.64,139.68,133.22,134.18,3831619
2013-02-04 00:00:00+05:30,135.46,137.53,132.84,134.5,3181354
2013-02-05 00:00:00+05:30,132.34,135.86,131.04,132.27,2538739
2013-02-06 00:00:00+05:30,133.22,136.99,133.22,135.18,3107061
2013-02-07 00:00:00+05:30,135.13,136.22,131.58,132.89,1840706
2013-02-08 00:00:00+05:30,133.3,133.74,126.66,127.08,2154975
2013-02-11 00:00:00+05:30,127.54,129.26,126.15,127.13,1660600
2013-02-12 00:00:00+05:30,127.32,128.85,121.86,122.95,2587343
2013-02-13 00:00:00+05:30,123.42,126.61,122.41,123.8,2425687
2013-02-14 00:00:00+05:30,124.02,124.02,116.08,117.69,3888102
2013-02-15 00:00:00+05:30,117.36,122.3,116.35,121.43,2279100
2013-02-18 00:00:00+05:30,122.05,127.16,121.31,126.26,2875227
2013-02-19 00:00:00+05:30,127.26,130.49,125.58,129.73,2409349
2013-02-20 00:00:00+05:30,129.94,130.98,128.47,129.17,2554235
2013-02-21 00:00:00+05:30,127.76,128.74,124.07,125.11,1864220
2013-02-22 00:00:00+05:30,124.75,128.14,123.01,126.45,2048873
2013-02-25 00:00:00+05:30,127.22,128.0,120.25,122.35,2085728
2013-02-26 00:00:00+05:30,122.35,122.35,117.44,118.34,2278892
2013-02-27 00:00:00+05:30,118.45,124.32,115.48,122.48,2870160
2013-02-28 00:00:00+05:30,123.61,124.89,117.39,117.74,3248013
2013-03-01 00:00:00+05:30,117.6,118.97,111.98,115.61,3084445
2013-03-04 00:00:00+05:30,116.32,116.71,111.16,114.77,3677838
2013-03-05 00:00:00+05:30,115.31,119.13,112.33,118.42,2958750
2013-03-06 00:00:00+05:30,118.99,122.21,116.86,120.41,2965041
2013-03-07 00:00:00+05:30,120.71,124.65,120.66,124.21,2609226
2013-03-08 00:00:00+05:30,124.84,129.29,124.21,128.66,3329890
2013-03-11 00:00:00+05:30,127.76,133.71,127.76,133.0,4066766
2013-03-12 00:00:00+05:30,133.22,133.76,128.57,130.54,2914543
2013-03-13 00:00:00+05:30,130.49,130.49,125.71,126.45,2256789
2013-03-14 00:00:00+05:30,125.58,132.12,123.5,130.81,3187909
2013-03-15 00:00:00+05:30,131.04,134.28,129.4,130.68,3704321
2013-03-18 00:00:00+05:30,129.94,130.38,126.2,128.63,2134959
2013-03-19 00:00:00+05:30,129.67,129.67,122.47,123.01,2561985
2013-03-20 00:00:00+05:30,121.75,124.15,117.39,118.48,2479715
2013-03-21 00:00:00+05:30,119.02,120.63,111.98,113.78,3162254
2013-03-22 00:00:00+05:30,113.94,114.6,107.94,109.99,5180410
2013-03-25 00:00:00+05:30,110.59,113.13,104.31,105.73,5414584
2013-03-26 00:00:00+05:30,106.33,106.33,102.94,104.97,2458415
2013-03-28 00:00:00+05:30,105.13,111.82,102.89,110.4,3001984
2013-04-01 00:00:00+05:30,111.36,113.4,109.93,112.91,1993560
2013-04-02 00:00:00+05:30,111.93,116.81,111.93,116.26,2174111
2013-04-03 00:00:00+05:30,116.24,125.82,115.25,119.46,5817117
2013-04-04 00:00:00+05:30,118.26,119.4,113.4,114.33,3361965
2013-04-05 00:00:00+05:30,113.73,118.42,113.01,115.67,2547141
2013-04-08 00:00:00+05:30,116.29,117.88,113.61,114.77,1902065
2013-04-09 00:00:00+05:30,115.75,118.97,113.34,114.22,2607635
2013-04-10 00:00:00+05:30,114.87,115.94,108.18,112.23,4541922
2013-04-11 00:00:00+05:30,112.8,114.6,111.07,113.26,2568252
2013-04-12 00:00:00+05:30,111.93,115.67,110.72,114.93,2216833
2013-04-15 00:00:00+05:30,113.57,117.69,112.5,116.05,2218326
2013-04-16 00:00:00+05:30,116.29,120.6,115.25,119.97,2408941
2013-04-17 00:00:00+05:30,120.6,122.03,116.95,117.69,2945599
2013-04-18 00:00:00+05:30,117.3,120.74,115.37,120.2,2840069
2013-04-22 00:00:00+05:30,120.12,123.5,117.76,122.54,2281895
2013-04-23 00:00:00+05:30,122.84,124.15,116.86,117.9,6096090
2013-04-25 00:00:00+05:30,117.25,118.97,115.5,117.9,3641430
2013-04-26 00:00:00+05:30,118.29,119.7,115.48,116.21,1622771
2013-04-29 00:00:00+05:30,116.56,119.57,114.65,118.45,1965486
2013-04-30 00:00:00+05:30,119.05,120.03,115.75,119.08,2598103
2013-05-02 00:00:00+05:30,117.93,121.75,117.6,119.49,2257433
2013-05-03 00:00:00+05:30,119.57,122.77,116.92,121.45,2619219
2013-05-06 00:00:00+05:30,122.3,125.58,120.17,124.7,2115673
2013-05-07 00:00:00+05:30,125.33,127.54,125.02,126.63,2761853
2013-05-08 00:00:00+05:30,126.12,126.93,123.2,125.14,1900538
2013-05-09 00:00:00+05:30,125.31,128.14,124.12,125.19,1723803
2013-05-10 00:00:00+05:30,125.31,125.71,122.84,123.77,1363905
2013-05-11 00:00:00+05:30,123.77,123.88,123.07,123.55,90112
2013-05-13 00:00:00+05:30,123.07,123.37,117.36,118.59,1551214
2013-05-14 00:00:00+05:30,118.36,118.59,116.02,117.25,1410540
2013-05-15 00:00:00+05:30,117.39,124.7,117.25,123.42,1944538
2013-05-16 00:00:00+05:30,124.05,126.66,122.9,125.11,1734580
2013-05-17 00:00:00+05:30,125.11,130.16,123.39,128.5,1910187
2013-05-20 00:00:00+05:30,130.49,137.17,128.3,132.62,7992712
2013-05-21 00:00:00+05:30,132.89,134.88,129.13,130.9,3868999
2013-05-22 00:00:00+05:30,131.17,132.32,126.26,127.1,2007362
2013-05-23 00:00:00+05:30,126.12,126.31,117.16,119.6,2930477
2013-05-24 00:00:00+05:30,120.2,121.94,117.82,120.71,1702994
2013-05-27 00:00:00+05:30,120.39,124.15,119.57,122.98,1443902
2013-05-28 00:00:00+05:30,123.37,124.54,120.17,121.13,1816641
2013-05-29 00:00:00+05:30,120.12,122.27,117.96,119.87,2478061
2013-05-30 00:00:00+05:30,122.3,123.23,120.27,121.29,2958074
2013-05-31 00:00:00+05:30,120.17,122.0,114.6,115.58,1959925
2013-06-03 00:00:00+05:30,115.75,115.85,111.76,113.54,2296331
2013-06-04 00:00:00+05:30,113.57,115.97,111.93,112.69,2113113
2013-06-05 00:00:00+05:30,112.91,116.89,111.93,116.35,2222291
2013-06-06 00:00:00+05:30,116.24,117.82,113.67,117.44,1883062
2013-06-07 00:00:00+05:30,117.58,118.99,113.73,114.47,1562675
2013-06-10 00:00:00+05:30,115.25,116.24,111.13,112.5,1723548
2013-06-11 00:00:00+05:30,111.37,112.31,102.15,107.53,3606401
2013-06-12 00:00:00+05:30,107.01,108.51,96.1,99.86,7240480
2013-06-13 00:00:00+05:30,98.28,99.83,95.79,96.88,3428825
2013-06-14 00:00:00+05:30,98.11,99.18,96.2,97.87,5720416
2013-06-17 00:00:00+05:30,98.25,98.28,92.57,97.05,3785849
2013-06-18 00:00:00+05:30,97.57,103.13,95.6,101.72,3619095
2013-06-19 00:00:00+05:30,102.1,105.92,100.24,104.83,3022085
2013-06-20 00:00:00+05:30,103.68,103.68,97.84,99.94,3724381
2013-06-21 00:00:00+05:30,98.82,102.8,97.48,99.81,7029638
2013-06-24 00:00:00+05:30,98.77,100.89,95.6,99.45,2193529
2013-06-25 00:00:00+05:30,99.45,104.94,97.02,103.0,3132690
2013-06-26 00:00:00+05:30,104.47,104.47,99.59,101.28,3867330
2013-06-27 00:00:00+05:30,102.78,106.14,101.88,104.74,3444956
2013-06-28 00:00:00+05:30,105.6,114.65,105.6,112.5,3105160
2013-07-01 00:00:00+05:30,113.51,118.45,112.33,118.02,2106754
2013-07-02 00:00:00+05:30,118.48,119.82,115.94,118.32,2898941
2013-07-03 00:00:00+05:30,116.29,116.56,110.59,112.28,2979437
2013-07-04 00:00:00+05:30,112.63,113.94,109.09,112.44,2929855
2013-07-05 00:00:00+05:30,112.74,114.93,109.82,111.4,3164698
2013-07-08 00:00:00+05:30,109.09,112.39,106.74,111.46,2101166
2013-07-09 00:00:00+05:30,111.93,113.81,109.06,111.82,2489454
2013-07-10 00:00:00+05:30,111.82,112.61,108.43,109.25,1774921
2013-07-11 00:00:00+05:30,111.27,112.99,110.02,111.07,1697994
2013-07-12 00:00:00+05:30,111.67,112.47,107.94,109.63,1636964
2013-07-15 00:00:00+05:30,109.75,111.24,108.29,110.18,1779124
2013-07-16 00:00:00+05:30,109.19,109.85,106.52,108.92,1743337
2013-07-17 00:00:00+05:30,108.95,110.45,106.03,108.29,2116174
2013-07-18 00:00:00+05:30,109.19,110.12,107.86,109.6,2219287
2013-07-19 00:00:00+05:30,109.6,110.7,106.74,109.09,1860461
2013-07-22 00:00:00+05:30,108.11,110.26,106.91,108.65,1813453
2013-07-23 00:00:00+05:30,109.75,111.52,109.58,110.78,2543577
2013-07-24 00:00:00+05:30,109.75,109.77,106.85,108.76,1507645
2013-07-25 00:00:00+05:30,107.88,109.0,104.74,106.17,4498241
2013-07-26 00:00:00+05:30,106.52,107.55,103.19,104.8,2356321
2013-07-29 00:00:00+05:30,103.73,104.69,98.61,98.96,2839301
2013-07-30 00:00:00+05:30,97.75,99.86,95.79,96.26,3350799
2013-07-31 00:00:00+05:30,96.37,97.13,91.78,95.54,2737103
2013-08-01 00:00:00+05:30,96.1,98.28,90.82,96.37,4180378
2013-08-02 00:00:00+05:30,96.1,97.7,79.44,86.16,9798394
2013-08-05 00:00:00+05:30,88.99,92.82,84.96,91.62,3351459
2013-08-06 00:00:00+05:30,90.63,90.88,86.02,89.59,2685779
2013-08-07 00:00:00+05:30,88.45,93.9,87.52,91.26,3074979
2013-08-08 00:00:00+05:30,91.18,95.0,88.8,90.85,5718392
2013-08-12 00:00:00+05:30,91.18,93.3,90.08,92.4,5577454
2013-08-13 00:00:00+05:30,91.72,94.4,90.19,93.44,2924968
2013-08-14 00:00:00+05:30,92.11,94.94,88.78,92.16,2855638
2013-08-16 00:00:00+05:30,90.63,91.29,87.21,87.44,2373449
2013-08-19 00:00:00+05:30,86.76,89.81,83.53,88.64,1806680
2013-08-20 00:00:00+05:30,85.99,91.12,85.2,87.77,1720663
2013-08-21 00:00:00+05:30,88.2,90.31,83.65,85.66,1587780
2013-08-22 00:00:00+05:30,83.89,90.85,83.8,90.04,2155825
2013-08-23 00:00:00+05:30,90.99,91.42,86.54,89.92,1804563
2013-08-26 00:00:00+05:30,89.54,89.92,83.62,85.42,3865602
2013-08-27 00:00:00+05:30,84.33,85.06,79.3,80.84,3540845
2013-08-28 00:00:00+05:30,79.17,82.45,75.65,79.93,5596837
2013-08-29 00:00:00+05:30,80.86,83.23,77.97,82.33,6451631
2013-08-30 00:00:00+05:30,81.54,82.19,75.5,77.26,10887958
2013-09-02 00:00:00+05:30,76.87,76.99,74.15,75.97,4614407
2013-09-03 00:00:00+05:30,76.27,78.18,72.42,73.14,4192049
2013-09-04 00:00:00+05:30,73.02,74.25,69.04,72.64,3933165
2013-09-05 00:00:00+05:30,73.89,75.62,72.61,73.87,2923530
2013-09-06 00:00:00+05:30,74.61,75.89,72.91,74.47,2091999
2013-09-10 00:00:00+05:30,75.43,77.2,74.85,76.36,2569001
2013-09-11 00:00:00+05:30,75.15,79.06,74.8,77.58,4069146
2013-09-12 00:00:00+05:30,78.04,79.3,73.85,74.55,3257683
2013-09-13 00:00:00+05:30,75.56,78.48,75.35,77.01,6608297
2013-09-16 00:00:00+05:30,78.78,78.78,73.16,73.82,4286070
2013-09-17 00:00:00+05:30,73.43,75.13,72.18,73.85,1947169
2013-09-18 00:00:00+05:30,73.22,74.93,72.91,74.01,1500368
2013-09-19 00:00:00+05:30,76.63,82.14,75.35,81.54,13300848
2013-09-20 00:00:00+05:30,82.31,85.39,76.46,82.47,7537176
2013-09-23 00:00:00+05:30,81.79,83.78,77.09,79.03,6376971
2013-09-24 00:00:00+05:30,78.02,81.54,77.29,80.15,2999889
2013-09-25 00:00:00+05:30,79.8,80.81,76.79,77.97,2388920
2013-09-26 00:00:00+05:30,78.13,79.5,76.49,77.86,3455576
2013-09-27 00:00:00+05:30,77.53,81.79,77.26,79.47,3093079
2013-09-30 00:00:00+05:30,78.64,79.71,76.3,76.84,2071894
2013-10-01 00:00:00+05:30,76.99,78.54,75.62,77.17,1831383
2013-10-03 00:00:00+05:30,77.58,81.21,77.53,80.34,2758490
2013-10-04 00:00:00+05:30,79.22,81.89,79.22,80.97,4478559
2013-10-07 00:00:00+05:30,80.81,82.85,79.58,81.95,7643344
2013-10-08 00:00:00+05:30,83.26,84.22,82.25,82.79,2364578
2013-10-09 00:00:00+05:30,82.88,86.48,82.61,86.04,2633944
2013-10-10 00:00:00+05:30,86.46,87.85,84.84,85.8,1958742
2013-10-11 00:00:00+05:30,86.87,91.18,84.84,89.71,2935013
2013-10-14 00:00:00+05:30,91.02,94.07,90.06,92.49,2855956
2013-10-15 00:00:00+05:30,93.28,94.46,88.78,91.66,3793578
2013-10-17 00:00:00+05:30,91.32,92.95,90.49,91.18,2197290
2013-10-18 00:00:00+05:30,91.45,97.13,91.45,95.74,2824119
2013-10-21 00:00:00+05:30,96.07,110.8,95.6,108.11,14844070
2013-10-22 00:00:00+05:30,108.35,108.59,104.01,105.84,3255559
2013-10-23 00:00:00+05:30,106.38,110.02,103.84,108.18,2816744
2013-10-24 00:00:00+05:30,107.07,116.65,107.07,113.45,8104034
2013-10-25 00:00:00+05:30,113.07,114.0,105.13,105.87,4771811
2013-10-28 00:00:00+05:30,104.88,114.54,104.88,113.15,7683298
2013-10-29 00:00:00+05:30,113.73,117.06,109.6,116.08,5870676
2013-10-30 00:00:00+05:30,116.51,120.66,114.3,115.22,5059053
2013-10-31 00:00:00+05:30,114.65,115.48,108.82,113.37,6901240
2013-11-01 00:00:00+05:30,112.47,113.37,109.6,111.3,3442535
2013-11-03 00:00:00+05:30,111.93,112.36,110.67,111.19,319311
2013-11-05 00:00:00+05:30,110.4,117.01,109.0,114.79,4669849
2013-11-06 00:00:00+05:30,115.2,117.66,112.83,114.33,3210165
2013-11-07 00:00:00+05:30,113.61,118.92,113.61,115.37,3398768
2013-11-08 00:00:00+05:30,115.2,119.84,114.24,118.45,3158988
2013-11-11 00:00:00+05:30,117.93,131.58,117.55,127.67,10827831
2013-11-12 00:00:00+05:30,127.22,129.29,123.39,124.42,5374689
2013-11-13 00:00:00+05:30,122.84,129.29,122.03,125.19,4292207
2013-11-14 00:00:00+05:30,126.66,136.03,126.39,133.35,4456690
2013-11-18 00:00:00+05:30,135.4,138.54,134.18,136.57,3246337
2013-11-19 00:00:00+05:30,135.95,135.95,129.73,132.29,3985067
2013-11-20 00:00:00+05:30,131.64,139.71,131.11,136.06,5694252
2013-11-21 00:00:00+05:30,135.83,137.15,130.57,131.55,8166963
2013-11-22 00:00:00+05:30,132.57,135.35,131.58,132.72,2757327
2013-11-25 00:00:00+05:30,133.85,140.7,133.85,139.77,7715737
2013-11-26 00:00:00+05:30,140.21,141.9,130.63,132.34,6756056
2013-11-27 00:00:00+05:30,132.48,133.38,126.72,131.11,3136678
2013-11-28 00:00:00+05:30,132.75,143.98,132.75,142.72,10201818
2013-11-29 00:00:00+05:30,143.45,146.27,140.24,143.68,5245830
2013-12-02 00:00:00+05:30,144.41,147.14,142.34,145.39,3407113
2013-12-03 00:00:00+05:30,144.69,147.0,143.08,145.89,6542125
2013-12-04 00:00:00+05:30,146.34,150.69,144.3,145.45,6648469
2013-12-05 00:00:00+05:30,149.98,151.09,146.1,147.11,4202498
2013-12-06 00:00:00+05:30,146.87,151.12,144.19,149.65,4159462
2013-12-09 00:00:00+05:30,155.06,156.31,150.52,152.35,5531835
2013-12-10 00:00:00+05:30,151.24,154.19,148.58,151.32,2993581
2013-12-11 00:00:00+05:30,150.91,151.21,143.7,145.64,3490987
2013-12-12 00:00:00+05:30,144.13,145.02,136.77,137.59,5758502
2013-12-13 00:00:00+05:30,136.03,137.01,132.89,135.49,5545077
2013-12-16 00:00:00+05:30,135.49,143.32,133.82,141.24,7740921
2013-12-17 00:00:00+05:30,142.88,144.03,138.79,139.94,3205500
2013-12-18 00:00:00+05:30,139.28,144.63,139.28,140.89,5513396
2013-12-19 00:00:00+05:30,141.95,143.35,137.37,138.93,3586650
2013-12-20 00:00:00+05:30,137.59,142.42,137.15,141.68,2078246
2013-12-23 00:00:00+05:30,142.01,150.31,141.74,148.23,5849171
2013-12-24 00:00:00+05:30,149.0,150.64,144.22,146.6,2623231
2013-12-26 00:00:00+05:30,146.87,148.84,145.53,147.3,2328383
2013-12-27 00:00:00+05:30,148.34,150.42,147.41,148.78,1592136
2013-12-30 00:00:00+05:30,149.44,149.54,144.27,145.36,1575757
2013-12-31 00:00:00+05:30,145.83,146.21,142.17,143.32,1765905
2014-01-01 00:00:00+05:30,144.03,147.36,143.21,146.73,2123687
2014-01-02 00:00:00+05:30,144.13,146.73,138.3,139.41,4825347
2014-01-03 00:00:00+05:30,138.13,139.8,133.49,135.59,3235708
2014-01-06 00:00:00+05:30,135.35,139.17,133.6,137.61,2992929
2014-01-07 00:00:00+05:30,138.33,139.17,131.58,132.1,3088932
2014-01-08 00:00:00+05:30,132.45,133.16,129.56,131.11,3134347
2014-01-09 00:00:00+05:30,131.61,135.79,131.04,134.06,2949711
2014-01-10 00:00:00+05:30,134.09,134.99,130.1,131.55,1601568
2014-01-13 00:00:00+05:30,130.57,133.35,127.13,128.47,2015078
2014-01-14 00:00:00+05:30,126.72,134.31,126.26,133.35,3221702
2014-01-15 00:00:00+05:30,134.31,137.53,132.48,136.03,2499184
2014-01-16 00:00:00+05:30,136.72,138.1,134.91,135.76,1736725
2014-01-17 00:00:00+05:30,136.3,136.33,130.0,130.95,2519818
2014-01-20 00:00:00+05:30,131.61,136.3,129.94,134.69,2496301
2014-01-21 00:00:00+05:30,136.14,136.77,132.78,134.86,1538926
2014-01-22 00:00:00+05:30,134.96,135.1,132.24,134.28,1291971
2014-01-23 00:00:00+05:30,133.22,141.24,132.12,140.51,6470076
2014-01-24 00:00:00+05:30,140.87,143.32,135.56,136.39,4375622
2014-01-27 00:00:00+05:30,134.42,134.48,129.01,129.43,2461639
2014-01-28 00:00:00+05:30,131.58,133.11,128.85,130.98,2099135
2014-01-29 00:00:00+05:30,131.58,140.31,131.58,138.93,3917018
2014-01-30 00:00:00+05:30,134.34,137.73,129.5,131.06,3157527
2014-01-31 00:00:00+05:30,131.53,134.31,125.16,130.41,5818510
2014-02-03 00:00:00+05:30,130.21,132.72,127.22,128.3,3026574
2014-02-04 00:00:00+05:30,127.08,127.16,123.14,126.29,3475989
2014-02-05 00:00:00+05:30,125.58,129.13,124.48,125.76,3061130
2014-02-06 00:00:00+05:30,126.31,128.55,122.57,123.55,3359805
2014-02-07 00:00:00+05:30,125.02,125.74,122.08,123.23,3525468
2014-02-10 00:00:00+05:30,122.3,124.86,120.44,121.04,2769197
2014-02-11 00:00:00+05:30,121.04,122.74,118.8,120.63,2846394
2014-02-12 00:00:00+05:30,121.7,122.27,119.37,120.12,4649458
2014-02-13 00:00:00+05:30,120.77,121.67,118.2,118.89,4034316
2014-02-14 00:00:00+05:30,117.99,119.67,114.71,117.49,2474063
2014-02-17 00:00:00+05:30,116.89,120.88,116.35,120.2,2549610
2014-02-18 00:00:00+05:30,120.25,126.12,120.25,124.35,6103088
2014-02-19 00:00:00+05:30,126.06,133.76,124.89,133.25,11011920
2014-02-20 00:00:00+05:30,132.67,138.0,130.54,133.88,9239829
2014-02-21 00:00:00+05:30,134.55,136.82,132.54,136.27,5567563
2014-02-24 00:00:00+05:30,136.96,139.06,135.23,136.3,3875408
2014-02-25 00:00:00+05:30,136.9,138.63,134.53,136.14,3639340
2014-02-26 00:00:00+05:30,136.39,136.82,133.0,135.56,3229265
2014-02-28 00:00:00+05:30,136.09,140.04,135.43,138.81,3115697
2014-03-03 00:00:00+05:30,139.23,144.96,139.23,144.08,4905644
2014-03-04 00:00:00+05:30,145.23,146.9,143.89,146.16,3750494
2014-03-05 00:00:00+05:30,147.41,147.96,144.25,146.3,3071255
2014-03-06 00:00:00+05:30,146.87,150.31,145.89,149.79,2891716
2014-03-07 00:00:00+05:30,150.42,168.92,149.27,165.48,10800414
2014-03-10 00:00:00+05:30,165.9,176.29,164.34,172.94,9989174
2014-03-11 00:00:00+05:30,173.84,177.99,172.04,173.78,7139975
2014-03-12 00:00:00+05:30,174.17,175.07,169.01,171.09,4577902
2014-03-13 00:00:00+05:30,171.71,174.71,166.85,168.71,4439756
2014-03-14 00:00:00+05:30,166.58,177.17,164.64,174.85,6549253
2014-03-18 00:00:00+05:30,176.54,179.73,174.35,176.35,4841923
2014-03-19 00:00:00+05:30,177.12,178.8,175.81,176.92,3410855
2014-03-20 00:00:00+05:30,176.29,176.29,170.65,171.63,4359797
2014-03-21 00:00:00+05:30,172.53,179.19,172.2,178.02,5362510
2014-03-22 00:00:00+05:30,178.65,178.72,176.95,177.44,417149
2014-03-24 00:00:00+05:30,178.53,181.16,176.51,177.42,3678950
2014-03-25 00:00:00+05:30,177.28,182.63,176.14,180.61,4914131
2014-03-26 00:00:00+05:30,181.48,183.72,178.37,179.57,3644443
2014-03-27 00:00:00+05:30,179.9,182.14,179.16,180.69,2727249
2014-03-28 00:00:00+05:30,181.21,195.29,180.23,194.26,7645039
2014-03-31 00:00:00+05:30,196.03,203.54,195.24,200.92,6429347
2014-04-01 00:00:00+05:30,202.01,202.72,191.34,192.57,6168495
2014-04-02 00:00:00+05:30,193.74,197.64,192.62,195.73,5628123
2014-04-03 00:00:00+05:30,195.89,196.28,189.46,192.0,4476134
2014-04-04 00:00:00+05:30,192.84,203.38,191.91,202.72,7525793
2014-04-07 00:00:00+05:30,203.62,208.84,201.22,206.84,5750476
2014-04-09 00:00:00+05:30,207.99,210.96,203.32,208.75,4363505
2014-04-10 00:00:00+05:30,209.63,260.92,208.75,256.53,45832062
2014-04-11 00:00:00+05:30,246.23,256.42,236.16,238.97,27890051
2014-04-15 00:00:00+05:30,240.12,246.29,224.4,228.0,17075440
2014-04-16 00:00:00+05:30,229.31,257.59,228.38,235.04,49800201
2014-04-17 00:00:00+05:30,237.49,248.8,237.17,239.33,20065308
2014-04-21 00:00:00+05:30,241.32,247.63,240.64,241.93,11762637
2014-04-22 00:00:00+05:30,243.53,245.52,237.82,240.39,8421304
2014-04-23 00:00:00+05:30,241.6,244.6,232.53,235.75,9591228
2014-04-25 00:00:00+05:30,236.82,240.72,235.07,236.14,5622802
2014-04-28 00:00:00+05:30,236.41,238.21,228.27,233.7,6836723
2014-04-29 00:00:00+05:30,232.04,244.87,232.04,236.79,11925230
2014-04-30 00:00:00+05:30,237.99,242.9,216.04,228.14,12526689
2014-05-02 00:00:00+05:30,231.27,236.02,227.27,229.72,6364830
2014-05-05 00:00:00+05:30,230.95,239.13,225.0,232.72,9817215
2014-05-06 00:00:00+05:30,235.04,238.21,232.23,236.14,5810730
2014-05-07 00:00:00+05:30,237.17,237.82,232.12,233.37,4248026
2014-05-08 00:00:00+05:30,235.04,235.78,229.42,230.86,3569064
2014-05-09 00:00:00+05:30,231.55,240.77,231.55,235.94,11832663
2014-05-12 00:00:00+05:30,238.45,243.67,232.97,234.85,8840089
2014-05-13 00:00:00+05:30,238.73,265.86,238.26,261.25,36224438
2014-05-14 00:00:00+05:30,263.16,282.55,262.07,271.98,31588346
2014-05-15 00:00:00+05:30,274.05,280.63,270.53,273.29,11224987
2014-05-16 00:00:00+05:30,297.55,319.4,283.12,289.21,35028720
2014-05-19 00:00:00+05:30,297.55,305.42,292.1,295.1,13562373
2014-05-20 00:00:00+05:30,298.92,299.69,288.88,291.09,5372025
2014-05-21 00:00:00+05:30,291.8,291.82,277.38,281.39,8137689
2014-05-22 00:00:00+05:30,283.8,285.36,273.05,273.95,9707605
2014-05-23 00:00:00+05:30,274.63,281.45,273.07,277.44,6841342
2014-05-26 00:00:00+05:30,280.63,289.64,245.06,266.96,12709515
2014-05-27 00:00:00+05:30,265.4,266.66,249.07,259.09,7237097
2014-05-28 00:00:00+05:30,256.5,266.3,255.68,260.07,4820034
2014-05-29 00:00:00+05:30,257.79,262.56,244.79,246.68,6184870
2014-05-30 00:00:00+05:30,245.85,267.26,245.69,261.47,10718899
2014-06-02 00:00:00+05:30,264.8,266.43,258.57,262.61,4893723
2014-06-03 00:00:00+05:30,262.24,272.12,260.43,263.49,11052569
2014-06-04 00:00:00+05:30,262.18,274.02,262.18,271.65,7044157
2014-06-05 00:00:00+05:30,272.93,275.44,267.69,271.98,5691855
2014-06-06 00:00:00+05:30,274.19,277.63,271.43,276.16,5321498
2014-06-09 00:00:00+05:30,277.9,280.79,274.46,276.37,4267169
2014-06-10 00:00:00+05:30,276.81,277.38,266.16,270.75,2966349
2014-06-11 00:00:00+05:30,270.75,276.48,263.85,266.19,4852664
2014-06-12 00:00:00+05:30,263.86,268.62,261.58,267.09,2972249
2014-06-13 00:00:00+05:30,265.67,276.81,251.28,256.55,9063284
2014-06-16 00:00:00+05:30,254.97,260.37,246.45,259.12,5051814
2014-06-17 00:00:00+05:30,257.73,264.8,254.04,263.71,4457358
2014-06-18 00:00:00+05:30,264.25,270.53,258.03,262.09,5281640
2014-06-19 00:00:00+05:30,262.04,264.8,250.44,251.5,5346810
2014-06-20 00:00:00+05:30,251.7,252.24,244.05,245.17,5329325
2014-06-23 00:00:00+05:30,246.51,250.6,245.91,247.87,3747519
2014-06-24 00:00:00+05:30,249.21,255.92,249.16,253.58,3972416
2014-06-25 00:00:00+05:30,253.88,255.52,251.8,252.57,1767929
2014-06-26 00:00:00+05:30,253.36,253.82,244.76,245.82,2587031
2014-06-27 00:00:00+05:30,244.74,247.87,235.75,238.89,4893367
2014-06-30 00:00:00+05:30,238.86,249.51,238.86,248.45,3702633
2014-07-01 00:00:00+05:30,249.84,253.17,248.53,250.38,2903970
2014-07-02 00:00:00+05:30,252.3,273.21,251.72,269.0,14485977
2014-07-03 00:00:00+05:30,270.45,276.54,266.98,270.51,9224250
2014-07-04 00:00:00+05:30,270.81,276.54,269.71,272.31,6935180
2014-07-07 00:00:00+05:30,272.99,275.12,269.71,271.98,3684080
2014-07-08 00:00:00+05:30,271.92,272.28,242.41,247.19,5653948
2014-07-09 00:00:00+05:30,246.23,250.06,232.7,242.44,7122970
2014-07-10 00:00:00+05:30,242.47,256.01,231.39,242.71,7198257
2014-07-11 00:00:00+05:30,241.94,248.91,227.18,230.18,5527289
2014-07-14 00:00:00+05:30,228.9,230.86,223.41,227.62,3225615
2014-07-15 00:00:00+05:30,229.58,237.45,229.58,236.68,4429302
2014-07-16 00:00:00+05:30,238.05,247.0,234.91,245.69,5081903
2014-07-17 00:00:00+05:30,244.79,249.32,244.14,246.56,3835177
2014-07-18 00:00:00+05:30,245.55,252.78,237.49,248.45,5819816
2014-07-21 00:00:00+05:30,250.84,253.11,242.96,244.57,4529194
2014-07-22 00:00:00+05:30,244.87,248.15,241.07,243.34,3141990
2014-07-23 00:00:00+05:30,244.08,247.16,238.32,241.7,3051934
2014-07-24 00:00:00+05:30,242.2,245.61,238.05,240.97,3639154
2014-07-25 00:00:00+05:30,240.59,241.32,229.42,233.07,3831349
2014-07-28 00:00:00+05:30,235.18,239.41,233.67,236.19,3279737
2014-07-30 00:00:00+05:30,236.44,240.72,236.32,240.17,2615167
2014-07-31 00:00:00+05:30,238.95,242.68,235.4,236.85,3005976
2014-08-01 00:00:00+05:30,234.41,236.41,228.82,229.58,3017244
2014-08-04 00:00:00+05:30,229.88,237.06,229.63,235.78,3211811
2014-08-05 00:00:00+05:30,235.81,242.6,232.8,240.45,3892496
2014-08-06 00:00:00+05:30,241.16,251.1,239.93,248.15,7831108
2014-08-07 00:00:00+05:30,248.63,255.38,247.3,253.36,5879942
2014-08-08 00:00:00+05:30,250.33,250.33,244.24,248.3,4495455
2014-08-11 00:00:00+05:30,260.54,266.16,255.49,262.04,9768941
2014-08-12 00:00:00+05:30,262.99,264.45,258.66,260.48,3714411
2014-08-13 00:00:00+05:30,260.48,263.95,252.3,262.86,4865924
2014-08-14 00:00:00+05:30,263.85,266.82,258.93,265.78,4429184
2014-08-18 00:00:00+05:30,266.33,271.89,263.71,269.11,3559573
2014-08-19 00:00:00+05:30,270.25,273.86,267.53,271.14,3967644
2014-08-20 00:00:00+05:30,270.81,275.29,266.03,271.89,6085034
2014-08-21 00:00:00+05:30,272.44,274.79,267.94,271.57,4854973
2014-08-22 00:00:00+05:30,270.88,276.26,268.67,275.42,3918809
2014-08-25 00:00:00+05:30,275.72,281.62,268.78,271.71,5643730
2014-08-26 00:00:00+05:30,269.65,270.25,262.34,267.83,3922295
2014-08-28 00:00:00+05:30,262.97,267.53,260.43,261.47,3338625
2014-09-01 00:00:00+05:30,262.48,269.6,261.91,267.01,3770033
2014-09-02 00:00:00+05:30,265.65,270.04,265.65,269.35,2475277
2014-09-03 00:00:00+05:30,270.81,274.19,269.22,271.51,3925834
2014-09-04 00:00:00+05:30,271.29,281.72,267.8,280.79,5464412
2014-09-05 00:00:00+05:30,282.27,286.04,276.87,278.28,4375710
2014-09-08 00:00:00+05:30,278.5,285.27,276.43,282.62,3252773
2014-09-09 00:00:00+05:30,282.82,282.82,275.96,276.67,2491291
2014-09-10 00:00:00+05:30,272.93,279.54,271.76,276.67,2031183
2014-09-11 00:00:00+05:30,277.68,278.47,272.58,274.35,1604878
2014-09-12 00:00:00+05:30,275.61,275.66,269.2,272.25,3004085
2014-09-15 00:00:00+05:30,271.46,274.63,268.78,271.38,1801577
2014-09-16 00:00:00+05:30,269.41,275.0,267.8,269.52,4648832
2014-09-17 00:00:00+05:30,269.44,272.99,264.33,270.15,4525191
2014-09-18 00:00:00+05:30,267.69,278.88,267.69,278.12,4865454
2014-09-19 00:00:00+05:30,279.81,279.87,267.58,270.15,4499983
2014-09-22 00:00:00+05:30,268.34,272.17,266.73,271.51,2199279
2014-09-23 00:00:00+05:30,272.93,272.99,263.86,264.9,5525570
2014-09-24 00:00:00+05:30,264.85,266.87,259.5,263.73,4566307
2014-09-25 00:00:00+05:30,264.8,264.8,255.19,257.32,4576257
2014-09-26 00:00:00+05:30,255.02,261.2,253.28,258.6,3066981
2014-09-29 00:00:00+05:30,259.34,264.8,256.83,260.43,1582781
2014-09-30 00:00:00+05:30,258.0,263.71,254.97,256.99,1393919
2014-10-01 00:00:00+05:30,256.06,260.78,248.53,253.34,2205649
2014-10-07 00:00:00+05:30,250.87,256.2,245.44,246.92,2094675
2014-10-08 00:00:00+05:30,244.9,255.25,244.9,252.02,2552770
2014-10-09 00:00:00+05:30,253.34,257.62,251.91,254.56,1596795
2014-10-10 00:00:00+05:30,252.08,253.88,248.42,251.58,2042250
2014-10-13 00:00:00+05:30,249.32,252.24,247.63,251.75,1853988
2014-10-14 00:00:00+05:30,253.08,253.82,243.26,247.33,4585022
2014-10-16 00:00:00+05:30,245.22,249.34,239.55,242.8,4661063
2014-10-17 00:00:00+05:30,243.51,243.88,237.01,240.75,5345833
2014-10-20 00:00:00+05:30,244.38,248.2,239.93,245.85,1836277
2014-10-21 00:00:00+05:30,247.6,252.78,246.42,252.21,3142211
2014-10-22 00:00:00+05:30,254.09,259.83,254.09,259.12,1851939
2014-10-23 00:00:00+05:30,260.43,260.43,257.81,258.77,291507
2014-10-27 00:00:00+05:30,260.35,260.4,251.97,253.2,1448341
2014-10-28 00:00:00+05:30,252.87,255.98,250.6,252.87,1249182
2014-10-29 00:00:00+05:30,253.82,257.16,252.13,255.6,1379995
2014-10-30 00:00:00+05:30,254.26,258.09,252.13,256.99,1518049
2014-10-31 00:00:00+05:30,258.96,266.43,258.79,264.39,3360814
2014-11-03 00:00:00+05:30,263.71,269.47,261.52,265.5,2597376
2014-11-05 00:00:00+05:30,266.66,269.5,257.73,261.11,1677344
2014-11-07 00:00:00+05:30,261.91,263.46,255.6,259.56,1422162
2014-11-10 00:00:00+05:30,259.61,261.85,254.15,255.85,1318611
2014-11-11 00:00:00+05:30,256.6,265.83,256.09,265.05,2692159
2014-11-12 00:00:00+05:30,265.89,267.99,256.9,261.47,6806004
2014-11-13 00:00:00+05:30,262.78,266.03,259.31,262.83,2417835
2014-11-14 00:00:00+05:30,263.68,268.34,260.98,267.53,2161381
2014-11-17 00:00:00+05:30,268.07,273.48,267.94,270.42,2244744
2014-11-18 00:00:00+05:30,272.82,275.5,268.34,271.11,2421339
2014-11-19 00:00:00+05:30,271.89,273.5,260.43,263.43,2144097
2014-11-20 00:00:00+05:30,263.98,264.36,256.77,261.82,2077060
2014-11-21 00:00:00+05:30,261.63,265.26,259.4,261.28,1261495
2014-11-24 00:00:00+05:30,265.07,266.6,260.43,263.35,1702663
2014-11-25 00:00:00+05:30,263.54,264.63,251.97,253.2,1756949
2014-11-26 00:00:00+05:30,251.26,252.62,245.96,247.71,2355655
2014-11-27 00:00:00+05:30,248.26,250.98,245.82,249.43,1985702
2014-11-28 00:00:00+05:30,249.97,255.79,249.54,250.57,1480477
2014-12-01 00:00:00+05:30,249.56,252.57,245.82,246.65,1008422
2014-12-02 00:00:00+05:30,246.72,248.96,242.68,248.01,2062241
2014-12-03 00:00:00+05:30,248.36,254.81,248.36,253.64,1743789
2014-12-04 00:00:00+05:30,253.94,255.68,248.5,250.96,1600515
2014-12-05 00:00:00+05:30,250.2,253.88,248.2,249.16,1006309
2014-12-08 00:00:00+05:30,249.51,250.8,245.14,247.3,1515009
2014-12-09 00:00:00+05:30,247.3,249.62,239.79,241.62,3056218
2014-12-10 00:00:00+05:30,239.71,244.38,238.83,244.05,1736518
2014-12-11 00:00:00+05:30,242.96,244.62,235.91,241.13,2195921
2014-12-12 00:00:00+05:30,241.87,245.14,240.8,242.55,1762090
2014-12-15 00:00:00+05:30,240.23,243.91,237.39,242.68,1293693
2014-12-16 00:00:00+05:30,240.29,243.45,237.49,240.53,2020636
2014-12-17 00:00:00+05:30,239.19,242.17,233.13,239.11,2976674
2014-12-18 00:00:00+05:30,241.87,245.64,240.03,243.34,1812769
2014-12-19 00:00:00+05:30,244.35,251.07,244.35,246.89,2367529
2014-12-22 00:00:00+05:30,247.63,250.87,247.63,248.69,1414761
2014-12-23 00:00:00+05:30,248.99,250.22,240.23,241.76,1588635
2014-12-24 00:00:00+05:30,242.08,244.02,239.41,241.1,2819414
2014-12-26 00:00:00+05:30,243.23,248.42,239.13,247.27,1343852
2014-12-29 00:00:00+05:30,246.92,252.65,246.23,250.17,1626840
2014-12-30 00:00:00+05:30,251.64,262.75,250.83,262.12,3169196
2014-12-31 00:00:00+05:30,262.61,266.76,259.64,265.5,2172005
2015-01-01 00:00:00+05:30,265.02,268.92,262.39,267.53,1108012
2015-01-02 00:00:00+05:30,268.24,271.35,267.53,268.84,1843099
2015-01-05 00:00:00+05:30,268.13,276.57,267.91,273.29,2640281
2015-01-06 00:00:00+05:30,270.58,282.76,264.36,271.21,5169045
2015-01-07 00:00:00+05:30,272.99,277.11,263.16,268.81,3049740
2015-01-08 00:00:00+05:30,272.61,280.63,272.33,279.41,2229863
2015-01-09 00:00:00+05:30,281.72,284.32,271.89,276.61,3392203
2015-01-12 00:00:00+05:30,278.8,285.21,278.45,280.93,3453727
2015-01-13 00:00:00+05:30,282.79,283.25,270.23,271.18,2164874
2015-01-14 00:00:00+05:30,272.17,272.28,265.35,268.27,1709293
2015-01-15 00:00:00+05:30,272.99,275.63,265.35,273.48,2383650
2015-01-16 00:00:00+05:30,272.17,276.54,268.84,273.15,2113387
2015-01-19 00:00:00+05:30,274.08,279.54,273.07,276.43,2231072
2015-01-20 00:00:00+05:30,277.74,278.45,274.43,276.54,1850283
2015-01-21 00:00:00+05:30,276.81,277.84,272.85,276.34,1801451
2015-01-22 00:00:00+05:30,276.81,285.0,276.54,283.14,2283660
2015-01-23 00:00:00+05:30,286.64,313.61,286.25,307.85,12769561
2015-01-27 00:00:00+05:30,307.9,312.68,302.63,306.45,3401073
2015-01-28 00:00:00+05:30,302.47,316.86,300.83,304.21,3903176
2015-01-29 00:00:00+05:30,304.65,325.26,304.21,318.52,10618777
2015-01-30 00:00:00+05:30,323.98,352.7,307.99,342.49,18327903
2015-02-02 00:00:00+05:30,355.43,361.76,348.94,357.51,11707228
2015-02-03 00:00:00+05:30,357.78,357.86,346.2,350.29,3351210
2015-02-04 00:00:00+05:30,350.49,362.74,345.52,353.96,5764772
2015-02-05 00:00:00+05:30,355.98,356.25,338.18,340.06,4357455
2015-02-06 00:00:00+05:30,341.23,351.55,340.17,342.52,3675779
2015-02-09 00:00:00+05:30,333.05,346.42,330.31,332.61,2803507
2015-02-10 00:00:00+05:30,330.86,349.09,327.61,346.67,4626419
2015-02-11 00:00:00+05:30,349.42,364.05,347.78,361.16,5379919
2015-02-12 00:00:00+05:30,362.99,375.08,362.53,373.64,5485848
2015-02-13 00:00:00+05:30,375.31,376.56,364.6,366.84,3149118
2015-02-16 00:00:00+05:30,368.09,374.05,358.98,361.98,3235036
2015-02-18 00:00:00+05:30,363.3,368.53,361.16,363.48,1909843
2015-02-19 00:00:00+05:30,366.32,382.92,363.18,377.95,4644921
2015-02-20 00:00:00+05:30,381.64,386.39,371.26,375.31,3861025
2015-02-23 00:00:00+05:30,376.72,378.36,368.05,371.18,1949505
2015-02-24 00:00:00+05:30,371.02,390.21,371.02,388.84,5316537
2015-02-25 00:00:00+05:30,391.47,392.81,378.9,379.94,3804985
2015-02-26 00:00:00+05:30,380.06,384.36,371.81,375.66,4344733
2015-02-27 00:00:00+05:30,377.92,389.44,375.58,388.38,3605509
2015-02-28 00:00:00+05:30,391.3,392.99,375.36,380.81,3446602
2015-03-02 00:00:00+05:30,383.28,390.92,376.72,387.59,2465249
2015-03-03 00:00:00+05:30,389.55,397.2,386.06,394.09,3062412
2015-03-04 00:00:00+05:30,397.44,397.83,382.18,384.53,2711052
2015-03-05 00:00:00+05:30,385.05,385.98,376.72,381.88,3525619
2015-03-09 00:00:00+05:30,379.4,379.4,362.2,363.48,2238961
2015-03-10 00:00:00+05:30,363.62,370.99,349.29,354.04,2803288
2015-03-11 00:00:00+05:30,354.5,361.16,348.17,354.17,3247057
2015-03-12 00:00:00+05:30,357.07,360.18,354.67,357.99,1887733
2015-03-13 00:00:00+05:30,360.2,363.07,342.87,346.2,2569562
2015-03-16 00:00:00+05:30,346.7,352.07,339.32,349.42,2851097
2015-03-17 00:00:00+05:30,351.2,354.61,346.23,352.07,1866907
2015-03-18 00:00:00+05:30,352.2,355.43,349.15,351.66,1282345
2015-03-19 00:00:00+05:30,354.91,355.43,334.87,337.82,2388264
2015-03-20 00:00:00+05:30,336.87,339.21,329.77,332.96,3443900
2015-03-23 00:00:00+05:30,334.27,337.33,323.79,325.53,2761867
2015-03-24 00:00:00+05:30,324.06,326.63,317.49,322.92,2530386
2015-03-25 00:00:00+05:30,325.02,334.36,323.79,332.39,2458306
2015-03-26 00:00:00+05:30,330.21,335.47,325.43,328.4,4100805
2015-03-27 00:00:00+05:30,327.59,327.59,318.52,324.99,1977844
2015-03-30 00:00:00+05:30,329.23,338.51,328.4,337.82,1576418
2015-03-31 00:00:00+05:30,339.65,345.6,333.95,335.97,2298606
2015-04-01 00:00:00+05:30,332.39,336.21,329.23,334.36,1589827
2015-04-06 00:00:00+05:30,335.77,346.7,334.49,343.42,1502805
2015-04-07 00:00:00+05:30,346.7,352.1,341.53,349.95,2302544
2015-04-08 00:00:00+05:30,351.55,354.28,346.14,352.07,2795557
2015-04-09 00:00:00+05:30,353.19,353.19,345.36,349.42,1154615
2015-04-10 00:00:00+05:30,343.99,350.85,341.39,348.36,1845436
2015-04-13 00:00:00+05:30,348.05,362.53,346.7,361.33,2925316
2015-04-15 00:00:00+05:30,362.42,365.31,349.53,352.37,2193446
2015-04-16 00:00:00+05:30,352.26,357.64,345.6,349.83,1968148
2015-04-17 00:00:00+05:30,349.42,354.67,347.32,350.79,1715927
2015-04-20 00:00:00+05:30,350.79,353.68,345.06,350.38,2326444
2015-04-21 00:00:00+05:30,349.42,360.8,346.7,355.54,3138843
2015-04-22 00:00:00+05:30,358.08,362.91,352.46,360.45,2575674
2015-04-23 00:00:00+05:30,363.16,370.44,360.4,367.28,2663338
2015-04-24 00:00:00+05:30,366.87,366.87,356.52,360.48,2204190
2015-04-27 00:00:00+05:30,361.4,364.44,349.53,357.07,1866604
2015-04-28 00:00:00+05:30,352.29,358.54,349.45,357.04,1636834
2015-04-29 00:00:00+05:30,358.13,372.9,357.01,369.9,2167877
2015-04-30 00:00:00+05:30,370.17,376.18,366.18,368.09,3681030
2015-05-04 00:00:00+05:30,370.17,389.17,366.35,386.33,3262011
2015-05-05 00:00:00+05:30,387.64,395.83,383.41,390.62,2786442
2015-05-06 00:00:00+05:30,387.17,387.64,367.44,370.53,2610303
2015-05-07 00:00:00+05:30,367.46,368.53,345.87,354.7,1891034
2015-05-08 00:00:00+05:30,360.48,376.18,358.71,373.53,1835387
2015-05-11 00:00:00+05:30,377.82,387.64,375.96,386.09,1754657
2015-05-12 00:00:00+05:30,386.0,386.14,365.81,367.79,1924303
2015-05-13 00:00:00+05:30,371.81,398.54,371.81,394.3,10803262
2015-05-14 00:00:00+05:30,389.28,404.49,385.13,402.63,7377993
2015-05-15 00:00:00+05:30,402.93,406.37,397.47,403.32,4352038
2015-05-18 00:00:00+05:30,401.35,425.31,401.35,422.77,4851486
2015-05-19 00:00:00+05:30,419.85,427.22,416.85,420.43,3788047
2015-05-20 00:00:00+05:30,423.13,428.86,421.49,426.11,4052157
2015-05-21 00:00:00+05:30,427.31,428.59,420.95,426.11,2765704
2015-05-22 00:00:00+05:30,429.08,436.51,425.86,433.91,3756626
2015-05-25 00:00:00+05:30,431.32,435.96,426.68,429.3,3358683
2015-05-26 00:00:00+05:30,431.21,438.93,428.59,433.23,5004422
2015-05-27 00:00:00+05:30,426.52,433.51,426.46,431.6,3122199
2015-05-28 00:00:00+05:30,430.77,431.87,390.59,401.02,10759665
2015-05-29 00:00:00+05:30,400.75,400.75,370.53,385.62,14766150
2015-06-01 00:00:00+05:30,387.1,394.03,342.49,345.63,20085543
2015-06-02 00:00:00+05:30,348.34,356.77,339.32,347.78,31601419
2015-06-03 00:00:00+05:30,347.78,347.78,64.52,66.57,80547698
2015-06-04 00:00:00+05:30,67.94,72.4,66.3,70.7,24376228
2015-06-05 00:00:00+05:30,70.98,73.43,68.15,69.92,16266340
2015-06-08 00:00:00+05:30,70.76,71.22,59.79,60.52,25133082
2015-06-09 00:00:00+05:30,61.06,63.03,59.33,60.82,22337964
2015-06-10 00:00:00+05:30,60.97,62.73,60.66,61.03,8348154
2015-06-11 00:00:00+05:30,61.7,62.0,58.54,59.39,9421735
2015-06-12 00:00:00+05:30,58.85,58.88,56.48,57.0,8526908
2015-06-15 00:00:00+05:30,57.0,63.42,55.81,60.93,21345841
2015-06-16 00:00:00+05:30,60.93,61.12,56.9,58.72,10117688
2015-06-17 00:00:00+05:30,59.39,61.48,58.36,60.21,11875930
2015-06-18 00:00:00+05:30,60.76,61.46,59.51,60.45,7029985
2015-06-19 00:00:00+05:30,60.45,61.18,58.39,58.78,5775763
2015-06-22 00:00:00+05:30,59.12,60.27,58.54,59.36,4846809
2015-06-23 00:00:00+05:30,59.45,61.51,59.12,60.87,7317434
2015-06-24 00:00:00+05:30,60.69,61.18,58.61,58.93,5044900
2015-06-25 00:00:00+05:30,57.33,57.94,55.84,57.33,13283365
2015-06-26 00:00:00+05:30,57.45,58.96,56.87,57.24,7814728
2015-06-29 00:00:00+05:30,56.36,56.36,54.72,55.42,4716620
2015-06-30 00:00:00+05:30,55.06,56.97,54.45,55.12,9637421
2015-07-01 00:00:00+05:30,55.39,56.41,55.23,55.6,7361569
2015-07-02 00:00:00+05:30,56.11,56.41,54.84,55.39,8428949
2015-07-03 00:00:00+05:30,55.57,56.63,54.9,55.2,7749200
2015-07-06 00:00:00+05:30,54.6,55.57,54.39,55.06,7199757
2015-07-07 00:00:00+05:30,55.44,56.72,54.63,55.84,7828298
2015-07-08 00:00:00+05:30,55.39,55.47,54.12,54.26,7762061
2015-07-09 00:00:00+05:30,54.6,55.09,53.62,53.96,6250440
2015-07-10 00:00:00+05:30,54.23,54.84,53.56,54.36,8437082
2015-07-13 00:00:00+05:30,54.6,55.33,53.99,54.99,6727908
2015-07-14 00:00:00+05:30,55.26,55.9,53.84,54.23,7161941
2015-07-15 00:00:00+05:30,54.29,54.72,53.75,54.05,5571688
2015-07-16 00:00:00+05:30,54.45,55.02,53.29,53.99,6115075
2015-07-17 00:00:00+05:30,54.29,54.45,53.51,53.75,2723328
2015-07-20 00:00:00+05:30,53.96,54.05,53.02,53.35,2931824
2015-07-21 00:00:00+05:30,53.38,53.48,51.05,51.38,5130326
2015-07-22 00:00:00+05:30,51.17,51.78,50.84,51.47,3550478
2015-07-23 00:00:00+05:30,51.84,51.84,50.53,51.3,2756364
2015-07-24 00:00:00+05:30,51.26,52.93,51.17,51.78,4738562
2015-07-27 00:00:00+05:30,51.57,51.6,48.96,49.17,5678923
2015-07-28 00:00:00+05:30,49.5,49.59,48.41,48.75,4150852
2015-07-29 00:00:00+05:30,49.02,49.93,48.59,49.59,3268587
2015-07-30 00:00:00+05:30,49.77,54.84,49.38,53.78,11652656
2015-07-31 00:00:00+05:30,53.38,53.84,52.41,52.87,5819765
2015-08-03 00:00:00+05:30,53.26,53.26,51.01,51.44,3733153
2015-08-04 00:00:00+05:30,51.81,58.12,51.26,57.3,17322132
2015-08-05 00:00:00+05:30,58.3,62.51,57.63,59.99,29693450
2015-08-06 00:00:00+05:30,59.15,59.39,56.78,57.72,9775439
2015-08-07 00:00:00+05:30,57.24,57.24,54.42,54.78,9634545
2015-08-10 00:00:00+05:30,55.5,58.02,54.78,55.36,10115393
2015-08-11 00:00:00+05:30,56.2,58.18,54.84,56.08,15275015
2015-08-12 00:00:00+05:30,56.41,56.63,53.08,53.53,7439310
2015-08-13 00:00:00+05:30,54.39,55.36,51.44,52.17,10360870
2015-08-14 00:00:00+05:30,52.65,54.72,51.93,53.78,7712078
2015-08-17 00:00:00+05:30,54.17,54.96,53.38,53.72,7587353
2015-08-18 00:00:00+05:30,54.02,54.84,52.17,52.41,7297691
2015-08-19 00:00:00+05:30,52.41,53.08,51.71,52.05,5575147
2015-08-20 00:00:00+05:30,52.54,53.87,49.87,50.47,11497312
2015-08-21 00:00:00+05:30,50.11,50.47,48.89,49.8,5640753
2015-08-24 00:00:00+05:30,48.53,48.62,42.49,43.29,9205817
2015-08-25 00:00:00+05:30,46.11,46.17,40.83,44.01,11892273
2015-08-26 00:00:00+05:30,44.13,44.83,42.28,43.68,6964360
2015-08-27 00:00:00+05:30,44.29,49.59,44.29,48.41,17952359
2015-08-28 00:00:00+05:30,49.26,50.2,45.71,46.77,9469793
2015-08-31 00:00:00+05:30,46.95,47.44,45.44,45.59,5461269
2015-09-01 00:00:00+05:30,44.89,45.26,42.68,43.68,5727542
2015-09-02 00:00:00+05:30,44.4,44.77,42.8,43.22,5303993
2015-09-03 00:00:00+05:30,43.68,45.74,43.68,44.29,5593050
2015-09-04 00:00:00+05:30,44.13,44.13,41.25,42.1,5664085
2015-09-07 00:00:00+05:30,42.31,42.83,40.64,40.83,5911372
2015-09-08 00:00:00+05:30,41.25,41.86,39.94,41.49,4751575
2015-09-09 00:00:00+05:30,42.31,44.13,41.86,42.73,5627006
2015-09-10 00:00:00+05:30,42.31,42.65,40.83,42.16,4624811
2015-09-11 00:00:00+05:30,42.62,43.46,41.77,42.1,4927538
2015-09-14 00:00:00+05:30,43.01,48.16,42.46,46.77,14455216
2015-09-15 00:00:00+05:30,45.68,46.74,44.04,44.56,7144466
2015-09-16 00:00:00+05:30,45.26,46.98,43.86,45.28,9007477
2015-09-18 00:00:00+05:30,45.71,47.99,45.71,47.29,14949034
2015-09-21 00:00:00+05:30,46.59,50.32,46.17,49.23,9167252
2015-09-22 00:00:00+05:30,49.56,50.96,47.05,47.56,6694636
2015-09-23 00:00:00+05:30,46.14,49.13,46.11,48.53,6564320
2015-09-24 00:00:00+05:30,48.53,49.29,47.62,48.72,5511909
2015-09-28 00:00:00+05:30,49.13,50.23,48.32,48.75,4529614
2015-09-29 00:00:00+05:30,47.65,49.74,46.59,47.95,6390274
2015-09-30 00:00:00+05:30,48.53,49.38,47.71,49.05,4462098
2015-10-01 00:00:00+05:30,49.56,50.17,48.19,48.86,4903410
2015-10-05 00:00:00+05:30,49.32,50.36,49.17,49.9,4872103
2015-10-06 00:00:00+05:30,50.36,52.51,50.14,51.05,7437579
2015-10-07 00:00:00+05:30,51.3,52.41,51.08,51.47,4667826
2015-10-08 00:00:00+05:30,51.75,51.81,49.87,51.05,3302918
2015-10-09 00:00:00+05:30,51.57,52.32,49.99,50.93,4474963
2015-10-12 00:00:00+05:30,51.23,53.26,50.81,52.24,5092457
2015-10-13 00:00:00+05:30,52.17,52.41,51.08,51.6,2883008
2015-10-14 00:00:00+05:30,51.54,53.02,50.99,51.44,3118598
2015-10-15 00:00:00+05:30,51.84,59.82,51.84,58.69,41668790
2015-10-16 00:00:00+05:30,59.45,61.87,57.51,58.3,26530188
2015-10-19 00:00:00+05:30,57.94,58.21,56.41,56.87,6261078
2015-10-20 00:00:00+05:30,57.03,59.57,56.94,58.24,7833339
2015-10-21 00:00:00+05:30,58.24,58.72,55.39,56.84,4965016
2015-10-23 00:00:00+05:30,57.33,58.51,56.84,57.05,4707066
2015-10-26 00:00:00+05:30,57.14,57.51,55.26,55.6,3401872
2015-10-27 00:00:00+05:30,55.33,56.14,55.06,55.69,4739177
2015-10-28 00:00:00+05:30,55.44,56.41,54.6,55.26,5786842
2015-10-29 00:00:00+05:30,55.39,56.06,54.87,55.3,4819158
2015-10-30 00:00:00+05:30,55.39,57.27,55.2,56.06,7241865
2015-11-02 00:00:00+05:30,56.11,56.27,53.14,53.62,8646446
2015-11-03 00:00:00+05:30,54.12,54.63,52.9,53.62,5901510
2015-11-04 00:00:00+05:30,53.99,54.36,51.47,51.68,4640358
2015-11-05 00:00:00+05:30,51.6,51.68,49.13,49.47,4328468
2015-11-06 00:00:00+05:30,49.69,49.99,47.32,47.95,5563235
2015-11-09 00:00:00+05:30,45.92,48.72,45.56,48.19,7017636
2015-11-10 00:00:00+05:30,48.11,48.32,46.11,46.28,4220964
2015-11-11 00:00:00+05:30,46.68,47.32,46.59,47.08,548409
2015-11-13 00:00:00+05:30,46.95,46.95,45.07,45.77,3933244
2015-11-16 00:00:00+05:30,45.68,47.47,45.34,46.77,4339816
2015-11-17 00:00:00+05:30,47.08,49.69,46.95,48.62,8365257
2015-11-18 00:00:00+05:30,48.62,48.75,46.98,47.29,3477968
2015-11-19 00:00:00+05:30,47.56,48.08,46.44,47.29,3489601
2015-11-20 00:00:00+05:30,47.5,48.41,46.84,47.44,4392495
2015-11-23 00:00:00+05:30,47.62,49.13,47.62,48.08,4758415
2015-11-24 00:00:00+05:30,48.35,49.29,47.86,48.29,6451305
2015-11-26 00:00:00+05:30,48.53,50.81,48.23,50.11,6730865
2015-11-27 00:00:00+05:30,50.36,50.9,49.56,49.9,3388679
2015-11-30 00:00:00+05:30,49.9,50.63,49.5,49.99,2491613
2015-12-01 00:00:00+05:30,50.2,50.23,49.05,49.44,2117941
2015-12-02 00:00:00+05:30,49.62,51.35,48.93,50.53,5572341
2015-12-03 00:00:00+05:30,50.36,50.38,48.86,49.1,3791734
2015-12-04 00:00:00+05:30,48.65,50.17,47.56,47.92,4164481
2015-12-07 00:00:00+05:30,48.19,48.99,47.92,48.11,2125663
2015-12-08 00:00:00+05:30,47.86,48.35,45.98,46.25,3468643
2015-12-09 00:00:00+05:30,45.92,46.77,44.86,45.68,5305986
2015-12-10 00:00:00+05:30,45.92,46.41,45.5,45.77,3019851
2015-12-11 00:00:00+05:30,46.07,46.41,43.68,44.19,4596851
2015-12-14 00:00:00+05:30,44.16,46.35,43.99,45.53,4621275
2015-12-15 00:00:00+05:30,48.16,48.83,46.95,47.65,12047075
2015-12-16 00:00:00+05:30,47.89,48.13,46.84,47.11,3772976
2015-12-17 00:00:00+05:30,47.53,49.08,46.5,48.56,5303459
2015-12-18 00:00:00+05:30,48.02,49.62,47.68,48.59,5057793
2015-12-21 00:00:00+05:30,48.8,50.04,48.29,49.41,3853302
2015-12-22 00:00:00+05:30,49.32,50.63,49.05,49.32,5204606
2015-12-23 00:00:00+05:30,49.74,50.53,49.41,49.96,4464842
2015-12-24 00:00:00+05:30,50.04,51.5,49.5,51.11,5244163
2015-12-28 00:00:00+05:30,50.96,51.78,50.2,50.96,3514575
2015-12-29 00:00:00+05:30,51.11,51.41,50.41,50.84,3854921
2015-12-30 00:00:00+05:30,50.84,51.68,50.36,50.6,5090591
2015-12-31 00:00:00+05:30,50.71,50.99,49.9,50.6,3850461
2016-01-01 00:00:00+05:30,50.71,55.02,49.96,54.66,9848114
2016-01-04 00:00:00+05:30,54.29,55.84,51.11,51.63,8451419
2016-01-05 00:00:00+05:30,51.95,54.36,51.08,53.75,8804287
2016-01-06 00:00:00+05:30,53.38,53.96,51.75,52.32,6371550
2016-01-07 00:00:00+05:30,51.5,51.5,47.32,48.5,8011337
2016-01-08 00:00:00+05:30,49.74,50.36,48.93,49.74,5757094
2016-01-11 00:00:00+05:30,49.13,50.9,47.86,49.96,6836368
2016-01-12 00:00:00+05:30,49.96,50.81,48.23,49.02,6456053
2016-01-13 00:00:00+05:30,49.62,51.93,46.84,49.05,13306083
2016-01-14 00:00:00+05:30,47.89,49.13,46.92,47.19,7650451
2016-01-15 00:00:00+05:30,47.56,48.41,44.83,45.13,5535651
2016-01-18 00:00:00+05:30,44.77,45.07,41.37,42.52,6277628
2016-01-19 00:00:00+05:30,43.4,44.64,42.41,43.99,5332436
2016-01-20 00:00:00+05:30,42.8,43.43,40.92,41.74,4762568
2016-01-21 00:00:00+05:30,42.71,43.65,41.25,42.22,5659841
2016-01-22 00:00:00+05:30,42.86,45.2,42.86,44.74,5759944
2016-01-25 00:00:00+05:30,45.17,45.74,44.1,44.96,3325942
2016-01-27 00:00:00+05:30,45.37,45.62,44.16,44.43,3104985
2016-01-28 00:00:00+05:30,44.68,44.86,43.4,43.7,3362900
2016-01-29 00:00:00+05:30,43.7,44.5,42.59,44.19,4118346
2016-02-01 00:00:00+05:30,44.62,47.5,44.53,45.23,12845776
2016-02-02 00:00:00+05:30,45.01,45.34,43.19,43.7,3845378
2016-02-03 00:00:00+05:30,44.98,45.2,43.19,43.65,8163590
2016-02-04 00:00:00+05:30,44.1,44.64,43.16,43.83,3948195
2016-02-05 00:00:00+05:30,43.86,45.31,43.56,44.71,4099112
2016-02-08 00:00:00+05:30,45.17,48.35,44.47,45.8,11521813
2016-02-09 00:00:00+05:30,45.17,46.11,43.99,45.5,6418040
2016-02-10 00:00:00+05:30,44.89,45.2,43.56,43.89,4890851
2016-02-11 00:00:00+05:30,43.99,44.1,40.37,41.19,5535673
2016-02-12 00:00:00+05:30,41.79,41.79,37.31,38.94,7407784
2016-02-15 00:00:00+05:30,39.91,41.49,39.13,39.64,7748476
2016-02-16 00:00:00+05:30,40.28,40.47,38.0,38.25,6897108
2016-02-17 00:00:00+05:30,38.31,38.7,36.7,38.25,5803337
2016-02-18 00:00:00+05:30,38.83,39.22,37.16,37.97,5238065
2016-02-19 00:00:00+05:30,37.97,38.56,37.52,38.19,4361041
2016-02-22 00:00:00+05:30,38.7,38.83,37.46,37.79,3897933
2016-02-23 00:00:00+05:30,38.1,38.13,36.55,36.95,4691847
2016-02-24 00:00:00+05:30,36.82,38.1,36.15,37.06,5488437
2016-02-25 00:00:00+05:30,37.46,37.62,36.31,36.52,4944166
2016-02-26 00:00:00+05:30,37.03,37.37,35.88,36.7,4256991
2016-02-29 00:00:00+05:30,36.82,37.19,35.31,35.64,7434846
2016-03-01 00:00:00+05:30,35.79,37.25,35.55,36.85,6149853
2016-03-02 00:00:00+05:30,37.62,38.86,37.06,37.89,8365834
2016-03-03 00:00:00+05:30,38.22,38.52,37.22,37.92,6922467
2016-03-04 00:00:00+05:30,38.22,39.22,37.92,38.34,8096147
2016-03-08 00:00:00+05:30,38.52,39.13,37.76,38.86,9962427
2016-03-09 00:00:00+05:30,38.52,40.55,38.28,40.28,6614663
2016-03-10 00:00:00+05:30,40.68,40.95,39.37,39.55,5205951
2016-03-11 00:00:00+05:30,39.55,40.52,39.31,39.7,3942182
2016-03-14 00:00:00+05:30,40.07,40.44,39.22,39.88,8658926
2016-03-15 00:00:00+05:30,40.22,41.19,40.04,40.4,11818417
2016-03-16 00:00:00+05:30,41.19,41.44,39.61,40.1,5949451
2016-03-17 00:00:00+05:30,40.64,41.92,40.22,40.85,5566333
2016-03-18 00:00:00+05:30,40.98,42.13,40.83,41.79,4449491
2016-03-21 00:00:00+05:30,41.31,42.16,41.13,41.62,3989813
2016-03-22 00:00:00+05:30,41.77,41.89,40.85,41.55,3160652
2016-03-23 00:00:00+05:30,41.58,43.86,41.41,43.19,8295683
2016-03-28 00:00:00+05:30,43.35,43.5,41.28,41.49,4012893
2016-03-29 00:00:00+05:30,41.46,41.86,40.68,41.04,2653776
2016-03-30 00:00:00+05:30,41.28,44.29,41.25,43.99,6917453
2016-03-31 00:00:00+05:30,44.16,45.44,43.99,44.77,8868672
2016-04-01 00:00:00+05:30,44.62,47.14,44.16,46.17,6819026
2016-04-04 00:00:00+05:30,48.16,49.66,48.05,48.86,11560443
2016-04-05 00:00:00+05:30,49.32,49.32,44.89,45.17,14020575
2016-04-06 00:00:00+05:30,45.31,46.31,45.17,45.8,7444623
2016-04-07 00:00:00+05:30,46.41,46.84,45.47,45.98,7589517
2016-04-08 00:00:00+05:30,45.56,47.86,45.56,47.47,4972343
2016-04-11 00:00:00+05:30,47.5,48.77,46.44,48.47,8243981
2016-04-12 00:00:00+05:30,48.53,49.26,47.62,48.02,4643058
2016-04-13 00:00:00+05:30,48.8,49.5,47.83,48.86,7867519
2016-04-18 00:00:00+05:30,49.29,50.84,49.26,50.32,5963595
2016-04-20 00:00:00+05:30,50.56,51.57,50.38,51.08,8897925
2016-04-21 00:00:00+05:30,51.57,51.57,49.83,50.47,7157279
2016-04-22 00:00:00+05:30,50.04,50.56,49.53,49.77,2600183
2016-04-25 00:00:00+05:30,49.77,50.63,49.02,50.26,3965250
2016-04-26 00:00:00+05:30,49.74,51.32,49.74,51.11,7114260
2016-04-27 00:00:00+05:30,51.08,52.65,50.77,52.02,5610401
2016-04-28 00:00:00+05:30,52.29,52.44,50.66,50.87,14153169
2016-04-29 00:00:00+05:30,50.96,53.87,50.47,52.59,6246572
2016-05-02 00:00:00+05:30,52.35,53.78,51.26,52.81,7552115
2016-05-03 00:00:00+05:30,52.78,53.56,51.81,52.11,2883619
2016-05-04 00:00:00+05:30,52.24,52.35,47.62,48.02,18703542
2016-05-05 00:00:00+05:30,47.62,49.02,46.41,47.38,8279538
2016-05-06 00:00:00+05:30,47.25,47.5,46.11,46.55,3780529
2016-05-09 00:00:00+05:30,46.86,47.56,46.55,46.95,3235788
2016-05-10 00:00:00+05:30,47.01,47.19,45.31,45.62,4233340
2016-05-11 00:00:00+05:30,44.86,46.5,44.32,45.07,5821869
2016-05-12 00:00:00+05:30,45.31,46.17,45.2,45.92,2266786
2016-05-13 00:00:00+05:30,45.68,46.68,42.68,44.5,5894117
2016-05-16 00:00:00+05:30,44.83,46.47,44.47,46.2,4678752
2016-05-17 00:00:00+05:30,46.28,46.28,45.17,45.47,2380369
2016-05-18 00:00:00+05:30,44.89,46.41,44.56,45.47,3647915
2016-05-19 00:00:00+05:30,45.47,45.47,43.07,43.37,3726425
2016-05-20 00:00:00+05:30,43.86,43.95,41.55,41.79,5229959
2016-05-23 00:00:00+05:30,42.16,43.32,42.01,42.28,3766387
2016-05-24 00:00:00+05:30,42.22,43.16,41.86,42.8,3584431
2016-05-25 00:00:00+05:30,43.13,43.43,42.65,43.13,2363255
2016-05-26 00:00:00+05:30,43.37,45.37,43.16,44.96,3316464
2016-05-27 00:00:00+05:30,45.01,46.11,44.04,44.5,3100806
2016-05-30 00:00:00+05:30,44.83,45.65,44.13,45.28,2186245
2016-05-31 00:00:00+05:30,45.71,45.71,43.62,44.19,5669809
2016-06-01 00:00:00+05:30,44.29,46.89,44.04,45.59,8103594
2016-06-02 00:00:00+05:30,46.17,46.35,45.01,45.83,4841470
2016-06-03 00:00:00+05:30,46.11,46.53,43.35,43.7,4899037
2016-06-06 00:00:00+05:30,43.7,44.23,42.52,43.86,4537769
2016-06-07 00:00:00+05:30,44.23,44.53,43.56,44.16,3770436
2016-06-08 00:00:00+05:30,44.29,45.8,44.1,45.44,4470476
2016-06-09 00:00:00+05:30,45.56,45.95,44.8,45.31,3416341
2016-06-10 00:00:00+05:30,45.23,46.04,44.83,45.28,2513036
2016-06-13 00:00:00+05:30,44.4,45.1,43.7,44.16,4011783
2016-06-14 00:00:00+05:30,44.47,48.38,44.16,47.83,10685878
2016-06-15 00:00:00+05:30,47.99,48.77,47.38,48.47,7561731
2016-06-16 00:00:00+05:30,47.92,48.41,46.59,47.75,4386916
2016-06-17 00:00:00+05:30,48.11,49.26,47.56,47.81,4970122
2016-06-20 00:00:00+05:30,47.32,49.02,46.95,48.38,3249486
2016-06-21 00:00:00+05:30,48.5,48.96,47.38,47.71,2856476
2016-06-22 00:00:00+05:30,48.11,48.29,46.65,47.11,3688202
2016-06-23 00:00:00+05:30,47.29,48.11,46.25,47.81,4973692
2016-06-24 00:00:00+05:30,45.5,46.01,43.86,45.01,5045744
2016-06-27 00:00:00+05:30,45.26,46.17,44.34,45.83,2992590
2016-06-28 00:00:00+05:30,45.92,50.04,45.74,49.41,13453646
2016-06-29 00:00:00+05:30,49.9,50.87,49.02,50.53,7826851
2016-06-30 00:00:00+05:30,50.71,53.23,50.5,52.62,8545295
2016-07-01 00:00:00+05:30,52.81,52.93,51.2,51.35,4425540
2016-07-04 00:00:00+05:30,51.57,52.68,51.41,52.17,3942805
2016-07-05 00:00:00+05:30,51.93,52.44,51.05,51.32,4384128
2016-07-07 00:00:00+05:30,51.3,51.81,50.6,50.74,3071349
2016-07-08 00:00:00+05:30,50.77,50.96,48.93,49.72,3900653
2016-07-11 00:00:00+05:30,50.36,51.14,49.8,50.77,4023157
2016-07-12 00:00:00+05:30,51.14,51.47,50.44,50.93,4431410
2016-07-13 00:00:00+05:30,51.2,51.84,49.5,49.96,4814649
2016-07-14 00:00:00+05:30,49.99,50.47,49.53,49.72,3024302
2016-07-15 00:00:00+05:30,49.96,50.74,48.53,49.08,3972048
2016-07-18 00:00:00+05:30,49.44,51.01,48.59,49.2,5659649
2016-07-19 00:00:00+05:30,49.02,49.74,48.23,48.69,3832953
2016-07-20 00:00:00+05:30,48.93,50.74,48.69,50.32,6510793
2016-07-21 00:00:00+05:30,50.47,51.26,48.83,49.2,4795387
2016-07-22 00:00:00+05:30,48.77,49.87,48.77,49.5,3731038
2016-07-25 00:00:00+05:30,49.44,49.62,48.53,49.05,5966312
2016-07-26 00:00:00+05:30,49.26,51.71,49.2,50.29,12599981
2016-07-27 00:00:00+05:30,50.41,51.08,49.87,50.26,8354856
2016-07-28 00:00:00+05:30,50.41,50.96,48.41,49.93,46719372
2016-07-29 00:00:00+05:30,48.96,49.8,48.59,48.93,6473475
2016-08-01 00:00:00+05:30,49.2,49.59,45.34,47.17,7653439
2016-08-02 00:00:00+05:30,47.01,47.92,46.84,47.19,4600155
2016-08-03 00:00:00+05:30,47.01,47.44,45.41,45.59,6279091
2016-08-04 00:00:00+05:30,45.95,46.84,45.04,46.44,3919011
2016-08-05 00:00:00+05:30,46.77,47.11,45.8,46.86,5583647
2016-08-08 00:00:00+05:30,47.14,48.05,46.71,47.75,3888194
2016-08-09 00:00:00+05:30,47.65,48.11,46.59,47.08,4110150
2016-08-10 00:00:00+05:30,47.19,49.38,46.41,48.47,20417321
2016-08-11 00:00:00+05:30,48.53,48.69,45.26,46.04,9217984
2016-08-12 00:00:00+05:30,46.17,46.31,45.2,45.5,4301681
2016-08-16 00:00:00+05:30,45.62,45.98,44.59,44.83,5920937
2016-08-17 00:00:00+05:30,44.89,45.83,44.8,45.13,4938797
2016-08-18 00:00:00+05:30,45.31,45.98,45.13,45.34,4019305
2016-08-19 00:00:00+05:30,45.44,47.53,45.34,46.68,11810506
2016-08-22 00:00:00+05:30,46.68,46.68,45.23,45.5,5096427
2016-08-23 00:00:00+05:30,45.44,45.74,44.71,45.17,3649420
2016-08-24 00:00:00+05:30,45.01,45.71,44.96,45.41,4370709
2016-08-25 00:00:00+05:30,45.5,45.71,44.29,44.43,6139840
2016-08-26 00:00:00+05:30,44.5,44.89,43.5,43.83,3920253
2016-08-29 00:00:00+05:30,42.83,45.04,42.8,44.13,9724224
2016-08-30 00:00:00+05:30,44.29,44.83,44.13,44.5,3975164
2016-08-31 00:00:00+05:30,44.68,44.86,44.04,44.16,3481980
2016-09-01 00:00:00+05:30,44.23,44.59,42.59,42.76,4470916
2016-09-02 00:00:00+05:30,42.98,43.53,42.86,43.13,3116109
2016-09-06 00:00:00+05:30,43.4,44.19,43.4,43.74,3642393
2016-09-07 00:00:00+05:30,43.92,44.77,43.5,43.95,4197129
2016-09-08 00:00:00+05:30,44.13,45.44,43.8,45.17,5418026
2016-09-09 00:00:00+05:30,45.34,45.34,44.43,44.56,2804000
2016-09-12 00:00:00+05:30,43.99,43.99,40.71,42.43,3868226
2016-09-14 00:00:00+05:30,42.49,43.53,42.46,43.25,3572707
2016-09-15 00:00:00+05:30,43.37,43.68,42.71,43.16,1627362
2016-09-16 00:00:00+05:30,43.37,43.99,41.58,41.92,10976023
2016-09-19 00:00:00+05:30,42.16,42.86,42.04,42.46,2565359
2016-09-20 00:00:00+05:30,42.59,43.29,42.59,42.76,4283550
2016-09-21 00:00:00+05:30,43.01,43.53,42.65,43.05,3929753
2016-09-22 00:00:00+05:30,43.43,43.83,42.92,43.59,4094492
2016-09-23 00:00:00+05:30,43.92,44.19,43.29,43.43,3890241
2016-09-26 00:00:00+05:30,43.32,43.74,42.43,42.62,3223352
2016-09-27 00:00:00+05:30,42.86,43.32,42.68,42.76,3020811
2016-09-28 00:00:00+05:30,42.76,43.56,42.76,43.16,2357965
2016-09-29 00:00:00+05:30,43.5,43.74,38.89,39.37,8338288
2016-09-30 00:00:00+05:30,39.31,40.22,38.4,39.86,5068744
2016-10-03 00:00:00+05:30,40.04,40.85,40.04,40.64,2187399
2016-10-04 00:00:00+05:30,40.95,41.68,40.64,41.25,4276573
2016-10-05 00:00:00+05:30,41.49,41.74,40.71,41.04,2608849
2016-10-06 00:00:00+05:30,41.25,41.58,40.13,40.5,2693184
2016-10-07 00:00:00+05:30,40.74,41.46,40.22,41.16,4874165
2016-10-10 00:00:00+05:30,41.46,42.68,40.71,41.89,8130618
2016-10-13 00:00:00+05:30,41.82,42.28,40.68,40.88,3609781
2016-10-14 00:00:00+05:30,41.13,41.55,40.71,41.01,3563794
2016-10-17 00:00:00+05:30,41.19,41.82,40.34,40.88,5039005
2016-10-18 00:00:00+05:30,41.22,41.71,41.07,41.58,1829513
2016-10-19 00:00:00+05:30,41.79,42.22,41.49,41.95,3388682
2016-10-20 00:00:00+05:30,42.16,43.46,42.04,43.16,4368141
2016-10-21 00:00:00+05:30,43.37,43.83,42.83,43.32,4510802
2016-10-24 00:00:00+05:30,43.62,44.16,43.13,43.32,4499395
2016-10-25 00:00:00+05:30,42.46,42.76,40.52,40.95,11220052
2016-10-26 00:00:00+05:30,40.95,41.31,40.64,40.83,3801388
2016-10-27 00:00:00+05:30,40.92,40.92,40.25,40.61,4054716
2016-10-28 00:00:00+05:30,40.74,41.1,40.16,40.58,3926024
2016-10-30 00:00:00+05:30,40.85,40.88,40.44,40.64,474953
2016-11-01 00:00:00+05:30,40.83,40.88,40.4,40.5,2468562
2016-11-02 00:00:00+05:30,40.16,40.16,39.16,39.28,4985035
2016-11-03 00:00:00+05:30,39.19,39.77,39.07,39.13,2631398
2016-11-04 00:00:00+05:30,39.24,39.43,37.49,37.86,4235731
2016-11-07 00:00:00+05:30,38.34,38.61,38.13,38.28,1774466
2016-11-08 00:00:00+05:30,38.52,40.5,37.89,39.31,6762126
2016-11-09 00:00:00+05:30,36.28,37.97,35.4,37.55,4766504
2016-11-10 00:00:00+05:30,38.28,40.95,38.22,39.53,5024382
2016-11-11 00:00:00+05:30,38.83,40.58,38.43,38.8,3302907
2016-11-15 00:00:00+05:30,39.0,39.07,36.15,37.52,3594336
2016-11-16 00:00:00+05:30,38.0,38.4,37.22,37.58,2780361
2016-11-17 00:00:00+05:30,37.73,38.83,37.62,38.19,2666722
2016-11-18 00:00:00+05:30,38.16,39.43,37.76,39.04,4142406
2016-11-21 00:00:00+05:30,39.64,39.64,37.43,38.1,3131099
2016-11-22 00:00:00+05:30,38.31,38.76,37.37,37.95,2131382
2016-11-23 00:00:00+05:30,38.25,38.83,37.97,38.43,2181424
2016-11-24 00:00:00+05:30,38.16,38.43,37.19,37.4,3179619
2016-11-25 00:00:00+05:30,37.82,38.97,37.62,38.56,3755433
2016-11-28 00:00:00+05:30,38.49,40.4,38.22,39.8,4136444
2016-11-29 00:00:00+05:30,39.86,40.92,39.77,40.31,3002288
2016-11-30 00:00:00+05:30,40.34,41.62,40.34,41.28,2944549
2016-12-01 00:00:00+05:30,41.44,41.79,40.4,40.74,1517089
2016-12-02 00:00:00+05:30,40.52,42.86,40.34,41.28,7585631
2016-12-05 00:00:00+05:30,41.25,43.46,40.71,42.25,7368186
2016-12-06 00:00:00+05:30,43.07,43.16,42.1,42.35,3691562
2016-12-07 00:00:00+05:30,43.07,43.22,41.62,42.38,3057465
2016-12-08 00:00:00+05:30,42.83,43.07,42.56,42.89,2383786
2016-12-09 00:00:00+05:30,43.07,43.68,42.98,43.32,3094015
2016-12-12 00:00:00+05:30,43.13,44.29,42.8,43.16,3799954
2016-12-13 00:00:00+05:30,43.25,43.59,42.52,43.01,1911402
2016-12-14 00:00:00+05:30,43.01,43.56,42.8,43.05,1967418
2016-12-15 00:00:00+05:30,42.71,44.83,42.52,44.23,5288879
2016-12-16 00:00:00+05:30,44.53,44.89,43.99,44.62,4180221
2016-12-19 00:00:00+05:30,44.34,45.26,44.13,44.37,2792535
2016-12-20 00:00:00+05:30,44.29,44.64,43.37,43.83,2655213
2016-12-21 00:00:00+05:30,43.99,45.04,43.74,44.64,2636165
2016-12-22 00:00:00+05:30,44.47,44.83,43.29,43.5,1667772
2016-12-23 00:00:00+05:30,43.46,43.8,42.59,43.29,1800272
2016-12-26 00:00:00+05:30,42.89,43.29,41.89,42.28,1560276
2016-12-27 00:00:00+05:30,42.41,43.25,41.65,43.01,2003173
2016-12-28 00:00:00+05:30,43.25,43.59,42.76,42.95,1936972
2016-12-29 00:00:00+05:30,42.76,44.74,42.56,44.32,2952413
2016-12-30 00:00:00+05:30,44.5,46.81,44.07,46.44,8350525
2017-01-02 00:00:00+05:30,47.19,47.19,46.31,46.68,3785549
2017-01-03 00:00:00+05:30,46.77,46.95,45.98,46.44,2076067
2017-01-04 00:00:00+05:30,46.71,47.81,46.59,47.19,3592900
2017-01-05 00:00:00+05:30,47.62,48.29,47.44,48.02,3805715
2017-01-06 00:00:00+05:30,48.05,48.47,47.56,47.71,1913213
2017-01-09 00:00:00+05:30,47.65,48.26,47.47,47.78,1395037
2017-01-10 00:00:00+05:30,47.65,49.26,47.62,48.65,5269202
2017-01-11 00:00:00+05:30,48.86,49.5,48.62,49.05,2476302
2017-01-12 00:00:00+05:30,48.89,49.29,47.95,48.62,2560560
2017-01-13 00:00:00+05:30,48.56,48.83,47.05,47.62,3056658
2017-01-16 00:00:00+05:30,47.56,48.77,47.08,48.41,2477953
2017-01-17 00:00:00+05:30,48.47,48.69,47.68,47.89,1470143
2017-01-18 00:00:00+05:30,47.99,48.96,47.56,48.05,2636802
2017-01-19 00:00:00+05:30,48.23,49.13,47.81,48.89,2118460
2017-01-20 00:00:00+05:30,49.1,49.74,46.71,47.01,4920575
2017-01-23 00:00:00+05:30,46.95,47.92,46.71,47.44,1458017
2017-01-24 00:00:00+05:30,47.5,48.69,47.5,48.32,2518260
2017-01-25 00:00:00+05:30,48.44,48.75,47.81,48.53,2804983
2017-01-27 00:00:00+05:30,48.59,56.87,48.59,56.17,41214906
2017-01-30 00:00:00+05:30,55.75,56.97,55.02,56.03,15851304
2017-01-31 00:00:00+05:30,55.81,56.69,51.9,52.87,17366513
2017-02-01 00:00:00+05:30,53.38,55.39,52.9,55.12,11531517
2017-02-02 00:00:00+05:30,54.84,59.24,54.17,57.0,22036244
2017-02-03 00:00:00+05:30,57.3,57.84,56.08,57.35,7570647
2017-02-06 00:00:00+05:30,57.69,60.79,57.42,58.96,12576769
2017-02-07 00:00:00+05:30,59.39,59.39,55.06,55.72,12444348
2017-02-08 00:00:00+05:30,56.08,57.69,55.2,55.87,10106277
2017-02-09 00:00:00+05:30,56.11,57.27,54.93,56.81,6027610
2017-02-10 00:00:00+05:30,57.03,57.6,56.06,56.33,5265680
2017-02-13 00:00:00+05:30,56.75,56.81,54.6,55.63,3516405
2017-02-14 00:00:00+05:30,55.75,55.87,54.17,55.06,5483406
2017-02-15 00:00:00+05:30,55.5,58.69,55.36,55.96,19214916
2017-02-16 00:00:00+05:30,56.24,57.33,55.2,57.21,5682330
2017-02-17 00:00:00+05:30,57.57,57.84,56.66,56.9,3031175
2017-02-20 00:00:00+05:30,57.03,60.52,56.81,59.09,14504493
2017-02-21 00:00:00+05:30,59.39,60.18,58.75,59.12,5989918
2017-02-22 00:00:00+05:30,59.21,59.63,57.05,57.35,7726977
2017-02-23 00:00:00+05:30,57.33,59.26,56.97,58.61,9822356
2017-02-27 00:00:00+05:30,58.72,59.26,57.38,58.27,4085567
2017-02-28 00:00:00+05:30,58.24,61.12,57.69,59.75,13431715
2017-03-01 00:00:00+05:30,60.06,60.39,58.93,59.45,3952650
2017-03-02 00:00:00+05:30,59.66,60.6,56.44,56.78,6468155
2017-03-03 00:00:00+05:30,56.54,57.81,56.39,57.45,6463390
2017-03-06 00:00:00+05:30,57.66,58.15,57.05,57.87,3692618
2017-03-07 00:00:00+05:30,58.02,60.3,57.75,59.36,8513326
2017-03-08 00:00:00+05:30,59.45,60.09,57.0,57.42,5272816
2017-03-09 00:00:00+05:30,57.24,57.54,56.3,56.78,3715055
2017-03-10 00:00:00+05:30,57.03,57.94,56.27,57.05,3588110
2017-03-14 00:00:00+05:30,58.88,60.06,58.08,59.18,8359581
2017-03-15 00:00:00+05:30,59.24,61.76,58.57,61.39,15727479
2017-03-16 00:00:00+05:30,62.15,63.06,61.76,62.33,11736585
2017-03-17 00:00:00+05:30,62.78,63.94,62.0,62.91,10654597
2017-03-20 00:00:00+05:30,62.85,63.58,61.79,62.67,3614898
2017-03-21 00:00:00+05:30,62.61,63.34,61.57,62.85,4340041
2017-03-22 00:00:00+05:30,62.12,62.91,61.57,61.73,3583847
2017-03-23 00:00:00+05:30,61.81,63.85,61.67,63.42,7165152
2017-03-24 00:00:00+05:30,63.82,64.91,63.31,64.15,8536000
2017-03-27 00:00:00+05:30,64.25,64.25,62.37,63.0,5618053
2017-03-28 00:00:00+05:30,63.7,64.21,63.0,63.42,4270295
2017-03-29 00:00:00+05:30,63.67,63.85,62.91,63.37,3127232
2017-03-30 00:00:00+05:30,63.48,64.61,63.18,64.18,12208073
2017-03-31 00:00:00+05:30,64.52,66.86,63.82,65.85,11516690
2017-04-03 00:00:00+05:30,66.03,68.13,65.49,67.83,7816414
2017-04-05 00:00:00+05:30,67.94,70.04,67.19,69.52,7154980
2017-04-06 00:00:00+05:30,69.28,70.46,69.07,70.22,5372025
2017-04-07 00:00:00+05:30,69.46,72.53,69.34,71.22,9198627
2017-04-10 00:00:00+05:30,71.56,73.19,71.16,72.86,8009968
2017-04-11 00:00:00+05:30,72.7,76.13,71.92,73.58,18851905
2017-04-12 00:00:00+05:30,71.89,72.5,66.61,69.37,15118142
2017-04-13 00:00:00+05:30,69.71,71.28,68.04,70.89,8272368
2017-04-17 00:00:00+05:30,69.79,75.35,69.79,74.82,9811785
2017-04-18 00:00:00+05:30,75.22,97.49,75.22,87.9,152834112
2017-04-19 00:00:00+05:30,86.69,90.08,83.74,88.06,39005530
2017-04-20 00:00:00+05:30,88.45,90.63,87.05,88.72,13975856
2017-04-21 00:00:00+05:30,88.87,90.08,87.18,88.54,8995955
2017-04-24 00:00:00+05:30,88.5,96.55,87.96,91.02,28053541
2017-04-25 00:00:00+05:30,91.36,93.21,89.97,90.97,13168535
2017-04-26 00:00:00+05:30,91.12,91.94,71.1,71.92,73817588
2017-04-27 00:00:00+05:30,73.83,82.11,68.37,69.25,128776433
2017-04-28 00:00:00+05:30,70.86,72.0,65.09,66.09,64798362
2017-05-02 00:00:00+05:30,66.64,70.55,64.64,68.4,51425310
2017-05-03 00:00:00+05:30,69.07,70.31,66.61,68.34,29429429
2017-05-04 00:00:00+05:30,68.52,69.55,67.97,68.79,15208058
2017-05-05 00:00:00+05:30,68.91,70.01,65.79,68.98,20037688
2017-05-08 00:00:00+05:30,69.22,70.37,67.67,69.49,13766561
2017-05-09 00:00:00+05:30,69.71,72.74,68.98,71.7,20868248
2017-05-10 00:00:00+05:30,72.46,75.14,71.89,74.5,20437240
2017-05-11 00:00:00+05:30,76.1,76.92,71.22,72.89,38160961
2017-05-12 00:00:00+05:30,73.16,74.52,71.1,73.74,17983475
2017-05-15 00:00:00+05:30,74.31,74.74,72.8,73.95,11688016
2017-05-16 00:00:00+05:30,73.98,75.52,73.28,74.5,11367008
2017-05-17 00:00:00+05:30,74.31,74.52,72.53,73.71,9590334
2017-05-18 00:00:00+05:30,72.74,76.35,71.95,73.01,16999301
2017-05-19 00:00:00+05:30,74.74,75.49,72.89,73.95,10228528
2017-05-22 00:00:00+05:30,74.34,75.44,73.16,73.61,9541260
2017-05-23 00:00:00+05:30,71.89,71.95,66.43,68.64,21379103
2017-05-24 00:00:00+05:30,69.22,70.01,67.1,68.91,10525976
2017-05-25 00:00:00+05:30,72.19,72.43,69.43,70.52,15698498
2017-05-26 00:00:00+05:30,70.98,71.46,69.76,70.34,6875513
2017-05-29 00:00:00+05:30,70.34,70.37,66.76,67.58,7939665
2017-05-30 00:00:00+05:30,67.94,75.71,66.73,71.52,34390819
2017-05-31 00:00:00+05:30,71.76,73.23,69.79,70.86,13669303
2017-06-01 00:00:00+05:30,71.1,72.0,70.52,70.82,9196332
2017-06-02 00:00:00+05:30,71.1,72.04,70.68,71.28,6968579
2017-06-05 00:00:00+05:30,71.28,72.61,70.68,71.28,7629569
2017-06-06 00:00:00+05:30,72.25,78.13,72.25,77.68,62119185
2017-06-07 00:00:00+05:30,79.31,81.59,78.32,79.65,40365368
2017-06-08 00:00:00+05:30,79.47,79.84,76.89,78.74,13681437
2017-06-09 00:00:00+05:30,78.87,80.81,77.07,80.22,15167063
2017-06-12 00:00:00+05:30,79.77,80.81,77.65,79.31,8564039
2017-06-13 00:00:00+05:30,78.26,82.38,78.26,80.32,20173224
2017-06-14 00:00:00+05:30,80.56,81.11,79.11,79.62,6956307
2017-06-15 00:00:00+05:30,79.47,81.26,78.26,80.38,8356130
2017-06-16 00:00:00+05:30,80.35,80.92,79.04,79.41,7143261
2017-06-19 00:00:00+05:30,80.22,80.89,79.65,80.05,5548849
2017-06-20 00:00:00+05:30,80.32,80.32,78.44,79.41,5935454
2017-06-21 00:00:00+05:30,79.35,80.62,79.04,79.98,6796691
2017-06-22 00:00:00+05:30,80.38,80.81,78.87,79.38,6547057
2017-06-23 00:00:00+05:30,79.41,79.53,75.31,76.65,9747579
2017-06-27 00:00:00+05:30,76.99,80.62,75.52,79.47,9826498
2017-06-28 00:00:00+05:30,80.25,82.93,80.14,81.53,23562203
2017-06-29 00:00:00+05:30,81.89,82.26,80.44,80.84,7166690
2017-06-30 00:00:00+05:30,80.68,81.48,79.2,80.44,7069768
2017-07-03 00:00:00+05:30,80.32,84.3,80.08,82.8,15808546
2017-07-04 00:00:00+05:30,82.8,83.39,80.62,81.02,6148381
2017-07-05 00:00:00+05:30,81.29,82.5,80.38,82.05,7302856
2017-07-06 00:00:00+05:30,81.89,82.56,81.19,82.02,4999452
2017-07-07 00:00:00+05:30,81.56,82.5,80.99,81.41,3116966
2017-07-10 00:00:00+05:30,84.26,84.26,79.59,81.81,1021554
2017-07-11 00:00:00+05:30,81.89,82.17,80.56,80.92,4054685
2017-07-12 00:00:00+05:30,81.11,86.05,80.68,85.72,25423549
2017-07-13 00:00:00+05:30,86.45,87.56,83.8,85.41,18011046
2017-07-14 00:00:00+05:30,85.54,85.81,83.53,84.57,7734658
2017-07-17 00:00:00+05:30,84.63,85.41,83.96,84.57,3999857
2017-07-18 00:00:00+05:30,84.3,85.14,83.17,83.63,4504454
2017-07-19 00:00:00+05:30,83.72,85.32,83.41,84.63,4920712
2017-07-20 00:00:00+05:30,84.93,86.14,84.02,85.17,6436393
2017-07-21 00:00:00+05:30,85.44,86.02,83.63,85.65,5841283
2017-07-24 00:00:00+05:30,85.78,86.57,84.44,85.08,5631807
2017-07-25 00:00:00+05:30,85.51,85.51,83.9,84.5,4730238
2017-07-26 00:00:00+05:30,84.63,86.32,84.26,85.38,5634855
2017-07-27 00:00:00+05:30,85.38,86.05,83.41,84.02,6867451
2017-07-28 00:00:00+05:30,83.77,84.54,82.77,84.14,2985186
2017-07-31 00:00:00+05:30,84.14,84.78,83.14,83.66,2861016
2017-08-01 00:00:00+05:30,83.66,85.44,83.66,85.05,4345108
2017-08-02 00:00:00+05:30,85.35,87.26,85.27,86.11,7220308
2017-08-03 00:00:00+05:30,86.21,86.54,83.17,83.56,4102739
2017-08-04 00:00:00+05:30,83.47,84.47,82.62,83.72,3802034
2017-08-07 00:00:00+05:30,83.99,85.48,83.72,84.99,3696787
2017-08-08 00:00:00+05:30,85.02,85.65,82.13,83.32,4718467
2017-08-09 00:00:00+05:30,83.11,83.11,73.19,75.38,8953655
2017-08-10 00:00:00+05:30,74.31,74.77,68.7,70.28,8464576
2017-08-11 00:00:00+05:30,69.15,70.25,64.31,68.98,8529139
2017-08-14 00:00:00+05:30,69.76,71.52,67.83,70.76,4756167
2017-08-16 00:00:00+05:30,69.15,70.65,66.16,69.88,11440575
2017-08-17 00:00:00+05:30,70.06,71.28,68.13,68.79,6175883
2017-08-18 00:00:00+05:30,68.1,68.85,67.06,68.1,5074943
2017-08-21 00:00:00+05:30,68.55,69.07,64.76,65.22,4571568
2017-08-22 00:00:00+05:30,65.85,66.33,63.58,64.49,6653796
2017-08-23 00:00:00+05:30,65.18,67.03,64.91,66.76,7711307
2017-08-24 00:00:00+05:30,67.16,67.27,65.58,66.22,7236869
2017-08-28 00:00:00+05:30,71.03,73.43,69.79,72.31,26779216
2017-08-29 00:00:00+05:30,71.22,74.47,70.82,72.16,16175478
2017-08-30 00:00:00+05:30,73.04,79.98,72.89,77.74,27087019
2017-09-01 00:00:00+05:30,80.54,84.23,79.68,82.87,29354077
2017-09-04 00:00:00+05:30,82.62,82.77,77.65,79.35,16489347
2017-09-05 00:00:00+05:30,79.71,81.96,79.35,80.75,10642599
2017-09-06 00:00:00+05:30,78.93,80.14,77.96,79.35,11482502
2017-09-07 00:00:00+05:30,79.74,80.84,78.65,79.11,6979503
2017-09-08 00:00:00+05:30,79.41,79.95,76.65,77.4,6261660
2017-09-11 00:00:00+05:30,77.96,80.29,77.77,79.26,6244284
2017-09-12 00:00:00+05:30,79.95,81.83,79.11,81.26,9436318
2017-09-13 00:00:00+05:30,81.23,81.59,79.04,79.31,5125931
2017-09-14 00:00:00+05:30,79.47,80.86,78.65,80.01,5797244
2017-09-15 00:00:00+05:30,78.9,79.92,78.37,79.26,6494720
2017-09-18 00:00:00+05:30,79.87,80.62,78.93,79.38,4411555
2017-09-19 00:00:00+05:30,79.44,80.2,78.93,79.47,3834545
2017-09-20 00:00:00+05:30,79.92,79.92,78.32,78.5,4053019
2017-09-21 00:00:00+05:30,78.5,79.44,75.77,77.47,5014468
2017-09-22 00:00:00+05:30,76.95,76.95,73.4,73.86,4552565
2017-09-25 00:00:00+05:30,73.95,74.04,69.01,70.76,6020027
2017-09-26 00:00:00+05:30,70.73,72.91,69.64,71.95,7045195
2017-09-27 00:00:00+05:30,72.5,73.28,68.64,69.31,6096855
2017-09-28 00:00:00+05:30,69.64,70.82,68.79,69.95,5359139
2017-09-29 00:00:00+05:30,70.37,71.4,70.04,70.55,4399281
2017-10-03 00:00:00+05:30,70.7,70.73,66.94,67.83,9538928
2017-10-04 00:00:00+05:30,68.07,70.34,67.88,69.95,10691302
2017-10-05 00:00:00+05:30,70.73,74.74,70.43,73.77,17868604
2017-10-06 00:00:00+05:30,74.55,75.83,73.86,74.89,9930113
2017-10-09 00:00:00+05:30,72.8,73.98,71.03,72.37,12388176
2017-10-10 00:00:00+05:30,72.5,74.01,72.5,72.94,6206837
2017-10-11 00:00:00+05:30,73.5,74.86,71.34,72.16,7028733
2017-10-12 00:00:00+05:30,72.8,73.28,71.89,72.86,3538401
2017-10-13 00:00:00+05:30,73.28,73.5,72.5,72.7,3169192
2017-10-16 00:00:00+05:30,73.19,73.37,70.68,71.22,4405431
2017-10-17 00:00:00+05:30,71.49,72.16,71.01,71.64,2713764
2017-10-18 00:00:00+05:30,71.59,74.95,70.89,74.37,9489232
2017-10-19 00:00:00+05:30,74.77,77.04,74.22,76.19,4413688
2017-10-23 00:00:00+05:30,76.68,78.74,75.95,77.02,8039630
2017-10-24 00:00:00+05:30,77.04,77.86,76.08,76.62,4138994
2017-10-25 00:00:00+05:30,76.95,78.37,75.25,77.47,5289210
2017-10-26 00:00:00+05:30,77.35,79.92,76.53,79.47,6760649
2017-10-27 00:00:00+05:30,80.01,80.62,77.96,78.83,5589767
2017-10-30 00:00:00+05:30,79.26,82.75,78.32,81.41,8955447
2017-10-31 00:00:00+05:30,81.72,81.72,78.9,80.25,4830396
2017-11-01 00:00:00+05:30,80.56,82.08,80.14,80.75,3682162
2017-11-02 00:00:00+05:30,80.86,82.26,79.98,80.89,3676895
2017-11-03 00:00:00+05:30,81.29,86.57,80.62,85.24,10828542
2017-11-06 00:00:00+05:30,86.87,91.88,86.54,90.81,20744342
2017-11-07 00:00:00+05:30,90.84,92.39,85.65,90.0,12126147
2017-11-08 00:00:00+05:30,89.81,96.1,88.81,91.91,22610190
2017-11-09 00:00:00+05:30,92.12,94.57,90.45,93.66,8116575
2017-11-10 00:00:00+05:30,93.63,96.0,92.09,94.87,9438832
2017-11-13 00:00:00+05:30,95.3,97.18,91.51,92.69,9598596
2017-11-14 00:00:00+05:30,92.21,96.1,91.91,94.24,10372836
2017-11-15 00:00:00+05:30,93.9,94.52,88.63,89.2,6990775
2017-11-16 00:00:00+05:30,87.96,88.57,84.68,87.81,9125527
2017-11-17 00:00:00+05:30,88.87,96.31,88.69,95.0,14069409
2017-11-20 00:00:00+05:30,95.21,98.28,94.67,97.31,14299236
2017-11-21 00:00:00+05:30,97.67,98.09,92.33,93.09,8880045
2017-11-22 00:00:00+05:30,93.6,96.58,92.55,95.73,8168816
2017-11-23 00:00:00+05:30,95.85,96.12,90.81,92.51,7792122
2017-11-24 00:00:00+05:30,92.58,94.27,91.0,92.96,6201188
2017-11-27 00:00:00+05:30,91.0,92.33,89.09,91.75,7584387
2017-11-28 00:00:00+05:30,91.72,92.63,89.51,90.3,4656525
2017-11-29 00:00:00+05:30,90.3,90.67,88.57,89.44,4365617
2017-11-30 00:00:00+05:30,88.87,90.7,88.02,88.93,4454151
2017-12-01 00:00:00+05:30,89.17,91.81,84.96,86.35,8691796
2017-12-04 00:00:00+05:30,86.62,88.45,79.92,86.51,11490704
2017-12-05 00:00:00+05:30,86.54,89.06,84.66,88.42,7781047
2017-12-06 00:00:00+05:30,87.18,89.42,85.72,86.29,6350932
2017-12-07 00:00:00+05:30,86.57,90.36,86.21,89.51,5516607
2017-12-08 00:00:00+05:30,90.51,92.55,90.14,91.64,8652589
2017-12-11 00:00:00+05:30,92.45,93.57,90.81,92.99,7496824
2017-12-12 00:00:00+05:30,93.36,94.21,90.42,92.55,12621989
2017-12-13 00:00:00+05:30,91.0,93.06,88.69,89.48,12726310
2017-12-14 00:00:00+05:30,89.17,91.18,86.66,90.11,7780305
2017-12-15 00:00:00+05:30,94.0,94.52,91.42,94.15,15892643
2017-12-18 00:00:00+05:30,89.78,100.97,84.74,97.04,59769377
2017-12-19 00:00:00+05:30,97.0,98.09,94.54,97.31,13341729
2017-12-20 00:00:00+05:30,97.06,98.92,95.67,97.64,10239775
2017-12-21 00:00:00+05:30,97.67,100.06,97.21,98.64,9112588
2017-12-22 00:00:00+05:30,98.85,100.67,97.73,98.82,7579016
2017-12-26 00:00:00+05:30,98.88,100.22,97.64,99.0,4823298
2017-12-27 00:00:00+05:30,98.88,102.74,98.52,100.67,14962002
2017-12-28 00:00:00+05:30,100.7,101.43,99.19,100.24,6186921
2017-12-29 00:00:00+05:30,100.1,102.07,99.43,100.91,7042209
2018-01-01 00:00:00+05:30,100.58,103.04,100.1,100.73,6957017
2018-01-02 00:00:00+05:30,100.76,101.55,98.36,99.43,4470608
2018-01-03 00:00:00+05:30,99.43,109.35,99.43,106.89,35059914
2018-01-04 00:00:00+05:30,106.77,112.35,105.64,111.2,20460081
2018-01-05 00:00:00+05:30,112.11,117.87,110.65,117.17,18992797
2018-01-08 00:00:00+05:30,116.84,121.93,116.66,119.18,13605965
2018-01-09 00:00:00+05:30,120.12,120.69,117.74,118.84,7773098
2018-01-10 00:00:00+05:30,118.97,123.67,118.9,120.6,19232650
2018-01-11 00:00:00+05:30,120.12,123.57,118.63,122.36,9196802
2018-01-12 00:00:00+05:30,122.54,123.6,117.84,121.3,8603055
2018-01-15 00:00:00+05:30,121.93,122.66,119.69,120.24,4898915
2018-01-16 00:00:00+05:30,120.54,120.78,114.17,118.05,12085062
2018-01-17 00:00:00+05:30,117.81,124.78,113.99,124.08,15614784
2018-01-18 00:00:00+05:30,124.97,125.88,114.48,118.44,21829816
2018-01-19 00:00:00+05:30,118.44,121.93,114.38,121.15,23132204
2018-01-22 00:00:00+05:30,120.12,122.76,118.9,120.66,9462165
2018-01-23 00:00:00+05:30,120.96,124.51,118.97,124.0,12465168
2018-01-24 00:00:00+05:30,123.94,125.91,121.33,124.67,12867242
2018-01-25 00:00:00+05:30,124.37,130.88,122.42,130.07,21814619
2018-01-29 00:00:00+05:30,130.79,133.76,127.76,129.43,13143389
2018-01-30 00:00:00+05:30,128.0,129.55,125.88,128.19,7072132
2018-01-31 00:00:00+05:30,127.36,132.7,126.88,129.34,12746335
2018-02-01 00:00:00+05:30,129.21,131.68,123.57,129.82,8086644
2018-02-02 00:00:00+05:30,129.21,129.21,118.35,119.62,11450323
2018-02-05 00:00:00+05:30,112.29,121.93,111.44,120.99,10622070
2018-02-06 00:00:00+05:30,112.23,120.24,110.83,118.48,9759313
2018-02-07 00:00:00+05:30,121.05,123.0,118.35,119.35,6565006
2018-02-08 00:00:00+05:30,120.26,125.05,119.45,124.06,7318141
2018-02-09 00:00:00+05:30,121.33,128.51,119.91,127.46,9990490
2018-02-12 00:00:00+05:30,128.12,133.03,128.12,131.79,11982779
2018-02-14 00:00:00+05:30,132.55,135.58,131.49,133.13,11399643
2018-02-15 00:00:00+05:30,134.13,135.07,127.79,130.28,8200535
2018-02-16 00:00:00+05:30,130.91,132.52,124.24,126.06,8998749
2018-02-19 00:00:00+05:30,124.37,125.85,121.63,123.09,8027204
2018-02-20 00:00:00+05:30,122.54,123.48,118.3,120.12,10428756
2018-02-21 00:00:00+05:30,120.9,121.63,118.48,119.75,6845845
2018-02-22 00:00:00+05:30,118.9,124.03,117.57,123.33,14765042
2018-02-23 00:00:00+05:30,124.06,124.81,122.24,123.97,8253861
2018-02-26 00:00:00+05:30,124.37,126.09,123.45,124.72,4808239
2018-02-27 00:00:00+05:30,124.97,127.3,122.06,125.61,9875183
2018-02-28 00:00:00+05:30,124.33,126.15,122.84,123.48,6390811
2018-03-01 00:00:00+05:30,123.48,125.39,120.24,120.81,5934351
2018-03-05 00:00:00+05:30,120.72,122.97,119.35,121.87,6415190
2018-03-06 00:00:00+05:30,122.84,123.36,109.25,112.95,13291642
2018-03-07 00:00:00+05:30,110.96,112.5,102.64,104.46,35840580
2018-03-08 00:00:00+05:30,105.56,107.61,97.06,102.49,31931867
2018-03-09 00:00:00+05:30,102.49,103.43,93.82,94.7,28169581
2018-03-12 00:00:00+05:30,96.12,99.73,91.0,98.43,33115258
2018-03-13 00:00:00+05:30,98.31,99.79,95.24,96.91,24990891
2018-03-14 00:00:00+05:30,95.12,100.22,94.97,99.33,21981714
2018-03-15 00:00:00+05:30,99.19,103.41,99.0,101.34,21751883
2018-03-16 00:00:00+05:30,101.61,102.18,96.55,97.37,20448762
2018-03-19 00:00:00+05:30,97.06,98.28,93.82,97.42,19217096
2018-03-20 00:00:00+05:30,96.42,99.12,96.03,97.64,15487400
2018-03-21 00:00:00+05:30,98.12,100.8,97.76,98.39,12773078
2018-03-22 00:00:00+05:30,98.52,99.4,96.18,96.73,10173599
2018-03-23 00:00:00+05:30,94.03,94.76,90.21,92.48,16380218
2018-03-26 00:00:00+05:30,92.51,100.86,91.45,99.33,20571740
2018-03-27 00:00:00+05:30,100.64,101.74,96.21,97.0,19807662
2018-03-28 00:00:00+05:30,96.4,98.22,93.85,94.87,19285202
2018-04-02 00:00:00+05:30,95.43,98.55,91.72,97.61,16471660
2018-04-03 00:00:00+05:30,96.0,99.06,94.97,98.52,18952777
2018-04-04 00:00:00+05:30,98.55,100.94,89.24,91.88,54979034
2018-04-05 00:00:00+05:30,91.68,105.44,87.03,101.92,39888339
2018-04-06 00:00:00+05:30,102.19,106.61,101.82,103.23,15411131
2018-04-09 00:00:00+05:30,103.54,104.78,100.41,101.44,7468696
2018-04-10 00:00:00+05:30,102.37,104.05,101.13,101.85,7177758
2018-04-11 00:00:00+05:30,102.06,102.54,98.31,99.64,7439598
2018-04-12 00:00:00+05:30,99.68,100.86,92.82,93.83,11268900
2018-04-13 00:00:00+05:30,96.78,98.58,94.85,96.1,17388247
2018-04-16 00:00:00+05:30,95.61,97.82,94.45,97.03,7365122
2018-04-17 00:00:00+05:30,97.51,98.55,94.99,96.16,5115699
2018-04-18 00:00:00+05:30,97.2,97.2,93.55,94.27,4783727
2018-04-19 00:00:00+05:30,93.41,98.09,93.06,97.65,9294481
2018-04-20 00:00:00+05:30,97.2,97.2,93.75,94.92,5698122
2018-04-23 00:00:00+05:30,95.82,97.89,94.85,96.34,6478751
2018-04-24 00:00:00+05:30,96.89,97.4,94.34,95.07,5250737
2018-04-25 00:00:00+05:30,95.14,96.16,94.2,94.83,3981288
2018-04-26 00:00:00+05:30,95.14,97.71,93.75,96.89,4104587
2018-04-27 00:00:00+05:30,97.16,102.44,96.69,97.75,10967590
2018-04-30 00:00:00+05:30,98.13,99.55,95.54,96.58,3698701
2018-05-02 00:00:00+05:30,96.75,97.54,85.62,89.2,12123271
2018-05-03 00:00:00+05:30,89.62,89.96,84.99,87.14,18668096
2018-05-04 00:00:00+05:30,87.34,91.31,86.61,87.27,18670481
2018-05-07 00:00:00+05:30,87.62,89.55,86.07,87.96,17690381
2018-05-08 00:00:00+05:30,88.41,92.03,86.72,90.62,6710000
2018-05-09 00:00:00+05:30,89.89,90.62,88.27,88.96,5171683
2018-05-10 00:00:00+05:30,89.55,90.1,86.65,87.31,6984766
2018-05-11 00:00:00+05:30,87.93,89.2,85.06,88.1,8621602
2018-05-14 00:00:00+05:30,88.14,88.24,83.82,85.48,7310975
2018-05-15 00:00:00+05:30,85.48,89.24,83.62,84.99,9796500
2018-05-16 00:00:00+05:30,84.79,86.03,83.17,84.86,5814968
2018-05-17 00:00:00+05:30,85.76,86.58,83.97,85.06,4581134
2018-05-18 00:00:00+05:30,85.34,85.48,81.04,81.76,5984315
2018-05-21 00:00:00+05:30,82.04,83.35,79.96,81.49,4637090
2018-05-22 00:00:00+05:30,82.66,85.14,81.51,84.28,5367401
2018-05-23 00:00:00+05:30,84.1,84.41,80.52,80.93,3719443
2018-05-24 00:00:00+05:30,81.35,83.07,79.72,82.13,6337527
2018-05-25 00:00:00+05:30,82.07,86.79,81.38,86.03,7953823
2018-05-28 00:00:00+05:30,85.41,90.65,85.41,89.38,7264139
2018-05-29 00:00:00+05:30,88.24,89.17,84.62,85.28,5934841
2018-05-30 00:00:00+05:30,84.17,86.3,83.75,85.06,3094536
2018-05-31 00:00:00+05:30,85.48,85.65,82.89,83.41,6650028
2018-06-01 00:00:00+05:30,83.41,84.24,79.65,82.42,9049447
2018-06-04 00:00:00+05:30,82.69,83.41,78.34,80.14,7476383
2018-06-05 00:00:00+05:30,79.96,80.86,77.94,79.56,4578060
2018-06-06 00:00:00+05:30,79.62,82.48,78.9,81.51,5820425
2018-06-07 00:00:00+05:30,81.51,88.38,81.51,86.45,15957829
2018-06-08 00:00:00+05:30,85.99,87.69,84.48,87.07,7744566
2018-06-11 00:00:00+05:30,88.03,91.58,87.48,88.41,9519527
2018-06-12 00:00:00+05:30,87.76,88.86,86.96,88.0,3281748
2018-06-13 00:00:00+05:30,88.62,91.44,88.45,89.03,9689216
2018-06-14 00:00:00+05:30,88.58,92.96,87.69,92.34,14352317
2018-06-15 00:00:00+05:30,93.06,94.58,90.58,91.31,12936232
2018-06-18 00:00:00+05:30,91.62,93.75,89.93,92.61,12212786
2018-06-19 00:00:00+05:30,91.41,93.44,88.86,89.55,8111381
2018-06-20 00:00:00+05:30,88.93,91.24,88.86,90.82,7102181
2018-06-21 00:00:00+05:30,90.79,91.48,88.58,89.51,5271955
2018-06-22 00:00:00+05:30,89.48,90.31,87.93,89.86,5982288
2018-06-25 00:00:00+05:30,89.62,90.38,87.34,87.54,4009108
2018-06-26 00:00:00+05:30,86.3,90.31,86.3,89.03,8084245
2018-06-27 00:00:00+05:30,88.24,88.24,77.55,79.34,16934985
2018-06-28 00:00:00+05:30,78.25,79.72,74.93,75.38,12681301
2018-06-29 00:00:00+05:30,75.9,78.72,75.9,78.0,9089687
2018-07-02 00:00:00+05:30,77.76,78.41,69.52,72.42,20546067
2018-07-03 00:00:00+05:30,72.11,74.42,70.72,73.24,10971063
2018-07-04 00:00:00+05:30,73.28,74.97,71.52,74.24,10272212
2018-07-05 00:00:00+05:30,74.49,74.49,72.07,73.0,6091857
2018-07-06 00:00:00+05:30,72.21,77.69,70.83,76.48,18016074
2018-07-09 00:00:00+05:30,76.86,78.14,74.93,76.97,8709946
2018-07-10 00:00:00+05:30,77.9,79.52,77.28,78.65,8134310
2018-07-11 00:00:00+05:30,78.94,86.52,78.65,85.55,38560981
2018-07-12 00:00:00+05:30,85.79,87.21,83.62,85.68,12004527
2018-07-13 00:00:00+05:30,85.93,91.13,84.35,90.75,37992145
2018-07-16 00:00:00+05:30,90.31,92.96,89.07,92.1,26432881
2018-07-17 00:00:00+05:30,93.1,97.62,92.51,95.34,28495392
2018-07-18 00:00:00+05:30,95.3,99.27,93.72,98.02,22498823
2018-07-19 00:00:00+05:30,98.86,106.3,97.24,104.13,20909232
2018-07-20 00:00:00+05:30,104.85,113.54,103.2,112.33,39196855
2018-07-23 00:00:00+05:30,111.23,118.85,109.61,118.02,33906330
2018-07-24 00:00:00+05:30,117.88,129.6,113.85,128.25,78596781
2018-07-25 00:00:00+05:30,127.54,141.53,126.63,137.73,82704853
2018-07-26 00:00:00+05:30,133.94,139.22,130.33,136.32,61580084
2018-07-27 00:00:00+05:30,136.53,142.52,131.33,135.05,41340952
2018-07-30 00:00:00+05:30,135.94,138.15,132.6,133.43,20183679
2018-07-31 00:00:00+05:30,133.35,136.63,131.7,134.74,12989893
2018-08-01 00:00:00+05:30,135.12,136.22,132.11,133.22,7784925
2018-08-02 00:00:00+05:30,133.04,139.04,127.88,135.46,24696375
2018-08-03 00:00:00+05:30,134.08,140.84,133.74,136.6,29599602
2018-08-06 00:00:00+05:30,137.87,139.35,135.25,136.63,12829351
2018-08-07 00:00:00+05:30,135.81,136.01,128.67,131.08,19738164
2018-08-08 00:00:00+05:30,125.5,143.87,123.4,137.63,51484049
2018-08-09 00:00:00+05:30,140.63,142.63,136.63,138.11,22103772
2018-08-10 00:00:00+05:30,137.63,139.18,135.18,137.29,13471439
2018-08-13 00:00:00+05:30,135.12,137.05,132.88,134.01,10434308
2018-08-14 00:00:00+05:30,134.22,141.59,134.12,139.46,19338654
2018-08-16 00:00:00+05:30,136.84,142.01,136.84,139.87,13712170
2018-08-17 00:00:00+05:30,139.25,142.49,138.36,139.97,7976407
2018-08-20 00:00:00+05:30,140.04,147.69,139.35,146.49,28734509
2018-08-21 00:00:00+05:30,147.53,153.04,146.18,147.04,32028613
2018-08-23 00:00:00+05:30,147.87,148.39,140.7,145.35,20884675
2018-08-24 00:00:00+05:30,144.76,147.87,142.94,143.94,11343295
2018-08-27 00:00:00+05:30,144.98,147.04,142.9,146.04,11451880
2018-08-28 00:00:00+05:30,146.6,160.28,144.39,158.35,52785987
2018-08-29 00:00:00+05:30,159.72,163.14,151.59,153.93,41866062
2018-08-30 00:00:00+05:30,153.38,159.41,151.52,154.42,41201330
2018-08-31 00:00:00+05:30,155.11,157.59,153.28,155.28,20576579
2018-09-03 00:00:00+05:30,155.8,156.77,140.73,145.11,29102447
2018-09-04 00:00:00+05:30,145.45,149.17,139.25,145.04,42377345
2018-09-05 00:00:00+05:30,143.52,149.39,141.87,145.42,51442874
2018-09-06 00:00:00+05:30,145.42,165.44,135.1,158.7,77172618
2018-09-07 00:00:00+05:30,160.21,164.72,150.95,152.55,44048971
2018-09-10 00:00:00+05:30,153.18,153.18,145.08,146.15,21238745
2018-09-11 00:00:00+05:30,146.39,149.01,141.84,143.73,15558401
2018-09-12 00:00:00+05:30,143.97,145.57,138.39,144.36,16675558
2018-09-14 00:00:00+05:30,145.18,148.23,143.73,146.0,9138505
2018-09-17 00:00:00+05:30,145.62,150.9,142.32,147.41,11269304
2018-09-18 00:00:00+05:30,147.31,150.12,141.84,143.92,7682162
2018-09-19 00:00:00+05:30,144.84,146.1,140.87,142.85,5482596
2018-09-21 00:00:00+05:30,143.48,148.82,128.6,134.23,13233648
2018-09-24 00:00:00+05:30,134.23,135.49,127.15,130.4,6148046
2018-09-25 00:00:00+05:30,129.43,138.05,121.82,134.13,8841343
2018-09-26 00:00:00+05:30,136.12,138.15,129.62,132.33,6981334
2018-09-27 00:00:00+05:30,131.85,138.68,128.65,137.91,10077028
2018-09-28 00:00:00+05:30,138.3,139.02,121.77,126.61,12249862
2018-10-01 00:00:00+05:30,123.12,134.37,117.84,133.16,10135475
2018-10-03 00:00:00+05:30,132.82,137.18,126.08,130.69,7044066
2018-10-04 00:00:00+05:30,125.45,130.2,123.12,128.89,7411137
2018-10-05 00:00:00+05:30,127.54,131.61,124.34,126.23,6291500
2018-10-08 00:00:00+05:30,125.06,130.74,117.65,129.09,10993834
2018-10-09 00:00:00+05:30,131.85,133.5,125.4,131.75,7412200
2018-10-10 00:00:00+05:30,132.33,143.34,130.88,139.36,9499011
2018-10-11 00:00:00+05:30,133.79,139.02,131.03,133.98,8686628
2018-10-12 00:00:00+05:30,135.82,140.96,135.82,139.46,6538300
2018-10-15 00:00:00+05:30,142.51,149.06,139.41,147.8,9295577
2018-10-16 00:00:00+05:30,147.7,155.12,147.12,152.84,9975708
2018-10-17 00:00:00+05:30,155.21,158.66,149.54,156.81,12027607
2018-10-19 00:00:00+05:30,153.66,165.49,153.66,163.6,12234826
2018-10-22 00:00:00+05:30,165.88,171.31,159.38,163.36,14389666
2018-10-23 00:00:00+05:30,163.84,166.61,160.93,164.38,8601920
2018-10-24 00:00:00+05:30,165.78,166.99,160.06,162.44,5622640
2018-10-25 00:00:00+05:30,161.66,169.08,156.57,166.85,7695416
2018-10-26 00:00:00+05:30,168.69,169.42,160.26,161.66,7202784
2018-10-29 00:00:00+05:30,163.5,167.33,160.01,166.51,5500343
2018-10-30 00:00:00+05:30,167.24,168.69,162.97,163.89,4007533
2018-10-31 00:00:00+05:30,161.9,168.5,159.67,164.81,10577449
2018-11-01 00:00:00+05:30,165.83,172.67,163.7,169.66,8294872
2018-11-02 00:00:00+05:30,171.21,174.02,168.5,170.24,7054307
2018-11-05 00:00:00+05:30,170.73,171.36,151.05,163.36,13067304
2018-11-06 00:00:00+05:30,163.12,163.84,157.06,159.43,6018147
2018-11-07 00:00:00+05:30,159.97,163.84,159.67,160.69,1174132
2018-11-09 00:00:00+05:30,160.45,162.68,158.95,161.23,4207837
2018-11-12 00:00:00+05:30,160.93,162.78,153.32,155.36,4468565
2018-11-13 00:00:00+05:30,155.36,158.03,153.91,157.2,3756336
2018-11-14 00:00:00+05:30,158.32,158.75,153.42,155.94,3365839
2018-11-15 00:00:00+05:30,156.81,161.18,155.12,157.88,5464170
2018-11-16 00:00:00+05:30,158.03,158.85,152.69,156.52,4007592
2018-11-19 00:00:00+05:30,157.44,159.38,154.68,157.15,3532186
2018-11-20 00:00:00+05:30,156.72,158.66,152.16,155.26,4429007
2018-11-21 00:00:00+05:30,156.67,157.06,153.66,156.09,4341897
2018-11-22 00:00:00+05:30,156.96,157.01,152.74,153.66,2480709
2018-11-26 00:00:00+05:30,153.66,155.02,150.9,152.55,2504668
2018-11-27 00:00:00+05:30,152.55,156.09,149.54,154.29,4049431
2018-11-28 00:00:00+05:30,154.29,154.73,151.53,153.18,3255834
2018-11-29 00:00:00+05:30,154.49,170.19,153.86,164.72,14078503
2018-11-30 00:00:00+05:30,163.36,169.47,158.51,159.97,9701541
2018-12-03 00:00:00+05:30,160.98,163.36,158.51,161.61,3314836
2018-12-04 00:00:00+05:30,160.89,161.42,155.12,157.78,3916892
2018-12-05 00:00:00+05:30,156.14,159.92,151.0,152.6,8871977
2018-12-06 00:00:00+05:30,151.05,151.24,145.18,145.96,5894381
2018-12-07 00:00:00+05:30,147.17,149.64,145.42,148.23,7644533
2018-12-10 00:00:00+05:30,142.37,142.51,136.7,138.78,7720308
2018-12-11 00:00:00+05:30,134.76,151.09,130.4,147.26,9543031
2018-12-12 00:00:00+05:30,148.14,152.21,146.44,151.34,4515743
2018-12-13 00:00:00+05:30,151.24,153.76,149.3,151.24,3609455
2018-12-14 00:00:00+05:30,151.24,153.08,149.4,152.31,3496278
2018-12-17 00:00:00+05:30,152.31,154.05,151.58,153.13,1645827
2018-12-18 00:00:00+05:30,152.89,154.88,151.43,153.23,1742762
2018-12-19 00:00:00+05:30,155.12,157.74,153.66,155.31,2385125
2018-12-20 00:00:00+05:30,154.54,157.54,153.57,154.39,2619524
2018-12-21 00:00:00+05:30,154.92,156.57,147.36,154.49,5503266
2018-12-24 00:00:00+05:30,154.54,155.99,151.72,153.71,3229151
2018-12-26 00:00:00+05:30,152.06,159.09,150.37,156.33,4193480
2018-12-27 00:00:00+05:30,157.3,162.68,154.97,157.4,11224955
2018-12-28 00:00:00+05:30,157.01,159.29,154.92,156.62,4028927
2018-12-31 00:00:00+05:30,157.88,159.19,155.31,156.09,4013095
2019-01-01 00:00:00+05:30,155.99,157.4,150.71,152.45,4875429
2019-01-02 00:00:00+05:30,152.21,153.03,147.85,150.12,2821355
2019-01-03 00:00:00+05:30,150.17,151.34,145.71,147.85,2845713
2019-01-04 00:00:00+05:30,147.46,149.3,145.42,147.89,2864725
2019-01-07 00:00:00+05:30,148.23,149.74,145.67,146.63,2799649
2019-01-08 00:00:00+05:30,145.91,149.59,145.08,148.77,2879741
2019-01-09 00:00:00+05:30,148.91,149.74,143.1,144.79,4182436
2019-01-10 00:00:00+05:30,146.39,147.17,143.97,146.49,3645797
2019-01-11 00:00:00+05:30,146.49,147.94,144.55,146.88,2325976
2019-01-14 00:00:00+05:30,146.39,146.54,142.51,143.82,2707192
2019-01-15 00:00:00+05:30,143.97,145.37,142.76,144.11,1862512
2019-01-16 00:00:00+05:30,143.68,146.1,143.48,143.92,1623724
2019-01-17 00:00:00+05:30,143.87,146.63,141.88,144.45,2701289
2019-01-18 00:00:00+05:30,145.13,145.23,140.14,142.27,2379119
2019-01-21 00:00:00+05:30,142.03,143.48,139.85,141.5,1818703
2019-01-22 00:00:00+05:30,140.96,142.17,137.38,141.25,2332854
2019-01-23 00:00:00+05:30,141.06,142.03,137.72,138.64,2396107
2019-01-24 00:00:00+05:30,138.64,139.65,136.79,138.2,1731685
2019-01-25 00:00:00+05:30,138.49,141.01,132.0,133.16,3401446
2019-01-28 00:00:00+05:30,133.79,136.7,115.32,132.24,9700495
2019-01-29 00:00:00+05:30,132.29,139.41,129.52,136.5,4436884
2019-01-30 00:00:00+05:30,136.6,137.18,132.33,135.63,3200592
2019-01-31 00:00:00+05:30,135.24,137.42,130.88,132.96,3608763
2019-02-01 00:00:00+05:30,132.77,140.38,130.44,138.64,7314408
2019-02-04 00:00:00+05:30,138.54,138.54,117.6,119.34,10141943
2019-02-05 00:00:00+05:30,118.28,123.51,115.95,120.46,8751663
2019-02-06 00:00:00+05:30,120.07,120.41,111.3,119.15,10216990
2019-02-07 00:00:00+05:30,118.47,122.93,115.42,120.17,10135532
2019-02-08 00:00:00+05:30,119.25,121.62,112.17,119.97,8313499
2019-02-11 00:00:00+05:30,119.2,119.49,112.27,114.59,7270184
2019-02-12 00:00:00+05:30,113.62,116.34,111.83,113.38,3815356
2019-02-13 00:00:00+05:30,113.43,121.77,111.98,115.9,10092570
2019-02-14 00:00:00+05:30,114.84,115.85,112.46,114.5,5118900
2019-02-15 00:00:00+05:30,114.54,117.45,112.95,116.14,4651313
2019-02-18 00:00:00+05:30,114.69,116.24,112.56,113.91,2650326
2019-02-19 00:00:00+05:30,114.79,116.14,113.24,114.64,2727378
2019-02-20 00:00:00+05:30,114.35,117.4,112.65,116.39,3856770
2019-02-21 00:00:00+05:30,116.14,117.31,114.3,115.76,2783119
2019-02-22 00:00:00+05:30,116.58,126.71,116.14,124.14,15157619
2019-02-25 00:00:00+05:30,121.19,129.81,119.25,127.97,13171896
2019-02-26 00:00:00+05:30,126.03,130.2,124.09,128.07,9158565
2019-02-27 00:00:00+05:30,129.72,132.14,125.6,128.21,6060219
2019-02-28 00:00:00+05:30,129.43,130.1,124.09,124.92,4085630
2019-03-01 00:00:00+05:30,126.37,131.07,124.92,129.77,7981676
2019-03-05 00:00:00+05:30,128.46,139.32,127.97,137.47,7838155
2019-03-06 00:00:00+05:30,138.39,139.36,133.98,135.0,5008932
2019-03-07 00:00:00+05:30,134.76,136.65,131.17,132.72,3606674
2019-03-08 00:00:00+05:30,131.61,135.1,131.27,133.98,3797317
2019-03-11 00:00:00+05:30,133.64,136.65,133.4,134.81,2631045
2019-03-12 00:00:00+05:30,136.21,146.15,135.78,143.87,12938470
2019-03-13 00:00:00+05:30,143.87,145.81,140.96,142.85,5879573
2019-03-14 00:00:00+05:30,142.9,144.65,139.22,141.11,4180153
2019-03-15 00:00:00+05:30,141.35,144.36,135.97,137.52,6169977
2019-03-18 00:00:00+05:30,138.05,140.58,136.07,139.51,5089595
2019-03-19 00:00:00+05:30,140.04,140.43,136.21,137.67,4456807
2019-03-20 00:00:00+05:30,137.67,138.35,133.84,135.19,3344520
2019-03-22 00:00:00+05:30,136.41,137.13,132.87,134.03,3246205
2019-03-25 00:00:00+05:30,132.82,133.4,129.43,130.25,3071254
2019-03-26 00:00:00+05:30,130.78,135.73,129.33,134.08,4312548
2019-03-27 00:00:00+05:30,134.32,136.65,132.09,133.3,2866122
2019-03-28 00:00:00+05:30,134.23,138.78,132.14,133.6,4091133
2019-03-29 00:00:00+05:30,135.34,145.62,135.05,142.27,14348498
2019-04-01 00:00:00+05:30,142.95,148.53,140.67,146.83,8188587
2019-04-02 00:00:00+05:30,147.07,148.62,143.82,147.02,6424291
2019-04-03 00:00:00+05:30,145.71,147.99,142.13,143.05,3523544
2019-04-04 00:00:00+05:30,143.44,145.71,141.01,143.0,4088748
2019-04-05 00:00:00+05:30,143.48,144.65,141.74,142.42,2067818
2019-04-08 00:00:00+05:30,143.0,144.11,136.79,137.62,4538326
2019-04-09 00:00:00+05:30,137.96,142.51,133.26,141.54,8697753
2019-04-10 00:00:00+05:30,141.3,142.9,137.72,138.49,4493265
2019-04-11 00:00:00+05:30,138.39,138.78,134.37,136.7,3646729
2019-04-12 00:00:00+05:30,136.5,140.04,134.95,137.09,5951236
2019-04-15 00:00:00+05:30,136.7,140.72,136.26,138.59,4512781
2019-04-16 00:00:00+05:30,137.86,140.91,137.86,138.68,3763799
2019-04-18 00:00:00+05:30,138.73,140.04,133.45,134.37,4078458
2019-04-22 00:00:00+05:30,133.79,134.42,130.25,131.03,3289967
2019-04-23 00:00:00+05:30,131.27,132.14,127.54,128.46,4213407
2019-04-24 00:00:00+05:30,128.7,132.92,128.07,132.0,4465533
2019-04-25 00:00:00+05:30,130.98,132.82,129.77,130.64,2178541
2019-04-26 00:00:00+05:30,130.88,131.51,126.28,127.39,4487520
2019-04-30 00:00:00+05:30,127.78,127.78,121.19,123.17,4132946
2019-05-02 00:00:00+05:30,122.16,126.03,120.99,122.79,3872605
2019-05-03 00:00:00+05:30,120.22,125.06,119.25,124.38,6418666
2019-05-06 00:00:00+05:30,121.91,123.51,121.23,121.77,2058839
2019-05-07 00:00:00+05:30,122.54,123.12,116.39,118.62,4737787
2019-05-08 00:00:00+05:30,118.08,119.88,116.73,117.21,2745112
2019-05-09 00:00:00+05:30,118.18,118.47,115.51,116.44,2999297
2019-05-10 00:00:00+05:30,117.31,118.57,115.61,116.34,2924488
2019-05-13 00:00:00+05:30,117.02,117.21,113.09,114.01,2190980
2019-05-14 00:00:00+05:30,112.8,120.75,111.49,119.59,4691422
2019-05-15 00:00:00+05:30,120.41,121.14,112.56,113.82,3774186
2019-05-16 00:00:00+05:30,114.5,115.85,109.55,115.17,5537250
2019-05-17 00:00:00+05:30,114.16,116.87,112.56,115.66,4776770
2019-05-20 00:00:00+05:30,127.2,150.17,124.19,147.31,38855976
2019-05-21 00:00:00+05:30,149.98,154.1,143.92,149.93,40982941
2019-05-22 00:00:00+05:30,150.32,153.95,148.14,153.13,13992059
2019-05-23 00:00:00+05:30,164.33,175.28,152.89,156.14,63265011
2019-05-24 00:00:00+05:30,157.4,158.75,147.22,151.63,20046767
2019-05-27 00:00:00+05:30,154.25,155.8,150.42,152.4,9969014
2019-05-28 00:00:00+05:30,152.31,155.46,151.29,152.84,5628205
2019-05-29 00:00:00+05:30,153.13,153.57,147.12,150.42,13402583
2019-05-30 00:00:00+05:30,153.28,154.54,150.37,153.28,6952436
2019-05-31 00:00:00+05:30,153.66,154.44,144.55,150.03,7790996
2019-06-03 00:00:00+05:30,149.3,156.96,147.02,154.2,8226672
2019-06-04 00:00:00+05:30,153.32,154.44,149.79,152.79,5676116
2019-06-06 00:00:00+05:30,152.11,152.98,146.59,148.48,3952774
2019-06-07 00:00:00+05:30,148.28,148.86,142.32,146.73,5174337
2019-06-10 00:00:00+05:30,147.36,150.75,142.51,145.37,4092254
2019-06-11 00:00:00+05:30,144.94,149.54,143.82,148.91,3520523
2019-06-12 00:00:00+05:30,149.3,154.49,145.96,148.53,7712425
2019-06-13 00:00:00+05:30,148.53,154.0,144.45,148.43,8219473
2019-06-14 00:00:00+05:30,151.24,151.24,146.93,147.8,6797081
2019-06-17 00:00:00+05:30,148.33,149.25,142.76,143.39,3579532
2019-06-18 00:00:00+05:30,142.85,144.31,139.61,143.44,5945882
2019-06-19 00:00:00+05:30,143.92,145.18,136.31,138.44,4893705
2019-06-20 00:00:00+05:30,137.96,145.13,136.07,143.92,4617981
2019-06-21 00:00:00+05:30,142.51,147.36,141.5,142.32,4820225
2019-06-24 00:00:00+05:30,141.45,144.26,140.19,143.24,3342655
2019-06-25 00:00:00+05:30,142.03,147.31,140.43,146.25,5075156
2019-06-26 00:00:00+05:30,145.42,150.56,143.97,149.11,4930340
2019-06-27 00:00:00+05:30,147.65,150.22,146.88,148.19,2948393
2019-06-28 00:00:00+05:30,147.85,151.53,145.23,145.91,4788526
2019-07-01 00:00:00+05:30,146.05,150.85,143.53,149.4,6377208
2019-07-02 00:00:00+05:30,150.17,153.37,146.78,149.98,12111147
2019-07-03 00:00:00+05:30,151.63,152.79,149.49,150.85,5839441
2019-07-04 00:00:00+05:30,155.21,156.86,149.59,151.34,16181346
2019-07-05 00:00:00+05:30,151.53,152.06,141.4,142.81,6815048
2019-07-08 00:00:00+05:30,138.88,141.79,133.35,134.66,6082181
2019-07-09 00:00:00+05:30,133.84,138.83,131.61,136.84,7548334
2019-07-10 00:00:00+05:30,137.67,138.15,133.06,135.1,5723300
2019-07-11 00:00:00+05:30,136.21,137.52,133.3,136.7,5259037
2019-07-12 00:00:00+05:30,136.7,139.07,133.6,136.02,6888822
2019-07-15 00:00:00+05:30,136.7,137.38,131.95,133.74,4632636
2019-07-16 00:00:00+05:30,133.69,136.65,132.43,135.87,5110010
2019-07-17 00:00:00+05:30,135.92,136.7,132.82,133.84,4109816
2019-07-18 00:00:00+05:30,133.5,133.74,129.28,130.1,4380733
2019-07-19 00:00:00+05:30,130.15,131.07,126.32,127.39,4390057
2019-07-22 00:00:00+05:30,126.76,130.1,124.77,127.63,5639534
2019-07-23 00:00:00+05:30,127.44,131.8,126.76,129.96,5934576
2019-07-24 00:00:00+05:30,129.38,129.91,123.95,125.84,5573513
2019-07-25 00:00:00+05:30,126.52,127.29,123.85,125.45,4102850
2019-07-26 00:00:00+05:30,125.45,130.1,124.48,127.83,3746368
2019-07-29 00:00:00+05:30,127.0,127.83,123.22,125.5,4486785
2019-07-30 00:00:00+05:30,124.09,127.0,120.07,121.52,4298202
2019-07-31 00:00:00+05:30,121.19,125.35,120.41,124.87,3780762
2019-08-01 00:00:00+05:30,124.68,125.16,119.25,121.62,4603411
2019-08-02 00:00:00+05:30,121.09,125.79,119.54,124.19,4783476
2019-08-05 00:00:00+05:30,122.35,122.54,117.45,120.89,5424773
2019-08-06 00:00:00+05:30,120.22,125.5,120.22,124.29,4022022
2019-08-07 00:00:00+05:30,124.29,126.18,120.8,121.77,4034922
2019-08-08 00:00:00+05:30,122.35,129.91,120.26,126.91,7292568
2019-08-09 00:00:00+05:30,130.59,131.75,126.13,128.36,8859420
2019-08-13 00:00:00+05:30,128.94,129.81,124.68,126.32,4359131
2019-08-14 00:00:00+05:30,126.91,128.41,123.46,126.66,4910998
2019-08-16 00:00:00+05:30,126.03,129.86,124.24,128.8,4215715
2019-08-19 00:00:00+05:30,128.75,132.77,128.26,131.37,4395881
2019-08-20 00:00:00+05:30,131.56,132.63,128.02,131.51,4658004
2019-08-21 00:00:00+05:30,129.91,131.17,126.28,127.88,3534369
2019-08-22 00:00:00+05:30,126.95,127.29,122.25,123.03,3464559
2019-08-23 00:00:00+05:30,119.63,128.17,119.15,127.29,4511680
2019-08-26 00:00:00+05:30,128.07,131.8,124.38,131.07,5680923
2019-08-27 00:00:00+05:30,130.64,133.98,129.81,132.96,4637209
2019-08-28 00:00:00+05:30,132.04,132.92,128.12,131.8,5480096
2019-08-29 00:00:00+05:30,133.79,133.79,126.37,128.31,6300713
2019-08-30 00:00:00+05:30,128.36,134.08,128.12,133.16,8051886
2019-09-03 00:00:00+05:30,131.46,132.72,128.94,131.12,3586998
2019-09-04 00:00:00+05:30,130.49,131.37,126.61,130.83,4449487
2019-09-05 00:00:00+05:30,130.88,134.42,129.28,131.61,7055670
2019-09-06 00:00:00+05:30,131.27,134.23,130.93,133.55,3862513
2019-09-09 00:00:00+05:30,133.6,137.42,132.19,136.6,4486192
2019-09-11 00:00:00+05:30,135.78,140.48,135.78,139.56,4378618
2019-09-12 00:00:00+05:30,140.43,141.84,137.72,138.68,3610658
2019-09-13 00:00:00+05:30,138.64,142.42,136.26,141.3,3673142
2019-09-16 00:00:00+05:30,139.61,142.71,138.78,141.5,3830689
2019-09-17 00:00:00+05:30,141.06,143.39,138.05,139.36,4298841
2019-09-18 00:00:00+05:30,139.61,141.54,137.76,139.75,3574689
2019-09-19 00:00:00+05:30,139.56,140.48,136.21,138.2,2746700
2019-09-20 00:00:00+05:30,138.64,147.46,136.99,144.55,7782856
2019-09-23 00:00:00+05:30,149.3,149.3,143.05,147.75,4267206
2019-09-24 00:00:00+05:30,146.63,148.33,140.96,143.53,4720985
2019-09-25 00:00:00+05:30,145.13,146.39,141.06,143.05,4716017
2019-09-26 00:00:00+05:30,143.92,150.66,142.17,148.04,7234242
2019-09-27 00:00:00+05:30,148.04,148.04,142.71,144.89,4143355
2019-09-30 00:00:00+05:30,144.55,145.18,139.36,141.4,3639368
2019-10-01 00:00:00+05:30,141.64,143.19,136.21,139.27,3849515
2019-10-03 00:00:00+05:30,138.64,140.58,137.09,139.17,2135393
2019-10-04 00:00:00+05:30,139.56,140.09,133.35,135.73,2457805
2019-10-07 00:00:00+05:30,134.23,135.73,131.12,131.66,2786988
2019-10-09 00:00:00+05:30,130.83,135.39,130.01,134.76,2767155
2019-10-10 00:00:00+05:30,133.79,134.86,131.17,133.21,2489866
2019-10-11 00:00:00+05:30,133.26,134.56,130.49,132.77,2868404
2019-10-14 00:00:00+05:30,133.69,147.75,132.82,142.61,11135715
2019-10-15 00:00:00+05:30,143.19,151.09,142.13,150.27,11396640
2019-10-16 00:00:00+05:30,150.27,155.99,150.27,155.26,9889068
2019-10-17 00:00:00+05:30,154.92,159.97,152.84,157.59,6728362
2019-10-18 00:00:00+05:30,169.56,170.44,160.06,169.76,14608437
2019-10-22 00:00:00+05:30,169.18,174.51,168.11,173.2,8158804
2019-10-23 00:00:00+05:30,173.3,173.3,167.14,171.07,4893304
2019-10-24 00:00:00+05:30,169.66,174.51,168.98,173.54,4903333
2019-10-25 00:00:00+05:30,174.02,178.09,171.79,175.77,8104493
2019-10-27 00:00:00+05:30,177.32,178.63,176.45,177.8,1034997
2019-10-29 00:00:00+05:30,177.22,190.99,176.79,189.58,9834901
2019-10-30 00:00:00+05:30,188.42,191.42,186.43,189.78,4942340
2019-10-31 00:00:00+05:30,190.7,195.16,190.02,193.56,6792026
2019-11-01 00:00:00+05:30,192.93,196.22,190.21,194.33,3633844
2019-11-04 00:00:00+05:30,194.82,197.68,192.2,194.77,4090315
2019-11-05 00:00:00+05:30,193.9,195.35,191.67,194.43,2399354
2019-11-06 00:00:00+05:30,192.93,203.3,192.54,201.22,6416098
2019-11-07 00:00:00+05:30,201.56,203.98,199.23,202.77,4084117
2019-11-08 00:00:00+05:30,202.33,205.53,199.91,201.7,4185462
2019-11-11 00:00:00+05:30,200.63,205.77,199.76,204.42,2998661
2019-11-13 00:00:00+05:30,202.62,204.32,188.37,192.15,10146205
2019-11-14 00:00:00+05:30,190.26,196.95,188.13,196.13,4271529
2019-11-15 00:00:00+05:30,195.84,198.74,194.67,197.39,3418882
2019-11-18 00:00:00+05:30,197.58,199.33,193.99,195.01,2106032
2019-11-19 00:00:00+05:30,195.84,196.42,190.26,193.61,3047853
2019-11-20 00:00:00+05:30,192.44,201.12,192.05,199.42,3597806
2019-11-21 00:00:00+05:30,200.59,202.62,195.79,199.23,4548495
2019-11-22 00:00:00+05:30,198.5,200.0,193.99,197.24,2625776
2019-11-25 00:00:00+05:30,195.74,209.65,195.45,208.63,7019425
2019-11-26 00:00:00+05:30,208.2,211.06,200.83,204.17,5412966
2019-11-27 00:00:00+05:30,203.49,208.63,202.14,207.03,4178924
2019-11-28 00:00:00+05:30,206.31,209.6,204.08,206.6,4367621
2019-11-29 00:00:00+05:30,205.92,214.74,205.24,208.34,8220681
2019-12-02 00:00:00+05:30,205.53,207.18,199.76,202.62,3269220
2019-12-03 00:00:00+05:30,201.65,203.54,197.34,201.51,2457606
2019-12-04 00:00:00+05:30,199.52,206.99,199.04,205.97,3009102
2019-12-05 00:00:00+05:30,206.5,207.18,201.02,202.04,2381708
2019-12-06 00:00:00+05:30,202.09,203.64,198.79,200.2,2020121
2019-12-09 00:00:00+05:30,199.62,203.3,196.22,201.12,2631097
2019-12-10 00:00:00+05:30,201.12,201.85,197.1,197.97,2207240
2019-12-11 00:00:00+05:30,196.9,201.46,196.47,199.86,2223432
2019-12-12 00:00:00+05:30,200.59,205.87,200.3,203.98,3051264
2019-12-13 00:00:00+05:30,204.08,206.74,202.14,205.72,2958065
2019-12-16 00:00:00+05:30,205.63,206.74,203.01,204.08,2253343
2019-12-17 00:00:00+05:30,204.08,206.69,203.59,204.76,2030168
2019-12-18 00:00:00+05:30,205.34,205.97,199.33,201.8,2622341
2019-12-19 00:00:00+05:30,201.31,204.56,200.44,204.13,2249299
2019-12-20 00:00:00+05:30,203.59,214.06,203.11,212.12,7218160
2019-12-23 00:00:00+05:30,211.11,214.06,205.92,208.0,3826182
2019-12-24 00:00:00+05:30,208.0,210.33,201.27,202.77,3078563
2019-12-26 00:00:00+05:30,202.57,204.66,199.33,202.57,3403020
2019-12-27 00:00:00+05:30,202.67,204.76,200.78,202.72,2311024
2019-12-30 00:00:00+05:30,203.49,205.14,201.65,202.28,1999753
2019-12-31 00:00:00+05:30,202.33,204.32,201.31,201.99,1650422
2020-01-01 00:00:00+05:30,202.62,204.03,200.34,201.51,1602012
2020-01-02 00:00:00+05:30,201.65,206.69,201.17,204.76,3086109
2020-01-03 00:00:00+05:30,203.83,205.87,199.52,201.94,2591500
2020-01-06 00:00:00+05:30,201.41,201.41,191.72,193.46,4490197
2020-01-07 00:00:00+05:30,194.43,199.42,194.43,197.82,3059480
2020-01-08 00:00:00+05:30,194.87,197.34,188.61,195.35,5944036
2020-01-09 00:00:00+05:30,195.74,202.53,195.74,201.65,3606103
2020-01-10 00:00:00+05:30,201.65,206.5,199.62,202.72,2856292
2020-01-13 00:00:00+05:30,204.22,209.65,203.2,207.08,3638289
2020-01-14 00:00:00+05:30,206.94,208.92,205.39,207.81,1831057
2020-01-15 00:00:00+05:30,207.95,211.35,206.02,209.99,2044466
2020-01-16 00:00:00+05:30,211.06,215.71,210.38,213.29,4415106
2020-01-17 00:00:00+05:30,209.41,222.25,207.18,221.43,11151017
2020-01-20 00:00:00+05:30,222.55,225.16,217.31,219.64,4689466
2020-01-21 00:00:00+05:30,217.5,220.07,213.77,217.41,2902083
2020-01-22 00:00:00+05:30,217.94,221.04,214.4,219.01,3031884
2020-01-23 00:00:00+05:30,219.1,224.14,218.86,222.59,2733505
2020-01-24 00:00:00+05:30,218.62,225.31,212.32,222.74,7379995
2020-01-27 00:00:00+05:30,222.5,229.23,219.15,223.51,5460605
2020-01-28 00:00:00+05:30,225.16,227.34,222.11,222.88,2229752
2020-01-29 00:00:00+05:30,224.63,231.08,223.95,225.21,3855847
2020-01-30 00:00:00+05:30,225.21,225.65,221.24,224.44,2261121
2020-01-31 00:00:00+05:30,223.95,227.39,220.22,222.45,2805931
2020-02-01 00:00:00+05:30,221.04,226.52,214.06,216.0,3142274
2020-02-03 00:00:00+05:30,214.93,217.79,209.02,214.16,2806246
2020-02-04 00:00:00+05:30,215.86,220.22,215.27,218.57,2091923
2020-02-05 00:00:00+05:30,219.83,232.0,215.76,229.04,9268754
2020-02-06 00:00:00+05:30,230.16,236.17,226.96,229.28,9131317
2020-02-07 00:00:00+05:30,229.19,234.76,228.07,232.19,5211471
2020-02-10 00:00:00+05:30,232.19,237.67,230.3,237.04,5764102
2020-02-11 00:00:00+05:30,237.72,241.01,236.22,237.81,3644977
2020-02-12 00:00:00+05:30,238.4,243.73,237.52,242.08,4631646
2020-02-13 00:00:00+05:30,242.18,245.04,240.67,243.78,2643824
2020-02-14 00:00:00+05:30,244.79,250.71,243.87,248.33,5124705
2020-02-17 00:00:00+05:30,249.06,249.55,243.97,244.79,2487428
2020-02-18 00:00:00+05:30,243.97,243.97,237.77,241.84,2506945
2020-02-19 00:00:00+05:30,242.37,247.7,242.27,246.25,2167882
2020-02-20 00:00:00+05:30,245.47,253.04,244.94,250.76,3206004
2020-02-24 00:00:00+05:30,247.02,248.04,236.65,239.71,3413373
2020-02-25 00:00:00+05:30,242.18,244.07,235.0,238.93,3414144
2020-02-26 00:00:00+05:30,236.55,238.78,233.65,235.39,2988587
2020-02-27 00:00:00+05:30,234.08,234.08,224.97,227.0,3680361
2020-02-28 00:00:00+05:30,214.26,219.88,210.38,211.98,3470070
2020-03-02 00:00:00+05:30,216.2,219.78,209.55,211.93,3262159
2020-03-03 00:00:00+05:30,214.26,221.67,212.56,218.86,3086350
2020-03-04 00:00:00+05:30,219.2,220.07,207.03,214.35,5380988
2020-03-05 00:00:00+05:30,216.92,219.93,212.66,214.98,3258513
2020-03-06 00:00:00+05:30,208.54,210.14,201.17,208.2,4512938
2020-03-09 00:00:00+05:30,200.68,202.14,191.23,193.61,2850987
2020-03-11 00:00:00+05:30,191.38,198.74,186.38,189.78,3881639
2020-03-12 00:00:00+05:30,174.6,178.29,155.55,157.2,4986554
2020-03-13 00:00:00+05:30,141.5,156.43,125.79,144.21,7698598
2020-03-16 00:00:00+05:30,136.7,137.96,124.72,130.59,6790047
2020-03-17 00:00:00+05:30,131.56,138.2,126.52,129.33,6589129
2020-03-18 00:00:00+05:30,131.75,132.82,123.22,126.23,4389638
2020-03-19 00:00:00+05:30,117.31,128.89,114.59,124.97,5690732
2020-03-20 00:00:00+05:30,133.79,137.28,124.77,133.5,4637927
2020-03-23 00:00:00+05:30,119.3,130.88,114.59,117.21,1501976
2020-03-24 00:00:00+05:30,121.19,128.89,112.85,126.37,5287264
2020-03-25 00:00:00+05:30,122.16,130.78,121.19,128.26,2858546
2020-03-26 00:00:00+05:30,130.88,147.36,128.02,135.97,8231437
2020-03-27 00:00:00+05:30,141.54,146.39,122.4,124.09,4516177
2020-03-30 00:00:00+05:30,120.22,125.84,117.31,124.77,2473068
2020-03-31 00:00:00+05:30,127.68,134.23,125.5,133.4,2269480
2020-04-01 00:00:00+05:30,134.71,134.71,127.78,129.86,2060484
2020-04-03 00:00:00+05:30,129.91,130.49,124.09,125.11,1817405
2020-04-07 00:00:00+05:30,127.0,137.18,127.0,133.93,2541065
2020-04-08 00:00:00+05:30,132.67,142.66,130.78,133.89,3339185
2020-04-09 00:00:00+05:30,135.73,141.79,135.73,138.1,2433795
2020-04-13 00:00:00+05:30,137.67,144.45,132.38,141.54,2273949
2020-04-15 00:00:00+05:30,143.53,146.34,138.83,140.82,3520960
2020-04-16 00:00:00+05:30,137.67,140.43,136.26,138.93,2770228
2020-04-17 00:00:00+05:30,142.47,144.02,137.23,139.51,2459071
2020-04-20 00:00:00+05:30,141.54,150.71,138.25,142.22,7050411
2020-04-21 00:00:00+05:30,138.64,138.64,130.06,131.8,3688740
2020-04-22 00:00:00+05:30,131.85,134.56,128.07,133.4,6201398
2020-04-23 00:00:00+05:30,136.21,138.15,133.3,136.21,3477387
2020-04-24 00:00:00+05:30,132.96,136.26,130.01,130.54,1880552
2020-04-27 00:00:00+05:30,132.24,134.13,130.01,130.49,3091263
2020-04-28 00:00:00+05:30,131.8,137.57,130.93,135.05,5901286
2020-04-29 00:00:00+05:30,135.73,136.41,131.51,135.24,4924640
2020-04-30 00:00:00+05:30,137.13,142.95,136.02,137.09,5054562
2020-05-04 00:00:00+05:30,132.72,133.3,126.03,127.54,6202629
2020-05-05 00:00:00+05:30,130.88,132.19,127.78,128.65,3210453
2020-05-06 00:00:00+05:30,129.57,131.27,123.42,129.18,6899013
2020-05-07 00:00:00+05:30,127.1,131.51,126.03,130.78,2499758
2020-05-08 00:00:00+05:30,132.72,135.1,132.04,132.96,2508007
2020-05-11 00:00:00+05:30,133.64,138.93,133.3,135.78,2992023
2020-05-12 00:00:00+05:30,134.27,136.41,129.14,135.63,2993291
2020-05-13 00:00:00+05:30,140.58,140.58,136.46,136.84,3213087
2020-05-14 00:00:00+05:30,135.29,138.01,133.21,136.6,1637416
2020-05-15 00:00:00+05:30,137.09,139.32,135.73,136.75,2213235
2020-05-18 00:00:00+05:30,140.38,141.93,130.25,131.75,5097073
2020-05-19 00:00:00+05:30,133.6,141.45,130.35,135.44,5739538
2020-05-20 00:00:00+05:30,135.24,138.83,133.79,137.04,2963025
2020-05-21 00:00:00+05:30,137.86,139.61,132.87,134.08,2766998
2020-05-22 00:00:00+05:30,133.79,136.89,132.43,133.89,2526196
2020-05-26 00:00:00+05:30,134.76,138.93,134.13,135.24,2741528
2020-05-27 00:00:00+05:30,135.49,137.28,134.27,136.7,2294776
2020-05-28 00:00:00+05:30,137.38,139.99,136.31,138.3,2905387
2020-05-29 00:00:00+05:30,136.79,148.91,136.79,143.82,9451009
2020-06-01 00:00:00+05:30,145.42,150.17,144.94,145.91,4110536
2020-06-02 00:00:00+05:30,146.39,147.94,143.73,145.37,2561022
2020-06-03 00:00:00+05:30,147.12,153.08,145.03,146.05,6060893
2020-06-04 00:00:00+05:30,145.91,149.2,141.69,143.48,3245682
2020-06-05 00:00:00+05:30,144.36,150.27,143.92,147.8,4240496
2020-06-08 00:00:00+05:30,150.85,153.66,146.05,147.99,5054440
2020-06-09 00:00:00+05:30,149.49,151.92,146.44,147.26,3100266
2020-06-10 00:00:00+05:30,148.09,150.03,145.67,147.22,4265283
2020-06-11 00:00:00+05:30,147.22,160.4,145.67,147.17,17053486
2020-06-12 00:00:00+05:30,139.61,148.62,136.7,147.65,4969128
2020-06-15 00:00:00+05:30,147.17,152.06,143.73,144.7,3316189
2020-06-16 00:00:00+05:30,148.82,149.3,138.39,141.74,2723520
2020-06-17 00:00:00+05:30,140.58,143.92,139.07,142.66,1292259
2020-06-18 00:00:00+05:30,142.22,144.89,141.54,143.34,2101956
2020-06-19 00:00:00+05:30,145.03,149.69,144.36,148.04,5411047
2020-06-22 00:00:00+05:30,149.79,151.43,148.91,149.93,4810125
2020-06-23 00:00:00+05:30,152.21,156.86,150.8,152.4,4940895
2020-06-24 00:00:00+05:30,154.25,158.03,148.82,150.08,4206607
2020-06-25 00:00:00+05:30,148.57,164.04,148.33,156.72,15088835
2020-06-26 00:00:00+05:30,159.0,161.27,156.38,157.2,6987636
2020-06-29 00:00:00+05:30,156.47,158.56,151.97,154.88,3030010
2020-06-30 00:00:00+05:30,156.47,159.14,150.51,151.48,3947735
2020-07-01 00:00:00+05:30,152.35,154.15,151.29,152.84,1734148
2020-07-02 00:00:00+05:30,154.92,156.04,151.39,153.37,2220467
2020-07-03 00:00:00+05:30,155.12,158.85,152.6,155.12,4622720
2020-07-06 00:00:00+05:30,157.01,160.16,155.6,159.19,3626374
2020-07-07 00:00:00+05:30,159.48,165.44,158.32,163.02,8429488
2020-07-08 00:00:00+05:30,162.87,164.33,156.47,158.03,3765107
2020-07-09 00:00:00+05:30,158.03,160.06,156.52,157.78,1764957
2020-07-10 00:00:00+05:30,156.57,158.41,153.66,154.83,2012266
2020-07-13 00:00:00+05:30,156.52,157.49,149.64,151.29,2667582
2020-07-14 00:00:00+05:30,151.14,151.48,144.45,145.18,2426068
2020-07-15 00:00:00+05:30,145.52,149.16,142.51,143.24,2249148
2020-07-16 00:00:00+05:30,143.58,145.42,140.77,144.36,1520172
2020-07-17 00:00:00+05:30,145.18,149.2,144.45,146.97,2292811
2020-07-20 00:00:00+05:30,148.48,156.96,147.46,155.8,6529397
2020-07-21 00:00:00+05:30,156.52,162.97,154.25,162.19,6722768
2020-07-22 00:00:00+05:30,161.9,166.75,157.06,164.23,4756186
2020-07-23 00:00:00+05:30,163.21,165.49,160.35,164.76,2268494
2020-07-24 00:00:00+05:30,162.29,164.57,158.66,163.6,1858079
2020-07-27 00:00:00+05:30,163.5,163.89,158.03,160.89,1192942
2020-07-28 00:00:00+05:30,161.23,169.56,158.8,168.25,4981257
2020-07-29 00:00:00+05:30,168.69,185.03,166.8,173.63,15877100
2020-07-30 00:00:00+05:30,173.73,175.82,167.96,169.71,3510472
2020-07-31 00:00:00+05:30,168.69,173.2,166.85,169.9,2727693
2020-08-03 00:00:00+05:30,169.9,173.25,165.98,166.99,2876921
2020-08-04 00:00:00+05:30,168.69,178.39,166.95,176.54,4341576
2020-08-05 00:00:00+05:30,177.42,179.16,173.05,174.12,4169607
2020-08-06 00:00:00+05:30,174.6,182.26,172.08,180.28,6650279
2020-08-07 00:00:00+05:30,175.53,189.05,174.6,187.01,9681764
2020-08-10 00:00:00+05:30,187.01,192.25,186.48,189.73,4773492
2020-08-11 00:00:00+05:30,190.02,193.7,188.47,189.87,3059318
2020-08-12 00:00:00+05:30,189.83,194.62,184.4,191.67,3458163
2020-08-13 00:00:00+05:30,192.83,197.1,191.72,194.62,3664284
2020-08-14 00:00:00+05:30,196.22,198.26,185.61,190.21,6825380
2020-08-17 00:00:00+05:30,191.38,195.5,190.07,191.76,3328576
2020-08-18 00:00:00+05:30,193.9,210.18,192.93,207.18,13788857
2020-08-19 00:00:00+05:30,207.71,237.91,207.71,232.24,20208756
2020-08-20 00:00:00+05:30,233.84,237.52,223.37,226.86,9783042
2020-08-21 00:00:00+05:30,229.86,237.04,224.05,226.23,5979802
2020-08-24 00:00:00+05:30,228.8,246.1,227.83,241.11,12253343
2020-08-25 00:00:00+05:30,244.31,312.56,242.37,298.17,50815396
2020-08-26 00:00:00+05:30,289.88,293.56,269.76,276.84,27561060
2020-08-27 00:00:00+05:30,276.21,288.62,275.04,277.95,16245193
2020-08-28 00:00:00+05:30,280.18,286.63,277.76,279.45,7484681
2020-08-31 00:00:00+05:30,281.15,288.52,262.0,271.02,15649954
2020-09-01 00:00:00+05:30,271.41,278.29,263.26,272.52,5332239
2020-09-02 00:00:00+05:30,274.36,296.66,271.84,284.11,17954583
2020-09-03 00:00:00+05:30,285.76,289.59,278.87,282.36,9347160
2020-09-07 00:00:00+05:30,276.45,282.8,273.44,276.55,5994959
2020-09-08 00:00:00+05:30,277.27,280.96,265.2,269.23,5838607
2020-09-09 00:00:00+05:30,268.45,278.15,266.03,274.41,6870754
2020-09-10 00:00:00+05:30,278.87,298.55,277.18,289.2,26230987
2020-09-11 00:00:00+05:30,289.88,294.38,283.19,286.97,10050442
2020-09-14 00:00:00+05:30,292.59,294.72,281.3,284.2,6312822
2020-09-15 00:00:00+05:30,285.9,289.59,261.76,279.74,2633132
2020-09-16 00:00:00+05:30,283.77,293.61,281.25,288.03,6353123
2020-09-17 00:00:00+05:30,286.0,291.62,283.24,284.74,2543618
2020-09-18 00:00:00+05:30,288.52,290.55,278.53,282.65,2831191
2020-09-21 00:00:00+05:30,284.06,287.21,256.91,268.64,6663397
2020-09-22 00:00:00+05:30,269.76,274.36,249.64,271.84,12930695
2020-09-23 00:00:00+05:30,275.29,287.21,269.95,274.9,9143883
2020-09-24 00:00:00+05:30,269.47,272.67,261.28,262.2,3806205
2020-09-25 00:00:00+05:30,267.48,274.95,266.61,271.75,7904834
2020-09-28 00:00:00+05:30,274.46,292.83,273.49,286.68,6060971
2020-09-29 00:00:00+05:30,290.75,297.63,283.24,288.81,10569246
2020-09-30 00:00:00+05:30,290.85,295.4,286.1,288.03,5794854
2020-10-01 00:00:00+05:30,290.65,302.43,286.97,298.75,7132142
2020-10-05 00:00:00+05:30,301.99,324.29,297.97,316.63,20639408
2020-10-06 00:00:00+05:30,319.35,321.04,310.53,317.17,7948093
2020-10-07 00:00:00+05:30,315.23,325.36,313.39,320.03,8493184
2020-10-08 00:00:00+05:30,318.96,319.74,301.03,306.6,4255867
2020-10-09 00:00:00+05:30,309.07,312.22,301.03,303.45,2546614
2020-10-12 00:00:00+05:30,305.39,312.85,303.45,305.73,2636791
2020-10-13 00:00:00+05:30,305.87,307.13,300.3,303.64,1499898
2020-10-14 00:00:00+05:30,303.4,306.07,300.59,303.84,1565481
2020-10-15 00:00:00+05:30,305.39,315.91,296.03,297.73,5116874
2020-10-16 00:00:00+05:30,299.81,304.37,296.03,297.63,1930445
2020-10-19 00:00:00+05:30,300.44,309.51,299.91,307.28,3434928
2020-10-20 00:00:00+05:30,305.68,317.85,303.93,312.08,7425602
2020-10-21 00:00:00+05:30,312.17,314.79,296.66,302.48,5156341
2020-10-22 00:00:00+05:30,301.51,305.19,299.57,301.99,2456142
2020-10-23 00:00:00+05:30,304.42,312.61,303.74,305.82,4290269
2020-10-26 00:00:00+05:30,308.3,308.97,295.74,298.02,4535854
2020-10-27 00:00:00+05:30,298.6,305.73,293.75,304.47,3661774
2020-10-28 00:00:00+05:30,304.22,311.01,300.39,309.12,3195520
2020-10-29 00:00:00+05:30,305.78,322.21,303.64,318.86,7114158
2020-10-30 00:00:00+05:30,320.95,336.9,319.59,329.33,14652979
2020-11-02 00:00:00+05:30,328.75,333.79,322.89,330.69,4406486
2020-11-03 00:00:00+05:30,333.5,338.93,329.77,334.28,4207217
2020-11-04 00:00:00+05:30,332.15,348.53,327.2,341.11,10006753
2020-11-05 00:00:00+05:30,342.23,344.12,334.71,341.99,5530189
2020-11-06 00:00:00+05:30,341.26,343.05,334.52,341.36,3985091
2020-11-09 00:00:00+05:30,343.2,353.57,341.11,346.98,6476472
2020-11-10 00:00:00+05:30,347.17,350.71,342.42,348.53,3703100
2020-11-11 00:00:00+05:30,348.24,351.63,343.25,349.11,2959897
2020-11-12 00:00:00+05:30,347.27,358.22,347.08,354.4,4331903
2020-11-13 00:00:00+05:30,352.89,360.31,351.0,357.35,2874427
2020-11-17 00:00:00+05:30,360.65,389.68,359.68,382.27,10827364
2020-11-18 00:00:00+05:30,381.93,392.35,375.58,382.46,8928960
2020-11-19 00:00:00+05:30,378.1,386.34,366.27,373.98,7974835
2020-11-20 00:00:00+05:30,373.35,389.73,373.25,376.45,5663664
2020-11-23 00:00:00+05:30,378.2,401.08,371.41,396.57,7548901
2020-11-24 00:00:00+05:30,397.39,402.82,391.87,394.77,6361916
2020-11-25 00:00:00+05:30,396.47,398.94,381.01,387.07,3557196
2020-11-26 00:00:00+05:30,390.51,398.99,386.97,389.68,5663788
2020-11-27 00:00:00+05:30,388.76,395.4,384.21,386.24,6631513
2020-12-01 00:00:00+05:30,385.86,411.01,383.04,409.03,8093085
2020-12-02 00:00:00+05:30,407.72,447.81,406.55,439.9,17351062
2020-12-03 00:00:00+05:30,439.9,443.05,429.72,433.89,7064213
2020-12-04 00:00:00+05:30,435.3,442.62,428.51,432.34,4261396
2020-12-07 00:00:00+05:30,432.39,452.12,432.34,443.59,5540095
2020-12-08 00:00:00+05:30,443.59,448.19,432.92,438.11,3994855
2020-12-09 00:00:00+05:30,440.15,444.12,433.65,435.4,2886119
2020-12-10 00:00:00+05:30,434.33,438.45,424.68,433.6,3211878
2020-12-11 00:00:00+05:30,433.6,438.01,426.96,436.07,3032711
2020-12-14 00:00:00+05:30,437.24,447.9,433.36,441.26,3880791
2020-12-15 00:00:00+05:30,441.6,449.89,432.92,448.34,4930317
2020-12-16 00:00:00+05:30,448.39,453.28,443.59,449.11,4217192
2020-12-17 00:00:00+05:30,449.26,459.49,441.21,445.28,5067147
2020-12-18 00:00:00+05:30,446.93,450.03,437.04,441.26,2227669
2020-12-21 00:00:00+05:30,440.15,446.69,397.15,416.1,5518594
2020-12-22 00:00:00+05:30,415.13,447.47,405.34,444.8,8605289
2020-12-23 00:00:00+05:30,444.02,452.56,440.34,449.45,4749047
2020-12-24 00:00:00+05:30,450.81,465.21,448.29,459.2,8234979
2020-12-28 00:00:00+05:30,458.57,491.53,458.28,475.87,14141283
2020-12-29 00:00:00+05:30,476.99,483.92,469.91,474.27,6032440
2020-12-30 00:00:00+05:30,474.27,480.86,463.8,469.38,5587969
2020-12-31 00:00:00+05:30,466.32,469.23,422.45,464.92,7812929
2021-01-01 00:00:00+05:30,462.44,478.2,462.44,476.16,5192863
2021-01-04 00:00:00+05:30,476.99,487.26,471.8,479.41,5082142
2021-01-05 00:00:00+05:30,476.99,486.1,474.66,480.38,3766912
2021-01-06 00:00:00+05:30,480.86,485.37,469.47,475.92,3393845
2021-01-07 00:00:00+05:30,478.83,507.96,478.73,502.29,10033817
2021-01-08 00:00:00+05:30,507.04,510.53,498.41,502.19,3818797
2021-01-11 00:00:00+05:30,504.71,508.59,494.92,503.31,4278687
2021-01-12 00:00:00+05:30,503.16,520.23,501.32,509.37,5030785
2021-01-13 00:00:00+05:30,512.95,523.72,505.39,516.74,5104045
2021-01-14 00:00:00+05:30,518.63,524.49,512.28,515.86,3259822
2021-01-15 00:00:00+05:30,518.38,521.1,502.97,511.21,3482046
2021-01-18 00:00:00+05:30,511.89,512.95,486.73,489.54,5367947
2021-01-19 00:00:00+05:30,496.67,515.77,496.67,513.92,4309566
2021-01-20 00:00:00+05:30,515.91,535.3,514.8,530.07,6886519
2021-01-21 00:00:00+05:30,534.57,536.08,515.33,520.52,4336269
2021-01-22 00:00:00+05:30,517.75,530.07,505.68,510.72,4277603
2021-01-25 00:00:00+05:30,514.07,518.09,493.47,498.22,3842789
2021-01-27 00:00:00+05:30,497.44,505.63,491.58,497.15,2879013
2021-01-28 00:00:00+05:30,491.82,503.65,486.05,496.23,4275323
2021-01-29 00:00:00+05:30,499.48,509.17,487.17,491.19,3941529
2021-02-01 00:00:00+05:30,494.92,523.04,481.74,520.81,4129386
2021-02-02 00:00:00+05:30,525.51,549.6,524.3,546.98,5299062
2021-02-03 00:00:00+05:30,550.67,559.01,541.31,549.31,6277631
2021-02-04 00:00:00+05:30,544.8,593.03,539.03,571.66,11531997
2021-02-05 00:00:00+05:30,576.84,589.3,570.64,580.72,4902480
2021-02-08 00:00:00+05:30,586.93,618.53,585.13,609.13,7300818
2021-02-09 00:00:00+05:30,612.18,622.31,602.05,610.63,4649185
2021-02-10 00:00:00+05:30,613.73,634.92,603.12,630.84,6179710
2021-02-11 00:00:00+05:30,634.04,640.83,625.66,638.5,3800272
2021-02-12 00:00:00+05:30,636.95,702.34,635.21,697.01,17337115
2021-02-15 00:00:00+05:30,702.88,763.91,686.06,740.15,22257619
2021-02-16 00:00:00+05:30,736.81,778.45,733.17,759.11,20035184
2021-02-17 00:00:00+05:30,763.13,777.53,758.38,761.14,9185351
2021-02-18 00:00:00+05:30,763.23,799.34,762.02,783.54,9993262
2021-02-19 00:00:00+05:30,788.19,805.64,707.24,758.04,20842476
2021-02-22 00:00:00+05:30,762.02,788.19,756.73,781.31,11230494
2021-02-23 00:00:00+05:30,789.94,802.05,764.92,775.25,10057706
2021-02-24 00:00:00+05:30,785.28,787.27,771.18,780.63,4607811
2021-02-25 00:00:00+05:30,789.16,836.08,784.31,819.99,12491958
2021-02-26 00:00:00+05:30,808.45,834.73,794.83,808.21,11707292
2021-03-01 00:00:00+05:30,815.09,834.68,810.93,825.52,6182504
2021-03-02 00:00:00+05:30,831.24,849.75,826.24,845.92,5274078
2021-03-03 00:00:00+05:30,853.58,916.07,846.22,887.42,12031639
2021-03-04 00:00:00+05:30,882.23,910.06,877.77,890.38,8392888
2021-03-05 00:00:00+05:30,889.99,905.5,861.19,882.13,7332863
2021-03-08 00:00:00+05:30,890.08,898.13,877.48,882.43,4025082
2021-03-09 00:00:00+05:30,889.99,900.07,866.33,877.58,5736192
2021-03-10 00:00:00+05:30,883.2,886.21,861.58,870.74,5635323
2021-03-12 00:00:00+05:30,877.38,895.61,862.16,866.82,6238314
2021-03-15 00:00:00+05:30,871.32,876.41,847.81,868.85,5397058
2021-03-16 00:00:00+05:30,873.22,876.8,860.95,870.4,2632490
2021-03-17 00:00:00+05:30,870.6,877.77,838.6,847.23,3896317
2021-03-18 00:00:00+05:30,849.27,863.81,831.58,844.47,4605244
2021-03-19 00:00:00+05:30,839.57,868.08,814.56,862.5,4940429
2021-03-22 00:00:00+05:30,865.65,972.39,856.49,960.81,23299029
2021-03-23 00:00:00+05:30,968.52,1053.54,960.81,1026.1,32071757
2021-03-24 00:00:00+05:30,1030.56,1059.65,987.32,994.16,23593196
2021-03-25 00:00:00+05:30,1001.43,1009.67,947.19,951.6,13542035
2021-03-26 00:00:00+05:30,969.49,987.37,948.16,958.14,9689496
2021-03-30 00:00:00+05:30,973.36,1010.64,957.85,1000.07,10797886
2021-03-31 00:00:00+05:30,1006.33,1021.01,985.58,999.54,6641357
2021-04-01 00:00:00+05:30,1011.56,1081.99,1003.42,1070.94,13092987
2021-04-05 00:00:00+05:30,1092.61,1114.91,1065.32,1103.52,16288303
2021-04-06 00:00:00+05:30,1118.2,1203.13,1107.64,1188.01,22164243
2021-04-07 00:00:00+05:30,1195.76,1213.41,1074.19,1129.98,23730707
2021-04-08 00:00:00+05:30,1127.03,1154.66,1103.03,1127.03,12794691
2021-04-09 00:00:00+05:30,1127.9,1190.53,1116.07,1164.74,13325542
2021-04-12 00:00:00+05:30,1141.47,1141.47,1029.01,1041.61,14115844
2021-04-13 00:00:00+05:30,1044.14,1082.24,1018.98,1072.59,12518649
2021-04-15 00:00:00+05:30,1061.59,1109.96,1048.35,1095.47,9643371
2021-04-16 00:00:00+05:30,1095.52,1155.63,1078.07,1123.63,10996123
2021-04-19 00:00:00+05:30,1066.43,1117.82,1055.77,1101.67,8830232
2021-04-20 00:00:00+05:30,1121.55,1141.76,1090.72,1107.88,8519871
2021-04-22 00:00:00+05:30,1099.4,1133.33,1088.73,1122.47,7347690
2021-04-23 00:00:00+05:30,1125.57,1146.8,1110.69,1122.28,6360512
2021-04-26 00:00:00+05:30,1124.6,1161.35,1124.6,1137.55,7156138
2021-04-27 00:00:00+05:30,1148.55,1176.47,1144.96,1154.8,7330115
2021-04-28 00:00:00+05:30,1171.09,1176.91,1144.72,1149.03,5177390
2021-04-29 00:00:00+05:30,1148.84,1175.65,1142.05,1149.57,4197129
2021-04-30 00:00:00+05:30,1135.27,1164.3,1108.12,1123.34,4349958
2021-05-03 00:00:00+05:30,1110.16,1225.82,1088.39,1217.24,11629538
2021-05-04 00:00:00+05:30,1245.79,1259.31,1203.96,1223.97,10593080
2021-05-05 00:00:00+05:30,1235.51,1248.94,1202.4,1228.82,8051203
2021-05-06 00:00:00+05:30,1233.52,1271.82,1224.46,1247.48,6435160
2021-05-07 00:00:00+05:30,1265.18,1282.05,1251.07,1259.26,4728602
2021-05-10 00:00:00+05:30,1255.39,1273.9,1247.05,1264.31,4013770
2021-05-11 00:00:00+05:30,1252.57,1285.54,1244.82,1263.72,4888912
2021-05-12 00:00:00+05:30,1270.99,1287.96,1239.58,1246.56,4273429
2021-05-14 00:00:00+05:30,1260.33,1262.27,1176.32,1183.11,6577345
2021-05-17 00:00:00+05:30,1192.47,1259.36,1189.99,1249.76,8024532
2021-05-18 00:00:00+05:30,1274.82,1303.91,1262.27,1286.22,6736546
2021-05-19 00:00:00+05:30,1308.8,1310.31,1244.72,1255.19,10236378
2021-05-20 00:00:00+05:30,1261.59,1279.72,1244.77,1262.27,6020326
2021-05-21 00:00:00+05:30,1279.72,1295.23,1260.38,1274.97,8572164
2021-05-24 00:00:00+05:30,1281.37,1288.11,1263.24,1266.92,8153126
2021-05-25 00:00:00+05:30,1274.24,1281.66,1234.06,1243.61,3811991
2021-05-26 00:00:00+05:30,1249.62,1286.36,1215.98,1282.43,5805671
2021-05-27 00:00:00+05:30,1288.93,1301.05,1264.45,1285.34,37832884
2021-05-28 00:00:00+05:30,1271.58,1289.85,1258.39,1262.27,3067237
2021-05-31 00:00:00+05:30,1267.17,1281.17,1252.57,1276.13,2791161
2021-06-01 00:00:00+05:30,1279.62,1386.36,1269.1,1373.03,10331684
2021-06-02 00:00:00+05:30,1382.05,1509.49,1369.88,1499.55,25312417
2021-06-03 00:00:00+05:30,1516.27,1574.25,1505.61,1534.79,19707265
2021-06-04 00:00:00+05:30,1556.02,1661.26,1537.41,1649.05,21758470
2021-06-07 00:00:00+05:30,1662.67,1664.8,1563.78,1574.73,15830386
2021-06-08 00:00:00+05:30,1583.17,1617.1,1553.55,1586.51,12799596
2021-06-09 00:00:00+05:30,1589.96,1599.12,1523.89,1545.99,11978824
2021-06-10 00:00:00+05:30,1562.81,1580.26,1542.45,1562.81,5526979
2021-06-11 00:00:00+05:30,1565.82,1570.66,1527.18,1552.73,5522692
2021-06-14 00:00:00+05:30,1397.46,1483.26,1164.55,1455.63,44893048
2021-06-15 00:00:00+05:30,1503.62,1524.61,1432.12,1491.89,23021446
2021-06-16 00:00:00+05:30,1463.92,1491.26,1366.3,1404.11,13018600
2021-06-17 00:00:00+05:30,1337.89,1392.18,1263.72,1325.96,28804468
2021-06-18 00:00:00+05:30,1308.8,1458.11,1291.89,1442.11,31482678
2021-06-21 00:00:00+05:30,1444.53,1533.73,1400.76,1493.01,21762079
2021-06-22 00:00:00+05:30,1506.63,1533.73,1485.06,1494.56,12446754
2021-06-23 00:00:00+05:30,1512.49,1522.04,1436.1,1458.83,13077462
2021-06-24 00:00:00+05:30,1463.87,1472.65,1442.64,1462.47,7489148
2021-06-25 00:00:00+05:30,1478.46,1487.19,1455.2,1473.08,5119174
2021-06-28 00:00:00+05:30,1478.37,1517.24,1471.87,1479.19,6372199
2021-06-29 00:00:00+05:30,1479.43,1501.44,1466.83,1477.06,5726035
2021-06-30 00:00:00+05:30,1492.04,1492.04,1456.85,1461.55,3357533
2021-07-01 00:00:00+05:30,1463.49,1476.09,1437.65,1444.78,3877406
2021-07-02 00:00:00+05:30,1444.78,1461.69,1368.48,1378.66,6861495
2021-07-05 00:00:00+05:30,1383.46,1399.89,1309.39,1351.8,12622769
2021-07-06 00:00:00+05:30,1358.15,1400.08,1336.68,1371.63,9783271
2021-07-07 00:00:00+05:30,1376.67,1393.25,1342.74,1382.15,5724093
2021-07-08 00:00:00+05:30,1376.67,1400.91,1368.72,1382.39,4019631
2021-07-09 00:00:00+05:30,1382.39,1412.15,1373.23,1387.67,4642648
2021-07-12 00:00:00+05:30,1398.0,1402.84,1371.0,1377.35,2637162
2021-07-13 00:00:00+05:30,1389.27,1389.27,1342.93,1374.44,4287913
2021-07-14 00:00:00+05:30,1404.78,1404.78,1355.15,1359.27,3980284
2021-07-15 00:00:00+05:30,1356.31,1385.39,1350.88,1364.99,2814059
2021-07-16 00:00:00+05:30,1366.0,1371.82,1345.89,1352.92,2200564
2021-07-19 00:00:00+05:30,1347.58,1369.54,1292.08,1338.47,6384309
2021-07-20 00:00:00+05:30,1299.11,1340.7,1295.33,1324.03,4672171
2021-07-22 00:00:00+05:30,1333.04,1381.42,1299.59,1373.52,5166659
2021-07-23 00:00:00+05:30,1386.36,1391.07,1343.9,1358.88,4840751
2021-07-26 00:00:00+05:30,1357.09,1373.57,1349.52,1361.06,2118029
2021-07-27 00:00:00+05:30,1361.06,1381.13,1336.1,1354.13,3071105
2021-07-28 00:00:00+05:30,1363.92,1381.32,1336.53,1357.18,3287846
2021-07-29 00:00:00+05:30,1370.8,1381.52,1354.37,1357.52,2617051
2021-07-30 00:00:00+05:30,1366.49,1405.27,1357.52,1376.91,4541812
2021-08-02 00:00:00+05:30,1391.21,1400.91,1380.64,1394.31,2561968
2021-08-03 00:00:00+05:30,1422.23,1422.23,1378.8,1398.77,4581940
2021-08-04 00:00:00+05:30,1415.45,1415.45,1379.63,1385.93,3446986
2021-08-05 00:00:00+05:30,1384.42,1394.12,1364.45,1388.64,2170595
2021-08-06 00:00:00+05:30,1378.61,1507.55,1378.61,1489.76,14698789
2021-08-09 00:00:00+05:30,1499.5,1517.24,1437.26,1447.83,6221268
2021-08-10 00:00:00+05:30,1442.59,1452.92,1382.53,1402.36,3694177
2021-08-11 00:00:00+05:30,1410.6,1412.15,1364.07,1393.2,3298052
2021-08-12 00:00:00+05:30,1399.55,1413.51,1386.61,1398.87,2532729
2021-08-13 00:00:00+05:30,1400.91,1409.63,1384.42,1393.15,2161963
2021-08-16 00:00:00+05:30,1387.82,1405.46,1370.42,1386.46,1969450
2021-08-17 00:00:00+05:30,1387.33,1406.72,1372.98,1397.66,3159218
2021-08-18 00:00:00+05:30,1397.9,1451.13,1388.88,1415.45,4887976
2021-08-20 00:00:00+05:30,1394.12,1437.41,1367.94,1386.46,5088657
2021-08-23 00:00:00+05:30,1371.87,1384.18,1320.0,1354.08,5019242
2021-08-24 00:00:00+05:30,1364.07,1404.2,1347.58,1393.93,3468142
2021-08-25 00:00:00+05:30,1400.18,1436.58,1381.52,1430.33,5529884
2021-08-26 00:00:00+05:30,1436.78,1449.04,1415.84,1430.67,4826190
2021-08-27 00:00:00+05:30,1429.99,1468.77,1429.12,1460.09,5327031
2021-08-30 00:00:00+05:30,1467.56,1480.4,1447.73,1470.27,3249006
2021-08-31 00:00:00+05:30,1471.0,1548.12,1466.64,1539.15,7462089
2021-09-01 00:00:00+05:30,1546.23,1552.0,1513.85,1517.44,3152973
2021-09-02 00:00:00+05:30,1523.06,1545.65,1517.73,1522.62,2240259
2021-09-03 00:00:00+05:30,1530.33,1533.14,1504.2,1517.78,1741129
2021-09-06 00:00:00+05:30,1524.03,1578.76,1518.26,1533.73,5737388
2021-09-07 00:00:00+05:30,1536.73,1543.76,1505.61,1510.55,1703140
2021-09-08 00:00:00+05:30,1512.3,1530.82,1491.31,1508.47,2149821
2021-09-09 00:00:00+05:30,1513.95,1517.73,1488.21,1497.85,1282278
2021-09-13 00:00:00+05:30,1500.76,1509.49,1478.71,1485.69,1814836
2021-09-14 00:00:00+05:30,1492.91,1500.04,1451.37,1467.02,7368610
2021-09-15 00:00:00+05:30,1477.5,1498.44,1451.22,1470.51,13238303
2021-09-16 00:00:00+05:30,1476.53,1488.16,1453.99,1457.33,7856651
2021-09-17 00:00:00+05:30,1457.33,1478.46,1421.02,1435.08,3434766
2021-09-20 00:00:00+05:30,1420.2,1443.08,1366.93,1375.55,2344865
2021-09-21 00:00:00+05:30,1376.67,1402.8,1339.2,1397.46,2766579
2021-09-22 00:00:00+05:30,1391.21,1418.02,1380.89,1393.88,1716229
2021-09-23 00:00:00+05:30,1408.66,1434.84,1397.12,1429.36,1673689
2021-09-24 00:00:00+05:30,1437.75,1469.74,1410.6,1417.1,2847176
2021-09-27 00:00:00+05:30,1417.39,1496.88,1417.39,1484.52,4886796
2021-09-28 00:00:00+05:30,1509.49,1510.36,1429.99,1441.92,3659645
2021-09-29 00:00:00+05:30,1421.56,1452.29,1419.62,1440.32,1819884
2021-09-30 00:00:00+05:30,1439.39,1472.65,1418.7,1423.3,2137367
2021-10-01 00:00:00+05:30,1420.3,1423.93,1379.24,1414.19,2384625
2021-10-04 00:00:00+05:30,1426.11,1484.28,1415.55,1480.06,3583424
2021-10-05 00:00:00+05:30,1468.77,1510.31,1466.2,1481.03,2624935
2021-10-06 00:00:00+05:30,1483.12,1493.98,1427.08,1434.4,1833961
2021-10-07 00:00:00+05:30,1456.99,1488.89,1444.53,1474.34,1979511
2021-10-08 00:00:00+05:30,1475.56,1521.56,1465.33,1500.67,2729399
2021-10-11 00:00:00+05:30,1505.61,1515.98,1485.4,1492.76,1970216
2021-10-12 00:00:00+05:30,1492.04,1519.09,1468.29,1507.02,1960576
2021-10-13 00:00:00+05:30,1520.59,1559.22,1503.96,1521.8,4047466
2021-10-14 00:00:00+05:30,1531.79,1605.47,1526.75,1596.11,5422345
2021-10-18 00:00:00+05:30,1621.9,1621.9,1559.47,1566.2,3910552
2021-10-19 00:00:00+05:30,1575.61,1587.05,1514.38,1521.56,1880006
2021-10-20 00:00:00+05:30,1525.97,1558.3,1492.13,1541.19,2856152
2021-10-21 00:00:00+05:30,1553.07,1577.21,1533.43,1546.38,3227764
2021-10-22 00:00:00+05:30,1546.38,1559.71,1490.1,1495.92,2661928
2021-10-25 00:00:00+05:30,1497.85,1504.06,1448.46,1485.45,2347690
2021-10-26 00:00:00+05:30,1485.25,1509.73,1474.49,1496.74,1714088
2021-10-27 00:00:00+05:30,1500.76,1532.9,1493.01,1518.75,2188050
2021-10-28 00:00:00+05:30,1502.7,1519.09,1325.96,1355.87,7316620
2021-10-29 00:00:00+05:30,1357.28,1410.41,1335.71,1380.16,3264765
2021-11-01 00:00:00+05:30,1392.18,1412.54,1368.14,1401.2,1591336
2021-11-02 00:00:00+05:30,1410.6,1443.56,1408.47,1427.86,1719476
2021-11-03 00:00:00+05:30,1429.02,1455.2,1419.76,1440.56,1764317
2021-11-04 00:00:00+05:30,1449.38,1465.38,1437.75,1444.0,280831
2021-11-08 00:00:00+05:30,1449.38,1527.08,1440.32,1520.39,2645715
2021-11-09 00:00:00+05:30,1507.55,1608.38,1507.5,1585.54,4861680
2021-11-10 00:00:00+05:30,1575.95,1634.55,1570.95,1605.32,3845469
2021-11-11 00:00:00+05:30,1599.65,1652.0,1590.78,1614.1,4611426
2021-11-12 00:00:00+05:30,1627.09,1667.03,1619.14,1653.17,5517557
2021-11-15 00:00:00+05:30,1661.46,1710.17,1640.17,1696.16,4123024
2021-11-16 00:00:00+05:30,1705.76,1712.64,1654.81,1659.37,2240485
2021-11-17 00:00:00+05:30,1661.7,1676.92,1631.16,1654.38,1522855
2021-11-18 00:00:00+05:30,1655.88,1661.7,1589.96,1637.22,2326996
2021-11-22 00:00:00+05:30,1639.79,1649.48,1560.92,1624.61,2632501
2021-11-23 00:00:00+05:30,1609.49,1667.85,1599.65,1655.83,2550415
2021-11-24 00:00:00+05:30,1669.07,1734.31,1660.19,1701.59,4706476
2021-11-25 00:00:00+05:30,1709.15,1719.58,1682.59,1709.25,2415573
2021-11-26 00:00:00+05:30,1686.9,1714.58,1610.17,1618.6,3621314
2021-11-29 00:00:00+05:30,1604.5,1645.22,1560.73,1614.24,2186548
2021-11-30 00:00:00+05:30,1617.1,1666.21,1597.86,1612.11,3045295
2021-12-01 00:00:00+05:30,1642.31,1652.97,1601.93,1641.63,2554304
2021-12-02 00:00:00+05:30,1640.85,1682.06,1636.15,1679.39,2227637
2021-12-03 00:00:00+05:30,1681.09,1691.75,1649.19,1655.98,1592677
2021-12-06 00:00:00+05:30,1657.82,1675.22,1589.96,1595.38,1624244
2021-12-07 00:00:00+05:30,1608.28,1635.23,1603.53,1627.23,1522470
2021-12-08 00:00:00+05:30,1628.54,1673.72,1627.81,1663.15,1450661
2021-12-09 00:00:00+05:30,1672.36,1686.18,1654.52,1669.7,1347512
2021-12-10 00:00:00+05:30,1658.4,1733.44,1658.4,1687.29,2793832
2021-12-13 00:00:00+05:30,1701.45,1708.43,1658.89,1667.08,1139362
2021-12-14 00:00:00+05:30,1659.76,1675.17,1631.64,1667.61,1236381
2021-12-15 00:00:00+05:30,1667.51,1674.3,1635.57,1643.57,893648
2021-12-16 00:00:00+05:30,1655.2,1667.37,1635.52,1650.11,775551
2021-12-17 00:00:00+05:30,1647.11,1650.06,1589.96,1595.09,1254143
2021-12-20 00:00:00+05:30,1579.29,1579.29,1507.74,1541.43,2006437
2021-12-21 00:00:00+05:30,1571.63,1595.68,1553.99,1571.05,1613074
2021-12-22 00:00:00+05:30,1581.47,1612.69,1577.35,1607.5,1024261
2021-12-23 00:00:00+05:30,1623.6,1632.81,1607.6,1625.05,1009838
2021-12-24 00:00:00+05:30,1628.73,1651.95,1607.6,1646.38,1273239
2021-12-27 00:00:00+05:30,1643.03,1684.97,1634.6,1677.4,1725303
2021-12-28 00:00:00+05:30,1686.9,1706.29,1675.37,1697.57,1601797
2021-12-29 00:00:00+05:30,1697.57,1701.45,1657.24,1665.62,1135220
2021-12-30 00:00:00+05:30,1661.7,1672.36,1633.58,1644.63,1402367
2021-12-31 00:00:00+05:30,1643.23,1672.36,1639.45,1657.29,1352223
2022-01-03 00:00:00+05:30,1660.73,1680.12,1658.98,1664.75,1117247
2022-01-04 00:00:00+05:30,1673.09,1675.27,1648.12,1666.54,1228682
2022-01-05 00:00:00+05:30,1669.45,1691.41,1650.6,1663.1,1633442
2022-01-06 00:00:00+05:30,1657.82,1671.25,1624.47,1660.82,1666220
2022-01-07 00:00:00+05:30,1667.42,1677.98,1637.95,1647.25,1336723
2022-01-10 00:00:00+05:30,1655.44,1712.11,1647.25,1699.12,1723132
2022-01-11 00:00:00+05:30,1704.35,1793.55,1684.0,1787.63,5287363
2022-01-12 00:00:00+05:30,1815.85,1815.85,1753.12,1774.25,2598196
2022-01-13 00:00:00+05:30,1778.04,1806.15,1752.83,1796.8,1940276
2022-01-14 00:00:00+05:30,1793.55,1832.76,1775.22,1813.18,2431823
2022-01-17 00:00:00+05:30,1818.75,1843.38,1799.02,1820.5,1754050
2022-01-18 00:00:00+05:30,1827.48,1850.26,1774.21,1784.77,2366355
2022-01-19 00:00:00+05:30,1783.66,1800.33,1755.98,1792.87,1593223
2022-01-20 00:00:00+05:30,1798.39,1822.97,1787.44,1808.91,1291425
2022-01-21 00:00:00+05:30,1804.07,1815.85,1755.5,1772.56,1990404
2022-01-24 00:00:00+05:30,1766.4,1771.69,1644.78,1663.44,2456058
2022-01-25 00:00:00+05:30,1617.1,1697.13,1617.1,1688.26,1875184
2022-01-27 00:00:00+05:30,1665.58,1672.89,1604.01,1634.55,3661308
2022-01-28 00:00:00+05:30,1650.55,1690.88,1632.56,1642.02,1675890
2022-01-31 00:00:00+05:30,1656.8,1681.09,1652.97,1662.62,1056992
2022-02-01 00:00:00+05:30,1675.22,1711.24,1647.3,1693.59,1623915
2022-02-02 00:00:00+05:30,1701.45,1731.5,1693.69,1725.05,1449508
2022-02-03 00:00:00+05:30,1717.88,1732.47,1693.11,1698.39,607401
2022-02-04 00:00:00+05:30,1704.35,1715.99,1680.8,1703.68,882939
2022-02-07 00:00:00+05:30,1711.14,1711.63,1669.55,1678.95,881778
2022-02-08 00:00:00+05:30,1686.32,1693.69,1625.87,1663.64,1526791
2022-02-09 00:00:00+05:30,1671.97,1737.22,1665.67,1728.74,1726713
2022-02-10 00:00:00+05:30,1744.1,1753.8,1712.11,1731.6,1802960
2022-02-11 00:00:00+05:30,1710.17,1720.74,1690.15,1710.46,1233647
2022-02-14 00:00:00+05:30,1683.32,1684.87,1602.56,1613.17,1979892
2022-02-15 00:00:00+05:30,1586.08,1697.96,1578.18,1691.02,2332737
2022-02-16 00:00:00+05:30,1691.02,1721.81,1677.21,1685.06,1715977
2022-02-17 00:00:00+05:30,1696.6,1708.23,1671.39,1678.13,1109338
2022-02-18 00:00:00+05:30,1685.93,1701.06,1672.36,1683.32,974847
2022-02-21 00:00:00+05:30,1685.74,1685.74,1620.3,1633.78,1494908
2022-02-22 00:00:00+05:30,1586.17,1627.67,1580.26,1616.81,1771641
2022-02-23 00:00:00+05:30,1630.67,1665.09,1619.04,1637.17,1325458
2022-02-24 00:00:00+05:30,1576.38,1598.29,1482.15,1496.84,2886135
2022-02-25 00:00:00+05:30,1545.36,1588.11,1530.62,1569.31,1796401
2022-02-28 00:00:00+05:30,1554.81,1600.72,1543.66,1594.27,1927866
2022-03-02 00:00:00+05:30,1588.02,1613.47,1566.2,1591.7,1289156
2022-03-03 00:00:00+05:30,1619.04,1626.99,1585.06,1593.64,1375292
2022-03-04 00:00:00+05:30,1572.31,1604.98,1552.34,1565.72,1478610
2022-03-07 00:00:00+05:30,1541.48,1543.42,1492.33,1516.32,1556312
2022-03-09 00:00:00+05:30,1560.48,1618.99,1558.93,1606.0,1545332
2022-03-10 00:00:00+05:30,1630.67,1696.21,1627.04,1689.67,2366694
2022-03-11 00:00:00+05:30,1696.6,1703.39,1668.68,1681.18,1396751
2022-03-14 00:00:00+05:30,1679.15,1698.97,1669.89,1683.12,679938
2022-03-15 00:00:00+05:30,1686.9,1700.67,1635.18,1649.48,1120080
2022-03-16 00:00:00+05:30,1671.39,1710.17,1666.21,1704.35,1309836
2022-03-17 00:00:00+05:30,1721.42,1767.95,1706.29,1764.12,2467629
2022-03-21 00:00:00+05:30,1780.02,1785.69,1741.34,1747.93,1115079
2022-03-22 00:00:00+05:30,1747.93,1780.94,1735.38,1775.66,994410
2022-03-23 00:00:00+05:30,1791.66,1791.66,1745.9,1755.74,1602259
2022-03-24 00:00:00+05:30,1759.62,1783.42,1745.22,1776.87,1062569
2022-03-25 00:00:00+05:30,1779.54,1820.69,1766.4,1810.03,1409114
2022-03-28 00:00:00+05:30,1819.63,1865.68,1794.57,1851.43,1955098
2022-03-29 00:00:00+05:30,1860.68,1871.98,1827.96,1858.75,1769081
2022-03-30 00:00:00+05:30,1868.88,1953.51,1858.79,1934.37,3317174
2022-03-31 00:00:00+05:30,1943.82,1979.69,1930.24,1953.27,2874694
2022-04-01 00:00:00+05:30,1956.42,1986.47,1951.62,1981.29,1306994
2022-04-04 00:00:00+05:30,1987.44,2012.17,1969.99,2002.81,1376262
2022-04-05 00:00:00+05:30,2014.59,2122.98,2004.51,2074.55,5126701
2022-04-06 00:00:00+05:30,2088.03,2116.24,2059.38,2094.09,2330122
2022-04-07 00:00:00+05:30,2099.86,2147.36,2017.74,2035.0,3609178
2022-04-08 00:00:00+05:30,2050.46,2109.6,2041.01,2104.7,1984614
2022-04-11 00:00:00+05:30,2115.27,2132.87,2092.63,2113.67,1666570
2022-04-12 00:00:00+05:30,2121.23,2151.29,2089.24,2129.91,2715177
2022-04-13 00:00:00+05:30,2142.56,2149.49,2107.13,2132.33,1023752
2022-04-18 00:00:00+05:30,2113.28,2171.65,2090.94,2165.68,1802435
2022-04-19 00:00:00+05:30,2176.49,2186.19,2074.79,2102.13,1690814
2022-04-20 00:00:00+05:30,2111.54,2140.57,2095.93,2117.31,1154247
2022-04-21 00:00:00+05:30,2148.38,2223.56,2136.65,2216.58,2314255
2022-04-22 00:00:00+05:30,2226.91,2235.63,2195.88,2203.93,1842258
2022-04-25 00:00:00+05:30,2190.99,2224.97,2174.17,2214.5,1736615
2022-04-26 00:00:00+05:30,2226.91,2340.24,2225.07,2322.21,3300059
2022-04-27 00:00:00+05:30,2331.56,2347.07,2254.05,2262.88,2640449
2022-04-28 00:00:00+05:30,2287.84,2316.97,2265.01,2305.97,1732768
2022-04-29 00:00:00+05:30,2316.1,2321.09,2231.27,2260.84,1976493
2022-05-02 00:00:00+05:30,2254.05,2290.21,2240.48,2268.11,1038225
2022-05-04 00:00:00+05:30,2286.72,2290.8,2164.91,2185.03,1799601
2022-05-05 00:00:00+05:30,2200.73,2233.5,2167.77,2186.58,1688315
2022-05-06 00:00:00+05:30,2142.56,2192.98,2132.87,2179.11,1198140
2022-05-09 00:00:00+05:30,2161.47,2175.72,2113.48,2130.59,1496553
2022-05-10 00:00:00+05:30,2123.17,2152.26,2033.49,2045.13,1518194
2022-05-11 00:00:00+05:30,2045.23,2091.91,2013.62,2054.63,1441917
2022-05-12 00:00:00+05:30,2038.83,2049.1,1949.68,1982.79,1602588
2022-05-13 00:00:00+05:30,2020.89,2069.85,1973.19,1991.47,1596329
2022-05-16 00:00:00+05:30,2019.1,2076.59,1994.86,2041.64,1797400
2022-05-17 00:00:00+05:30,2067.96,2125.35,2054.73,2118.18,1094483
2022-05-18 00:00:00+05:30,2132.58,2149.25,2105.72,2114.54,1337806
2022-05-19 00:00:00+05:30,2079.55,2089.0,2033.59,2050.22,1017994
2022-05-20 00:00:00+05:30,2093.12,2164.28,2085.36,2151.82,1490279
2022-05-23 00:00:00+05:30,2163.65,2176.49,2089.87,2104.41,1501261
2022-05-24 00:00:00+05:30,2095.06,2112.41,2077.17,2094.28,1040700
2022-05-25 00:00:00+05:30,2101.84,2114.88,2003.15,2010.86,1425961
2022-05-26 00:00:00+05:30,2013.62,2024.28,1848.03,1983.95,5123869
2022-05-27 00:00:00+05:30,2016.53,2030.39,1985.21,2016.67,1396623
2022-05-30 00:00:00+05:30,2055.31,2108.63,2037.86,2099.57,1428164
2022-05-31 00:00:00+05:30,2094.09,2157.88,2084.78,2101.41,2951625
2022-06-01 00:00:00+05:30,2103.73,2122.49,2061.13,2085.27,1493795
2022-06-02 00:00:00+05:30,2089.24,2150.32,2076.93,2141.98,1913559
2022-06-03 00:00:00+05:30,2166.8,2173.83,2109.65,2123.17,1703672
2022-06-06 00:00:00+05:30,2121.72,2161.95,2102.04,2157.15,1716877
2022-06-07 00:00:00+05:30,2142.56,2185.9,2139.7,2159.58,2111096
2022-06-08 00:00:00+05:30,2176.45,2176.45,2092.68,2110.76,1578920
2022-06-09 00:00:00+05:30,2094.38,2156.13,2089.24,2151.48,1485722
2022-06-10 00:00:00+05:30,2123.17,2147.41,2104.75,2135.87,1346860
2022-06-13 00:00:00+05:30,2106.21,2106.21,2003.68,2016.29,1819700
2022-06-14 00:00:00+05:30,2204.61,2204.61,1990.45,2129.43,6720168
2022-06-15 00:00:00+05:30,2150.71,2151.97,2107.85,2117.94,1354853
2022-06-16 00:00:00+05:30,2137.71,2149.64,2012.7,2019.44,2198888
2022-06-17 00:00:00+05:30,1999.08,2072.18,1997.28,2031.85,2351903
2022-06-20 00:00:00+05:30,2043.0,2058.51,1963.21,2016.38,2685543
2022-06-21 00:00:00+05:30,2035.92,2110.57,2027.82,2095.83,1373410
2022-06-22 00:00:00+05:30,2084.34,2084.34,2013.72,2025.45,1829979
2022-06-23 00:00:00+05:30,2040.77,2063.06,2016.53,2045.95,1059101
2022-06-24 00:00:00+05:30,2056.28,2101.84,2044.26,2095.49,1192938
2022-06-27 00:00:00+05:30,2122.2,2143.53,2103.15,2115.03,1240353
2022-06-28 00:00:00+05:30,2103.78,2142.8,2094.09,2137.33,1322400
2022-06-29 00:00:00+05:30,2118.32,2179.21,2110.76,2152.35,1745765
2022-06-30 00:00:00+05:30,2152.26,2179.89,2113.96,2124.04,1617782
2022-07-01 00:00:00+05:30,2123.08,2173.59,2073.0,2164.08,2209155
2022-07-04 00:00:00+05:30,2164.08,2207.52,2160.35,2192.83,1630927
2022-07-05 00:00:00+05:30,2194.91,2220.8,2169.71,2177.9,1399481
2022-07-06 00:00:00+05:30,2176.49,2207.52,2168.25,2203.49,1078369
2022-07-07 00:00:00+05:30,2210.43,2224.92,2187.16,2204.9,975911
2022-07-08 00:00:00+05:30,2216.24,2233.31,2194.82,2223.08,926859
2022-07-11 00:00:00+05:30,2223.08,2311.83,2221.14,2300.83,2029230
2022-07-12 00:00:00+05:30,2292.25,2316.88,2278.44,2293.46,1313076
2022-07-13 00:00:00+05:30,2301.07,2311.88,2262.49,2281.68,1013100
2022-07-14 00:00:00+05:30,2292.83,2330.64,2265.2,2310.38,962938
2022-07-15 00:00:00+05:30,2340.82,2349.01,2304.47,2331.85,1206608
2022-07-18 00:00:00+05:30,2350.03,2367.34,2332.63,2349.64,966703
2022-07-19 00:00:00+05:30,2333.5,2384.25,2331.61,2376.5,869844
2022-07-20 00:00:00+05:30,2386.87,2397.34,2369.42,2376.3,715432
2022-07-21 00:00:00+05:30,2378.92,2422.69,2376.45,2419.35,1355529
2022-07-22 00:00:00+05:30,2429.04,2437.33,2407.33,2423.13,859757
2022-07-25 00:00:00+05:30,2428.56,2483.97,2423.71,2472.77,1258494
2022-07-26 00:00:00+05:30,2477.03,2490.22,2455.71,2481.59,892343
2022-07-27 00:00:00+05:30,2481.88,2494.0,2450.86,2470.93,983498
2022-07-28 00:00:00+05:30,2481.78,2487.36,2454.35,2472.57,783326
2022-07-29 00:00:00+05:30,2486.73,2541.99,2481.88,2490.8,1142037
2022-08-01 00:00:00+05:30,2497.25,2587.94,2490.8,2578.98,1306886
2022-08-02 00:00:00+05:30,2578.83,2614.7,2559.44,2601.76,1130920
2022-08-03 00:00:00+05:30,2603.07,2634.09,2589.69,2628.66,841450
2022-08-04 00:00:00+05:30,2641.85,2660.17,2602.34,2640.49,1262291
2022-08-05 00:00:00+05:30,2675.78,2683.2,2603.07,2616.06,1691427
2022-08-08 00:00:00+05:30,2617.61,2721.97,2613.39,2706.71,1631408
2022-08-10 00:00:00+05:30,2716.25,2748.39,2696.67,2740.93,1345454
2022-08-11 00:00:00+05:30,2754.31,2761.48,2729.2,2747.57,1009400
2022-08-12 00:00:00+05:30,2753.34,2783.54,2747.57,2777.14,869388
2022-08-16 00:00:00+05:30,2791.15,2894.88,2783.39,2885.04,2031404
2022-08-17 00:00:00+05:30,2894.88,2936.13,2889.07,2916.84,1557572
2022-08-18 00:00:00+05:30,2913.3,3088.78,2912.33,3057.42,3612356
2022-08-19 00:00:00+05:30,3081.02,3159.45,2981.41,3034.68,6302075
2022-08-22 00:00:00+05:30,3038.37,3094.4,2936.76,2958.48,3582809
2022-08-23 00:00:00+05:30,2940.11,2980.2,2838.07,2938.17,4300051
2022-08-24 00:00:00+05:30,2945.3,3056.79,2894.88,3039.0,3584695
2022-08-25 00:00:00+05:30,3070.36,3080.83,2962.46,2972.78,3217611
2022-08-26 00:00:00+05:30,2986.01,3076.13,2984.08,3043.75,2988724
2022-08-29 00:00:00+05:30,2961.78,3069.83,2945.15,3046.7,1985512
2022-08-30 00:00:00+05:30,3068.42,3163.53,3064.54,3096.87,4530313
2022-09-01 00:00:00+05:30,3102.35,3145.98,3087.23,3134.59,1939506
2022-09-02 00:00:00+05:30,3161.49,3266.58,3126.59,3253.4,4987865
2022-09-05 00:00:00+05:30,3271.14,3327.08,3211.9,3244.43,3802867
2022-09-06 00:00:00+05:30,3267.16,3342.4,3252.62,3330.96,2661769
2022-09-07 00:00:00+05:30,3330.96,3381.52,3302.16,3367.75,2256968
2022-09-08 00:00:00+05:30,3392.23,3394.65,3344.72,3357.13,1609144
2022-09-09 00:00:00+05:30,3372.84,3400.91,3310.94,3345.89,1665455
2022-09-12 00:00:00+05:30,3359.27,3388.84,3352.38,3358.1,1699561
2022-09-13 00:00:00+05:30,3371.87,3460.0,3316.9,3447.29,3589184
2022-09-14 00:00:00+05:30,3410.65,3497.9,3403.86,3463.1,2826442
2022-09-15 00:00:00+05:30,3480.45,3652.97,3465.91,3634.31,4864490
2022-09-16 00:00:00+05:30,3640.42,3748.95,3504.3,3589.23,5865642
2022-09-19 00:00:00+05:30,3605.47,3685.93,3568.43,3663.34,3189665
2022-09-20 00:00:00+05:30,3702.46,3766.45,3695.68,3717.54,3443585
2022-09-21 00:00:00+05:30,3720.54,3744.93,3462.27,3529.02,6281094
2022-09-22 00:00:00+05:30,3527.96,3621.95,3497.95,3602.9,3600527
2022-09-23 00:00:00+05:30,3618.12,3623.84,3543.47,3562.18,3095674
2022-09-26 00:00:00+05:30,3535.03,3546.38,3424.22,3476.77,3222208
2022-09-27 00:00:00+05:30,3486.27,3518.79,3379.48,3450.49,3623038
2022-09-28 00:00:00+05:30,3420.34,3487.19,3396.11,3440.46,2330767
2022-09-29 00:00:00+05:30,3474.15,3552.92,3338.52,3364.79,15533921
2022-09-30 00:00:00+05:30,3342.74,3416.27,3268.23,3350.3,4443157
2022-10-03 00:00:00+05:30,3335.03,3354.47,3015.29,3060.96,7817289
2022-10-04 00:00:00+05:30,3131.44,3190.77,3029.64,3138.9,5819860
2022-10-06 00:00:00+05:30,3170.22,3217.53,3110.16,3184.76,2934671
2022-10-07 00:00:00+05:30,3179.91,3209.92,3129.64,3177.58,1991011
2022-10-10 00:00:00+05:30,3135.31,3178.7,3116.26,3147.19,1640801
2022-10-11 00:00:00+05:30,3158.15,3236.14,3149.86,3174.05,2624429
2022-10-12 00:00:00+05:30,3196.39,3196.39,3049.03,3125.28,3066129
2022-10-13 00:00:00+05:30,3119.8,3163.24,3091.69,3134.98,1898081
2022-10-14 00:00:00+05:30,3172.16,3204.15,3097.36,3111.56,1386703
2022-10-17 00:00:00+05:30,3113.02,3136.28,3040.4,3114.57,2047769
2022-10-18 00:00:00+05:30,3149.86,3197.36,3127.66,3184.08,1686490
2022-10-19 00:00:00+05:30,3199.3,3209.0,3160.18,3177.24,1440394
2022-10-20 00:00:00+05:30,3160.52,3262.32,3145.98,3254.66,2280852
2022-10-21 00:00:00+05:30,3271.92,3278.8,3186.7,3210.84,1156009
2022-10-24 00:00:00+05:30,3223.54,3238.18,3187.09,3208.8,256063
2022-10-25 00:00:00+05:30,3220.58,3242.93,3193.48,3199.79,846501
2022-10-27 00:00:00+05:30,3218.54,3252.62,3196.39,3223.54,1140981
2022-10-28 00:00:00+05:30,3220.63,3284.57,3197.02,3221.89,1364946
2022-10-31 00:00:00+05:30,3238.03,3257.47,3224.6,3245.3,593750
2022-11-01 00:00:00+05:30,3259.31,3497.37,3249.71,3466.59,4531586
2022-11-02 00:00:00+05:30,3470.76,3514.53,3418.4,3471.44,2614436
2022-11-03 00:00:00+05:30,3441.67,3504.4,3434.35,3480.84,1315345
2022-11-04 00:00:00+05:30,3530.86,3732.32,3457.91,3716.28,6304100
2022-11-07 00:00:00+05:30,3734.89,3891.22,3703.43,3839.74,6173923
2022-11-09 00:00:00+05:30,3855.64,3924.48,3822.73,3875.23,3849857
2022-11-10 00:00:00+05:30,3873.09,3907.02,3841.25,3870.43,2386584
2022-11-11 00:00:00+05:30,3916.72,3925.4,3853.85,3886.52,1523346
2022-11-14 00:00:00+05:30,3876.97,3953.56,3868.25,3899.8,1859769
2022-11-15 00:00:00+05:30,3902.23,3940.96,3899.27,3933.98,1098951
2022-11-16 00:00:00+05:30,3933.49,3971.01,3745.65,3835.86,3155228
2022-11-17 00:00:00+05:30,3848.86,3909.93,3780.99,3895.54,2337399
2022-11-18 00:00:00+05:30,3905.43,3919.63,3862.43,3897.14,1486119
2022-11-21 00:00:00+05:30,3897.28,3897.28,3802.27,3879.73,1538874
2022-11-22 00:00:00+05:30,3879.73,3932.23,3866.31,3910.9,1758648
2022-11-23 00:00:00+05:30,3926.41,3937.9,3754.82,3784.19,2951090
2022-11-24 00:00:00+05:30,3790.69,3814.92,3704.4,3801.45,2885172
2022-11-25 00:00:00+05:30,3809.11,3829.37,3727.96,3782.06,2585191
2022-11-28 00:00:00+05:30,3780.41,3805.23,3753.26,3767.56,1154392
2022-11-29 00:00:00+05:30,3766.45,3795.53,3746.14,3760.05,1494033
2022-11-30 00:00:00+05:30,3778.86,3819.67,3749.0,3798.35,2030385
2022-12-01 00:00:00+05:30,3817.35,3824.57,3783.37,3795.63,975608
2022-12-02 00:00:00+05:30,3785.84,3842.84,3766.45,3802.81,1338249
2022-12-05 00:00:00+05:30,3809.01,3818.8,3693.79,3810.46,2468133
2022-12-06 00:00:00+05:30,3800.38,3933.2,3789.72,3908.77,3055871
2022-12-07 00:00:00+05:30,3907.99,3934.07,3862.96,3877.26,1296794
2022-12-08 00:00:00+05:30,3887.64,3921.57,3881.19,3902.18,923248
2022-12-09 00:00:00+05:30,3920.6,3969.07,3821.23,3874.84,2196764
2022-12-12 00:00:00+05:30,3875.03,3908.87,3847.64,3894.13,827602
2022-12-13 00:00:00+05:30,3904.89,3947.74,3889.19,3936.3,1253522
2022-12-14 00:00:00+05:30,3951.62,3967.18,3916.72,3932.04,1149571
2022-12-15 00:00:00+05:30,3932.04,3948.76,3902.18,3920.36,893399
2022-12-16 00:00:00+05:30,3896.26,3924.38,3823.7,3859.33,1649201
2022-12-19 00:00:00+05:30,3866.31,3978.77,3850.26,3950.94,1695108
2022-12-20 00:00:00+05:30,3970.04,4044.69,3942.31,4038.2,3896907
2022-12-21 00:00:00+05:30,4047.6,4062.14,3764.75,3782.88,3698451
2022-12-22 00:00:00+05:30,3827.53,3827.53,3700.57,3750.5,2970260
2022-12-23 00:00:00+05:30,3705.37,3730.58,3506.43,3531.06,3131698
2022-12-26 00:00:00+05:30,3541.53,3630.62,3509.54,3603.33,2230031
2022-12-27 00:00:00+05:30,3618.55,3682.01,3582.3,3654.62,1861683
2022-12-28 00:00:00+05:30,3641.43,3708.28,3630.72,3681.81,1421322
2022-12-29 00:00:00+05:30,3674.35,3708.28,3633.73,3694.32,1579903
2022-12-30 00:00:00+05:30,3712.84,3779.05,3705.42,3740.61,1576865
2023-01-02 00:00:00+05:30,3751.91,3755.79,3705.91,3723.99,952104
2023-01-03 00:00:00+05:30,3724.66,3735.28,3675.32,3714.05,825082
2023-01-04 00:00:00+05:30,3721.85,3756.71,3687.53,3710.27,1060746
2023-01-05 00:00:00+05:30,3710.27,3725.15,3642.26,3712.93,1028387
2023-01-06 00:00:00+05:30,3712.16,3750.21,3681.18,3707.55,940870
2023-01-09 00:00:00+05:30,3725.73,3761.6,3694.95,3737.66,777713
2023-01-10 00:00:00+05:30,3741.24,3744.2,3446.52,3535.62,3708977
2023-01-11 00:00:00+05:30,3548.32,3552.68,3451.46,3524.85,2296586
2023-01-12 00:00:00+05:30,3531.35,3566.74,3501.78,3535.91,1237549
2023-01-13 00:00:00+05:30,3539.78,3622.04,3531.06,3607.6,1407667
2023-01-16 00:00:00+05:30,3606.48,3625.83,3490.15,3509.34,1922513
2023-01-17 00:00:00+05:30,3509.54,3538.23,3451.56,3528.3,1720894
2023-01-18 00:00:00+05:30,3536.68,3536.68,3419.47,3486.95,3767196
2023-01-19 00:00:00+05:30,3364.11,3429.75,3322.13,3357.86,3812662
2023-01-20 00:00:00+05:30,3344.72,3371.24,3335.95,3350.69,1557794
2023-01-23 00:00:00+05:30,3337.99,3354.42,3308.42,3331.49,1005541
2023-01-24 00:00:00+05:30,3342.25,3400.95,3325.33,3336.97,1565907
2023-01-25 00:00:00+05:30,3317.58,3323.39,3213.84,3285.54,3802471
2023-01-27 00:00:00+05:30,3233.23,3244.38,2629.24,2677.18,15229083
2023-01-30 00:00:00+05:30,2763.03,2944.86,2583.68,2804.57,21607250
2023-01-31 00:00:00+05:30,2889.07,2979.81,2817.32,2883.15,11932128
2023-02-01 00:00:00+05:30,2903.61,2918.88,1882.98,2070.19,13951029
2023-02-02 00:00:00+05:30,2277.17,2277.17,1449.14,1517.49,35559166
2023-02-03 00:00:00+05:30,1444.53,1628.64,986.4,1538.38,45266896
2023-02-06 00:00:00+05:30,1526.94,1565.72,1391.4,1524.71,19908602
2023-02-07 00:00:00+05:30,1523.06,1902.81,1479.05,1747.93,19792024
2023-02-08 00:00:00+05:30,1812.79,2154.34,1784.68,2098.21,19776484
2023-02-09 00:00:00+05:30,2101.84,2101.84,1678.57,1866.94,18855228
2023-02-10 00:00:00+05:30,1715.02,1929.28,1680.26,1790.59,11691648
2023-02-13 00:00:00+05:30,1793.55,1863.06,1611.53,1665.24,12595284
2023-02-14 00:00:00+05:30,1682.06,1831.36,1562.18,1696.31,15037911
2023-02-15 00:00:00+05:30,1725.68,1768.73,1696.6,1724.81,7876942
2023-02-16 00:00:00+05:30,1764.46,1817.74,1735.38,1741.78,5754101
2023-02-17 00:00:00+05:30,1745.07,1760.44,1651.23,1670.13,5562245
2023-02-20 00:00:00+05:30,1599.65,1633.58,1512.88,1571.97,6975177
2023-02-21 00:00:00+05:30,1576.38,1594.27,1513.66,1523.16,5747293
2023-02-22 00:00:00+05:30,1488.16,1523.16,1339.05,1361.98,10940319
2023-02-23 00:00:00+05:30,1337.89,1394.12,1308.8,1340.46,9187908
2023-02-24 00:00:00+05:30,1366.97,1383.46,1223.1,1275.5,9011719
2023-02-27 00:00:00+05:30,1260.33,1273.71,1096.54,1157.08,10594292
2023-02-28 00:00:00+05:30,1110.06,1355.34,1070.07,1322.23,35016905
2023-03-01 00:00:00+05:30,1380.55,1531.79,1367.94,1516.57,20747447
2023-03-02 00:00:00+05:30,1454.13,1595.77,1364.94,1558.2,27819846
2023-03-03 00:00:00+05:30,1637.31,1847.79,1634.07,1822.15,23606667
2023-03-06 00:00:00+05:30,1906.69,2069.85,1798.39,1921.47,28023045
2023-03-08 00:00:00+05:30,1977.75,2024.28,1881.77,1977.41,13994005
2023-03-09 00:00:00+05:30,1987.25,2005.72,1847.21,1893.55,13024675
2023-03-10 00:00:00+05:30,1812.94,1880.8,1765.04,1838.34,9715679
2023-03-13 00:00:00+05:30,1858.5,1924.43,1800.72,1817.2,7810776
2023-03-14 00:00:00+05:30,1816.82,1817.64,1600.96,1685.16,13078379
2023-03-15 00:00:00+05:30,1707.17,1833.73,1675.37,1782.88,12683250
2023-03-16 00:00:00+05:30,1804.21,1817.78,1740.23,1787.54,6714159
2023-03-17 00:00:00+05:30,1842.99,1860.3,1788.7,1819.29,6156916
2023-03-20 00:00:00+05:30,1780.94,1793.5,1723.16,1749.87,5330737
2023-03-21 00:00:00+05:30,1780.9,1804.21,1749.87,1768.58,4222736
2023-03-22 00:00:00+05:30,1778.04,1793.55,1751.04,1760.0,3349655
2023-03-23 00:00:00+05:30,1739.26,1778.04,1725.68,1739.26,4237814
2023-03-24 00:00:00+05:30,1741.2,1767.37,1643.52,1687.53,6382640
2023-03-27 00:00:00+05:30,1687.53,1703.77,1630.67,1670.47,5211777
2023-03-28 00:00:00+05:30,1675.22,1680.12,1525.0,1552.0,8400481
2023-03-29 00:00:00+05:30,1554.04,1702.42,1542.55,1687.29,9622403
2023-03-31 00:00:00+05:30,1733.44,1769.31,1686.9,1688.94,5046481
2023-04-03 00:00:00+05:30,1697.04,1701.4,1643.76,1665.04,3554090
2023-04-05 00:00:00+05:30,1665.04,1684.92,1620.54,1646.19,3806528
2023-04-06 00:00:00+05:30,1652.97,1738.92,1636.64,1700.53,6201147
2023-04-10 00:00:00+05:30,1719.87,1757.39,1706.88,1742.41,4329582
2023-04-11 00:00:00+05:30,1754.77,1773.19,1738.14,1748.13,2974116
2023-04-12 00:00:00+05:30,1758.65,1802.03,1742.21,1790.88,4959655
2023-04-13 00:00:00+05:30,1798.39,1827.48,1770.33,1813.66,3507910
2023-04-17 00:00:00+05:30,1813.66,1846.77,1790.64,1821.27,3074460
2023-04-18 00:00:00+05:30,1834.27,1844.69,1774.16,1794.47,2622368
2023-04-19 00:00:00+05:30,1790.64,1820.4,1779.01,1797.28,2533092
2023-04-20 00:00:00+05:30,1798.39,1821.57,1780.8,1786.66,2079984
2023-04-21 00:00:00+05:30,1789.67,1796.7,1741.24,1747.98,2156224
2023-04-24 00:00:00+05:30,1748.95,1761.94,1721.61,1746.96,2025387
2023-04-25 00:00:00+05:30,1750.89,1855.35,1746.82,1788.31,5532604
2023-04-26 00:00:00+05:30,1797.43,1816.82,1770.67,1791.51,2498967
2023-04-27 00:00:00+05:30,1791.61,1808.04,1776.63,1796.5,1838461
2023-04-28 00:00:00+05:30,1811.05,1884.68,1800.48,1866.21,6352991
2023-05-02 00:00:00+05:30,1875.95,1906.01,1849.78,1861.27,3934009
2023-05-03 00:00:00+05:30,1860.44,1880.8,1730.87,1782.88,6033545
2023-05-04 00:00:00+05:30,1782.93,1875.95,1782.93,1852.93,4994535
2023-05-05 00:00:00+05:30,1895.15,1895.34,1845.08,1861.7,6330932
2023-05-08 00:00:00+05:30,1861.7,1868.1,1818.75,1829.9,2924436
2023-05-09 00:00:00+05:30,1842.02,1871.11,1831.45,1838.24,2785426
2023-05-10 00:00:00+05:30,1841.05,1856.47,1826.46,1834.41,2032768
2023-05-11 00:00:00+05:30,1866.26,1952.3,1851.72,1924.09,9112253
2023-05-12 00:00:00+05:30,1947.7,1948.66,1887.15,1904.75,3936317
2023-05-15 00:00:00+05:30,1900.09,1904.75,1822.63,1857.58,4989022
2023-05-16 00:00:00+05:30,1868.2,1875.95,1823.6,1831.5,3155076
2023-05-17 00:00:00+05:30,1842.02,1861.36,1801.06,1841.54,3747141
2023-05-18 00:00:00+05:30,1851.76,1865.29,1819.92,1832.33,2514114
2023-05-19 00:00:00+05:30,1830.39,1922.49,1814.97,1896.36,7777940
2023-05-22 00:00:00+05:30,1948.66,2275.38,1922.88,2255.12,27139529
2023-05-23 00:00:00+05:30,2337.33,2675.25,2326.76,2553.33,29326989
2023-05-24 00:00:00+05:30,2626.34,2666.08,2351.34,2400.06,24204355
2023-05-25 00:00:00+05:30,2365.54,2480.72,2313.82,2460.02,8699473
2023-05-26 00:00:00+05:30,2486.73,2520.61,2457.79,2466.71,4087643
2023-05-29 00:00:00+05:30,2484.79,2504.66,2446.01,2456.72,2865623
2023-05-30 00:00:00+05:30,2452.12,2476.21,2399.62,2420.27,1791624
2023-05-31 00:00:00+05:30,2406.26,2494.49,2353.91,2417.27,4402790
2023-06-01 00:00:00+05:30,2423.62,2481.88,2409.46,2416.1,1758610
2023-06-02 00:00:00+05:30,2457.64,2461.43,2351.0,2370.44,5717726
2023-06-05 00:00:00+05:30,2388.04,2437.29,2353.91,2359.68,3049833
2023-06-06 00:00:00+05:30,2399.48,2430.45,2351.87,2359.39,6677367
2023-06-07 00:00:00+05:30,2378.15,2391.67,2360.7,2365.11,2601913
2023-06-08 00:00:00+05:30,2375.24,2400.35,2296.76,2355.02,3900382
2023-06-09 00:00:00+05:30,2373.25,2383.87,2353.91,2376.35,2009836
2023-06-12 00:00:00+05:30,2384.93,2428.56,2358.37,2408.98,2893183
2023-06-13 00:00:00+05:30,2422.74,2428.56,2367.68,2387.41,2280582
2023-06-14 00:00:00+05:30,2394.53,2408.98,2377.52,2382.17,1407132
2023-06-15 00:00:00+05:30,2393.66,2449.89,2387.74,2409.8,3861874
2023-06-16 00:00:00+05:30,2422.94,2447.95,2412.08,2428.46,8241645
2023-06-19 00:00:00+05:30,2427.59,2444.65,2279.26,2338.11,11786363
2023-06-20 00:00:00+05:30,2360.7,2360.7,2317.07,2345.18,2536819
2023-06-21 00:00:00+05:30,2352.65,2365.54,2320.95,2350.95,7639184
2023-06-22 00:00:00+05:30,2351.1,2373.98,2287.98,2319.98,8713296
2023-06-23 00:00:00+05:30,2319.3,2319.3,2097.29,2161.85,15677692
2023-06-26 00:00:00+05:30,2142.61,2264.77,2107.76,2231.66,8065436
2023-06-27 00:00:00+05:30,2257.88,2271.41,2202.96,2214.21,3451639
2023-06-28 00:00:00+05:30,2229.82,2344.41,2224.19,2339.37,29228477
2023-06-30 00:00:00+05:30,2363.56,2363.56,2278.29,2317.07,5247639
2023-07-03 00:00:00+05:30,2331.61,2344.07,2301.07,2311.98,2734681
2023-07-04 00:00:00+05:30,2323.86,2340.34,2300.68,2315.13,2375834
2023-07-05 00:00:00+05:30,2318.04,2338.4,2301.56,2327.73,2261781
2023-07-06 00:00:00+05:30,2325.94,2353.52,2317.99,2324.83,2549212
2023-07-07 00:00:00+05:30,2321.92,2336.27,2295.93,2307.37,1876221
2023-07-10 00:00:00+05:30,2319.78,2387.02,2283.14,2338.2,3882549
2023-07-11 00:00:00+05:30,2349.79,2370.34,2316.63,2344.21,2287378
2023-07-12 00:00:00+05:30,2355.75,2357.79,2307.81,2317.07,1487842
2023-07-13 00:00:00+05:30,2323.86,2332.29,2283.77,2291.86,1284096
2023-07-14 00:00:00+05:30,2302.53,2312.22,2268.6,2309.26,1392654
2023-07-17 00:00:00+05:30,2326.67,2383.96,2319.83,2336.46,3172925
2023-07-18 00:00:00+05:30,2341.31,2433.41,2332.58,2342.28,6159022
2023-07-19 00:00:00+05:30,2354.54,2368.45,2343.15,2348.48,1683058
2023-07-20 00:00:00+05:30,2354.83,2359.63,2326.76,2344.21,1610234
2023-07-21 00:00:00+05:30,2336.46,2381.49,2324.78,2346.15,2349207
2023-07-24 00:00:00+05:30,2355.85,2364.57,2338.45,2342.28,1143771
2023-07-25 00:00:00+05:30,2353.91,2403.3,2342.37,2389.88,3105015
2023-07-26 00:00:00+05:30,2397.0,2429.48,2371.7,2391.77,4002555
2023-07-27 00:00:00+05:30,2395.36,2409.17,2341.4,2359.34,2261931
2023-07-28 00:00:00+05:30,2362.64,2405.92,2356.92,2383.96,2410662
2023-07-31 00:00:00+05:30,2401.41,2441.02,2391.72,2414.07,3450524
2023-08-01 00:00:00+05:30,2428.41,2437.29,2380.47,2406.16,1615309
2023-08-02 00:00:00+05:30,2416.93,2437.29,2376.21,2397.73,2577231
2023-08-03 00:00:00+05:30,2394.53,2472.19,2387.11,2457.16,4863591
2023-08-04 00:00:00+05:30,2467.63,2479.46,2425.7,2458.76,3390282
2023-08-07 00:00:00+05:30,2473.11,2490.61,2439.61,2474.13,4825655
2023-08-08 00:00:00+05:30,2485.03,2485.03,2386.24,2401.46,6313557
2023-08-09 00:00:00+05:30,2412.42,2439.56,2396.57,2429.53,5955320
2023-08-10 00:00:00+05:30,2433.41,2498.85,2433.41,2471.22,8389829
2023-08-11 00:00:00+05:30,2472.24,2489.64,2441.36,2460.55,7372306
2023-08-14 00:00:00+05:30,2404.32,2407.86,2327.01,2372.28,10071763
2023-08-16 00:00:00+05:30,2375.24,2389.78,2346.15,2367.48,7299764
2023-08-17 00:00:00+05:30,2380.04,2409.85,2370.88,2401.9,8010451
2023-08-18 00:00:00+05:30,2401.9,2583.63,2386.19,2492.5,15136283
2023-08-21 00:00:00+05:30,2509.03,2573.98,2506.17,2556.05,10798250
2023-08-22 00:00:00+05:30,2587.41,2637.0,2583.44,2611.79,10589428
2023-08-23 00:00:00+05:30,2637.0,2638.26,2414.74,2459.58,5394746
2023-08-24 00:00:00+05:30,2501.27,2533.26,2454.74,2467.19,4680388
2023-08-25 00:00:00+05:30,2471.22,2471.22,2411.11,2414.02,2882294
2023-08-28 00:00:00+05:30,2472.19,2501.47,2381.3,2398.51,4572475
2023-08-29 00:00:00+05:30,2396.66,2459.24,2371.55,2431.08,4939912
2023-08-30 00:00:00+05:30,2440.19,2465.4,2416.39,2433.41,6683314
2023-08-31 00:00:00+05:30,2375.19,2410.58,2312.22,2351.0,6325444
2023-09-01 00:00:00+05:30,2308.34,2390.31,2307.37,2375.29,6977309
2023-09-04 00:00:00+05:30,2379.12,2404.32,2375.29,2395.21,6187258
2023-09-05 00:00:00+05:30,2406.26,2425.07,2388.81,2417.94,6693573
2023-09-06 00:00:00+05:30,2417.94,2427.59,2395.6,2420.32,7649677
2023-09-07 00:00:00+05:30,2421.77,2443.1,2409.17,2432.92,4434300
2023-09-08 00:00:00+05:30,2437.09,2461.13,2429.63,2442.42,5818525
2023-09-11 00:00:00+05:30,2486.73,2549.99,2468.31,2535.15,9436186
2023-09-12 00:00:00+05:30,2542.43,2546.45,2452.8,2458.32,5836886
2023-09-13 00:00:00+05:30,2468.02,2488.62,2419.83,2442.04,1836096
2023-09-14 00:00:00+05:30,2464.29,2467.34,2429.58,2442.91,1256833
2023-09-15 00:00:00+05:30,2442.91,2479.94,2437.48,2462.54,1595693
2023-09-18 00:00:00+05:30,2474.13,2477.03,2414.99,2426.09,888799
2023-09-20 00:00:00+05:30,2426.04,2456.34,2383.87,2394.92,1240885
2023-09-21 00:00:00+05:30,2404.13,2427.4,2385.9,2403.6,1320194
2023-09-22 00:00:00+05:30,2413.97,2421.77,2384.93,2389.68,892834
2023-09-25 00:00:00+05:30,2404.27,2413.05,2350.03,2406.36,1255200
2023-09-26 00:00:00+05:30,2414.99,2422.74,2377.76,2382.95,720860
2023-09-27 00:00:00+05:30,2384.93,2421.77,2370.49,2407.52,1111284
2023-09-28 00:00:00+05:30,2413.97,2434.38,2372.04,2399.72,2295610
2023-09-29 00:00:00+05:30,2386.92,2403.89,2331.66,2340.24,1742369
2023-10-03 00:00:00+05:30,2344.21,2350.9,2299.62,2314.4,2083476
2023-10-04 00:00:00+05:30,2328.9,2426.38,2319.25,2389.73,2947314
2023-10-05 00:00:00+05:30,2402.34,2410.62,2371.75,2391.09,1168099
2023-10-06 00:00:00+05:30,2391.09,2438.21,2390.8,2402.48,1557564
2023-10-09 00:00:00+05:30,2365.54,2384.64,2337.72,2368.06,1452548
2023-10-10 00:00:00+05:30,2368.45,2441.11,2368.45,2422.06,1827682
2023-10-11 00:00:00+05:30,2456.58,2460.55,2406.75,2412.66,1679073
2023-10-12 00:00:00+05:30,2423.62,2444.8,2414.65,2429.87,1861625
2023-10-13 00:00:00+05:30,2412.95,2418.87,2348.43,2379.65,2350404
2023-10-16 00:00:00+05:30,2379.65,2389.49,2347.95,2355.22,829158
2023-10-17 00:00:00+05:30,2384.88,2386.87,2349.55,2354.3,729813
2023-10-18 00:00:00+05:30,2365.54,2367.24,2327.78,2332.92,801433
2023-10-19 00:00:00+05:30,2326.76,2341.02,2309.85,2328.9,1205611
2023-10-20 00:00:00+05:30,2324.87,2369.37,2309.36,2320.7,1279391
2023-10-23 00:00:00+05:30,2324.63,2338.74,2231.56,2238.2,1530244
2023-10-25 00:00:00+05:30,2249.21,2276.4,2167.09,2188.13,1589317
2023-10-26 00:00:00+05:30,2180.37,2180.37,2100.92,2135.97,2296140
2023-10-27 00:00:00+05:30,2154.2,2205.58,2144.5,2192.68,1283458
2023-10-30 00:00:00+05:30,2191.08,2234.66,2181.34,2228.94,1027812
2023-10-31 00:00:00+05:30,2249.21,2249.21,2206.55,2224.63,1191643
2023-11-01 00:00:00+05:30,2228.85,2241.69,2139.65,2149.64,1719035
2023-11-02 00:00:00+05:30,2178.43,2227.83,2136.94,2147.7,2414681
2023-11-03 00:00:00+05:30,2147.7,2209.46,2147.41,2161.81,1911633
2023-11-06 00:00:00+05:30,2185.17,2191.04,2164.86,2177.46,794299
2023-11-07 00:00:00+05:30,2188.13,2191.04,2158.7,2165.2,661747
2023-11-08 00:00:00+05:30,2176.78,2227.88,2166.8,2190.99,1205980
2023-11-09 00:00:00+05:30,2199.76,2203.25,2142.66,2147.07,1307797
2023-11-10 00:00:00+05:30,2152.5,2168.74,2131.41,2137.81,1106357
2023-11-12 00:00:00+05:30,2151.97,2158.07,2137.81,2143.87,152988
2023-11-13 00:00:00+05:30,2147.89,2173.49,2128.55,2146.1,880501
2023-11-15 00:00:00+05:30,2171.65,2181.34,2152.74,2157.49,718397
2023-11-16 00:00:00+05:30,2158.07,2164.67,2129.09,2138.59,1348741
2023-11-17 00:00:00+05:30,2138.59,2169.66,2133.84,2141.4,945366
2023-11-20 00:00:00+05:30,2143.53,2150.8,2076.64,2084.25,1626856
2023-11-21 00:00:00+05:30,2094.09,2164.42,2092.49,2129.62,1897401
2023-11-22 00:00:00+05:30,2137.86,2157.1,2087.79,2106.35,1286461
2023-11-23 00:00:00+05:30,2123.17,2123.17,2094.67,2108.87,752063
2023-11-24 00:00:00+05:30,2112.51,2183.23,2094.96,2157.54,2007518
2023-11-28 00:00:00+05:30,2230.79,2435.73,2205.58,2349.55,12349107
2023-11-29 00:00:00+05:30,2393.37,2402.04,2317.07,2323.47,4705151
2023-11-30 00:00:00+05:30,2326.81,2335.49,2271.55,2286.58,3077798
2023-12-01 00:00:00+05:30,2297.68,2330.01,2282.26,2290.6,1849418
2023-12-04 00:00:00+05:30,2472.14,2515.81,2411.55,2453.96,5860344
2023-12-05 00:00:00+05:30,2453.96,2908.36,2453.96,2869.05,23599207
2023-12-06 00:00:00+05:30,2986.01,3058.29,2758.04,2795.95,19965008
2023-12-07 00:00:00+05:30,2811.51,2856.01,2765.99,2799.05,6524997
2023-12-08 00:00:00+05:30,2814.12,2837.68,2675.78,2736.03,7178479
2023-12-11 00:00:00+05:30,2750.48,2830.8,2725.27,2768.66,5223518
2023-12-12 00:00:00+05:30,2781.55,2807.58,2753.87,2770.45,2081282
2023-12-13 00:00:00+05:30,2772.73,2810.63,2719.41,2787.32,2894147
2023-12-14 00:00:00+05:30,2812.43,2843.45,2798.9,2805.74,3326179
2023-12-15 00:00:00+05:30,2823.19,2908.46,2805.59,2900.51,5076390
2023-12-18 00:00:00+05:30,2902.59,2935.36,2870.74,2889.65,2388817
2023-12-19 00:00:00+05:30,2897.6,2902.98,2826.05,2851.5,1796307
2023-12-20 00:00:00+05:30,2856.1,2877.43,2681.79,2698.9,3525314
2023-12-21 00:00:00+05:30,2666.08,2735.84,2641.85,2714.32,2762886
2023-12-22 00:00:00+05:30,2730.02,2760.71,2706.22,2722.65,1561608
2023-12-26 00:00:00+05:30,2731.04,2805.45,2714.66,2778.01,2112961
2023-12-27 00:00:00+05:30,2792.8,2806.47,2747.13,2756.59,1751780
2023-12-28 00:00:00+05:30,2767.88,2779.85,2714.66,2724.16,4232053
2023-12-29 00:00:00+05:30,2737.73,2775.93,2717.32,2762.01,1554522
2024-01-01 00:00:00+05:30,2765.26,2857.07,2755.33,2828.18,2989854
2024-01-02 00:00:00+05:30,2832.84,2858.24,2754.31,2842.92,2755450
2024-01-03 00:00:00+05:30,2954.02,3101.38,2865.41,2911.36,20346276
2024-01-04 00:00:00+05:30,2946.65,2951.55,2898.76,2906.81,3069279
2024-01-05 00:00:00+05:30,2918.1,2973.31,2890.13,2914.85,3321298
2024-01-08 00:00:00+05:30,2927.84,2934.63,2862.84,2873.07,1907261
2024-01-09 00:00:00+05:30,2899.44,2975.16,2889.07,2922.61,2976535
2024-01-10 00:00:00+05:30,2931.72,3017.04,2927.89,3003.66,3703303
2024-01-11 00:00:00+05:30,3024.79,3033.52,2971.47,2986.89,2071309
2024-01-12 00:00:00+05:30,3001.87,3029.64,2974.57,3009.38,1852461
2024-01-15 00:00:00+05:30,3031.58,3034.49,2973.85,2995.22,1451293
2024-01-16 00:00:00+05:30,3000.56,3009.77,2942.39,2963.23,2594742
2024-01-17 00:00:00+05:30,2940.45,2952.08,2856.39,2880.39,2988409
2024-01-18 00:00:00+05:30,2884.75,2893.91,2797.06,2829.83,2632678
2024-01-19 00:00:00+05:30,2855.47,2859.45,2814.46,2826.68,2077490
2024-01-20 00:00:00+05:30,2840.59,2923.82,2802.3,2896.72,1937929
2024-01-23 00:00:00+05:30,2922.95,2922.95,2797.45,2808.16,1884508
2024-01-24 00:00:00+05:30,2812.48,2839.72,2783.63,2814.85,5990747
2024-01-25 00:00:00+05:30,2814.85,2837.05,2718.82,2805.3,2683867
2024-01-29 00:00:00+05:30,2839.62,2998.33,2833.85,2971.13,4541561
2024-01-30 00:00:00+05:30,2986.98,3034.39,2928.72,2996.78,3213568
2024-01-31 00:00:00+05:30,2998.37,3055.53,2978.65,3046.12,2755123
2024-02-01 00:00:00+05:30,3060.57,3138.17,2988.97,3057.27,4834107
2024-02-02 00:00:00+05:30,3087.76,3110.59,3044.18,3061.1,2793952
2024-02-05 00:00:00+05:30,3073.27,3130.86,3055.28,3076.61,2260164
2024-02-06 00:00:00+05:30,3086.74,3129.69,3063.57,3105.99,2144325
2024-02-07 00:00:00+05:30,3121.79,3177.92,3112.05,3131.29,2161881
2024-02-08 00:00:00+05:30,3146.56,3146.56,3050.1,3071.91,1731851
2024-02-09 00:00:00+05:30,3087.28,3126.54,3025.96,3117.09,1622293
2024-02-12 00:00:00+05:30,3130.47,3143.02,3063.57,3073.03,1117230
2024-02-13 00:00:00+05:30,3082.96,3096.54,2997.7,3081.46,1263771
2024-02-14 00:00:00+05:30,3086.84,3155.92,3073.12,3109.33,1796071
2024-02-15 00:00:00+05:30,3121.6,3153.49,3086.89,3096.34,2099263
2024-02-16 00:00:00+05:30,3115.92,3153.06,3095.23,3125.23,2262720
2024-02-19 00:00:00+05:30,3141.13,3207.64,3137.06,3159.36,1835453
2024-02-20 00:00:00+05:30,3167.31,3170.02,3112.19,3130.08,1513824
2024-02-21 00:00:00+05:30,3139.19,3199.3,3107.2,3124.84,1709176
2024-02-22 00:00:00+05:30,3140.16,3174.09,3112.53,3163.48,1174564
2024-02-23 00:00:00+05:30,3163.48,3218.64,3126.69,3173.42,2037200
2024-02-26 00:00:00+05:30,3172.16,3241.96,3163.43,3226.2,1748741
2024-02-27 00:00:00+05:30,3237.11,3238.08,3173.12,3201.53,1160998
2024-02-28 00:00:00+05:30,3208.22,3217.53,3109.62,3120.77,1401650
2024-02-29 00:00:00+05:30,3121.79,3203.91,3107.54,3185.15,1395574
2024-03-01 00:00:00+05:30,3208.85,3243.9,3181.66,3217.48,1197612
2024-03-02 00:00:00+05:30,3230.32,3246.51,3220.14,3231.54,123273
2024-03-04 00:00:00+05:30,3233.23,3247.77,3209.04,3215.93,1094647
2024-03-05 00:00:00+05:30,3223.83,3232.26,3194.5,3209.19,1227885
2024-03-06 00:00:00+05:30,3221.6,3221.6,3086.02,3135.27,1996114
2024-03-07 00:00:00+05:30,3141.13,3162.46,3121.74,3128.09,883281
2024-03-11 00:00:00+05:30,3142.29,3159.55,3102.35,3109.48,762107
2024-03-12 00:00:00+05:30,3109.48,3124.36,3016.07,3027.22,1237241
2024-03-13 00:00:00+05:30,3029.64,3042.29,2763.18,2817.52,3514278
2024-03-14 00:00:00+05:30,2838.12,3006.57,2792.12,2993.24,3877419
2024-03-15 00:00:00+05:30,3016.07,3047.48,2967.84,3036.62,2268311
2024-03-18 00:00:00+05:30,2957.03,3028.67,2885.24,3016.8,3138279
2024-03-19 00:00:00+05:30,3030.61,3068.23,2949.03,2959.55,1506420
2024-03-20 00:00:00+05:30,2981.17,2989.12,2928.91,2958.34,996901
2024-03-21 00:00:00+05:30,2995.27,3012.29,2966.24,2972.93,1212758
2024-03-22 00:00:00+05:30,2972.97,3033.47,2955.04,3012.87,981508
2024-03-26 00:00:00+05:30,3005.89,3075.16,2994.84,3015.05,966599
2024-03-27 00:00:00+05:30,3019.95,3042.68,3011.46,3026.83,928566
2024-03-28 00:00:00+05:30,3038.37,3138.22,3002.25,3099.54,2400298
2024-04-01 00:00:00+05:30,3131.63,3191.35,3109.96,3152.86,1333333
2024-04-02 00:00:00+05:30,3159.5,3184.76,3141.13,3169.0,896176
2024-04-03 00:00:00+05:30,3150.83,3160.67,3123.68,3134.78,1189404
2024-04-04 00:00:00+05:30,3150.83,3173.12,3104.0,3112.82,1448012
2024-04-05 00:00:00+05:30,3113.11,3135.31,3081.94,3126.4,779390
2024-04-08 00:00:00+05:30,3142.05,3144.52,3099.64,3126.15,595615
2024-04-09 00:00:00+05:30,3141.81,3151.8,3087.81,3100.85,859919
2024-04-10 00:00:00+05:30,3102.35,3155.29,3095.08,3143.07,1486498
2024-04-12 00:00:00+05:30,3112.05,3148.4,3107.49,3111.95,727369
2024-04-15 00:00:00+05:30,3053.88,3083.25,3008.51,3051.41,1067967
2024-04-16 00:00:00+05:30,3006.37,3053.1,3005.4,3011.61,1169883
2024-04-18 00:00:00+05:30,3029.79,3049.03,2916.5,2927.17,1757269
2024-04-19 00:00:00+05:30,2908.46,2963.76,2872.1,2934.58,1781685
2024-04-22 00:00:00+05:30,2959.84,2983.59,2932.69,2969.87,1025213
2024-04-23 00:00:00+05:30,2965.65,2996.68,2950.24,2971.57,1706341
2024-04-24 00:00:00+05:30,2978.21,2993.62,2947.23,2950.68,624988
2024-04-25 00:00:00+05:30,2956.93,3025.67,2933.32,3020.19,1563231
2024-04-26 00:00:00+05:30,3024.7,3034.39,2972.49,2986.4,683625
2024-04-29 00:00:00+05:30,3015.1,3015.58,2958.38,2987.18,668957
2024-04-30 00:00:00+05:30,2999.59,3013.6,2952.08,2961.49,829876
2024-05-02 00:00:00+05:30,2978.21,3024.65,2923.05,2946.85,2288932
2024-05-03 00:00:00+05:30,2937.54,2952.08,2884.32,2901.91,1518505
2024-05-06 00:00:00+05:30,2901.91,2908.65,2763.03,2786.93,2452791
2024-05-07 00:00:00+05:30,2801.76,2816.69,2735.89,2749.41,1302043
2024-05-08 00:00:00+05:30,2763.03,2802.68,2733.95,2773.26,981357
2024-05-09 00:00:00+05:30,2777.38,2795.66,2671.9,2682.23,1532267
2024-05-10 00:00:00+05:30,2709.66,2723.28,2676.22,2711.89,2428912
2024-05-13 00:00:00+05:30,2717.47,2801.81,2705.35,2791.73,3903488
2024-05-14 00:00:00+05:30,2806.61,2953.05,2786.83,2944.86,5906029
2024-05-15 00:00:00+05:30,2953.78,3023.68,2944.91,2956.69,1741993
2024-05-16 00:00:00+05:30,2971.47,2983.06,2884.17,2948.83,1893079
2024-05-17 00:00:00+05:30,2948.25,2996.68,2923.48,2967.11,851417
2024-05-18 00:00:00+05:30,2980.2,2980.2,2961.78,2966.38,76616
2024-05-21 00:00:00+05:30,2974.28,3078.12,2941.9,3022.37,3188970
2024-05-22 00:00:00+05:30,3034.44,3049.03,2979.71,3045.1,3477183
2024-05-23 00:00:00+05:30,3060.37,3302.07,3039.87,3283.94,7198751
2024-05-24 00:00:00+05:30,3302.07,3352.33,3253.2,3281.66,3583003
2024-05-27 00:00:00+05:30,3255.53,3255.53,3167.36,3188.68,2663770
2024-05-28 00:00:00+05:30,3208.66,3227.9,3130.52,3145.06,1672195
2024-05-29 00:00:00+05:30,3150.83,3221.5,3113.99,3159.36,1970870
2024-05-30 00:00:00+05:30,3154.7,3174.38,3077.63,3096.78,2052851
2024-05-31 00:00:00+05:30,3126.83,3329.65,3126.83,3307.25,6585547
2024-06-03 00:00:00+05:30,3611.33,3629.66,3476.62,3534.02,8779258
2024-06-04 00:00:00+05:30,3412.59,3412.59,2650.52,2851.5,20946077
2024-06-05 00:00:00+05:30,2937.54,3053.88,2666.08,3020.29,9054647
2024-06-06 00:00:00+05:30,3086.84,3124.07,3041.42,3088.44,6058135
2024-06-07 00:00:00+05:30,3073.66,3135.07,3055.43,3121.31,4889663
2024-06-10 00:00:00+05:30,3167.31,3184.18,3107.68,3121.84,5091051
2024-06-11 00:00:00+05:30,3125.62,3165.37,3097.55,3122.95,4305061
2024-06-12 00:00:00+05:30,3126.49,3145.98,3110.11,3120.82,3117611
2024-06-13 00:00:00+05:30,3131.44,3154.7,3109.38,3126.4,3303793
2024-06-14 00:00:00+05:30,3126.59,3175.06,3122.81,3162.22,4357834
2024-06-18 00:00:00+05:30,3209.0,3242.93,3186.89,3208.07,1810871
2024-06-19 00:00:00+05:30,3212.87,3212.87,3127.85,3162.36,1463936
2024-06-20 00:00:00+05:30,3164.3,3213.84,3141.13,3159.99,1409558
2024-06-21 00:00:00+05:30,3165.42,3177.1,3079.47,3091.98,4845516
2024-06-24 00:00:00+05:30,3088.54,3116.7,3039.34,3097.12,3364309
2024-06-25 00:00:00+05:30,3106.96,3110.54,3060.03,3074.33,1748312
2024-06-26 00:00:00+05:30,3072.35,3090.43,3067.35,3073.75,2210337
2024-06-27 00:00:00+05:30,3080.05,3104.53,3053.88,3078.26,5275976
2024-06-28 00:00:00+05:30,3092.66,3113.94,3060.66,3080.2,991150
2024-07-01 00:00:00+05:30,3082.91,3095.71,3061.2,3086.65,858363
2024-07-02 00:00:00+05:30,3082.82,3109.91,3035.51,3056.98,1537769
2024-07-03 00:00:00+05:30,3061.63,3097.07,3051.7,3093.58,1188798
2024-07-04 00:00:00+05:30,3094.6,3096.97,3042.29,3048.3,1088610
2024-07-05 00:00:00+05:30,3047.96,3062.17,3028.62,3051.84,684887
2024-07-08 00:00:00+05:30,3051.84,3061.83,2981.17,3018.59,1191470
2024-07-09 00:00:00+05:30,3020.87,3061.63,3005.89,3015.83,951436
2024-07-10 00:00:00+05:30,3024.89,3031.82,2969.92,3001.53,605177
2024-07-11 00:00:00+05:30,3023.53,3034.29,2980.29,2984.37,928102
2024-07-12 00:00:00+05:30,2995.71,3004.24,2965.02,2971.91,779833
2024-07-15 00:00:00+05:30,2972.54,3008.8,2965.02,2996.1,746968
2024-07-16 00:00:00+05:30,3015.1,3042.0,3001.62,3014.42,1019466
2024-07-18 00:00:00+05:30,3011.22,3016.07,2963.86,2997.84,1053810
2024-07-19 00:00:00+05:30,2997.65,3000.07,2908.46,2913.98,1059264
2024-07-22 00:00:00+05:30,2913.98,2934.53,2881.46,2909.28,682924
2024-07-23 00:00:00+05:30,2927.84,2945.3,2798.27,2903.95,1488760
2024-07-24 00:00:00+05:30,2903.95,2915.73,2869.0,2880.05,715537
2024-07-25 00:00:00+05:30,2870.35,2925.57,2855.23,2882.76,1140524
2024-07-26 00:00:00+05:30,2903.61,3014.13,2896.92,2986.5,2003566
2024-07-29 00:00:00+05:30,2999.88,3025.13,2980.2,2995.08,1070129
2024-07-30 00:00:00+05:30,2997.65,3058.73,2973.07,3033.28,1698890
2024-07-31 00:00:00+05:30,3045.15,3099.93,3039.34,3072.69,2489987
2024-08-01 00:00:00+05:30,3082.96,3158.58,3055.53,3119.08,6343453
2024-08-02 00:00:00+05:30,3102.35,3116.89,3016.07,3064.45,3465973
2024-08-05 00:00:00+05:30,2990.86,3037.45,2904.87,2945.49,2309392
2024-08-06 00:00:00+05:30,2989.89,3046.9,2963.96,2978.94,2192093
2024-08-07 00:00:00+05:30,3022.85,3092.66,3017.04,3088.73,1926970
2024-08-08 00:00:00+05:30,3093.19,3143.7,3060.23,3070.89,2206714
2024-08-09 00:00:00+05:30,3111.08,3121.06,3074.29,3090.28,784092
2024-08-12 00:00:00+05:30,3005.4,3073.12,2922.03,3055.57,10631670
2024-08-13 00:00:00+05:30,3073.32,3081.12,2987.71,2997.84,2261601
2024-08-14 00:00:00+05:30,2991.54,2991.54,2935.36,2947.33,1271173
2024-08-16 00:00:00+05:30,2976.32,3026.34,2946.6,3013.94,1000600
2024-08-19 00:00:00+05:30,3026.78,3038.66,2998.57,3007.88,574805
2024-08-20 00:00:00+05:30,3023.78,3030.61,2965.51,2976.95,683108
2024-08-21 00:00:00+05:30,2976.95,3057.08,2974.77,3020.62,1422652
2024-08-22 00:00:00+05:30,3035.22,3053.88,2996.68,3004.48,1422314
2024-08-23 00:00:00+05:30,3006.37,3027.7,2973.99,2982.48,1418510
2024-08-26 00:00:00+05:30,2993.77,2995.71,2961.78,2975.35,1683828
2024-08-27 00:00:00+05:30,2978.45,3001.28,2970.5,2973.51,1351687
2024-08-28 00:00:00+05:30,2984.08,2984.08,2929.88,2935.6,1619057
2024-08-29 00:00:00+05:30,2937.54,2949.13,2890.33,2927.99,1912320
2024-08-30 00:00:00+05:30,2937.54,2945.83,2911.65,2927.21,3619627
2024-09-02 00:00:00+05:30,2928.91,2965.8,2906.13,2949.32,1900656
2024-09-03 00:00:00+05:30,2944.33,2959.89,2931.53,2943.45,1414748
2024-09-04 00:00:00+05:30,2918.15,2932.69,2865.02,2920.43,1250427
2024-09-05 00:00:00+05:30,2932.69,2945.2,2910.39,2923.34,757385
2024-09-06 00:00:00+05:30,2926.88,2932.69,2877.43,2884.65,1290546
2024-09-09 00:00:00+05:30,2881.41,2881.79,2837.97,2873.7,1571536
2024-09-10 00:00:00+05:30,2880.92,2915.63,2857.65,2895.27,829081
2024-09-11 00:00:00+05:30,2893.91,2901.62,2838.65,2848.2,916598
2024-09-12 00:00:00+05:30,2859.98,2908.46,2828.13,2899.73,1355537
2024-09-13 00:00:00+05:30,2881.31,2910.35,2865.85,2877.77,841630
2024-09-16 00:00:00+05:30,2881.31,2934.05,2881.31,2893.82,717043
2024-09-17 00:00:00+05:30,2898.81,2904.48,2862.4,2884.41,720692
2024-09-18 00:00:00+05:30,2885.19,2893.67,2845.44,2866.09,858075
2024-09-19 00:00:00+05:30,2884.27,2884.46,2802.15,2853.34,1707505
2024-09-20 00:00:00+05:30,2858.19,2932.69,2852.27,2916.7,1843463
2024-09-23 00:00:00+05:30,2927.84,2976.32,2923.24,2951.06,925557
2024-09-24 00:00:00+05:30,2961.78,3006.37,2947.48,2999.49,1054083
2024-09-25 00:00:00+05:30,3013.16,3028.57,2986.21,3010.35,941745
2024-09-26 00:00:00+05:30,2990.86,3051.94,2990.86,3027.36,1596744
2024-09-27 00:00:00+05:30,3026.73,3081.99,3020.92,3034.78,2369754
2024-09-30 00:00:00+05:30,3033.52,3111.95,3025.18,3035.46,1654487
2024-10-01 00:00:00+05:30,3040.6,3094.6,3012.19,3088.88,1410147
2024-10-03 00:00:00+05:30,3053.88,3098.81,2989.99,3020.92,1350926
2024-10-04 00:00:00+05:30,3024.7,3053.39,2976.32,3015.73,1018668
2024-10-07 00:00:00+05:30,3015.73,3033.03,2889.5,2925.91,1798330
2024-10-08 00:00:00+05:30,2926.39,3073.27,2903.46,3064.25,1832427
2024-10-09 00:00:00+05:30,3078.12,3082.91,3038.75,3057.51,925579
2024-10-10 00:00:00+05:30,3044.18,3113.02,2962.84,3077.34,2997184
2024-10-11 00:00:00+05:30,3077.34,3092.66,3020.92,3041.47,1067845
2024-10-14 00:00:00+05:30,3049.03,3053.97,2998.47,3006.47,451506
2024-10-15 00:00:00+05:30,3028.67,3032.55,2997.16,3009.96,383310
2024-10-16 00:00:00+05:30,3003.46,3020.33,2967.59,2991.73,560582
2024-10-17 00:00:00+05:30,2995.66,3005.4,2901.67,2921.79,2738865
2024-10-18 00:00:00+05:30,2898.76,2939.19,2877.53,2910.39,821404
2024-10-21 00:00:00+05:30,2913.45,2922.95,2827.94,2848.01,1084792
2024-10-22 00:00:00+05:30,2848.35,2864.83,2732.01,2737.63,1247809
2024-10-23 00:00:00+05:30,2754.16,2791.15,2734.04,2749.02,1310520
2024-10-24 00:00:00+05:30,2754.36,2787.41,2722.22,2743.84,971718
2024-10-25 00:00:00+05:30,2758.18,2760.12,2573.69,2611.26,2015682
2024-10-28 00:00:00+05:30,2618.68,2736.27,2590.56,2713.25,1428627
2024-10-29 00:00:00+05:30,2717.47,2775.68,2649.46,2761.68,1577996
2024-10-30 00:00:00+05:30,2776.61,2905.69,2729.15,2878.69,2975056
2024-10-31 00:00:00+05:30,2877.33,2885.67,2844.32,2857.31,1192788
2024-11-01 00:00:00+05:30,2869.68,2884.8,2839.04,2859.5,314263
2024-11-04 00:00:00+05:30,2845.44,2853.19,2770.55,2808.99,1092729
2024-11-05 00:00:00+05:30,2808.99,2834.77,2782.42,2826.58,775982
2024-11-06 00:00:00+05:30,2828.96,2976.32,2828.96,2953.29,1729532
2024-11-07 00:00:00+05:30,2952.08,2952.08,2853.24,2879.47,1326049
2024-11-08 00:00:00+05:30,2874.62,2903.61,2822.41,2839.72,861943
2024-11-11 00:00:00+05:30,2838.65,2856.88,2799.87,2815.05,602530
2024-11-12 00:00:00+05:30,2821.2,2841.03,2767.88,2782.42,616029
2024-11-13 00:00:00+05:30,2772.73,2800.84,2722.31,2730.75,918164
2024-11-14 00:00:00+05:30,2737.83,2757.99,2715.53,2740.54,667155
2024-11-18 00:00:00+05:30,2740.54,2771.42,2708.06,2732.69,505105
2024-11-19 00:00:00+05:30,2744.61,2806.47,2724.06,2735.4,553176
2024-11-21 00:00:00+05:30,2461.86,2461.86,2089.29,2117.02,22482727
2024-11-22 00:00:00+05:30,2036.89,2219.83,1963.21,2160.01,21598266
2024-11-25 00:00:00+05:30,2244.36,2262.44,2169.71,2188.61,7701751
2024-11-26 00:00:00+05:30,2196.47,2222.88,2070.82,2084.88,7966277
2024-11-27 00:00:00+05:30,2113.48,2344.21,2076.78,2324.63,18053044
2024-11-28 00:00:00+05:30,2365.54,2449.21,2326.76,2362.73,14900229
2024-11-29 00:00:00+05:30,2388.86,2443.1,2326.76,2387.99,8449516
2024-12-02 00:00:00+05:30,2415.33,2431.47,2352.55,2382.07,3927410
2024-12-03 00:00:00+05:30,2388.81,2479.94,2386.92,2437.48,4198148
2024-12-04 00:00:00+05:30,2450.86,2452.85,2394.73,2418.62,2418757
2024-12-05 00:00:00+05:30,2428.56,2460.7,2394.87,2445.57,3438056
2024-12-06 00:00:00+05:30,2443.1,2457.64,2426.14,2429.92,1279480
2024-12-09 00:00:00+05:30,2431.37,2448.92,2407.38,2419.69,988534
2024-12-10 00:00:00+05:30,2424.68,2424.68,2380.09,2391.91,1155092
2024-12-11 00:00:00+05:30,2393.66,2404.32,2376.21,2382.27,735106
2024-12-12 00:00:00+05:30,2382.02,2457.45,2371.6,2427.69,2660819
2024-12-13 00:00:00+05:30,2427.59,2467.34,2403.4,2450.42,2002027
2024-12-16 00:00:00+05:30,2452.8,2460.07,2426.62,2435.73,674916
2024-12-17 00:00:00+05:30,2435.35,2447.95,2405.05,2411.69,1095314
2024-12-18 00:00:00+05:30,2413.05,2420.42,2377.18,2382.41,1021384
2024-12-19 00:00:00+05:30,2354.88,2359.73,2323.95,2345.52,1219099
2024-12-20 00:00:00+05:30,2354.88,2378.97,2261.81,2273.39,1379099
2024-12-23 00:00:00+05:30,2301.51,2306.89,2261.57,2267.58,782807
2024-12-24 00:00:00+05:30,2283.33,2339.27,2268.6,2300.05,1192577
2024-12-26 00:00:00+05:30,2305.48,2336.46,2295.74,2327.01,923980
2024-12-27 00:00:00+05:30,2341.31,2371.51,2317.55,2336.41,2044684
2024-12-30 00:00:00+05:30,2351.0,2530.36,2348.04,2513.24,8071395
2024-12-31 00:00:00+05:30,2496.42,2499.09,2430.94,2451.49,2832095
2025-01-01 00:00:00+05:30,2458.61,2563.51,2441.41,2476.89,2966235
2025-01-02 00:00:00+05:30,2487.41,2522.6,2459.58,2518.43,1203975
2025-01-03 00:00:00+05:30,2501.27,2539.08,2478.59,2486.34,962155
2025-01-06 00:00:00+05:30,2479.6,2490.46,2388.33,2398.94,1156694
2025-01-07 00:00:00+05:30,2399.14,2447.95,2399.14,2443.64,1051209
2025-01-08 00:00:00+05:30,2443.64,2452.8,2414.02,2438.5,907328
2025-01-09 00:00:00+05:30,2440.19,2440.73,2394.14,2402.29,728055
2025-01-10 00:00:00+05:30,2404.32,2408.78,2295.98,2301.95,1463466
2025-01-13 00:00:00+05:30,2292.83,2292.83,2149.25,2157.25,1609002
2025-01-14 00:00:00+05:30,2173.1,2348.97,2173.1,2307.91,4250406
2025-01-15 00:00:00+05:30,2325.79,2348.04,2300.25,2315.28,1466177
2025-01-16 00:00:00+05:30,2423.71,2491.58,2345.04,2353.76,2931250
2025-01-17 00:00:00+05:30,2375.24,2375.24,2307.42,2326.57,1157527
2025-01-20 00:00:00+05:30,2340.09,2379.12,2317.07,2368.26,1072152
2025-01-21 00:00:00+05:30,2367.24,2367.24,2301.22,2311.54,1244487
2025-01-22 00:00:00+05:30,2325.79,2325.79,2254.2,2304.03,1183447
2025-01-23 00:00:00+05:30,2310.28,2331.76,2283.14,2312.22,852742
2025-01-24 00:00:00+05:30,2314.89,2332.58,2229.23,2244.45,1432289
2025-01-27 00:00:00+05:30,2239.56,2247.36,2181.39,2190.75,1065509
2025-01-28 00:00:00+05:30,2204.8,2245.18,2173.59,2216.29,996918
2025-01-29 00:00:00+05:30,2226.91,2255.26,2212.95,2247.85,809935
2025-01-30 00:00:00+05:30,2254.05,2279.74,2134.13,2183.86,2683512
2025-01-31 00:00:00+05:30,2170.53,2244.31,2146.2,2217.99,2076716
2025-02-01 00:00:00+05:30,2226.91,2279.7,2169.27,2200.73,1018440
2025-02-03 00:00:00+05:30,2197.58,2209.46,2146.34,2192.83,850907
2025-02-04 00:00:00+05:30,2209.36,2241.45,2198.36,2231.27,712942
2025-02-05 00:00:00+05:30,2244.31,2277.71,2238.59,2253.66,578596
2025-02-06 00:00:00+05:30,2268.6,2268.6,2228.07,2241.89,701964
2025-02-07 00:00:00+05:30,2241.89,2302.43,2236.94,2267.43,921004
2025-02-10 00:00:00+05:30,2278.29,2279.21,2210.52,2220.9,762991
2025-02-11 00:00:00+05:30,2241.45,2323.86,2235.63,2250.9,5049542
2025-02-12 00:00:00+05:30,2254.05,2305.87,2211.4,2281.63,1993943
2025-02-13 00:00:00+05:30,2282.17,2300.35,2165.25,2176.2,2632263
2025-02-14 00:00:00+05:30,2177.17,2180.66,2059.72,2086.96,2630307
2025-02-17 00:00:00+05:30,2086.96,2172.03,2046.24,2155.84,1444231
2025-02-18 00:00:00+05:30,2171.65,2171.65,2099.95,2152.55,1173912
2025-02-19 00:00:00+05:30,2099.9,2151.68,2062.09,2114.25,1241033
2025-02-20 00:00:00+05:30,2114.25,2148.72,2090.99,2112.51,1120873
2025-02-21 00:00:00+05:30,2123.61,2132.48,2052.25,2068.01,1588790
2025-02-24 00:00:00+05:30,2063.99,2073.24,2032.72,2050.61,1064786
2025-02-25 00:00:00+05:30,2050.61,2092.44,2037.86,2064.86,827378
2025-02-27 00:00:00+05:30,2078.33,2083.52,2038.34,2046.53,971598
2025-02-28 00:00:00+05:30,2042.71,2046.92,2008.77,2032.04,2448642
2025-03-03 00:00:00+05:30,2044.64,2062.34,1964.71,2052.5,1642739
2025-03-04 00:00:00+05:30,2021.47,2088.27,2016.53,2079.35,879826
2025-03-05 00:00:00+05:30,2088.22,2189.49,2082.5,2177.32,1413231
2025-03-06 00:00:00+05:30,2191.04,2199.66,2158.22,2184.1,918292
2025-03-07 00:00:00+05:30,2181.29,2198.45,2159.04,2178.92,844578
2025-03-10 00:00:00+05:30,2176.49,2218.18,2152.26,2160.3,969703
2025-03-11 00:00:00+05:30,2155.31,2198.65,2140.91,2181.92,976889
2025-03-13 00:00:00+05:30,2180.37,2203.64,2147.99,2153.32,773926
2025-03-17 00:00:00+05:30,2132.87,2217.12,2130.93,2183.96,956938
2025-03-18 00:00:00+05:30,2204.61,2243.58,2190.79,2238.06,905643
2025-03-19 00:00:00+05:30,2249.16,2270.53,2240.53,2247.9,1062776
2025-03-20 00:00:00+05:30,2276.35,2276.35,2228.85,2267.92,2668479
2025-03-21 00:00:00+05:30,2272.28,2316.63,2266.66,2290.7,1136086
2025-03-24 00:00:00+05:30,2297.68,2321.92,2289.05,2296.42,1041980
2025-03-25 00:00:00+05:30,2312.22,2314.79,2244.45,2249.54,787083
2025-03-26 00:00:00+05:30,2253.96,2287.84,2237.62,2242.03,1112828
2025-03-27 00:00:00+05:30,2239.51,2301.46,2221.67,2291.23,1749426
2025-03-28 00:00:00+05:30,2303.5,2314.11,2223.71,2245.13,1896714
2025-04-01 00:00:00+05:30,2241.45,2286.97,2230.79,2263.99,517741
2025-04-02 00:00:00+05:30,2268.35,2306.26,2243.92,2297.1,591993
2025-04-03 00:00:00+05:30,2268.35,2355.75,2268.3,2337.23,1055406
2025-04-04 00:00:00+05:30,2321.87,2336.51,2244.84,2263.41,1258125
2025-04-07 00:00:00+05:30,2084.44,2170.68,2079.55,2145.18,1616505
2025-04-08 00:00:00+05:30,2200.73,2230.79,2157.1,2215.95,1262899
2025-04-09 00:00:00+05:30,2196.56,2209.99,2147.6,2168.64,1033160
2025-04-11 00:00:00+05:30,2232.77,2271.99,2211.4,2250.56,1012355
2025-04-15 00:00:00+05:30,2302.53,2365.54,2287.02,2344.41,1181168
2025-04-16 00:00:00+05:30,2326.76,2353.91,2310.19,2341.89,917961
2025-04-17 00:00:00+05:30,2344.21,2373.88,2319.01,2344.31,1087997
2025-04-21 00:00:00+05:30,2352.07,2389.68,2322.4,2368.16,807190
2025-04-22 00:00:00+05:30,2383.87,2407.62,2366.51,2370.88,790695
2025-04-23 00:00:00+05:30,2384.93,2398.31,2347.32,2378.73,693422
2025-04-24 00:00:00+05:30,2375.24,2386.29,2351.1,2367.97,615477
2025-04-25 00:00:00+05:30,2375.34,2384.45,2252.6,2282.46,1459341
2025-04-28 00:00:00+05:30,2274.41,2328.7,2266.27,2297.49,702869
2025-04-29 00:00:00+05:30,2319.01,2326.76,2254.63,2259.48,691842
2025-04-30 00:00:00+05:30,2260.26,2268.6,2215.27,2231.08,863824
2025-05-02 00:00:00+05:30,2278.19,2300.01,2219.54,2224.19,2020391
2025-05-05 00:00:00+05:30,2242.03,2420.8,2227.68,2380.57,4360247
2025-05-06 00:00:00+05:30,2379.12,2388.04,2271.99,2282.17,1572682
2025-05-07 00:00:00+05:30,2244.36,2306.89,2244.36,2281.3,1044513
2025-05-08 00:00:00+05:30,2289.92,2295.55,2191.04,2215.56,1423507
2025-05-09 00:00:00+05:30,2171.65,2203.74,2164.86,2182.31,1037664
2025-05-12 00:00:00+05:30,2278.29,2359.05,2244.36,2351.29,2214618
2025-05-13 00:00:00+05:30,2351.0,2379.99,2331.61,2366.71,1872313
2025-05-14 00:00:00+05:30,2370.29,2406.16,2355.95,2386.78,798817
2025-05-15 00:00:00+05:30,2388.23,2449.69,2375.92,2443.1,1603739
2025-05-16 00:00:00+05:30,2451.83,2505.34,2439.42,2477.03,1692790
2025-05-19 00:00:00+05:30,2492.84,2500.11,2458.61,2463.07,702435
2025-05-20 00:00:00+05:30,2467.34,2486.54,2416.44,2425.26,647790
2025-05-21 00:00:00+05:30,2433.12,2447.47,2407.91,2424.1,545892
2025-05-22 00:00:00+05:30,2424.1,2444.94,2390.07,2411.69,935454
2025-05-23 00:00:00+05:30,2422.74,2470.34,2414.5,2462.49,998896
2025-05-26 00:00:00+05:30,2471.31,2490.51,2463.75,2469.96,570315
2025-05-27 00:00:00+05:30,2468.21,2490.7,2449.02,2462.78,531144
2025-05-28 00:00:00+05:30,2480.91,2480.91,2433.41,2438.25,594118
2025-05-29 00:00:00+05:30,2459.29,2480.91,2434.38,2463.27,827570
2025-05-30 00:00:00+05:30,2472.19,2485.76,2437.09,2443.01,706140
2025-06-02 00:00:00+05:30,2449.89,2485.76,2438.16,2441.94,1040466
2025-06-03 00:00:00+05:30,2434.38,2435.83,2377.18,2395.5,993010
2025-06-04 00:00:00+05:30,2404.32,2426.62,2366.61,2413.44,570062
2025-06-05 00:00:00+05:30,2418.87,2452.89,2411.59,2427.98,694399
2025-06-06 00:00:00+05:30,2438.16,2475.39,2427.59,2456.87,660846
2025-06-09 00:00:00+05:30,2467.34,2524.64,2447.47,2503.31,1765027
2025-06-10 00:00:00+05:30,2520.66,2581.93,2499.04,2533.36,2149650
2025-06-11 00:00:00+05:30,2549.75,2550.62,2484.89,2502.43,768895
2025-06-12 00:00:00+05:30,2512.42,2522.41,2452.8,2466.08,985159
2025-06-13 00:00:00+05:30,2421.77,2439.22,2384.93,2431.37,717772
2025-06-16 00:00:00+05:30,2423.71,2485.08,2386.87,2466.37,986564
2025-06-17 00:00:00+05:30,2457.64,2462.1,2403.35,2412.56,725481
2025-06-18 00:00:00+05:30,2415.86,2419.74,2370.78,2384.06,688039
2025-06-19 00:00:00+05:30,2391.04,2393.56,2331.71,2346.74,709871
2025-06-20 00:00:00+05:30,2353.91,2386.19,2341.31,2373.69,3097055
2025-06-23 00:00:00+05:30,2363.6,2416.54,2347.12,2396.57,815417
2025-06-24 00:00:00+05:30,2427.59,2466.95,2423.91,2429.14,1027767
2025-06-25 00:00:00+05:30,2443.01,2464.04,2435.44,2450.08,950346
2025-06-26 00:00:00+05:30,2457.64,2514.46,2445.24,2507.28,1381792
2025-06-27 00:00:00+05:30,2508.74,2599.77,2503.21,2565.55,4176770
2025-06-30 00:00:00+05:30,2569.14,2572.92,2526.38,2539.47,716685
2025-07-01 00:00:00+05:30,2544.8,2564.29,2523.57,2541.8,752149
2025-07-02 00:00:00+05:30,2553.62,2565.26,2533.85,2549.94,640968
2025-07-03 00:00:00+05:30,2553.62,2563.32,2525.61,2531.52,518547
2025-07-04 00:00:00+05:30,2537.14,2537.14,2503.4,2519.79,381961
2025-07-07 00:00:00+05:30,2522.6,2525.9,2493.52,2497.49,425132
2025-07-08 00:00:00+05:30,2507.09,2520.66,2494.49,2512.23,368960
2025-07-09 00:00:00+05:30,2519.69,2530.26,2491.58,2504.18,409372
2025-07-10 00:00:00+05:30,2511.94,2524.54,2496.42,2502.24,316214
2025-07-11 00:00:00+05:30,2496.42,2512.81,2474.03,2480.62,402941
2025-07-14 00:00:00+05:30,2477.03,2525.31,2465.89,2502.53,553474
2025-07-15 00:00:00+05:30,2509.03,2527.35,2497.39,2518.92,391368
2025-07-16 00:00:00+05:30,2523.08,2539.57,2516.3,2528.9,708256
2025-07-17 00:00:00+05:30,2532.29,2573.5,2525.8,2536.75,810503
2025-07-18 00:00:00+05:30,2532.29,2546.55,2505.34,2516.88,495048
2025-07-21 00:00:00+05:30,2517.07,2544.8,2506.12,2539.57,381421
2025-07-22 00:00:00+05:30,2545.87,2549.75,2502.82,2508.83,399238
2025-07-23 00:00:00+05:30,2521.34,2545.77,2514.36,2534.72,326384
2025-07-24 00:00:00+05:30,2535.59,2544.12,2515.81,2528.8,261770
2025-07-25 00:00:00+05:30,2525.51,2537.14,2466.47,2472.28,437977
2025-07-28 00:00:00+05:30,2471.22,2506.12,2435.93,2445.33,441893
2025-07-29 00:00:00+05:30,2451.83,2479.36,2430.98,2470.15,438151
2025-07-30 00:00:00+05:30,2470.15,2474.71,2447.95,2455.61,270312
2025-07-31 00:00:00+05:30,2433.31,2443.1,2348.67,2356.53,1503495
2025-08-01 00:00:00+05:30,2351.0,2370.29,2261.81,2279.16,1007072
2025-08-04 00:00:00+05:30,2287.98,2302.24,2266.85,2291.47,594569
2025-08-05 00:00:00+05:30,2297.68,2297.68,2245.33,2257.16,594895
2025-08-06 00:00:00+05:30,2262.68,2276.25,2225.94,2230.11,651461
2025-08-07 00:00:00+05:30,2220.12,2224.97,2135.58,2181.15,1577549
2025-08-08 00:00:00+05:30,2178.43,2191.91,2098.74,2111.64,2633084
2025-08-11 00:00:00+05:30,2128.99,2231.75,2116.39,2213.72,2451081
2025-08-12 00:00:00+05:30,2210.52,2244.07,2197.82,2218.38,1109379
2025-08-13 00:00:00+05:30,2228.85,2244.26,2176.88,2210.52,859919
2025-08-14 00:00:00+05:30,2218.18,2233.69,2198.5,2211.98,1029525
2025-08-18 00:00:00+05:30,2239.12,2287.98,2229.82,2262.39,1019747
2025-08-19 00:00:00+05:30,2268.5,2322.5,2243.49,2315.52,1103093
2025-08-20 00:00:00+05:30,2307.37,2332.58,2299.72,2314.26,804577
2025-08-21 00:00:00+05:30,2314.26,2323.86,2299.04,2304.66,455775
2025-08-22 00:00:00+05:30,2297.58,2303.79,2250.17,2253.96,602599
2025-08-25 00:00:00+05:30,2264.43,2276.74,2229.82,2232.63,559529
2025-08-26 00:00:00+05:30,2233.69,2238.83,2180.76,2202.67,1105277
2025-08-28 00:00:00+05:30,2202.57,2256.86,2186.19,2205.77,936444
2025-08-29 00:00:00+05:30,2213.33,2219.83,2171.65,2176.2,820744
2025-09-01 00:00:00+05:30,2190.07,2218.18,2183.38,2214.5,439036
2025-09-02 00:00:00+05:30,2221.09,2231.75,2194.91,2204.8,497062
2025-09-03 00:00:00+05:30,2215.27,2223.03,2194.04,2218.86,457592
2025-09-04 00:00:00+05:30,2239.41,2246.59,2205.58,2209.26,405057
2025-09-05 00:00:00+05:30,2205.58,2223.51,2179.4,2211.78,456954
2025-09-08 00:00:00+05:30,2220.12,2262.68,2216.24,2240.38,559896
2025-09-09 00:00:00+05:30,2249.21,2254.05,2226.91,2241.06,381059
2025-09-10 00:00:00+05:30,2258.9,2274.32,2254.15,2268.79,402781
2025-09-11 00:00:00+05:30,2276.35,2344.89,2268.79,2325.6,2178361
2025-09-12 00:00:00+05:30,2343.15,2347.71,2314.26,2319.01,550778
2025-09-15 00:00:00+05:30,2319.01,2329.48,2305.53,2310.67,307513
2025-09-16 00:00:00+05:30,2336.46,2342.08,2315.13,2326.18,776679
2025-09-17 00:00:00+05:30,2343.25,2343.25,2318.04,2328.7,530544
2025-09-18 00:00:00+05:30,2340.82,2363.6,2315.52,2328.7,725880
2025-09-19 00:00:00+05:30,2418.87,2500.3,2390.85,2446.98,8215841
2025-09-22 00:00:00+05:30,2457.64,2577.86,2445.14,2549.26,7244036
2025-09-23 00:00:00+05:30,2561.96,2612.76,2513.87,2594.73,5786600
2025-09-24 00:00:00+05:30,2573.98,2594.34,2534.62,2539.86,1774947
2025-09-25 00:00:00+05:30,2544.9,2567.1,2488.67,2497.78,1536570
2025-09-26 00:00:00+05:30,2494.29,2525.51,2457.64,2466.08,1070473
2025-09-29 00:00:00+05:30,2466.08,2477.03,2428.56,2432.92,1044268
2025-09-30 00:00:00+05:30,2445.04,2457.64,2414.6,2429.43,735021
2025-10-01 00:00:00+05:30,2441.55,2523.96,2396.66,2513.58,1623011
2025-10-03 00:00:00+05:30,2515.81,2533.17,2486.15,2510.87,946534
2025-10-06 00:00:00+05:30,2510.09,2520.47,2484.4,2494.97,675570
2025-10-07 00:00:00+05:30,2501.95,2537.43,2455.8,2464.62,1155490
2025-10-08 00:00:00+05:30,2483.82,2486.73,2423.71,2447.08,1096827
2025-10-09 00:00:00+05:30,2457.64,2480.91,2445.24,2464.82,672216
2025-10-10 00:00:00+05:30,2474.13,2486.73,2461.33,2473.06,711865
2025-10-13 00:00:00+05:30,2451.92,2464.53,2427.59,2450.28,665800
2025-10-14 00:00:00+05:30,2461.43,2461.43,2409.36,2440.19,694232
2025-10-15 00:00:00+05:30,2457.64,2483.24,2450.18,2455.51,783686
2025-10-16 00:00:00+05:30,2467.15,2500.98,2463.36,2479.55,1052210
2025-10-17 00:00:00+05:30,2481.88,2498.56,2465.5,2471.61,704465
2025-10-20 00:00:00+05:30,2483.14,2500.3,2459.68,2470.34,770872
2025-10-21 00:00:00+05:30,2476.94,2483.82,2464.72,2472.09,104199
2025-10-23 00:00:00+05:30,2481.78,2499.14,2463.36,2468.12,879276
2025-10-24 00:00:00+05:30,2476.84,2476.84,2421.48,2427.78,488677
2025-10-27 00:00:00+05:30,2427.78,2437.87,2411.21,2416.73,493102
2025-10-28 00:00:00+05:30,2418.87,2439.22,2403.45,2418.28,646723
2025-10-29 00:00:00+05:30,2423.71,2520.66,2419.35,2459.97,1574789
2025-10-30 00:00:00+05:30,2472.19,2481.3,2435.15,2449.79,807984
2025-10-31 00:00:00+05:30,2457.64,2465.89,2389.68,2405.29,875353
2025-11-03 00:00:00+05:30,2408.2,2425.55,2382.51,2391.72,754120
2025-11-04 00:00:00+05:30,2404.13,2412.95,2317.65,2345.96,2137906
2025-11-06 00:00:00+05:30,2351.1,2353.04,2237.18,2243.68,2040410
2025-11-07 00:00:00+05:30,2244.36,2329.19,2221.48,2297.1,2303170
2025-11-10 00:00:00+05:30,2308.25,2315.13,2291.86,2298.36,577428
2025-11-11 00:00:00+05:30,2295.74,2306.31,2267.14,2294.58,654133
2025-11-12 00:00:00+05:30,2311.25,2440.68,2288.95,2408.69,6895853
2025-11-13 00:00:00+05:30,2425.65,2447.95,2392.79,2412.27,2791509
2025-11-14 00:00:00+05:30,2423.71,2475.77,2405.29,2440.0,4637754
2025-11-17 00:00:00+05:30,2460.0,2474.9,2421.0,2462.0,2672697
2025-11-18 00:00:00+05:30,2462.0,2478.6,2434.3,2436.8,1245215
2025-11-19 00:00:00+05:30,2446.5,2449.9,2413.9,2433.1,774785
2025-11-20 00:00:00+05:30,2450.1,2478.9,2440.4,2446.1,1526556
2025-11-21 00:00:00+05:30,2450.0,2456.2,2418.0,2422.3,547541
2025-11-24 00:00:00+05:30,2426.2,2432.3,2393.1,2399.2,691419
2025-11-25 00:00:00+05:30,2400.9,2407.7,2325.3,2332.9,2223715
2025-11-26 00:00:00+05:30,2321.2,2357.0,2310.0,2315.0,1026965
2025-11-27 00:00:00+05:30,2310.0,2320.5,2243.0,2255.0,1474038
2025-11-28 00:00:00+05:30,2267.1,2331.0,2247.8,2280.2,3037620
2025-12-01 00:00:00+05:30,2300.0,2304.0,2257.0,2262.0,1313265
2025-12-02 00:00:00+05:30,2255.0,2267.2,2232.2,2239.6,1035354
2025-12-03 00:00:00+05:30,2240.0,2245.0,2172.2,2189.8,1643852
2025-12-04 00:00:00+05:30,2188.0,2231.7,2183.4,2217.9,2522821
2025-12-05 00:00:00+05:30,2217.9,2268.6,2202.9,2265.4,2400781
2025-12-08 00:00:00+05:30,2265.4,2270.4,2205.0,2216.2,939764
2025-12-09 00:00:00+05:30,2216.2,2257.0,2178.4,2245.2,1227728
2025-12-10 00:00:00+05:30,2255.8,2267.5,2204.1,2211.6,935149
2025-12-11 00:00:00+05:30,2225.0,2293.9,2192.4,2277.7,1519832
2025-12-12 00:00:00+05:30,2277.7,2296.8,2270.2,2282.4,929199
2025-12-15 00:00:00+05:30,2282.4,2300.0,2273.0,2278.9,573027
2025-12-16 00:00:00+05:30,2270.0,2276.8,2232.1,2247.9,654714
2025-12-17 00:00:00+05:30,2247.6,2255.0,2221.0,2232.5,651509
2025-12-18 00:00:00+05:30,2236.4,2245.0,2211.1,2229.3,508238
2025-12-19 00:00:00+05:30,2249.0,2250.0,2210.0,2239.0,880005
2025-12-22 00:00:00+05:30,2260.0,2274.0,2245.9,2263.5,599195
2025-12-23 00:00:00+05:30,2272.5,2273.6,2245.0,2248.8,450112
2025-12-24 00:00:00+05:30,2250.0,2258.8,2217.4,2222.7,825693
2025-12-26 00:00:00+05:30,2229.3,2250.9,2218.0,2229.9,566237
2025-12-29 00:00:00+05:30,2232.0,2238.2,2196.0,2203.2,690691
2025-12-30 00:00:00+05:30,2204.8,2219.0,2195.0,2214.7,935026
2025-12-31 00:00:00+05:30,2216.3,2246.4,2216.3,2239.7,779141
2026-01-01 00:00:00+05:30,2249.0,2287.4,2241.0,2260.0,1046220
2026-01-02 00:00:00+05:30,2260.0,2283.7,2259.0,2279.8,715242
2026-01-05 00:00:00+05:30,2287.0,2303.9,2274.3,2279.5,696380
2026-01-06 00:00:00+05:30,2288.9,2290.4,2248.1,2259.1,698294
2026-01-07 00:00:00+05:30,2265.0,2284.0,2243.0,2274.1,529451
2026-01-08 00:00:00+05:30,2275.0,2275.9,2205.0,2214.0,792800
2026-01-09 00:00:00+05:30,2214.1,2216.0,2145.0,2153.7,1570376
2026-01-12 00:00:00+05:30,2156.6,2180.0,2119.0,2171.6,1257197
2026-01-13 00:00:00+05:30,2187.8,2187.8,2141.1,2158.5,791556
2026-01-14 00:00:00+05:30,2156.0,2169.0,2142.0,2153.3,618139
2026-01-16 00:00:00+05:30,2162.8,2193.9,2152.1,2157.3,758469
2026-01-19 00:00:00+05:30,2155.0,2156.8,2123.0,2134.6,749495
2026-01-20 00:00:00+05:30,2134.0,2139.9,2040.0,2055.1,1160975
2026-01-21 00:00:00+05:30,2056.5,2068.2,2004.1,2032.2,1354644
2026-01-22 00:00:00+05:30,2055.9,2102.9,2051.0,2086.4,942721
2026-01-23 00:00:00+05:30,2080.5,2082.5,1848.0,1864.2,7492631
2026-01-27 00:00:00+05:30,1909.0,1973.9,1893.0,1959.5,5449633
2026-01-28 00:00:00+05:30,1985.0,2004.0,1952.0,1994.7,2073198
2026-01-29 00:00:00+05:30,1999.8,2029.1,1972.0,2019.2,1391239
2026-01-30 00:00:00+05:30,2005.0,2038.8,1992.2,2020.4,1230915
2026-02-01 00:00:00+05:30,2021.0,2039.8,1931.0,1942.8,1802165
2026-02-02 00:00:00+05:30,1956.6,2002.2,1934.0,1995.4,1229270
2026-02-03 00:00:00+05:30,2150.0,2233.4,2131.1,2202.6,6918581
2026-02-04 00:00:00+05:30,2220.0,2246.0,2189.2,2228.2,2051918
2026-02-05 00:00:00+05:30,2232.0,2243.7,2210.0,2236.6,992382
2026-02-06 00:00:00+05:30,2226.1,2238.0,2200.4,2226.4,933650
2026-02-09 00:00:00+05:30,2250.0,2288.0,2240.0,2250.1,1650899
2026-02-10 00:00:00+05:30,2259.0,2268.3,2171.0,2228.4,1670672
2026-02-11 00:00:00+05:30,2232.9,2237.7,2215.1,2234.4,682320
2026-02-12 00:00:00+05:30,2229.0,2229.5,2201.0,2211.8,649585
2026-02-13 00:00:00+05:30,2210.0,2210.0,2124.2,2136.6,1489548
2026-02-16 00:00:00+05:30,2124.2,2190.9,2103.2,2184.6,1824808
2026-02-17 00:00:00+05:30,2170.0,2252.0,2170.0,2242.9,1931699
2026-02-18 00:00:00+05:30,2254.0,2254.0,2188.1,2211.2,1149398
2026-02-19 00:00:00+05:30,2218.9,2218.9,2151.0,2156.7,1101633
2026-02-20 00:00:00+05:30,2160.0,2174.4,2152.1,2160.8,738454
2026-02-23 00:00:00+05:30,2180.0,2203.0,2155.3,2191.0,1103960
2026-02-24 00:00:00+05:30,2168.6,2204.7,2162.2,2183.0,1152423
2026-02-25 00:00:00+05:30,2193.2,2237.3,2180.1,2231.7,1474187
2026-02-26 00:00:00+05:30,2230.0,2232.4,2200.1,2216.4,915342
2026-02-27 00:00:00+05:30,2210.0,2216.4,2153.0,2161.8,1433096
2026-03-02 00:00:00+05:30,2093.0,2147.9,2073.7,2124.6,2134522
2026-03-04 00:00:00+05:30,2104.6,2104.6,2037.5,2076.5,1585848
2026-03-05 00:00:00+05:30,2094.0,2100.0,2040.0,2089.2,1231524
2026-03-06 00:00:00+05:30,2079.1,2090.0,2030.2,2039.9,1696027
2026-03-09 00:00:00+05:30,1985.0,2006.0,1940.4,1999.2,1305447
2026-03-10 00:00:00+05:30,2030.0,2030.0,1982.2,1996.5,1680405
2026-03-11 00:00:00+05:30,2006.6,2027.4,1970.0,1974.7,1088294
2026-03-12 00:00:00+05:30,1960.0,2026.0,1947.1,2002.0,1473773
2026-03-13 00:00:00+05:30,1999.9,2008.6,1945.0,1961.1,1195448
2026-03-16 00:00:00+05:30,1961.0,1994.8,1946.6,1978.0,1465828
2026-03-17 00:00:00+05:30,1989.9,1990.0,1945.0,1975.4,1268988
2026-03-18 00:00:00+05:30,1988.9,2027.0,1982.2,2007.2,1041095
2026-03-19 00:00:00+05:30,1984.0,1988.6,1930.0,1936.8,1510588
2026-03-20 00:00:00+05:30,1951.0,1974.4,1919.9,1927.1,1175662
2026-03-23 00:00:00+05:30,1910.0,1910.1,1820.5,1833.0,2370668
2026-03-24 00:00:00+05:30,1892.7,1893.0,1813.7,1817.9,11211381
2026-03-25 00:00:00+05:30,1847.9,1911.0,1839.2,1886.6,2537690
2026-03-27 00:00:00+05:30,1880.0,1883.2,1816.5,1823.0,2585257
2026-03-30 00:00:00+05:30,1810.0,1837.8,1753.0,1758.8,2825299
2026-04-01 00:00:00+05:30,1825.0,1870.0,1803.8,1842.5,2328166
2026-04-02 00:00:00+05:30,1805.0,1842.9,1770.1,1834.2,1830598
2026-04-06 00:00:00+05:30,1836.9,1909.0,1802.1,1902.2,3153437
2026-04-07 00:00:00+05:30,1890.0,1904.6,1865.0,1882.1,1566909
2026-04-08 00:00:00+05:30,2000.0,2099.0,1975.1,2043.8,4197831
2026-04-09 00:00:00+05:30,2039.8,2065.0,2010.3,2040.5,2481188
2026-04-10 00:00:00+05:30,2043.1,2094.6,2041.7,2086.8,1700162
2026-04-13 00:00:00+05:30,2010.2,2159.0,2000.2,2129.0,3729773
2026-04-15 00:00:00+05:30,2187.0,2200.0,2136.0,2144.4,1779015
2026-04-16 00:00:00+05:30,2170.0,2210.4,2161.1,2203.7,2188912
2026-04-17 00:00:00+05:30,2240.0,2240.0,2186.1,2218.3,2408901
2026-04-20 00:00:00+05:30,2218.3,2280.1,2202.2,2229.6,1795338
2026-04-21 00:00:00+05:30,2229.7,2255.0,2220.0,2226.0,1818221
2026-04-22 00:00:00+05:30,2229.0,2278.6,2224.1,2260.8,3517237
2026-04-23 00:00:00+05:30,2243.5,2333.9,2221.8,2300.0,2948009
2026-04-24 00:00:00+05:30,2310.2,2321.4,2227.0,2287.6,2271317
2026-04-27 00:00:00+05:30,2300.2,2337.0,2286.0,2321.8,1500864
2026-04-28 00:00:00+05:30,2321.8,2420.0,2320.9,2412.4,4375556
2026-04-29 00:00:00+05:30,2427.6,2443.8,2388.0,2425.9,4656967
2026-04-30 00:00:00+05:30,2394.9,2420.0,2328.8,2408.4,3538354
2026-05-04 00:00:00+05:30,2390.4,2515.0,2375.0,2485.7,6039537
2026-05-05 00:00:00+05:30,2470.0,2511.9,2450.0,2462.0,1622580
2026-05-06 00:00:00+05:30,2475.5,2546.5,2472.2,2540.3,3169133
2026-05-07 00:00:00+05:30,2540.3,2549.9,2506.2,2513.7,1098088
2026-05-08 00:00:00+05:30,2519.0,2546.1,2500.0,2505.9,1499613
2026-05-11 00:00:00+05:30,2495.0,2514.0,2460.0,2500.2,1279432
2026-05-12 00:00:00+05:30,2487.7,2511.7,2400.1,2405.2,1459022
2026-05-13 00:00:00+05:30,2401.1,2530.0,2401.1,2498.0,2036291
2026-05-14 00:00:00+05:30,2530.1,2720.0,2530.0,2712.9,9539233
2026-05-15 00:00:00+05:30,2781.1,2803.1,2661.0,2716.0,6742083
2026-05-18 00:00:00+05:30,2700.0,2710.0,2647.5,2689.8,2033884
2026-05-19 00:00:00+05:30,2734.7,2774.5,2697.0,2725.0,4204144
2026-05-20 00:00:00+05:30,2715.0,2720.0,2685.1,2704.8,1187449
2026-05-21 00:00:00+05:30,2727.9,2770.0,2684.0,2697.6,1606690
2026-05-22 00:00:00+05:30,2710.2,2745.0,2706.1,2717.3,1094843
2026-05-25 00:00:00+05:30,2739.8,2858.8,2739.3,2849.7,3277924
2026-05-26 00:00:00+05:30,2846.0,2979.4,2825.0,2969.3,4899494
2026-05-27 00:00:00+05:30,2982.0,3027.5,2944.0,2973.1,3826916
2026-05-29 00:00:00+05:30,2987.8,2995.0,2926.8,2937.4,4040865
2026-06-01 00:00:00+05:30,2949.9,2955.7,2891.1,2909.4,1629342
2026-06-02 00:00:00+05:30,2885.0,2975.0,2865.2,2968.1,2066890
2026-06-03 00:00:00+05:30,2960.0,2965.0,2888.1,2925.6,1346112
2026-06-04 00:00:00+05:30,2920.0,2983.0,2918.1,2972.8,1722991
2026-06-05 00:00:00+05:30,2992.0,3059.8,2921.8,3048.2,5617327
2026-06-08 00:00:00+05:30,3017.7,3039.8,2955.1,2970.0,1653499
2026-06-09 00:00:00+05:30,2985.9,2998.7,2935.9,2979.9,1841620
2026-06-10 00:00:00+05:30,2977.0,2994.9,2918.0,2931.1,1475029
2026-06-11 00:00:00+05:30,2895.1,2966.8,2895.1,2908.8,1204115
2026-06-12 00:00:00+05:30,2958.8,2971.9,2886.2,2921.6,2321009
2026-06-15 00:00:00+05:30,2960.0,2983.0,2935.0,2942.5,1174229
2026-06-16 00:00:00+05:30,2971.4,2997.7,2928.3,2943.6,1851843
2026-06-17 00:00:00+05:30,2958.0,2974.5,2934.6,2951.9,1244567
2026-06-18 00:00:00+05:30,2952.0,3041.0,2938.0,3013.4,1774394
2026-06-19 00:00:00+05:30,3017.0,3051.9,3009.1,3038.4,3620222
2026-06-22 00:00:00+05:30,3040.0,3065.0,3001.0,3059.6,1726452
2026-06-23 00:00:00+05:30,3072.0,3091.7,2943.5,2962.9,1620658
2026-06-24 00:00:00+05:30,2988.3,3077.8,2971.0,3069.7,2527812
2026-06-25 00:00:00+05:30,3086.0,3105.0,3027.7,3038.0,1719600
2026-06-29 00:00:00+05:30,3020.0,3020.0,2955.0,2962.5,1693354
2026-06-30 00:00:00+05:30,2980.0,3054.6,2969.0,3036.0,2099291
2026-07-01 00:00:00+05:30,3041.0,3149.8,3012.8,3143.6,3415655
2026-07-02 00:00:00+05:30,3155.9,3229.6,3147.0,3177.5,3400034
2026-07-03 00:00:00+05:30,3192.0,3224.0,3105.5,3212.1,2848623
2026-07-06 00:00:00+05:30,3230.0,3245.0,3187.7,3206.6,1978869
2026-07-07 00:00:00+05:30,3209.9,3215.2,3096.5,3107.2,2093552
2026-07-08 00:00:00+05:30,3105.0,3146.9,3028.0,3046.9,2321035
2026-07-09 00:00:00+05:30,3060.0,3105.0,3026.8,3083.6,2609306
2026-07-10 00:00:00+05:30,3105.0,3183.0,3100.0,3157.3,2145335
2026-07-13 00:00:00+05:30,3127.3,3195.0,3115.2,3177.5,1599810
2026-07-14 00:00:00+05:30,3169.9,3219.7,3145.0,3188.9,1932879
2026-07-15 00:00:00+05:30,3195.0,3199.9,3142.3,3150.6,1035101
2026-07-16 00:00:00+05:30,3167.6,3190.0,3140.1,3151.4,1151243
2026-07-17 00:00:00+05:30,3156.1,3184.8,3140.0,3160.7,1021302
2026-07-20 00:00:00+05:30,3162.7,3189.0,3133.0,3183.3,994778
2026-07-21 00:00:00+05:30,3175.2,3213.5,3170.0,3182.7,951463
2026-07-22 00:00:00+05:30,3182.0,3201.9,3139.0,3147.7,977224
2026-07-23 00:00:00+05:30,3147.1,3147.1,3001.3,3010.0,1580313
2026-07-24 00:00:00+05:30,3010.0,3041.9,2992.5,3026.4,1280635
2026-07-27 00:00:00+05:30,3045.1,3057.4,3008.1,3036.6,636870
2026-07-28 00:00:00+05:30,3038.0,3038.0,2996.2,3002.3,1096125
2026-07-29 00:00:00+05:30,3017.8,3048.3,2972.7,3024.5,1547208
2026-07-30 00:00:00+05:30,3024.5,3060.9,2994.6,3049.1,1278332
2026-07-31 00:00:00+05:30,3051.0,3067.5,3002.4,3009.5,866401
2026-08-03 00:00:00+05:30,3025.0,3077.0,3024.5,3068.0,891429
2026-08-04 00:00:00+05:30,3063.1,3091.5,3020.9,3050.0,854172
2026-08-05 00:00:00+05:30,3055.0,3085.9,3037.3,3050.0,870914
2026-08-06 00:00:00+05:30,3050.0,3072.4,3025.7,3026.0,843121
2026-08-07 00:00:00+05:30,3025.9,3039.5,3004.5,3020.0,788881
2026-08-10 00:00:00+05:30,3020.0,3021.8,2969.9,3010.0,811593
2026-08-11 00:00:00+05:30,3062.0,3062.0,2980.0,2995.5,1422452
2026-08-12 00:00:00+05:30,3020.0,3020.0,2943.0,2985.7,1160458
2026-08-13 00:00:00+05:30,2986.2,3019.5,2932.8,2964.9,1302957
2026-08-14 00:00:00+05:30,2965.0,3048.0,2950.0,3035.1,1666749
2026-08-17 00:00:00+05:30,3049.0,3058.6,3005.5,3007.3,941404
2026-08-18 00:00:00+05:30,3014.0,3036.0,3002.5,3002.5,721988
2026-08-19 00:00:00+05:30,3012.7,3019.0,2967.3,2990.3,938700
2026-08-20 00:00:00+05:30,3000.0,3011.0,2990.0,2994.9,713687
2026-08-21 00:00:00+05:30,2995.0,3007.5,2981.0,2997.0,803177
