datetime,open,high,low,close,volume
2011-08-24 00:00:00+05:30,16.84,16.84,16.01,16.04,790515
2011-08-25 00:00:00+05:30,16.05,16.35,15.46,15.79,3277098
2011-08-26 00:00:00+05:30,16.14,16.14,15.48,15.72,2236707
2011-08-29 00:00:00+05:30,15.73,15.86,15.61,15.79,1095138
2011-08-30 00:00:00+05:30,15.76,16.05,15.47,15.57,2053161
2011-09-02 00:00:00+05:30,15.83,16.36,15.67,16.08,5800905
2011-09-05 00:00:00+05:30,15.96,16.41,15.96,16.25,2763585
2011-09-06 00:00:00+05:30,16.64,16.64,16.06,16.14,1644786
2011-09-07 00:00:00+05:30,16.31,16.56,16.16,16.36,1760913
2011-09-08 00:00:00+05:30,16.52,16.53,16.12,16.16,1085139
2011-09-09 00:00:00+05:30,16.34,16.34,16.11,16.22,1342242
2011-09-12 00:00:00+05:30,16.16,16.25,15.89,15.95,818730
2011-09-13 00:00:00+05:30,15.96,16.01,15.7,15.73,1941192
2011-09-14 00:00:00+05:30,15.71,15.95,15.7,15.88,1091475
2011-09-15 00:00:00+05:30,15.96,16.16,15.93,16.11,453123
2011-09-16 00:00:00+05:30,15.95,16.3,15.67,15.75,4579740
2011-09-19 00:00:00+05:30,15.66,16.14,15.66,15.85,646965
2011-09-20 00:00:00+05:30,16.15,16.67,15.68,15.98,455796
2011-09-21 00:00:00+05:30,15.98,16.21,15.86,16.04,1284030
2011-09-22 00:00:00+05:30,15.63,16.26,15.6,16.07,1704483
2011-09-23 00:00:00+05:30,15.66,16.01,15.4,15.53,12173734
2011-09-26 00:00:00+05:30,15.4,15.76,14.96,15.07,3510837
2011-09-27 00:00:00+05:30,14.9,15.35,14.9,15.3,1794177
2011-09-28 00:00:00+05:30,15.81,15.81,15.3,15.39,2140974
2011-09-29 00:00:00+05:30,15.45,15.6,15.15,15.3,2149389
2011-09-30 00:00:00+05:30,15.0,15.55,15.0,15.5,1793583
2011-10-03 00:00:00+05:30,15.06,15.45,14.77,15.04,1322838
2011-10-04 00:00:00+05:30,14.89,15.3,14.88,15.02,2115531
2011-10-05 00:00:00+05:30,15.13,15.33,15.1,15.17,1352439
2011-10-07 00:00:00+05:30,14.66,15.63,14.49,15.35,2203344
2011-10-10 00:00:00+05:30,15.42,15.42,15.21,15.36,565983
2011-10-11 00:00:00+05:30,15.45,15.61,15.37,15.46,1320759
2011-10-12 00:00:00+05:30,15.45,15.61,15.45,15.55,9888814
2011-10-13 00:00:00+05:30,15.57,15.75,15.56,15.68,5031180
2011-10-14 00:00:00+05:30,15.69,15.69,15.47,15.55,152460
2011-10-17 00:00:00+05:30,15.56,15.56,15.39,15.45,1962972
2011-10-18 00:00:00+05:30,15.35,15.61,15.34,15.37,429165
2011-10-19 00:00:00+05:30,15.55,15.56,15.34,15.44,577566
2011-10-20 00:00:00+05:30,15.61,15.61,15.34,15.37,245619
2011-10-21 00:00:00+05:30,15.45,15.5,15.32,15.38,1531629
2011-10-24 00:00:00+05:30,15.38,15.46,15.29,15.37,513909
2011-10-25 00:00:00+05:30,15.35,15.46,15.28,15.44,1204632
2011-10-26 00:00:00+05:30,15.45,15.66,15.35,15.62,162360
2011-10-28 00:00:00+05:30,15.7,16.03,15.7,15.88,951390
2011-10-31 00:00:00+05:30,16.16,16.36,15.72,15.82,2843280
2011-11-01 00:00:00+05:30,15.86,16.11,15.7,16.05,1018512
2011-11-02 00:00:00+05:30,15.89,16.04,15.71,15.79,1422531
2011-11-03 00:00:00+05:30,15.73,15.84,15.56,15.67,4673691
2011-11-04 00:00:00+05:30,16.04,16.04,15.67,15.8,1321947
2011-11-08 00:00:00+05:30,15.94,16.08,15.76,15.97,375804
2011-11-09 00:00:00+05:30,15.78,16.04,15.78,15.96,3698739
2011-11-11 00:00:00+05:30,15.8,16.06,15.76,16.0,2183445
2011-11-14 00:00:00+05:30,16.04,16.04,15.69,15.77,187506
2011-11-15 00:00:00+05:30,15.77,15.86,15.36,15.49,353529
2011-11-16 00:00:00+05:30,15.56,15.56,15.21,15.31,307494
2011-11-17 00:00:00+05:30,15.44,15.44,15.05,15.18,1159290
2011-11-18 00:00:00+05:30,15.05,15.35,14.99,15.1,4593204
2011-11-21 00:00:00+05:30,15.05,15.12,14.95,15.08,1451340
2011-11-22 00:00:00+05:30,15.05,15.25,14.95,15.18,11446183
2011-11-23 00:00:00+05:30,15.05,15.15,14.8,14.93,7787836
2011-11-24 00:00:00+05:30,15.15,15.44,14.87,15.15,13863367
2011-11-25 00:00:00+05:30,15.12,15.4,14.96,15.09,3015837
2011-11-28 00:00:00+05:30,15.25,15.33,15.05,15.18,1431936
2011-11-29 00:00:00+05:30,15.12,15.35,15.05,15.23,220671
2011-11-30 00:00:00+05:30,15.17,15.31,14.99,15.21,4273236
2011-12-01 00:00:00+05:30,15.25,15.51,14.87,15.02,879516
2011-12-02 00:00:00+05:30,15.15,15.29,15.09,15.21,322938
2011-12-05 00:00:00+05:30,15.22,15.35,15.05,15.14,4096323
2011-12-07 00:00:00+05:30,15.28,15.51,15.17,15.42,530244
2011-12-08 00:00:00+05:30,15.35,15.67,15.24,15.4,3763584
2011-12-09 00:00:00+05:30,15.33,15.51,15.08,15.45,533412
2011-12-12 00:00:00+05:30,15.21,15.51,15.21,15.44,839223
2011-12-13 00:00:00+05:30,15.25,15.4,14.89,15.04,5232150
2011-12-14 00:00:00+05:30,15.15,15.29,15.0,15.17,1709433
2011-12-15 00:00:00+05:30,14.65,15.18,14.41,15.09,2250369
2011-12-16 00:00:00+05:30,15.17,15.25,14.67,14.85,438372
2011-12-19 00:00:00+05:30,15.15,15.24,14.1,14.2,6148296
2011-12-20 00:00:00+05:30,14.21,14.27,13.84,14.01,2848329
2011-12-21 00:00:00+05:30,14.15,14.27,13.84,14.06,759627
2011-12-22 00:00:00+05:30,13.92,14.22,13.89,14.06,2133351
2011-12-23 00:00:00+05:30,14.14,14.19,13.89,14.13,1196316
2011-12-26 00:00:00+05:30,14.14,14.24,14.05,14.2,234036
2011-12-27 00:00:00+05:30,14.24,14.24,13.84,13.96,985644
2011-12-28 00:00:00+05:30,13.87,14.04,13.56,13.7,2078010
2011-12-29 00:00:00+05:30,13.74,14.03,13.33,13.61,3265713
2011-12-30 00:00:00+05:30,13.4,14.11,13.03,13.64,6083154
2012-01-02 00:00:00+05:30,13.69,13.89,13.55,13.66,1220472
2012-01-03 00:00:00+05:30,13.94,14.21,13.65,14.02,910008
2012-01-04 00:00:00+05:30,13.91,14.42,13.91,14.29,2594493
2012-01-05 00:00:00+05:30,14.14,14.32,14.1,14.25,2890008
2012-01-06 00:00:00+05:30,14.23,14.36,13.94,14.21,1299870
2012-01-07 00:00:00+05:30,14.15,14.37,14.15,14.29,117117
2012-01-09 00:00:00+05:30,14.14,14.69,14.14,14.53,2407680
2012-01-10 00:00:00+05:30,14.53,14.77,14.44,14.59,1932183
2012-01-11 00:00:00+05:30,14.64,15.26,14.57,14.86,2196909
2012-01-12 00:00:00+05:30,15.0,15.0,14.68,14.79,1283535
2012-01-13 00:00:00+05:30,15.01,15.45,15.01,15.36,10851490
2012-01-16 00:00:00+05:30,15.07,15.32,15.03,15.16,6820110
2012-01-17 00:00:00+05:30,15.4,15.51,15.2,15.26,2515392
2012-01-18 00:00:00+05:30,15.15,15.43,14.9,15.15,863973
2012-01-19 00:00:00+05:30,15.37,15.46,14.97,15.09,1795959
2012-01-20 00:00:00+05:30,15.3,15.37,14.66,14.82,4376097
2012-01-23 00:00:00+05:30,15.0,15.0,14.77,14.8,21287378
2012-01-24 00:00:00+05:30,15.05,15.05,14.65,14.71,4397778
2012-01-25 00:00:00+05:30,14.8,14.81,14.25,14.45,4678839
2012-01-27 00:00:00+05:30,14.45,14.89,14.37,14.49,7253236
2012-01-30 00:00:00+05:30,14.33,14.74,13.94,14.02,4742397
2012-01-31 00:00:00+05:30,14.04,14.44,14.04,14.19,6508854
2012-02-01 00:00:00+05:30,14.0,14.32,13.8,13.92,8898517
2012-02-02 00:00:00+05:30,13.84,14.31,13.84,14.26,2880009
2012-02-03 00:00:00+05:30,14.38,14.73,14.19,14.45,3248586
2012-02-06 00:00:00+05:30,14.24,14.89,14.24,14.83,3207006
2012-02-07 00:00:00+05:30,14.65,15.17,14.65,14.97,10230859
2012-02-08 00:00:00+05:30,15.19,15.59,15.05,15.51,20086310
2012-02-09 00:00:00+05:30,15.54,16.01,15.52,15.6,4753683
2012-02-10 00:00:00+05:30,16.04,16.04,15.41,15.47,4707351
2012-02-13 00:00:00+05:30,15.48,15.66,15.47,15.52,3108402
2012-02-14 00:00:00+05:30,15.71,15.71,15.34,15.44,4160277
2012-02-15 00:00:00+05:30,15.55,15.61,15.17,15.32,33524572
2012-02-16 00:00:00+05:30,15.41,15.72,15.3,15.31,2533410
2012-02-17 00:00:00+05:30,15.35,15.67,15.06,15.12,4326300
2012-02-21 00:00:00+05:30,15.4,15.4,14.98,15.05,9758233
2012-02-22 00:00:00+05:30,15.05,15.33,14.99,15.1,9610129
2012-02-23 00:00:00+05:30,15.25,16.55,15.25,15.38,13890394
2012-02-24 00:00:00+05:30,15.38,15.61,14.67,14.83,32773855
2012-02-27 00:00:00+05:30,14.9,15.15,14.75,15.07,11494495
2012-02-28 00:00:00+05:30,15.15,15.86,15.15,15.81,7401142
2012-02-29 00:00:00+05:30,15.81,16.6,15.81,16.34,12570625
2012-03-01 00:00:00+05:30,16.06,17.27,15.96,16.1,5155821
2012-03-02 00:00:00+05:30,16.52,16.77,15.54,15.96,4220568
2012-03-03 00:00:00+05:30,16.06,16.06,15.77,15.99,261855
2012-03-05 00:00:00+05:30,16.16,16.2,15.66,15.74,2027718
2012-03-06 00:00:00+05:30,15.66,16.0,15.48,15.77,2105631
2012-03-07 00:00:00+05:30,15.61,15.73,15.47,15.55,2223342
2012-03-09 00:00:00+05:30,15.64,16.05,15.61,15.75,1796751
2012-03-12 00:00:00+05:30,15.81,16.06,15.67,15.83,1561923
2012-03-13 00:00:00+05:30,15.86,16.27,15.83,16.18,3389463
2012-03-14 00:00:00+05:30,16.21,16.57,16.19,16.47,7436287
2012-03-15 00:00:00+05:30,16.46,16.66,16.31,16.46,6704280
2012-03-16 00:00:00+05:30,16.65,16.82,15.81,16.08,11282041
2012-03-19 00:00:00+05:30,15.72,16.15,15.35,15.78,2161368
2012-03-20 00:00:00+05:30,16.06,16.06,15.52,15.81,1831797
2012-03-21 00:00:00+05:30,15.74,16.14,15.66,16.08,1035639
2012-03-22 00:00:00+05:30,16.16,16.25,15.56,15.73,2613105
2012-03-23 00:00:00+05:30,15.96,17.16,15.61,15.7,2324718
2012-03-26 00:00:00+05:30,15.71,15.76,15.42,15.47,1136916
2012-03-27 00:00:00+05:30,15.49,15.76,15.48,15.52,4529151
2012-03-28 00:00:00+05:30,15.56,15.56,15.2,15.25,1479060
2012-03-29 00:00:00+05:30,15.17,15.17,14.93,15.03,2981781
2012-03-30 00:00:00+05:30,15.08,15.41,15.05,15.4,2634192
2012-04-02 00:00:00+05:30,15.44,15.65,15.32,15.39,1328976
2012-04-03 00:00:00+05:30,15.4,15.43,15.0,15.34,1392138
2012-04-04 00:00:00+05:30,15.3,15.4,15.13,15.26,3437874
2012-04-09 00:00:00+05:30,15.0,15.25,14.97,15.17,5187006
2012-04-10 00:00:00+05:30,15.1,15.38,15.05,15.21,4392432
2012-04-11 00:00:00+05:30,15.19,15.19,15.0,15.09,7435000
2012-04-12 00:00:00+05:30,15.07,15.23,14.95,15.0,5162949
2012-04-13 00:00:00+05:30,15.13,15.17,15.01,15.13,1417482
2012-04-16 00:00:00+05:30,15.12,15.25,14.97,15.02,662508
2012-04-17 00:00:00+05:30,15.09,15.19,15.02,15.16,477378
2012-04-18 00:00:00+05:30,15.06,16.03,15.06,15.37,16954445
2012-04-19 00:00:00+05:30,15.45,15.71,15.41,15.44,1857636
2012-04-20 00:00:00+05:30,15.44,15.45,15.12,15.15,2106819
2012-04-23 00:00:00+05:30,15.25,15.35,14.85,14.86,3838923
2012-04-24 00:00:00+05:30,15.14,15.15,14.8,14.84,8158789
2012-04-25 00:00:00+05:30,14.95,15.35,14.85,15.0,4847139
2012-04-26 00:00:00+05:30,14.68,14.95,14.24,14.78,17491718
2012-04-27 00:00:00+05:30,13.65,14.87,13.65,14.77,2177307
2012-04-28 00:00:00+05:30,14.71,14.84,14.7,14.75,74646
2012-04-30 00:00:00+05:30,14.75,14.92,14.65,14.86,3306204
2012-05-02 00:00:00+05:30,14.89,15.03,14.7,14.73,1774080
2012-05-03 00:00:00+05:30,14.76,14.84,14.47,14.6,6763086
2012-05-04 00:00:00+05:30,14.48,14.62,14.34,14.4,2475693
2012-05-07 00:00:00+05:30,14.35,14.7,13.92,14.4,2750121
2012-05-08 00:00:00+05:30,14.47,14.47,14.14,14.29,1115829
2012-05-09 00:00:00+05:30,14.16,14.29,14.15,14.24,728046
2012-05-10 00:00:00+05:30,14.15,14.64,14.15,14.46,1150776
2012-05-11 00:00:00+05:30,14.32,14.38,14.04,14.14,3145725
2012-05-14 00:00:00+05:30,14.18,14.24,13.55,13.74,3957129
2012-05-15 00:00:00+05:30,13.56,13.89,13.45,13.5,2977920
2012-05-16 00:00:00+05:30,13.49,13.54,13.24,13.32,1019106
2012-05-17 00:00:00+05:30,13.35,13.82,13.03,13.14,2893275
2012-05-18 00:00:00+05:30,12.86,13.2,12.42,12.52,6286500
2012-05-21 00:00:00+05:30,12.47,12.92,12.47,12.72,2417778
2012-05-22 00:00:00+05:30,12.84,12.88,12.6,12.69,687456
2012-05-23 00:00:00+05:30,12.7,12.78,12.31,12.45,2505789
2012-05-24 00:00:00+05:30,12.48,12.65,12.39,12.59,1066923
2012-05-25 00:00:00+05:30,12.65,12.65,12.45,12.54,933966
2012-05-28 00:00:00+05:30,12.58,12.89,12.56,12.85,950499
2012-05-29 00:00:00+05:30,12.78,12.93,12.76,12.86,1017126
2012-05-30 00:00:00+05:30,12.88,12.88,12.63,12.68,397089
2012-05-31 00:00:00+05:30,12.53,12.67,12.5,12.57,1370457
2012-06-01 00:00:00+05:30,12.58,12.79,12.27,12.33,1032867
2012-06-04 00:00:00+05:30,12.32,12.67,12.02,12.51,1752003
2012-06-05 00:00:00+05:30,12.53,12.62,12.12,12.16,3671811
2012-06-06 00:00:00+05:30,12.37,12.73,12.2,12.53,4560534
2012-06-07 00:00:00+05:30,12.88,13.06,12.68,12.92,1902384
2012-06-08 00:00:00+05:30,12.86,13.28,12.83,13.1,3082761
2012-06-11 00:00:00+05:30,13.22,13.25,12.87,12.96,1611918
2012-06-12 00:00:00+05:30,12.75,13.0,12.71,12.76,6334119
2012-06-13 00:00:00+05:30,12.6,12.88,12.6,12.73,4589442
2012-06-14 00:00:00+05:30,12.65,12.82,12.53,12.59,1769130
2012-06-15 00:00:00+05:30,12.6,12.6,12.43,12.49,1356894
2012-06-18 00:00:00+05:30,12.53,12.71,12.45,12.5,1147410
2012-06-19 00:00:00+05:30,12.71,12.71,12.39,12.64,753984
2012-06-20 00:00:00+05:30,12.65,12.78,12.65,12.73,1839321
2012-06-21 00:00:00+05:30,12.83,13.01,12.69,12.96,2498760
2012-06-22 00:00:00+05:30,12.95,13.12,12.83,12.98,2175723
2012-06-25 00:00:00+05:30,12.99,13.19,12.95,13.08,1165230
2012-06-26 00:00:00+05:30,13.11,13.13,12.99,13.08,547965
2012-06-27 00:00:00+05:30,12.83,13.11,12.83,13.07,1861299
2012-06-28 00:00:00+05:30,13.27,13.38,13.07,13.27,1439955
2012-06-29 00:00:00+05:30,13.29,13.64,13.29,13.54,3630825
2012-07-02 00:00:00+05:30,13.53,13.84,13.45,13.68,1595781
2012-07-03 00:00:00+05:30,13.43,13.87,13.43,13.81,1132956
2012-07-04 00:00:00+05:30,13.6,13.87,13.6,13.78,2566575
2012-07-05 00:00:00+05:30,13.61,13.9,13.61,13.78,1908423
2012-07-06 00:00:00+05:30,13.13,14.14,13.13,13.73,2450151
2012-07-09 00:00:00+05:30,13.79,13.79,13.48,13.52,598257
2012-07-10 00:00:00+05:30,13.62,13.65,13.4,13.45,1624392
2012-07-11 00:00:00+05:30,13.62,13.62,13.22,13.31,1936737
2012-07-12 00:00:00+05:30,13.31,13.71,13.28,13.48,3101472
2012-07-13 00:00:00+05:30,13.42,13.59,13.37,13.5,1191762
2012-07-16 00:00:00+05:30,13.48,13.63,13.43,13.52,3666069
2012-07-17 00:00:00+05:30,13.46,13.55,13.23,13.41,3177801
2012-07-18 00:00:00+05:30,13.49,13.51,13.21,13.32,1185822
2012-07-19 00:00:00+05:30,13.37,13.43,13.31,13.38,2523609
2012-07-20 00:00:00+05:30,13.34,13.41,13.15,13.23,547371
2012-07-23 00:00:00+05:30,13.18,13.28,12.93,13.14,842193
2012-07-24 00:00:00+05:30,13.4,13.4,12.88,12.92,2363328
2012-07-25 00:00:00+05:30,12.93,12.93,12.59,12.7,8168095
2012-07-26 00:00:00+05:30,12.73,12.76,12.43,12.61,1497375
2012-07-27 00:00:00+05:30,12.57,12.92,12.38,12.5,1119294
2012-07-30 00:00:00+05:30,12.38,12.57,11.42,11.58,13564090
2012-07-31 00:00:00+05:30,11.56,11.9,11.32,11.74,46945608
2012-08-01 00:00:00+05:30,11.87,12.38,11.82,12.34,7482025
2012-08-02 00:00:00+05:30,11.56,13.18,11.56,13.05,6091767
2012-08-03 00:00:00+05:30,12.84,13.15,12.73,12.85,2840409
2012-08-06 00:00:00+05:30,12.93,13.13,12.68,12.82,12175516
2012-08-07 00:00:00+05:30,12.53,13.33,12.53,12.87,2860605
2012-08-08 00:00:00+05:30,13.03,13.03,12.48,12.91,2694186
2012-08-09 00:00:00+05:30,12.91,12.93,12.68,12.74,397386
2012-08-10 00:00:00+05:30,12.59,12.87,12.58,12.74,2237499
2012-08-13 00:00:00+05:30,12.78,12.83,12.55,12.78,669141
2012-08-14 00:00:00+05:30,12.78,12.78,12.68,12.71,884367
2012-08-16 00:00:00+05:30,12.72,12.78,12.63,12.66,351846
2012-08-17 00:00:00+05:30,12.63,12.79,12.63,12.72,654390
2012-08-21 00:00:00+05:30,12.72,12.74,12.53,12.72,2271357
2012-08-22 00:00:00+05:30,12.92,12.93,12.59,12.77,2502126
2012-08-23 00:00:00+05:30,12.78,12.78,12.64,12.7,4602213
2012-08-24 00:00:00+05:30,12.69,12.72,12.29,12.39,1344717
2012-08-27 00:00:00+05:30,12.43,12.53,12.28,12.42,2732202
2012-08-28 00:00:00+05:30,12.47,12.76,12.3,12.6,1197108
2012-08-29 00:00:00+05:30,12.54,12.81,12.54,12.73,3954852
2012-08-30 00:00:00+05:30,12.63,12.7,12.41,12.61,2604393
2012-08-31 00:00:00+05:30,12.53,12.72,12.41,12.54,1930896
2012-09-03 00:00:00+05:30,12.72,12.72,12.46,12.6,257796
2012-09-04 00:00:00+05:30,12.67,12.67,12.48,12.54,2299869
2012-09-05 00:00:00+05:30,12.55,12.58,12.24,12.32,561033
2012-09-06 00:00:00+05:30,12.44,12.58,12.35,12.44,2064447
2012-09-07 00:00:00+05:30,12.44,12.53,12.37,12.43,3350655
2012-09-08 00:00:00+05:30,12.42,12.51,12.33,12.39,116127
2012-09-10 00:00:00+05:30,12.37,12.42,12.24,12.28,2407284
2012-09-11 00:00:00+05:30,12.31,12.37,12.07,12.15,868428
2012-09-12 00:00:00+05:30,12.15,12.23,11.92,11.99,3020094
2012-09-13 00:00:00+05:30,12.09,12.28,11.87,11.89,2392830
2012-09-14 00:00:00+05:30,11.96,12.12,11.82,11.93,1575288
2012-09-17 00:00:00+05:30,11.93,12.23,11.84,12.08,8697052
2012-09-18 00:00:00+05:30,12.12,12.27,12.07,12.13,3757050
2012-09-20 00:00:00+05:30,12.02,12.28,11.82,12.21,9880201
2012-09-21 00:00:00+05:30,12.21,12.53,12.04,12.37,14562110
2012-09-24 00:00:00+05:30,12.42,12.44,11.92,11.97,5708340
2012-09-25 00:00:00+05:30,11.99,12.19,11.79,11.95,7846840
2012-09-26 00:00:00+05:30,11.97,12.07,11.92,11.98,4000590
2012-09-27 00:00:00+05:30,12.07,12.22,11.87,11.99,24282327
2012-09-28 00:00:00+05:30,12.2,12.3,11.22,12.21,6001479
2012-10-01 00:00:00+05:30,12.22,12.59,12.19,12.52,2040588
2012-10-03 00:00:00+05:30,12.55,12.73,12.32,12.45,3138894
2012-10-04 00:00:00+05:30,12.47,12.63,12.37,12.48,1814670
2012-10-05 00:00:00+05:30,12.53,12.58,12.33,12.36,625086
2012-10-08 00:00:00+05:30,12.36,12.61,12.35,12.38,3618054
2012-10-09 00:00:00+05:30,12.51,12.51,12.38,12.45,4620528
2012-10-10 00:00:00+05:30,12.34,12.47,12.32,12.43,493812
2012-10-11 00:00:00+05:30,12.52,12.63,12.37,12.54,1490049
2012-10-12 00:00:00+05:30,12.5,12.63,12.45,12.56,1370358
2012-10-15 00:00:00+05:30,12.54,12.83,12.46,12.75,2024451
2012-10-16 00:00:00+05:30,12.83,12.98,12.42,12.52,4446288
2012-10-17 00:00:00+05:30,12.62,12.89,12.51,12.87,3796452
2012-10-18 00:00:00+05:30,12.93,13.21,12.88,13.16,5145030
2012-10-19 00:00:00+05:30,13.18,13.37,12.94,13.11,4385106
2012-10-22 00:00:00+05:30,13.04,13.17,12.73,13.13,2083455
2012-10-23 00:00:00+05:30,13.08,13.13,12.89,12.94,613503
2012-10-25 00:00:00+05:30,12.94,13.12,12.94,13.07,821205
2012-10-26 00:00:00+05:30,13.13,13.24,12.95,12.98,389862
2012-10-29 00:00:00+05:30,12.98,12.99,12.57,12.63,6270759
2012-10-30 00:00:00+05:30,12.53,12.6,11.93,12.19,7763878
2012-10-31 00:00:00+05:30,12.27,12.46,12.2,12.42,2098503
2012-11-01 00:00:00+05:30,12.47,12.48,12.33,12.43,1010295
2012-11-02 00:00:00+05:30,12.42,12.6,12.31,12.38,12601513
2012-11-05 00:00:00+05:30,12.24,12.41,12.09,12.12,8975044
2012-11-06 00:00:00+05:30,12.07,12.34,11.93,12.17,11978209
2012-11-07 00:00:00+05:30,12.18,12.34,12.04,12.26,13350943
2012-11-08 00:00:00+05:30,12.12,12.26,12.07,12.17,8319367
2012-11-09 00:00:00+05:30,12.12,12.37,11.82,11.85,3229083
2012-11-12 00:00:00+05:30,11.96,12.02,11.87,11.93,569349
2012-11-13 00:00:00+05:30,11.87,12.27,11.87,12.18,484209
2012-11-15 00:00:00+05:30,11.91,12.19,11.84,11.92,3418866
2012-11-16 00:00:00+05:30,11.97,12.13,11.89,12.11,1193445
2012-11-19 00:00:00+05:30,12.09,12.17,12.03,12.1,6010884
2012-11-20 00:00:00+05:30,12.12,12.22,12.06,12.12,11551618
2012-11-21 00:00:00+05:30,11.87,12.27,11.68,12.19,1099197
2012-11-22 00:00:00+05:30,12.05,12.45,12.05,12.26,2807046
2012-11-23 00:00:00+05:30,12.27,12.27,11.87,12.04,1096821
2012-11-26 00:00:00+05:30,12.04,12.21,12.04,12.08,3183246
2012-11-27 00:00:00+05:30,11.84,12.19,11.84,12.02,2472129
2012-11-29 00:00:00+05:30,11.92,12.34,11.92,12.23,410058
2012-11-30 00:00:00+05:30,12.16,12.27,11.94,11.98,946836
2012-12-03 00:00:00+05:30,11.99,12.13,11.93,11.97,3064149
2012-12-04 00:00:00+05:30,12.04,12.17,11.93,12.11,1521036
2012-12-05 00:00:00+05:30,12.03,12.4,12.03,12.2,1801800
2012-12-06 00:00:00+05:30,12.41,12.41,11.97,12.05,480744
2012-12-07 00:00:00+05:30,12.12,12.24,11.97,12.08,1756260
2012-12-10 00:00:00+05:30,12.21,12.27,11.97,12.14,5901885
2012-12-11 00:00:00+05:30,12.73,12.85,12.03,12.1,4320261
2012-12-12 00:00:00+05:30,12.36,12.36,11.82,11.89,7289074
2012-12-13 00:00:00+05:30,12.0,12.1,11.86,12.01,1330362
2012-12-14 00:00:00+05:30,12.01,12.02,11.75,11.93,2735172
2012-12-17 00:00:00+05:30,11.94,12.01,11.75,11.82,4678839
2012-12-18 00:00:00+05:30,11.68,12.0,11.68,11.86,548856
2012-12-19 00:00:00+05:30,11.87,12.34,11.85,12.06,3020292
2012-12-20 00:00:00+05:30,11.74,12.11,11.74,11.99,571131
2012-12-21 00:00:00+05:30,12.0,12.09,11.88,11.97,878031
2012-12-24 00:00:00+05:30,12.02,12.09,11.87,12.05,751212
2012-12-26 00:00:00+05:30,12.06,12.32,11.97,12.26,1116819
2012-12-27 00:00:00+05:30,12.32,12.51,12.27,12.43,1703097
2012-12-28 00:00:00+05:30,12.83,12.85,12.34,12.82,3488562
2012-12-31 00:00:00+05:30,12.82,13.39,12.78,13.21,2959605
2013-01-01 00:00:00+05:30,13.28,13.43,12.98,13.08,1414017
2013-01-02 00:00:00+05:30,13.08,13.38,13.03,13.33,25872960
2013-01-03 00:00:00+05:30,13.33,13.42,13.13,13.17,828927
2013-01-04 00:00:00+05:30,13.2,13.36,13.09,13.31,685377
2013-01-07 00:00:00+05:30,13.31,13.48,13.13,13.15,576774
2013-01-08 00:00:00+05:30,13.15,13.38,13.08,13.32,1469754
2013-01-09 00:00:00+05:30,13.33,13.48,13.31,13.41,2032371
2013-01-10 00:00:00+05:30,13.36,13.63,13.08,13.13,8990290
2013-01-11 00:00:00+05:30,13.1,13.4,12.94,13.04,3935646
2013-01-14 00:00:00+05:30,13.23,13.27,13.05,13.15,389466
2013-01-15 00:00:00+05:30,13.11,13.33,13.07,13.12,1450449
2013-01-16 00:00:00+05:30,13.33,13.33,12.98,13.02,966438
2013-01-17 00:00:00+05:30,13.13,13.23,12.96,13.11,1108701
2013-01-18 00:00:00+05:30,13.05,13.23,12.94,13.18,406098
2013-01-21 00:00:00+05:30,13.21,13.3,12.95,13.02,880506
2013-01-22 00:00:00+05:30,13.08,13.13,12.83,12.85,643203
2013-01-23 00:00:00+05:30,12.81,13.03,12.5,12.58,2784276
2013-01-24 00:00:00+05:30,12.72,12.72,12.11,12.18,2959506
2013-01-25 00:00:00+05:30,12.18,13.11,11.97,12.42,10024147
2013-01-28 00:00:00+05:30,12.42,13.33,12.42,13.16,7889311
2013-01-29 00:00:00+05:30,13.12,13.16,12.86,12.96,5239872
2013-01-30 00:00:00+05:30,12.97,13.08,12.79,12.86,380259
2013-01-31 00:00:00+05:30,12.84,12.97,12.65,12.86,832491
2013-02-01 00:00:00+05:30,12.95,13.08,12.74,12.84,247896
2013-02-04 00:00:00+05:30,13.01,13.03,12.75,12.82,405009
2013-02-05 00:00:00+05:30,12.82,12.93,12.57,12.9,1415304
2013-02-06 00:00:00+05:30,12.83,12.99,12.83,12.86,6175521
2013-02-07 00:00:00+05:30,12.83,13.22,12.81,13.13,2371644
2013-02-08 00:00:00+05:30,13.14,13.15,12.83,12.87,1569249
2013-02-11 00:00:00+05:30,12.88,12.98,12.78,12.88,1389762
2013-02-12 00:00:00+05:30,13.03,13.03,12.81,12.88,1100385
2013-02-13 00:00:00+05:30,13.03,13.03,12.73,12.74,1008414
2013-02-14 00:00:00+05:30,12.8,12.8,12.37,12.43,583902
2013-02-15 00:00:00+05:30,12.35,12.58,12.22,12.31,714285
2013-02-18 00:00:00+05:30,12.47,12.52,12.16,12.19,819720
2013-02-19 00:00:00+05:30,12.42,12.42,12.13,12.18,610038
2013-02-20 00:00:00+05:30,12.23,12.37,12.17,12.27,461835
2013-02-21 00:00:00+05:30,12.32,12.32,12.12,12.21,839520
2013-02-22 00:00:00+05:30,12.27,12.37,12.03,12.18,636669
2013-02-25 00:00:00+05:30,12.08,12.32,11.89,11.92,1538460
2013-02-26 00:00:00+05:30,12.08,12.08,11.35,11.55,1768239
2013-02-27 00:00:00+05:30,11.66,11.7,11.39,11.51,916641
2013-02-28 00:00:00+05:30,11.57,11.67,11.32,11.39,905058
2013-03-01 00:00:00+05:30,11.48,11.82,11.41,11.75,1123056
2013-03-04 00:00:00+05:30,11.82,12.88,11.68,12.48,5863275
2013-03-05 00:00:00+05:30,12.51,12.63,11.98,12.54,2214333
2013-03-06 00:00:00+05:30,12.41,12.72,12.33,12.57,831699
2013-03-07 00:00:00+05:30,12.44,12.68,12.43,12.58,381447
2013-03-08 00:00:00+05:30,12.71,12.71,12.43,12.47,2385603
2013-03-11 00:00:00+05:30,12.62,12.7,12.43,12.49,20933255
2013-03-12 00:00:00+05:30,12.49,12.58,12.17,12.31,257994
2013-03-13 00:00:00+05:30,12.32,12.42,12.08,12.19,462330
2013-03-14 00:00:00+05:30,11.92,12.32,11.77,11.89,1069200
2013-03-15 00:00:00+05:30,11.78,12.02,11.57,11.69,1773783
2013-03-18 00:00:00+05:30,11.62,11.87,11.52,11.64,415503
2013-03-19 00:00:00+05:30,11.72,11.77,11.46,11.54,518661
2013-03-20 00:00:00+05:30,11.55,11.62,11.33,11.41,453222
2013-03-21 00:00:00+05:30,11.61,11.62,11.31,11.4,613503
2013-03-22 00:00:00+05:30,11.37,11.62,11.16,11.53,2643300
2013-03-25 00:00:00+05:30,12.0,12.0,11.42,11.5,507078
2013-03-26 00:00:00+05:30,11.36,11.51,11.31,11.43,305019
2013-03-28 00:00:00+05:30,11.45,11.87,11.26,11.67,3851892
2013-04-01 00:00:00+05:30,11.55,11.86,11.31,11.46,456687
2013-04-02 00:00:00+05:30,11.41,11.77,11.41,11.7,600633
2013-04-03 00:00:00+05:30,11.72,12.46,11.72,12.3,10642105
2013-04-04 00:00:00+05:30,12.27,12.27,11.72,11.92,750123
2013-04-05 00:00:00+05:30,11.9,12.23,11.73,11.86,2056923
2013-04-08 00:00:00+05:30,11.95,12.07,11.82,11.98,2704977
2013-04-09 00:00:00+05:30,11.97,12.22,11.82,11.99,195624
2013-04-10 00:00:00+05:30,11.95,12.12,11.77,12.09,2125233
2013-04-11 00:00:00+05:30,12.06,12.06,11.67,11.74,666270
2013-04-12 00:00:00+05:30,11.83,11.91,11.64,11.74,140877
2013-04-15 00:00:00+05:30,11.77,11.87,11.52,11.56,357984
2013-04-16 00:00:00+05:30,11.56,11.76,11.56,11.71,462924
2013-04-17 00:00:00+05:30,11.72,11.81,11.57,11.71,762498
2013-04-18 00:00:00+05:30,11.77,11.82,11.63,11.78,245916
2013-04-22 00:00:00+05:30,11.83,11.87,11.72,11.82,261261
2013-04-23 00:00:00+05:30,11.89,12.02,11.77,11.93,165033
2013-04-25 00:00:00+05:30,11.93,12.01,11.83,11.92,205029
2013-04-26 00:00:00+05:30,11.95,12.19,11.92,12.1,437778
2013-04-29 00:00:00+05:30,11.99,12.19,11.57,12.03,180378
2013-04-30 00:00:00+05:30,11.72,12.17,11.72,11.87,215919
2013-05-02 00:00:00+05:30,11.92,12.4,11.83,12.05,965943
2013-05-03 00:00:00+05:30,12.12,12.27,11.96,12.13,4205025
2013-05-06 00:00:00+05:30,12.21,12.21,12.02,12.12,2041875
2013-05-07 00:00:00+05:30,12.12,12.22,11.97,12.11,1021680
2013-05-08 00:00:00+05:30,12.17,12.81,12.15,12.6,3898422
2013-05-09 00:00:00+05:30,12.68,12.8,12.51,12.58,1505097
2013-05-10 00:00:00+05:30,12.56,13.29,12.55,13.14,8096221
2013-05-11 00:00:00+05:30,12.83,13.07,12.58,12.71,300960
2013-05-13 00:00:00+05:30,12.71,12.85,12.53,12.61,333234
2013-05-14 00:00:00+05:30,12.65,12.78,12.52,12.59,266805
2013-05-15 00:00:00+05:30,12.57,13.13,12.36,12.95,813285
2013-05-16 00:00:00+05:30,12.65,13.13,12.65,13.11,1114245
2013-05-17 00:00:00+05:30,12.99,13.64,12.94,13.36,1902384
2013-05-20 00:00:00+05:30,13.28,13.43,12.94,12.95,522522
2013-05-21 00:00:00+05:30,12.93,13.22,12.64,12.72,647559
2013-05-22 00:00:00+05:30,13.02,13.02,12.66,12.72,414711
2013-05-23 00:00:00+05:30,12.6,12.78,12.53,12.64,340560
2013-05-24 00:00:00+05:30,12.48,12.73,12.48,12.65,94842
2013-05-27 00:00:00+05:30,12.73,13.19,12.55,12.94,338184
2013-05-28 00:00:00+05:30,13.19,13.19,12.7,13.05,480348
2013-05-29 00:00:00+05:30,12.78,13.19,12.78,12.97,477576
2013-05-30 00:00:00+05:30,13.13,13.13,12.68,12.79,394713
2013-05-31 00:00:00+05:30,13.29,13.54,13.03,13.23,12070774
2013-06-03 00:00:00+05:30,13.32,13.38,13.08,13.17,520641
2013-06-04 00:00:00+05:30,13.19,13.83,13.19,13.4,2499156
2013-06-05 00:00:00+05:30,13.43,13.59,13.38,13.51,934956
2013-06-06 00:00:00+05:30,13.41,13.78,13.41,13.58,6853473
2013-06-07 00:00:00+05:30,13.64,13.69,13.33,13.4,4603995
2013-06-10 00:00:00+05:30,13.39,13.94,13.39,13.66,11281348
2013-06-11 00:00:00+05:30,13.54,13.81,13.23,13.3,713097
2013-06-12 00:00:00+05:30,13.3,13.69,13.26,13.63,1653993
2013-06-13 00:00:00+05:30,13.36,13.64,13.02,13.32,6139188
2013-06-14 00:00:00+05:30,13.38,13.57,13.23,13.39,1510443
2013-06-17 00:00:00+05:30,13.42,13.42,12.68,13.07,485694
2013-06-18 00:00:00+05:30,12.94,13.58,12.94,13.42,692505
2013-06-19 00:00:00+05:30,13.28,13.55,13.15,13.43,315909
2013-06-20 00:00:00+05:30,13.29,13.36,13.09,13.25,258093
2013-06-21 00:00:00+05:30,13.31,13.38,12.7,12.91,5976135
2013-06-24 00:00:00+05:30,12.9,12.91,12.54,12.63,15081563
2013-06-25 00:00:00+05:30,12.84,12.85,12.54,12.71,2470050
2013-06-26 00:00:00+05:30,12.48,12.74,12.48,12.63,87318
2013-06-27 00:00:00+05:30,12.9,12.9,12.45,12.57,96624
2013-06-28 00:00:00+05:30,12.94,12.98,12.65,12.89,1223343
2013-07-01 00:00:00+05:30,12.9,13.09,12.65,12.75,495297
2013-07-02 00:00:00+05:30,12.85,13.03,12.79,12.88,700623
2013-07-03 00:00:00+05:30,12.7,12.88,12.54,12.57,311949
2013-07-04 00:00:00+05:30,12.62,12.78,12.44,12.61,785367
2013-07-05 00:00:00+05:30,12.81,12.81,12.62,12.72,247797
2013-07-08 00:00:00+05:30,12.59,12.7,12.48,12.62,808434
2013-07-09 00:00:00+05:30,12.64,12.79,12.48,12.59,8138890
2013-07-10 00:00:00+05:30,12.53,12.7,12.38,12.43,2054745
2013-07-11 00:00:00+05:30,12.3,12.65,12.3,12.41,1827441
2013-07-12 00:00:00+05:30,12.52,12.57,12.32,12.37,325413
2013-07-15 00:00:00+05:30,12.37,12.52,12.32,12.42,1707354
2013-07-16 00:00:00+05:30,12.53,12.53,12.3,12.36,78309
2013-07-17 00:00:00+05:30,12.44,12.58,12.13,12.26,454212
2013-07-18 00:00:00+05:30,12.2,12.32,12.08,12.15,231462
2013-07-19 00:00:00+05:30,12.24,12.37,12.03,12.13,1774278
2013-07-22 00:00:00+05:30,12.08,12.27,11.94,12.03,247896
2013-07-23 00:00:00+05:30,12.12,12.25,12.02,12.19,242352
2013-07-24 00:00:00+05:30,12.27,12.27,11.94,12.03,15026123
2013-07-25 00:00:00+05:30,12.26,12.26,11.92,11.99,3126024
2013-07-26 00:00:00+05:30,11.93,12.11,11.43,11.77,2319570
2013-07-29 00:00:00+05:30,12.42,12.42,11.43,11.5,219483
2013-07-30 00:00:00+05:30,11.49,11.51,11.36,11.42,509355
2013-07-31 00:00:00+05:30,11.33,11.52,10.86,11.14,5694975
2013-08-01 00:00:00+05:30,11.16,11.51,11.16,11.28,1529550
2013-08-02 00:00:00+05:30,11.17,11.41,11.17,11.32,2434311
2013-08-05 00:00:00+05:30,11.28,11.67,11.26,11.46,1483713
2013-08-06 00:00:00+05:30,11.34,12.05,11.28,11.53,1598751
2013-08-07 00:00:00+05:30,11.49,11.76,11.31,11.46,469062
2013-08-08 00:00:00+05:30,11.49,11.82,11.37,11.68,11141857
2013-08-12 00:00:00+05:30,11.82,12.22,11.68,11.99,396594
2013-08-13 00:00:00+05:30,12.12,12.4,11.86,12.2,371646
2013-08-14 00:00:00+05:30,12.29,12.42,12.09,12.17,292347
2013-08-16 00:00:00+05:30,12.16,12.29,11.9,12.03,313137
2013-08-19 00:00:00+05:30,12.02,12.1,11.87,11.98,298683
2013-08-20 00:00:00+05:30,11.87,11.99,11.59,11.93,364122
2013-08-21 00:00:00+05:30,12.11,12.11,11.82,12.01,225126
2013-08-22 00:00:00+05:30,11.97,12.12,11.83,11.85,1607364
2013-08-23 00:00:00+05:30,11.99,12.05,11.77,11.92,6663789
2013-08-26 00:00:00+05:30,11.8,12.0,11.78,11.9,4038606
2013-08-27 00:00:00+05:30,11.79,11.98,11.46,11.64,874170
2013-08-28 00:00:00+05:30,11.53,11.75,11.33,11.42,3201561
2013-08-29 00:00:00+05:30,11.34,11.89,11.34,11.74,1078902
2013-08-30 00:00:00+05:30,11.75,11.92,11.69,11.81,220374
2013-09-02 00:00:00+05:30,11.7,12.01,11.7,11.93,2671911
2013-09-03 00:00:00+05:30,11.82,12.02,11.82,11.88,129888
2013-09-04 00:00:00+05:30,12.05,12.07,11.8,12.02,270666
2013-09-05 00:00:00+05:30,12.02,12.07,11.84,11.89,100584
2013-09-06 00:00:00+05:30,11.8,12.01,11.77,11.93,391941
2013-09-10 00:00:00+05:30,11.82,12.22,11.82,12.13,345510
2013-09-11 00:00:00+05:30,11.9,12.21,11.9,12.1,2590929
2013-09-12 00:00:00+05:30,11.97,12.12,11.89,11.93,2565585
2013-09-13 00:00:00+05:30,12.01,12.07,11.82,11.92,6399855
2013-09-16 00:00:00+05:30,11.92,12.11,11.68,11.84,7690222
2013-09-17 00:00:00+05:30,11.65,11.82,11.63,11.65,154836
2013-09-18 00:00:00+05:30,11.69,11.73,11.57,11.61,1310463
2013-09-19 00:00:00+05:30,11.63,11.81,11.62,11.64,847638
2013-09-20 00:00:00+05:30,11.64,11.64,10.54,10.95,18833762
2013-09-23 00:00:00+05:30,11.25,11.25,10.76,10.94,860607
2013-09-24 00:00:00+05:30,11.11,11.31,10.59,10.89,1453122
2013-09-25 00:00:00+05:30,10.91,11.19,10.82,11.06,1931193
2013-09-26 00:00:00+05:30,11.06,11.25,10.92,11.15,1951983
2013-09-27 00:00:00+05:30,11.15,11.15,10.92,11.01,2094444
2013-09-30 00:00:00+05:30,11.03,11.13,10.77,10.98,1163250
2013-10-01 00:00:00+05:30,10.87,11.18,10.83,10.95,6088599
2013-10-03 00:00:00+05:30,11.12,11.15,11.0,11.03,839223
2013-10-04 00:00:00+05:30,10.92,11.31,10.86,10.96,6540633
2013-10-07 00:00:00+05:30,10.99,11.07,10.86,10.91,5647950
2013-10-08 00:00:00+05:30,11.06,11.06,10.86,10.97,1707750
2013-10-09 00:00:00+05:30,10.96,10.99,10.86,10.94,3696759
2013-10-10 00:00:00+05:30,11.0,11.21,10.91,11.1,1168596
2013-10-11 00:00:00+05:30,11.19,11.19,10.91,11.0,1986831
2013-10-14 00:00:00+05:30,11.1,11.15,10.75,11.0,1964556
2013-10-15 00:00:00+05:30,11.06,11.06,10.84,10.92,3137508
2013-10-17 00:00:00+05:30,11.01,11.01,10.77,10.86,830313
2013-10-18 00:00:00+05:30,10.97,11.46,10.82,11.02,2185029
2013-10-21 00:00:00+05:30,11.21,11.34,10.97,11.11,1238589
2013-10-22 00:00:00+05:30,11.02,11.31,10.98,11.12,5888025
2013-10-23 00:00:00+05:30,11.21,11.21,10.92,11.04,2642112
2013-10-24 00:00:00+05:30,11.04,11.09,10.8,10.91,2404809
2013-10-25 00:00:00+05:30,10.92,10.96,10.65,10.77,1524798
2013-10-28 00:00:00+05:30,10.76,10.93,10.74,10.83,932085
2013-10-29 00:00:00+05:30,10.89,10.91,10.76,10.85,985842
2013-10-30 00:00:00+05:30,11.01,11.01,10.76,10.88,653004
2013-10-31 00:00:00+05:30,10.92,10.92,10.62,10.79,2375703
2013-11-01 00:00:00+05:30,10.86,10.92,10.76,10.8,4802292
2013-11-03 00:00:00+05:30,10.92,10.94,10.81,10.85,93060
2013-11-05 00:00:00+05:30,10.79,10.99,10.72,10.85,968220
2013-11-06 00:00:00+05:30,10.86,10.86,10.73,10.78,1607364
2013-11-07 00:00:00+05:30,10.73,10.87,10.71,10.81,734184
2013-11-08 00:00:00+05:30,10.77,10.93,10.71,10.87,672408
2013-11-11 00:00:00+05:30,10.93,10.95,10.73,10.78,518067
2013-11-12 00:00:00+05:30,10.78,10.81,10.69,10.71,360657
2013-11-13 00:00:00+05:30,10.7,10.86,10.66,10.78,445104
2013-11-14 00:00:00+05:30,10.78,10.94,10.66,10.86,466290
2013-11-18 00:00:00+05:30,10.83,10.86,10.7,10.77,4938318
2013-11-19 00:00:00+05:30,10.84,10.85,10.76,10.8,3643299
2013-11-20 00:00:00+05:30,10.79,10.81,10.72,10.79,294327
2013-11-21 00:00:00+05:30,10.71,10.86,10.7,10.78,304722
2013-11-22 00:00:00+05:30,10.85,10.85,10.7,10.73,8023357
2013-11-25 00:00:00+05:30,10.73,10.81,10.73,10.77,441837
2013-11-26 00:00:00+05:30,10.74,10.8,10.66,10.73,457875
2013-11-27 00:00:00+05:30,10.67,10.76,10.67,10.7,293931
2013-11-28 00:00:00+05:30,10.69,10.79,10.63,10.7,599445
2013-11-29 00:00:00+05:30,10.76,10.77,10.59,10.67,375210
2013-12-02 00:00:00+05:30,10.67,10.76,10.56,10.66,438372
2013-12-03 00:00:00+05:30,10.56,10.75,10.56,10.69,264132
2013-12-04 00:00:00+05:30,10.68,10.75,10.56,10.64,435699
2013-12-05 00:00:00+05:30,10.71,10.71,10.56,10.62,511731
2013-12-06 00:00:00+05:30,10.52,10.67,10.52,10.57,585090
2013-12-09 00:00:00+05:30,10.67,10.71,10.59,10.6,515394
2013-12-10 00:00:00+05:30,10.56,10.62,10.56,10.58,2430252
2013-12-11 00:00:00+05:30,10.56,10.64,10.53,10.55,693495
2013-12-12 00:00:00+05:30,10.59,10.59,10.53,10.55,642411
2013-12-13 00:00:00+05:30,10.59,10.59,10.14,10.35,1244727
2013-12-16 00:00:00+05:30,10.56,10.71,10.13,10.19,15019589
2013-12-17 00:00:00+05:30,10.28,10.28,10.1,10.14,1593207
2013-12-18 00:00:00+05:30,10.31,10.31,10.06,10.09,1136223
2013-12-19 00:00:00+05:30,10.17,10.3,10.05,10.16,656568
2013-12-20 00:00:00+05:30,10.35,10.35,10.0,10.05,2474604
2013-12-23 00:00:00+05:30,10.1,10.15,10.02,10.08,2461338
2013-12-24 00:00:00+05:30,10.14,10.25,10.05,10.14,1455399
2013-12-26 00:00:00+05:30,10.17,10.24,10.08,10.18,1624986
2013-12-27 00:00:00+05:30,10.18,10.22,10.07,10.16,1365804
2013-12-30 00:00:00+05:30,10.25,10.25,10.05,10.11,1214730
2013-12-31 00:00:00+05:30,10.05,10.7,10.05,10.4,1107612
2014-01-01 00:00:00+05:30,10.4,10.57,10.3,10.36,1242054
2014-01-02 00:00:00+05:30,10.34,10.56,10.26,10.32,1185822
2014-01-03 00:00:00+05:30,10.28,10.4,10.15,10.25,605682
2014-01-06 00:00:00+05:30,10.35,10.51,10.27,10.37,754182
2014-01-07 00:00:00+05:30,10.4,10.48,10.18,10.32,763488
2014-01-08 00:00:00+05:30,10.31,10.4,10.2,10.29,391446
2014-01-09 00:00:00+05:30,10.35,10.35,10.16,10.22,545292
2014-01-10 00:00:00+05:30,10.22,10.25,9.8,10.0,3008709
2014-01-13 00:00:00+05:30,10.0,10.25,10.0,10.16,500742
2014-01-14 00:00:00+05:30,10.12,10.3,10.03,10.16,380556
2014-01-15 00:00:00+05:30,10.06,10.19,10.04,10.11,598257
2014-01-16 00:00:00+05:30,10.05,10.15,10.05,10.06,3479949
2014-01-17 00:00:00+05:30,10.02,10.19,9.96,10.07,652014
2014-01-20 00:00:00+05:30,10.05,10.2,10.0,10.16,597069
2014-01-21 00:00:00+05:30,10.08,10.15,10.05,10.07,335115
2014-01-22 00:00:00+05:30,10.1,10.19,10.03,10.11,356202
2014-01-23 00:00:00+05:30,10.07,10.25,10.04,10.14,531531
2014-01-24 00:00:00+05:30,10.1,10.16,9.66,9.82,4754673
2014-01-27 00:00:00+05:30,9.82,9.82,9.42,9.57,7581421
2014-01-28 00:00:00+05:30,9.48,9.7,9.48,9.65,23056707
2014-01-29 00:00:00+05:30,9.65,9.67,9.47,9.51,8881390
2014-01-30 00:00:00+05:30,9.52,9.58,9.34,9.44,1418373
2014-01-31 00:00:00+05:30,9.44,9.44,9.37,9.38,378675
2014-02-03 00:00:00+05:30,9.38,9.44,9.18,9.23,1888623
2014-02-04 00:00:00+05:30,9.23,9.44,9.02,9.31,1397682
2014-02-05 00:00:00+05:30,9.31,9.31,9.2,9.28,775863
2014-02-06 00:00:00+05:30,9.31,9.31,9.11,9.17,13178386
2014-02-07 00:00:00+05:30,9.26,9.45,9.14,9.24,8048305
2014-02-10 00:00:00+05:30,9.18,9.49,9.18,9.38,3056427
2014-02-11 00:00:00+05:30,9.37,9.44,9.29,9.4,487773
2014-02-12 00:00:00+05:30,9.38,9.7,9.32,9.62,716958
2014-02-13 00:00:00+05:30,9.65,10.04,9.47,9.67,1029105
2014-02-14 00:00:00+05:30,9.57,9.82,9.46,9.79,554697
2014-02-17 00:00:00+05:30,9.76,9.82,9.49,9.59,1166913
2014-02-18 00:00:00+05:30,9.51,9.58,9.41,9.48,269874
2014-02-19 00:00:00+05:30,9.5,9.6,9.35,9.47,272250
2014-02-20 00:00:00+05:30,9.69,9.69,9.39,9.42,239085
2014-02-21 00:00:00+05:30,9.55,9.55,9.31,9.38,1192851
2014-02-24 00:00:00+05:30,9.45,9.49,9.31,9.37,239382
2014-02-25 00:00:00+05:30,9.37,9.59,9.36,9.54,260271
2014-02-26 00:00:00+05:30,9.44,9.52,9.34,9.43,9164431
2014-02-28 00:00:00+05:30,9.49,9.57,9.35,9.4,14835944
2014-03-03 00:00:00+05:30,9.39,9.56,9.29,9.36,10444996
2014-03-04 00:00:00+05:30,9.3,9.49,9.27,9.33,3772098
2014-03-05 00:00:00+05:30,9.34,9.8,9.34,9.78,3780117
2014-03-06 00:00:00+05:30,9.7,9.96,9.7,9.92,7806250
2014-03-07 00:00:00+05:30,10.2,10.2,9.72,9.87,8801200
2014-03-10 00:00:00+05:30,9.87,10.08,9.75,9.96,5418369
2014-03-11 00:00:00+05:30,9.96,10.08,9.8,10.01,1009800
2014-03-12 00:00:00+05:30,9.86,9.94,9.8,9.87,3593007
2014-03-13 00:00:00+05:30,9.9,10.42,9.8,10.08,11308474
2014-03-14 00:00:00+05:30,10.07,10.21,9.96,10.17,1165032
2014-03-18 00:00:00+05:30,10.17,10.5,10.07,10.34,10673587
2014-03-19 00:00:00+05:30,10.28,10.45,10.2,10.38,1584000
2014-03-20 00:00:00+05:30,10.27,10.5,10.24,10.28,419661
2014-03-21 00:00:00+05:30,10.35,10.42,9.8,10.0,3121569
2014-03-22 00:00:00+05:30,10.35,10.37,10.15,10.2,211068
2014-03-24 00:00:00+05:30,10.11,10.85,10.11,10.69,9114634
2014-03-25 00:00:00+05:30,10.63,10.9,10.63,10.71,4521528
2014-03-26 00:00:00+05:30,10.76,10.98,10.51,10.91,6591519
2014-03-27 00:00:00+05:30,10.9,11.57,10.77,11.24,4353525
2014-03-28 00:00:00+05:30,11.51,11.73,11.12,11.59,5565780
2014-03-31 00:00:00+05:30,11.47,12.05,11.38,11.6,3295611
2014-04-01 00:00:00+05:30,11.57,11.73,11.31,11.4,1723986
2014-04-02 00:00:00+05:30,11.52,11.77,11.13,11.21,3538854
2014-04-03 00:00:00+05:30,11.17,11.41,10.8,11.0,2290662
2014-04-04 00:00:00+05:30,10.91,11.74,10.46,11.48,40951850
2014-04-07 00:00:00+05:30,11.59,11.66,11.01,11.26,5336694
2014-04-09 00:00:00+05:30,11.14,11.57,11.04,11.47,6257295
2014-04-10 00:00:00+05:30,11.54,12.7,11.32,12.29,17269661
2014-04-11 00:00:00+05:30,12.52,12.52,11.98,12.16,14943854
2014-04-15 00:00:00+05:30,12.22,12.84,12.18,12.39,15661901
2014-04-16 00:00:00+05:30,12.42,12.69,12.12,12.17,7472422
2014-04-17 00:00:00+05:30,12.17,12.43,12.0,12.25,5620626
2014-04-21 00:00:00+05:30,12.26,12.47,12.13,12.37,4842486
2014-04-22 00:00:00+05:30,12.38,12.66,12.28,12.38,4471434
2014-04-23 00:00:00+05:30,12.39,12.58,12.19,12.48,8229970
2014-04-25 00:00:00+05:30,12.38,12.63,12.22,12.55,3806154
2014-04-28 00:00:00+05:30,12.57,12.58,12.27,12.54,3372039
2014-04-29 00:00:00+05:30,12.42,12.83,12.28,12.63,6217299
2014-04-30 00:00:00+05:30,12.54,12.75,11.93,12.23,11550727
2014-05-02 00:00:00+05:30,12.23,12.45,12.17,12.24,5228487
2014-05-05 00:00:00+05:30,12.12,12.52,12.04,12.43,3672306
2014-05-06 00:00:00+05:30,12.3,12.51,12.28,12.45,2044152
2014-05-07 00:00:00+05:30,12.32,12.49,12.3,12.39,2963268
2014-05-08 00:00:00+05:30,12.28,12.47,12.17,12.22,6098103
2014-05-09 00:00:00+05:30,12.13,12.46,12.13,12.33,8359363
2014-05-12 00:00:00+05:30,12.38,12.86,12.38,12.59,9321049
2014-05-13 00:00:00+05:30,12.63,14.88,12.49,13.54,37588721
2014-05-14 00:00:00+05:30,13.55,13.97,13.25,13.39,13671703
2014-05-15 00:00:00+05:30,13.39,13.59,13.2,13.45,6781797
2014-05-16 00:00:00+05:30,13.59,16.14,13.49,14.3,22700307
2014-05-19 00:00:00+05:30,14.37,15.19,14.36,14.74,34206781
2014-05-20 00:00:00+05:30,14.85,15.71,14.85,15.18,14847329
2014-05-21 00:00:00+05:30,15.19,15.49,14.88,15.24,11505187
2014-05-22 00:00:00+05:30,15.29,16.31,15.29,15.94,23555073
2014-05-23 00:00:00+05:30,16.87,17.37,16.37,16.47,22072449
2014-05-26 00:00:00+05:30,16.71,17.58,15.41,16.46,46164300
2014-05-27 00:00:00+05:30,16.41,16.51,15.78,15.96,10926631
2014-05-28 00:00:00+05:30,16.25,16.52,15.96,16.05,10289071
2014-05-29 00:00:00+05:30,16.2,16.23,15.86,15.94,15533102
2014-05-30 00:00:00+05:30,16.87,16.87,16.06,16.24,38155595
2014-06-02 00:00:00+05:30,16.36,16.97,16.36,16.89,29024725
2014-06-03 00:00:00+05:30,16.92,17.53,16.62,17.3,17543990
2014-06-04 00:00:00+05:30,17.42,17.67,17.17,17.52,20015030
2014-06-05 00:00:00+05:30,17.37,18.18,17.37,18.03,12223630
2014-06-06 00:00:00+05:30,18.2,18.84,18.2,18.56,18763868
2014-06-09 00:00:00+05:30,18.69,19.34,18.69,19.04,10082557
2014-06-10 00:00:00+05:30,19.14,19.23,18.44,18.65,6980688
2014-06-11 00:00:00+05:30,18.95,18.95,18.2,18.33,6457671
2014-06-12 00:00:00+05:30,18.44,18.44,17.85,18.27,9332632
2014-06-13 00:00:00+05:30,18.28,18.69,17.63,18.4,10167202
2014-06-16 00:00:00+05:30,18.67,18.83,17.95,18.44,6068601
2014-06-17 00:00:00+05:30,18.3,18.51,17.7,18.38,11520730
2014-06-18 00:00:00+05:30,18.43,18.74,18.29,18.4,8879410
2014-06-19 00:00:00+05:30,18.49,20.07,18.49,19.77,31455472
2014-06-20 00:00:00+05:30,19.84,20.15,19.54,19.69,11060479
2014-06-23 00:00:00+05:30,19.88,20.0,19.44,19.68,6464700
2014-06-24 00:00:00+05:30,19.71,20.45,19.61,20.29,12502315
2014-06-25 00:00:00+05:30,20.35,21.52,20.11,21.32,16562999
2014-06-26 00:00:00+05:30,21.51,22.07,21.13,21.35,20747432
2014-06-27 00:00:00+05:30,21.49,21.87,20.45,20.65,12951577
2014-06-30 00:00:00+05:30,20.8,21.83,19.94,21.73,16894550
2014-07-01 00:00:00+05:30,21.71,22.51,21.67,22.16,15306491
2014-07-02 00:00:00+05:30,22.39,22.62,21.92,22.05,9436186
2014-07-03 00:00:00+05:30,22.22,22.42,21.67,21.93,7847533
2014-07-04 00:00:00+05:30,22.09,22.32,21.96,22.08,7678540
2014-07-07 00:00:00+05:30,22.22,23.41,21.6,22.95,23519037
2014-07-08 00:00:00+05:30,23.08,23.18,21.52,21.65,19511516
2014-07-09 00:00:00+05:30,21.71,21.71,19.54,19.8,30887905
2014-07-10 00:00:00+05:30,19.82,19.99,17.83,18.53,70510779
2014-07-11 00:00:00+05:30,18.7,19.49,17.78,17.92,16231151
2014-07-14 00:00:00+05:30,17.95,18.37,17.2,18.17,9536968
2014-07-15 00:00:00+05:30,18.43,18.94,18.24,18.76,9713584
2014-07-16 00:00:00+05:30,18.76,19.18,18.41,18.76,8163541
2014-07-17 00:00:00+05:30,18.92,18.97,18.54,18.58,4138101
2014-07-18 00:00:00+05:30,18.48,18.92,18.21,18.69,7872976
2014-07-21 00:00:00+05:30,18.69,19.03,18.33,18.43,4732893
2014-07-22 00:00:00+05:30,18.4,19.06,18.33,18.62,7659433
2014-07-23 00:00:00+05:30,18.54,19.06,18.54,18.65,5285016
2014-07-24 00:00:00+05:30,18.79,18.79,18.34,18.46,2663991
2014-07-25 00:00:00+05:30,18.45,18.62,17.98,18.16,3996432
2014-07-28 00:00:00+05:30,18.18,18.31,17.5,17.6,7417378
2014-07-30 00:00:00+05:30,17.44,17.79,17.42,17.65,6019200
2014-07-31 00:00:00+05:30,17.53,18.33,17.53,17.8,27799005
2014-08-01 00:00:00+05:30,17.68,18.06,17.18,17.71,6694578
2014-08-04 00:00:00+05:30,17.55,17.98,17.55,17.84,2518065
2014-08-05 00:00:00+05:30,17.68,18.03,17.58,17.89,3346200
2014-08-06 00:00:00+05:30,17.81,18.54,17.81,18.07,6360354
2014-08-07 00:00:00+05:30,18.26,18.94,17.74,17.91,11110177
2014-08-08 00:00:00+05:30,17.75,18.38,17.54,18.08,9095527
2014-08-11 00:00:00+05:30,17.84,18.43,17.84,18.23,4212747
2014-08-12 00:00:00+05:30,18.1,18.42,18.0,18.08,3686661
2014-08-13 00:00:00+05:30,18.07,18.18,17.43,17.57,2829717
2014-08-14 00:00:00+05:30,17.58,17.88,17.58,17.79,2830707
2014-08-18 00:00:00+05:30,17.68,18.68,17.68,18.4,4020786
2014-08-19 00:00:00+05:30,18.34,18.57,18.28,18.39,2030490
2014-08-20 00:00:00+05:30,18.31,18.53,18.04,18.1,3377385
2014-08-21 00:00:00+05:30,18.0,18.32,17.83,17.96,1944756
2014-08-22 00:00:00+05:30,18.14,18.38,18.14,18.26,5631714
2014-08-25 00:00:00+05:30,18.27,18.38,17.88,18.24,4926141
2014-08-26 00:00:00+05:30,18.1,18.26,17.69,17.84,2053755
2014-08-28 00:00:00+05:30,21.6,22.32,20.67,20.78,92926165
2014-09-01 00:00:00+05:30,20.95,21.48,20.76,21.32,24929985
2014-09-02 00:00:00+05:30,21.44,21.47,20.82,20.96,9251353
2014-09-03 00:00:00+05:30,21.01,21.21,20.34,20.46,8049592
2014-09-04 00:00:00+05:30,20.64,20.64,19.92,20.04,8240662
2014-09-05 00:00:00+05:30,20.15,21.92,20.15,21.01,46720482
2014-09-08 00:00:00+05:30,21.11,21.46,20.76,21.11,11611018
2014-09-09 00:00:00+05:30,21.21,21.31,20.77,20.83,6017517
2014-09-10 00:00:00+05:30,20.86,21.2,20.58,20.66,6064542
2014-09-11 00:00:00+05:30,21.03,21.77,21.03,21.39,26918202
2014-09-12 00:00:00+05:30,21.36,21.63,20.93,21.19,12434797
2014-09-15 00:00:00+05:30,21.13,21.91,20.98,21.66,14625668
2014-09-16 00:00:00+05:30,21.91,22.62,20.73,21.07,26234607
2014-09-17 00:00:00+05:30,21.38,21.72,20.97,21.39,11977813
2014-09-18 00:00:00+05:30,21.31,21.86,21.18,21.36,9094339
2014-09-19 00:00:00+05:30,21.47,21.6,21.22,21.36,4871097
2014-09-22 00:00:00+05:30,21.31,21.81,21.01,21.23,9048799
2014-09-23 00:00:00+05:30,21.27,21.62,20.88,21.05,11394703
2014-09-24 00:00:00+05:30,21.04,21.4,21.04,21.22,5888619
2014-09-25 00:00:00+05:30,21.23,21.45,20.31,20.71,4983264
2014-09-26 00:00:00+05:30,20.2,20.58,19.84,20.32,12882277
2014-09-29 00:00:00+05:30,20.43,20.71,20.27,20.4,9137899
2014-09-30 00:00:00+05:30,20.46,20.61,19.96,20.1,5137110
2014-10-01 00:00:00+05:30,20.22,21.21,20.22,20.75,18088094
2014-10-07 00:00:00+05:30,20.72,21.01,20.1,20.22,16197293
2014-10-08 00:00:00+05:30,20.3,20.45,19.96,20.01,5780907
2014-10-09 00:00:00+05:30,20.4,20.93,20.15,20.66,10495090
2014-10-10 00:00:00+05:30,20.61,20.66,20.15,20.27,4961880
2014-10-13 00:00:00+05:30,20.16,20.3,20.02,20.22,2757942
2014-10-14 00:00:00+05:30,20.24,20.45,20.1,20.29,4627656
2014-10-16 00:00:00+05:30,20.13,20.5,20.0,20.04,6340059
2014-10-17 00:00:00+05:30,20.04,20.49,20.01,20.2,4066524
2014-10-20 00:00:00+05:30,20.4,20.49,20.21,20.41,5334318
2014-10-21 00:00:00+05:30,20.46,21.46,20.12,20.28,21855045
2014-10-22 00:00:00+05:30,20.42,20.99,20.42,20.89,6008211
2014-10-23 00:00:00+05:30,21.05,21.05,20.47,20.78,799227
2014-10-27 00:00:00+05:30,21.53,22.66,20.62,20.76,26462703
2014-10-28 00:00:00+05:30,20.93,21.37,20.59,20.67,8396785
2014-10-29 00:00:00+05:30,20.83,20.91,20.35,20.61,4372533
2014-10-30 00:00:00+05:30,20.68,20.85,20.41,20.62,3010689
2014-10-31 00:00:00+05:30,20.69,21.18,20.65,21.05,7010883
2014-11-03 00:00:00+05:30,21.11,21.31,20.96,21.09,4101075
2014-11-05 00:00:00+05:30,21.13,21.47,20.73,20.86,6987915
2014-11-07 00:00:00+05:30,20.96,22.98,20.96,22.54,52978075
2014-11-10 00:00:00+05:30,22.98,23.88,22.82,23.03,37516748
2014-11-11 00:00:00+05:30,23.15,23.48,23.03,23.2,9700714
2014-11-12 00:00:00+05:30,23.01,23.99,23.01,23.31,14722193
2014-11-13 00:00:00+05:30,23.43,23.58,22.67,22.91,6043059
2014-11-14 00:00:00+05:30,23.02,23.33,22.44,22.68,4894263
2014-11-17 00:00:00+05:30,22.83,23.23,22.68,23.03,12171160
2014-11-18 00:00:00+05:30,23.17,23.57,22.68,22.87,7040286
2014-11-19 00:00:00+05:30,22.79,23.18,22.47,22.62,5518656
2014-11-20 00:00:00+05:30,22.59,22.87,22.12,22.2,5297688
2014-11-21 00:00:00+05:30,22.03,22.52,22.03,22.14,9924058
2014-11-24 00:00:00+05:30,22.32,23.58,22.28,23.27,22573785
2014-11-25 00:00:00+05:30,23.47,23.53,22.73,23.03,10817434
2014-11-26 00:00:00+05:30,23.01,23.36,22.86,23.25,14719322
2014-11-27 00:00:00+05:30,23.25,23.61,23.16,23.28,11748430
2014-11-28 00:00:00+05:30,23.4,23.58,23.29,23.45,11135224
2014-12-01 00:00:00+05:30,23.38,23.52,23.08,23.29,8713387
2014-12-02 00:00:00+05:30,23.45,25.75,23.27,25.4,70537410
2014-12-03 00:00:00+05:30,25.84,27.15,25.77,26.6,38939675
2014-12-04 00:00:00+05:30,26.75,30.15,26.54,29.59,94107433
2014-12-05 00:00:00+05:30,29.49,31.72,28.79,29.24,65482965
2014-12-08 00:00:00+05:30,28.99,29.88,28.2,28.42,30783460
2014-12-09 00:00:00+05:30,28.59,30.05,28.36,28.74,30555265
2014-12-10 00:00:00+05:30,28.98,29.64,28.11,28.41,19423604
2014-12-11 00:00:00+05:30,28.64,29.49,27.88,29.21,25527252
2014-12-12 00:00:00+05:30,29.69,30.16,27.88,28.27,24526164
2014-12-15 00:00:00+05:30,28.12,28.57,27.29,27.44,14519540
2014-12-16 00:00:00+05:30,27.17,27.4,26.17,26.79,19666253
2014-12-17 00:00:00+05:30,26.6,27.42,26.39,26.78,14211055
2014-12-18 00:00:00+05:30,27.29,28.31,27.25,28.13,21166598
2014-12-19 00:00:00+05:30,28.65,28.99,28.06,28.26,10738036
2014-12-22 00:00:00+05:30,28.53,28.58,27.65,27.96,7773085
2014-12-23 00:00:00+05:30,27.8,28.02,27.38,27.64,5598945
2014-12-24 00:00:00+05:30,27.46,27.88,27.17,27.54,6491331
2014-12-26 00:00:00+05:30,27.55,27.85,27.47,27.54,5058801
2014-12-29 00:00:00+05:30,27.78,28.16,27.53,27.58,8350849
2014-12-30 00:00:00+05:30,27.68,28.96,27.65,28.37,21703674
2014-12-31 00:00:00+05:30,28.36,30.29,28.36,29.77,39987788
2015-01-01 00:00:00+05:30,29.8,30.64,26.39,29.69,16552208
2015-01-02 00:00:00+05:30,29.56,29.98,29.14,29.54,10896535
2015-01-05 00:00:00+05:30,29.42,29.58,28.9,28.98,7117209
2015-01-06 00:00:00+05:30,28.98,29.43,28.21,28.6,14174128
2015-01-07 00:00:00+05:30,28.7,33.13,28.7,32.45,106931201
2015-01-08 00:00:00+05:30,32.4,32.98,31.53,31.76,53019457
2015-01-09 00:00:00+05:30,31.97,33.53,31.83,32.35,41711873
2015-01-12 00:00:00+05:30,32.51,33.02,32.01,32.48,30037891
2015-01-13 00:00:00+05:30,32.65,34.63,32.59,33.67,67516227
2015-01-14 00:00:00+05:30,33.59,33.89,32.99,33.22,20496863
2015-01-15 00:00:00+05:30,33.45,33.72,32.89,33.04,11048401
2015-01-16 00:00:00+05:30,33.3,34.03,33.08,33.27,21368657
2015-01-19 00:00:00+05:30,33.4,33.67,32.73,32.84,11937025
2015-01-20 00:00:00+05:30,33.07,33.15,31.73,31.95,17753969
2015-01-21 00:00:00+05:30,32.08,32.77,31.65,31.83,18738425
2015-01-22 00:00:00+05:30,32.0,32.83,31.82,32.41,38991254
2015-01-23 00:00:00+05:30,32.72,33.13,32.13,32.49,28132437
2015-01-27 00:00:00+05:30,34.57,36.1,33.95,34.39,58023215
2015-01-28 00:00:00+05:30,34.49,34.8,34.12,34.43,19361531
2015-01-29 00:00:00+05:30,34.34,34.34,33.47,33.8,11334511
2015-01-30 00:00:00+05:30,33.89,34.12,33.37,33.72,8474995
2015-02-02 00:00:00+05:30,33.84,35.33,33.43,34.58,20583488
2015-02-03 00:00:00+05:30,34.82,36.64,33.8,36.37,44045106
2015-02-04 00:00:00+05:30,36.77,37.1,35.71,35.89,22104822
2015-02-05 00:00:00+05:30,35.87,35.89,35.15,35.27,7194331
2015-02-06 00:00:00+05:30,35.35,35.89,34.28,34.43,8053255
2015-02-09 00:00:00+05:30,34.43,34.47,33.28,33.38,8275807
2015-02-10 00:00:00+05:30,33.23,34.42,32.97,33.73,10634482
2015-02-11 00:00:00+05:30,34.39,35.55,34.39,35.34,31994131
2015-02-12 00:00:00+05:30,35.54,37.46,34.97,37.25,44479023
2015-02-13 00:00:00+05:30,37.53,37.68,36.39,36.57,20106605
2015-02-16 00:00:00+05:30,36.82,37.82,36.41,36.97,16078790
2015-02-18 00:00:00+05:30,37.27,41.87,37.18,40.34,109588164
2015-02-19 00:00:00+05:30,40.19,40.66,38.44,38.76,37016105
2015-02-20 00:00:00+05:30,38.89,39.79,38.52,38.65,24559824
2015-02-23 00:00:00+05:30,38.93,39.37,37.43,37.62,20875835
2015-02-24 00:00:00+05:30,38.06,38.54,37.03,37.37,31191043
2015-02-25 00:00:00+05:30,37.76,38.23,37.27,37.44,21727830
2015-02-26 00:00:00+05:30,37.61,38.17,36.57,36.84,34231135
2015-02-27 00:00:00+05:30,37.78,41.26,37.75,38.06,161824729
2015-02-28 00:00:00+05:30,38.76,39.3,36.59,37.69,52635634
2015-03-02 00:00:00+05:30,37.97,37.98,36.62,36.79,24964635
2015-03-03 00:00:00+05:30,36.99,37.23,36.41,36.77,19086212
2015-03-04 00:00:00+05:30,37.0,37.85,36.73,36.99,26097888
2015-03-05 00:00:00+05:30,37.16,37.32,35.88,36.19,24376674
2015-03-09 00:00:00+05:30,36.15,36.16,34.64,34.79,17811092
2015-03-10 00:00:00+05:30,34.95,35.16,33.13,33.49,32164807
2015-03-11 00:00:00+05:30,33.64,34.9,33.28,33.89,38426558
2015-03-12 00:00:00+05:30,34.2,34.73,34.04,34.19,20495081
2015-03-13 00:00:00+05:30,34.48,34.7,33.45,33.63,22500525
2015-03-16 00:00:00+05:30,33.74,33.82,32.78,32.97,11763874
2015-03-17 00:00:00+05:30,33.21,34.11,33.08,34.0,27175305
2015-03-18 00:00:00+05:30,34.03,34.25,33.12,33.28,12434203
2015-03-19 00:00:00+05:30,33.53,33.76,32.69,32.77,16199867
2015-03-20 00:00:00+05:30,32.93,32.94,31.82,32.23,15232637
2015-03-23 00:00:00+05:30,32.46,32.83,31.97,32.2,20835443
2015-03-24 00:00:00+05:30,32.42,32.99,32.21,32.84,23075022
2015-03-25 00:00:00+05:30,32.93,32.93,32.04,32.23,11144728
2015-03-26 00:00:00+05:30,32.22,32.43,31.57,31.93,11206900
2015-03-27 00:00:00+05:30,32.22,32.32,31.13,31.33,17418458
2015-03-30 00:00:00+05:30,32.02,33.07,32.02,32.81,44026791
2015-03-31 00:00:00+05:30,33.02,34.11,32.64,33.84,36140252
2015-04-01 00:00:00+05:30,33.89,36.31,33.84,35.29,57692753
2015-04-06 00:00:00+05:30,35.44,36.45,35.44,36.3,23404098
2015-04-07 00:00:00+05:30,36.52,36.61,35.26,36.22,16399253
2015-04-08 00:00:00+05:30,36.36,37.62,36.04,37.2,21605664
2015-04-09 00:00:00+05:30,37.52,37.93,36.78,37.32,13617352
2015-04-10 00:00:00+05:30,37.36,37.36,36.36,36.71,10212445
2015-04-13 00:00:00+05:30,36.86,36.99,34.65,34.78,22594674
2015-04-15 00:00:00+05:30,34.93,35.03,33.14,33.58,31522198
2015-04-16 00:00:00+05:30,33.83,34.3,33.14,33.32,19918406
2015-04-17 00:00:00+05:30,33.43,33.64,32.32,32.42,13110967
2015-04-20 00:00:00+05:30,32.51,33.17,31.31,31.52,18779312
2015-04-21 00:00:00+05:30,31.82,32.08,31.31,31.6,11051965
2015-04-22 00:00:00+05:30,31.83,32.32,31.62,32.1,12318373
2015-04-23 00:00:00+05:30,32.49,32.93,32.17,32.28,15151259
2015-04-24 00:00:00+05:30,32.37,32.5,31.34,31.47,12249568
2015-04-27 00:00:00+05:30,31.62,31.68,30.05,30.1,12447865
2015-04-28 00:00:00+05:30,29.9,30.49,29.54,30.12,12513898
2015-04-29 00:00:00+05:30,30.19,30.81,29.81,30.32,14457665
2015-04-30 00:00:00+05:30,30.3,31.41,29.92,31.16,11784565
2015-05-04 00:00:00+05:30,31.5,32.07,31.31,31.65,9386983
2015-05-05 00:00:00+05:30,31.75,33.98,31.36,33.06,30648523
2015-05-06 00:00:00+05:30,33.21,33.94,30.83,31.75,32678320
2015-05-07 00:00:00+05:30,31.43,32.58,29.92,30.35,35901464
2015-05-08 00:00:00+05:30,30.82,31.72,30.82,31.36,20133632
2015-05-11 00:00:00+05:30,31.77,32.31,31.47,31.61,11096119
2015-05-12 00:00:00+05:30,31.75,32.17,31.12,31.73,18304904
2015-05-13 00:00:00+05:30,32.05,32.22,31.83,32.0,15410837
2015-05-14 00:00:00+05:30,32.0,32.27,31.67,31.75,7010487
2015-05-15 00:00:00+05:30,32.07,32.83,31.73,31.89,10490338
2015-05-18 00:00:00+05:30,32.12,32.42,31.77,31.97,6051672
2015-05-19 00:00:00+05:30,32.11,32.37,31.84,32.18,8670124
2015-05-20 00:00:00+05:30,32.47,32.58,32.02,32.12,5335011
2015-05-21 00:00:00+05:30,32.37,32.98,32.12,32.52,12054934
2015-05-22 00:00:00+05:30,32.6,32.67,32.08,32.27,4779918
2015-05-25 00:00:00+05:30,32.41,32.78,32.22,32.45,5633595
2015-05-26 00:00:00+05:30,32.45,33.52,32.45,33.32,16580423
2015-05-27 00:00:00+05:30,33.13,33.67,32.84,33.46,8275708
2015-05-28 00:00:00+05:30,33.54,34.06,33.46,33.7,8401537
2015-05-29 00:00:00+05:30,33.86,36.65,32.15,36.15,84869642
2015-06-01 00:00:00+05:30,36.21,36.92,35.97,36.45,22627740
2015-06-02 00:00:00+05:30,36.11,36.21,34.65,35.08,23190654
2015-06-03 00:00:00+05:30,35.18,35.18,31.94,32.87,24557349
2015-06-04 00:00:00+05:30,33.23,33.7,32.35,33.43,18543296
2015-06-05 00:00:00+05:30,33.31,34.29,32.85,33.56,15275702
2015-06-08 00:00:00+05:30,33.59,34.08,33.08,33.24,8058700
2015-06-09 00:00:00+05:30,33.11,33.58,32.51,32.68,8142850
2015-06-10 00:00:00+05:30,32.73,33.52,32.73,33.04,6222150
2015-06-11 00:00:00+05:30,33.28,33.47,32.21,32.39,8519545
2015-06-12 00:00:00+05:30,32.51,32.93,32.05,32.82,8975539
2015-06-15 00:00:00+05:30,32.83,33.42,32.6,33.01,7584985
2015-06-16 00:00:00+05:30,32.69,33.03,32.55,32.93,5414607
2015-06-17 00:00:00+05:30,33.12,33.7,32.86,33.36,13570921
2015-06-18 00:00:00+05:30,33.37,34.26,33.37,34.02,12617848
2015-06-19 00:00:00+05:30,34.22,34.6,34.14,34.4,11836045
2015-06-22 00:00:00+05:30,34.65,34.75,34.04,34.39,7175917
2015-06-23 00:00:00+05:30,34.38,34.78,34.09,34.29,7694578
2015-06-24 00:00:00+05:30,34.39,34.68,33.61,33.96,7587064
2015-06-25 00:00:00+05:30,33.86,34.23,33.58,34.03,6584886
2015-06-26 00:00:00+05:30,34.09,35.2,33.89,34.78,15173237
2015-06-29 00:00:00+05:30,34.21,34.32,33.08,33.67,9170767
2015-06-30 00:00:00+05:30,33.82,34.29,33.66,34.0,11378863
2015-07-01 00:00:00+05:30,34.13,34.83,34.1,34.47,9997516
2015-07-02 00:00:00+05:30,34.54,35.1,34.34,34.51,9492715
2015-07-03 00:00:00+05:30,34.59,34.89,34.35,34.52,6734277
2015-07-06 00:00:00+05:30,34.3,34.44,32.22,34.18,8270659
2015-07-07 00:00:00+05:30,34.28,35.51,34.24,34.88,14410343
2015-07-08 00:00:00+05:30,34.59,35.14,34.08,34.44,8962669
2015-07-09 00:00:00+05:30,34.65,35.0,34.42,34.62,5673393
2015-07-10 00:00:00+05:30,34.8,35.05,34.34,34.74,4535784
2015-07-13 00:00:00+05:30,34.85,35.01,34.56,34.85,4255911
2015-07-14 00:00:00+05:30,34.9,35.58,34.8,35.26,9681409
2015-07-15 00:00:00+05:30,35.51,35.86,35.35,35.59,6866046
2015-07-16 00:00:00+05:30,35.84,37.15,35.56,36.95,24660606
2015-07-17 00:00:00+05:30,37.42,37.56,36.73,36.85,14044834
2015-07-20 00:00:00+05:30,37.01,37.17,36.65,36.9,5303826
2015-07-21 00:00:00+05:30,37.07,37.63,36.49,36.62,12587158
2015-07-22 00:00:00+05:30,36.65,37.16,36.16,36.99,5129982
2015-07-23 00:00:00+05:30,37.34,38.28,37.19,37.97,18236297
2015-07-24 00:00:00+05:30,38.17,38.27,36.94,37.08,13132846
2015-07-27 00:00:00+05:30,39.48,39.68,37.02,37.19,40279541
2015-07-28 00:00:00+05:30,37.56,38.07,37.25,37.89,12994543
2015-07-29 00:00:00+05:30,38.12,39.92,37.63,39.69,27314103
2015-07-30 00:00:00+05:30,40.15,40.21,39.5,39.67,14478752
2015-07-31 00:00:00+05:30,39.79,40.56,39.53,40.25,19211249
2015-08-03 00:00:00+05:30,40.26,41.96,40.21,41.66,20486567
2015-08-04 00:00:00+05:30,41.92,42.02,41.11,41.68,16490927
2015-08-05 00:00:00+05:30,41.82,41.94,40.64,40.85,10469548
2015-08-06 00:00:00+05:30,40.95,41.01,39.65,40.21,10861390
2015-08-07 00:00:00+05:30,40.3,40.85,39.8,40.05,12000880
2015-08-10 00:00:00+05:30,40.02,40.4,39.42,39.57,5712597
2015-08-11 00:00:00+05:30,39.55,39.83,38.29,38.48,11398762
2015-08-12 00:00:00+05:30,38.61,38.64,37.51,37.68,10953361
2015-08-13 00:00:00+05:30,37.98,38.76,37.73,37.96,12544984
2015-08-14 00:00:00+05:30,38.13,38.97,37.87,38.83,11867131
2015-08-17 00:00:00+05:30,39.04,39.04,38.14,38.3,7882084
2015-08-18 00:00:00+05:30,38.38,38.66,37.38,37.5,12560725
2015-08-19 00:00:00+05:30,37.88,37.88,36.74,36.82,26581404
2015-08-20 00:00:00+05:30,36.85,37.17,36.31,36.59,13040479
2015-08-21 00:00:00+05:30,36.36,36.46,35.81,36.17,15330053
2015-08-24 00:00:00+05:30,35.44,35.44,31.53,32.05,20647937
2015-08-25 00:00:00+05:30,32.43,33.97,29.82,33.68,29554771
2015-08-26 00:00:00+05:30,33.38,34.31,32.49,33.99,13196008
2015-08-27 00:00:00+05:30,34.29,35.01,34.29,34.55,12168685
2015-08-28 00:00:00+05:30,34.78,36.11,34.78,35.1,16223330
2015-08-31 00:00:00+05:30,35.2,35.25,33.92,34.03,12774466
2015-09-01 00:00:00+05:30,33.75,33.75,32.43,32.54,12255013
2015-09-02 00:00:00+05:30,32.93,34.09,32.65,33.08,18747632
2015-09-03 00:00:00+05:30,33.33,33.94,33.03,33.34,7975540
2015-09-04 00:00:00+05:30,33.34,33.34,32.44,32.61,15925538
2015-09-07 00:00:00+05:30,32.61,32.78,31.62,31.88,16773473
2015-09-08 00:00:00+05:30,32.02,33.29,31.88,33.04,13866337
2015-09-09 00:00:00+05:30,33.84,34.24,33.41,33.85,23537055
2015-09-10 00:00:00+05:30,33.38,35.1,33.08,34.36,37580504
2015-09-11 00:00:00+05:30,35.0,35.43,33.59,33.77,54376945
2015-09-14 00:00:00+05:30,34.85,34.85,32.67,33.17,14214091
2015-09-15 00:00:00+05:30,33.18,33.79,32.38,32.96,11272899
2015-09-16 00:00:00+05:30,33.3,34.06,32.49,32.62,10171392
2015-09-18 00:00:00+05:30,33.29,33.78,32.72,32.96,13291345
2015-09-21 00:00:00+05:30,33.18,33.82,33.03,33.4,9001212
2015-09-22 00:00:00+05:30,33.67,33.74,32.94,33.16,9080445
2015-09-23 00:00:00+05:30,33.0,35.0,32.82,34.62,22769440
2015-09-24 00:00:00+05:30,35.15,36.06,34.32,35.51,45326295
2015-09-28 00:00:00+05:30,35.82,36.56,35.52,35.85,11624745
2015-09-29 00:00:00+05:30,35.42,35.79,34.6,34.79,9061635
2015-09-30 00:00:00+05:30,35.15,35.3,34.09,34.41,7614486
2015-10-01 00:00:00+05:30,34.55,34.99,34.27,34.67,7382925
2015-10-05 00:00:00+05:30,35.03,36.06,35.03,35.87,9730083
2015-10-06 00:00:00+05:30,36.67,37.17,35.54,36.02,18573787
2015-10-07 00:00:00+05:30,36.0,36.82,35.49,36.47,10532973
2015-10-08 00:00:00+05:30,36.51,36.67,36.06,36.46,5093979
2015-10-09 00:00:00+05:30,36.58,37.09,36.45,36.59,7844793
2015-10-12 00:00:00+05:30,36.76,36.91,36.36,36.57,4172223
2015-10-13 00:00:00+05:30,36.37,36.6,35.78,36.0,4650525
2015-10-14 00:00:00+05:30,35.89,36.32,35.7,35.95,3386955
2015-10-15 00:00:00+05:30,36.27,36.27,35.67,35.85,2798169
2015-10-16 00:00:00+05:30,36.06,36.3,35.37,36.11,6246306
2015-10-19 00:00:00+05:30,36.27,36.47,35.91,36.02,2439591
2015-10-20 00:00:00+05:30,36.3,38.03,36.0,37.78,15788389
2015-10-21 00:00:00+05:30,38.06,38.15,36.36,37.28,10940028
2015-10-23 00:00:00+05:30,37.55,37.66,36.55,36.84,4580829
2015-10-26 00:00:00+05:30,37.09,37.09,36.21,36.4,8727213
2015-10-27 00:00:00+05:30,36.25,37.21,36.24,36.86,7597887
2015-10-28 00:00:00+05:30,36.86,37.24,36.36,36.73,8467767
2015-10-29 00:00:00+05:30,36.71,37.58,36.55,36.92,31515662
2015-10-30 00:00:00+05:30,38.03,38.45,37.42,37.69,23721391
2015-11-02 00:00:00+05:30,37.7,37.93,37.05,37.3,3293103
2015-11-03 00:00:00+05:30,37.61,38.33,36.52,38.12,11755029
2015-11-04 00:00:00+05:30,38.33,38.79,37.68,38.06,7079688
2015-11-05 00:00:00+05:30,37.88,38.04,37.42,37.58,3305280
2015-11-06 00:00:00+05:30,37.63,38.24,37.45,37.71,8562015
2015-11-09 00:00:00+05:30,37.23,39.39,36.82,39.11,11813043
2015-11-10 00:00:00+05:30,39.18,39.18,37.58,37.86,5994417
2015-11-11 00:00:00+05:30,38.03,38.69,37.88,38.57,1375770
2015-11-13 00:00:00+05:30,38.33,38.33,37.08,37.45,3767379
2015-11-16 00:00:00+05:30,37.42,38.29,37.13,37.83,4003890
2015-11-17 00:00:00+05:30,37.89,38.45,37.83,38.0,4960758
2015-11-18 00:00:00+05:30,38.03,38.12,37.13,37.29,4275975
2015-11-19 00:00:00+05:30,37.46,37.95,37.29,37.82,2664156
2015-11-20 00:00:00+05:30,37.88,38.39,37.54,37.97,8867463
2015-11-23 00:00:00+05:30,38.24,38.31,37.66,37.91,4149420
2015-11-24 00:00:00+05:30,38.06,38.58,37.82,38.03,6782490
2015-11-26 00:00:00+05:30,38.03,39.13,37.82,38.77,15326389
2015-11-27 00:00:00+05:30,38.81,39.3,38.46,38.63,3939540
2015-11-30 00:00:00+05:30,38.24,38.63,37.82,38.0,7236141
2015-12-01 00:00:00+05:30,38.04,38.36,37.42,37.51,4438302
2015-12-02 00:00:00+05:30,37.73,37.73,36.73,36.92,6123315
2015-12-03 00:00:00+05:30,36.67,37.58,36.64,37.07,5696559
2015-12-04 00:00:00+05:30,36.76,37.55,36.68,37.15,3926439
2015-12-07 00:00:00+05:30,37.56,37.56,36.76,37.08,3788235
2015-12-08 00:00:00+05:30,36.91,37.27,36.67,36.81,3471864
2015-12-09 00:00:00+05:30,36.73,37.12,35.91,36.28,6490077
2015-12-10 00:00:00+05:30,36.33,36.55,35.72,36.12,7385664
2015-12-11 00:00:00+05:30,36.21,36.65,35.27,35.49,6885648
2015-12-14 00:00:00+05:30,35.48,36.29,35.09,35.94,3628944
2015-12-15 00:00:00+05:30,36.03,36.14,35.49,35.68,4976697
2015-12-16 00:00:00+05:30,36.13,36.84,35.82,36.21,6116022
2015-12-17 00:00:00+05:30,36.36,36.86,36.36,36.5,10445721
2015-12-18 00:00:00+05:30,36.52,37.86,36.37,37.38,32125865
2015-12-21 00:00:00+05:30,37.06,38.3,37.06,38.12,13544389
2015-12-22 00:00:00+05:30,38.03,38.76,37.91,38.49,12566731
2015-12-23 00:00:00+05:30,38.63,38.85,37.97,38.55,5534331
2015-12-24 00:00:00+05:30,38.94,40.44,38.61,39.91,20373310
2015-12-28 00:00:00+05:30,40.15,40.2,39.49,39.6,9020814
2015-12-29 00:00:00+05:30,39.72,40.89,39.64,40.72,21020077
2015-12-30 00:00:00+05:30,41.0,41.7,40.79,40.98,16273093
2015-12-31 00:00:00+05:30,41.24,41.89,41.06,41.55,19482475
2016-01-01 00:00:00+05:30,41.73,41.81,41.26,41.69,7632504
2016-01-04 00:00:00+05:30,41.57,42.93,41.36,41.52,14444200
2016-01-05 00:00:00+05:30,41.79,42.18,41.18,41.4,8738796
2016-01-06 00:00:00+05:30,41.36,41.82,40.7,41.01,5917362
2016-01-07 00:00:00+05:30,41.0,41.0,38.93,39.21,14032954
2016-01-08 00:00:00+05:30,39.55,40.0,39.0,39.33,6597558
2016-01-11 00:00:00+05:30,39.15,40.51,38.52,40.32,10047939
2016-01-12 00:00:00+05:30,40.67,41.5,40.44,40.61,16810036
2016-01-13 00:00:00+05:30,40.91,41.21,39.23,40.6,17194684
2016-01-14 00:00:00+05:30,40.06,40.3,39.09,39.63,5554494
2016-01-15 00:00:00+05:30,39.8,40.15,37.67,38.17,6103053
2016-01-18 00:00:00+05:30,37.94,38.26,36.27,37.43,7673622
2016-01-19 00:00:00+05:30,37.58,38.27,36.99,38.12,5920530
2016-01-20 00:00:00+05:30,37.14,37.53,35.66,36.75,8477106
2016-01-21 00:00:00+05:30,37.0,37.57,35.24,35.52,16178119
2016-01-22 00:00:00+05:30,36.06,36.73,35.11,36.17,11598576
2016-01-25 00:00:00+05:30,36.71,37.24,36.36,36.65,7404012
2016-01-27 00:00:00+05:30,36.97,39.96,36.17,36.55,37507308
2016-01-28 00:00:00+05:30,36.61,37.55,36.24,37.21,12522940
2016-01-29 00:00:00+05:30,37.3,37.61,36.88,37.32,5345769
2016-02-01 00:00:00+05:30,37.73,37.83,37.03,37.38,6798957
2016-02-02 00:00:00+05:30,37.55,37.73,36.82,37.07,5510934
2016-02-03 00:00:00+05:30,36.77,37.58,36.33,36.85,7856574
2016-02-04 00:00:00+05:30,37.12,37.47,36.38,37.0,8496345
2016-02-05 00:00:00+05:30,37.0,37.59,36.79,37.45,3783747
2016-02-08 00:00:00+05:30,37.45,38.05,37.12,37.28,4560798
2016-02-09 00:00:00+05:30,36.67,37.09,36.38,36.64,4598781
2016-02-10 00:00:00+05:30,36.73,36.73,35.84,36.0,6421965
2016-02-11 00:00:00+05:30,35.76,36.07,33.5,34.06,13682890
2016-02-12 00:00:00+05:30,34.09,35.09,32.99,34.1,14815483
2016-02-15 00:00:00+05:30,34.55,35.89,34.51,35.19,4469619
2016-02-16 00:00:00+05:30,35.61,35.79,33.39,33.83,5975376
2016-02-17 00:00:00+05:30,33.61,34.11,32.73,33.94,11192577
2016-02-18 00:00:00+05:30,34.52,34.85,34.09,34.69,7631679
2016-02-19 00:00:00+05:30,34.24,34.54,34.02,34.23,5712927
2016-02-22 00:00:00+05:30,34.51,35.58,34.18,35.08,8107869
2016-02-23 00:00:00+05:30,35.32,35.32,33.77,33.85,8421996
2016-02-24 00:00:00+05:30,33.91,34.48,32.79,33.06,9448065
2016-02-25 00:00:00+05:30,33.33,33.58,31.97,32.33,8384673
2016-02-26 00:00:00+05:30,32.55,32.68,31.82,31.99,8811000
2016-02-29 00:00:00+05:30,32.08,32.69,31.06,31.21,12762289
2016-03-01 00:00:00+05:30,31.06,31.62,30.55,31.49,19493629
2016-03-02 00:00:00+05:30,31.88,32.58,31.7,31.84,12335598
2016-03-03 00:00:00+05:30,32.12,32.95,31.98,32.58,16994407
2016-03-04 00:00:00+05:30,32.88,33.63,32.27,33.35,14022427
2016-03-08 00:00:00+05:30,33.48,33.77,32.71,32.91,6107805
2016-03-09 00:00:00+05:30,32.91,33.3,32.37,33.18,5204232
2016-03-10 00:00:00+05:30,33.22,33.37,32.55,32.85,5288217
2016-03-11 00:00:00+05:30,32.85,33.48,32.64,32.93,7105395
2016-03-14 00:00:00+05:30,33.06,33.24,31.95,32.57,10004445
2016-03-15 00:00:00+05:30,32.67,32.67,31.72,32.23,6046491
2016-03-16 00:00:00+05:30,32.42,32.42,31.7,32.28,9017316
2016-03-17 00:00:00+05:30,32.58,33.21,32.42,32.85,12100539
2016-03-18 00:00:00+05:30,33.15,33.57,32.96,33.42,13588114
2016-03-21 00:00:00+05:30,33.48,36.45,33.39,35.67,30386138
2016-03-22 00:00:00+05:30,36.06,36.42,35.69,36.1,21158182
2016-03-23 00:00:00+05:30,36.2,37.03,35.6,36.42,9746913
2016-03-28 00:00:00+05:30,36.74,36.93,35.09,35.38,10003983
2016-03-29 00:00:00+05:30,35.47,36.15,35.2,35.76,8062098
2016-03-30 00:00:00+05:30,36.24,36.85,35.88,36.66,12866272
2016-03-31 00:00:00+05:30,36.94,37.85,36.27,37.1,26654036
2016-04-01 00:00:00+05:30,36.61,36.94,36.11,36.34,7250529
2016-04-04 00:00:00+05:30,36.82,36.94,36.43,36.54,6463941
2016-04-05 00:00:00+05:30,36.43,36.43,35.46,35.79,8653590
2016-04-06 00:00:00+05:30,35.94,36.28,35.31,35.5,6180009
2016-04-07 00:00:00+05:30,35.61,35.61,34.64,34.92,11185977
2016-04-08 00:00:00+05:30,35.15,35.68,34.68,35.38,5622408
2016-04-11 00:00:00+05:30,35.52,35.61,34.32,34.87,8720118
2016-04-12 00:00:00+05:30,35.0,36.15,34.85,35.87,9551091
2016-04-13 00:00:00+05:30,36.25,36.82,35.91,36.18,8398434
2016-04-18 00:00:00+05:30,36.27,36.86,35.85,36.55,7556703
2016-04-20 00:00:00+05:30,36.55,36.99,36.13,36.31,6570828
2016-04-21 00:00:00+05:30,36.42,36.64,35.07,35.43,6347979
2016-04-22 00:00:00+05:30,34.91,35.71,34.91,35.44,7199775
2016-04-25 00:00:00+05:30,35.6,35.95,35.34,35.52,5381013
2016-04-26 00:00:00+05:30,35.45,36.17,35.38,36.1,7310721
2016-04-27 00:00:00+05:30,36.17,37.03,36.15,36.75,9726387
2016-04-28 00:00:00+05:30,36.91,37.35,35.7,35.87,16132513
2016-04-29 00:00:00+05:30,36.06,36.54,35.61,35.81,5478495
2016-05-02 00:00:00+05:30,35.46,36.33,35.46,35.98,3579312
2016-05-03 00:00:00+05:30,36.2,36.33,35.48,35.63,4534959
2016-05-04 00:00:00+05:30,35.55,35.87,34.55,34.75,5203704
2016-05-05 00:00:00+05:30,34.81,35.21,34.57,34.74,7493508
2016-05-06 00:00:00+05:30,34.75,34.98,34.39,34.61,4345869
2016-05-09 00:00:00+05:30,34.69,35.18,34.56,34.92,7226010
2016-05-10 00:00:00+05:30,34.99,35.58,34.99,35.44,6585249
2016-05-11 00:00:00+05:30,35.03,35.38,34.7,35.07,2995509
2016-05-12 00:00:00+05:30,35.06,35.42,35.05,35.15,2950497
2016-05-13 00:00:00+05:30,35.12,35.14,34.73,34.82,3763254
2016-05-16 00:00:00+05:30,34.85,34.86,33.73,34.39,11061171
2016-05-17 00:00:00+05:30,34.55,34.85,34.09,34.32,7111038
2016-05-18 00:00:00+05:30,34.25,35.03,34.09,34.84,6377085
2016-05-19 00:00:00+05:30,34.85,34.9,33.71,33.87,5153676
2016-05-20 00:00:00+05:30,34.03,34.21,33.18,33.34,17118784
2016-05-23 00:00:00+05:30,33.51,34.09,33.1,33.29,5337123
2016-05-24 00:00:00+05:30,33.33,33.8,32.79,33.6,6896406
2016-05-25 00:00:00+05:30,33.67,34.13,33.42,33.61,9635175
2016-05-26 00:00:00+05:30,33.7,34.39,33.7,34.06,12716386
2016-05-27 00:00:00+05:30,34.36,36.52,34.36,35.85,27444188
2016-05-30 00:00:00+05:30,36.21,36.33,35.45,36.1,10446975
2016-05-31 00:00:00+05:30,36.24,36.24,35.61,35.7,4653825
2016-06-01 00:00:00+05:30,35.88,36.36,34.98,35.05,6768168
2016-06-02 00:00:00+05:30,35.21,35.42,34.74,35.29,3668346
2016-06-03 00:00:00+05:30,35.61,35.65,34.55,34.65,5763450
2016-06-06 00:00:00+05:30,34.76,36.18,34.76,35.95,13310683
2016-06-07 00:00:00+05:30,36.09,37.06,36.06,36.89,19364731
2016-06-08 00:00:00+05:30,37.27,39.4,37.27,39.07,41726622
2016-06-09 00:00:00+05:30,38.88,39.82,37.88,38.23,25260248
2016-06-10 00:00:00+05:30,38.33,39.21,38.03,38.35,15447862
2016-06-13 00:00:00+05:30,38.17,38.31,37.52,37.75,7603332
2016-06-14 00:00:00+05:30,37.97,38.24,37.31,37.68,7024908
2016-06-15 00:00:00+05:30,37.88,38.75,37.76,38.17,8456415
2016-06-16 00:00:00+05:30,38.39,38.87,38.12,38.46,13936792
2016-06-17 00:00:00+05:30,38.73,38.82,38.03,38.1,6652965
2016-06-20 00:00:00+05:30,37.91,39.44,37.73,38.93,14185579
2016-06-21 00:00:00+05:30,39.27,39.51,38.7,38.9,12154956
2016-06-22 00:00:00+05:30,38.88,39.06,37.94,38.32,8904258
2016-06-23 00:00:00+05:30,38.31,38.75,38.05,38.62,5525520
2016-06-24 00:00:00+05:30,36.42,38.09,35.76,37.82,10806411
2016-06-27 00:00:00+05:30,38.03,38.45,37.79,38.11,6742791
2016-06-28 00:00:00+05:30,38.16,38.4,37.7,37.85,10660155
2016-06-29 00:00:00+05:30,38.04,38.78,38.04,38.5,9329430
2016-06-30 00:00:00+05:30,38.79,39.0,38.21,38.4,10950225
2016-07-01 00:00:00+05:30,38.48,38.88,38.48,38.54,7899738
2016-07-04 00:00:00+05:30,38.78,39.08,38.52,38.62,10511523
2016-07-05 00:00:00+05:30,38.76,39.14,38.48,38.63,5635905
2016-07-07 00:00:00+05:30,39.03,39.06,38.33,38.48,5829021
2016-07-08 00:00:00+05:30,38.57,38.57,37.88,38.13,4411572
2016-07-11 00:00:00+05:30,38.36,38.7,38.05,38.12,6797505
2016-07-12 00:00:00+05:30,38.24,38.45,38.13,38.24,4329402
2016-07-13 00:00:00+05:30,38.33,38.72,37.6,37.77,8253366
2016-07-14 00:00:00+05:30,37.88,38.85,37.45,38.76,13721797
2016-07-15 00:00:00+05:30,38.84,38.97,37.85,37.96,10370745
2016-07-18 00:00:00+05:30,38.17,38.32,37.58,37.67,5091273
2016-07-19 00:00:00+05:30,37.82,38.16,37.34,37.62,5785461
2016-07-20 00:00:00+05:30,37.67,38.33,37.58,37.87,6440181
2016-07-21 00:00:00+05:30,37.91,38.24,37.45,37.5,8993292
2016-07-22 00:00:00+05:30,37.49,37.77,37.17,37.46,9319200
2016-07-25 00:00:00+05:30,37.5,37.94,37.15,37.69,8267259
2016-07-26 00:00:00+05:30,37.89,37.97,37.0,37.16,4663791
2016-07-27 00:00:00+05:30,37.27,37.52,36.7,36.94,6979368
2016-07-28 00:00:00+05:30,37.52,37.85,36.86,37.0,15301507
2016-07-29 00:00:00+05:30,37.09,37.6,37.03,37.45,10115787
2016-08-01 00:00:00+05:30,37.45,38.12,37.43,37.6,10576599
2016-08-02 00:00:00+05:30,38.03,38.06,37.27,37.56,9098661
2016-08-03 00:00:00+05:30,37.55,37.94,37.05,37.47,12184260
2016-08-04 00:00:00+05:30,37.69,37.72,37.18,37.3,4116882
2016-08-05 00:00:00+05:30,37.53,38.39,37.47,38.16,14064568
2016-08-08 00:00:00+05:30,37.58,37.94,37.18,37.65,15772879
2016-08-09 00:00:00+05:30,37.72,38.06,37.53,37.63,8674182
2016-08-10 00:00:00+05:30,37.64,37.79,37.27,37.33,5608812
2016-08-11 00:00:00+05:30,37.33,37.38,36.41,36.7,7988772
2016-08-12 00:00:00+05:30,36.82,37.33,36.68,37.23,3440019
2016-08-16 00:00:00+05:30,37.3,37.66,36.91,37.45,4589079
2016-08-17 00:00:00+05:30,37.52,37.83,37.34,37.59,4400286
2016-08-18 00:00:00+05:30,37.33,37.65,37.02,37.15,3674847
2016-08-19 00:00:00+05:30,37.27,37.57,37.13,37.26,2686464
2016-08-22 00:00:00+05:30,37.24,37.48,36.97,37.04,3929574
2016-08-23 00:00:00+05:30,37.07,37.1,36.74,36.99,4007025
2016-08-24 00:00:00+05:30,37.03,37.37,36.92,37.21,3262083
2016-08-25 00:00:00+05:30,37.18,37.32,36.39,36.54,6525288
2016-08-26 00:00:00+05:30,36.64,37.15,36.58,36.95,3269310
2016-08-29 00:00:00+05:30,37.0,37.24,36.67,36.82,2505591
2016-08-30 00:00:00+05:30,36.85,37.14,36.85,36.94,2959242
2016-08-31 00:00:00+05:30,37.08,37.67,36.74,36.98,5384808
2016-09-01 00:00:00+05:30,37.02,37.39,36.84,37.12,2819487
2016-09-02 00:00:00+05:30,37.12,37.36,36.74,36.94,3834435
2016-09-06 00:00:00+05:30,36.97,37.2,36.68,36.77,3371247
2016-09-07 00:00:00+05:30,37.09,37.09,36.52,36.67,7576635
2016-09-08 00:00:00+05:30,36.67,36.77,36.36,36.44,12228117
2016-09-09 00:00:00+05:30,36.55,36.91,36.55,36.7,5343129
2016-09-12 00:00:00+05:30,36.22,37.02,35.79,36.36,6735102
2016-09-14 00:00:00+05:30,36.48,36.48,36.06,36.13,4491300
2016-09-15 00:00:00+05:30,36.36,37.06,36.15,36.95,12278871
2016-09-16 00:00:00+05:30,37.18,37.39,36.53,36.72,11109549
2016-09-19 00:00:00+05:30,37.06,37.58,37.0,37.44,11196603
2016-09-20 00:00:00+05:30,37.64,37.99,37.35,37.51,14822677
2016-09-21 00:00:00+05:30,37.7,38.03,37.43,37.73,12498652
2016-09-22 00:00:00+05:30,38.15,38.18,37.76,38.07,12518683
2016-09-23 00:00:00+05:30,38.18,38.64,38.05,38.22,26270246
2016-09-26 00:00:00+05:30,37.97,38.64,37.88,38.34,26825240
2016-09-27 00:00:00+05:30,38.42,38.91,38.42,38.78,28611266
2016-09-28 00:00:00+05:30,39.03,39.03,38.7,38.82,13159708
2016-09-29 00:00:00+05:30,38.92,39.36,37.16,37.34,56855671
2016-09-30 00:00:00+05:30,37.69,38.01,37.34,37.72,12572671
2016-10-03 00:00:00+05:30,37.72,38.79,37.72,38.57,8482584
2016-10-04 00:00:00+05:30,38.87,38.87,38.26,38.48,5913831
2016-10-05 00:00:00+05:30,38.75,38.75,38.39,38.57,11828124
2016-10-06 00:00:00+05:30,38.61,38.95,38.35,38.55,11703417
2016-10-07 00:00:00+05:30,38.55,38.67,38.19,38.41,5227035
2016-10-10 00:00:00+05:30,38.63,38.64,37.97,38.0,5917692
2016-10-13 00:00:00+05:30,38.13,38.13,37.58,37.7,6919506
2016-10-14 00:00:00+05:30,37.82,38.63,37.61,38.47,11869308
2016-10-17 00:00:00+05:30,38.78,38.79,38.27,38.33,9585906
2016-10-18 00:00:00+05:30,38.39,38.93,38.04,38.84,13391038
2016-10-19 00:00:00+05:30,38.94,39.07,38.42,38.56,10091697
2016-10-20 00:00:00+05:30,38.55,38.82,38.49,38.66,5921520
2016-10-21 00:00:00+05:30,38.67,38.78,38.11,38.31,3518658
2016-10-24 00:00:00+05:30,38.57,38.79,38.31,38.44,3416358
2016-10-25 00:00:00+05:30,38.45,38.61,38.18,38.43,2114409
2016-10-26 00:00:00+05:30,38.43,38.48,38.03,38.17,2585253
2016-10-27 00:00:00+05:30,37.94,38.45,37.94,38.16,5722596
2016-10-28 00:00:00+05:30,39.39,40.23,38.91,39.43,41732628
2016-10-30 00:00:00+05:30,39.7,40.48,39.61,40.23,5835687
2016-11-01 00:00:00+05:30,40.3,40.72,40.0,40.31,16200724
2016-11-02 00:00:00+05:30,39.88,39.88,39.39,39.45,6853242
2016-11-03 00:00:00+05:30,39.48,40.13,39.43,39.56,9568119
2016-11-04 00:00:00+05:30,39.78,39.96,38.98,39.39,10960587
2016-11-07 00:00:00+05:30,39.73,40.12,39.36,39.45,5020323
2016-11-08 00:00:00+05:30,39.63,40.24,39.63,39.98,5196807
2016-11-09 00:00:00+05:30,38.45,39.8,36.49,39.5,11724603
2016-11-10 00:00:00+05:30,39.88,41.94,39.83,41.32,10143276
2016-11-11 00:00:00+05:30,40.82,41.16,39.37,39.46,6715071
2016-11-15 00:00:00+05:30,39.92,39.92,38.4,39.07,7809153
2016-11-16 00:00:00+05:30,39.64,40.12,38.86,39.59,7524561
2016-11-17 00:00:00+05:30,39.29,40.15,38.91,39.84,5736522
2016-11-18 00:00:00+05:30,39.61,39.97,39.41,39.63,8050416
2016-11-21 00:00:00+05:30,39.63,39.82,38.41,38.73,7109982
2016-11-22 00:00:00+05:30,38.94,39.65,38.63,39.4,7614024
2016-11-23 00:00:00+05:30,39.67,39.74,38.83,39.22,13912537
2016-11-24 00:00:00+05:30,38.91,39.82,38.85,39.35,9225579
2016-11-25 00:00:00+05:30,39.74,40.04,39.29,39.54,6715170
2016-11-28 00:00:00+05:30,39.36,42.27,39.36,41.97,27132635
2016-11-29 00:00:00+05:30,42.42,43.24,42.05,42.65,29433659
2016-11-30 00:00:00+05:30,42.65,43.79,42.6,43.61,21258601
2016-12-01 00:00:00+05:30,43.61,44.15,43.17,43.45,17914480
2016-12-02 00:00:00+05:30,43.5,44.09,42.8,43.0,10175220
2016-12-05 00:00:00+05:30,43.29,43.58,43.0,43.38,7455624
2016-12-06 00:00:00+05:30,43.76,44.76,43.48,44.15,19838347
2016-12-07 00:00:00+05:30,44.45,44.7,43.94,44.2,14647975
2016-12-08 00:00:00+05:30,45.07,45.62,44.3,44.86,15582832
2016-12-09 00:00:00+05:30,45.58,46.03,45.08,45.71,15616492
2016-12-12 00:00:00+05:30,45.45,46.21,45.05,45.63,10948938
2016-12-13 00:00:00+05:30,45.45,45.88,44.5,44.66,10120506
2016-12-14 00:00:00+05:30,44.77,45.09,43.06,43.18,11504262
2016-12-15 00:00:00+05:30,42.48,44.32,42.48,43.61,11336952
2016-12-16 00:00:00+05:30,43.91,44.09,43.4,43.79,6757773
2016-12-19 00:00:00+05:30,44.09,44.63,43.44,43.62,10815618
2016-12-20 00:00:00+05:30,43.85,43.97,42.67,42.79,7061934
2016-12-21 00:00:00+05:30,43.03,43.48,42.47,42.84,7208388
2016-12-22 00:00:00+05:30,42.82,42.85,41.58,42.25,11355597
2016-12-23 00:00:00+05:30,42.43,42.73,41.67,41.97,9659529
2016-12-26 00:00:00+05:30,42.12,42.21,40.78,41.1,6534099
2016-12-27 00:00:00+05:30,41.21,41.85,40.31,41.58,9690318
2016-12-28 00:00:00+05:30,41.82,41.97,40.94,41.18,6700254
2016-12-29 00:00:00+05:30,41.4,41.82,40.94,41.44,15370939
2016-12-30 00:00:00+05:30,41.74,42.23,41.48,41.67,12502348
2017-01-02 00:00:00+05:30,41.97,41.97,41.0,41.38,8992995
2017-01-03 00:00:00+05:30,41.58,43.2,41.42,43.13,20316220
2017-01-04 00:00:00+05:30,43.45,43.95,43.18,43.4,18360376
2017-01-05 00:00:00+05:30,43.64,44.0,43.09,43.39,7328706
2017-01-06 00:00:00+05:30,43.5,43.88,42.68,42.78,16340710
2017-01-09 00:00:00+05:30,42.92,45.61,42.46,44.07,31377260
2017-01-10 00:00:00+05:30,44.51,46.3,44.34,45.81,45535482
2017-01-11 00:00:00+05:30,46.76,46.92,46.02,46.29,28558070
2017-01-12 00:00:00+05:30,46.41,47.52,46.36,47.0,23395681
2017-01-13 00:00:00+05:30,47.12,47.18,46.06,46.32,10845780
2017-01-16 00:00:00+05:30,46.32,46.62,45.77,46.35,8161494
2017-01-17 00:00:00+05:30,46.72,46.79,45.67,45.9,6088005
2017-01-18 00:00:00+05:30,45.9,46.32,45.53,45.82,11967153
2017-01-19 00:00:00+05:30,45.91,46.12,44.92,45.15,13663024
2017-01-20 00:00:00+05:30,45.06,45.4,44.12,44.69,10197726
2017-01-23 00:00:00+05:30,44.85,46.06,44.62,45.89,14906035
2017-01-24 00:00:00+05:30,46.3,46.48,45.83,46.06,11601744
2017-01-25 00:00:00+05:30,46.39,46.45,45.75,45.89,12168948
2017-01-27 00:00:00+05:30,45.97,47.56,45.92,46.69,23096866
2017-01-30 00:00:00+05:30,48.18,49.24,47.75,48.03,63852431
2017-01-31 00:00:00+05:30,48.0,48.02,46.55,46.67,47114400
2017-02-01 00:00:00+05:30,46.96,47.69,46.76,47.53,25770494
2017-02-02 00:00:00+05:30,47.39,47.86,46.7,46.84,16414003
2017-02-03 00:00:00+05:30,46.85,47.56,46.52,46.8,15787498
2017-02-06 00:00:00+05:30,46.95,47.44,46.46,46.57,11405427
2017-02-07 00:00:00+05:30,46.67,47.65,46.67,47.43,18650083
2017-02-08 00:00:00+05:30,47.76,48.12,46.87,47.44,13352131
2017-02-09 00:00:00+05:30,47.78,47.92,47.12,47.4,11168817
2017-02-10 00:00:00+05:30,47.41,47.54,46.7,46.78,6972207
2017-02-13 00:00:00+05:30,46.97,47.0,45.97,46.26,7557297
2017-02-14 00:00:00+05:30,46.45,46.77,45.67,45.75,18594775
2017-02-15 00:00:00+05:30,46.14,46.75,46.09,46.2,23131219
2017-02-16 00:00:00+05:30,46.33,46.45,46.0,46.25,12281841
2017-02-17 00:00:00+05:30,46.49,46.88,46.09,46.29,7979565
2017-02-20 00:00:00+05:30,46.3,46.82,46.09,46.54,11227029
2017-02-21 00:00:00+05:30,46.67,47.58,46.52,47.28,11338899
2017-02-22 00:00:00+05:30,45.88,46.3,45.67,45.77,42311052
2017-02-23 00:00:00+05:30,45.7,46.78,45.47,45.62,44609304
2017-02-27 00:00:00+05:30,45.72,46.06,45.4,45.7,77749920
2017-02-28 00:00:00+05:30,45.77,46.18,45.77,45.93,25550054
2017-03-01 00:00:00+05:30,45.97,46.21,45.95,46.1,13325368
2017-03-02 00:00:00+05:30,46.11,46.42,45.45,45.56,12683551
2017-03-03 00:00:00+05:30,45.45,45.72,45.04,45.3,16429678
2017-03-06 00:00:00+05:30,45.45,46.48,45.45,46.37,15495250
2017-03-07 00:00:00+05:30,46.67,46.7,46.19,46.38,11109087
2017-03-08 00:00:00+05:30,46.42,46.46,45.76,46.1,8635242
2017-03-09 00:00:00+05:30,46.14,47.27,45.94,47.1,27252788
2017-03-10 00:00:00+05:30,47.27,47.66,46.97,47.5,23827618
2017-03-14 00:00:00+05:30,48.18,48.29,47.45,47.63,16393609
2017-03-15 00:00:00+05:30,47.72,48.24,47.43,47.57,12442189
2017-03-16 00:00:00+05:30,48.3,50.39,47.88,50.05,30188884
2017-03-17 00:00:00+05:30,50.29,50.45,48.73,48.97,20305568
2017-03-20 00:00:00+05:30,48.98,49.45,48.32,49.24,11478344
2017-03-21 00:00:00+05:30,49.24,49.36,47.55,48.33,14300868
2017-03-22 00:00:00+05:30,47.94,48.0,46.45,46.61,20921226
2017-03-23 00:00:00+05:30,46.89,47.79,46.59,47.64,10892575
2017-03-24 00:00:00+05:30,47.74,47.79,47.0,47.14,6134990
2017-03-27 00:00:00+05:30,47.12,48.48,46.83,48.12,15834467
2017-03-28 00:00:00+05:30,48.18,48.61,47.79,48.0,12604671
2017-03-29 00:00:00+05:30,48.15,48.15,46.98,47.17,10068647
2017-03-30 00:00:00+05:30,47.3,47.73,46.38,46.5,24407534
2017-03-31 00:00:00+05:30,46.67,47.77,46.42,47.5,17963399
2017-04-03 00:00:00+05:30,48.24,48.91,47.94,48.45,16554814
2017-04-05 00:00:00+05:30,48.64,49.06,48.55,48.89,14952532
2017-04-06 00:00:00+05:30,49.05,50.55,48.64,50.15,32088793
2017-04-07 00:00:00+05:30,49.98,51.3,49.7,50.8,24437495
2017-04-10 00:00:00+05:30,50.79,52.55,50.35,52.09,26679723
2017-04-11 00:00:00+05:30,52.42,53.94,52.42,53.52,28558575
2017-04-12 00:00:00+05:30,53.91,53.94,51.82,52.92,13919163
2017-04-13 00:00:00+05:30,53.02,53.02,51.06,51.5,14012514
2017-04-17 00:00:00+05:30,51.52,52.42,51.38,51.85,8772819
2017-04-18 00:00:00+05:30,52.21,53.76,51.7,52.09,12658524
2017-04-19 00:00:00+05:30,52.8,55.24,52.74,54.15,42584801
2017-04-20 00:00:00+05:30,54.59,55.3,53.64,53.97,25164772
2017-04-21 00:00:00+05:30,54.58,55.41,54.39,54.7,17237964
2017-04-24 00:00:00+05:30,55.0,55.53,54.7,55.08,8938535
2017-04-25 00:00:00+05:30,55.36,55.42,54.36,54.62,10220826
2017-04-26 00:00:00+05:30,54.68,55.03,53.7,54.48,10616305
2017-04-27 00:00:00+05:30,54.94,55.02,54.21,54.41,9521121
2017-04-28 00:00:00+05:30,54.97,55.91,54.7,55.44,14299026
2017-05-02 00:00:00+05:30,54.94,55.85,54.94,55.48,8068744
2017-05-03 00:00:00+05:30,55.64,55.74,53.91,54.2,11362963
2017-05-04 00:00:00+05:30,54.26,55.24,53.73,55.08,8101487
2017-05-05 00:00:00+05:30,54.56,55.11,54.18,54.39,11472866
2017-05-08 00:00:00+05:30,54.39,55.36,54.39,54.8,6032136
2017-05-09 00:00:00+05:30,54.8,55.18,54.56,54.92,5079928
2017-05-10 00:00:00+05:30,54.67,56.06,54.67,55.74,8149076
2017-05-11 00:00:00+05:30,56.29,56.64,54.86,55.08,15243902
2017-05-12 00:00:00+05:30,55.24,55.24,53.77,54.36,7175989
2017-05-15 00:00:00+05:30,54.55,54.83,54.18,54.53,5182043
2017-05-16 00:00:00+05:30,54.55,55.48,54.36,55.33,5923695
2017-05-17 00:00:00+05:30,55.44,55.59,54.39,54.56,6199492
2017-05-18 00:00:00+05:30,53.94,54.39,52.89,53.02,9948081
2017-05-19 00:00:00+05:30,53.33,53.74,51.82,52.76,9595325
2017-05-22 00:00:00+05:30,54.39,54.7,52.92,53.23,6467050
2017-05-23 00:00:00+05:30,53.32,53.48,51.59,52.14,6969455
2017-05-24 00:00:00+05:30,52.12,52.62,50.15,50.55,9802205
2017-05-25 00:00:00+05:30,51.23,52.61,50.61,52.12,13634990
2017-05-26 00:00:00+05:30,52.12,53.15,51.67,53.02,16167173
2017-05-29 00:00:00+05:30,53.33,53.42,51.86,52.29,8203582
2017-05-30 00:00:00+05:30,52.59,52.67,51.33,51.56,12844894
2017-05-31 00:00:00+05:30,52.11,53.0,51.68,52.32,13470013
2017-06-01 00:00:00+05:30,52.55,53.62,52.18,52.33,14179137
2017-06-02 00:00:00+05:30,52.73,53.05,52.02,52.15,9192975
2017-06-05 00:00:00+05:30,52.36,52.39,51.45,51.53,8791082
2017-06-06 00:00:00+05:30,51.71,52.33,51.11,51.26,10209973
2017-06-07 00:00:00+05:30,51.64,52.24,51.32,51.98,6827393
2017-06-08 00:00:00+05:30,52.36,52.39,51.23,51.32,10178610
2017-06-09 00:00:00+05:30,51.35,51.58,50.79,50.98,12007532
2017-06-12 00:00:00+05:30,51.18,51.42,50.03,50.18,13142733
2017-06-13 00:00:00+05:30,50.29,50.73,49.95,50.02,13319424
2017-06-14 00:00:00+05:30,50.03,51.03,50.03,50.3,17473392
2017-06-15 00:00:00+05:30,50.3,51.35,50.18,50.59,19151634
2017-06-16 00:00:00+05:30,50.67,51.58,50.67,51.44,22207563
2017-06-19 00:00:00+05:30,51.82,51.82,50.85,51.11,12413696
2017-06-20 00:00:00+05:30,51.44,51.44,50.77,50.86,6717635
2017-06-21 00:00:00+05:30,50.91,51.64,50.77,51.3,7135689
2017-06-22 00:00:00+05:30,51.5,51.5,50.08,50.42,9751797
2017-06-23 00:00:00+05:30,50.79,50.79,49.24,50.09,9145884
2017-06-27 00:00:00+05:30,50.21,50.23,47.8,48.65,9581484
2017-06-28 00:00:00+05:30,48.42,49.09,47.76,48.41,11784555
2017-06-29 00:00:00+05:30,48.68,49.24,48.23,48.48,7076104
2017-06-30 00:00:00+05:30,48.55,49.3,47.97,48.95,8591534
2017-07-03 00:00:00+05:30,49.32,49.64,48.8,49.21,10894997
2017-07-04 00:00:00+05:30,49.27,49.76,49.24,49.52,10296469
2017-07-05 00:00:00+05:30,49.48,51.56,49.26,51.39,14784671
2017-07-06 00:00:00+05:30,51.82,52.55,51.52,52.12,17489018
2017-07-07 00:00:00+05:30,51.91,52.09,50.94,51.58,10662974
2017-07-10 00:00:00+05:30,52.12,52.77,50.41,52.33,2300882
2017-07-11 00:00:00+05:30,52.68,53.11,51.58,51.85,17347774
2017-07-12 00:00:00+05:30,52.06,52.15,51.3,51.65,6511471
2017-07-13 00:00:00+05:30,52.21,52.61,51.94,52.45,8588640
2017-07-14 00:00:00+05:30,52.68,53.32,52.26,52.5,14834659
2017-07-17 00:00:00+05:30,52.56,53.32,52.55,53.0,5949296
2017-07-18 00:00:00+05:30,53.03,53.45,52.12,52.64,10553011
2017-07-19 00:00:00+05:30,52.73,52.91,52.12,52.62,4820290
2017-07-20 00:00:00+05:30,52.73,52.86,51.8,52.29,10397822
2017-07-21 00:00:00+05:30,52.32,52.59,51.36,51.97,7562363
2017-07-24 00:00:00+05:30,52.2,52.7,51.97,52.32,7285783
2017-07-25 00:00:00+05:30,52.5,52.56,51.8,52.32,9441366
2017-07-26 00:00:00+05:30,52.32,53.35,52.21,53.18,13393869
2017-07-27 00:00:00+05:30,53.62,54.39,53.39,53.77,37764929
2017-07-28 00:00:00+05:30,53.77,54.21,53.17,53.91,6569802
2017-07-31 00:00:00+05:30,54.23,54.33,53.52,54.17,16658913
2017-08-01 00:00:00+05:30,56.05,56.82,54.48,54.83,29153433
2017-08-02 00:00:00+05:30,55.44,55.44,54.85,55.17,14308900
2017-08-03 00:00:00+05:30,55.14,55.15,54.47,54.73,7276546
2017-08-04 00:00:00+05:30,54.36,54.67,53.91,54.23,8845142
2017-08-07 00:00:00+05:30,54.39,55.27,54.24,55.09,5944759
2017-08-08 00:00:00+05:30,55.0,55.7,54.33,55.11,10737772
2017-08-09 00:00:00+05:30,54.85,55.3,53.94,54.32,7223908
2017-08-10 00:00:00+05:30,54.06,54.06,51.52,51.74,12330223
2017-08-11 00:00:00+05:30,51.14,52.24,48.82,51.86,12930031
2017-08-14 00:00:00+05:30,52.2,53.92,51.73,53.41,5945438
2017-08-16 00:00:00+05:30,53.67,54.0,52.8,53.12,6269561
2017-08-17 00:00:00+05:30,52.98,56.03,52.92,55.5,26626623
2017-08-18 00:00:00+05:30,55.26,56.21,54.55,55.3,13600479
2017-08-21 00:00:00+05:30,55.44,56.58,53.95,54.27,19677743
2017-08-22 00:00:00+05:30,54.52,55.14,53.68,54.0,7591951
2017-08-23 00:00:00+05:30,54.45,55.61,54.0,55.47,10218767
2017-08-24 00:00:00+05:30,55.73,57.39,55.5,56.95,21204343
2017-08-28 00:00:00+05:30,57.65,57.97,57.03,57.23,14316998
2017-08-29 00:00:00+05:30,56.82,57.52,55.79,56.11,9450405
2017-08-30 00:00:00+05:30,56.48,58.58,56.48,58.14,16054207
2017-09-01 00:00:00+05:30,57.82,58.97,57.67,58.77,10242158
2017-09-04 00:00:00+05:30,58.76,58.88,57.53,58.09,9781610
2017-09-05 00:00:00+05:30,58.09,58.53,57.91,58.3,4331425
2017-09-06 00:00:00+05:30,57.64,59.24,57.64,58.64,7678727
2017-09-07 00:00:00+05:30,58.7,59.68,58.64,58.8,7797821
2017-09-08 00:00:00+05:30,59.0,59.15,56.79,57.02,10831125
2017-09-11 00:00:00+05:30,57.42,58.33,57.12,58.18,9218019
2017-09-12 00:00:00+05:30,58.58,60.0,58.42,59.86,20454626
2017-09-13 00:00:00+05:30,59.98,60.35,58.77,59.05,19274117
2017-09-14 00:00:00+05:30,59.05,59.32,57.18,57.64,21851546
2017-09-15 00:00:00+05:30,57.55,57.8,56.67,57.61,13158421
2017-09-18 00:00:00+05:30,58.06,58.86,57.61,58.44,8670193
2017-09-19 00:00:00+05:30,58.47,58.85,57.65,57.83,6527172
2017-09-20 00:00:00+05:30,58.18,58.39,57.61,58.02,3679827
2017-09-21 00:00:00+05:30,58.33,58.45,56.77,57.03,7126360
2017-09-22 00:00:00+05:30,56.85,56.85,54.55,54.82,7359891
2017-09-25 00:00:00+05:30,54.85,55.29,52.76,54.85,15014150
2017-09-26 00:00:00+05:30,54.86,55.73,54.68,55.32,11293224
2017-09-27 00:00:00+05:30,55.48,55.94,53.36,53.59,13886830
2017-09-28 00:00:00+05:30,55.33,55.52,54.03,54.52,16193742
2017-09-29 00:00:00+05:30,54.6,55.53,53.98,54.27,11087949
2017-10-03 00:00:00+05:30,54.67,54.9,53.42,54.5,12084912
2017-10-04 00:00:00+05:30,54.8,55.08,54.35,54.83,7194519
2017-10-05 00:00:00+05:30,55.2,55.28,54.48,54.58,5632314
2017-10-06 00:00:00+05:30,55.0,56.12,54.77,55.4,14234925
2017-10-09 00:00:00+05:30,55.67,55.73,54.88,55.43,8180193
2017-10-10 00:00:00+05:30,55.63,55.63,54.9,55.08,6092373
2017-10-11 00:00:00+05:30,55.43,55.8,55.15,55.3,11937174
2017-10-12 00:00:00+05:30,55.33,56.67,55.25,56.45,17344375
2017-10-13 00:00:00+05:30,56.65,57.47,56.2,57.0,7833861
2017-10-16 00:00:00+05:30,57.02,57.52,56.23,57.23,8306547
2017-10-17 00:00:00+05:30,57.2,57.2,56.67,56.95,3679266
2017-10-18 00:00:00+05:30,56.97,58.0,56.67,57.55,10262934
2017-10-19 00:00:00+05:30,57.95,57.95,57.18,57.43,1513617
2017-10-23 00:00:00+05:30,57.93,58.63,57.6,58.1,8494290
2017-10-24 00:00:00+05:30,58.0,58.58,57.68,58.33,4764408
2017-10-25 00:00:00+05:30,58.8,58.95,56.48,57.13,8386635
2017-10-26 00:00:00+05:30,57.13,57.93,56.42,56.62,10685091
2017-10-27 00:00:00+05:30,57.3,57.98,56.95,57.45,5783406
2017-10-30 00:00:00+05:30,57.85,58.92,57.68,58.5,7391871
2017-10-31 00:00:00+05:30,62.0,64.13,60.42,61.53,75144502
2017-11-01 00:00:00+05:30,61.98,62.33,61.57,61.93,14100363
2017-11-02 00:00:00+05:30,62.08,62.22,61.4,61.75,8766645
2017-11-03 00:00:00+05:30,61.97,61.97,60.77,61.0,7825704
2017-11-06 00:00:00+05:30,60.98,61.83,60.08,61.55,9703422
2017-11-07 00:00:00+05:30,62.0,62.5,59.13,60.18,13384689
2017-11-08 00:00:00+05:30,60.65,60.83,59.07,59.58,9024780
2017-11-09 00:00:00+05:30,59.8,61.67,59.63,61.43,8723295
2017-11-10 00:00:00+05:30,61.4,61.67,60.35,60.65,5964225
2017-11-13 00:00:00+05:30,60.83,60.98,59.47,59.65,6147795
2017-11-14 00:00:00+05:30,59.67,59.67,58.17,58.48,9238092
2017-11-15 00:00:00+05:30,58.43,59.53,58.05,58.82,9654879
2017-11-16 00:00:00+05:30,59.02,60.17,59.0,59.92,9771558
2017-11-17 00:00:00+05:30,60.33,60.83,59.37,59.57,10201404
2017-11-20 00:00:00+05:30,59.57,60.08,59.25,59.92,6510531
2017-11-21 00:00:00+05:30,60.03,60.08,59.03,59.15,9066429
2017-11-22 00:00:00+05:30,59.22,60.5,59.2,60.12,9406272
2017-11-23 00:00:00+05:30,60.72,62.63,60.72,62.37,31021162
2017-11-24 00:00:00+05:30,62.75,63.15,61.37,61.55,11278188
2017-11-27 00:00:00+05:30,61.63,62.5,60.7,62.1,7129203
2017-11-28 00:00:00+05:30,63.33,63.33,62.02,62.18,20069671
2017-11-29 00:00:00+05:30,62.42,64.47,62.33,63.0,26750221
2017-11-30 00:00:00+05:30,62.67,62.87,61.68,61.93,16002063
2017-12-01 00:00:00+05:30,62.27,62.97,61.27,61.5,10760892
2017-12-04 00:00:00+05:30,61.67,61.83,59.27,60.08,11866296
2017-12-05 00:00:00+05:30,59.67,60.85,58.78,60.7,11439243
2017-12-06 00:00:00+05:30,60.67,60.67,59.42,59.72,8780127
2017-12-07 00:00:00+05:30,59.67,61.38,59.57,61.1,4550679
2017-12-08 00:00:00+05:30,61.6,61.9,61.37,61.7,4826619
2017-12-11 00:00:00+05:30,61.87,62.47,60.77,61.13,4514526
2017-12-12 00:00:00+05:30,60.87,61.22,60.35,60.45,3302022
2017-12-13 00:00:00+05:30,60.33,60.98,59.85,60.22,4752969
2017-12-14 00:00:00+05:30,60.23,60.47,59.58,60.23,4593927
2017-12-15 00:00:00+05:30,60.42,61.23,59.73,59.98,8831664
2017-12-18 00:00:00+05:30,59.92,61.68,57.33,60.82,9356181
2017-12-19 00:00:00+05:30,60.83,61.83,60.83,61.37,6707226
2017-12-20 00:00:00+05:30,61.83,62.3,61.52,61.9,8328321
2017-12-21 00:00:00+05:30,61.7,62.27,61.28,61.5,4412676
2017-12-22 00:00:00+05:30,61.67,63.07,61.53,62.83,11938740
2017-12-26 00:00:00+05:30,63.1,63.15,62.0,62.18,9328047
2017-12-27 00:00:00+05:30,62.28,62.62,60.88,61.42,9960756
2017-12-28 00:00:00+05:30,61.42,61.65,60.27,60.52,23326453
2017-12-29 00:00:00+05:30,60.75,61.8,60.58,60.72,15759831
2018-01-01 00:00:00+05:30,61.0,61.3,60.4,60.48,8166816
2018-01-02 00:00:00+05:30,60.83,61.22,60.25,60.55,11789442
2018-01-03 00:00:00+05:30,60.67,61.2,60.27,60.33,8387208
2018-01-04 00:00:00+05:30,60.37,60.63,59.9,60.02,13893633
2018-01-05 00:00:00+05:30,60.33,61.17,60.27,60.77,10396050
2018-01-08 00:00:00+05:30,61.18,61.73,60.9,61.35,12205740
2018-01-09 00:00:00+05:30,61.67,61.67,60.78,60.85,7031151
2018-01-10 00:00:00+05:30,60.88,61.25,59.73,59.98,11870301
2018-01-11 00:00:00+05:30,60.03,60.33,59.5,59.67,11860599
2018-01-12 00:00:00+05:30,59.93,60.03,58.68,59.33,9999291
2018-01-15 00:00:00+05:30,59.5,60.0,59.27,59.53,8986140
2018-01-16 00:00:00+05:30,59.5,59.6,57.53,57.73,13604358
2018-01-17 00:00:00+05:30,57.67,58.93,55.67,58.68,14795268
2018-01-18 00:00:00+05:30,58.73,59.3,56.35,57.03,9535365
2018-01-19 00:00:00+05:30,57.25,57.8,56.7,57.58,5545041
2018-01-22 00:00:00+05:30,57.8,58.63,57.45,58.47,7885137
2018-01-23 00:00:00+05:30,58.67,59.05,57.93,58.23,13850478
2018-01-24 00:00:00+05:30,58.27,58.3,57.45,57.85,10449144
2018-01-25 00:00:00+05:30,59.43,59.83,58.47,58.97,45728054
2018-01-29 00:00:00+05:30,59.5,59.57,58.17,58.55,10870470
2018-01-30 00:00:00+05:30,58.98,59.32,58.33,59.0,10192740
2018-01-31 00:00:00+05:30,57.08,57.33,55.83,56.45,43235285
2018-02-01 00:00:00+05:30,56.67,57.07,53.7,53.85,41361116
2018-02-02 00:00:00+05:30,53.82,53.83,50.07,50.62,39743729
2018-02-05 00:00:00+05:30,50.0,50.6,48.8,50.0,57654585
2018-02-06 00:00:00+05:30,46.67,50.1,46.67,49.73,41933933
2018-02-07 00:00:00+05:30,51.08,53.2,50.87,52.62,53579586
2018-02-08 00:00:00+05:30,52.92,52.92,51.5,52.32,21077785
2018-02-09 00:00:00+05:30,51.0,52.6,51.0,52.1,8938587
2018-02-12 00:00:00+05:30,52.67,52.7,51.92,52.58,6431490
2018-02-14 00:00:00+05:30,53.3,54.22,52.93,53.53,15063036
2018-02-15 00:00:00+05:30,53.75,54.05,52.07,52.32,10960020
2018-02-16 00:00:00+05:30,52.77,52.77,51.22,51.9,7547409
2018-02-19 00:00:00+05:30,52.0,52.0,50.42,51.07,10100100
2018-02-20 00:00:00+05:30,51.03,51.4,50.67,51.25,8543745
2018-02-21 00:00:00+05:30,51.28,51.58,50.02,50.28,11911635
2018-02-22 00:00:00+05:30,50.08,50.42,48.45,48.85,24507505
2018-02-23 00:00:00+05:30,49.62,50.57,48.8,50.32,34034546
2018-02-26 00:00:00+05:30,50.98,52.25,50.77,51.73,19477393
2018-02-27 00:00:00+05:30,52.17,52.27,50.73,50.95,10397679
2018-02-28 00:00:00+05:30,50.83,51.73,50.38,51.45,6432813
2018-03-01 00:00:00+05:30,51.62,51.65,51.03,51.1,4595199
2018-03-05 00:00:00+05:30,50.97,52.4,50.47,51.85,9187710
2018-03-06 00:00:00+05:30,52.48,52.65,50.38,50.67,10445304
2018-03-07 00:00:00+05:30,50.5,50.53,49.05,49.45,7936389
2018-03-08 00:00:00+05:30,50.27,50.27,48.33,49.08,9916260
2018-03-09 00:00:00+05:30,49.58,50.45,49.12,49.48,9234141
2018-03-12 00:00:00+05:30,49.92,50.28,49.22,50.05,14156727
2018-03-13 00:00:00+05:30,50.0,50.73,49.87,50.52,12466362
2018-03-14 00:00:00+05:30,50.07,50.58,49.73,50.38,6788655
2018-03-15 00:00:00+05:30,50.35,51.43,50.0,50.43,9095664
2018-03-16 00:00:00+05:30,50.5,51.13,49.53,49.73,10796703
2018-03-19 00:00:00+05:30,49.77,49.9,48.83,49.52,6301965
2018-03-20 00:00:00+05:30,49.17,50.05,49.07,49.83,6695130
2018-03-21 00:00:00+05:30,50.0,50.67,49.33,49.45,7860561
2018-03-22 00:00:00+05:30,49.6,49.72,47.5,47.8,19364410
2018-03-23 00:00:00+05:30,46.97,47.05,46.02,46.65,24617191
2018-03-26 00:00:00+05:30,46.65,48.33,46.57,47.65,14150625
2018-03-27 00:00:00+05:30,48.02,48.17,47.5,47.68,8877729
2018-03-28 00:00:00+05:30,47.48,48.6,46.9,47.15,23399329
2018-04-02 00:00:00+05:30,47.6,48.45,47.37,48.25,7534800
2018-04-03 00:00:00+05:30,48.3,49.12,47.92,48.92,9860166
2018-04-04 00:00:00+05:30,49.1,49.58,47.67,47.92,11741064
2018-04-05 00:00:00+05:30,48.33,48.73,47.88,48.35,10456299
2018-04-06 00:00:00+05:30,48.35,48.8,47.85,48.27,5684175
2018-04-09 00:00:00+05:30,48.33,48.52,47.92,48.2,7065069
2018-04-10 00:00:00+05:30,48.33,48.98,48.22,48.5,6792945
2018-04-11 00:00:00+05:30,48.67,48.77,48.17,48.3,5636949
2018-04-12 00:00:00+05:30,48.83,49.72,48.63,49.1,13782747
2018-04-13 00:00:00+05:30,49.03,49.23,47.37,47.5,14176671
2018-04-16 00:00:00+05:30,47.7,47.73,46.23,46.35,17572879
2018-04-17 00:00:00+05:30,46.67,46.95,45.95,46.32,10461405
2018-04-18 00:00:00+05:30,46.63,46.83,46.1,46.23,13714419
2018-04-19 00:00:00+05:30,46.0,46.03,45.08,45.38,15710562
2018-04-20 00:00:00+05:30,44.65,44.78,43.5,44.1,24909217
2018-04-23 00:00:00+05:30,44.15,46.3,44.15,45.75,26176192
2018-04-24 00:00:00+05:30,46.03,46.18,45.1,45.27,9272688
2018-04-25 00:00:00+05:30,45.27,45.27,43.93,44.27,8935848
2018-04-26 00:00:00+05:30,44.3,44.48,43.53,43.68,15748587
2018-04-27 00:00:00+05:30,43.77,44.9,43.67,44.4,13382757
2018-04-30 00:00:00+05:30,43.85,44.32,43.6,43.73,13847460
2018-05-02 00:00:00+05:30,44.0,44.08,43.27,43.43,9106338
2018-05-03 00:00:00+05:30,43.33,43.48,42.3,42.97,14574378
2018-05-04 00:00:00+05:30,43.22,44.1,43.0,43.2,7078263
2018-05-07 00:00:00+05:30,43.3,43.98,42.78,43.77,7313223
2018-05-08 00:00:00+05:30,43.97,44.28,43.73,43.97,8788539
2018-05-09 00:00:00+05:30,43.93,44.25,43.83,44.12,6669102
2018-05-10 00:00:00+05:30,44.13,44.27,43.12,43.27,6999927
2018-05-11 00:00:00+05:30,43.33,43.53,42.5,42.62,7212126
2018-05-14 00:00:00+05:30,42.83,42.83,41.47,41.92,9882675
2018-05-15 00:00:00+05:30,41.37,42.62,39.77,40.07,37511738
2018-05-16 00:00:00+05:30,39.83,41.1,37.47,40.55,28314478
2018-05-17 00:00:00+05:30,40.6,42.25,39.52,41.8,22246567
2018-05-18 00:00:00+05:30,41.57,42.17,40.33,40.48,11526891
2018-05-21 00:00:00+05:30,40.0,40.5,38.92,39.1,9176997
2018-05-22 00:00:00+05:30,38.67,39.82,38.27,39.03,16655865
2018-05-23 00:00:00+05:30,38.95,39.57,38.7,38.93,8386623
2018-05-24 00:00:00+05:30,39.05,39.23,38.38,38.68,7425024
2018-05-25 00:00:00+05:30,38.8,39.73,38.52,39.48,8685510
2018-05-28 00:00:00+05:30,39.67,41.8,39.58,41.2,21852889
2018-05-29 00:00:00+05:30,41.17,41.52,40.67,40.93,13140726
2018-05-30 00:00:00+05:30,39.47,40.07,38.9,39.82,25204606
2018-05-31 00:00:00+05:30,39.97,39.97,37.95,38.13,27125461
2018-06-01 00:00:00+05:30,38.0,38.57,36.73,37.13,20689939
2018-06-04 00:00:00+05:30,37.33,38.13,36.67,37.37,24504604
2018-06-05 00:00:00+05:30,37.38,38.12,37.0,37.67,17626573
2018-06-06 00:00:00+05:30,37.67,38.97,37.58,38.73,19982230
2018-06-07 00:00:00+05:30,39.9,40.75,38.75,40.57,32471314
2018-06-08 00:00:00+05:30,39.83,40.22,39.33,39.52,10464249
2018-06-11 00:00:00+05:30,39.43,40.4,39.43,39.65,6191661
2018-06-12 00:00:00+05:30,39.6,40.62,39.5,40.47,10322559
2018-06-13 00:00:00+05:30,40.67,40.75,39.5,39.73,8779887
2018-06-14 00:00:00+05:30,39.58,39.65,38.48,38.72,11821971
2018-06-15 00:00:00+05:30,38.83,39.7,38.47,38.95,21030121
2018-06-18 00:00:00+05:30,38.98,39.13,37.8,38.1,9619353
2018-06-19 00:00:00+05:30,37.98,38.4,37.58,37.82,10429416
2018-06-20 00:00:00+05:30,37.73,38.07,37.03,37.25,10259367
2018-06-21 00:00:00+05:30,37.47,37.47,36.02,36.45,16149600
2018-06-22 00:00:00+05:30,36.43,36.77,35.73,36.57,17661148
2018-06-25 00:00:00+05:30,36.48,37.0,35.78,36.47,18864451
2018-06-26 00:00:00+05:30,36.3,36.4,35.08,35.33,19411378
2018-06-27 00:00:00+05:30,35.33,35.33,33.93,34.8,26922589
2018-06-28 00:00:00+05:30,34.42,35.17,33.77,34.58,24051937
2018-06-29 00:00:00+05:30,34.88,36.43,34.8,36.22,19270501
2018-07-02 00:00:00+05:30,36.28,36.28,34.6,35.2,18396412
2018-07-03 00:00:00+05:30,35.0,35.95,34.77,35.82,18868144
2018-07-04 00:00:00+05:30,35.62,35.75,34.62,34.78,13058145
2018-07-05 00:00:00+05:30,34.77,35.22,34.0,34.08,10440048
2018-07-06 00:00:00+05:30,34.17,37.42,34.1,36.93,53028900
2018-07-09 00:00:00+05:30,37.23,37.53,35.68,35.92,22921558
2018-07-10 00:00:00+05:30,36.17,37.72,35.93,37.6,26831131
2018-07-11 00:00:00+05:30,37.67,37.73,35.9,36.1,23040109
2018-07-12 00:00:00+05:30,36.33,36.92,35.03,35.33,17688439
2018-07-13 00:00:00+05:30,35.8,36.23,34.25,34.6,21314029
2018-07-16 00:00:00+05:30,34.72,35.03,33.5,33.67,15895158
2018-07-17 00:00:00+05:30,34.07,34.82,33.6,34.68,24264598
2018-07-18 00:00:00+05:30,34.73,35.02,33.0,33.18,24044446
2018-07-19 00:00:00+05:30,33.3,33.73,32.23,32.63,19658437
2018-07-20 00:00:00+05:30,32.8,34.73,32.58,34.55,27581041
2018-07-23 00:00:00+05:30,34.4,34.8,33.38,34.27,16157148
2018-07-24 00:00:00+05:30,34.28,35.85,34.15,35.63,22493089
2018-07-25 00:00:00+05:30,35.5,35.5,33.52,33.67,31127566
2018-07-26 00:00:00+05:30,33.78,34.17,33.25,33.4,32172805
2018-07-27 00:00:00+05:30,33.63,34.38,33.47,34.17,17262076
2018-07-30 00:00:00+05:30,34.33,36.27,34.22,35.93,42168245
2018-07-31 00:00:00+05:30,36.13,39.88,35.73,38.78,77121658
2018-08-01 00:00:00+05:30,39.57,40.63,38.83,39.03,80280805
2018-08-02 00:00:00+05:30,39.0,39.62,38.0,38.95,22892569
2018-08-03 00:00:00+05:30,39.0,40.18,38.87,39.83,28213678
2018-08-06 00:00:00+05:30,40.03,40.2,39.33,39.83,29598679
2018-08-07 00:00:00+05:30,39.6,39.8,38.68,38.83,13025202
2018-08-08 00:00:00+05:30,38.87,40.6,38.37,40.32,40606016
2018-08-09 00:00:00+05:30,40.67,41.03,39.72,40.4,38338103
2018-08-10 00:00:00+05:30,40.48,41.47,39.93,40.38,43808429
2018-08-13 00:00:00+05:30,40.22,40.23,38.83,39.12,14906724
2018-08-14 00:00:00+05:30,38.88,39.4,37.77,39.2,28673467
2018-08-16 00:00:00+05:30,39.0,39.43,38.1,38.28,14290698
2018-08-17 00:00:00+05:30,38.57,39.47,38.37,39.18,11741781
2018-08-20 00:00:00+05:30,39.07,39.5,38.82,39.15,9578118
2018-08-21 00:00:00+05:30,39.33,40.17,39.18,39.53,14753664
2018-08-23 00:00:00+05:30,39.53,39.6,38.67,38.73,13224216
2018-08-24 00:00:00+05:30,38.67,39.32,38.4,39.17,10920258
2018-08-27 00:00:00+05:30,39.33,39.63,38.77,38.92,15681402
2018-08-28 00:00:00+05:30,39.07,39.15,38.33,38.37,8750094
2018-08-29 00:00:00+05:30,38.4,38.85,38.17,38.27,8680368
2018-08-30 00:00:00+05:30,38.33,38.57,37.93,38.07,12692523
2018-08-31 00:00:00+05:30,38.07,39.13,37.68,37.83,29239141
2018-09-03 00:00:00+05:30,38.08,38.5,37.33,37.48,23274778
2018-09-04 00:00:00+05:30,37.8,37.8,35.83,36.38,20666518
2018-09-05 00:00:00+05:30,36.47,36.47,29.83,31.48,435838660
2018-09-06 00:00:00+05:30,31.57,31.62,29.87,30.42,144894596
2018-09-07 00:00:00+05:30,30.33,31.25,30.03,30.62,64860564
2018-09-10 00:00:00+05:30,30.62,31.03,30.22,30.32,32605426
2018-09-11 00:00:00+05:30,30.47,30.63,29.38,29.5,47399024
2018-09-12 00:00:00+05:30,29.5,29.53,28.42,29.22,56999532
2018-09-14 00:00:00+05:30,29.37,29.83,29.37,29.6,22618240
2018-09-17 00:00:00+05:30,29.58,29.6,28.93,29.03,22569124
2018-09-18 00:00:00+05:30,29.03,29.18,27.9,28.0,33779471
2018-09-19 00:00:00+05:30,28.25,28.3,27.43,27.53,23632948
2018-09-21 00:00:00+05:30,27.77,27.88,24.83,26.72,37031126
2018-09-24 00:00:00+05:30,26.87,26.97,25.73,25.9,21786214
2018-09-25 00:00:00+05:30,25.7,26.13,24.75,25.4,26192305
2018-09-26 00:00:00+05:30,26.23,28.77,26.08,28.07,142002335
2018-09-27 00:00:00+05:30,28.33,28.65,27.17,27.35,45255257
2018-09-28 00:00:00+05:30,27.53,27.77,26.28,26.77,22137961
2018-10-01 00:00:00+05:30,26.85,27.95,26.03,27.57,29322091
2018-10-03 00:00:00+05:30,27.58,28.25,27.05,27.8,30933706
2018-10-04 00:00:00+05:30,27.38,27.83,26.83,27.42,24482434
2018-10-05 00:00:00+05:30,27.33,27.75,26.53,26.87,20945434
2018-10-08 00:00:00+05:30,26.33,26.58,25.07,25.72,29928748
2018-10-09 00:00:00+05:30,25.72,26.25,24.93,25.3,28296094
2018-10-10 00:00:00+05:30,25.67,27.27,25.55,27.15,26090593
2018-10-11 00:00:00+05:30,26.17,28.83,25.9,28.3,42896798
2018-10-12 00:00:00+05:30,28.67,29.13,28.27,28.52,23021737
2018-10-15 00:00:00+05:30,28.82,29.37,28.1,29.08,17167396
2018-10-16 00:00:00+05:30,29.18,29.5,28.92,29.33,13062003
2018-10-17 00:00:00+05:30,29.53,29.75,28.28,28.5,11772090
2018-10-19 00:00:00+05:30,28.3,28.73,27.4,27.7,22909693
2018-10-22 00:00:00+05:30,27.97,28.67,27.58,28.23,18668122
2018-10-23 00:00:00+05:30,28.12,29.17,28.03,29.02,21949756
2018-10-24 00:00:00+05:30,29.33,29.47,28.0,28.23,20489005
2018-10-25 00:00:00+05:30,27.93,28.4,27.33,27.78,27339910
2018-10-26 00:00:00+05:30,27.73,30.33,27.18,29.42,72418198
2018-10-29 00:00:00+05:30,29.67,30.33,28.68,28.8,39264530
2018-10-30 00:00:00+05:30,28.8,30.33,28.8,29.95,53536698
2018-10-31 00:00:00+05:30,29.67,31.13,29.67,31.02,34635971
2018-11-01 00:00:00+05:30,31.12,32.83,31.07,32.5,58131717
2018-11-02 00:00:00+05:30,32.77,32.97,31.52,31.67,20519662
2018-11-05 00:00:00+05:30,31.68,32.23,31.02,31.7,12621051
2018-11-06 00:00:00+05:30,31.92,32.25,31.57,31.75,12935340
2018-11-07 00:00:00+05:30,31.98,31.98,31.72,31.82,1471155
2018-11-09 00:00:00+05:30,31.83,33.08,31.77,32.88,26676958
2018-11-12 00:00:00+05:30,32.9,33.1,31.5,31.68,13179546
2018-11-13 00:00:00+05:30,31.67,31.77,30.9,31.53,11296545
2018-11-14 00:00:00+05:30,31.82,32.65,31.4,31.93,16517217
2018-11-15 00:00:00+05:30,31.9,32.48,31.35,32.23,8838150
2018-11-16 00:00:00+05:30,32.33,32.35,30.53,30.95,17977204
2018-11-19 00:00:00+05:30,31.0,31.5,30.8,31.3,10805367
2018-11-20 00:00:00+05:30,31.32,32.0,30.77,30.97,21194665
2018-11-21 00:00:00+05:30,31.15,31.72,30.77,31.42,10910604
2018-11-22 00:00:00+05:30,31.43,31.58,31.07,31.25,10296039
2018-11-26 00:00:00+05:30,31.6,32.05,31.03,31.97,20503504
2018-11-27 00:00:00+05:30,31.67,31.83,30.87,31.05,13761777
2018-11-28 00:00:00+05:30,31.22,31.33,29.42,29.57,29465752
2018-11-29 00:00:00+05:30,29.67,29.73,27.83,28.27,80182456
2018-11-30 00:00:00+05:30,28.25,28.47,27.58,27.75,35208716
2018-12-03 00:00:00+05:30,28.05,28.82,27.47,28.4,30724906
2018-12-04 00:00:00+05:30,28.33,28.8,27.83,27.97,14637795
2018-12-05 00:00:00+05:30,27.68,27.97,27.0,27.57,16503828
2018-12-06 00:00:00+05:30,27.18,28.0,27.17,27.27,21612814
2018-12-07 00:00:00+05:30,27.43,27.52,26.67,26.7,21818305
2018-12-10 00:00:00+05:30,26.03,26.77,25.6,25.88,60029286
2018-12-11 00:00:00+05:30,25.5,26.6,25.0,26.25,49626950
2018-12-12 00:00:00+05:30,26.47,27.3,26.42,26.73,24321091
2018-12-13 00:00:00+05:30,27.03,28.38,26.88,28.13,51720447
2018-12-14 00:00:00+05:30,28.3,28.3,27.08,27.47,29710963
2018-12-17 00:00:00+05:30,27.6,28.17,27.58,27.92,24032521
2018-12-18 00:00:00+05:30,27.77,28.2,27.62,28.12,26882104
2018-12-19 00:00:00+05:30,28.22,29.1,28.13,28.88,35638598
2018-12-20 00:00:00+05:30,28.62,30.32,28.47,30.1,62658465
2018-12-21 00:00:00+05:30,30.38,31.6,29.33,29.47,113350506
2018-12-24 00:00:00+05:30,29.47,29.78,29.07,29.32,33134254
2018-12-26 00:00:00+05:30,29.25,29.83,28.42,29.57,37833788
2018-12-27 00:00:00+05:30,30.08,30.17,28.55,28.72,74696950
2018-12-28 00:00:00+05:30,29.0,29.42,28.87,29.3,22391713
2018-12-31 00:00:00+05:30,28.8,29.9,28.77,29.32,31537270
2019-01-01 00:00:00+05:30,29.47,29.58,29.03,29.15,10478028
2019-01-02 00:00:00+05:30,29.08,30.08,28.92,29.9,30694162
2019-01-03 00:00:00+05:30,30.03,30.28,29.45,29.6,39807893
2019-01-04 00:00:00+05:30,29.63,30.72,29.5,30.62,34527272
2019-01-07 00:00:00+05:30,30.83,31.07,30.35,30.47,24057508
2019-01-08 00:00:00+05:30,30.5,30.62,30.02,30.28,14104692
2019-01-09 00:00:00+05:30,30.37,30.95,30.07,30.78,18285610
2019-01-10 00:00:00+05:30,30.63,31.0,30.5,30.8,17549422
2019-01-11 00:00:00+05:30,30.87,30.97,30.58,30.68,22185703
2019-01-14 00:00:00+05:30,30.63,30.85,29.9,30.53,15934200
2019-01-15 00:00:00+05:30,30.67,30.72,29.92,30.07,22043668
2019-01-16 00:00:00+05:30,30.17,30.42,29.47,29.63,17562355
2019-01-17 00:00:00+05:30,29.73,29.8,28.9,29.07,23812969
2019-01-18 00:00:00+05:30,29.3,29.42,28.68,28.78,11667606
2019-01-21 00:00:00+05:30,28.97,29.2,28.57,28.83,9151740
2019-01-22 00:00:00+05:30,28.98,29.13,28.12,28.38,19554853
2019-01-23 00:00:00+05:30,28.47,28.58,27.87,27.97,11639016
2019-01-24 00:00:00+05:30,27.98,28.1,27.47,27.6,13418628
2019-01-25 00:00:00+05:30,27.73,28.0,26.68,26.78,17708479
2019-01-28 00:00:00+05:30,26.78,27.03,26.35,26.57,13648203
2019-01-29 00:00:00+05:30,26.65,27.47,26.53,27.28,26089252
2019-01-30 00:00:00+05:30,27.45,28.22,27.33,28.0,23315920
2019-01-31 00:00:00+05:30,29.2,29.33,27.78,27.88,87060932
2019-02-01 00:00:00+05:30,28.05,28.73,27.75,28.2,29213257
2019-02-04 00:00:00+05:30,28.17,28.17,27.22,27.6,11287905
2019-02-05 00:00:00+05:30,27.2,27.73,26.42,26.6,15855786
2019-02-06 00:00:00+05:30,26.67,27.4,26.1,27.3,18884962
2019-02-07 00:00:00+05:30,27.33,27.67,26.85,27.22,16189332
2019-02-08 00:00:00+05:30,27.05,27.28,26.5,26.67,10374135
2019-02-11 00:00:00+05:30,26.62,26.63,25.3,25.58,24270604
2019-02-12 00:00:00+05:30,25.62,26.65,25.38,25.9,26343553
2019-02-13 00:00:00+05:30,26.05,26.28,24.6,24.83,27244444
2019-02-14 00:00:00+05:30,25.03,25.48,24.17,24.83,53580393
2019-02-15 00:00:00+05:30,25.0,25.42,24.72,25.03,30063424
2019-02-18 00:00:00+05:30,25.18,25.43,24.95,25.1,12307260
2019-02-19 00:00:00+05:30,25.17,25.67,25.05,25.33,17095687
2019-02-20 00:00:00+05:30,25.93,26.25,25.43,25.83,37576565
2019-02-21 00:00:00+05:30,25.73,25.98,25.35,25.82,14611077
2019-02-22 00:00:00+05:30,26.27,26.42,26.0,26.18,31188136
2019-02-25 00:00:00+05:30,26.18,27.1,25.7,26.97,66028143
2019-02-26 00:00:00+05:30,26.5,26.85,25.8,26.57,45772247
2019-02-27 00:00:00+05:30,26.67,27.58,26.57,26.88,42834911
2019-02-28 00:00:00+05:30,27.0,27.73,26.68,27.5,71638558
2019-03-01 00:00:00+05:30,27.67,28.43,27.67,28.33,34016798
2019-03-05 00:00:00+05:30,28.6,30.38,28.38,30.05,59932656
2019-03-06 00:00:00+05:30,30.28,31.3,30.02,30.7,51195624
2019-03-07 00:00:00+05:30,30.92,30.92,29.63,29.78,34017737
2019-03-08 00:00:00+05:30,29.33,29.67,28.93,29.07,36310508
2019-03-11 00:00:00+05:30,29.25,30.67,29.1,30.55,42558605
2019-03-12 00:00:00+05:30,30.73,31.23,30.23,30.4,45229079
2019-03-13 00:00:00+05:30,30.43,31.45,29.32,31.2,63010851
2019-03-14 00:00:00+05:30,31.5,31.57,30.38,31.07,45891695
2019-03-15 00:00:00+05:30,31.02,31.82,30.78,31.65,63556008
2019-03-18 00:00:00+05:30,31.87,32.05,31.13,31.45,35936861
2019-03-19 00:00:00+05:30,31.48,32.33,31.15,32.23,48370727
2019-03-20 00:00:00+05:30,32.22,32.55,31.02,31.17,54651849
2019-03-22 00:00:00+05:30,31.33,31.47,30.18,30.35,41619887
2019-03-25 00:00:00+05:30,30.17,31.03,30.0,30.6,30160204
2019-03-26 00:00:00+05:30,30.75,31.08,30.57,30.8,20409298
2019-03-27 00:00:00+05:30,30.97,31.4,30.52,30.7,27294355
2019-03-28 00:00:00+05:30,30.97,31.07,30.55,30.82,49917380
2019-03-29 00:00:00+05:30,31.58,32.03,31.0,31.08,74227489
2019-04-01 00:00:00+05:30,31.27,32.52,30.95,31.97,65733303
2019-04-02 00:00:00+05:30,32.13,33.93,32.02,33.62,106871760
2019-04-03 00:00:00+05:30,34.02,34.07,32.25,32.42,61986714
2019-04-04 00:00:00+05:30,32.43,33.0,32.03,32.45,37349864
2019-04-05 00:00:00+05:30,32.72,32.78,32.1,32.27,20317582
2019-04-08 00:00:00+05:30,32.3,32.48,31.48,31.67,20624224
2019-04-09 00:00:00+05:30,31.72,32.12,31.07,31.93,27228856
2019-04-10 00:00:00+05:30,31.85,32.27,31.63,31.85,21749290
2019-04-11 00:00:00+05:30,31.8,31.83,30.97,31.1,53425365
2019-04-12 00:00:00+05:30,31.18,31.4,30.67,31.32,41529548
2019-04-15 00:00:00+05:30,31.55,31.92,31.35,31.67,20654935
2019-04-16 00:00:00+05:30,31.68,31.88,31.3,31.38,13209351
2019-04-18 00:00:00+05:30,31.38,31.52,30.72,30.83,16277727
2019-04-22 00:00:00+05:30,30.63,30.63,29.53,29.8,22971247
2019-04-23 00:00:00+05:30,29.77,29.95,29.3,29.47,24354745
2019-04-24 00:00:00+05:30,29.5,29.73,29.17,29.47,20413534
2019-04-25 00:00:00+05:30,29.52,29.87,28.88,29.02,48818153
2019-04-26 00:00:00+05:30,29.17,29.52,28.85,29.38,21338170
2019-04-30 00:00:00+05:30,29.33,29.42,28.43,29.05,22789726
2019-05-02 00:00:00+05:30,28.93,29.75,28.75,29.42,24345007
2019-05-03 00:00:00+05:30,29.42,29.77,29.17,29.48,26423518
2019-05-06 00:00:00+05:30,29.22,29.48,29.07,29.42,11389035
2019-05-07 00:00:00+05:30,29.67,29.78,28.82,28.9,18255919
2019-05-08 00:00:00+05:30,28.9,29.1,28.53,28.97,15589908
2019-05-09 00:00:00+05:30,28.95,30.37,28.75,29.98,29622103
2019-05-10 00:00:00+05:30,30.03,30.25,29.6,29.9,20809258
2019-05-13 00:00:00+05:30,29.9,30.17,28.8,28.97,18117832
2019-05-14 00:00:00+05:30,28.97,29.93,28.67,29.7,17664835
2019-05-15 00:00:00+05:30,29.7,29.93,29.52,29.67,14422137
2019-05-16 00:00:00+05:30,29.83,29.88,28.88,29.75,12642906
2019-05-17 00:00:00+05:30,29.67,30.8,29.55,30.65,20954695
2019-05-20 00:00:00+05:30,31.7,33.37,31.7,33.1,51849141
2019-05-21 00:00:00+05:30,33.3,33.3,31.85,32.32,25111282
2019-05-22 00:00:00+05:30,32.67,34.08,32.27,33.7,45689828
2019-05-23 00:00:00+05:30,34.67,35.88,33.78,34.22,77956993
2019-05-24 00:00:00+05:30,34.37,37.5,34.33,37.27,108593052
2019-05-27 00:00:00+05:30,37.17,39.25,36.48,37.67,68298937
2019-05-28 00:00:00+05:30,37.65,38.23,37.18,37.58,35917175
2019-05-29 00:00:00+05:30,37.77,37.88,36.67,37.4,32644273
2019-05-30 00:00:00+05:30,38.67,38.67,37.12,37.8,105093195
2019-05-31 00:00:00+05:30,37.95,38.32,36.55,37.22,49922294
2019-06-03 00:00:00+05:30,37.33,37.57,36.88,37.07,31057966
2019-06-04 00:00:00+05:30,36.93,38.07,36.93,37.72,28189441
2019-06-06 00:00:00+05:30,37.67,37.72,35.4,35.62,41677019
2019-06-07 00:00:00+05:30,35.9,36.67,34.98,36.1,39082832
2019-06-10 00:00:00+05:30,36.18,36.5,35.45,35.9,15825306
2019-06-11 00:00:00+05:30,36.02,37.05,35.85,36.82,23772856
2019-06-12 00:00:00+05:30,36.67,36.97,35.58,35.67,20186848
2019-06-13 00:00:00+05:30,35.75,36.75,35.73,36.68,18529366
2019-06-14 00:00:00+05:30,36.58,37.2,36.28,36.93,24943609
2019-06-17 00:00:00+05:30,37.0,37.42,36.15,36.33,32924068
2019-06-18 00:00:00+05:30,36.45,36.9,36.25,36.6,23424802
2019-06-19 00:00:00+05:30,36.85,37.33,35.35,35.87,32430931
2019-06-20 00:00:00+05:30,36.0,36.98,35.88,36.87,16063953
2019-06-21 00:00:00+05:30,36.92,37.77,36.32,37.17,33804485
2019-06-24 00:00:00+05:30,37.28,38.4,37.17,38.25,42151769
2019-06-25 00:00:00+05:30,38.32,38.43,37.55,37.97,33003268
2019-06-26 00:00:00+05:30,37.95,38.45,37.83,38.13,21223507
2019-06-27 00:00:00+05:30,38.5,38.87,38.2,38.32,51050247
2019-06-28 00:00:00+05:30,38.33,38.7,37.23,37.5,20912470
2019-07-01 00:00:00+05:30,37.75,38.48,36.6,36.95,33367894
2019-07-02 00:00:00+05:30,37.0,37.62,37.0,37.37,14009295
2019-07-03 00:00:00+05:30,37.57,37.95,36.97,37.7,25226941
2019-07-04 00:00:00+05:30,37.73,38.15,37.45,37.87,12187362
2019-07-05 00:00:00+05:30,38.08,38.25,35.73,36.13,30916249
2019-07-08 00:00:00+05:30,36.03,36.58,33.58,33.73,53678787
2019-07-09 00:00:00+05:30,33.67,36.03,33.33,35.78,71879167
2019-07-10 00:00:00+05:30,35.82,35.82,34.43,34.62,24602506
2019-07-11 00:00:00+05:30,34.83,35.73,34.38,35.6,28447612
2019-07-12 00:00:00+05:30,35.47,35.7,34.77,35.35,58318254
2019-07-15 00:00:00+05:30,35.25,35.25,33.73,34.28,30095893
2019-07-16 00:00:00+05:30,34.3,35.07,34.17,34.35,23451319
2019-07-17 00:00:00+05:30,34.5,34.8,34.03,34.43,16754862
2019-07-18 00:00:00+05:30,34.6,34.63,31.97,32.18,43257155
2019-07-19 00:00:00+05:30,32.5,33.32,31.27,32.85,63753270
2019-07-22 00:00:00+05:30,32.8,33.92,31.93,33.5,41161550
2019-07-23 00:00:00+05:30,33.65,34.13,32.75,32.95,30391387
2019-07-24 00:00:00+05:30,33.05,33.4,31.95,32.53,24861370
2019-07-25 00:00:00+05:30,32.73,33.42,32.4,33.05,40596893
2019-07-26 00:00:00+05:30,33.3,33.3,32.62,32.88,21059482
2019-07-29 00:00:00+05:30,32.68,32.77,30.72,30.92,41593820
2019-07-30 00:00:00+05:30,31.13,33.47,31.08,32.8,114516864
2019-07-31 00:00:00+05:30,32.47,34.5,32.33,34.23,68598415
2019-08-01 00:00:00+05:30,33.78,33.93,32.23,32.92,38784584
2019-08-02 00:00:00+05:30,32.33,32.88,31.42,31.78,41095088
2019-08-05 00:00:00+05:30,31.65,31.65,30.4,30.83,70443661
2019-08-06 00:00:00+05:30,30.8,32.57,30.8,32.32,42197174
2019-08-07 00:00:00+05:30,32.3,32.8,31.4,31.62,33700073
2019-08-08 00:00:00+05:30,31.73,32.47,31.17,32.33,31400161
2019-08-09 00:00:00+05:30,32.25,32.97,32.17,32.55,17455609
2019-08-13 00:00:00+05:30,32.55,32.82,31.13,31.42,22317751
2019-08-14 00:00:00+05:30,31.33,32.0,30.7,31.68,21367105
2019-08-16 00:00:00+05:30,31.68,32.17,31.35,32.03,16438485
2019-08-19 00:00:00+05:30,32.13,32.8,31.8,32.62,20751877
2019-08-20 00:00:00+05:30,32.3,32.45,30.67,31.12,27155041
2019-08-21 00:00:00+05:30,31.2,31.77,30.5,30.65,25750648
2019-08-22 00:00:00+05:30,30.95,31.4,30.7,31.1,35013809
2019-08-23 00:00:00+05:30,31.27,33.65,30.93,33.3,51949134
2019-08-26 00:00:00+05:30,33.98,35.0,33.4,34.07,51918063
2019-08-27 00:00:00+05:30,34.0,34.93,33.92,34.55,27645472
2019-08-28 00:00:00+05:30,34.4,34.85,34.25,34.57,26066440
2019-08-29 00:00:00+05:30,34.42,35.45,33.58,34.9,60333252
2019-08-30 00:00:00+05:30,34.67,35.0,33.55,34.3,26464309
2019-09-03 00:00:00+05:30,33.75,34.6,33.47,33.62,20432800
2019-09-04 00:00:00+05:30,33.63,35.73,33.63,35.5,51820023
2019-09-05 00:00:00+05:30,35.67,36.48,35.4,35.95,46413761
2019-09-06 00:00:00+05:30,35.83,36.5,35.65,36.35,29489362
2019-09-09 00:00:00+05:30,36.57,36.97,36.25,36.57,30785803
2019-09-11 00:00:00+05:30,36.57,37.12,35.73,35.98,28361923
2019-09-12 00:00:00+05:30,36.17,36.73,35.68,36.0,26803834
2019-09-13 00:00:00+05:30,36.03,36.6,35.13,36.22,22195426
2019-09-16 00:00:00+05:30,37.0,37.8,36.23,36.43,53785872
2019-09-17 00:00:00+05:30,36.65,37.48,35.82,36.02,55784607
2019-09-18 00:00:00+05:30,36.35,36.8,35.22,35.63,34163948
2019-09-19 00:00:00+05:30,35.9,35.9,34.65,34.77,20922835
2019-09-20 00:00:00+05:30,35.13,36.98,34.57,36.03,63740283
2019-09-23 00:00:00+05:30,36.75,38.55,36.13,37.48,60392523
2019-09-24 00:00:00+05:30,37.5,37.75,36.83,37.28,33511351
2019-09-25 00:00:00+05:30,37.17,37.18,35.97,36.32,18553129
2019-09-26 00:00:00+05:30,36.25,37.27,35.77,37.0,24021439
2019-09-27 00:00:00+05:30,36.82,37.08,35.95,36.05,18383575
2019-09-30 00:00:00+05:30,36.12,36.3,35.03,36.1,23611186
2019-10-01 00:00:00+05:30,36.2,37.07,35.22,35.72,30449869
2019-10-03 00:00:00+05:30,35.4,35.73,34.77,35.13,20914978
2019-10-04 00:00:00+05:30,35.33,35.83,34.75,34.98,26160763
2019-10-07 00:00:00+05:30,35.03,35.42,34.5,34.78,18641932
2019-10-09 00:00:00+05:30,35.0,35.55,34.68,35.13,20174293
2019-10-10 00:00:00+05:30,35.03,35.48,34.63,35.22,13718334
2019-10-11 00:00:00+05:30,35.23,35.47,34.67,35.02,18654190
2019-10-14 00:00:00+05:30,35.2,36.72,35.17,36.32,33280900
2019-10-15 00:00:00+05:30,36.65,37.05,36.05,36.83,25630198
2019-10-16 00:00:00+05:30,37.0,37.53,36.72,37.32,31470331
2019-10-17 00:00:00+05:30,37.32,37.83,37.22,37.73,24550348
2019-10-18 00:00:00+05:30,37.65,40.33,37.63,38.85,77943676
2019-10-22 00:00:00+05:30,38.93,39.35,38.22,38.45,28561276
2019-10-23 00:00:00+05:30,38.45,38.85,37.77,37.98,32842876
2019-10-24 00:00:00+05:30,38.15,38.73,37.53,38.65,21415912
2019-10-25 00:00:00+05:30,38.67,39.08,38.22,38.9,22725064
2019-10-27 00:00:00+05:30,38.93,39.15,38.75,38.88,2065773
2019-10-29 00:00:00+05:30,39.1,40.13,38.9,39.57,27978865
2019-10-30 00:00:00+05:30,39.97,40.7,39.23,39.78,28093327
2019-10-31 00:00:00+05:30,39.95,40.13,39.22,39.38,23706223
2019-11-01 00:00:00+05:30,39.6,40.58,39.37,40.13,25696774
2019-11-04 00:00:00+05:30,40.35,40.7,39.68,39.83,32659981
2019-11-05 00:00:00+05:30,38.43,38.63,37.2,37.53,62888310
2019-11-06 00:00:00+05:30,37.48,37.5,36.05,36.47,50423025
2019-11-07 00:00:00+05:30,36.52,36.75,35.9,36.3,26145682
2019-11-08 00:00:00+05:30,36.22,37.6,36.22,36.48,40157723
2019-11-11 00:00:00+05:30,36.38,36.72,35.92,36.28,22302712
2019-11-13 00:00:00+05:30,36.27,36.53,35.73,36.37,26958766
2019-11-14 00:00:00+05:30,36.48,36.97,36.27,36.43,17998972
2019-11-15 00:00:00+05:30,36.57,37.45,36.53,37.08,16088199
2019-11-18 00:00:00+05:30,37.02,37.43,36.52,36.63,17733187
2019-11-19 00:00:00+05:30,36.58,37.33,36.53,37.15,11950386
2019-11-20 00:00:00+05:30,37.32,37.58,36.8,36.93,20834539
2019-11-21 00:00:00+05:30,36.87,37.12,36.57,36.8,12233283
2019-11-22 00:00:00+05:30,36.73,36.93,36.0,36.48,17271448
2019-11-25 00:00:00+05:30,36.12,36.32,34.97,35.58,33287656
2019-11-26 00:00:00+05:30,35.98,36.27,34.2,34.38,31860955
2019-11-27 00:00:00+05:30,34.5,34.83,34.2,34.35,12796782
2019-11-28 00:00:00+05:30,34.35,35.08,34.08,34.77,22439827
2019-11-29 00:00:00+05:30,34.85,35.13,34.22,34.37,14661717
2019-12-02 00:00:00+05:30,34.43,34.53,33.58,34.37,20186344
2019-12-03 00:00:00+05:30,34.25,34.4,33.48,33.67,26022181
2019-12-04 00:00:00+05:30,33.73,33.93,33.37,33.75,18411349
2019-12-05 00:00:00+05:30,33.93,34.43,33.82,34.02,19073527
2019-12-06 00:00:00+05:30,34.17,34.67,33.83,34.22,24794032
2019-12-09 00:00:00+05:30,34.27,35.0,34.02,34.17,18155056
2019-12-10 00:00:00+05:30,34.28,34.3,32.58,33.23,35565383
2019-12-11 00:00:00+05:30,33.57,33.57,32.18,32.82,39852761
2019-12-12 00:00:00+05:30,33.1,33.15,32.55,32.93,32591920
2019-12-13 00:00:00+05:30,33.27,33.73,32.83,33.33,28292491
2019-12-16 00:00:00+05:30,33.47,34.1,33.17,33.68,19226305
2019-12-17 00:00:00+05:30,33.68,33.82,33.33,33.4,12393666
2019-12-18 00:00:00+05:30,33.45,33.58,33.22,33.48,13404162
2019-12-19 00:00:00+05:30,33.42,33.6,33.17,33.37,10160163
2019-12-20 00:00:00+05:30,33.38,33.47,32.83,32.93,10121097
2019-12-23 00:00:00+05:30,32.9,33.35,32.83,32.95,22862668
2019-12-24 00:00:00+05:30,32.95,33.27,32.83,33.2,11035944
2019-12-26 00:00:00+05:30,33.2,33.57,32.78,32.95,22525711
2019-12-27 00:00:00+05:30,33.1,33.92,33.05,33.23,17607091
2019-12-30 00:00:00+05:30,33.38,33.6,33.2,33.32,9577833
2019-12-31 00:00:00+05:30,33.4,34.0,33.2,33.35,22468633
2020-01-01 00:00:00+05:30,33.43,33.65,33.13,33.38,15438294
2020-01-02 00:00:00+05:30,33.55,34.6,33.3,34.38,26262751
2020-01-03 00:00:00+05:30,34.4,34.63,33.45,33.65,21950224
2020-01-06 00:00:00+05:30,33.17,33.63,31.88,32.32,36402731
2020-01-07 00:00:00+05:30,32.78,33.0,31.77,32.12,33298261
2020-01-08 00:00:00+05:30,31.68,32.38,31.48,31.82,20424310
2020-01-09 00:00:00+05:30,32.33,32.42,31.93,32.33,41681039
2020-01-10 00:00:00+05:30,32.33,32.87,32.33,32.4,23088682
2020-01-13 00:00:00+05:30,32.73,33.08,32.52,32.67,28538665
2020-01-14 00:00:00+05:30,32.95,33.4,32.65,33.28,21417703
2020-01-15 00:00:00+05:30,33.4,34.88,33.17,34.62,39241376
2020-01-16 00:00:00+05:30,35.33,35.75,34.78,35.25,54250449
2020-01-17 00:00:00+05:30,35.2,36.32,34.9,36.2,33279853
2020-01-20 00:00:00+05:30,36.33,36.33,34.55,35.0,28115968
2020-01-21 00:00:00+05:30,34.67,35.33,34.62,35.02,17126626
2020-01-22 00:00:00+05:30,35.02,35.02,33.33,33.65,46807382
2020-01-23 00:00:00+05:30,33.7,34.85,33.38,33.72,64975341
2020-01-24 00:00:00+05:30,33.78,34.55,33.77,33.95,20621761
2020-01-27 00:00:00+05:30,33.9,34.5,33.67,33.88,24177364
2020-01-28 00:00:00+05:30,33.87,34.02,33.13,33.4,32134051
2020-01-29 00:00:00+05:30,33.63,33.72,33.23,33.52,28345555
2020-01-30 00:00:00+05:30,33.75,34.48,33.43,33.58,33639179
2020-01-31 00:00:00+05:30,32.08,33.0,29.97,30.22,169748005
2020-02-01 00:00:00+05:30,29.77,30.57,27.78,28.32,79915417
2020-02-03 00:00:00+05:30,28.33,29.15,26.92,27.83,76345222
2020-02-04 00:00:00+05:30,28.18,29.03,28.15,28.28,44426846
2020-02-05 00:00:00+05:30,28.33,29.38,28.18,28.97,45829712
2020-02-06 00:00:00+05:30,29.28,29.33,28.55,29.0,31688881
2020-02-07 00:00:00+05:30,29.03,29.33,28.73,29.18,30367870
2020-02-10 00:00:00+05:30,29.28,29.28,28.62,28.83,37802357
2020-02-11 00:00:00+05:30,28.63,29.07,28.43,28.57,40352261
2020-02-12 00:00:00+05:30,28.47,28.55,27.83,28.0,23629243
2020-02-13 00:00:00+05:30,28.0,28.5,27.72,28.4,25245034
2020-02-14 00:00:00+05:30,28.42,28.58,27.55,27.68,28646770
2020-02-17 00:00:00+05:30,27.7,27.85,26.83,27.0,36810131
2020-02-18 00:00:00+05:30,26.92,27.97,26.52,27.6,45656495
2020-02-19 00:00:00+05:30,27.75,28.3,27.32,28.23,29176000
2020-02-20 00:00:00+05:30,28.22,29.03,27.95,28.85,38155337
2020-02-24 00:00:00+05:30,28.57,28.57,27.08,27.32,25592290
2020-02-25 00:00:00+05:30,27.4,27.93,27.4,27.5,17040832
2020-02-26 00:00:00+05:30,27.37,27.57,26.43,26.77,19537645
2020-02-27 00:00:00+05:30,26.83,26.92,25.72,25.82,42868820
2020-02-28 00:00:00+05:30,25.52,25.52,24.28,24.65,52332153
2020-03-02 00:00:00+05:30,25.33,25.63,24.0,24.32,27625069
2020-03-03 00:00:00+05:30,24.47,25.05,24.08,24.83,57863334
2020-03-04 00:00:00+05:30,24.9,25.07,23.52,24.95,61044006
2020-03-05 00:00:00+05:30,25.5,25.5,24.22,24.37,46784885
2020-03-06 00:00:00+05:30,23.63,24.05,23.05,23.83,29644699
2020-03-09 00:00:00+05:30,23.3,23.5,22.55,23.23,51248199
2020-03-11 00:00:00+05:30,23.17,23.38,22.53,22.95,36373145
2020-03-12 00:00:00+05:30,22.05,22.25,20.8,21.88,71924848
2020-03-13 00:00:00+05:30,20.0,23.52,20.0,23.3,65882409
2020-03-16 00:00:00+05:30,22.83,23.32,21.67,21.97,41016308
2020-03-17 00:00:00+05:30,22.0,23.8,21.95,23.23,37735799
2020-03-18 00:00:00+05:30,23.3,26.72,22.38,24.93,98469941
2020-03-19 00:00:00+05:30,23.02,24.17,20.97,21.52,60527511
2020-03-20 00:00:00+05:30,21.67,24.0,21.5,23.77,55460712
2020-03-23 00:00:00+05:30,21.68,22.55,19.05,19.82,24523072
2020-03-24 00:00:00+05:30,20.67,21.17,18.67,19.48,27423106
2020-03-25 00:00:00+05:30,19.27,21.12,18.87,20.9,18227227
2020-03-26 00:00:00+05:30,21.08,22.82,20.37,22.45,37021736
2020-03-27 00:00:00+05:30,24.67,25.58,22.92,24.38,47228870
2020-03-30 00:00:00+05:30,24.22,25.3,23.57,24.2,46532129
2020-03-31 00:00:00+05:30,24.98,25.27,24.2,24.82,21484552
2020-04-01 00:00:00+05:30,24.6,25.42,22.47,23.02,28985326
2020-04-03 00:00:00+05:30,23.92,23.97,22.83,23.32,27959032
2020-04-07 00:00:00+05:30,24.27,24.33,22.83,23.0,37885697
2020-04-08 00:00:00+05:30,23.0,23.77,21.7,22.13,50099657
2020-04-09 00:00:00+05:30,22.47,23.82,22.35,23.38,29167723
2020-04-13 00:00:00+05:30,24.33,24.5,23.37,23.5,29985415
2020-04-15 00:00:00+05:30,24.0,24.42,22.97,23.2,34458932
2020-04-16 00:00:00+05:30,23.5,24.07,23.4,23.67,70596538
2020-04-17 00:00:00+05:30,24.17,24.37,23.55,23.77,59156427
2020-04-20 00:00:00+05:30,24.1,25.77,23.82,25.12,104548953
2020-04-21 00:00:00+05:30,24.98,25.68,24.1,25.3,62020032
2020-04-22 00:00:00+05:30,25.32,25.9,24.97,25.53,31721569
2020-04-23 00:00:00+05:30,25.57,26.37,25.23,25.33,39150188
2020-04-24 00:00:00+05:30,25.03,25.9,24.45,24.85,72878557
2020-04-27 00:00:00+05:30,25.07,25.28,24.38,24.55,21746113
2020-04-28 00:00:00+05:30,24.75,24.83,24.23,24.42,14137224
2020-04-29 00:00:00+05:30,24.65,24.7,24.05,24.38,29329681
2020-04-30 00:00:00+05:30,24.7,24.82,23.78,24.03,51330270
2020-05-04 00:00:00+05:30,23.52,23.57,22.33,22.48,36061685
2020-05-05 00:00:00+05:30,22.87,22.87,21.72,21.8,25049128
2020-05-06 00:00:00+05:30,21.77,21.95,20.92,21.22,31888789
2020-05-07 00:00:00+05:30,21.13,21.45,20.85,20.88,26105647
2020-05-08 00:00:00+05:30,21.17,21.25,19.83,19.9,39652934
2020-05-11 00:00:00+05:30,20.17,20.67,19.78,20.05,43531997
2020-05-12 00:00:00+05:30,19.9,20.4,19.25,20.18,40166456
2020-05-13 00:00:00+05:30,21.47,22.2,20.75,21.9,84071870
2020-05-14 00:00:00+05:30,21.48,21.83,21.08,21.22,33958202
2020-05-15 00:00:00+05:30,21.02,22.93,20.75,22.58,100684413
2020-05-18 00:00:00+05:30,23.67,23.93,21.33,21.5,128709187
2020-05-19 00:00:00+05:30,21.85,22.22,20.55,20.77,63289044
2020-05-20 00:00:00+05:30,20.87,21.4,20.57,21.07,50209940
2020-05-21 00:00:00+05:30,21.47,21.8,20.8,21.0,61143504
2020-05-22 00:00:00+05:30,20.83,21.18,20.5,21.02,34434320
2020-05-26 00:00:00+05:30,21.18,21.77,21.12,21.67,32416549
2020-05-27 00:00:00+05:30,21.68,22.37,21.4,22.22,48061703
2020-05-28 00:00:00+05:30,22.32,23.47,22.07,23.22,70316905
2020-05-29 00:00:00+05:30,23.0,23.48,22.67,23.07,40149740
2020-06-01 00:00:00+05:30,23.33,23.67,23.07,23.13,47417279
2020-06-02 00:00:00+05:30,23.2,23.47,22.88,23.22,21861922
2020-06-03 00:00:00+05:30,23.43,24.73,23.17,24.53,72960754
2020-06-04 00:00:00+05:30,24.53,24.93,23.9,24.27,30661546
2020-06-05 00:00:00+05:30,24.47,24.78,24.28,24.65,28620475
2020-06-08 00:00:00+05:30,25.07,25.8,24.72,24.88,45796304
2020-06-09 00:00:00+05:30,25.12,25.38,24.18,24.35,35357372
2020-06-10 00:00:00+05:30,24.55,24.85,23.92,24.48,28261918
2020-06-11 00:00:00+05:30,24.62,24.9,23.43,23.55,31889020
2020-06-12 00:00:00+05:30,22.47,24.08,22.47,23.97,42305804
2020-06-15 00:00:00+05:30,23.98,24.18,23.15,23.65,27797926
2020-06-16 00:00:00+05:30,24.28,24.3,23.07,23.55,31937173
2020-06-17 00:00:00+05:30,23.72,24.27,23.55,23.88,35644019
2020-06-18 00:00:00+05:30,23.98,25.75,23.88,25.62,100178519
2020-06-19 00:00:00+05:30,25.82,27.17,25.48,26.68,85909778
2020-06-22 00:00:00+05:30,27.3,27.63,26.73,27.1,68068435
2020-06-23 00:00:00+05:30,27.28,27.92,26.83,27.77,66446154
2020-06-24 00:00:00+05:30,28.03,28.53,27.35,27.5,69845329
2020-06-25 00:00:00+05:30,27.32,28.32,27.0,27.9,60787263
2020-06-26 00:00:00+05:30,28.32,28.82,27.93,28.43,46126904
2020-06-29 00:00:00+05:30,28.32,29.57,28.1,29.18,69976042
2020-06-30 00:00:00+05:30,31.03,31.4,29.33,29.55,186680687
2020-07-01 00:00:00+05:30,29.55,29.77,29.18,29.57,35384975
2020-07-02 00:00:00+05:30,29.98,30.17,29.5,29.68,27362218
2020-07-03 00:00:00+05:30,30.33,32.65,30.17,32.4,205338747
2020-07-06 00:00:00+05:30,32.73,34.52,32.33,34.07,132086185
2020-07-07 00:00:00+05:30,33.9,34.47,33.23,34.02,93082709
2020-07-08 00:00:00+05:30,33.67,35.13,33.52,34.52,68150698
2020-07-09 00:00:00+05:30,34.2,34.32,33.17,33.28,54331383
2020-07-10 00:00:00+05:30,33.28,33.83,32.78,33.23,36404936
2020-07-13 00:00:00+05:30,33.57,33.78,32.57,32.83,32373283
2020-07-14 00:00:00+05:30,33.1,33.38,31.85,32.37,57522024
2020-07-15 00:00:00+05:30,33.17,33.2,31.8,32.03,37965797
2020-07-16 00:00:00+05:30,32.17,32.25,31.38,31.48,36942917
2020-07-17 00:00:00+05:30,31.47,32.82,31.35,32.67,30475228
2020-07-20 00:00:00+05:30,32.67,33.3,32.1,32.25,34048934
2020-07-21 00:00:00+05:30,32.53,33.6,32.2,33.08,42524069
2020-07-22 00:00:00+05:30,33.3,33.32,32.17,32.63,26702344
2020-07-23 00:00:00+05:30,32.67,34.5,32.52,34.17,63985929
2020-07-24 00:00:00+05:30,34.32,34.88,33.73,34.05,68262028
2020-07-27 00:00:00+05:30,34.25,34.25,32.75,33.13,34956044
2020-07-28 00:00:00+05:30,32.4,33.07,31.78,32.18,64749753
2020-07-29 00:00:00+05:30,32.18,33.4,32.17,32.43,52237467
2020-07-30 00:00:00+05:30,32.6,32.78,31.65,31.88,36716210
2020-07-31 00:00:00+05:30,31.93,32.25,31.25,31.95,44032877
2020-08-03 00:00:00+05:30,32.0,33.07,31.68,32.27,31151002
2020-08-04 00:00:00+05:30,32.65,33.67,32.3,33.47,51832335
2020-08-05 00:00:00+05:30,33.65,34.08,32.95,33.47,34169150
2020-08-06 00:00:00+05:30,33.47,33.78,32.87,33.02,20006413
2020-08-07 00:00:00+05:30,33.1,33.58,32.78,33.07,23311573
2020-08-10 00:00:00+05:30,35.15,37.97,34.8,36.1,197465579
2020-08-11 00:00:00+05:30,36.47,36.78,35.08,35.28,64312842
2020-08-12 00:00:00+05:30,35.32,37.07,35.12,36.88,86740736
2020-08-13 00:00:00+05:30,37.0,38.47,36.55,38.15,89867825
2020-08-14 00:00:00+05:30,38.33,39.48,36.52,37.72,102781041
2020-08-17 00:00:00+05:30,38.3,38.32,36.63,36.93,45730880
2020-08-18 00:00:00+05:30,37.0,37.73,36.57,37.23,44867135
2020-08-19 00:00:00+05:30,37.55,38.37,37.27,37.43,50101277
2020-08-20 00:00:00+05:30,37.0,37.67,36.55,37.3,34004270
2020-08-21 00:00:00+05:30,37.5,37.83,36.93,37.37,29551432
2020-08-24 00:00:00+05:30,37.0,38.33,36.87,38.2,53667252
2020-08-25 00:00:00+05:30,38.38,38.65,37.1,37.47,43986728
2020-08-26 00:00:00+05:30,37.53,37.73,36.87,37.27,36546401
2020-08-27 00:00:00+05:30,37.28,37.55,36.6,36.77,27418615
2020-08-28 00:00:00+05:30,37.98,38.25,36.93,37.35,48606551
2020-08-31 00:00:00+05:30,37.5,37.7,35.0,35.37,42730718
2020-09-01 00:00:00+05:30,35.67,36.23,34.8,35.98,34287077
2020-09-02 00:00:00+05:30,35.98,36.57,35.42,36.33,17392588
2020-09-03 00:00:00+05:30,36.5,36.78,35.93,36.15,26657563
2020-09-07 00:00:00+05:30,35.63,36.05,34.9,35.2,19158406
2020-09-08 00:00:00+05:30,35.37,35.53,33.87,34.22,30300892
2020-09-09 00:00:00+05:30,33.77,34.48,33.23,33.68,34568534
2020-09-10 00:00:00+05:30,33.88,34.23,33.0,33.87,23708143
2020-09-11 00:00:00+05:30,34.0,34.25,33.77,34.08,14089116
2020-09-14 00:00:00+05:30,35.33,36.55,34.8,35.68,53552460
2020-09-15 00:00:00+05:30,35.35,35.67,34.65,34.93,26941558
2020-09-16 00:00:00+05:30,35.0,35.17,34.1,34.48,14635740
2020-09-17 00:00:00+05:30,34.17,34.97,34.13,34.52,21721384
2020-09-18 00:00:00+05:30,34.67,34.87,34.07,34.63,27984622
2020-09-21 00:00:00+05:30,34.57,34.6,31.7,32.1,40827731
2020-09-22 00:00:00+05:30,32.12,32.2,30.33,30.73,48562007
2020-09-23 00:00:00+05:30,31.02,31.83,30.78,31.28,48748868
2020-09-24 00:00:00+05:30,30.73,30.98,29.88,30.15,30841885
2020-09-25 00:00:00+05:30,30.63,31.47,30.45,31.1,19433449
2020-09-28 00:00:00+05:30,31.33,32.77,31.28,32.48,21869314
2020-09-29 00:00:00+05:30,32.9,33.1,31.6,32.0,27336943
2020-09-30 00:00:00+05:30,32.0,32.15,31.3,31.92,14189712
2020-10-01 00:00:00+05:30,32.08,32.53,31.67,32.03,12637881
2020-10-05 00:00:00+05:30,32.13,32.23,31.53,32.07,11784885
2020-10-06 00:00:00+05:30,32.2,32.33,31.55,31.92,19176784
2020-10-07 00:00:00+05:30,31.95,32.15,31.3,31.38,13131660
2020-10-08 00:00:00+05:30,31.67,31.77,30.87,31.18,13561056
2020-10-09 00:00:00+05:30,31.07,31.35,30.6,30.93,12672702
2020-10-12 00:00:00+05:30,31.02,31.67,30.87,31.18,21410146
2020-10-13 00:00:00+05:30,31.18,31.32,30.33,30.5,19966966
2020-10-14 00:00:00+05:30,30.65,31.25,30.38,30.52,22321849
2020-10-15 00:00:00+05:30,30.58,30.82,29.28,29.47,15859137
2020-10-16 00:00:00+05:30,29.23,30.45,29.23,30.33,21800794
2020-10-19 00:00:00+05:30,30.47,30.65,29.48,30.02,22513840
2020-10-20 00:00:00+05:30,29.72,30.37,29.68,29.98,14686230
2020-10-21 00:00:00+05:30,30.0,30.93,29.72,30.8,28952323
2020-10-22 00:00:00+05:30,30.78,31.72,30.55,31.03,28783393
2020-10-23 00:00:00+05:30,31.28,31.42,30.72,30.87,17663137
2020-10-26 00:00:00+05:30,30.87,30.92,29.68,29.98,18531901
2020-10-27 00:00:00+05:30,29.97,30.15,29.57,29.9,12330117
2020-10-28 00:00:00+05:30,29.9,30.02,29.23,29.42,13331331
2020-10-29 00:00:00+05:30,29.22,29.63,28.78,28.88,16816756
2020-10-30 00:00:00+05:30,28.97,29.95,28.82,29.0,27636385
2020-11-02 00:00:00+05:30,29.28,29.87,29.08,29.55,14246079
2020-11-03 00:00:00+05:30,29.62,30.13,29.62,29.8,10505982
2020-11-04 00:00:00+05:30,30.08,30.12,29.3,29.63,10174500
2020-11-05 00:00:00+05:30,29.8,31.15,29.68,30.97,21741265
2020-11-06 00:00:00+05:30,30.7,31.17,30.5,30.82,20163742
2020-11-09 00:00:00+05:30,31.5,31.63,30.58,31.02,24865399
2020-11-10 00:00:00+05:30,31.0,32.08,30.68,31.8,31640470
2020-11-11 00:00:00+05:30,31.98,32.47,31.5,31.9,24266728
2020-11-12 00:00:00+05:30,32.03,32.17,31.33,31.42,32573476
2020-11-13 00:00:00+05:30,31.3,32.42,30.92,32.23,23221540
2020-11-14 00:00:00+05:30,32.4,32.4,32.13,32.2,2843181
2020-11-17 00:00:00+05:30,32.52,32.58,31.92,32.05,13608048
2020-11-18 00:00:00+05:30,32.05,32.77,31.9,32.18,31608805
2020-11-19 00:00:00+05:30,32.17,36.08,31.9,34.37,127231591
2020-11-20 00:00:00+05:30,35.05,36.63,34.83,36.12,111976341
2020-11-23 00:00:00+05:30,36.18,36.35,34.83,35.33,32719696
2020-11-24 00:00:00+05:30,35.33,36.3,35.33,35.9,32900254
2020-11-25 00:00:00+05:30,36.0,36.8,35.3,35.62,37300937
2020-11-26 00:00:00+05:30,35.8,36.43,35.62,36.3,28747060
2020-11-27 00:00:00+05:30,36.48,37.93,36.35,37.03,42740471
2020-12-01 00:00:00+05:30,37.03,37.6,36.77,37.27,32351614
2020-12-02 00:00:00+05:30,37.33,38.33,37.18,37.85,48411383
2020-12-03 00:00:00+05:30,38.03,38.93,37.95,38.33,48553874
2020-12-04 00:00:00+05:30,38.63,39.33,38.13,38.58,46007780
2020-12-07 00:00:00+05:30,38.62,38.92,38.12,38.32,26587012
2020-12-08 00:00:00+05:30,38.52,38.68,37.03,37.72,36642737
2020-12-09 00:00:00+05:30,38.58,40.83,38.27,38.98,147504755
2020-12-10 00:00:00+05:30,38.93,38.93,37.48,38.13,38748617
2020-12-11 00:00:00+05:30,38.13,38.8,37.78,38.22,41079911
2020-12-14 00:00:00+05:30,38.55,39.75,38.4,39.52,75008779
2020-12-15 00:00:00+05:30,39.13,39.77,39.07,39.42,32266753
2020-12-16 00:00:00+05:30,39.67,40.23,39.12,39.37,38725127
2020-12-17 00:00:00+05:30,39.33,40.28,38.6,40.1,56242239
2020-12-18 00:00:00+05:30,40.48,40.9,39.52,40.42,97760327
2020-12-21 00:00:00+05:30,40.23,41.07,36.38,37.32,86979077
2020-12-22 00:00:00+05:30,37.32,38.03,35.45,37.42,73882657
2020-12-23 00:00:00+05:30,37.73,38.65,37.5,38.48,39047975
2020-12-24 00:00:00+05:30,38.72,39.38,38.1,38.3,28256173
2020-12-28 00:00:00+05:30,38.73,38.85,37.97,38.2,28341883
2020-12-29 00:00:00+05:30,38.4,38.73,37.98,38.25,20782081
2020-12-30 00:00:00+05:30,38.33,38.43,37.8,38.13,18996631
2020-12-31 00:00:00+05:30,38.57,40.25,38.47,39.98,112170387
2021-01-01 00:00:00+05:30,40.33,42.67,40.2,42.13,201696180
2021-01-04 00:00:00+05:30,43.0,43.93,42.3,43.77,105614571
2021-01-05 00:00:00+05:30,43.33,44.42,43.0,43.83,64361526
2021-01-06 00:00:00+05:30,44.0,45.13,43.22,44.38,74098813
2021-01-07 00:00:00+05:30,44.8,45.0,43.77,43.92,46011029
2021-01-08 00:00:00+05:30,44.35,44.58,43.85,44.03,19906348
2021-01-11 00:00:00+05:30,44.27,45.18,43.18,44.87,42426344
2021-01-12 00:00:00+05:30,44.98,45.32,44.47,44.82,32608234
2021-01-13 00:00:00+05:30,44.85,45.9,44.15,44.68,38455481
2021-01-14 00:00:00+05:30,44.92,47.0,44.85,46.38,94302671
2021-01-15 00:00:00+05:30,46.23,46.5,44.13,44.48,44817731
2021-01-18 00:00:00+05:30,44.62,45.08,42.77,44.52,53634531
2021-01-19 00:00:00+05:30,44.85,46.07,44.7,45.68,64391529
2021-01-20 00:00:00+05:30,45.78,46.32,44.97,45.17,39771245
2021-01-21 00:00:00+05:30,45.5,45.93,44.1,44.63,31082455
2021-01-22 00:00:00+05:30,44.5,45.17,43.63,44.12,30823162
2021-01-25 00:00:00+05:30,44.58,44.92,42.97,43.57,22702207
2021-01-27 00:00:00+05:30,43.67,44.8,43.6,44.23,55897926
2021-01-28 00:00:00+05:30,43.67,44.9,43.28,43.73,49918661
2021-01-29 00:00:00+05:30,43.6,45.42,42.33,43.35,77617477
2021-02-01 00:00:00+05:30,43.33,44.93,41.87,44.57,47400002
2021-02-02 00:00:00+05:30,44.92,45.6,43.8,44.5,32215687
2021-02-03 00:00:00+05:30,44.73,47.07,44.72,46.37,63440361
2021-02-04 00:00:00+05:30,46.58,47.27,45.68,46.98,55032171
2021-02-05 00:00:00+05:30,47.33,47.73,46.23,46.73,29863141
2021-02-08 00:00:00+05:30,47.07,47.67,46.5,46.92,31927192
2021-02-09 00:00:00+05:30,47.15,47.33,45.8,45.98,48306776
2021-02-10 00:00:00+05:30,46.3,47.45,46.12,46.62,33662138
2021-02-11 00:00:00+05:30,46.43,46.83,44.87,45.13,35392796
2021-02-12 00:00:00+05:30,45.28,45.67,44.72,45.42,24806266
2021-02-15 00:00:00+05:30,45.78,45.98,44.93,45.37,23422255
2021-02-16 00:00:00+05:30,45.37,46.15,44.18,44.38,48715295
2021-02-17 00:00:00+05:30,44.03,46.58,44.03,46.37,46231718
2021-02-18 00:00:00+05:30,46.45,47.97,45.95,47.18,43649381
2021-02-19 00:00:00+05:30,46.8,47.57,44.33,45.13,51636936
2021-02-22 00:00:00+05:30,45.17,45.52,43.08,43.43,28665004
2021-02-23 00:00:00+05:30,43.75,45.2,43.42,44.73,32119297
2021-02-24 00:00:00+05:30,45.22,46.32,45.07,45.45,22656721
2021-02-25 00:00:00+05:30,45.7,47.67,45.68,47.23,59326023
2021-02-26 00:00:00+05:30,46.45,47.45,45.33,45.7,38633411
2021-03-01 00:00:00+05:30,46.23,49.0,45.98,48.65,62059458
2021-03-02 00:00:00+05:30,49.32,51.18,48.83,50.5,106691172
2021-03-03 00:00:00+05:30,50.95,51.33,50.23,50.97,39659360
2021-03-04 00:00:00+05:30,50.5,51.65,50.02,50.93,30333901
2021-03-05 00:00:00+05:30,50.27,51.0,48.25,49.0,29141962
2021-03-08 00:00:00+05:30,49.33,50.23,48.07,48.35,34685360
2021-03-09 00:00:00+05:30,48.68,49.13,46.42,46.67,37113746
2021-03-10 00:00:00+05:30,47.13,47.55,46.35,46.58,24247669
2021-03-12 00:00:00+05:30,47.42,47.83,46.42,46.68,39599327
2021-03-15 00:00:00+05:30,47.12,47.12,44.47,45.7,30187951
2021-03-16 00:00:00+05:30,45.83,46.18,45.17,45.95,29273371
2021-03-17 00:00:00+05:30,45.83,46.15,44.28,44.62,35855834
2021-03-18 00:00:00+05:30,44.78,45.17,42.68,43.27,45353234
2021-03-19 00:00:00+05:30,42.8,43.35,41.67,42.65,56393931
2021-03-22 00:00:00+05:30,42.9,43.98,42.45,42.65,38945384
2021-03-23 00:00:00+05:30,42.63,43.25,42.05,42.2,38253713
2021-03-24 00:00:00+05:30,42.17,42.23,40.53,40.82,32029024
2021-03-25 00:00:00+05:30,40.88,41.12,38.62,39.75,60718452
2021-03-26 00:00:00+05:30,40.0,41.42,39.98,40.8,36092945
2021-03-30 00:00:00+05:30,41.33,42.32,40.97,41.93,42698162
2021-03-31 00:00:00+05:30,41.93,42.33,41.5,41.7,24134521
2021-04-01 00:00:00+05:30,42.0,42.33,41.43,42.03,30019033
2021-04-05 00:00:00+05:30,42.28,44.0,41.67,43.8,61276779
2021-04-06 00:00:00+05:30,44.1,44.98,42.93,43.65,61173015
2021-04-07 00:00:00+05:30,43.98,44.82,43.67,43.77,38346500
2021-04-08 00:00:00+05:30,44.12,44.55,43.17,43.35,25322350
2021-04-09 00:00:00+05:30,43.67,43.85,43.0,43.3,15591087
2021-04-12 00:00:00+05:30,42.63,42.83,40.17,40.63,35499104
2021-04-13 00:00:00+05:30,40.7,42.07,40.55,41.87,19430590
2021-04-15 00:00:00+05:30,41.67,43.23,41.47,42.83,42679910
2021-04-16 00:00:00+05:30,42.75,43.17,41.87,42.67,21451459
2021-04-19 00:00:00+05:30,41.37,42.15,40.72,41.13,30034585
2021-04-20 00:00:00+05:30,41.62,42.55,41.22,41.43,26634340
2021-04-22 00:00:00+05:30,41.03,42.23,40.85,42.02,23128216
2021-04-23 00:00:00+05:30,41.95,43.0,41.78,42.3,27613264
2021-04-26 00:00:00+05:30,42.67,43.23,42.57,43.12,16704927
2021-04-27 00:00:00+05:30,43.02,43.37,42.78,43.07,19097266
2021-04-28 00:00:00+05:30,43.47,43.52,42.73,42.93,19394332
2021-04-29 00:00:00+05:30,43.33,43.75,43.05,43.28,16660074
2021-04-30 00:00:00+05:30,42.72,45.48,42.6,43.92,53187744
2021-05-03 00:00:00+05:30,43.67,44.28,42.95,43.42,19524451
2021-05-04 00:00:00+05:30,43.8,45.75,43.52,44.27,52932510
2021-05-05 00:00:00+05:30,44.53,46.17,44.17,45.95,51816276
2021-05-06 00:00:00+05:30,46.57,47.7,45.8,47.47,61565508
2021-05-07 00:00:00+05:30,47.58,47.8,45.77,45.97,32525014
2021-05-10 00:00:00+05:30,46.33,48.63,46.22,48.25,67119508
2021-05-11 00:00:00+05:30,47.58,49.92,47.15,49.52,70482697
2021-05-12 00:00:00+05:30,50.82,51.87,48.6,48.95,136024889
2021-05-14 00:00:00+05:30,49.27,49.57,47.52,47.78,47657993
2021-05-17 00:00:00+05:30,48.17,49.7,47.97,49.38,51486273
2021-05-18 00:00:00+05:30,50.17,51.67,49.77,51.53,97548698
2021-05-19 00:00:00+05:30,51.43,52.63,51.02,51.72,83953919
2021-05-20 00:00:00+05:30,51.98,52.9,51.0,52.27,67499935
2021-05-21 00:00:00+05:30,52.83,53.0,52.08,52.53,58163775
2021-05-24 00:00:00+05:30,52.78,53.33,52.07,52.28,74623873
2021-05-25 00:00:00+05:30,52.62,52.62,49.6,49.73,53594841
2021-05-26 00:00:00+05:30,50.0,51.4,49.67,49.92,45070685
2021-05-27 00:00:00+05:30,50.27,50.32,47.4,49.52,360249228
2021-05-28 00:00:00+05:30,49.5,49.87,48.13,48.28,44625317
2021-05-31 00:00:00+05:30,48.52,48.73,47.9,48.47,29061187
2021-06-01 00:00:00+05:30,51.0,51.0,48.67,48.98,74882887
2021-06-02 00:00:00+05:30,48.75,50.33,48.67,50.12,24742750
2021-06-03 00:00:00+05:30,50.42,50.65,49.73,50.4,26792299
2021-06-04 00:00:00+05:30,50.53,51.07,50.28,50.93,23574184
2021-06-07 00:00:00+05:30,51.0,51.42,50.8,51.1,16889641
2021-06-08 00:00:00+05:30,51.2,51.27,49.42,50.98,31918327
2021-06-09 00:00:00+05:30,51.13,51.83,49.85,50.23,31016932
2021-06-10 00:00:00+05:30,50.32,50.98,50.03,50.68,17381065
2021-06-11 00:00:00+05:30,50.67,51.67,50.05,51.35,25835899
2021-06-14 00:00:00+05:30,51.0,51.12,49.18,50.58,26533282
2021-06-15 00:00:00+05:30,50.67,50.97,50.02,50.23,22951030
2021-06-16 00:00:00+05:30,50.0,50.5,49.42,49.9,19709056
2021-06-17 00:00:00+05:30,49.4,49.92,48.22,48.72,22419541
2021-06-18 00:00:00+05:30,48.85,49.0,46.83,48.73,34091546
2021-06-21 00:00:00+05:30,47.33,50.0,47.33,49.73,23199469
2021-06-22 00:00:00+05:30,50.0,50.67,49.67,50.47,28261330
2021-06-23 00:00:00+05:30,51.7,56.67,50.83,56.17,363893799
2021-06-24 00:00:00+05:30,56.32,57.83,55.6,57.05,169690525
2021-06-25 00:00:00+05:30,57.05,58.63,56.95,58.33,71399596
2021-06-28 00:00:00+05:30,58.72,59.03,57.67,57.92,38881055
2021-06-29 00:00:00+05:30,57.82,58.62,57.52,58.22,49605248
2021-06-30 00:00:00+05:30,58.62,59.63,58.27,59.33,43091672
2021-07-01 00:00:00+05:30,59.27,61.97,59.03,61.55,87835583
2021-07-02 00:00:00+05:30,61.82,61.82,60.08,60.22,40351094
2021-07-05 00:00:00+05:30,60.43,60.67,59.53,59.73,22985569
2021-07-06 00:00:00+05:30,59.5,60.73,59.47,60.35,41588858
2021-07-07 00:00:00+05:30,60.03,61.13,59.63,60.97,17834941
2021-07-08 00:00:00+05:30,61.27,62.47,59.7,60.22,44887439
2021-07-09 00:00:00+05:30,60.22,60.9,60.07,60.28,18512455
2021-07-12 00:00:00+05:30,60.33,61.65,60.33,61.28,18021217
2021-07-13 00:00:00+05:30,61.33,61.6,60.05,60.55,15530661
2021-07-14 00:00:00+05:30,60.37,61.55,60.27,61.38,18423250
2021-07-15 00:00:00+05:30,61.38,61.47,59.82,59.98,14669931
2021-07-16 00:00:00+05:30,60.17,60.4,59.57,59.88,21219637
2021-07-19 00:00:00+05:30,59.83,62.58,59.22,62.0,45407129
2021-07-20 00:00:00+05:30,62.22,62.25,60.08,60.4,21901099
2021-07-22 00:00:00+05:30,60.7,61.58,60.67,61.5,14278368
2021-07-23 00:00:00+05:30,61.4,61.73,60.53,60.88,12770211
2021-07-26 00:00:00+05:30,60.88,61.67,60.07,61.53,13753260
2021-07-27 00:00:00+05:30,61.53,61.75,60.6,61.02,14436747
2021-07-28 00:00:00+05:30,61.0,63.87,60.83,63.32,48274631
2021-07-29 00:00:00+05:30,63.65,63.9,62.65,62.93,27425200
2021-07-30 00:00:00+05:30,62.82,62.82,60.83,61.55,28756777
2021-08-02 00:00:00+05:30,61.67,62.33,61.15,61.27,21084205
2021-08-03 00:00:00+05:30,61.27,61.63,60.52,60.75,17656981
2021-08-04 00:00:00+05:30,60.83,61.6,58.27,58.48,38353229
2021-08-05 00:00:00+05:30,58.67,59.7,58.03,58.87,33065569
2021-08-06 00:00:00+05:30,58.97,59.93,58.33,58.47,23813596
2021-08-09 00:00:00+05:30,55.0,57.63,54.12,57.05,110821491
2021-08-10 00:00:00+05:30,57.05,58.07,55.9,56.42,32690749
2021-08-11 00:00:00+05:30,56.42,57.57,55.1,57.42,27235549
2021-08-12 00:00:00+05:30,57.3,58.08,56.67,57.95,17966662
2021-08-13 00:00:00+05:30,58.07,58.53,57.52,58.17,27821242
2021-08-16 00:00:00+05:30,58.05,58.52,57.48,58.12,12560913
2021-08-17 00:00:00+05:30,58.03,58.83,57.43,58.68,18039040
2021-08-18 00:00:00+05:30,58.7,60.62,57.75,58.03,34210604
2021-08-20 00:00:00+05:30,57.3,58.3,56.77,57.02,15542163
2021-08-23 00:00:00+05:30,57.47,58.97,56.38,58.38,26688301
2021-08-24 00:00:00+05:30,58.33,59.48,58.13,59.22,14925912
2021-08-25 00:00:00+05:30,59.1,60.18,59.1,59.98,16571559
2021-08-26 00:00:00+05:30,60.12,60.73,59.8,60.43,21301486
2021-08-27 00:00:00+05:30,60.5,62.0,60.43,61.77,28167946
2021-08-30 00:00:00+05:30,61.63,62.25,61.23,61.35,13619223
2021-08-31 00:00:00+05:30,61.3,62.47,61.22,62.22,21603703
2021-09-01 00:00:00+05:30,62.4,64.12,62.18,63.28,26940253
2021-09-02 00:00:00+05:30,63.58,64.15,63.25,63.38,25664590
2021-09-03 00:00:00+05:30,64.0,66.52,63.52,66.2,52170663
2021-09-06 00:00:00+05:30,67.08,67.63,64.92,65.15,36365393
2021-09-07 00:00:00+05:30,65.15,66.0,64.45,64.77,15882570
2021-09-08 00:00:00+05:30,65.33,66.47,64.75,65.7,19285564
2021-09-09 00:00:00+05:30,65.58,66.42,65.17,65.68,11581218
2021-09-13 00:00:00+05:30,65.83,66.22,65.22,65.5,10518984
2021-09-14 00:00:00+05:30,65.15,68.0,64.9,67.47,29010316
2021-09-15 00:00:00+05:30,67.95,69.6,67.57,69.27,35238521
2021-09-16 00:00:00+05:30,69.3,69.67,68.25,68.52,12378501
2021-09-17 00:00:00+05:30,68.62,69.12,66.9,68.43,16039149
2021-09-20 00:00:00+05:30,67.5,68.65,67.02,67.2,12243591
2021-09-21 00:00:00+05:30,67.2,69.08,67.2,68.15,20777914
2021-09-22 00:00:00+05:30,68.13,68.95,67.93,68.65,9672642
2021-09-23 00:00:00+05:30,69.0,70.23,68.85,69.15,19379647
2021-09-24 00:00:00+05:30,69.33,70.17,67.87,68.5,17282356
2021-09-27 00:00:00+05:30,68.7,69.9,67.58,68.0,10315860
2021-09-28 00:00:00+05:30,68.33,70.82,68.05,70.12,29934007
2021-09-29 00:00:00+05:30,70.3,70.8,67.9,68.38,27378226
2021-09-30 00:00:00+05:30,68.67,69.18,67.23,67.65,34237253
2021-10-01 00:00:00+05:30,66.67,68.08,66.38,67.25,22069933
2021-10-04 00:00:00+05:30,67.33,68.7,67.25,68.6,20125219
2021-10-05 00:00:00+05:30,68.93,69.22,68.18,68.62,18733531
2021-10-06 00:00:00+05:30,68.63,69.5,66.0,66.43,15618651
2021-10-07 00:00:00+05:30,67.0,67.93,66.83,67.7,7587423
2021-10-08 00:00:00+05:30,67.67,67.88,66.47,66.72,9881742
2021-10-11 00:00:00+05:30,66.72,70.33,66.72,69.53,21749221
2021-10-12 00:00:00+05:30,69.57,70.57,68.18,70.08,18331042
2021-10-13 00:00:00+05:30,70.37,71.32,69.03,69.55,16863454
2021-10-14 00:00:00+05:30,69.77,70.88,69.68,70.18,15404877
2021-10-18 00:00:00+05:30,68.42,73.83,68.33,72.38,40084625
2021-10-19 00:00:00+05:30,73.07,73.07,68.58,68.95,15424062
2021-10-20 00:00:00+05:30,68.95,70.07,67.62,68.27,16082943
2021-10-21 00:00:00+05:30,68.62,69.0,67.68,68.13,15707487
2021-10-22 00:00:00+05:30,68.37,68.97,66.67,67.15,10288875
2021-10-25 00:00:00+05:30,67.5,67.5,64.58,67.1,13207770
2021-10-26 00:00:00+05:30,67.1,69.08,67.03,68.73,9505146
2021-10-27 00:00:00+05:30,68.82,69.92,68.68,69.02,9492999
2021-10-28 00:00:00+05:30,69.02,69.28,66.63,66.77,11429706
2021-10-29 00:00:00+05:30,65.93,72.95,61.15,68.95,95295029
2021-11-01 00:00:00+05:30,69.23,69.6,65.43,66.85,23954011
2021-11-02 00:00:00+05:30,67.33,67.87,65.75,66.87,19613110
2021-11-03 00:00:00+05:30,67.32,68.75,66.48,66.78,25307716
2021-11-04 00:00:00+05:30,67.4,67.43,67.1,67.28,1434759
2021-11-08 00:00:00+05:30,67.18,71.1,67.18,70.82,35893832
2021-11-09 00:00:00+05:30,70.82,74.73,70.82,73.6,51756603
2021-11-10 00:00:00+05:30,73.63,73.8,72.98,73.23,15949584
2021-11-11 00:00:00+05:30,73.25,75.0,73.17,74.43,23431828
2021-11-12 00:00:00+05:30,75.17,76.0,74.03,74.53,23132023
2021-11-15 00:00:00+05:30,74.92,75.33,73.58,74.22,8602539
2021-11-16 00:00:00+05:30,74.15,74.67,72.23,72.6,8030718
2021-11-17 00:00:00+05:30,72.57,72.6,71.02,71.82,18084607
2021-11-18 00:00:00+05:30,71.85,72.5,69.47,69.62,28766143
2021-11-22 00:00:00+05:30,69.97,70.13,66.92,67.67,17243227
2021-11-23 00:00:00+05:30,67.83,70.55,67.57,70.33,17089327
2021-11-24 00:00:00+05:30,70.7,70.98,69.0,69.45,11478315
2021-11-25 00:00:00+05:30,69.45,70.87,68.55,70.55,9875469
2021-11-26 00:00:00+05:30,69.5,70.12,65.53,66.07,22881370
2021-11-29 00:00:00+05:30,65.42,67.1,62.93,65.75,14850591
2021-11-30 00:00:00+05:30,65.75,68.43,65.73,67.92,32274064
2021-12-01 00:00:00+05:30,68.0,68.77,67.17,68.62,14136084
2021-12-02 00:00:00+05:30,68.03,68.93,67.42,68.63,13228377
2021-12-03 00:00:00+05:30,68.62,69.93,68.53,68.88,12481431
2021-12-06 00:00:00+05:30,68.88,70.4,68.88,69.28,14751723
2021-12-07 00:00:00+05:30,69.8,71.57,69.4,70.13,23275225
2021-12-08 00:00:00+05:30,70.35,70.98,69.43,69.65,9462426
2021-12-09 00:00:00+05:30,68.7,69.78,68.07,69.25,12294123
2021-12-10 00:00:00+05:30,69.2,70.28,68.37,68.52,18276355
2021-12-13 00:00:00+05:30,68.93,70.47,68.73,69.65,27024841
2021-12-14 00:00:00+05:30,69.8,70.97,69.55,69.93,19438714
2021-12-15 00:00:00+05:30,69.83,70.12,68.8,69.33,14031681
2021-12-16 00:00:00+05:30,69.67,70.27,68.52,69.07,23209957
2021-12-17 00:00:00+05:30,69.25,69.38,66.77,67.1,12549333
2021-12-20 00:00:00+05:30,66.97,66.97,63.88,65.08,16835344
2021-12-21 00:00:00+05:30,65.13,67.15,65.13,66.5,10884186
2021-12-22 00:00:00+05:30,66.83,68.07,66.83,67.8,8943987
2021-12-23 00:00:00+05:30,68.13,69.92,68.13,69.63,8703837
2021-12-24 00:00:00+05:30,69.4,69.57,67.47,68.02,9183225
2021-12-27 00:00:00+05:30,68.0,69.15,67.17,68.98,8676960
2021-12-28 00:00:00+05:30,69.6,69.7,68.5,69.02,10372101
2021-12-29 00:00:00+05:30,68.97,70.97,68.97,69.9,24965062
2021-12-30 00:00:00+05:30,69.93,70.8,68.33,69.98,42195857
2021-12-31 00:00:00+05:30,70.0,71.0,69.53,69.98,12683187
2022-01-03 00:00:00+05:30,69.92,70.73,69.83,70.42,8974341
2022-01-04 00:00:00+05:30,70.83,73.02,70.4,72.05,31336738
2022-01-05 00:00:00+05:30,71.92,72.3,70.87,71.1,11957511
2022-01-06 00:00:00+05:30,70.33,71.05,70.2,70.63,8820915
2022-01-07 00:00:00+05:30,70.63,71.32,69.17,69.35,12974964
2022-01-10 00:00:00+05:30,69.65,70.5,69.33,70.28,9408897
2022-01-11 00:00:00+05:30,70.33,70.72,69.52,70.15,10022118
2022-01-12 00:00:00+05:30,70.33,70.65,69.6,70.2,7794744
2022-01-13 00:00:00+05:30,70.63,70.77,69.08,69.85,12144687
2022-01-14 00:00:00+05:30,69.7,74.03,69.47,73.37,27463651
2022-01-17 00:00:00+05:30,74.0,74.27,71.93,72.17,28842889
2022-01-18 00:00:00+05:30,72.77,72.83,69.2,69.45,17939776
2022-01-19 00:00:00+05:30,69.72,70.13,68.33,69.38,30378718
2022-01-20 00:00:00+05:30,69.67,70.93,69.15,70.78,20278192
2022-01-21 00:00:00+05:30,70.47,70.55,68.33,68.98,17723899
2022-01-24 00:00:00+05:30,68.98,69.58,65.02,65.77,20025538
2022-01-25 00:00:00+05:30,65.43,68.5,64.73,68.07,29718343
2022-01-27 00:00:00+05:30,67.3,68.77,66.05,68.3,23800312
2022-01-28 00:00:00+05:30,68.92,70.33,68.45,69.03,24666334
2022-01-31 00:00:00+05:30,71.57,73.25,69.22,69.9,53776263
2022-02-01 00:00:00+05:30,70.55,70.82,67.78,69.13,29395495
2022-02-02 00:00:00+05:30,69.85,70.73,69.5,70.25,30206026
2022-02-03 00:00:00+05:30,70.33,70.48,69.18,69.32,11555226
2022-02-04 00:00:00+05:30,69.82,69.87,68.12,68.27,17933077
2022-02-07 00:00:00+05:30,68.3,68.6,66.53,67.37,18325030
2022-02-08 00:00:00+05:30,67.4,67.97,65.47,66.5,26278879
2022-02-09 00:00:00+05:30,66.47,67.75,66.03,67.53,15305202
2022-02-10 00:00:00+05:30,67.65,68.25,66.83,67.6,12104241
2022-02-11 00:00:00+05:30,66.95,67.88,66.62,66.78,11505933
2022-02-14 00:00:00+05:30,65.67,66.47,64.28,65.3,31961611
2022-02-15 00:00:00+05:30,65.4,66.47,64.2,66.32,10746255
2022-02-16 00:00:00+05:30,66.58,67.12,65.52,66.33,13420629
2022-02-17 00:00:00+05:30,66.42,68.22,66.15,67.0,19166470
2022-02-18 00:00:00+05:30,66.67,67.2,66.33,66.67,10616886
2022-02-21 00:00:00+05:30,66.0,67.28,65.62,66.05,10470885
2022-02-22 00:00:00+05:30,65.0,66.7,64.45,65.78,20409700
2022-02-23 00:00:00+05:30,65.8,66.85,65.8,66.33,10145349
2022-02-24 00:00:00+05:30,65.23,65.58,62.33,62.62,24915340
2022-02-25 00:00:00+05:30,64.28,67.05,63.97,66.72,22461841
2022-02-28 00:00:00+05:30,65.68,70.5,65.4,70.15,35587691
2022-03-02 00:00:00+05:30,69.18,73.2,69.18,72.0,51608094
2022-03-03 00:00:00+05:30,72.67,73.32,70.88,71.68,28625698
2022-03-04 00:00:00+05:30,71.33,74.92,70.85,71.63,46128380
2022-03-07 00:00:00+05:30,70.93,72.8,68.85,71.42,38244035
2022-03-09 00:00:00+05:30,71.47,75.12,71.07,74.15,30245266
2022-03-10 00:00:00+05:30,75.12,75.5,71.88,72.25,37328696
2022-03-11 00:00:00+05:30,72.75,72.93,71.37,71.6,29348392
2022-03-14 00:00:00+05:30,72.0,72.03,69.73,69.93,28491565
2022-03-15 00:00:00+05:30,69.33,70.05,67.75,68.52,23328490
2022-03-16 00:00:00+05:30,69.63,69.97,68.87,69.67,23656147
2022-03-17 00:00:00+05:30,70.07,70.6,69.0,69.8,36269528
2022-03-21 00:00:00+05:30,70.0,71.47,68.97,69.63,38413835
2022-03-22 00:00:00+05:30,69.77,70.22,68.33,69.93,19632079
2022-03-23 00:00:00+05:30,71.3,71.3,68.95,69.13,33279775
2022-03-24 00:00:00+05:30,68.63,69.68,68.08,69.17,15609300
2022-03-25 00:00:00+05:30,69.37,69.4,68.32,68.67,22413370
2022-03-28 00:00:00+05:30,68.67,68.93,67.85,68.35,13461477
2022-03-29 00:00:00+05:30,68.67,69.53,68.5,69.13,12104067
2022-03-30 00:00:00+05:30,70.63,70.63,69.22,69.48,22181899
2022-03-31 00:00:00+05:30,70.07,70.78,68.92,70.27,21738034
2022-04-01 00:00:00+05:30,70.32,72.33,70.08,71.7,45845882
2022-04-04 00:00:00+05:30,72.5,73.45,71.93,73.15,29426581
2022-04-05 00:00:00+05:30,73.8,74.57,72.5,72.87,29299198
2022-04-06 00:00:00+05:30,72.67,73.67,72.4,73.33,27765655
2022-04-07 00:00:00+05:30,74.0,79.3,73.85,78.12,162897513
2022-04-08 00:00:00+05:30,79.57,80.73,78.32,79.87,86792336
2022-04-11 00:00:00+05:30,80.62,82.73,80.35,81.32,53098245
2022-04-12 00:00:00+05:30,81.32,82.13,79.15,80.8,34166948
2022-04-13 00:00:00+05:30,81.35,83.42,81.35,82.37,35185766
2022-04-18 00:00:00+05:30,82.0,85.43,81.42,84.98,58066716
2022-04-19 00:00:00+05:30,85.0,86.5,82.68,83.43,39192848
2022-04-20 00:00:00+05:30,84.23,85.2,83.53,84.43,31402828
2022-04-21 00:00:00+05:30,84.82,86.23,83.97,84.3,32102494
2022-04-22 00:00:00+05:30,84.15,85.55,83.62,83.88,14025423
2022-04-25 00:00:00+05:30,83.33,83.33,80.92,81.93,15988692
2022-04-26 00:00:00+05:30,82.35,84.47,82.33,83.5,16455561
2022-04-27 00:00:00+05:30,82.52,82.98,80.95,82.17,13818495
2022-04-28 00:00:00+05:30,83.33,83.33,81.17,82.22,9256521
2022-04-29 00:00:00+05:30,82.58,83.28,78.92,79.52,21932494
2022-05-02 00:00:00+05:30,78.33,79.8,77.9,79.38,13942155
2022-05-04 00:00:00+05:30,79.67,79.95,76.27,77.07,16041333
2022-05-05 00:00:00+05:30,78.28,79.47,77.33,78.3,18857413
2022-05-06 00:00:00+05:30,77.42,78.08,75.75,76.05,16795459
2022-05-09 00:00:00+05:30,75.0,75.72,73.83,75.17,23472796
2022-05-10 00:00:00+05:30,75.0,76.47,74.03,74.3,13234959
2022-05-11 00:00:00+05:30,74.97,75.07,71.92,73.0,17541397
2022-05-12 00:00:00+05:30,73.33,74.38,72.05,72.77,23454805
2022-05-13 00:00:00+05:30,73.47,75.23,72.37,72.92,12118287
2022-05-16 00:00:00+05:30,72.93,75.85,72.1,75.62,15258537
2022-05-17 00:00:00+05:30,76.27,77.97,75.38,77.58,17055901
2022-05-18 00:00:00+05:30,78.17,79.08,77.33,77.7,18878983
2022-05-19 00:00:00+05:30,76.5,76.93,74.73,75.83,11176905
2022-05-20 00:00:00+05:30,77.0,79.45,76.52,78.32,17729134
2022-05-23 00:00:00+05:30,78.75,80.07,76.77,77.13,15413691
2022-05-24 00:00:00+05:30,73.33,77.78,73.03,77.22,36815834
2022-05-25 00:00:00+05:30,77.33,78.48,75.17,75.45,12376107
2022-05-26 00:00:00+05:30,75.73,76.52,74.2,75.33,11313504
2022-05-27 00:00:00+05:30,76.67,77.55,75.73,76.97,11187723
2022-05-30 00:00:00+05:30,77.97,78.43,76.33,76.88,8326164
2022-05-31 00:00:00+05:30,77.13,78.65,76.55,78.25,13674072
2022-06-01 00:00:00+05:30,78.45,82.57,78.25,82.03,34360022
2022-06-02 00:00:00+05:30,82.73,83.18,81.38,81.92,26049856
2022-06-03 00:00:00+05:30,82.33,82.65,80.58,80.75,11056728
2022-06-06 00:00:00+05:30,80.3,81.78,79.43,81.13,13057254
2022-06-07 00:00:00+05:30,82.0,82.85,80.72,81.93,28241431
2022-06-08 00:00:00+05:30,82.32,83.48,81.35,81.77,24623398
2022-06-09 00:00:00+05:30,81.73,82.48,81.03,81.85,6650814
2022-06-10 00:00:00+05:30,81.0,82.48,80.5,82.23,9887892
2022-06-13 00:00:00+05:30,81.0,81.0,78.28,78.5,13056528
2022-06-14 00:00:00+05:30,78.02,80.8,78.02,80.45,11702244
2022-06-15 00:00:00+05:30,81.03,81.22,79.62,80.05,9599067
2022-06-16 00:00:00+05:30,80.4,81.3,77.03,77.47,12906030
2022-06-17 00:00:00+05:30,76.67,79.55,76.27,78.23,20333782
2022-06-20 00:00:00+05:30,78.33,78.75,74.57,75.72,12914700
2022-06-21 00:00:00+05:30,76.62,77.47,76.08,76.75,12811437
2022-06-22 00:00:00+05:30,76.38,76.65,75.02,75.28,11056173
2022-06-23 00:00:00+05:30,75.6,76.1,75.02,75.63,9004842
2022-06-24 00:00:00+05:30,76.32,77.97,76.1,77.83,9668958
2022-06-27 00:00:00+05:30,78.33,80.43,78.23,80.02,14977953
2022-06-28 00:00:00+05:30,79.82,80.17,78.27,78.82,9497565
2022-06-29 00:00:00+05:30,78.3,79.23,78.07,78.7,20182624
2022-06-30 00:00:00+05:30,78.5,79.73,77.27,78.03,19573900
2022-07-01 00:00:00+05:30,77.67,78.5,75.75,76.6,15324042
2022-07-04 00:00:00+05:30,76.23,77.55,75.65,76.57,13538427
2022-07-05 00:00:00+05:30,77.27,78.3,76.03,76.4,14922519
2022-07-06 00:00:00+05:30,76.6,77.23,74.72,77.02,21103465
2022-07-07 00:00:00+05:30,77.17,79.28,77.03,78.88,19351468
2022-07-08 00:00:00+05:30,79.37,80.82,77.82,78.67,21179419
2022-07-11 00:00:00+05:30,78.6,79.47,77.93,78.25,10090566
2022-07-12 00:00:00+05:30,77.83,78.93,76.73,77.42,12953874
2022-07-13 00:00:00+05:30,77.3,78.43,77.0,77.82,12866319
2022-07-14 00:00:00+05:30,78.0,79.32,77.88,79.13,16879225
2022-07-15 00:00:00+05:30,79.17,82.23,79.13,81.83,24300106
2022-07-18 00:00:00+05:30,83.25,86.93,83.05,84.82,114055482
2022-07-19 00:00:00+05:30,84.53,86.22,84.02,85.05,30352654
2022-07-20 00:00:00+05:30,86.03,86.17,84.33,84.97,16157313
2022-07-21 00:00:00+05:30,85.0,89.97,84.8,89.57,56209251
2022-07-22 00:00:00+05:30,89.95,90.03,88.47,88.93,28925542
2022-07-25 00:00:00+05:30,89.9,91.47,89.35,90.02,31798483
2022-07-26 00:00:00+05:30,90.25,90.33,87.67,88.97,16387791
2022-07-27 00:00:00+05:30,89.42,91.28,89.27,91.05,26434414
2022-07-28 00:00:00+05:30,91.33,92.3,90.38,90.78,26787640
2022-07-29 00:00:00+05:30,91.33,92.1,90.67,91.73,14660187
2022-08-01 00:00:00+05:30,92.07,95.93,90.97,94.73,24181114
2022-08-02 00:00:00+05:30,95.3,95.68,93.03,94.0,32577613
2022-08-03 00:00:00+05:30,94.33,94.7,91.33,92.28,15700254
2022-08-04 00:00:00+05:30,92.75,95.83,91.98,94.72,39839990
2022-08-05 00:00:00+05:30,94.97,95.0,89.08,92.05,80363788
2022-08-08 00:00:00+05:30,91.82,94.53,91.6,93.95,26091223
2022-08-10 00:00:00+05:30,93.93,96.1,93.58,95.8,28967341
2022-08-11 00:00:00+05:30,96.17,97.42,95.22,95.82,23053885
2022-08-12 00:00:00+05:30,96.0,97.38,95.73,97.03,13774848
2022-08-16 00:00:00+05:30,97.5,98.45,96.72,97.92,18326536
2022-08-17 00:00:00+05:30,98.42,98.57,96.87,97.12,12973041
2022-08-18 00:00:00+05:30,97.02,98.17,95.58,96.25,16134525
2022-08-19 00:00:00+05:30,96.5,97.4,94.45,95.03,17598679
2022-08-22 00:00:00+05:30,95.0,96.75,94.27,96.37,18811093
2022-08-23 00:00:00+05:30,95.77,99.87,95.63,99.48,30535759
2022-08-24 00:00:00+05:30,100.0,100.3,97.17,98.02,20796508
2022-08-25 00:00:00+05:30,98.52,99.77,98.35,98.9,22580239
2022-08-26 00:00:00+05:30,99.17,102.63,99.17,101.78,31345069
2022-08-29 00:00:00+05:30,100.6,103.77,100.22,102.95,27834196
2022-08-30 00:00:00+05:30,103.77,103.95,101.05,102.17,25458349
2022-09-01 00:00:00+05:30,102.28,106.93,102.0,106.6,11255253
2022-09-02 00:00:00+05:30,107.0,109.9,106.83,108.18,12338750
2022-09-05 00:00:00+05:30,109.28,109.63,108.12,109.3,8024208
2022-09-06 00:00:00+05:30,109.82,111.27,108.27,108.55,9454580
2022-09-07 00:00:00+05:30,108.8,109.92,108.58,109.75,4672021
2022-09-08 00:00:00+05:30,110.33,110.47,109.03,109.38,4606968
2022-09-09 00:00:00+05:30,109.67,110.93,109.23,109.38,5577313
2022-09-12 00:00:00+05:30,109.95,113.27,108.68,112.85,13024168
2022-09-13 00:00:00+05:30,113.5,113.87,111.68,111.93,6283690
2022-09-14 00:00:00+05:30,111.67,113.15,111.02,111.97,16278885
2022-09-15 00:00:00+05:30,114.65,114.65,108.6,111.1,25546721
2022-09-16 00:00:00+05:30,111.35,113.5,109.45,111.0,27674414
2022-09-19 00:00:00+05:30,112.35,113.75,110.0,110.5,18503187
2022-09-20 00:00:00+05:30,111.5,112.1,110.0,110.2,13735598
2022-09-21 00:00:00+05:30,110.4,110.55,107.65,108.45,16929538
2022-09-22 00:00:00+05:30,108.6,112.0,107.6,110.0,20699563
2022-09-23 00:00:00+05:30,110.55,111.0,106.1,106.65,15209938
2022-09-26 00:00:00+05:30,105.0,105.0,99.5,100.7,41559816
2022-09-27 00:00:00+05:30,101.25,101.85,98.45,99.75,28775321
2022-09-28 00:00:00+05:30,99.0,100.95,98.6,99.15,24889526
2022-09-29 00:00:00+05:30,99.9,100.7,98.35,99.0,73984961
2022-09-30 00:00:00+05:30,99.35,101.35,96.25,100.95,28502782
2022-10-03 00:00:00+05:30,101.45,103.0,98.1,98.45,21397465
2022-10-04 00:00:00+05:30,100.25,102.45,99.85,102.05,14766125
2022-10-06 00:00:00+05:30,102.95,105.0,102.4,104.65,20519345
2022-10-07 00:00:00+05:30,105.2,106.5,104.0,106.25,20044784
2022-10-10 00:00:00+05:30,105.1,105.6,103.95,104.45,11511857
2022-10-11 00:00:00+05:30,105.0,105.4,102.55,103.05,11738187
2022-10-12 00:00:00+05:30,102.65,103.45,101.0,103.25,6658947
2022-10-13 00:00:00+05:30,103.25,104.4,101.05,101.4,7795332
2022-10-14 00:00:00+05:30,103.0,103.6,100.45,100.8,7476330
2022-10-17 00:00:00+05:30,100.5,102.75,99.95,101.8,9943138
2022-10-18 00:00:00+05:30,102.35,106.9,102.05,105.95,21759956
2022-10-19 00:00:00+05:30,106.65,109.2,105.3,105.9,22873353
2022-10-20 00:00:00+05:30,106.8,109.15,106.55,108.0,25573615
2022-10-21 00:00:00+05:30,108.55,108.95,102.7,103.55,19878462
2022-10-24 00:00:00+05:30,104.6,105.35,104.35,104.8,3727915
2022-10-25 00:00:00+05:30,105.0,105.5,103.55,105.05,13216251
2022-10-27 00:00:00+05:30,105.65,108.9,105.05,107.85,29987630
2022-10-28 00:00:00+05:30,108.0,108.55,103.9,105.35,20057983
2022-10-31 00:00:00+05:30,105.9,107.2,105.15,106.85,12792557
2022-11-01 00:00:00+05:30,107.3,110.4,106.75,108.5,26517996
2022-11-02 00:00:00+05:30,108.5,110.25,106.8,107.1,19881250
2022-11-03 00:00:00+05:30,106.8,112.2,106.5,109.95,34161749
2022-11-04 00:00:00+05:30,110.6,111.4,108.6,108.95,22356840
2022-11-07 00:00:00+05:30,109.4,110.3,108.8,109.65,15331408
2022-11-09 00:00:00+05:30,110.2,111.2,107.65,108.05,17032758
2022-11-10 00:00:00+05:30,108.05,108.5,104.7,106.7,12932710
2022-11-11 00:00:00+05:30,108.0,108.45,106.7,107.3,11073812
2022-11-14 00:00:00+05:30,107.3,107.65,105.45,106.6,10547483
2022-11-15 00:00:00+05:30,106.7,107.4,105.45,107.05,11675112
2022-11-16 00:00:00+05:30,108.95,109.8,107.35,108.3,27370983
2022-11-17 00:00:00+05:30,108.2,111.35,108.1,110.6,26983603
2022-11-18 00:00:00+05:30,110.85,111.4,106.4,107.35,23960423
2022-11-21 00:00:00+05:30,107.1,107.2,104.5,105.8,16405850
2022-11-22 00:00:00+05:30,105.2,107.8,105.05,107.45,11998069
2022-11-23 00:00:00+05:30,108.0,109.1,106.35,106.9,21022832
2022-11-24 00:00:00+05:30,107.0,107.4,106.05,107.0,12820047
2022-11-25 00:00:00+05:30,107.3,108.0,106.65,107.15,8830169
2022-11-28 00:00:00+05:30,107.1,108.75,106.95,107.4,11289089
2022-11-29 00:00:00+05:30,107.9,107.9,105.25,106.15,8716335
2022-11-30 00:00:00+05:30,106.5,106.55,104.15,105.1,27869373
2022-12-01 00:00:00+05:30,105.65,106.35,103.85,104.15,19098420
2022-12-02 00:00:00+05:30,104.55,106.45,104.3,106.15,13013384
2022-12-05 00:00:00+05:30,106.35,107.6,105.0,107.45,17472820
2022-12-06 00:00:00+05:30,107.25,108.4,105.5,105.7,13880227
2022-12-07 00:00:00+05:30,106.25,107.15,105.45,105.7,11939909
2022-12-08 00:00:00+05:30,105.0,105.5,104.25,105.3,15788725
2022-12-09 00:00:00+05:30,106.0,106.9,104.5,105.8,12629365
2022-12-12 00:00:00+05:30,106.0,106.55,104.0,104.55,19332350
2022-12-13 00:00:00+05:30,105.1,105.4,104.4,105.15,7419842
2022-12-14 00:00:00+05:30,105.15,105.65,104.85,105.45,6168426
2022-12-15 00:00:00+05:30,105.25,105.65,102.75,103.25,10180059
2022-12-16 00:00:00+05:30,102.25,102.4,97.85,99.45,38360401
2022-12-19 00:00:00+05:30,99.45,100.85,97.75,100.45,22871894
2022-12-20 00:00:00+05:30,100.75,101.6,99.0,101.3,10478269
2022-12-21 00:00:00+05:30,101.85,102.2,98.45,99.2,11605389
2022-12-22 00:00:00+05:30,99.5,99.9,96.8,98.25,14575161
2022-12-23 00:00:00+05:30,98.95,99.15,96.0,96.55,23092679
2022-12-26 00:00:00+05:30,96.6,99.85,94.65,99.25,12095494
2022-12-27 00:00:00+05:30,99.8,100.95,98.4,100.25,10237798
2022-12-28 00:00:00+05:30,99.6,100.9,99.25,99.75,9470020
2022-12-29 00:00:00+05:30,98.5,99.8,98.3,98.9,11367064
2022-12-30 00:00:00+05:30,99.4,101.35,99.25,99.9,9236774
2023-01-02 00:00:00+05:30,100.4,101.2,99.9,100.25,6973552
2023-01-03 00:00:00+05:30,100.3,100.9,99.8,100.35,8833881
2023-01-04 00:00:00+05:30,100.7,100.9,98.45,98.75,8927128
2023-01-05 00:00:00+05:30,99.0,100.15,98.3,99.95,10448282
2023-01-06 00:00:00+05:30,99.8,100.5,98.7,98.95,7215940
2023-01-09 00:00:00+05:30,99.9,101.7,99.5,100.0,11920266
2023-01-10 00:00:00+05:30,100.0,100.1,98.3,99.15,10397112
2023-01-11 00:00:00+05:30,100.35,100.75,99.55,100.2,11130194
2023-01-12 00:00:00+05:30,100.45,100.5,98.9,99.4,9299447
2023-01-13 00:00:00+05:30,99.5,100.1,97.4,99.95,11684608
2023-01-16 00:00:00+05:30,100.45,103.0,100.2,102.1,16485682
2023-01-17 00:00:00+05:30,102.35,103.0,101.5,102.9,11762030
2023-01-18 00:00:00+05:30,103.1,104.0,102.1,102.7,13005273
2023-01-19 00:00:00+05:30,102.0,103.0,101.85,102.85,4842895
2023-01-20 00:00:00+05:30,102.9,103.4,101.6,101.8,7912700
2023-01-23 00:00:00+05:30,102.35,102.5,101.1,101.55,9725869
2023-01-24 00:00:00+05:30,101.55,101.85,100.15,100.65,10169994
2023-01-25 00:00:00+05:30,100.2,100.9,98.8,99.15,9232812
2023-01-27 00:00:00+05:30,99.6,99.95,92.45,94.3,24624255
2023-01-30 00:00:00+05:30,92.95,92.95,87.0,88.95,62828817
2023-01-31 00:00:00+05:30,90.3,96.25,89.05,94.95,59004021
2023-02-01 00:00:00+05:30,97.0,97.25,89.05,90.95,44092961
2023-02-02 00:00:00+05:30,89.55,93.5,88.3,93.1,24502896
2023-02-03 00:00:00+05:30,93.4,94.4,91.7,93.85,15906920
2023-02-06 00:00:00+05:30,93.5,95.0,93.2,94.5,7014662
2023-02-07 00:00:00+05:30,94.5,95.1,93.75,94.45,10315670
2023-02-08 00:00:00+05:30,94.95,96.3,94.35,96.1,11577350
2023-02-09 00:00:00+05:30,96.35,96.7,95.55,95.8,6577385
2023-02-10 00:00:00+05:30,95.55,96.65,95.35,96.25,10685751
2023-02-13 00:00:00+05:30,96.25,97.2,94.45,94.65,13582939
2023-02-14 00:00:00+05:30,94.8,95.15,93.1,94.6,9624926
2023-02-15 00:00:00+05:30,94.05,94.8,93.4,94.65,11575131
2023-02-16 00:00:00+05:30,95.9,98.4,94.25,97.75,32927840
2023-02-17 00:00:00+05:30,97.55,98.65,96.2,96.45,20383244
2023-02-20 00:00:00+05:30,96.7,96.75,94.2,94.9,17505922
2023-02-21 00:00:00+05:30,95.95,96.2,94.6,95.55,11933886
2023-02-22 00:00:00+05:30,95.7,96.15,94.8,95.0,14589841
2023-02-23 00:00:00+05:30,95.1,95.7,93.65,95.4,16196352
2023-02-24 00:00:00+05:30,95.65,95.9,95.0,95.35,8061923
2023-02-27 00:00:00+05:30,95.35,95.7,93.15,95.4,13928820
2023-02-28 00:00:00+05:30,95.15,96.15,94.4,94.6,10965145
2023-03-01 00:00:00+05:30,95.2,97.1,94.8,97.05,14285091
2023-03-02 00:00:00+05:30,97.2,97.55,96.2,96.7,10048980
2023-03-03 00:00:00+05:30,97.25,97.7,95.6,95.85,7933388
2023-03-06 00:00:00+05:30,96.35,97.25,95.9,96.5,8285368
2023-03-08 00:00:00+05:30,96.25,96.4,94.5,96.1,14291896
2023-03-09 00:00:00+05:30,96.15,96.9,95.25,95.45,7883554
2023-03-10 00:00:00+05:30,94.3,95.5,93.55,94.9,9619364
2023-03-13 00:00:00+05:30,94.05,94.9,91.9,92.35,11462824
2023-03-14 00:00:00+05:30,92.85,92.95,91.2,92.75,14284901
2023-03-15 00:00:00+05:30,93.5,94.25,92.2,92.6,8311664
2023-03-16 00:00:00+05:30,92.7,92.7,89.65,91.9,12278005
2023-03-17 00:00:00+05:30,93.1,94.7,92.9,93.4,13158429
2023-03-20 00:00:00+05:30,93.0,93.35,91.75,92.65,6577848
2023-03-21 00:00:00+05:30,93.0,93.45,92.35,93.1,5886364
2023-03-22 00:00:00+05:30,93.5,93.95,92.5,92.65,6096377
2023-03-23 00:00:00+05:30,92.3,92.75,90.85,92.1,9967972
2023-03-24 00:00:00+05:30,93.95,94.5,91.2,91.55,16649219
2023-03-27 00:00:00+05:30,93.1,93.75,91.35,91.75,15958144
2023-03-28 00:00:00+05:30,91.75,92.5,90.0,90.3,14997669
2023-03-29 00:00:00+05:30,90.2,92.05,89.9,91.55,36100251
2023-03-31 00:00:00+05:30,94.25,98.45,94.25,97.5,64445963
2023-04-03 00:00:00+05:30,98.95,99.0,95.8,96.6,24153422
2023-04-05 00:00:00+05:30,95.05,98.45,95.05,98.25,24873561
2023-04-06 00:00:00+05:30,97.6,99.0,97.55,98.75,11439816
2023-04-10 00:00:00+05:30,98.9,100.55,98.75,99.9,10869193
2023-04-11 00:00:00+05:30,100.4,100.95,98.8,100.0,8458388
2023-04-12 00:00:00+05:30,100.15,101.1,99.5,100.8,8936612
2023-04-13 00:00:00+05:30,100.8,101.8,100.5,100.9,9153121
2023-04-17 00:00:00+05:30,101.0,101.5,100.0,101.3,8315718
2023-04-18 00:00:00+05:30,101.4,103.85,101.2,102.95,19755690
2023-04-19 00:00:00+05:30,103.0,103.1,101.25,101.4,11270758
2023-04-20 00:00:00+05:30,101.5,103.3,101.35,102.85,13234340
2023-04-21 00:00:00+05:30,102.7,103.5,102.2,102.8,5622175
2023-04-24 00:00:00+05:30,102.8,103.2,101.5,101.8,5994078
2023-04-25 00:00:00+05:30,101.8,102.0,100.75,101.15,5694203
2023-04-26 00:00:00+05:30,100.8,101.9,100.4,101.65,4576455
2023-04-27 00:00:00+05:30,101.2,102.1,101.15,101.45,5362153
2023-04-28 00:00:00+05:30,101.95,103.45,101.25,103.3,11812226
2023-05-02 00:00:00+05:30,104.0,105.1,103.5,104.3,13598952
2023-05-03 00:00:00+05:30,104.15,106.55,103.65,106.35,16034319
2023-05-04 00:00:00+05:30,106.95,108.25,106.5,107.25,15414305
2023-05-05 00:00:00+05:30,107.05,107.95,105.8,106.3,9315810
2023-05-08 00:00:00+05:30,106.3,107.5,106.0,107.3,6721354
2023-05-09 00:00:00+05:30,107.2,108.15,106.6,107.55,10063321
2023-05-10 00:00:00+05:30,107.9,108.6,107.25,108.05,10359795
2023-05-11 00:00:00+05:30,108.25,109.0,107.5,108.6,9435000
2023-05-12 00:00:00+05:30,108.65,108.65,106.6,107.3,6855025
2023-05-15 00:00:00+05:30,107.1,108.6,106.9,107.65,7833289
2023-05-16 00:00:00+05:30,107.7,109.1,107.4,108.45,9051577
2023-05-17 00:00:00+05:30,108.8,109.75,107.95,108.25,9456088
2023-05-18 00:00:00+05:30,108.5,109.25,107.25,107.8,7220608
2023-05-19 00:00:00+05:30,107.8,107.85,105.7,107.0,9254980
2023-05-22 00:00:00+05:30,108.55,111.3,107.6,110.45,27946526
2023-05-23 00:00:00+05:30,110.95,111.05,107.75,107.9,15212101
2023-05-24 00:00:00+05:30,107.9,109.3,107.3,108.8,10722681
2023-05-25 00:00:00+05:30,108.0,110.75,108.0,109.6,11158044
2023-05-26 00:00:00+05:30,109.55,111.0,109.1,110.7,7956899
2023-05-29 00:00:00+05:30,110.8,111.8,110.2,111.45,10329819
2023-05-30 00:00:00+05:30,111.45,112.6,111.0,111.25,7803617
2023-05-31 00:00:00+05:30,110.55,112.45,110.2,112.15,15741522
2023-06-01 00:00:00+05:30,112.2,113.45,112.0,112.9,9185292
2023-06-02 00:00:00+05:30,113.4,113.5,112.0,113.3,9938693
2023-06-05 00:00:00+05:30,113.35,118.65,113.35,115.65,35214281
2023-06-06 00:00:00+05:30,116.25,118.5,115.9,118.05,18999553
2023-06-07 00:00:00+05:30,118.75,119.0,117.5,118.05,11262532
2023-06-08 00:00:00+05:30,118.5,118.7,116.4,117.55,11187085
2023-06-09 00:00:00+05:30,118.0,121.45,116.7,120.35,19873573
2023-06-12 00:00:00+05:30,120.95,123.9,118.75,119.1,24331332
2023-06-13 00:00:00+05:30,119.9,122.45,118.9,122.1,16552079
2023-06-14 00:00:00+05:30,122.35,123.15,121.1,121.4,8659747
2023-06-15 00:00:00+05:30,121.4,122.75,120.05,121.95,13948239
2023-06-16 00:00:00+05:30,122.3,127.25,121.65,125.0,32605844
2023-06-19 00:00:00+05:30,126.35,126.35,124.45,125.15,9950329
2023-06-20 00:00:00+05:30,125.0,126.55,123.95,125.15,15423335
2023-06-21 00:00:00+05:30,126.15,126.2,121.75,122.9,14012759
2023-06-22 00:00:00+05:30,123.55,127.25,123.05,124.0,24908300
2023-06-23 00:00:00+05:30,123.75,123.9,119.75,120.0,12361648
2023-06-26 00:00:00+05:30,121.0,122.55,120.05,121.4,17281901
2023-06-27 00:00:00+05:30,122.1,122.45,117.9,118.6,19060292
2023-06-28 00:00:00+05:30,119.15,122.4,118.1,122.1,61823052
2023-06-30 00:00:00+05:30,121.4,126.6,120.85,125.25,27843101
2023-07-03 00:00:00+05:30,126.0,126.0,122.7,124.0,15325619
2023-07-04 00:00:00+05:30,124.0,124.2,121.55,122.35,7554674
2023-07-05 00:00:00+05:30,122.55,123.75,121.05,122.15,15596126
2023-07-06 00:00:00+05:30,122.3,125.1,121.95,124.8,16814682
2023-07-07 00:00:00+05:30,124.35,125.9,123.7,124.0,22735133
2023-07-10 00:00:00+05:30,124.2,124.6,122.5,123.2,9002754
2023-07-11 00:00:00+05:30,123.45,128.65,123.45,127.45,46188855
2023-07-12 00:00:00+05:30,128.3,128.5,126.55,127.35,17872827
2023-07-13 00:00:00+05:30,127.75,128.75,125.0,125.8,12331337
2023-07-14 00:00:00+05:30,126.0,127.45,124.1,127.1,9535617
2023-07-17 00:00:00+05:30,127.8,128.2,126.4,126.95,9368111
2023-07-18 00:00:00+05:30,127.7,128.25,125.25,127.35,8966743
2023-07-19 00:00:00+05:30,127.75,127.75,126.7,127.0,8927010
2023-07-20 00:00:00+05:30,127.0,127.25,125.55,126.55,10160183
2023-07-21 00:00:00+05:30,126.35,126.6,124.75,124.95,9852158
2023-07-24 00:00:00+05:30,125.35,127.75,125.2,126.2,13081492
2023-07-25 00:00:00+05:30,126.55,127.2,125.4,127.15,7104933
2023-07-26 00:00:00+05:30,127.05,127.2,125.65,126.15,12640794
2023-07-27 00:00:00+05:30,126.2,128.75,126.0,127.2,11561367
2023-07-28 00:00:00+05:30,129.25,131.65,128.0,129.9,36575329
2023-07-31 00:00:00+05:30,130.3,130.95,128.9,130.7,16086343
2023-08-01 00:00:00+05:30,131.0,133.25,130.1,130.7,17020916
2023-08-02 00:00:00+05:30,130.45,130.55,123.7,125.5,20758450
2023-08-03 00:00:00+05:30,125.55,126.5,123.5,124.9,12356279
2023-08-04 00:00:00+05:30,126.3,128.05,125.55,127.65,10494875
2023-08-07 00:00:00+05:30,128.45,129.2,126.6,128.25,8273673
2023-08-08 00:00:00+05:30,128.7,130.0,127.65,129.2,12483157
2023-08-09 00:00:00+05:30,129.8,132.4,129.05,131.55,13020333
2023-08-10 00:00:00+05:30,131.6,133.1,129.1,130.0,11059243
2023-08-11 00:00:00+05:30,130.2,133.25,129.55,132.0,10931700
2023-08-14 00:00:00+05:30,131.95,131.95,129.5,130.8,8407711
2023-08-16 00:00:00+05:30,130.75,131.9,129.55,131.5,7026533
2023-08-17 00:00:00+05:30,131.45,131.45,128.25,128.7,7082158
2023-08-18 00:00:00+05:30,128.25,129.55,126.8,126.8,8946188
2023-08-21 00:00:00+05:30,127.2,129.65,127.2,129.65,4997542
2023-08-22 00:00:00+05:30,129.7,133.7,129.7,133.45,20559468
2023-08-23 00:00:00+05:30,133.95,135.4,132.85,133.1,19234108
2023-08-24 00:00:00+05:30,135.05,135.45,133.6,134.0,17396667
2023-08-25 00:00:00+05:30,137.25,137.35,133.05,133.1,33363151
2023-08-28 00:00:00+05:30,136.1,136.35,134.6,135.0,13055353
2023-08-29 00:00:00+05:30,135.3,135.85,134.1,134.7,11065630
2023-08-30 00:00:00+05:30,135.5,135.5,134.25,134.5,12473548
2023-08-31 00:00:00+05:30,134.55,135.0,132.2,133.55,14868314
2023-09-01 00:00:00+05:30,134.05,138.4,133.9,137.85,23415545
2023-09-04 00:00:00+05:30,139.5,142.35,139.2,140.55,28262276
2023-09-05 00:00:00+05:30,141.3,141.9,139.2,139.7,11695197
2023-09-06 00:00:00+05:30,140.5,140.75,137.75,138.3,10151022
2023-09-07 00:00:00+05:30,138.45,141.0,137.6,139.85,18438943
2023-09-08 00:00:00+05:30,140.55,144.3,140.2,143.3,16579557
2023-09-11 00:00:00+05:30,144.35,147.15,143.05,144.7,19902175
2023-09-12 00:00:00+05:30,144.6,144.95,133.6,134.15,48752780
2023-09-13 00:00:00+05:30,135.0,136.95,133.3,135.85,19282289
2023-09-14 00:00:00+05:30,138.0,138.7,135.5,136.8,13197189
2023-09-15 00:00:00+05:30,137.5,138.2,135.1,135.7,9651337
2023-09-18 00:00:00+05:30,145.0,145.0,139.0,139.9,51859825
2023-09-20 00:00:00+05:30,140.0,140.1,136.25,136.9,19080613
2023-09-21 00:00:00+05:30,137.0,138.0,134.6,135.25,9531884
2023-09-22 00:00:00+05:30,134.15,136.9,134.05,136.05,12604969
2023-09-25 00:00:00+05:30,136.3,136.85,133.6,136.6,14984591
2023-09-26 00:00:00+05:30,136.6,138.3,135.9,137.65,12315581
2023-09-27 00:00:00+05:30,137.4,137.55,135.7,136.6,8713378
2023-09-28 00:00:00+05:30,136.9,138.0,134.6,135.05,22012674
2023-09-29 00:00:00+05:30,136.0,138.65,135.75,138.3,8504659
2023-10-03 00:00:00+05:30,137.9,140.6,137.2,139.2,19010910
2023-10-04 00:00:00+05:30,138.0,139.15,136.55,138.85,14912053
2023-10-05 00:00:00+05:30,139.5,141.35,138.1,138.95,15996620
2023-10-06 00:00:00+05:30,139.0,140.5,138.65,139.0,4987359
2023-10-09 00:00:00+05:30,136.2,137.6,135.05,135.75,10489249
2023-10-10 00:00:00+05:30,137.4,141.0,136.5,139.95,15593722
2023-10-11 00:00:00+05:30,139.95,140.5,137.5,137.75,10778916
2023-10-12 00:00:00+05:30,137.95,138.7,137.2,138.2,7567439
2023-10-13 00:00:00+05:30,136.3,138.2,136.3,137.45,8303230
2023-10-16 00:00:00+05:30,137.0,137.9,136.55,137.4,7785480
2023-10-17 00:00:00+05:30,137.5,138.9,137.5,138.55,6076896
2023-10-18 00:00:00+05:30,138.75,138.95,136.4,137.05,6806231
2023-10-19 00:00:00+05:30,136.0,137.2,135.05,137.0,7775836
2023-10-20 00:00:00+05:30,136.7,136.9,133.5,134.2,8982112
2023-10-23 00:00:00+05:30,134.3,135.9,131.4,132.7,19333777
2023-10-25 00:00:00+05:30,132.5,134.65,129.25,131.2,10225867
2023-10-26 00:00:00+05:30,130.0,130.2,127.0,128.85,18167694
2023-10-27 00:00:00+05:30,129.25,132.85,129.25,132.2,8761931
2023-10-30 00:00:00+05:30,133.5,133.95,130.8,131.95,9052085
2023-10-31 00:00:00+05:30,132.5,133.65,130.75,133.25,8098744
2023-11-01 00:00:00+05:30,133.75,134.55,132.05,132.4,10431945
2023-11-02 00:00:00+05:30,133.7,135.0,133.3,134.75,4885035
2023-11-03 00:00:00+05:30,135.15,137.0,134.75,135.95,9154983
2023-11-06 00:00:00+05:30,136.95,138.0,136.0,137.65,7070089
2023-11-07 00:00:00+05:30,137.55,138.95,136.7,138.05,8587321
2023-11-08 00:00:00+05:30,137.75,141.15,137.7,140.4,9755483
2023-11-09 00:00:00+05:30,139.95,139.95,137.6,137.95,5481774
2023-11-10 00:00:00+05:30,137.5,139.1,137.05,138.8,5781314
2023-11-12 00:00:00+05:30,139.95,140.3,139.3,139.6,1362464
2023-11-13 00:00:00+05:30,139.15,144.2,139.05,143.4,20245049
2023-11-15 00:00:00+05:30,144.5,145.4,142.5,143.05,11440473
2023-11-16 00:00:00+05:30,143.25,144.35,142.2,142.6,11453235
2023-11-17 00:00:00+05:30,142.85,146.5,141.8,146.1,13496261
2023-11-20 00:00:00+05:30,146.4,146.75,143.15,143.85,7741502
2023-11-21 00:00:00+05:30,144.15,144.55,142.25,142.85,9972235
2023-11-22 00:00:00+05:30,143.25,143.45,140.15,141.85,7445272
2023-11-23 00:00:00+05:30,141.85,142.55,139.1,139.35,13138745
2023-11-24 00:00:00+05:30,139.95,142.15,137.35,140.35,19614754
2023-11-28 00:00:00+05:30,141.65,141.8,140.4,141.3,8595693
2023-11-29 00:00:00+05:30,142.05,142.65,140.5,141.0,14680789
2023-11-30 00:00:00+05:30,141.0,146.35,140.75,145.9,27591484
2023-12-01 00:00:00+05:30,147.95,150.3,146.75,147.45,34466616
2023-12-04 00:00:00+05:30,152.0,157.5,151.6,153.55,51416976
2023-12-05 00:00:00+05:30,153.7,155.1,149.95,152.0,29109123
2023-12-06 00:00:00+05:30,152.6,157.15,151.85,156.15,26688698
2023-12-07 00:00:00+05:30,161.8,161.8,158.25,160.35,51346222
2023-12-08 00:00:00+05:30,161.35,162.35,157.3,158.75,22869782
2023-12-11 00:00:00+05:30,159.8,163.25,159.15,161.25,22941648
2023-12-12 00:00:00+05:30,162.45,162.8,160.0,160.8,16306341
2023-12-13 00:00:00+05:30,160.2,163.9,159.4,162.85,16804086
2023-12-14 00:00:00+05:30,163.1,164.35,162.6,164.0,13887946
2023-12-15 00:00:00+05:30,166.0,170.2,165.25,169.05,39766631
2023-12-18 00:00:00+05:30,171.75,174.35,169.45,172.7,35901409
2023-12-19 00:00:00+05:30,172.9,174.4,171.1,173.05,14732129
2023-12-20 00:00:00+05:30,173.75,176.3,166.15,167.25,24511237
2023-12-21 00:00:00+05:30,165.0,171.85,164.05,170.65,22646625
2023-12-22 00:00:00+05:30,171.95,175.25,169.4,174.8,19640046
2023-12-26 00:00:00+05:30,178.0,184.5,178.0,181.95,52736391
2023-12-27 00:00:00+05:30,184.0,184.9,179.1,180.2,26206240
2023-12-28 00:00:00+05:30,181.5,184.25,180.8,182.7,20453485
2023-12-29 00:00:00+05:30,182.95,185.2,181.1,184.2,19305150
2024-01-01 00:00:00+05:30,184.8,187.0,184.45,184.95,18008785
2024-01-02 00:00:00+05:30,186.0,186.2,179.75,182.15,22790965
2024-01-03 00:00:00+05:30,182.35,184.7,180.6,182.35,18738690
2024-01-04 00:00:00+05:30,182.5,187.65,182.5,186.9,25403124
2024-01-05 00:00:00+05:30,187.7,188.65,184.05,185.95,22023938
2024-01-08 00:00:00+05:30,186.75,187.5,183.2,183.6,11472441
2024-01-09 00:00:00+05:30,184.9,186.7,184.2,184.65,11550790
2024-01-10 00:00:00+05:30,184.4,186.0,182.05,185.6,8701594
2024-01-11 00:00:00+05:30,187.0,187.65,183.8,184.35,10942508
2024-01-12 00:00:00+05:30,185.35,185.5,183.1,183.5,8853157
2024-01-15 00:00:00+05:30,184.9,189.9,184.1,188.65,24570393
2024-01-16 00:00:00+05:30,188.9,190.25,185.1,186.8,16471601
2024-01-17 00:00:00+05:30,186.3,188.5,183.8,185.65,16350370
2024-01-18 00:00:00+05:30,185.65,189.0,180.0,188.2,24831623
2024-01-19 00:00:00+05:30,190.0,193.7,190.0,191.85,22303305
2024-01-20 00:00:00+05:30,193.0,195.0,190.7,193.4,12654436
2024-01-23 00:00:00+05:30,195.25,195.5,184.4,187.1,26628471
2024-01-24 00:00:00+05:30,186.8,190.2,184.0,189.25,14742783
2024-01-25 00:00:00+05:30,190.75,192.0,188.3,189.7,12592882
2024-01-29 00:00:00+05:30,190.0,193.7,187.55,190.9,28919512
2024-01-30 00:00:00+05:30,192.0,192.35,187.0,187.9,20894159
2024-01-31 00:00:00+05:30,188.2,189.1,184.85,185.9,23757415
2024-02-01 00:00:00+05:30,187.7,188.4,181.55,183.4,27835431
2024-02-02 00:00:00+05:30,185.0,187.75,183.85,184.6,27710061
2024-02-05 00:00:00+05:30,187.0,187.0,178.8,181.55,23880364
2024-02-06 00:00:00+05:30,182.4,183.55,180.7,183.1,12134363
2024-02-07 00:00:00+05:30,184.15,184.15,179.65,181.7,14192151
2024-02-08 00:00:00+05:30,182.2,187.1,181.75,184.8,29094709
2024-02-09 00:00:00+05:30,185.5,185.7,176.5,180.65,21081134
2024-02-12 00:00:00+05:30,181.25,183.1,173.65,174.65,19640568
2024-02-13 00:00:00+05:30,174.75,176.9,171.75,176.6,13961795
2024-02-14 00:00:00+05:30,177.25,182.15,175.3,181.6,23449380
2024-02-15 00:00:00+05:30,183.0,186.3,182.6,185.95,17335763
2024-02-16 00:00:00+05:30,189.0,190.4,186.85,188.3,29843059
2024-02-19 00:00:00+05:30,189.95,192.5,188.3,188.75,25343215
2024-02-20 00:00:00+05:30,189.1,191.45,186.25,190.65,17809897
2024-02-21 00:00:00+05:30,191.3,192.55,187.0,188.7,17870782
2024-02-22 00:00:00+05:30,189.75,196.0,188.7,194.75,31992371
2024-02-23 00:00:00+05:30,196.3,207.0,195.95,205.3,76179371
2024-02-26 00:00:00+05:30,205.65,206.9,202.8,204.25,27013630
2024-02-27 00:00:00+05:30,203.55,209.0,203.1,205.35,28877205
2024-02-28 00:00:00+05:30,206.2,209.0,201.45,205.65,38996363
2024-02-29 00:00:00+05:30,205.45,205.9,199.75,205.1,24059731
2024-03-01 00:00:00+05:30,205.95,208.05,204.8,205.6,12949604
2024-03-02 00:00:00+05:30,206.0,207.7,205.9,206.75,1497553
2024-03-04 00:00:00+05:30,207.95,212.95,206.35,209.6,34272251
2024-03-05 00:00:00+05:30,211.0,213.75,209.85,210.75,24964592
2024-03-06 00:00:00+05:30,211.8,213.45,205.6,210.45,26236957
2024-03-07 00:00:00+05:30,211.45,216.8,211.15,215.2,41484038
2024-03-11 00:00:00+05:30,216.45,216.45,211.9,212.55,22800967
2024-03-12 00:00:00+05:30,211.0,211.35,201.5,204.25,34719550
2024-03-13 00:00:00+05:30,204.1,205.6,188.2,190.3,41620003
2024-03-14 00:00:00+05:30,189.0,197.15,186.25,195.25,34622781
2024-03-15 00:00:00+05:30,196.75,196.75,179.1,188.85,88781999
2024-03-18 00:00:00+05:30,190.0,192.0,187.05,189.9,22999225
2024-03-19 00:00:00+05:30,190.0,192.45,184.55,185.4,27819341
2024-03-20 00:00:00+05:30,186.9,187.95,182.5,187.45,16235947
2024-03-21 00:00:00+05:30,190.0,197.5,190.0,196.85,43152810
2024-03-22 00:00:00+05:30,196.5,198.95,192.75,197.5,31321524
2024-03-26 00:00:00+05:30,197.0,200.5,195.95,199.4,25723863
2024-03-27 00:00:00+05:30,200.0,203.95,198.0,199.45,37817130
2024-03-28 00:00:00+05:30,200.5,202.45,199.0,201.5,17425093
2024-04-01 00:00:00+05:30,205.0,212.75,203.75,211.1,45840349
2024-04-02 00:00:00+05:30,213.75,222.65,212.6,221.0,93873385
2024-04-03 00:00:00+05:30,221.7,225.45,218.85,221.5,47658754
2024-04-04 00:00:00+05:30,223.5,223.9,218.25,220.3,18279026
2024-04-05 00:00:00+05:30,220.35,226.0,218.75,224.5,25365958
2024-04-08 00:00:00+05:30,225.55,225.7,222.1,223.55,16422350
2024-04-09 00:00:00+05:30,224.8,228.9,221.2,228.15,29048035
2024-04-10 00:00:00+05:30,229.0,232.85,226.5,228.75,37218693
2024-04-12 00:00:00+05:30,231.3,235.4,230.55,233.5,57174716
2024-04-15 00:00:00+05:30,230.0,238.0,226.0,234.45,51676313
2024-04-16 00:00:00+05:30,232.5,236.95,230.0,233.45,32508661
2024-04-18 00:00:00+05:30,235.6,237.4,229.2,231.15,18623078
2024-04-19 00:00:00+05:30,228.55,234.5,225.7,233.3,27227241
2024-04-22 00:00:00+05:30,236.0,236.15,232.3,233.3,17549094
2024-04-23 00:00:00+05:30,234.25,236.1,231.75,234.35,19202860
2024-04-24 00:00:00+05:30,235.25,239.15,234.1,236.5,33392337
2024-04-25 00:00:00+05:30,236.4,240.05,235.45,237.6,16197834
2024-04-26 00:00:00+05:30,238.5,241.65,237.9,238.95,20473627
2024-04-29 00:00:00+05:30,240.15,240.2,234.85,235.4,19876408
2024-04-30 00:00:00+05:30,236.3,237.3,233.2,233.75,14514418
2024-05-02 00:00:00+05:30,234.7,237.4,230.75,234.75,19171145
2024-05-03 00:00:00+05:30,237.1,238.0,231.15,234.1,15782582
2024-05-06 00:00:00+05:30,235.1,235.85,230.0,231.85,32422021
2024-05-07 00:00:00+05:30,232.5,235.8,225.45,227.4,26418769
2024-05-08 00:00:00+05:30,227.2,232.65,224.6,231.6,18952985
2024-05-09 00:00:00+05:30,234.5,238.2,225.3,226.2,35229412
2024-05-10 00:00:00+05:30,227.9,228.5,223.15,227.1,18478580
2024-05-13 00:00:00+05:30,228.4,228.7,221.0,224.75,32874369
2024-05-14 00:00:00+05:30,225.75,231.9,225.75,230.95,23191411
2024-05-15 00:00:00+05:30,231.8,234.5,229.55,232.85,33045920
2024-05-16 00:00:00+05:30,234.75,240.0,227.5,237.9,55556781
2024-05-17 00:00:00+05:30,241.0,249.65,237.85,248.2,82231249
2024-05-18 00:00:00+05:30,251.5,260.6,250.05,258.8,23608417
2024-05-21 00:00:00+05:30,283.0,283.0,271.05,274.15,127035921
2024-05-22 00:00:00+05:30,277.0,284.5,264.3,283.6,85801218
2024-05-23 00:00:00+05:30,286.3,293.3,283.2,288.5,70631009
2024-05-24 00:00:00+05:30,288.0,299.9,286.0,297.2,63609206
2024-05-27 00:00:00+05:30,301.75,303.2,289.65,294.45,49890427
2024-05-28 00:00:00+05:30,295.7,295.75,285.05,289.1,33893805
2024-05-29 00:00:00+05:30,285.4,293.95,285.0,292.15,31645904
2024-05-30 00:00:00+05:30,293.0,296.3,289.65,290.65,42769599
2024-05-31 00:00:00+05:30,294.2,297.2,286.3,295.95,51397345
2024-06-03 00:00:00+05:30,323.0,323.0,309.3,318.65,67256146
2024-06-04 00:00:00+05:30,312.0,312.0,230.05,255.55,268052657
2024-06-05 00:00:00+05:30,264.5,264.5,230.0,260.35,193487058
2024-06-06 00:00:00+05:30,267.0,281.5,267.0,273.65,95502477
2024-06-07 00:00:00+05:30,274.0,284.55,268.7,283.2,60109827
2024-06-10 00:00:00+05:30,288.9,292.0,281.1,283.4,42363741
2024-06-11 00:00:00+05:30,287.0,290.5,285.35,286.2,32269277
2024-06-12 00:00:00+05:30,287.9,293.0,286.05,290.5,33990756
2024-06-13 00:00:00+05:30,293.9,303.0,287.05,300.9,49511492
2024-06-14 00:00:00+05:30,305.0,310.5,301.5,309.6,67366844
2024-06-18 00:00:00+05:30,313.0,321.0,312.25,318.25,64859245
2024-06-19 00:00:00+05:30,319.9,319.9,304.1,309.3,58698689
2024-06-20 00:00:00+05:30,309.8,313.35,302.25,311.9,39505506
2024-06-21 00:00:00+05:30,312.7,314.0,304.1,304.95,37620968
2024-06-24 00:00:00+05:30,304.8,311.9,297.45,309.75,39139609
2024-06-25 00:00:00+05:30,310.9,314.95,309.2,309.7,29124110
2024-06-26 00:00:00+05:30,310.0,311.5,305.85,306.85,24238007
2024-06-27 00:00:00+05:30,306.1,308.15,301.2,304.5,39996580
2024-06-28 00:00:00+05:30,306.0,309.8,302.75,305.9,24256902
2024-07-01 00:00:00+05:30,310.95,312.5,305.85,307.65,39495237
2024-07-02 00:00:00+05:30,309.0,309.0,303.0,306.1,23974162
2024-07-03 00:00:00+05:30,307.0,315.45,305.75,314.5,44919849
2024-07-04 00:00:00+05:30,317.4,318.5,313.05,317.35,35591681
2024-07-05 00:00:00+05:30,317.65,326.8,314.5,324.05,63125211
2024-07-08 00:00:00+05:30,328.45,335.8,325.6,334.6,70983243
2024-07-09 00:00:00+05:30,338.0,339.35,328.7,334.8,52225572
2024-07-10 00:00:00+05:30,340.0,340.5,324.15,333.85,46779965
2024-07-11 00:00:00+05:30,335.5,338.2,333.0,335.5,31919433
2024-07-12 00:00:00+05:30,336.9,337.5,328.1,333.1,24517961
2024-07-15 00:00:00+05:30,336.0,336.05,331.0,331.4,22021926
2024-07-16 00:00:00+05:30,333.25,334.4,324.5,326.15,26585927
2024-07-18 00:00:00+05:30,326.5,326.7,312.3,313.55,48043715
2024-07-19 00:00:00+05:30,309.9,316.9,305.0,306.3,43313606
2024-07-22 00:00:00+05:30,306.0,314.7,297.3,312.3,39386992
2024-07-23 00:00:00+05:30,317.0,317.0,281.1,301.45,76513131
2024-07-24 00:00:00+05:30,302.5,306.5,299.3,300.1,24099148
2024-07-25 00:00:00+05:30,297.95,303.4,293.4,301.45,27820556
2024-07-26 00:00:00+05:30,303.8,310.5,302.0,309.9,24512844
2024-07-29 00:00:00+05:30,312.8,325.6,310.85,321.35,51391698
2024-07-30 00:00:00+05:30,325.2,326.55,317.6,318.1,41111245
2024-07-31 00:00:00+05:30,319.9,320.6,315.45,316.05,25709971
2024-08-01 00:00:00+05:30,317.7,317.7,308.05,311.15,28141436
2024-08-02 00:00:00+05:30,305.3,308.7,301.7,302.95,26155604
2024-08-05 00:00:00+05:30,289.85,297.45,285.0,290.25,50390560
2024-08-06 00:00:00+05:30,292.0,302.6,286.35,287.25,39171936
2024-08-07 00:00:00+05:30,295.5,301.0,289.8,300.2,22199473
2024-08-08 00:00:00+05:30,301.0,302.7,297.15,298.25,21963656
2024-08-09 00:00:00+05:30,302.5,305.0,300.65,302.2,15551076
2024-08-12 00:00:00+05:30,299.0,303.65,298.25,301.4,15361379
2024-08-13 00:00:00+05:30,302.0,302.65,295.4,296.15,14746085
2024-08-14 00:00:00+05:30,296.15,297.05,290.65,293.7,16641055
2024-08-16 00:00:00+05:30,296.5,303.9,296.0,303.3,21353408
2024-08-19 00:00:00+05:30,304.8,305.55,301.1,302.15,12232725
2024-08-20 00:00:00+05:30,302.15,304.5,297.8,303.15,14183642
2024-08-21 00:00:00+05:30,303.0,306.75,302.55,305.4,11862616
2024-08-22 00:00:00+05:30,306.4,306.9,303.5,304.5,13074829
2024-08-23 00:00:00+05:30,305.5,309.2,304.1,306.0,21891698
2024-08-26 00:00:00+05:30,308.7,308.9,305.8,306.7,15280637
2024-08-27 00:00:00+05:30,306.6,307.45,299.6,300.9,16873099
2024-08-28 00:00:00+05:30,301.05,304.5,299.5,299.95,14005947
2024-08-29 00:00:00+05:30,299.35,301.05,292.1,296.2,19185385
2024-08-30 00:00:00+05:30,296.8,302.15,294.35,299.3,28684991
2024-09-02 00:00:00+05:30,301.95,301.95,295.05,296.9,11713172
2024-09-03 00:00:00+05:30,300.0,301.35,296.75,297.15,13971488
2024-09-04 00:00:00+05:30,297.15,301.9,295.3,298.95,17937646
2024-09-05 00:00:00+05:30,299.0,299.5,290.0,290.6,26342723
2024-09-06 00:00:00+05:30,290.35,290.35,282.05,283.6,30062372
2024-09-09 00:00:00+05:30,282.0,284.5,275.75,281.55,29170063
2024-09-10 00:00:00+05:30,282.5,288.35,282.3,285.75,19982334
2024-09-11 00:00:00+05:30,286.45,290.45,284.35,288.05,21650737
2024-09-12 00:00:00+05:30,290.9,292.5,289.0,291.7,16102095
2024-09-13 00:00:00+05:30,293.0,294.0,289.6,289.95,12330463
2024-09-16 00:00:00+05:30,290.9,292.2,288.4,290.4,9184637
2024-09-17 00:00:00+05:30,290.5,290.85,283.9,284.3,15946216
2024-09-18 00:00:00+05:30,284.9,286.0,280.4,282.85,10450571
2024-09-19 00:00:00+05:30,284.0,284.85,267.1,272.7,44560220
2024-09-20 00:00:00+05:30,274.0,279.4,272.85,277.35,38501362
2024-09-23 00:00:00+05:30,280.0,286.7,278.65,286.3,19445968
2024-09-24 00:00:00+05:30,286.3,293.4,284.55,291.8,25346532
2024-09-25 00:00:00+05:30,294.0,295.0,287.65,289.85,19263084
2024-09-26 00:00:00+05:30,290.6,291.9,289.05,290.5,18343882
2024-09-27 00:00:00+05:30,292.35,294.85,289.2,293.45,208588855
2024-09-30 00:00:00+05:30,293.45,294.6,283.6,284.4,31863283
2024-10-01 00:00:00+05:30,285.1,286.6,282.55,283.95,13883476
2024-10-03 00:00:00+05:30,275.05,286.3,275.05,278.7,27321529
2024-10-04 00:00:00+05:30,278.7,281.9,273.55,277.2,17451235
2024-10-07 00:00:00+05:30,277.4,278.9,265.0,267.35,21704629
2024-10-08 00:00:00+05:30,267.0,281.5,265.55,280.25,29190708
2024-10-09 00:00:00+05:30,282.0,286.6,278.5,282.4,18984175
2024-10-10 00:00:00+05:30,283.95,289.6,283.4,286.9,19155691
2024-10-11 00:00:00+05:30,287.2,288.65,284.15,285.9,9677338
2024-10-14 00:00:00+05:30,286.1,289.2,284.65,285.7,11386559
2024-10-15 00:00:00+05:30,287.15,289.45,285.75,288.85,14701531
2024-10-16 00:00:00+05:30,288.15,291.05,284.75,285.7,11835439
2024-10-17 00:00:00+05:30,286.05,287.9,281.7,284.55,11695551
2024-10-18 00:00:00+05:30,282.9,287.8,277.8,287.15,10095514
2024-10-21 00:00:00+05:30,286.3,287.45,281.1,282.3,8393942
2024-10-22 00:00:00+05:30,282.0,282.15,270.65,271.65,15240897
2024-10-23 00:00:00+05:30,271.0,274.7,266.3,268.65,13503954
2024-10-24 00:00:00+05:30,269.0,273.15,268.35,271.35,10700271
2024-10-25 00:00:00+05:30,271.0,276.0,257.45,272.35,40406841
2024-10-28 00:00:00+05:30,276.7,277.95,267.4,270.05,24479817
2024-10-29 00:00:00+05:30,271.2,284.5,270.85,283.65,34271117
2024-10-30 00:00:00+05:30,283.45,294.75,282.05,288.55,40787587
2024-10-31 00:00:00+05:30,287.95,288.45,283.75,284.9,18720310
2024-11-01 00:00:00+05:30,286.65,290.25,286.0,288.65,5265231
2024-11-04 00:00:00+05:30,289.0,289.0,280.3,284.15,15157659
2024-11-05 00:00:00+05:30,282.5,287.2,277.15,286.35,18761867
2024-11-06 00:00:00+05:30,287.5,304.3,287.2,301.85,52804364
2024-11-07 00:00:00+05:30,301.0,302.0,296.1,300.35,24357430
2024-11-08 00:00:00+05:30,300.35,304.5,295.75,297.75,22935845
2024-11-11 00:00:00+05:30,297.5,303.8,294.4,299.75,20155408
2024-11-12 00:00:00+05:30,300.0,300.85,287.3,290.15,14292965
2024-11-13 00:00:00+05:30,288.0,288.85,279.45,281.55,20001842
2024-11-14 00:00:00+05:30,282.0,284.45,275.5,280.95,20541591
2024-11-18 00:00:00+05:30,283.0,286.7,277.25,278.05,13000137
2024-11-19 00:00:00+05:30,280.0,285.2,277.0,279.0,13160982
2024-11-21 00:00:00+05:30,278.45,278.45,270.25,275.45,14858108
2024-11-22 00:00:00+05:30,276.0,283.5,275.5,280.85,13268900
2024-11-25 00:00:00+05:30,290.0,299.0,287.95,292.35,49366681
2024-11-26 00:00:00+05:30,294.0,301.0,293.15,297.9,27347402
2024-11-27 00:00:00+05:30,298.85,307.95,297.45,307.35,39464505
2024-11-28 00:00:00+05:30,308.0,309.5,304.35,305.75,27772319
2024-11-29 00:00:00+05:30,305.7,310.6,305.0,308.0,23241947
2024-12-02 00:00:00+05:30,307.8,309.4,303.3,306.9,15549685
2024-12-03 00:00:00+05:30,309.0,312.75,307.8,312.1,21405136
2024-12-04 00:00:00+05:30,316.0,320.85,311.2,312.85,41441172
2024-12-05 00:00:00+05:30,314.0,315.4,310.6,314.5,17911694
2024-12-06 00:00:00+05:30,314.5,315.85,313.1,313.75,8359798
2024-12-09 00:00:00+05:30,313.6,317.1,313.25,314.6,11830104
2024-12-10 00:00:00+05:30,317.55,318.3,314.0,314.85,15811501
2024-12-11 00:00:00+05:30,314.9,316.5,313.0,314.1,9281006
2024-12-12 00:00:00+05:30,313.55,316.0,312.1,312.95,10978075
2024-12-13 00:00:00+05:30,313.0,316.35,308.15,315.65,15557064
2024-12-16 00:00:00+05:30,315.8,317.35,314.0,316.2,10543307
2024-12-17 00:00:00+05:30,315.55,318.65,310.0,310.6,18053073
2024-12-18 00:00:00+05:30,310.2,310.6,301.65,303.8,16598070
2024-12-19 00:00:00+05:30,295.0,300.45,295.0,298.5,13349532
2024-12-20 00:00:00+05:30,298.0,302.1,289.35,290.85,14964677
2024-12-23 00:00:00+05:30,294.0,295.3,288.0,294.35,10201072
2024-12-24 00:00:00+05:30,296.25,297.35,291.5,292.45,10685518
2024-12-26 00:00:00+05:30,293.0,296.0,292.5,295.2,9172485
2024-12-27 00:00:00+05:30,295.85,296.15,291.35,292.05,9495184
2024-12-30 00:00:00+05:30,292.05,292.5,282.85,284.9,25876258
2024-12-31 00:00:00+05:30,284.5,294.0,284.25,293.15,15725947
2025-01-01 00:00:00+05:30,293.15,294.6,290.25,293.9,6954271
2025-01-02 00:00:00+05:30,294.45,297.8,291.35,296.8,13361957
2025-01-03 00:00:00+05:30,296.5,297.25,291.5,291.95,8167968
2025-01-06 00:00:00+05:30,292.55,292.55,280.55,282.15,12638091
2025-01-07 00:00:00+05:30,282.15,288.2,281.05,287.0,13247733
2025-01-08 00:00:00+05:30,287.0,287.0,280.1,282.1,10996122
2025-01-09 00:00:00+05:30,281.25,284.1,279.6,281.25,12715512
2025-01-10 00:00:00+05:30,280.0,281.0,270.0,271.0,15317565
2025-01-13 00:00:00+05:30,265.0,268.9,258.3,259.6,19429753
2025-01-14 00:00:00+05:30,263.0,271.0,261.2,269.9,18938129
2025-01-15 00:00:00+05:30,272.0,272.2,266.3,267.85,11376064
2025-01-16 00:00:00+05:30,273.4,278.05,271.4,276.15,17234302
2025-01-17 00:00:00+05:30,275.45,283.9,274.05,282.15,12741720
2025-01-20 00:00:00+05:30,283.2,287.8,280.7,285.8,10483849
2025-01-21 00:00:00+05:30,285.8,286.9,278.25,279.0,13020489
2025-01-22 00:00:00+05:30,279.0,279.3,266.3,270.35,21272549
2025-01-23 00:00:00+05:30,268.8,276.95,267.1,273.95,11978782
2025-01-24 00:00:00+05:30,273.95,276.7,268.8,270.15,10164897
2025-01-27 00:00:00+05:30,267.0,267.0,261.8,262.95,13710859
2025-01-28 00:00:00+05:30,263.5,265.7,252.7,258.25,29049716
2025-01-29 00:00:00+05:30,259.0,268.0,259.0,267.2,14361301
2025-01-30 00:00:00+05:30,268.85,280.5,267.9,278.75,46735932
2025-01-31 00:00:00+05:30,283.9,294.2,281.6,292.65,50252116
2025-02-01 00:00:00+05:30,295.95,299.6,269.3,281.8,61832253
2025-02-03 00:00:00+05:30,277.85,277.85,263.3,274.15,41786023
2025-02-04 00:00:00+05:30,276.0,286.0,275.9,284.5,29035155
2025-02-05 00:00:00+05:30,285.65,291.8,285.0,288.95,18818511
2025-02-06 00:00:00+05:30,288.95,289.95,279.0,279.75,16834939
2025-02-07 00:00:00+05:30,280.75,282.3,273.1,277.05,26682639
2025-02-10 00:00:00+05:30,278.9,282.2,272.0,273.45,21789085
2025-02-11 00:00:00+05:30,273.8,274.0,262.75,265.05,23839025
2025-02-12 00:00:00+05:30,264.95,265.75,254.0,259.15,27997028
2025-02-13 00:00:00+05:30,259.15,265.5,258.6,261.55,18016813
2025-02-14 00:00:00+05:30,262.2,264.5,248.2,250.35,25683310
2025-02-17 00:00:00+05:30,248.95,250.0,242.6,248.5,24947159
2025-02-18 00:00:00+05:30,249.0,249.75,240.55,244.6,21180375
2025-02-19 00:00:00+05:30,240.7,254.0,240.25,253.4,21516255
2025-02-20 00:00:00+05:30,252.0,260.95,250.25,260.25,18922988
2025-02-21 00:00:00+05:30,259.5,262.5,254.4,256.1,16594628
2025-02-24 00:00:00+05:30,251.0,258.45,250.5,256.35,15409569
2025-02-25 00:00:00+05:30,256.35,258.55,255.35,256.65,14770656
2025-02-27 00:00:00+05:30,257.1,258.4,251.9,252.45,11087404
2025-02-28 00:00:00+05:30,250.0,250.95,243.5,246.25,17754591
2025-03-03 00:00:00+05:30,247.5,258.9,244.36,257.39,24644079
2025-03-04 00:00:00+05:30,253.89,266.5,252.5,264.71,24998454
2025-03-05 00:00:00+05:30,265.0,275.8,263.33,274.92,28499877
2025-03-06 00:00:00+05:30,276.21,281.0,271.83,272.95,22586087
2025-03-07 00:00:00+05:30,275.8,279.73,274.0,276.99,25542382
2025-03-10 00:00:00+05:30,278.6,283.47,271.55,272.33,20986855
2025-03-11 00:00:00+05:30,271.95,278.5,269.05,277.18,20980143
2025-03-13 00:00:00+05:30,283.0,285.8,279.42,280.07,38015489
2025-03-17 00:00:00+05:30,281.0,283.38,276.72,279.93,13883682
2025-03-18 00:00:00+05:30,282.0,286.0,280.31,285.31,15290505
2025-03-19 00:00:00+05:30,286.0,292.99,284.76,290.0,21098065
2025-03-20 00:00:00+05:30,294.81,297.78,291.1,297.05,27889890
2025-03-21 00:00:00+05:30,301.0,301.0,292.75,295.74,41751586
2025-03-24 00:00:00+05:30,296.9,304.9,296.35,302.1,29935092
2025-03-25 00:00:00+05:30,304.0,304.5,298.65,300.03,19364944
2025-03-26 00:00:00+05:30,301.07,305.5,298.49,299.54,23869923
2025-03-27 00:00:00+05:30,297.0,302.0,296.63,300.65,14453677
2025-03-28 00:00:00+05:30,304.0,306.58,299.07,301.32,20850848
2025-04-01 00:00:00+05:30,302.0,305.8,290.0,292.0,33171384
2025-04-02 00:00:00+05:30,289.9,290.75,274.45,282.4,52653587
2025-04-03 00:00:00+05:30,283.0,288.25,282.6,287.5,20968721
2025-04-04 00:00:00+05:30,287.1,288.0,278.3,280.0,19699594
2025-04-07 00:00:00+05:30,257.0,274.5,256.2,272.1,24954083
2025-04-08 00:00:00+05:30,282.45,288.0,276.6,281.45,26787606
2025-04-09 00:00:00+05:30,281.0,282.8,276.6,280.15,11389916
2025-04-11 00:00:00+05:30,283.0,287.0,282.65,285.0,13883110
2025-04-15 00:00:00+05:30,289.9,294.15,287.55,293.7,19512440
2025-04-16 00:00:00+05:30,293.5,295.35,291.3,293.6,12479078
2025-04-17 00:00:00+05:30,293.0,296.6,291.15,295.15,13609937
2025-04-21 00:00:00+05:30,297.5,301.6,295.15,299.95,14064356
2025-04-22 00:00:00+05:30,301.0,304.75,299.75,303.35,11962358
2025-04-23 00:00:00+05:30,305.6,310.3,301.8,305.85,21918666
2025-04-24 00:00:00+05:30,305.0,308.6,303.45,305.7,17241517
2025-04-25 00:00:00+05:30,306.8,307.8,293.7,297.6,20307004
2025-04-28 00:00:00+05:30,296.0,307.85,295.85,305.05,29913417
2025-04-29 00:00:00+05:30,306.55,319.45,305.8,317.1,57883471
2025-04-30 00:00:00+05:30,319.0,320.45,312.6,314.1,24863436
2025-05-02 00:00:00+05:30,310.8,317.75,310.6,311.35,18979609
2025-05-05 00:00:00+05:30,313.95,316.9,313.2,315.3,10955763
2025-05-06 00:00:00+05:30,315.65,319.3,309.2,310.5,17029890
2025-05-07 00:00:00+05:30,305.0,315.2,305.0,309.95,19274367
2025-05-08 00:00:00+05:30,310.5,313.7,304.8,307.15,17110997
2025-05-09 00:00:00+05:30,305.0,321.8,305.0,315.85,44244945
2025-05-12 00:00:00+05:30,325.0,325.0,316.2,322.8,39927141
2025-05-13 00:00:00+05:30,323.7,337.75,322.8,335.75,57985762
2025-05-14 00:00:00+05:30,339.0,346.0,334.5,344.35,43684324
2025-05-15 00:00:00+05:30,346.5,351.0,340.8,350.4,35959338
2025-05-16 00:00:00+05:30,351.6,371.15,349.6,363.9,68855818
2025-05-19 00:00:00+05:30,372.9,373.5,362.55,363.75,52003735
2025-05-20 00:00:00+05:30,369.4,371.0,358.5,363.8,67088831
2025-05-21 00:00:00+05:30,366.9,383.9,364.0,383.0,88688170
2025-05-22 00:00:00+05:30,383.0,386.75,379.0,383.4,43486783
2025-05-23 00:00:00+05:30,389.15,389.9,381.1,383.8,37666187
2025-05-26 00:00:00+05:30,384.9,385.8,378.5,384.55,26722908
2025-05-27 00:00:00+05:30,384.5,388.8,383.45,385.4,16859142
2025-05-28 00:00:00+05:30,385.45,393.5,384.1,390.45,27549144
2025-05-29 00:00:00+05:30,391.55,392.1,385.55,386.8,18562683
2025-05-30 00:00:00+05:30,386.8,390.0,383.65,384.6,23144580
2025-06-02 00:00:00+05:30,385.0,389.25,383.75,387.5,11943152
2025-06-03 00:00:00+05:30,387.5,391.8,385.5,386.0,18630318
2025-06-04 00:00:00+05:30,387.0,391.3,384.1,390.6,20648850
2025-06-05 00:00:00+05:30,393.7,394.7,389.5,393.5,20746844
2025-06-06 00:00:00+05:30,394.85,396.85,389.2,390.7,17366507
2025-06-09 00:00:00+05:30,394.0,395.3,391.8,392.45,13744521
2025-06-10 00:00:00+05:30,396.5,401.85,394.7,397.4,26456073
2025-06-11 00:00:00+05:30,398.25,398.25,390.6,392.9,18042738
2025-06-12 00:00:00+05:30,392.8,395.75,385.6,387.4,15555771
2025-06-13 00:00:00+05:30,379.65,397.75,379.5,394.2,35564550
2025-06-16 00:00:00+05:30,396.15,404.5,394.2,403.85,32061745
2025-06-17 00:00:00+05:30,405.8,407.5,400.5,401.75,24371681
2025-06-18 00:00:00+05:30,401.65,405.0,398.5,400.5,18879759
2025-06-19 00:00:00+05:30,401.0,403.8,393.45,398.55,18220823
2025-06-20 00:00:00+05:30,399.0,410.0,397.75,408.25,122552435
2025-06-23 00:00:00+05:30,411.0,422.4,409.05,420.9,43017721
2025-06-24 00:00:00+05:30,426.4,426.5,415.0,418.5,33807025
2025-06-25 00:00:00+05:30,420.3,420.4,405.0,406.05,29028317
2025-06-26 00:00:00+05:30,408.95,413.9,406.85,410.1,25730795
2025-06-27 00:00:00+05:30,410.5,416.8,409.5,414.5,41398277
2025-06-30 00:00:00+05:30,416.65,423.0,414.25,421.5,20350621
2025-07-01 00:00:00+05:30,424.8,436.0,424.1,432.25,35405785
2025-07-02 00:00:00+05:30,431.05,432.75,422.6,426.95,22843521
2025-07-03 00:00:00+05:30,427.7,430.7,424.05,426.25,13499244
2025-07-04 00:00:00+05:30,430.0,432.4,425.75,427.55,16618426
2025-07-07 00:00:00+05:30,427.45,427.45,416.15,417.1,22221724
2025-07-08 00:00:00+05:30,418.0,423.35,416.25,422.0,15970711
2025-07-09 00:00:00+05:30,423.95,424.0,416.5,417.65,14956297
2025-07-10 00:00:00+05:30,418.45,419.5,410.5,413.5,17914452
2025-07-11 00:00:00+05:30,411.0,413.2,405.1,409.3,15186245
2025-07-14 00:00:00+05:30,405.5,410.35,405.15,407.3,17844425
2025-07-15 00:00:00+05:30,408.5,412.9,407.8,408.95,11971127
2025-07-16 00:00:00+05:30,409.4,410.3,405.5,406.15,9173824
2025-07-17 00:00:00+05:30,406.15,408.7,403.05,404.2,7922270
2025-07-18 00:00:00+05:30,404.25,406.95,394.15,394.75,21172393
2025-07-21 00:00:00+05:30,394.6,400.95,391.1,399.95,12980473
2025-07-22 00:00:00+05:30,403.0,404.7,399.75,403.1,12447434
2025-07-23 00:00:00+05:30,403.5,404.9,396.6,400.2,10413255
2025-07-24 00:00:00+05:30,400.7,401.9,396.0,398.25,6767566
2025-07-25 00:00:00+05:30,399.0,400.7,393.5,395.2,9202508
2025-07-28 00:00:00+05:30,395.2,396.35,383.3,389.25,19856033
2025-07-29 00:00:00+05:30,390.0,390.75,378.0,388.25,25307639
2025-07-30 00:00:00+05:30,390.95,392.4,385.0,386.5,11335944
2025-07-31 00:00:00+05:30,379.0,388.25,378.8,383.1,9702316
2025-08-01 00:00:00+05:30,383.1,383.5,376.2,377.2,8702605
2025-08-04 00:00:00+05:30,379.0,390.25,376.45,389.55,13454379
2025-08-05 00:00:00+05:30,390.0,390.25,383.35,386.65,13482710
2025-08-06 00:00:00+05:30,392.0,393.5,387.1,389.7,16852693
2025-08-07 00:00:00+05:30,386.0,390.3,383.5,387.75,11520396
2025-08-08 00:00:00+05:30,385.3,387.4,383.6,384.6,7139111
2025-08-11 00:00:00+05:30,384.0,388.4,381.55,383.9,8910936
2025-08-12 00:00:00+05:30,384.0,385.35,379.55,380.35,9329093
2025-08-13 00:00:00+05:30,382.2,389.9,382.1,388.85,10930440
2025-08-14 00:00:00+05:30,387.85,388.0,382.55,384.9,8046552
2025-08-18 00:00:00+05:30,388.0,389.75,381.1,382.5,11778056
2025-08-19 00:00:00+05:30,382.5,383.7,377.5,380.05,11111204
2025-08-20 00:00:00+05:30,383.9,384.3,371.1,371.85,20289349
2025-08-21 00:00:00+05:30,373.0,377.4,371.5,374.2,12680853
2025-08-22 00:00:00+05:30,373.8,379.95,373.6,374.85,15246732
2025-08-25 00:00:00+05:30,377.85,380.05,371.5,372.05,8577673
2025-08-26 00:00:00+05:30,372.0,372.05,364.25,365.85,15718869
2025-08-28 00:00:00+05:30,364.05,367.75,361.2,363.85,12218065
2025-08-29 00:00:00+05:30,362.3,371.0,361.6,369.4,12739664
2025-09-01 00:00:00+05:30,369.95,375.25,367.55,373.9,8821349
2025-09-02 00:00:00+05:30,377.3,378.95,373.75,376.6,12169182
2025-09-03 00:00:00+05:30,377.75,381.2,377.1,378.7,9919255
2025-09-04 00:00:00+05:30,381.5,381.5,372.0,372.5,9288078
2025-09-05 00:00:00+05:30,374.0,375.5,368.5,370.8,7325669
2025-09-08 00:00:00+05:30,371.65,374.5,370.85,371.9,6897641
2025-09-09 00:00:00+05:30,371.9,374.0,369.9,371.95,10598912
2025-09-10 00:00:00+05:30,373.7,389.0,373.05,388.05,23174318
2025-09-11 00:00:00+05:30,389.6,392.5,384.05,385.15,19042696
2025-09-12 00:00:00+05:30,386.0,399.85,385.3,399.3,26356961
2025-09-15 00:00:00+05:30,400.0,403.1,395.7,398.45,18486916
2025-09-16 00:00:00+05:30,398.45,403.3,396.2,402.9,12467341
2025-09-17 00:00:00+05:30,405.5,416.65,405.0,412.2,31367478
2025-09-18 00:00:00+05:30,415.0,415.0,408.2,409.9,12000897
2025-09-19 00:00:00+05:30,409.0,413.45,408.25,408.9,16150731
2025-09-22 00:00:00+05:30,409.8,411.4,405.35,406.4,10884230
2025-09-23 00:00:00+05:30,406.4,407.7,402.3,404.45,11906108
2025-09-24 00:00:00+05:30,404.45,404.95,395.0,395.45,10835672
2025-09-25 00:00:00+05:30,395.45,406.45,392.45,403.15,23804019
2025-09-26 00:00:00+05:30,403.65,406.15,394.4,395.9,11687034
2025-09-29 00:00:00+05:30,401.0,408.15,399.05,399.95,23390892
2025-09-30 00:00:00+05:30,405.0,406.4,401.85,403.95,14681751
2025-10-01 00:00:00+05:30,402.0,409.0,399.35,406.5,13156495
2025-10-03 00:00:00+05:30,406.8,413.8,405.1,412.65,16002501
2025-10-06 00:00:00+05:30,412.7,414.9,407.5,413.25,14684188
2025-10-07 00:00:00+05:30,413.25,415.55,409.1,410.3,11933246
2025-10-08 00:00:00+05:30,410.4,412.0,403.1,403.65,8668516
2025-10-09 00:00:00+05:30,403.7,410.0,403.0,409.35,9035150
2025-10-10 00:00:00+05:30,409.0,415.5,408.35,413.5,13813014
2025-10-13 00:00:00+05:30,412.95,413.0,406.35,409.4,7858503
2025-10-14 00:00:00+05:30,410.0,414.15,401.6,402.4,10789648
2025-10-15 00:00:00+05:30,403.0,410.25,403.0,408.1,10892830
2025-10-16 00:00:00+05:30,409.1,412.7,409.05,411.8,11479498
2025-10-17 00:00:00+05:30,410.35,420.0,409.65,412.8,19566580
2025-10-20 00:00:00+05:30,416.5,417.55,412.5,416.5,10580573
2025-10-21 00:00:00+05:30,418.15,419.15,416.6,417.7,2915071
2025-10-23 00:00:00+05:30,421.5,422.5,418.0,418.65,21980966
2025-10-24 00:00:00+05:30,422.0,423.7,419.9,422.05,18720794
2025-10-27 00:00:00+05:30,425.0,425.0,414.6,415.15,12158324
2025-10-28 00:00:00+05:30,416.8,416.8,410.85,413.55,12247991
2025-10-29 00:00:00+05:30,413.55,414.9,406.85,407.2,14498733
2025-10-30 00:00:00+05:30,407.8,410.65,404.3,409.9,11172780
2025-10-31 00:00:00+05:30,413.8,427.25,408.15,426.1,51342361
2025-11-03 00:00:00+05:30,428.0,431.0,416.4,422.3,27222212
2025-11-04 00:00:00+05:30,420.0,422.4,414.5,415.15,12831686
2025-11-06 00:00:00+05:30,411.0,415.0,407.45,408.8,12786294
2025-11-07 00:00:00+05:30,408.0,416.0,405.3,414.25,10141248
2025-11-10 00:00:00+05:30,415.95,420.4,414.0,416.85,9288444
2025-11-11 00:00:00+05:30,417.15,427.9,417.15,427.3,24889361
2025-11-12 00:00:00+05:30,428.15,429.4,421.8,424.75,15221773
2025-11-13 00:00:00+05:30,423.15,425.2,419.0,419.8,9091428
2025-11-14 00:00:00+05:30,418.8,428.7,418.7,426.85,14719899
2025-11-17 00:00:00+05:30,427.95,429.5,422.4,424.55,12996079
2025-11-18 00:00:00+05:30,424.55,429.45,420.3,420.9,13340937
2025-11-19 00:00:00+05:30,420.0,424.25,415.05,423.2,9661756
2025-11-20 00:00:00+05:30,425.0,427.2,422.2,423.0,10463382
2025-11-21 00:00:00+05:30,421.5,423.35,415.5,416.35,8395038
2025-11-24 00:00:00+05:30,414.0,415.35,401.0,403.8,23696864
2025-11-25 00:00:00+05:30,406.5,412.4,406.0,410.25,14107503
2025-11-26 00:00:00+05:30,410.25,416.5,408.5,415.3,8339381
2025-11-27 00:00:00+05:30,415.3,417.3,412.0,413.05,5251173
2025-11-28 00:00:00+05:30,414.0,415.25,408.65,411.75,6690232
2025-12-01 00:00:00+05:30,415.9,419.2,413.5,417.25,9650320
2025-12-02 00:00:00+05:30,418.05,418.65,411.0,413.05,11215451
2025-12-03 00:00:00+05:30,412.0,412.7,403.4,403.95,12294040
2025-12-04 00:00:00+05:30,405.8,409.5,401.75,407.15,10865110
2025-12-05 00:00:00+05:30,409.0,410.7,405.35,406.9,11774958
2025-12-08 00:00:00+05:30,406.45,406.45,385.0,386.4,25593778
2025-12-09 00:00:00+05:30,385.05,391.0,380.55,389.45,19270896
2025-12-10 00:00:00+05:30,390.0,391.45,385.75,387.35,8372979
2025-12-11 00:00:00+05:30,386.0,390.0,385.15,387.5,7666925
2025-12-12 00:00:00+05:30,388.0,394.1,388.0,389.45,12661065
2025-12-15 00:00:00+05:30,389.05,392.4,388.0,390.75,9087687
2025-12-16 00:00:00+05:30,390.75,391.2,384.75,388.0,8700626
2025-12-17 00:00:00+05:30,388.0,388.4,385.0,385.6,6612962
2025-12-18 00:00:00+05:30,384.05,386.8,380.45,383.45,7510229
2025-12-19 00:00:00+05:30,383.5,393.5,383.5,392.85,11595429
2025-12-22 00:00:00+05:30,393.0,399.3,392.9,398.95,9321669
2025-12-23 00:00:00+05:30,399.0,402.5,395.75,399.4,7734965
2025-12-24 00:00:00+05:30,399.0,403.65,397.6,400.0,8097208
2025-12-26 00:00:00+05:30,403.0,407.55,397.15,398.45,13284184
2025-12-29 00:00:00+05:30,401.0,403.45,392.45,393.25,15690096
2025-12-30 00:00:00+05:30,395.8,397.0,389.55,393.3,37726382
2025-12-31 00:00:00+05:30,395.9,401.3,395.7,399.6,9409818
2026-01-01 00:00:00+05:30,399.9,400.75,394.6,397.7,6084786
2026-01-02 00:00:00+05:30,399.65,405.6,398.95,403.15,10950368
2026-01-05 00:00:00+05:30,402.85,418.6,402.8,413.8,26097635
2026-01-06 00:00:00+05:30,414.7,415.7,410.2,413.1,9927677
2026-01-07 00:00:00+05:30,413.1,416.25,409.55,415.65,8279218
2026-01-08 00:00:00+05:30,415.7,422.95,414.05,415.65,22238704
2026-01-09 00:00:00+05:30,417.0,424.55,415.85,418.65,22963210
2026-01-12 00:00:00+05:30,419.5,419.8,410.6,417.7,14594852
2026-01-13 00:00:00+05:30,419.75,422.35,409.4,413.7,13393010
2026-01-14 00:00:00+05:30,411.0,420.8,411.0,417.6,17676239
2026-01-16 00:00:00+05:30,416.55,417.25,406.35,410.25,18888193
2026-01-19 00:00:00+05:30,410.0,414.9,407.7,412.8,8012134
2026-01-20 00:00:00+05:30,413.9,415.4,406.0,409.35,32732305
2026-01-21 00:00:00+05:30,406.5,409.5,397.0,402.65,19150437
2026-01-22 00:00:00+05:30,406.0,418.3,406.0,417.3,19763144
2026-01-23 00:00:00+05:30,419.0,419.0,408.5,410.7,12715222
2026-01-27 00:00:00+05:30,416.45,419.25,411.6,415.95,15482165
2026-01-28 00:00:00+05:30,418.0,457.5,417.3,453.0,71986647
2026-01-29 00:00:00+05:30,454.25,455.95,438.25,444.5,42412510
2026-01-30 00:00:00+05:30,446.85,451.95,439.3,449.0,36684903
2026-02-01 00:00:00+05:30,455.0,461.65,404.1,425.35,101564062
2026-02-02 00:00:00+05:30,432.0,441.35,420.25,439.1,43652893
2026-02-03 00:00:00+05:30,460.0,460.0,435.25,438.95,26696516
2026-02-04 00:00:00+05:30,436.8,443.4,433.8,439.2,12400181
2026-02-05 00:00:00+05:30,439.0,439.0,428.15,432.9,14345511
2026-02-06 00:00:00+05:30,433.0,433.4,425.55,429.65,11078888
2026-02-09 00:00:00+05:30,432.0,439.6,429.5,437.3,12162696
2026-02-10 00:00:00+05:30,438.0,441.3,433.55,437.3,10878065
2026-02-11 00:00:00+05:30,438.7,438.7,434.35,437.55,8274702
2026-02-12 00:00:00+05:30,437.0,444.95,434.6,443.9,16140306
2026-02-13 00:00:00+05:30,443.9,446.2,432.8,435.55,14086068
2026-02-16 00:00:00+05:30,433.05,438.6,429.1,438.0,8156650
2026-02-17 00:00:00+05:30,442.0,449.35,440.3,446.85,17963084
2026-02-18 00:00:00+05:30,450.0,453.5,446.15,447.7,14341134
2026-02-19 00:00:00+05:30,447.7,449.25,432.95,435.35,9791516
2026-02-20 00:00:00+05:30,435.0,445.4,433.7,441.15,9533724
2026-02-23 00:00:00+05:30,442.8,445.3,435.7,439.75,12915631
2026-02-24 00:00:00+05:30,437.0,437.5,430.35,435.05,12223376
2026-02-25 00:00:00+05:30,435.0,441.0,433.55,439.3,9469190
2026-02-26 00:00:00+05:30,440.6,449.9,440.0,449.05,13738213
2026-02-27 00:00:00+05:30,448.6,449.0,441.7,444.7,22732811
2026-03-02 00:00:00+05:30,442.1,456.7,441.7,453.95,35034174
2026-03-04 00:00:00+05:30,460.0,460.85,444.5,446.85,35193505
2026-03-05 00:00:00+05:30,448.8,467.9,445.85,460.0,38023711
2026-03-06 00:00:00+05:30,462.0,473.45,460.35,468.45,28154230
2026-03-09 00:00:00+05:30,470.0,470.0,450.0,457.35,21898419
2026-03-10 00:00:00+05:30,465.0,465.8,453.55,463.35,19398151
2026-03-11 00:00:00+05:30,463.5,469.8,453.25,454.1,16015126
2026-03-12 00:00:00+05:30,452.0,455.0,448.5,453.55,14089623
2026-03-13 00:00:00+05:30,451.9,452.4,433.65,439.4,19502809
2026-03-16 00:00:00+05:30,431.9,437.8,422.25,429.5,22324389
2026-03-17 00:00:00+05:30,432.45,441.05,430.3,439.35,14421128
2026-03-18 00:00:00+05:30,445.45,447.75,440.5,442.6,13700203
2026-03-19 00:00:00+05:30,436.1,439.0,428.4,430.8,12237975
2026-03-20 00:00:00+05:30,432.2,438.95,424.7,426.1,17599734
2026-03-23 00:00:00+05:30,420.6,421.75,404.0,405.5,18894757
2026-03-24 00:00:00+05:30,412.5,417.45,408.75,414.45,14642804
2026-03-25 00:00:00+05:30,416.3,422.0,412.55,413.45,15134997
2026-03-27 00:00:00+05:30,411.9,413.45,403.25,404.75,21818224
2026-03-30 00:00:00+05:30,400.0,413.25,399.35,400.65,22694742
2026-04-01 00:00:00+05:30,415.0,430.2,412.65,418.7,25301241
2026-04-02 00:00:00+05:30,417.0,423.6,407.5,421.6,19686517
2026-04-06 00:00:00+05:30,422.0,428.05,420.0,427.15,12327836
2026-04-07 00:00:00+05:30,424.0,429.0,420.65,427.8,11417162
2026-04-08 00:00:00+05:30,440.0,440.0,428.8,433.1,20054221
2026-04-09 00:00:00+05:30,425.0,443.3,424.5,439.75,19917307
2026-04-10 00:00:00+05:30,444.1,447.45,440.45,442.45,10833065
2026-04-13 00:00:00+05:30,435.0,445.5,434.0,441.55,15149734
2026-04-15 00:00:00+05:30,447.5,449.2,444.8,447.65,9915383
2026-04-16 00:00:00+05:30,449.85,457.0,448.9,455.65,12197884
2026-04-17 00:00:00+05:30,458.0,463.75,454.45,462.75,14128030
2026-04-20 00:00:00+05:30,462.0,464.4,456.0,457.55,9914017
2026-04-21 00:00:00+05:30,457.5,461.8,449.45,451.5,13492130
2026-04-22 00:00:00+05:30,450.8,451.85,444.7,448.7,11538028
2026-04-23 00:00:00+05:30,451.7,455.7,444.5,449.95,15021500
2026-04-24 00:00:00+05:30,450.0,451.2,438.75,444.45,11651499
2026-04-27 00:00:00+05:30,445.0,448.3,432.95,435.6,18502535
2026-04-28 00:00:00+05:30,435.6,441.0,433.55,435.75,10883746
2026-04-29 00:00:00+05:30,437.05,442.8,435.25,437.55,9507163
2026-04-30 00:00:00+05:30,436.45,436.45,424.5,431.3,15795581
2026-05-04 00:00:00+05:30,433.0,438.6,428.6,433.55,10764998
2026-05-05 00:00:00+05:30,433.5,436.5,429.3,433.35,11671943
2026-05-06 00:00:00+05:30,437.0,439.65,435.15,438.2,9748728
2026-05-07 00:00:00+05:30,439.9,441.0,433.5,439.45,15696400
2026-05-08 00:00:00+05:30,439.0,443.8,437.8,439.7,11164661
2026-05-11 00:00:00+05:30,438.0,439.15,431.0,431.95,7631226
2026-05-12 00:00:00+05:30,430.2,432.5,415.5,416.5,15199825
2026-05-13 00:00:00+05:30,416.6,432.0,415.75,428.25,13230827
2026-05-14 00:00:00+05:30,431.0,435.15,424.45,428.85,9807792
2026-05-15 00:00:00+05:30,428.85,429.5,422.2,423.65,7593616
2026-05-18 00:00:00+05:30,423.85,427.8,414.6,426.6,10452161
2026-05-19 00:00:00+05:30,428.4,430.9,419.3,422.95,13350029
2026-05-20 00:00:00+05:30,416.3,420.0,407.0,413.3,28012723
2026-05-21 00:00:00+05:30,420.0,426.1,418.05,420.4,19789651
2026-05-22 00:00:00+05:30,421.45,421.45,415.45,416.55,9175611
2026-05-25 00:00:00+05:30,419.3,422.55,417.3,421.85,8862027
2026-05-26 00:00:00+05:30,423.5,425.55,418.85,420.1,12315435
2026-05-27 00:00:00+05:30,422.0,422.0,416.1,419.1,10871894
2026-05-29 00:00:00+05:30,413.3,419.1,409.9,410.75,26559872
2026-06-01 00:00:00+05:30,412.35,413.7,404.75,407.2,16453240
2026-06-02 00:00:00+05:30,405.8,409.6,400.3,407.85,15004796
2026-06-03 00:00:00+05:30,408.0,408.95,403.1,406.6,6626958
2026-06-04 00:00:00+05:30,405.0,411.55,404.0,409.9,9119774
2026-06-05 00:00:00+05:30,410.1,412.0,405.1,408.2,11084641
2026-06-08 00:00:00+05:30,399.0,415.5,399.0,412.95,12017495
2026-06-09 00:00:00+05:30,417.0,417.0,410.0,412.05,10996007
2026-06-10 00:00:00+05:30,413.0,415.25,407.1,408.35,5371511
2026-06-11 00:00:00+05:30,407.35,407.35,401.75,402.3,6994969
2026-06-12 00:00:00+05:30,407.35,409.0,403.3,406.5,8086130
2026-06-15 00:00:00+05:30,412.0,412.5,406.0,409.55,11500111
2026-06-16 00:00:00+05:30,409.6,410.8,406.15,407.55,9701695
2026-06-17 00:00:00+05:30,407.0,422.4,406.15,419.85,24506595
2026-06-18 00:00:00+05:30,422.5,430.0,421.75,428.6,23598062
2026-06-19 00:00:00+05:30,427.9,431.6,424.55,426.9,10829044
2026-06-22 00:00:00+05:30,428.1,432.7,426.15,431.5,9754708
2026-06-23 00:00:00+05:30,435.0,435.0,418.5,420.0,15566093
2026-06-24 00:00:00+05:30,420.2,422.55,412.8,413.55,9620759
2026-06-25 00:00:00+05:30,413.6,415.05,406.0,407.2,21994027
2026-06-29 00:00:00+05:30,406.8,418.3,403.55,411.6,26669735
2026-06-30 00:00:00+05:30,413.5,414.45,408.5,411.8,14611849
2026-07-01 00:00:00+05:30,413.0,417.65,411.4,416.25,8844076
2026-07-02 00:00:00+05:30,416.25,418.3,412.3,415.05,10736747
2026-07-03 00:00:00+05:30,418.6,424.5,417.1,418.05,12085695
2026-07-06 00:00:00+05:30,422.0,429.9,420.1,425.55,16516762
2026-07-07 00:00:00+05:30,425.55,425.9,416.0,419.15,7821978
2026-07-08 00:00:00+05:30,416.5,417.8,406.0,407.6,12837834
2026-07-09 00:00:00+05:30,409.15,411.0,404.05,406.2,10893635
2026-07-10 00:00:00+05:30,408.4,415.45,408.2,414.85,9273712
2026-07-13 00:00:00+05:30,411.95,412.9,408.6,410.8,6650781
2026-07-14 00:00:00+05:30,409.35,411.25,405.7,410.1,10652838
2026-07-15 00:00:00+05:30,409.0,414.3,408.4,410.95,9115088
2026-07-16 00:00:00+05:30,412.25,412.5,406.5,407.1,5679241
2026-07-17 00:00:00+05:30,407.1,411.2,405.1,409.45,6678047
2026-07-20 00:00:00+05:30,408.55,409.5,406.1,408.15,5382967
2026-07-21 00:00:00+05:30,408.15,410.95,406.5,410.05,5242231
2026-07-22 00:00:00+05:30,410.05,410.55,406.0,406.75,6665967
2026-07-23 00:00:00+05:30,405.55,406.95,400.6,405.35,9947413
2026-07-24 00:00:00+05:30,404.2,406.1,401.0,405.0,6176660
2026-07-27 00:00:00+05:30,408.0,408.45,404.6,407.15,9683515
2026-07-28 00:00:00+05:30,406.15,406.15,388.0,389.0,35317783
2026-07-29 00:00:00+05:30,390.9,390.95,382.2,387.55,32630643
2026-07-30 00:00:00+05:30,386.0,387.5,382.7,384.9,16521484
2026-07-31 00:00:00+05:30,385.0,390.6,385.0,387.85,17114563
2026-08-03 00:00:00+05:30,390.0,392.25,388.0,392.15,9389415
2026-08-04 00:00:00+05:30,390.2,394.1,389.25,391.5,10632551
2026-08-05 00:00:00+05:30,392.25,392.7,385.2,390.0,13854251
2026-08-06 00:00:00+05:30,389.65,400.9,388.65,399.2,17574744
2026-08-07 00:00:00+05:30,401.0,403.0,398.35,401.0,10798068
2026-08-10 00:00:00+05:30,402.0,405.65,399.25,404.35,7836426
2026-08-11 00:00:00+05:30,405.25,406.8,401.4,405.85,6803132
2026-08-12 00:00:00+05:30,406.0,406.25,399.3,405.7,13125672
2026-08-13 00:00:00+05:30,405.7,412.0,402.9,410.5,13819369
2026-08-14 00:00:00+05:30,410.45,412.5,408.25,410.8,7388147
2026-08-17 00:00:00+05:30,411.0,413.95,409.1,412.45,7410599
2026-08-18 00:00:00+05:30,412.7,416.35,410.95,412.0,9120934
2026-08-19 00:00:00+05:30,412.0,412.75,406.4,409.2,10660149
2026-08-20 00:00:00+05:30,411.8,412.2,406.3,409.4,6984638
2026-08-21 00:00:00+05:30,413.45,415.95,408.65,414.0,13688811
