datetime,open,high,low,close,volume
2011-08-24 00:00:00+05:30,7224.0,7224.0,7124.7,7163.25,1560
2011-08-25 00:00:00+05:30,7245.0,7245.0,7080.0,7135.45,3784
2011-08-26 00:00:00+05:30,7248.0,7248.0,6950.0,6996.35,2284
2011-08-29 00:00:00+05:30,6990.0,7150.0,6850.0,7130.55,1366
2011-08-30 00:00:00+05:30,7246.95,7268.0,7105.0,7209.5,2357
2011-09-02 00:00:00+05:30,7210.0,7325.0,7161.05,7279.35,5136
2011-09-05 00:00:00+05:30,7274.9,7366.0,7111.1,7287.0,4498
2011-09-06 00:00:00+05:30,7343.95,7464.0,7270.05,7411.95,9298
2011-09-07 00:00:00+05:30,7421.3,7460.0,7350.0,7371.35,4470
2011-09-08 00:00:00+05:30,7410.95,7410.95,7005.25,7228.3,7610
2011-09-09 00:00:00+05:30,7240.0,7319.95,7165.05,7190.25,1368
2011-09-12 00:00:00+05:30,7180.0,7249.95,7110.05,7124.25,843
2011-09-13 00:00:00+05:30,7126.25,7235.0,7080.0,7140.5,627
2011-09-14 00:00:00+05:30,7116.05,7188.9,7034.0,7064.3,2253
2011-09-15 00:00:00+05:30,7089.85,7124.95,7050.0,7096.0,1796
2011-09-16 00:00:00+05:30,7095.0,7135.0,7025.0,7099.0,1521
2011-09-19 00:00:00+05:30,7129.0,7160.0,7051.2,7123.9,608
2011-09-20 00:00:00+05:30,7080.05,7249.95,7080.05,7190.4,2104
2011-09-21 00:00:00+05:30,7247.95,7247.95,7101.0,7143.5,875
2011-09-22 00:00:00+05:30,7175.0,7175.0,7031.05,7111.9,1097
2011-09-23 00:00:00+05:30,7100.0,7168.0,7036.05,7104.05,1727
2011-09-26 00:00:00+05:30,7051.05,7199.9,7051.05,7104.2,1995
2011-09-27 00:00:00+05:30,7150.0,7238.0,7132.05,7147.15,912
2011-09-28 00:00:00+05:30,7150.0,7217.9,7110.0,7128.1,1087
2011-09-29 00:00:00+05:30,7137.0,7144.0,6878.05,6977.1,6350
2011-09-30 00:00:00+05:30,7100.0,7198.0,6880.0,7051.2,8514
2011-10-03 00:00:00+05:30,7050.0,7169.95,7000.0,7117.95,3545
2011-10-04 00:00:00+05:30,7145.0,7145.0,7051.1,7087.6,2653
2011-10-05 00:00:00+05:30,7020.0,7121.1,7020.0,7064.55,2387
2011-10-07 00:00:00+05:30,7065.0,7109.9,7042.05,7080.65,6514
2011-10-10 00:00:00+05:30,7100.0,7125.0,7020.0,7032.9,6595
2011-10-11 00:00:00+05:30,7124.0,7124.0,7040.05,7076.75,9371
2011-10-12 00:00:00+05:30,7045.05,7125.0,7045.05,7115.35,3193
2011-10-13 00:00:00+05:30,7130.0,7134.95,7020.0,7046.4,7720
2011-10-14 00:00:00+05:30,7071.15,7100.0,7040.1,7074.55,4770
2011-10-17 00:00:00+05:30,7059.0,7099.0,7048.1,7074.0,5223
2011-10-18 00:00:00+05:30,7002.0,7045.0,7000.0,7007.5,3304
2011-10-19 00:00:00+05:30,7040.0,7040.0,6970.0,6998.75,5761
2011-10-20 00:00:00+05:30,7015.0,7015.0,6960.05,6970.35,5731
2011-10-21 00:00:00+05:30,6985.0,6994.95,6932.0,6963.45,7756
2011-10-24 00:00:00+05:30,6966.0,7001.9,6956.0,6975.25,7331
2011-10-25 00:00:00+05:30,6977.0,7000.0,6899.95,6943.2,8364
2011-10-26 00:00:00+05:30,7003.0,7030.0,6954.95,7009.3,826
2011-10-28 00:00:00+05:30,7025.0,7097.0,6903.0,6935.25,5784
2011-10-31 00:00:00+05:30,6984.45,6984.45,6884.0,6938.35,5238
2011-11-01 00:00:00+05:30,6919.0,6950.0,6904.0,6921.75,3490
2011-11-02 00:00:00+05:30,6904.0,6930.0,6900.0,6904.7,10851
2011-11-03 00:00:00+05:30,6920.0,7025.0,6861.0,6963.5,12057
2011-11-04 00:00:00+05:30,7024.8,7024.8,6985.0,6996.45,5138
2011-11-08 00:00:00+05:30,7015.0,7224.0,6985.55,7199.9,14946
2011-11-09 00:00:00+05:30,7220.0,7255.0,6980.0,7038.5,8615
2011-11-11 00:00:00+05:30,7020.0,7223.95,7005.0,7088.95,6609
2011-11-14 00:00:00+05:30,7055.0,7174.95,7055.0,7132.85,2899
2011-11-15 00:00:00+05:30,7076.05,7128.0,6960.0,6993.2,3125
2011-11-16 00:00:00+05:30,7088.0,7088.0,6901.0,6922.15,1313
2011-11-17 00:00:00+05:30,6949.9,7024.0,6855.2,6974.9,1716
2011-11-18 00:00:00+05:30,6925.0,7011.0,6855.0,6982.1,1989
2011-11-21 00:00:00+05:30,6990.0,7095.0,6940.6,6975.9,5773
2011-11-22 00:00:00+05:30,6960.0,7040.3,6801.1,6910.1,1293
2011-11-23 00:00:00+05:30,6960.0,6974.8,6853.1,6899.6,8682
2011-11-24 00:00:00+05:30,6863.0,7000.0,6806.0,6949.4,3387
2011-11-25 00:00:00+05:30,7068.0,7068.0,6925.2,7013.1,22659
2011-11-28 00:00:00+05:30,7098.0,7098.0,6906.6,7010.35,1298
2011-11-29 00:00:00+05:30,7040.0,7050.0,7000.05,7017.45,438
2011-11-30 00:00:00+05:30,7025.0,7047.95,6977.0,6979.75,2212
2011-12-01 00:00:00+05:30,7012.0,7035.0,6950.0,6956.4,2084
2011-12-02 00:00:00+05:30,6962.0,7030.0,6950.0,7025.55,4059
2011-12-05 00:00:00+05:30,6969.05,7030.0,6969.05,6986.6,503
2011-12-07 00:00:00+05:30,7029.0,7030.0,6925.0,6993.45,2525
2011-12-08 00:00:00+05:30,7012.0,7022.0,6920.3,6943.5,802
2011-12-09 00:00:00+05:30,6900.0,6999.75,6860.0,6875.65,1705
2011-12-12 00:00:00+05:30,6860.0,6940.0,6790.0,6812.7,1662
2011-12-13 00:00:00+05:30,6815.0,6850.0,6775.0,6840.75,1091
2011-12-14 00:00:00+05:30,6850.0,7175.0,6807.0,6901.0,19006
2011-12-15 00:00:00+05:30,6935.0,6935.0,6731.4,6751.75,4196
2011-12-16 00:00:00+05:30,6781.0,6856.0,6512.0,6597.1,7539
2011-12-19 00:00:00+05:30,6679.0,6679.0,6447.95,6551.7,1631
2011-12-20 00:00:00+05:30,6570.0,6666.0,6512.85,6616.05,2423
2011-12-21 00:00:00+05:30,6616.05,6665.95,6602.35,6631.75,1155
2011-12-22 00:00:00+05:30,6620.0,6648.95,6551.1,6632.2,1370
2011-12-23 00:00:00+05:30,6649.0,6690.0,6600.05,6635.3,1141
2011-12-26 00:00:00+05:30,6655.0,6675.0,6621.05,6649.0,8778
2011-12-27 00:00:00+05:30,6675.0,6732.0,6675.0,6713.2,678
2011-12-28 00:00:00+05:30,6710.0,6749.95,6525.0,6551.5,40866
2011-12-29 00:00:00+05:30,6506.05,6672.95,6506.05,6637.75,4026
2011-12-30 00:00:00+05:30,6640.0,6800.0,6625.0,6775.6,1687
2012-01-02 00:00:00+05:30,6775.0,6775.0,6661.5,6738.55,496
2012-01-03 00:00:00+05:30,6666.15,6855.0,6666.05,6850.75,1835
2012-01-04 00:00:00+05:30,6850.0,6924.95,6850.0,6898.05,1682
2012-01-05 00:00:00+05:30,6944.0,7000.0,6752.9,6986.75,13465
2012-01-06 00:00:00+05:30,7000.0,7070.0,6935.5,7050.2,18821
2012-01-07 00:00:00+05:30,6996.05,7056.5,6996.05,7031.35,36
2012-01-09 00:00:00+05:30,7049.0,7049.0,6942.3,6987.5,815
2012-01-10 00:00:00+05:30,7039.0,7088.5,7014.7,7058.75,7093
2012-01-11 00:00:00+05:30,7039.0,7120.0,7020.3,7111.05,3255
2012-01-12 00:00:00+05:30,7124.0,7190.0,7061.85,7130.15,8216
2012-01-13 00:00:00+05:30,7150.0,7189.0,7106.0,7132.95,1408
2012-01-16 00:00:00+05:30,7106.0,7170.0,7106.0,7150.0,7476
2012-01-17 00:00:00+05:30,7165.0,7200.0,7165.0,7187.45,16664
2012-01-18 00:00:00+05:30,7188.0,7200.0,7132.15,7170.8,2599
2012-01-19 00:00:00+05:30,7171.0,7205.5,7155.0,7165.55,1519
2012-01-20 00:00:00+05:30,7173.0,7275.0,7170.0,7233.8,5041
2012-01-23 00:00:00+05:30,7272.9,7272.9,7105.1,7217.65,1538
2012-01-24 00:00:00+05:30,7240.0,7300.0,7229.85,7234.2,9755
2012-01-25 00:00:00+05:30,7296.6,7296.95,7236.0,7248.45,2543
2012-01-27 00:00:00+05:30,7251.1,7350.0,7251.1,7337.1,3788
2012-01-30 00:00:00+05:30,7278.05,7299.0,7240.25,7262.7,2911
2012-01-31 00:00:00+05:30,7271.0,7345.95,7221.0,7249.85,5067
2012-02-01 00:00:00+05:30,7260.0,7286.4,7140.05,7249.1,3160
2012-02-02 00:00:00+05:30,7284.0,7325.0,7230.0,7303.8,1195
2012-02-03 00:00:00+05:30,7399.0,7520.0,7340.05,7362.75,4778
2012-02-06 00:00:00+05:30,7400.0,7625.0,7390.0,7442.6,7318
2012-02-07 00:00:00+05:30,7445.0,7480.0,7251.05,7297.0,1951
2012-02-08 00:00:00+05:30,7370.0,7400.0,7342.0,7352.35,6562
2012-02-09 00:00:00+05:30,7340.0,7434.45,7340.0,7386.75,1830
2012-02-10 00:00:00+05:30,7424.95,7464.9,7388.15,7403.85,6512
2012-02-13 00:00:00+05:30,7462.9,7920.0,7410.05,7695.5,21934
2012-02-14 00:00:00+05:30,7695.0,7800.0,7601.0,7628.15,4348
2012-02-15 00:00:00+05:30,7720.0,7800.0,7640.0,7686.35,5529
2012-02-16 00:00:00+05:30,7700.0,7718.95,7631.05,7672.95,3588
2012-02-17 00:00:00+05:30,7660.0,7769.9,7600.0,7619.75,2826
2012-02-21 00:00:00+05:30,7631.05,7780.0,7610.05,7707.3,5231
2012-02-22 00:00:00+05:30,7720.0,7800.0,7672.8,7692.5,8415
2012-02-23 00:00:00+05:30,7675.05,7720.0,7600.15,7647.8,11486
2012-02-24 00:00:00+05:30,7718.0,8099.95,7621.1,7855.2,26239
2012-02-27 00:00:00+05:30,7897.0,7950.0,7603.3,7658.2,3549
2012-02-28 00:00:00+05:30,7776.0,8000.0,7682.5,7883.85,21532
2012-02-29 00:00:00+05:30,7980.0,7990.0,7713.0,7731.6,9025
2012-03-01 00:00:00+05:30,7749.6,7937.0,7702.7,7757.0,4004
2012-03-02 00:00:00+05:30,7760.0,7810.0,7675.05,7700.35,1792
2012-03-03 00:00:00+05:30,7789.9,7789.9,7700.35,7702.3,234
2012-03-05 00:00:00+05:30,7700.0,7777.9,7565.1,7634.45,11586
2012-03-06 00:00:00+05:30,7670.1,7773.85,7605.0,7647.55,2725
2012-03-07 00:00:00+05:30,7710.0,7710.0,7569.0,7599.2,2509
2012-03-09 00:00:00+05:30,7550.0,7769.0,7550.0,7640.85,3256
2012-03-12 00:00:00+05:30,7745.0,7745.0,7583.55,7623.95,2701
2012-03-13 00:00:00+05:30,7677.7,7704.7,7601.0,7626.05,6984
2012-03-14 00:00:00+05:30,7702.0,7820.0,7661.0,7793.4,15383
2012-03-15 00:00:00+05:30,7818.0,7949.7,7818.0,7868.65,16209
2012-03-16 00:00:00+05:30,7850.25,7919.45,7700.0,7741.15,1900
2012-03-19 00:00:00+05:30,7799.0,7799.0,7650.0,7669.9,1406
2012-03-20 00:00:00+05:30,7740.0,7780.0,7650.0,7698.7,2841
2012-03-21 00:00:00+05:30,7780.0,7780.0,7660.0,7708.55,5304
2012-03-22 00:00:00+05:30,7708.3,7835.0,7620.0,7661.0,1990
2012-03-23 00:00:00+05:30,7652.05,7730.0,7650.0,7690.75,893
2012-03-26 00:00:00+05:30,7655.05,7728.0,7622.0,7641.55,6269
2012-03-27 00:00:00+05:30,7650.0,7694.85,7530.0,7609.85,5915
2012-03-28 00:00:00+05:30,7650.0,7780.05,7570.1,7723.35,2429
2012-03-29 00:00:00+05:30,7761.85,7761.85,7510.6,7578.6,8445
2012-03-30 00:00:00+05:30,7600.0,9000.0,7600.0,8228.5,17100
2012-04-02 00:00:00+05:30,8101.0,8300.0,8065.0,8155.75,4035
2012-04-03 00:00:00+05:30,8200.0,8300.0,8133.1,8220.8,4584
2012-04-04 00:00:00+05:30,8156.1,8274.0,8142.1,8180.15,2565
2012-04-09 00:00:00+05:30,8200.05,8260.0,8100.05,8215.15,2702
2012-04-10 00:00:00+05:30,8282.4,8516.0,8150.0,8455.6,10676
2012-04-11 00:00:00+05:30,8455.0,8688.0,8405.05,8493.0,7886
2012-04-12 00:00:00+05:30,8600.0,8620.0,8421.0,8467.8,4477
2012-04-13 00:00:00+05:30,8568.0,8599.0,8420.1,8474.5,3078
2012-04-16 00:00:00+05:30,8510.0,8599.0,8476.0,8569.1,2596
2012-04-17 00:00:00+05:30,8592.0,8900.0,8557.05,8836.55,7988
2012-04-18 00:00:00+05:30,8830.0,8974.5,8665.9,8693.05,5960
2012-04-19 00:00:00+05:30,8800.0,8800.0,8650.0,8707.6,10742
2012-04-20 00:00:00+05:30,8701.1,8790.0,8660.0,8697.6,3026
2012-04-23 00:00:00+05:30,8720.0,8739.9,8465.0,8488.25,3597
2012-04-24 00:00:00+05:30,8600.0,8700.0,8360.0,8404.85,5549
2012-04-25 00:00:00+05:30,8500.0,8750.0,8341.0,8689.2,11095
2012-04-26 00:00:00+05:30,8790.0,8890.0,8500.0,8520.45,4787
2012-04-27 00:00:00+05:30,8509.05,8694.9,8509.05,8622.95,1928
2012-04-28 00:00:00+05:30,8700.0,8700.0,8631.15,8686.35,174
2012-04-30 00:00:00+05:30,8690.0,8780.0,8650.0,8685.55,2858
2012-05-02 00:00:00+05:30,8738.75,8888.0,8675.5,8792.4,4164
2012-05-03 00:00:00+05:30,8716.0,8798.0,8613.6,8639.2,1417
2012-05-04 00:00:00+05:30,8512.0,8735.0,8512.0,8586.35,2199
2012-05-07 00:00:00+05:30,8530.0,8930.0,8500.0,8775.55,10024
2012-05-08 00:00:00+05:30,8950.0,9057.2,8800.0,9013.95,25322
2012-05-09 00:00:00+05:30,8831.95,9197.0,8831.95,9083.15,8201
2012-05-10 00:00:00+05:30,9150.0,9276.0,9090.9,9198.0,9414
2012-05-11 00:00:00+05:30,9150.0,9187.4,8932.6,9000.15,14265
2012-05-14 00:00:00+05:30,9000.25,9114.75,8911.3,9004.3,2171
2012-05-15 00:00:00+05:30,9000.0,9025.0,8940.0,8981.5,1135
2012-05-16 00:00:00+05:30,8980.0,8980.0,8810.0,8869.1,2285
2012-05-17 00:00:00+05:30,8979.0,8980.0,8780.05,8893.6,1337
2012-05-18 00:00:00+05:30,8830.05,8949.95,8805.05,8920.65,7515
2012-05-21 00:00:00+05:30,8920.0,8999.95,8900.0,8962.5,5640
2012-05-22 00:00:00+05:30,8950.0,8998.95,8829.0,8901.7,7329
2012-05-23 00:00:00+05:30,8861.0,8998.95,8861.0,8877.95,2548
2012-05-24 00:00:00+05:30,8900.0,8940.0,8866.0,8892.15,13866
2012-05-25 00:00:00+05:30,8900.0,8917.0,8800.0,8806.7,905
2012-05-28 00:00:00+05:30,8750.0,8880.0,8750.0,8836.15,864
2012-05-29 00:00:00+05:30,8810.05,8877.9,8780.0,8797.45,1301
2012-05-30 00:00:00+05:30,8797.45,8874.0,8775.0,8791.1,1519
2012-05-31 00:00:00+05:30,8791.1,8850.0,8610.05,8681.95,5478
2012-06-01 00:00:00+05:30,8725.0,8782.95,8710.0,8711.35,1274
2012-06-04 00:00:00+05:30,8710.0,8880.0,8510.1,8870.4,3296
2012-06-05 00:00:00+05:30,8846.0,8887.0,8778.0,8853.75,1744
2012-06-06 00:00:00+05:30,8807.05,8979.0,8750.1,8942.7,3844
2012-06-07 00:00:00+05:30,8950.0,8998.95,8849.95,8886.35,1393
2012-06-08 00:00:00+05:30,8900.1,8900.1,8855.1,8885.55,1637
2012-06-11 00:00:00+05:30,8890.0,8940.0,8755.4,8808.1,1154
2012-06-12 00:00:00+05:30,8750.0,8845.0,8660.0,8699.35,1808
2012-06-13 00:00:00+05:30,8950.0,8950.0,8655.05,8753.35,5866
2012-06-14 00:00:00+05:30,8726.1,8779.25,8650.0,8683.9,691
2012-06-15 00:00:00+05:30,8683.9,8845.0,8665.0,8805.15,1292
2012-06-18 00:00:00+05:30,8825.0,8860.0,8750.0,8850.75,1233
2012-06-19 00:00:00+05:30,8860.0,9000.0,8852.0,8919.9,2093
2012-06-20 00:00:00+05:30,8882.15,8990.0,8776.0,8949.9,4451
2012-06-21 00:00:00+05:30,8949.7,8949.75,8860.0,8896.95,5655
2012-06-22 00:00:00+05:30,8808.0,8925.05,8808.0,8864.8,2982
2012-06-25 00:00:00+05:30,8899.8,8899.8,8665.2,8717.6,7516
2012-06-26 00:00:00+05:30,8730.0,8787.75,8515.15,8604.35,8678
2012-06-27 00:00:00+05:30,8604.0,8784.0,8512.65,8610.95,3354
2012-06-28 00:00:00+05:30,8631.0,9274.4,8500.0,8757.05,9649
2012-06-29 00:00:00+05:30,8703.0,9399.95,8645.0,9112.2,18993
2012-07-02 00:00:00+05:30,9112.15,9148.0,9011.05,9040.7,4480
2012-07-03 00:00:00+05:30,9100.0,9200.0,9008.3,9059.55,3429
2012-07-04 00:00:00+05:30,9219.95,9220.0,9070.0,9088.5,2119
2012-07-05 00:00:00+05:30,9088.1,9154.95,8975.0,9024.85,4478
2012-07-06 00:00:00+05:30,9045.0,9068.8,8865.0,8928.7,14826
2012-07-09 00:00:00+05:30,8929.0,8939.95,8750.0,8781.6,2943
2012-07-10 00:00:00+05:30,8849.8,8950.0,8792.25,8907.4,2354
2012-07-11 00:00:00+05:30,8875.0,8875.0,8825.0,8847.95,1527
2012-07-12 00:00:00+05:30,8850.05,8898.95,8805.05,8816.55,1624
2012-07-13 00:00:00+05:30,8830.0,8900.0,8810.0,8859.7,1052
2012-07-16 00:00:00+05:30,8830.0,8898.0,8760.1,8826.35,1690
2012-07-17 00:00:00+05:30,8878.95,8878.95,8605.05,8703.05,5904
2012-07-18 00:00:00+05:30,8706.6,8805.0,8706.6,8757.85,2163
2012-07-19 00:00:00+05:30,8690.05,8888.0,8690.05,8857.0,827
2012-07-20 00:00:00+05:30,8800.1,8887.0,8775.0,8851.8,5304
2012-07-23 00:00:00+05:30,8775.0,8800.0,8700.0,8710.85,6132
2012-07-24 00:00:00+05:30,8835.0,8835.0,8690.0,8713.45,1403
2012-07-25 00:00:00+05:30,8615.0,8773.85,8615.0,8714.0,1759
2012-07-26 00:00:00+05:30,8719.0,8794.0,8650.0,8673.4,1800
2012-07-27 00:00:00+05:30,8700.0,8789.0,8650.0,8719.05,1667
2012-07-30 00:00:00+05:30,8700.95,8950.0,8700.95,8943.15,4479
2012-07-31 00:00:00+05:30,8956.0,9068.0,8931.1,8944.15,7032
2012-08-01 00:00:00+05:30,8944.15,8997.9,8750.0,8798.1,6395
2012-08-02 00:00:00+05:30,8750.0,8860.0,8750.0,8800.65,1528
2012-08-03 00:00:00+05:30,8750.0,8969.8,8750.0,8872.65,5273
2012-08-06 00:00:00+05:30,8852.1,8950.0,8852.1,8922.25,782
2012-08-07 00:00:00+05:30,8965.1,9149.0,8865.7,9002.05,7421
2012-08-08 00:00:00+05:30,9012.0,9045.0,8901.1,8931.65,2766
2012-08-09 00:00:00+05:30,8900.0,9000.0,8870.1,8914.5,1152
2012-08-10 00:00:00+05:30,8900.0,8910.7,8811.55,8835.65,834
2012-08-13 00:00:00+05:30,8801.0,8900.0,8716.0,8799.15,10028
2012-08-14 00:00:00+05:30,8721.05,8794.95,8685.0,8715.9,1956
2012-08-16 00:00:00+05:30,8660.0,8770.05,8660.0,8687.8,7656
2012-08-17 00:00:00+05:30,8823.95,8823.95,8683.1,8700.25,5194
2012-08-21 00:00:00+05:30,8725.0,8810.0,8690.0,8797.95,10641
2012-08-22 00:00:00+05:30,8724.05,8898.0,8724.05,8767.7,2217
2012-08-23 00:00:00+05:30,8954.7,8954.7,8655.0,8671.75,2225
2012-08-24 00:00:00+05:30,8626.0,8744.65,8617.0,8658.25,3526
2012-08-27 00:00:00+05:30,8735.0,8735.0,8650.0,8651.7,1251
2012-08-28 00:00:00+05:30,8665.05,8705.0,8650.0,8672.05,1136
2012-08-29 00:00:00+05:30,8665.05,8780.0,8616.0,8631.9,1234
2012-08-30 00:00:00+05:30,8616.35,8670.05,8532.0,8588.6,3232
2012-08-31 00:00:00+05:30,8600.0,8659.9,8501.1,8510.45,2658
2012-09-03 00:00:00+05:30,8585.0,8675.0,8540.0,8619.15,1016
2012-09-04 00:00:00+05:30,8700.05,8700.05,8500.0,8523.15,1746
2012-09-05 00:00:00+05:30,8523.0,8559.0,8451.0,8467.4,4243
2012-09-06 00:00:00+05:30,8400.05,8556.0,8400.05,8466.45,6721
2012-09-07 00:00:00+05:30,8532.85,8545.15,8371.95,8444.15,4078
2012-09-08 00:00:00+05:30,8410.0,8470.0,8410.0,8449.75,235
2012-09-10 00:00:00+05:30,8411.0,8489.75,8270.0,8403.85,7399
2012-09-11 00:00:00+05:30,8406.95,8459.7,8287.0,8340.3,3588
2012-09-12 00:00:00+05:30,8342.15,8394.0,8342.05,8359.4,3183
2012-09-13 00:00:00+05:30,8365.0,8478.0,8330.0,8426.5,4711
2012-09-14 00:00:00+05:30,8540.0,8540.0,8430.0,8449.45,4309
2012-09-17 00:00:00+05:30,8438.0,8555.9,8430.0,8526.2,9945
2012-09-18 00:00:00+05:30,8500.0,8540.0,8452.7,8510.65,2375
2012-09-20 00:00:00+05:30,8452.1,8508.45,8452.05,8487.15,23958
2012-09-21 00:00:00+05:30,8550.0,8580.0,8461.1,8552.75,3853
2012-09-24 00:00:00+05:30,8625.0,8680.0,8540.0,8565.25,6881
2012-09-25 00:00:00+05:30,8599.9,8599.9,8470.0,8512.55,2881
2012-09-26 00:00:00+05:30,8559.7,8578.0,8411.05,8437.75,7075
2012-09-27 00:00:00+05:30,8425.0,8900.0,8375.0,8681.25,8507
2012-09-28 00:00:00+05:30,8630.0,8880.0,8601.15,8730.6,20399
2012-10-01 00:00:00+05:30,8872.75,8939.0,8800.65,8838.3,1678
2012-10-03 00:00:00+05:30,8880.0,8939.0,8700.0,8810.8,1838
2012-10-04 00:00:00+05:30,8839.0,8950.0,8820.0,8909.0,8097
2012-10-05 00:00:00+05:30,8920.05,8920.05,8640.0,8734.75,4671
2012-10-08 00:00:00+05:30,8734.0,8734.0,8620.0,8633.25,1689
2012-10-09 00:00:00+05:30,8719.9,8760.0,8641.1,8680.3,4402
2012-10-10 00:00:00+05:30,8600.45,8895.0,8600.4,8849.35,23533
2012-10-11 00:00:00+05:30,8880.0,8899.0,8785.05,8850.6,1867
2012-10-12 00:00:00+05:30,8850.0,8875.0,8741.1,8773.45,1882
2012-10-15 00:00:00+05:30,8725.1,8820.0,8700.0,8764.75,837
2012-10-16 00:00:00+05:30,8814.95,8814.95,8741.0,8790.5,8450
2012-10-17 00:00:00+05:30,8818.95,8850.05,8775.65,8849.5,2401
2012-10-18 00:00:00+05:30,8771.05,8848.9,8771.0,8821.05,897
2012-10-19 00:00:00+05:30,8750.0,8950.0,8750.0,8886.3,2368
2012-10-22 00:00:00+05:30,8840.05,8920.0,8840.05,8904.65,3368
2012-10-23 00:00:00+05:30,8810.0,8945.0,8810.0,8919.0,2461
2012-10-25 00:00:00+05:30,8919.95,8939.0,8892.0,8926.4,3254
2012-10-26 00:00:00+05:30,8820.0,8960.0,8820.0,8893.0,1249
2012-10-29 00:00:00+05:30,8880.0,8917.4,8838.25,8850.75,1254
2012-10-30 00:00:00+05:30,8900.0,8924.1,8845.55,8895.9,3142
2012-10-31 00:00:00+05:30,8885.05,8905.0,8864.15,8898.15,6730
2012-11-01 00:00:00+05:30,8882.15,8914.5,8860.0,8893.05,2188
2012-11-02 00:00:00+05:30,8934.95,8934.95,8865.15,8900.65,2936
2012-11-05 00:00:00+05:30,8926.5,8934.95,8888.0,8922.5,3207
2012-11-06 00:00:00+05:30,8999.95,8999.95,8801.1,8893.0,13801
2012-11-07 00:00:00+05:30,8845.0,8931.0,8741.0,8868.65,8948
2012-11-08 00:00:00+05:30,8711.05,8925.0,8711.05,8864.95,5824
2012-11-09 00:00:00+05:30,8875.0,8890.0,8820.0,8858.1,1596
2012-11-12 00:00:00+05:30,8855.0,8929.5,8806.5,8890.3,3155
2012-11-13 00:00:00+05:30,9200.0,9200.0,8765.45,8874.2,251
2012-11-15 00:00:00+05:30,8879.2,8879.2,8780.0,8801.65,2543
2012-11-16 00:00:00+05:30,8766.1,8859.9,8766.0,8800.8,660
2012-11-19 00:00:00+05:30,8612.05,8800.0,8612.05,8784.2,1529
2012-11-20 00:00:00+05:30,9200.0,9200.0,8724.05,8888.4,1587
2012-11-21 00:00:00+05:30,8802.1,8890.0,8802.1,8868.75,7690
2012-11-22 00:00:00+05:30,8900.0,8937.55,8826.05,8923.35,2816
2012-11-23 00:00:00+05:30,8923.4,8994.8,8844.1,8891.75,2057
2012-11-26 00:00:00+05:30,8900.0,8998.85,8851.05,8937.15,4353
2012-11-27 00:00:00+05:30,8995.0,8995.0,8850.0,8939.05,7807
2012-11-29 00:00:00+05:30,8889.15,9404.05,8882.0,9138.5,18183
2012-11-30 00:00:00+05:30,9245.0,9375.0,9065.0,9118.8,6391
2012-12-03 00:00:00+05:30,9189.95,9198.0,9001.0,9041.2,7069
2012-12-04 00:00:00+05:30,9050.0,9117.15,9026.2,9089.8,5673
2012-12-05 00:00:00+05:30,9150.0,9280.0,9040.1,9097.2,5926
2012-12-06 00:00:00+05:30,9129.95,9200.0,9030.0,9105.3,2845
2012-12-07 00:00:00+05:30,9143.15,9210.0,9027.25,9151.6,4328
2012-12-10 00:00:00+05:30,9250.0,9279.8,9100.0,9158.45,8034
2012-12-11 00:00:00+05:30,9249.0,9356.85,9165.15,9206.75,13954
2012-12-12 00:00:00+05:30,9498.95,9498.95,9230.05,9267.45,1592
2012-12-13 00:00:00+05:30,9150.05,9287.5,9066.0,9165.4,5142
2012-12-14 00:00:00+05:30,9000.0,9149.8,8995.0,9039.25,5896
2012-12-17 00:00:00+05:30,9036.0,9190.0,8900.0,8989.05,1918
2012-12-18 00:00:00+05:30,9050.0,9149.65,9006.05,9071.6,4093
2012-12-19 00:00:00+05:30,9071.0,9160.0,9020.0,9058.7,2879
2012-12-20 00:00:00+05:30,9068.5,9150.1,9018.0,9100.25,2830
2012-12-21 00:00:00+05:30,9299.0,9299.0,9050.0,9134.05,5846
2012-12-24 00:00:00+05:30,9230.0,9300.0,9150.0,9202.55,2417
2012-12-26 00:00:00+05:30,9151.0,9202.5,9100.0,9104.3,4896
2012-12-27 00:00:00+05:30,9200.0,9200.0,9069.8,9124.7,8930
2012-12-28 00:00:00+05:30,9222.0,9367.0,9100.0,9286.2,9465
2012-12-31 00:00:00+05:30,9286.0,9589.0,9240.0,9516.7,14556
2013-01-01 00:00:00+05:30,9548.95,9589.95,9360.0,9387.8,3200
2013-01-02 00:00:00+05:30,9553.0,9599.0,9415.4,9475.55,4514
2013-01-03 00:00:00+05:30,9579.95,9580.0,9366.2,9409.0,4328
2013-01-04 00:00:00+05:30,9307.55,9471.95,9299.95,9346.25,7064
2013-01-07 00:00:00+05:30,9453.0,9453.0,9285.0,9329.1,2293
2013-01-08 00:00:00+05:30,9620.0,9620.0,9212.2,9279.2,3191
2013-01-09 00:00:00+05:30,9280.25,9382.1,9200.0,9210.15,2438
2013-01-10 00:00:00+05:30,9380.0,9380.0,9210.1,9323.9,8688
2013-01-11 00:00:00+05:30,9323.9,9401.45,9171.0,9201.0,2123
2013-01-14 00:00:00+05:30,9222.0,9276.4,9200.0,9207.9,1277
2013-01-15 00:00:00+05:30,9249.8,9250.0,9045.0,9109.85,4799
2013-01-16 00:00:00+05:30,9258.0,9258.0,9110.0,9186.65,2943
2013-01-17 00:00:00+05:30,9219.95,9239.95,9170.1,9214.6,2006
2013-01-18 00:00:00+05:30,9230.0,9299.0,9044.95,9180.8,4333
2013-01-21 00:00:00+05:30,9250.0,9400.0,9181.3,9281.7,4962
2013-01-22 00:00:00+05:30,9325.0,9325.0,9120.05,9171.65,3387
2013-01-23 00:00:00+05:30,9235.0,9239.7,9085.0,9103.65,1394
2013-01-24 00:00:00+05:30,9199.0,9199.0,9090.0,9112.35,3441
2013-01-25 00:00:00+05:30,9115.0,9179.1,9075.0,9092.8,5161
2013-01-28 00:00:00+05:30,9129.95,9155.0,9001.0,9005.75,2884
2013-01-29 00:00:00+05:30,9176.95,9176.95,8825.2,8888.35,4119
2013-01-30 00:00:00+05:30,8892.0,9249.95,8820.0,9076.6,6896
2013-01-31 00:00:00+05:30,9076.6,9340.0,9055.8,9260.0,6528
2013-02-01 00:00:00+05:30,9219.95,9256.0,8960.0,9108.15,6054
2013-02-04 00:00:00+05:30,9199.0,9199.0,9012.0,9020.0,1173
2013-02-05 00:00:00+05:30,9050.0,9073.95,9000.05,9013.3,1497
2013-02-06 00:00:00+05:30,9015.05,9058.0,8995.0,9011.75,1895
2013-02-07 00:00:00+05:30,9000.05,9048.0,8996.0,9013.5,10973
2013-02-08 00:00:00+05:30,9000.05,9074.4,9000.0,9021.4,2239
2013-02-11 00:00:00+05:30,9045.55,9077.95,8941.05,8956.8,8189
2013-02-12 00:00:00+05:30,9049.7,9049.7,8901.1,8919.35,3873
2013-02-13 00:00:00+05:30,8959.95,9020.0,8911.05,8977.15,1897
2013-02-14 00:00:00+05:30,8930.1,9034.5,8930.1,8971.6,4853
2013-02-15 00:00:00+05:30,8952.0,8999.95,8930.1,8969.4,1098
2013-02-18 00:00:00+05:30,8960.5,9029.45,8960.5,8995.15,776
2013-02-19 00:00:00+05:30,9040.15,9090.0,9001.05,9025.35,905
2013-02-20 00:00:00+05:30,9021.0,9078.95,9021.0,9064.95,2648
2013-02-21 00:00:00+05:30,9002.05,9082.8,9002.0,9044.95,20770
2013-02-22 00:00:00+05:30,9006.2,9031.0,8962.6,8989.5,9864
2013-02-25 00:00:00+05:30,9015.7,9041.05,8913.0,8930.85,1906
2013-02-26 00:00:00+05:30,8920.05,8935.0,8811.0,8867.75,2000
2013-02-27 00:00:00+05:30,8957.0,9060.75,8811.0,8881.8,15615
2013-02-28 00:00:00+05:30,8850.0,8905.0,8700.0,8761.9,3757
2013-03-01 00:00:00+05:30,8785.15,8785.15,8501.0,8564.25,3300
2013-03-04 00:00:00+05:30,8501.45,8665.0,8216.85,8357.9,9307
2013-03-05 00:00:00+05:30,8355.2,8480.0,8355.2,8453.35,4936
2013-03-06 00:00:00+05:30,8462.05,8590.0,8325.0,8398.95,6106
2013-03-07 00:00:00+05:30,8425.0,8425.0,8291.0,8300.2,2324
2013-03-08 00:00:00+05:30,8387.0,8387.0,8180.75,8353.95,40754
2013-03-11 00:00:00+05:30,8352.9,8550.0,8310.2,8436.15,5485
2013-03-12 00:00:00+05:30,8450.0,8594.0,8440.0,8572.95,5457
2013-03-13 00:00:00+05:30,8572.0,8703.75,8545.0,8617.35,2458
2013-03-14 00:00:00+05:30,8669.0,8739.0,8601.0,8705.05,2500
2013-03-15 00:00:00+05:30,8655.15,8790.1,8610.0,8617.0,1422
2013-03-18 00:00:00+05:30,8713.0,8713.0,8610.0,8670.3,1616
2013-03-19 00:00:00+05:30,8688.95,8769.95,8677.7,8722.6,6340
2013-03-20 00:00:00+05:30,8721.0,8799.0,8695.0,8750.65,5605
2013-03-21 00:00:00+05:30,8765.4,8840.0,8602.4,8756.6,11318
2013-03-22 00:00:00+05:30,8700.1,8865.0,8690.05,8829.0,4407
2013-03-25 00:00:00+05:30,8850.05,9000.0,8675.65,8839.25,9075
2013-03-26 00:00:00+05:30,8839.25,9134.65,8755.55,9006.3,3869
2013-03-28 00:00:00+05:30,9001.0,9197.0,8895.0,8983.8,8061
2013-04-01 00:00:00+05:30,9065.0,9065.0,8771.6,8852.05,1393
2013-04-02 00:00:00+05:30,8852.0,8875.1,8656.0,8714.65,5510
2013-04-03 00:00:00+05:30,8850.0,8850.0,8700.0,8727.8,1171
2013-04-04 00:00:00+05:30,8740.0,8797.8,8650.0,8740.6,5025
2013-04-05 00:00:00+05:30,8724.05,8840.6,8576.6,8754.3,7282
2013-04-08 00:00:00+05:30,8776.1,8800.0,8699.95,8707.5,2057
2013-04-09 00:00:00+05:30,8700.0,8759.45,8695.0,8702.2,12870
2013-04-10 00:00:00+05:30,8744.0,8873.75,8700.35,8827.3,1059
2013-04-11 00:00:00+05:30,8835.0,8838.65,8710.05,8762.7,2005
2013-04-12 00:00:00+05:30,8715.45,8787.85,8675.0,8698.95,1359
2013-04-15 00:00:00+05:30,8709.0,8724.95,8615.0,8638.5,738
2013-04-16 00:00:00+05:30,8580.0,8666.0,8520.0,8646.5,515
2013-04-17 00:00:00+05:30,8675.05,8700.0,8620.0,8638.0,1018
2013-04-18 00:00:00+05:30,8600.0,8865.0,8600.0,8818.6,2051
2013-04-22 00:00:00+05:30,8771.2,8865.0,8750.0,8846.45,1006
2013-04-23 00:00:00+05:30,8850.0,8949.0,8805.25,8919.2,1096
2013-04-25 00:00:00+05:30,8870.0,9050.0,8850.0,9033.1,4153
2013-04-26 00:00:00+05:30,9050.05,9110.15,8935.0,9057.55,3678
2013-04-29 00:00:00+05:30,9200.0,9200.0,8996.0,9024.85,3395
2013-04-30 00:00:00+05:30,8921.0,8921.0,8801.0,8898.05,4274
2013-05-02 00:00:00+05:30,8750.0,9062.65,8750.0,8927.05,2405
2013-05-03 00:00:00+05:30,9050.0,9050.0,8795.0,8924.5,820
2013-05-06 00:00:00+05:30,9000.0,9010.0,8875.45,8983.05,1881
2013-05-07 00:00:00+05:30,8990.0,9025.95,8950.0,8988.3,1797
2013-05-08 00:00:00+05:30,8958.5,9017.8,8951.05,9000.7,2160
2013-05-09 00:00:00+05:30,9000.0,9060.2,8987.35,9047.55,3221
2013-05-10 00:00:00+05:30,9040.0,9069.4,8999.0,9000.3,3739
2013-05-11 00:00:00+05:30,9090.0,9090.0,8970.0,9017.75,60
2013-05-13 00:00:00+05:30,9020.05,9074.9,8900.0,9035.25,1909
2013-05-14 00:00:00+05:30,9000.0,9069.2,8980.05,9011.95,4155
2013-05-15 00:00:00+05:30,9100.0,9100.0,8981.0,9000.65,1494
2013-05-16 00:00:00+05:30,9010.0,9035.0,8971.05,9000.95,3432
2013-05-17 00:00:00+05:30,8982.0,9039.95,8982.0,9015.95,1150
2013-05-20 00:00:00+05:30,9050.0,9118.95,9000.0,9017.45,1748
2013-05-21 00:00:00+05:30,9069.95,9288.8,9008.6,9167.1,4883
2013-05-22 00:00:00+05:30,9167.1,9300.0,9100.05,9227.75,7584
2013-05-23 00:00:00+05:30,9245.0,9245.0,9074.0,9100.55,3304
2013-05-24 00:00:00+05:30,9120.0,9120.0,9015.35,9039.2,2120
2013-05-27 00:00:00+05:30,9040.0,9119.95,9033.0,9052.75,1328
2013-05-28 00:00:00+05:30,9195.0,9195.0,9015.0,9043.4,1211
2013-05-29 00:00:00+05:30,9011.0,9149.0,9011.0,9082.05,2326
2013-05-30 00:00:00+05:30,9087.35,9188.95,9051.05,9145.45,2801
2013-05-31 00:00:00+05:30,9105.0,9275.0,9105.0,9148.25,2934
2013-06-03 00:00:00+05:30,9057.0,9244.95,9002.2,9035.45,5820
2013-06-04 00:00:00+05:30,9094.95,9189.9,9037.0,9040.8,2269
2013-06-05 00:00:00+05:30,9040.75,9138.0,9027.8,9051.25,1923
2013-06-06 00:00:00+05:30,8920.0,9118.95,8920.0,9077.25,1933
2013-06-07 00:00:00+05:30,9198.0,9198.0,9006.0,9018.85,1132
2013-06-10 00:00:00+05:30,9135.0,9197.7,8927.0,9134.1,2125
2013-06-11 00:00:00+05:30,9043.0,9600.0,9019.0,9315.45,3250
2013-06-12 00:00:00+05:30,9314.4,9345.0,9032.0,9051.8,3603
2013-06-13 00:00:00+05:30,9050.0,9094.85,8960.0,8993.35,1104
2013-06-14 00:00:00+05:30,9010.05,9094.75,8975.05,9007.7,849
2013-06-17 00:00:00+05:30,9040.45,9088.7,8990.0,9033.05,1448
2013-06-18 00:00:00+05:30,9050.0,9121.05,9003.05,9031.55,2512
2013-06-19 00:00:00+05:30,9042.25,9060.0,8978.05,9000.0,3725
2013-06-20 00:00:00+05:30,9039.7,9039.7,8975.05,8983.95,1094
2013-06-21 00:00:00+05:30,8950.0,9095.0,8900.0,8917.35,1758
2013-06-24 00:00:00+05:30,8940.0,8955.05,8775.0,8800.55,1805
2013-06-25 00:00:00+05:30,8805.0,8819.7,8525.05,8578.7,1875
2013-06-26 00:00:00+05:30,8578.0,8710.95,8555.2,8576.5,2209
2013-06-27 00:00:00+05:30,8694.95,8719.9,8560.0,8678.05,26413
2013-06-28 00:00:00+05:30,8699.0,9399.0,8699.0,9047.9,24487
2013-07-01 00:00:00+05:30,8950.0,8980.0,8610.0,8915.15,1688
2013-07-02 00:00:00+05:30,8989.85,8989.9,8850.05,8873.1,1551
2013-07-03 00:00:00+05:30,8825.15,8890.95,8790.0,8803.1,957
2013-07-04 00:00:00+05:30,8750.0,8877.0,8601.1,8626.5,3482
2013-07-05 00:00:00+05:30,8697.45,8764.6,8630.0,8724.3,3163
2013-07-08 00:00:00+05:30,8725.0,8776.3,8611.1,8636.3,1005
2013-07-09 00:00:00+05:30,8745.0,8749.0,8661.05,8726.65,15224
2013-07-10 00:00:00+05:30,8702.05,8769.9,8650.0,8667.5,5201
2013-07-11 00:00:00+05:30,8830.0,8830.0,8618.95,8661.4,1826
2013-07-12 00:00:00+05:30,8675.0,8692.6,8593.0,8601.7,1911
2013-07-15 00:00:00+05:30,8720.0,8720.0,8575.15,8596.85,2506
2013-07-16 00:00:00+05:30,8710.0,8710.0,8550.0,8567.5,6548
2013-07-17 00:00:00+05:30,8585.0,8684.95,8545.0,8666.3,14675
2013-07-18 00:00:00+05:30,8580.0,8862.0,8580.0,8647.3,1944
2013-07-19 00:00:00+05:30,8605.05,8740.0,8595.0,8698.9,1738
2013-07-22 00:00:00+05:30,8765.0,8765.0,8605.3,8635.25,853
2013-07-23 00:00:00+05:30,8650.0,8658.0,8580.05,8597.1,1171
2013-07-24 00:00:00+05:30,8610.0,8644.9,8565.8,8595.55,2367
2013-07-25 00:00:00+05:30,8605.05,8666.4,8537.4,8567.5,622
2013-07-26 00:00:00+05:30,8575.05,8712.25,8540.05,8640.3,1923
2013-07-29 00:00:00+05:30,8677.8,9050.0,8575.0,8855.7,2033
2013-07-30 00:00:00+05:30,8725.15,9100.0,8719.0,8934.2,1823
2013-07-31 00:00:00+05:30,9070.0,9070.0,8805.1,9004.15,8445
2013-08-01 00:00:00+05:30,8890.0,8998.0,8800.0,8838.85,798
2013-08-02 00:00:00+05:30,8750.0,8800.0,8709.2,8727.85,1077
2013-08-05 00:00:00+05:30,8735.0,8735.0,8556.3,8574.3,1389
2013-08-06 00:00:00+05:30,8550.0,8595.0,8291.1,8348.5,3553
2013-08-07 00:00:00+05:30,8400.0,8593.95,8400.0,8484.9,1892
2013-08-08 00:00:00+05:30,8484.95,8575.0,8353.1,8519.55,794
2013-08-12 00:00:00+05:30,8650.0,8650.0,8480.5,8508.55,1473
2013-08-13 00:00:00+05:30,8577.35,8675.0,8505.05,8584.8,2523
2013-08-14 00:00:00+05:30,8640.0,8640.0,8505.0,8517.8,934
2013-08-16 00:00:00+05:30,8520.0,8594.9,8310.1,8408.35,1873
2013-08-19 00:00:00+05:30,8465.05,8567.0,8202.0,8237.9,3236
2013-08-20 00:00:00+05:30,8246.1,8280.0,8001.1,8026.25,4630
2013-08-21 00:00:00+05:30,8190.0,8190.0,8050.1,8151.45,15461
2013-08-22 00:00:00+05:30,8160.0,8210.9,8098.0,8191.4,11099
2013-08-23 00:00:00+05:30,8210.0,8300.0,8121.1,8188.05,2636
2013-08-26 00:00:00+05:30,8375.0,8375.0,8119.0,8150.85,18883
2013-08-27 00:00:00+05:30,8150.15,8240.0,8130.0,8169.7,594
2013-08-28 00:00:00+05:30,8274.0,8274.0,8040.05,8134.8,470
2013-08-29 00:00:00+05:30,8010.0,8380.0,8010.0,8249.45,1215
2013-08-30 00:00:00+05:30,8238.0,8299.0,8206.0,8251.65,2038
2013-09-02 00:00:00+05:30,8275.0,8339.95,8205.05,8260.95,559
2013-09-03 00:00:00+05:30,8282.6,8282.6,8100.0,8114.85,7355
2013-09-04 00:00:00+05:30,8310.0,8310.0,8140.0,8162.9,849
2013-09-05 00:00:00+05:30,8199.95,8290.0,8100.1,8122.0,1386
2013-09-06 00:00:00+05:30,8159.3,8304.95,8159.3,8257.4,1141
2013-09-10 00:00:00+05:30,8200.0,8345.0,8150.0,8266.4,4472
2013-09-11 00:00:00+05:30,8200.05,8378.0,8200.05,8357.3,1016
2013-09-12 00:00:00+05:30,8355.0,8412.85,8275.0,8318.8,6755
2013-09-13 00:00:00+05:30,8200.1,8328.0,8200.1,8268.85,3702
2013-09-16 00:00:00+05:30,8249.85,8375.0,8202.0,8212.95,840
2013-09-17 00:00:00+05:30,8201.0,8400.0,8201.0,8358.9,1982
2013-09-18 00:00:00+05:30,8299.7,8444.95,8299.0,8412.05,4635
2013-09-19 00:00:00+05:30,8445.0,8519.95,8337.45,8475.7,2191
2013-09-20 00:00:00+05:30,8350.05,8795.7,8326.6,8671.25,3357
2013-09-23 00:00:00+05:30,8600.0,8750.0,8550.05,8620.45,1010
2013-09-24 00:00:00+05:30,8512.0,8669.95,8512.0,8604.15,6746
2013-09-25 00:00:00+05:30,8575.4,8640.0,8512.0,8614.3,5438
2013-09-26 00:00:00+05:30,8550.15,8979.0,8501.1,8793.5,8631
2013-09-27 00:00:00+05:30,8787.0,9150.0,8675.0,9053.65,9936
2013-09-30 00:00:00+05:30,9061.0,9100.0,8870.0,9048.65,8787
2013-10-01 00:00:00+05:30,8883.6,8991.95,8857.0,8886.1,1443
2013-10-03 00:00:00+05:30,8974.0,8974.0,8600.0,8693.5,2228
2013-10-04 00:00:00+05:30,8602.0,8977.0,8602.0,8895.0,2732
2013-10-07 00:00:00+05:30,8895.0,8999.0,8820.0,8869.4,2356
2013-10-08 00:00:00+05:30,8939.35,8978.0,8850.0,8863.25,2883
2013-10-09 00:00:00+05:30,8830.0,8899.95,8801.0,8841.2,1392
2013-10-10 00:00:00+05:30,8730.7,8893.95,8730.7,8774.4,3711
2013-10-11 00:00:00+05:30,8838.95,8850.0,8690.0,8717.55,1430
2013-10-14 00:00:00+05:30,8699.0,8790.0,8630.0,8645.1,893
2013-10-15 00:00:00+05:30,8789.8,8789.8,8570.0,8585.9,2402
2013-10-17 00:00:00+05:30,8610.05,8800.0,8575.0,8716.75,2817
2013-10-18 00:00:00+05:30,8725.5,8830.0,8708.0,8737.85,2533
2013-10-21 00:00:00+05:30,8737.85,8840.0,8701.0,8727.8,1567
2013-10-22 00:00:00+05:30,8681.0,8880.0,8681.0,8768.5,3694
2013-10-23 00:00:00+05:30,8702.0,8879.0,8702.0,8767.65,1112
2013-10-24 00:00:00+05:30,8691.0,8794.8,8691.0,8716.0,882
2013-10-25 00:00:00+05:30,8720.15,8780.0,8720.15,8740.6,6289
2013-10-28 00:00:00+05:30,8716.85,8765.0,8711.0,8751.45,594
2013-10-29 00:00:00+05:30,8716.0,8994.6,8700.0,8878.8,2178
2013-10-30 00:00:00+05:30,8899.95,8899.95,8755.0,8798.05,1003
2013-10-31 00:00:00+05:30,8755.05,8825.0,8740.0,8795.4,5797
2013-11-01 00:00:00+05:30,8850.0,8949.95,8731.0,8814.3,2837
2013-11-03 00:00:00+05:30,8802.0,8802.0,8750.1,8778.1,432
2013-11-05 00:00:00+05:30,8865.0,8865.0,8750.0,8770.6,1334
2013-11-06 00:00:00+05:30,8700.45,8778.7,8677.0,8722.55,2273
2013-11-07 00:00:00+05:30,8715.0,8759.95,8710.0,8711.5,1733
2013-11-08 00:00:00+05:30,8717.05,8740.0,8700.0,8709.15,354
2013-11-11 00:00:00+05:30,8730.0,8780.0,8707.2,8758.05,725
2013-11-12 00:00:00+05:30,8758.05,8900.0,8686.0,8828.65,3817
2013-11-13 00:00:00+05:30,8765.0,8878.8,8720.0,8816.05,7596
2013-11-14 00:00:00+05:30,8860.9,8860.9,8765.0,8788.5,7199
2013-11-18 00:00:00+05:30,8716.0,8774.95,8701.1,8748.75,8324
2013-11-19 00:00:00+05:30,8702.05,8789.9,8702.05,8745.05,3125
2013-11-20 00:00:00+05:30,8799.95,8800.0,8655.0,8679.05,1072
2013-11-21 00:00:00+05:30,8701.0,8701.1,8605.0,8626.15,2198
2013-11-22 00:00:00+05:30,8640.0,8699.05,8540.0,8590.95,13493
2013-11-25 00:00:00+05:30,8600.0,8649.4,8551.0,8560.35,4346
2013-11-26 00:00:00+05:30,8599.0,8599.0,8485.0,8500.3,7519
2013-11-27 00:00:00+05:30,8559.95,8582.95,8520.05,8568.25,17772
2013-11-28 00:00:00+05:30,8566.0,8649.0,8450.0,8487.65,1243
2013-11-29 00:00:00+05:30,8490.0,8744.8,8490.0,8695.4,21132
2013-12-02 00:00:00+05:30,8710.0,8983.95,8625.15,8890.05,3743
2013-12-03 00:00:00+05:30,8801.2,8890.0,8801.2,8852.2,1722
2013-12-04 00:00:00+05:30,8925.0,8970.0,8822.15,8909.15,1298
2013-12-05 00:00:00+05:30,8901.0,9097.0,8885.0,8924.5,3852
2013-12-06 00:00:00+05:30,8966.0,9000.0,8830.0,8879.4,2425
2013-12-09 00:00:00+05:30,9078.95,9078.95,8855.0,8871.1,1318
2013-12-10 00:00:00+05:30,8800.0,8889.95,8780.0,8803.85,1004
2013-12-11 00:00:00+05:30,8869.95,9000.0,8802.05,8907.0,5226
2013-12-12 00:00:00+05:30,8854.65,8969.95,8805.15,8891.0,1501
2013-12-13 00:00:00+05:30,8873.0,8939.0,8801.0,8835.0,2515
2013-12-16 00:00:00+05:30,9000.0,9000.0,8802.05,8848.65,1616
2013-12-17 00:00:00+05:30,8850.0,8934.0,8805.8,8829.25,1168
2013-12-18 00:00:00+05:30,8879.95,9015.0,8820.0,8998.9,24904
2013-12-19 00:00:00+05:30,8996.0,8996.0,8925.0,8951.6,1674
2013-12-20 00:00:00+05:30,8961.0,9610.0,8961.0,9362.45,26734
2013-12-23 00:00:00+05:30,9380.0,9595.0,9380.0,9505.85,8756
2013-12-24 00:00:00+05:30,9371.0,9898.0,9371.0,9834.1,22735
2013-12-26 00:00:00+05:30,9894.0,11500.0,9894.0,10599.3,104667
2013-12-27 00:00:00+05:30,10700.0,10990.0,10313.3,10411.6,35809
2013-12-30 00:00:00+05:30,10549.0,10750.0,10150.0,10236.5,18017
2013-12-31 00:00:00+05:30,10300.0,10488.0,9909.0,10068.2,17791
2014-01-01 00:00:00+05:30,10155.0,10333.0,9960.0,10009.9,14920
2014-01-02 00:00:00+05:30,10010.0,10164.2,9940.05,9998.05,14316
2014-01-03 00:00:00+05:30,10050.0,10177.7,9975.0,10021.3,10989
2014-01-06 00:00:00+05:30,10072.0,10144.0,9875.85,9930.05,11449
2014-01-07 00:00:00+05:30,9871.0,9998.0,9740.05,9777.35,6112
2014-01-08 00:00:00+05:30,9740.0,10299.0,9700.0,9864.85,20468
2014-01-09 00:00:00+05:30,9803.0,10100.0,9710.0,9752.45,6508
2014-01-10 00:00:00+05:30,9771.0,9899.95,9660.0,9715.9,9322
2014-01-13 00:00:00+05:30,9720.0,9817.0,9700.0,9718.1,5055
2014-01-14 00:00:00+05:30,9670.0,9850.0,9670.0,9758.8,5239
2014-01-15 00:00:00+05:30,9712.0,9818.9,9701.0,9723.75,3091
2014-01-16 00:00:00+05:30,9740.0,9773.95,9550.1,9591.75,3740
2014-01-17 00:00:00+05:30,9639.0,9648.45,9480.1,9517.45,3637
2014-01-20 00:00:00+05:30,9520.0,9640.0,9491.0,9524.7,3936
2014-01-21 00:00:00+05:30,9465.0,9730.6,9465.0,9556.45,5132
2014-01-22 00:00:00+05:30,9480.0,9605.0,9480.0,9551.25,2563
2014-01-23 00:00:00+05:30,9551.25,9589.95,9470.05,9482.3,1844
2014-01-24 00:00:00+05:30,9440.0,9529.0,9327.45,9338.4,3380
2014-01-27 00:00:00+05:30,9301.0,9390.0,9148.0,9257.0,4929
2014-01-28 00:00:00+05:30,9260.0,9335.0,9065.0,9097.75,4520
2014-01-29 00:00:00+05:30,9097.75,9240.0,9075.0,9103.4,3223
2014-01-30 00:00:00+05:30,9101.0,9101.0,8810.1,8919.6,4809
2014-01-31 00:00:00+05:30,8935.0,9049.8,8920.0,8973.75,10026
2014-02-03 00:00:00+05:30,8955.0,9069.95,8855.1,8944.3,17731
2014-02-04 00:00:00+05:30,8930.0,9038.0,8850.0,8995.35,6569
2014-02-05 00:00:00+05:30,9029.4,9274.95,8956.25,9213.75,8242
2014-02-06 00:00:00+05:30,9270.0,9340.0,9161.0,9202.55,4162
2014-02-07 00:00:00+05:30,9210.0,9275.0,9070.0,9110.9,2314
2014-02-10 00:00:00+05:30,9110.0,9198.9,9070.0,9095.3,2106
2014-02-11 00:00:00+05:30,9149.0,9150.0,9004.0,9105.9,2409
2014-02-12 00:00:00+05:30,9170.0,9170.0,9049.5,9055.75,2722
2014-02-13 00:00:00+05:30,9108.0,9108.0,8975.0,9003.05,2408
2014-02-14 00:00:00+05:30,9050.0,9050.0,8867.0,8952.1,3912
2014-02-17 00:00:00+05:30,9021.0,9030.0,8906.0,8985.55,1293
2014-02-18 00:00:00+05:30,8980.0,9039.95,8911.0,8980.45,5565
2014-02-19 00:00:00+05:30,9025.0,9025.0,8950.0,8972.85,1222
2014-02-20 00:00:00+05:30,9029.0,9039.0,8950.0,9013.2,2202
2014-02-21 00:00:00+05:30,8990.0,9299.0,8988.5,9084.7,6067
2014-02-24 00:00:00+05:30,9179.0,9350.0,9115.05,9296.5,3814
2014-02-25 00:00:00+05:30,9340.0,9520.0,9300.0,9475.25,9012
2014-02-26 00:00:00+05:30,9475.25,9594.0,9331.15,9495.75,7503
2014-02-28 00:00:00+05:30,9255.0,9520.0,9110.0,9404.75,10036
2014-03-03 00:00:00+05:30,9490.0,9490.0,9211.0,9266.8,3055
2014-03-04 00:00:00+05:30,9289.95,9290.0,9180.0,9236.8,3993
2014-03-05 00:00:00+05:30,9334.95,9334.95,9200.0,9213.3,3246
2014-03-06 00:00:00+05:30,9213.65,9319.0,9213.65,9255.65,4141
2014-03-07 00:00:00+05:30,9265.0,9397.7,9251.0,9317.6,6820
2014-03-10 00:00:00+05:30,9317.5,9844.0,9240.0,9696.9,15940
2014-03-11 00:00:00+05:30,9599.0,9644.0,9350.0,9407.2,3978
2014-03-12 00:00:00+05:30,9401.0,9589.0,9352.0,9458.3,4281
2014-03-13 00:00:00+05:30,9465.0,9574.25,9465.0,9501.15,3146
2014-03-14 00:00:00+05:30,9501.15,9691.5,9400.05,9609.15,3673
2014-03-18 00:00:00+05:30,9610.0,9640.0,9500.0,9552.05,4363
2014-03-19 00:00:00+05:30,9600.0,9875.0,9531.0,9810.7,12872
2014-03-20 00:00:00+05:30,9809.0,9850.0,9680.0,9747.7,8857
2014-03-21 00:00:00+05:30,9773.95,10220.0,9700.0,10055.5,8700
2014-03-22 00:00:00+05:30,10101.0,10419.8,10101.0,10332.2,2312
2014-03-24 00:00:00+05:30,10336.8,10500.0,10050.0,10106.2,6137
2014-03-25 00:00:00+05:30,10080.0,10479.0,10050.0,10398.7,7670
2014-03-26 00:00:00+05:30,10410.0,10524.0,10200.0,10498.1,10965
2014-03-27 00:00:00+05:30,10499.0,10583.0,10395.1,10527.2,6243
2014-03-28 00:00:00+05:30,10525.0,10760.0,10525.0,10722.2,8742
2014-03-31 00:00:00+05:30,10716.0,11000.0,10574.0,10892.3,22986
2014-04-01 00:00:00+05:30,10740.0,10875.0,10555.0,10767.1,6382
2014-04-02 00:00:00+05:30,10800.5,10879.0,10570.0,10641.7,8572
2014-04-03 00:00:00+05:30,10765.0,10785.5,10600.0,10619.5,3069
2014-04-04 00:00:00+05:30,10632.4,10700.0,10110.2,10226.8,8377
2014-04-07 00:00:00+05:30,10325.0,10443.0,10250.2,10368.5,4529
2014-04-09 00:00:00+05:30,10260.0,10500.0,10220.0,10365.7,7074
2014-04-10 00:00:00+05:30,10365.7,10484.2,10202.0,10270.2,14021
2014-04-11 00:00:00+05:30,10297.9,10345.0,10200.0,10244.7,3380
2014-04-15 00:00:00+05:30,10166.8,10400.0,10150.0,10224.3,3108
2014-04-16 00:00:00+05:30,10235.0,10500.1,10052.0,10321.9,6176
2014-04-17 00:00:00+05:30,10422.0,10545.0,10200.0,10313.5,14674
2014-04-21 00:00:00+05:30,10215.5,10400.0,10101.0,10212.2,9269
2014-04-22 00:00:00+05:30,10297.0,10450.0,10210.0,10345.5,4358
2014-04-23 00:00:00+05:30,10350.0,10500.0,10290.8,10402.4,2609
2014-04-25 00:00:00+05:30,10400.0,10759.0,10290.0,10714.0,10490
2014-04-28 00:00:00+05:30,10800.0,11030.0,10425.0,10555.9,9723
2014-04-29 00:00:00+05:30,10650.0,10670.0,10491.1,10544.9,2480
2014-04-30 00:00:00+05:30,10550.0,10740.0,10380.0,10537.3,2718
2014-05-02 00:00:00+05:30,10669.5,10669.5,10390.0,10466.2,7613
2014-05-05 00:00:00+05:30,10360.0,10558.2,10300.0,10477.7,2606
2014-05-06 00:00:00+05:30,10499.7,10624.7,10471.5,10495.5,2995
2014-05-07 00:00:00+05:30,10451.0,10573.0,10451.0,10491.2,8867
2014-05-08 00:00:00+05:30,10405.0,10539.0,10405.0,10446.2,3067
2014-05-09 00:00:00+05:30,10468.1,10780.0,10468.1,10705.7,8880
2014-05-12 00:00:00+05:30,10755.0,10825.0,10500.0,10592.2,6664
2014-05-13 00:00:00+05:30,10592.2,10797.7,10592.2,10748.2,5411
2014-05-14 00:00:00+05:30,10775.0,10960.5,10700.0,10748.0,5274
2014-05-15 00:00:00+05:30,10930.6,10930.6,10700.0,10754.0,10805
2014-05-16 00:00:00+05:30,10900.0,10970.0,10600.0,10648.5,5400
2014-05-19 00:00:00+05:30,10750.0,11000.0,10660.0,10979.0,8259
2014-05-20 00:00:00+05:30,11000.0,11499.0,10900.0,11369.5,12110
2014-05-21 00:00:00+05:30,11412.0,11750.0,11401.2,11503.7,9334
2014-05-22 00:00:00+05:30,11788.0,12400.0,11555.2,12320.6,28130
2014-05-23 00:00:00+05:30,12699.0,12940.0,12502.2,12848.4,13896
2014-05-26 00:00:00+05:30,12900.4,13330.0,12011.1,12445.4,11752
2014-05-27 00:00:00+05:30,12452.0,12620.0,11890.0,12146.7,6568
2014-05-28 00:00:00+05:30,12360.0,12500.0,12000.0,12346.5,14764
2014-05-29 00:00:00+05:30,12223.0,12500.0,12021.0,12420.2,13666
2014-05-30 00:00:00+05:30,12500.0,12700.0,12100.0,12355.2,10431
2014-06-02 00:00:00+05:30,12475.0,12599.7,12200.0,12261.8,13535
2014-06-03 00:00:00+05:30,12300.0,12440.0,12200.0,12235.0,3410
2014-06-04 00:00:00+05:30,12300.0,12349.9,12004.0,12054.7,4348
2014-06-05 00:00:00+05:30,12200.0,12200.0,11990.0,12038.0,4785
2014-06-06 00:00:00+05:30,12090.0,12196.4,11801.0,11917.3,6775
2014-06-09 00:00:00+05:30,12140.0,12140.0,11902.0,11969.7,13336
2014-06-10 00:00:00+05:30,11935.0,12100.0,11720.0,11767.6,8434
2014-06-11 00:00:00+05:30,11710.0,12000.0,11710.0,11977.1,6248
2014-06-12 00:00:00+05:30,11999.8,12149.5,11801.0,11850.0,8669
2014-06-13 00:00:00+05:30,11806.5,11970.0,11750.0,11840.2,4778
2014-06-16 00:00:00+05:30,11810.0,11918.0,11754.0,11854.0,2871
2014-06-17 00:00:00+05:30,11778.0,12017.0,11765.3,11926.4,27373
2014-06-18 00:00:00+05:30,11900.0,12240.0,11900.0,12191.2,9159
2014-06-19 00:00:00+05:30,12250.0,12250.0,11921.0,11960.6,4723
2014-06-20 00:00:00+05:30,11960.2,12320.0,11790.0,11826.9,5113
2014-06-23 00:00:00+05:30,11900.0,11947.0,11766.6,11837.2,2556
2014-06-24 00:00:00+05:30,11840.0,12040.0,11840.0,11997.0,12294
2014-06-25 00:00:00+05:30,12009.2,12210.0,11900.0,11970.0,4099
2014-06-26 00:00:00+05:30,11901.0,13100.0,11901.0,12826.8,27789
2014-06-27 00:00:00+05:30,12970.0,13075.0,12830.0,13000.7,14623
2014-06-30 00:00:00+05:30,13089.7,13670.0,12898.0,13557.0,9486
2014-07-01 00:00:00+05:30,13661.9,13699.0,13380.0,13440.5,9851
2014-07-02 00:00:00+05:30,13528.0,14000.0,13522.1,13936.0,6237
2014-07-03 00:00:00+05:30,14010.0,14099.0,13540.0,13699.8,11011
2014-07-04 00:00:00+05:30,13690.0,13839.8,13550.0,13588.8,6968
2014-07-07 00:00:00+05:30,13698.7,13800.0,13501.0,13558.5,6020
2014-07-08 00:00:00+05:30,13689.3,13689.4,12800.0,13390.7,17778
2014-07-09 00:00:00+05:30,13389.0,13484.0,12901.1,13077.7,5207
2014-07-10 00:00:00+05:30,13100.0,13300.0,12881.0,13000.9,4557
2014-07-11 00:00:00+05:30,13000.0,13200.0,12702.2,12808.8,7110
2014-07-14 00:00:00+05:30,12808.8,13140.0,12680.8,13004.2,5997
2014-07-15 00:00:00+05:30,13174.9,13174.9,12900.0,12994.8,18066
2014-07-16 00:00:00+05:30,12990.0,13495.0,12990.0,13128.2,3302
2014-07-17 00:00:00+05:30,13000.0,13497.7,12996.5,13249.5,4189
2014-07-18 00:00:00+05:30,13117.0,13470.0,13116.0,13381.3,26447
2014-07-21 00:00:00+05:30,13500.0,13737.1,13310.0,13383.7,2435
2014-07-22 00:00:00+05:30,13475.0,13475.0,13316.0,13392.9,8603
2014-07-23 00:00:00+05:30,13450.0,13530.0,13250.0,13297.8,1548
2014-07-24 00:00:00+05:30,13311.0,13395.0,13100.0,13165.5,1865
2014-07-25 00:00:00+05:30,13398.0,13398.0,13200.0,13257.6,4767
2014-07-28 00:00:00+05:30,13101.2,13350.0,13101.2,13202.0,2543
2014-07-30 00:00:00+05:30,13120.0,13646.0,13120.0,13359.2,10317
2014-07-31 00:00:00+05:30,13400.0,13572.0,13320.0,13405.3,5822
2014-08-01 00:00:00+05:30,13401.0,13970.0,13351.3,13499.9,9922
2014-08-04 00:00:00+05:30,13400.0,13898.5,13400.0,13538.2,5676
2014-08-05 00:00:00+05:30,13799.0,14030.0,13651.0,13923.1,9001
2014-08-06 00:00:00+05:30,13925.0,14046.2,13651.1,13727.6,18912
2014-08-07 00:00:00+05:30,13727.0,13890.0,13690.0,13713.8,6650
2014-08-08 00:00:00+05:30,13650.0,13750.0,13550.0,13630.5,5417
2014-08-11 00:00:00+05:30,13650.0,14050.0,13500.0,13708.0,20880
2014-08-12 00:00:00+05:30,13745.0,13899.0,13505.1,13561.8,5387
2014-08-13 00:00:00+05:30,13580.0,13700.0,13361.3,13476.8,4004
2014-08-14 00:00:00+05:30,13476.8,13675.2,13300.0,13629.8,5929
2014-08-18 00:00:00+05:30,13600.0,13790.0,13539.0,13699.5,11961
2014-08-19 00:00:00+05:30,13600.0,13987.4,13600.0,13901.7,11433
2014-08-20 00:00:00+05:30,13901.1,14399.7,13821.8,14323.3,9648
2014-08-21 00:00:00+05:30,14400.0,14625.0,14200.0,14540.8,9391
2014-08-22 00:00:00+05:30,14560.0,14830.0,14480.0,14752.5,6493
2014-08-25 00:00:00+05:30,14712.0,14998.0,14712.0,14779.0,5475
2014-08-26 00:00:00+05:30,14890.9,14890.9,14702.0,14738.0,3600
2014-08-28 00:00:00+05:30,14789.0,14848.0,14601.1,14809.9,3805
2014-09-01 00:00:00+05:30,14900.0,15100.0,14871.0,14995.5,5754
2014-09-02 00:00:00+05:30,14995.5,15144.0,14925.0,15000.6,7861
2014-09-03 00:00:00+05:30,15000.0,15100.0,14788.1,14835.8,7823
2014-09-04 00:00:00+05:30,14830.0,14862.0,14675.3,14722.2,5415
2014-09-05 00:00:00+05:30,14675.0,14797.0,14651.0,14715.7,9982
2014-09-08 00:00:00+05:30,14655.0,14898.0,14655.0,14869.0,9302
2014-09-09 00:00:00+05:30,15000.0,15025.0,14851.6,14942.8,9637
2014-09-10 00:00:00+05:30,15020.0,15099.0,14740.0,14798.7,12251
2014-09-11 00:00:00+05:30,14851.0,14950.0,14825.0,14856.0,9415
2014-09-12 00:00:00+05:30,14812.2,15000.0,14800.0,14837.1,6729
2014-09-15 00:00:00+05:30,14825.0,14929.0,14798.7,14887.2,3556
2014-09-16 00:00:00+05:30,14782.4,15350.0,14782.4,14822.7,41869
2014-09-17 00:00:00+05:30,14825.0,14900.0,14650.1,14715.2,4962
2014-09-18 00:00:00+05:30,14650.0,14990.0,14650.0,14937.0,9516
2014-09-19 00:00:00+05:30,14900.0,15049.0,14774.5,14827.0,5146
2014-09-22 00:00:00+05:30,14650.0,15051.1,14650.0,14989.8,17786
2014-09-23 00:00:00+05:30,15090.0,15141.0,14883.2,14962.1,6103
2014-09-24 00:00:00+05:30,15000.0,15000.2,14620.0,14673.5,8465
2014-09-25 00:00:00+05:30,14815.6,14815.6,14501.0,14577.8,11657
2014-09-26 00:00:00+05:30,14625.0,14799.7,14490.0,14772.0,5554
2014-09-29 00:00:00+05:30,14775.0,14850.0,14750.0,14835.0,4585
2014-09-30 00:00:00+05:30,14850.0,15150.0,14718.0,15014.8,23381
2014-10-01 00:00:00+05:30,15025.0,15050.0,14760.0,14802.5,2725
2014-10-07 00:00:00+05:30,14700.0,14909.0,14655.0,14706.2,2181
2014-10-08 00:00:00+05:30,14836.2,14836.2,14675.0,14703.9,3578
2014-10-09 00:00:00+05:30,14700.1,14875.0,14700.1,14790.3,3412
2014-10-10 00:00:00+05:30,14787.4,14850.0,14670.0,14715.6,2728
2014-10-13 00:00:00+05:30,14725.0,14763.3,14494.0,14570.7,6214
2014-10-14 00:00:00+05:30,14610.0,14665.5,14503.5,14597.5,20631
2014-10-16 00:00:00+05:30,14640.0,14640.0,14135.2,14361.0,3932
2014-10-17 00:00:00+05:30,14311.0,14475.0,14255.0,14308.0,2118
2014-10-20 00:00:00+05:30,14400.0,14600.0,14310.0,14518.7,2075
2014-10-21 00:00:00+05:30,14355.0,14700.0,14306.3,14624.2,5406
2014-10-22 00:00:00+05:30,14450.0,15200.0,14450.0,14900.0,9620
2014-10-23 00:00:00+05:30,15050.0,15300.0,14900.0,15003.0,1393
2014-10-27 00:00:00+05:30,15009.0,15140.0,14881.0,15004.3,3315
2014-10-28 00:00:00+05:30,14901.7,15148.0,14901.7,15035.7,2401
2014-10-29 00:00:00+05:30,15035.0,15070.0,14811.0,14995.8,3128
2014-10-30 00:00:00+05:30,15000.0,15083.3,14852.2,14909.3,3098
2014-10-31 00:00:00+05:30,14850.0,15100.0,14840.0,14900.8,5264
2014-11-03 00:00:00+05:30,15045.0,15640.2,14905.7,15516.5,9503
2014-11-05 00:00:00+05:30,15501.4,15501.4,15150.0,15297.5,6983
2014-11-07 00:00:00+05:30,15200.0,15337.9,15140.0,15193.2,7200
2014-11-10 00:00:00+05:30,15425.0,15425.0,15199.7,15390.7,6116
2014-11-11 00:00:00+05:30,15600.0,15870.2,15301.2,15556.6,27562
2014-11-12 00:00:00+05:30,15690.0,16445.9,15616.7,16009.0,21326
2014-11-13 00:00:00+05:30,16250.0,16495.0,16050.4,16409.4,7964
2014-11-14 00:00:00+05:30,16454.9,17287.1,16204.3,16563.1,26726
2014-11-17 00:00:00+05:30,16700.0,17176.0,16628.4,17033.2,11289
2014-11-18 00:00:00+05:30,17100.0,18100.0,17100.0,17732.2,24291
2014-11-19 00:00:00+05:30,17899.0,19200.0,17899.0,18073.0,57672
2014-11-20 00:00:00+05:30,18898.0,19570.0,18150.0,18912.8,60524
2014-11-21 00:00:00+05:30,19000.0,19405.0,18178.0,18368.1,27633
2014-11-24 00:00:00+05:30,18750.0,18790.0,18274.0,18355.2,14550
2014-11-25 00:00:00+05:30,18355.0,18355.0,17700.0,17759.9,12158
2014-11-26 00:00:00+05:30,17730.0,18140.0,17710.0,17961.2,13354
2014-11-27 00:00:00+05:30,17989.0,18133.7,17800.0,17973.8,31861
2014-11-28 00:00:00+05:30,18025.0,19136.2,18025.0,18919.8,53727
2014-12-01 00:00:00+05:30,18999.0,19234.0,18632.0,18743.8,17302
2014-12-02 00:00:00+05:30,18825.0,18890.0,18561.1,18600.8,14250
2014-12-03 00:00:00+05:30,18544.0,19895.0,18544.0,19784.8,38192
2014-12-04 00:00:00+05:30,19998.0,21150.0,19894.0,20522.3,98372
2014-12-05 00:00:00+05:30,20699.0,21000.0,20432.9,20544.2,43086
2014-12-08 00:00:00+05:30,20575.0,20950.0,20077.2,20191.1,27230
2014-12-09 00:00:00+05:30,20280.0,20427.2,19511.0,20022.6,33317
2014-12-10 00:00:00+05:30,20025.0,20198.8,19435.6,19681.2,21631
2014-12-11 00:00:00+05:30,19699.0,19971.0,19218.2,19694.3,22929
2014-12-12 00:00:00+05:30,19700.0,19935.2,19469.9,19600.5,12655
2014-12-15 00:00:00+05:30,19404.5,19661.9,19322.6,19471.3,22956
2014-12-16 00:00:00+05:30,19276.6,19441.9,18799.9,18974.2,25362
2014-12-17 00:00:00+05:30,18784.6,19000.0,18213.2,18611.7,27750
2014-12-18 00:00:00+05:30,18560.0,19200.0,18525.0,19046.2,30325
2014-12-19 00:00:00+05:30,19195.0,19230.0,18550.1,18668.6,30250
2014-12-22 00:00:00+05:30,18505.0,18999.0,18505.0,18624.4,30103
2014-12-23 00:00:00+05:30,18590.1,18700.0,18450.1,18538.2,27882
2014-12-24 00:00:00+05:30,18450.1,18790.0,18305.0,18421.8,42260
2014-12-26 00:00:00+05:30,18400.0,18650.0,18400.0,18537.9,13078
2014-12-29 00:00:00+05:30,18600.0,19384.0,18599.8,19319.3,46124
2014-12-30 00:00:00+05:30,19300.0,19815.0,19205.9,19664.3,44775
2014-12-31 00:00:00+05:30,19590.0,19722.0,19300.0,19459.6,20438
2015-01-01 00:00:00+05:30,19307.1,19583.8,19307.1,19454.1,10416
2015-01-02 00:00:00+05:30,19415.0,19737.9,19415.0,19539.8,12616
2015-01-05 00:00:00+05:30,19480.0,19862.9,19480.0,19736.1,14811
2015-01-06 00:00:00+05:30,19538.7,19650.0,19090.0,19188.7,21643
2015-01-07 00:00:00+05:30,19222.0,19279.0,18900.0,19156.7,13903
2015-01-08 00:00:00+05:30,19215.1,19650.0,19215.1,19618.9,16732
2015-01-09 00:00:00+05:30,19660.1,19725.0,19361.2,19450.3,11213
2015-01-12 00:00:00+05:30,19730.0,20387.0,19435.0,20326.2,32456
2015-01-13 00:00:00+05:30,20400.0,20784.0,20211.0,20403.6,37481
2015-01-14 00:00:00+05:30,20302.0,21001.0,20301.5,20985.9,36893
2015-01-15 00:00:00+05:30,21300.0,21467.2,20940.0,21334.8,45461
2015-01-16 00:00:00+05:30,21350.0,21684.0,21150.4,21441.6,17239
2015-01-19 00:00:00+05:30,21305.0,21679.5,21305.0,21504.9,8870
2015-01-20 00:00:00+05:30,21555.0,21625.1,21450.1,21530.7,12152
2015-01-21 00:00:00+05:30,21700.0,21880.0,21200.0,21638.7,36699
2015-01-22 00:00:00+05:30,21743.0,21850.0,21530.4,21677.4,18159
2015-01-23 00:00:00+05:30,21894.0,21998.7,21593.0,21834.2,19476
2015-01-27 00:00:00+05:30,21802.0,23474.5,21646.1,23054.9,62349
2015-01-28 00:00:00+05:30,23055.0,23527.5,23000.2,23292.8,25647
2015-01-29 00:00:00+05:30,23370.0,23988.0,23224.8,23437.2,26404
2015-01-30 00:00:00+05:30,23680.0,23989.0,23450.0,23824.3,24924
2015-02-02 00:00:00+05:30,23824.3,25139.4,23801.9,24974.6,41833
2015-02-03 00:00:00+05:30,25090.0,25899.8,24400.2,24530.3,47303
2015-02-04 00:00:00+05:30,24742.0,24800.0,23400.0,23554.4,31880
2015-02-05 00:00:00+05:30,23600.0,23960.1,23304.2,23629.4,25717
2015-02-06 00:00:00+05:30,23700.0,23780.0,22760.1,23039.9,26572
2015-02-09 00:00:00+05:30,22930.9,23250.0,22280.1,22358.7,26755
2015-02-10 00:00:00+05:30,22359.0,23307.2,22000.0,23014.8,47486
2015-02-11 00:00:00+05:30,23140.0,23953.8,23050.0,23708.1,48419
2015-02-12 00:00:00+05:30,24524.0,25865.1,24524.0,25361.3,187847
2015-02-13 00:00:00+05:30,25699.0,26599.2,24580.1,24946.4,160312
2015-02-16 00:00:00+05:30,24926.0,25875.0,24720.2,25604.1,52493
2015-02-18 00:00:00+05:30,26000.0,27150.0,24650.0,27117.7,100841
2015-02-19 00:00:00+05:30,27199.0,27398.9,25945.2,26201.8,111134
2015-02-20 00:00:00+05:30,26274.5,26800.0,25500.0,26559.2,51765
2015-02-23 00:00:00+05:30,26800.0,26800.0,25951.1,26118.2,53236
2015-02-24 00:00:00+05:30,26218.0,26650.0,25921.0,26514.1,66444
2015-02-25 00:00:00+05:30,26597.0,26597.0,26131.0,26285.6,49608
2015-02-26 00:00:00+05:30,26295.0,26295.0,25771.0,26032.9,101052
2015-02-27 00:00:00+05:30,26350.0,27032.9,25581.0,26589.3,839405
2015-02-28 00:00:00+05:30,25689.0,26115.0,25600.0,25885.9,42478
2015-03-02 00:00:00+05:30,25890.0,26195.0,25626.0,25902.4,70096
2015-03-03 00:00:00+05:30,25900.0,26476.4,25551.6,26256.0,49786
2015-03-04 00:00:00+05:30,26300.0,26495.0,25951.2,26115.1,25358
2015-03-05 00:00:00+05:30,26300.0,26900.0,26144.0,26706.8,93844
2015-03-09 00:00:00+05:30,26600.0,26955.0,26135.0,26312.8,50051
2015-03-10 00:00:00+05:30,26355.0,26764.0,26277.1,26555.2,41472
2015-03-11 00:00:00+05:30,26684.0,26824.0,26252.0,26438.4,54289
2015-03-12 00:00:00+05:30,26360.0,27394.0,26360.0,27289.7,26685
2015-03-13 00:00:00+05:30,27444.0,27548.1,26525.7,26614.5,43832
2015-03-16 00:00:00+05:30,26799.0,26806.9,26100.0,26223.1,44890
2015-03-17 00:00:00+05:30,26335.1,26689.0,26335.1,26602.5,31973
2015-03-18 00:00:00+05:30,26688.0,27489.7,26503.1,27316.3,51794
2015-03-19 00:00:00+05:30,27475.0,27947.9,27461.0,27657.9,49526
2015-03-20 00:00:00+05:30,27824.0,27990.0,26856.1,27367.6,294706
2015-03-23 00:00:00+05:30,27575.0,27649.9,26820.1,26902.8,38060
2015-03-24 00:00:00+05:30,27099.0,27099.0,26210.0,26337.2,31885
2015-03-25 00:00:00+05:30,26330.0,26422.3,25650.0,25771.7,35335
2015-03-26 00:00:00+05:30,25799.9,25799.9,25332.1,25559.0,37290
2015-03-27 00:00:00+05:30,25559.0,25660.0,24672.0,25212.2,37390
2015-03-30 00:00:00+05:30,25538.0,25637.2,25300.0,25498.8,15688
2015-03-31 00:00:00+05:30,25898.0,25898.0,25260.0,25421.3,29465
2015-04-01 00:00:00+05:30,25488.0,25708.0,25201.0,25570.7,16121
2015-04-06 00:00:00+05:30,25550.0,25560.0,25170.0,25343.8,16783
2015-04-07 00:00:00+05:30,25600.0,25600.0,25050.0,25291.7,22236
2015-04-08 00:00:00+05:30,25500.0,25990.1,25284.9,25823.6,26541
2015-04-09 00:00:00+05:30,26000.0,26098.9,25565.0,25692.5,19940
2015-04-10 00:00:00+05:30,25695.0,26159.9,25585.2,26069.1,19246
2015-04-13 00:00:00+05:30,26100.0,26580.0,25950.2,26440.6,22720
2015-04-15 00:00:00+05:30,26796.9,26796.9,26150.0,26340.2,16172
2015-04-16 00:00:00+05:30,26400.0,26489.8,25745.1,26239.6,16311
2015-04-17 00:00:00+05:30,26050.0,26295.9,25457.2,25574.6,13387
2015-04-20 00:00:00+05:30,25784.9,25784.9,24360.0,24676.2,23979
2015-04-21 00:00:00+05:30,24939.0,24939.0,24199.9,24284.1,25005
2015-04-22 00:00:00+05:30,24290.0,24494.8,23160.1,23622.2,36581
2015-04-23 00:00:00+05:30,23815.0,24050.0,23467.9,23720.5,16777
2015-04-24 00:00:00+05:30,23800.0,23820.0,21460.1,21958.4,48109
2015-04-27 00:00:00+05:30,22025.0,22100.0,20433.9,20930.4,68844
2015-04-28 00:00:00+05:30,21100.0,21900.0,20626.7,21722.5,35316
2015-04-29 00:00:00+05:30,21700.0,21975.0,21350.0,21621.2,26659
2015-04-30 00:00:00+05:30,22000.0,22850.0,21775.0,22503.8,51345
2015-05-04 00:00:00+05:30,22780.0,23070.0,22325.0,22713.1,26605
2015-05-05 00:00:00+05:30,22950.0,22950.0,22411.0,22522.0,32148
2015-05-06 00:00:00+05:30,22400.0,22594.0,21600.0,21732.4,21560
2015-05-07 00:00:00+05:30,21900.0,21950.0,19798.2,20936.2,25196
2015-05-08 00:00:00+05:30,21000.0,21900.0,21000.0,21608.8,28261
2015-05-11 00:00:00+05:30,21950.0,22250.0,21740.1,22114.1,29896
2015-05-12 00:00:00+05:30,22155.0,22155.0,21335.4,21487.6,12424
2015-05-13 00:00:00+05:30,21470.2,22691.3,21470.2,22580.3,35527
2015-05-14 00:00:00+05:30,22699.0,22940.0,22250.0,22794.2,27743
2015-05-15 00:00:00+05:30,22880.0,23144.0,22767.0,22868.7,24846
2015-05-18 00:00:00+05:30,23000.0,23149.0,22661.6,22983.8,16022
2015-05-19 00:00:00+05:30,22990.0,23459.0,22810.0,23184.8,21741
2015-05-20 00:00:00+05:30,23398.0,23425.8,23150.0,23256.2,13008
2015-05-21 00:00:00+05:30,23340.0,23550.0,23200.4,23376.5,20691
2015-05-22 00:00:00+05:30,23298.2,23400.0,22989.9,23146.1,10461
2015-05-25 00:00:00+05:30,22605.2,23777.4,22605.2,23462.6,16485
2015-05-26 00:00:00+05:30,23594.8,23594.8,23050.1,23135.8,13637
2015-05-27 00:00:00+05:30,23075.8,23250.5,22850.0,23033.9,25168
2015-05-28 00:00:00+05:30,23289.0,23404.1,22860.1,23094.6,93071
2015-05-29 00:00:00+05:30,23295.6,23900.0,22431.0,23668.8,121011
2015-06-01 00:00:00+05:30,23800.0,23860.0,23166.0,23332.2,22837
2015-06-02 00:00:00+05:30,23400.0,23500.0,22581.0,22744.1,21635
2015-06-03 00:00:00+05:30,22997.1,22997.1,21515.0,21713.6,25922
2015-06-04 00:00:00+05:30,21950.0,22279.9,21705.0,22183.8,20950
2015-06-05 00:00:00+05:30,22200.0,22245.0,21680.0,21977.3,21029
2015-06-08 00:00:00+05:30,21890.0,22001.5,21127.6,21420.3,14957
2015-06-09 00:00:00+05:30,21203.0,21298.0,20620.1,20791.8,27494
2015-06-10 00:00:00+05:30,20820.0,21330.0,20820.0,21247.2,20152
2015-06-11 00:00:00+05:30,21449.8,21489.8,20251.1,20432.2,36148
2015-06-12 00:00:00+05:30,20399.5,20520.0,19625.1,20283.9,31912
2015-06-15 00:00:00+05:30,20425.0,20528.3,20161.0,20339.4,18007
2015-06-16 00:00:00+05:30,20339.4,20440.0,19900.0,20306.3,23702
2015-06-17 00:00:00+05:30,20351.0,21180.0,20162.6,20848.3,35862
2015-06-18 00:00:00+05:30,20850.0,21150.0,20557.2,21096.0,33109
2015-06-19 00:00:00+05:30,21150.0,21251.4,20849.9,21108.2,31099
2015-06-22 00:00:00+05:30,21290.0,21860.0,20500.0,21745.4,28398
2015-06-23 00:00:00+05:30,21900.0,22222.0,21745.4,22062.9,32494
2015-06-24 00:00:00+05:30,22200.0,22342.0,21800.1,21990.7,26969
2015-06-25 00:00:00+05:30,21950.0,22166.8,21779.2,21914.1,29926
2015-06-26 00:00:00+05:30,21915.0,22050.0,21703.8,21805.0,15572
2015-06-29 00:00:00+05:30,21492.0,21850.0,21000.1,21698.3,18876
2015-06-30 00:00:00+05:30,21940.0,22064.0,21701.1,21852.3,25525
2015-07-01 00:00:00+05:30,21900.0,22237.0,21573.0,22039.3,22630
2015-07-02 00:00:00+05:30,21910.1,23169.9,21910.1,23014.8,46739
2015-07-03 00:00:00+05:30,23135.0,23500.0,22710.6,22988.3,37195
2015-07-06 00:00:00+05:30,22501.0,23295.0,22428.8,23204.2,16953
2015-07-07 00:00:00+05:30,23151.0,23280.0,22755.0,22927.5,21211
2015-07-08 00:00:00+05:30,22820.0,22877.1,22500.0,22627.6,18203
2015-07-09 00:00:00+05:30,22650.4,23050.0,22650.4,22847.7,16725
2015-07-10 00:00:00+05:30,22901.0,23150.0,22760.0,23072.6,19807
2015-07-13 00:00:00+05:30,23099.0,23600.0,22931.9,23497.2,22801
2015-07-14 00:00:00+05:30,23499.0,23720.0,23228.2,23544.2,17659
2015-07-15 00:00:00+05:30,23558.0,23650.0,23399.0,23449.4,13060
2015-07-16 00:00:00+05:30,23375.0,23810.0,23375.0,23715.8,15503
2015-07-17 00:00:00+05:30,23666.0,23835.0,23635.2,23758.3,10971
2015-07-20 00:00:00+05:30,23879.7,23980.0,23715.1,23860.9,10767
2015-07-21 00:00:00+05:30,23874.9,24091.9,23310.0,23528.0,11500
2015-07-22 00:00:00+05:30,23479.8,23926.2,23399.9,23862.8,11510
2015-07-23 00:00:00+05:30,23950.0,23950.0,23550.5,23625.3,14114
2015-07-24 00:00:00+05:30,23625.3,23679.0,23105.4,23255.1,17305
2015-07-27 00:00:00+05:30,23278.5,23568.0,22750.0,23097.9,14799
2015-07-28 00:00:00+05:30,23146.2,23310.0,22854.9,23002.4,19211
2015-07-29 00:00:00+05:30,23000.0,24199.0,22955.1,24072.2,30550
2015-07-30 00:00:00+05:30,24218.0,24460.0,23831.7,24097.8,29941
2015-07-31 00:00:00+05:30,24299.0,24908.1,24200.0,24669.7,19232
2015-08-03 00:00:00+05:30,24669.7,25439.5,24669.7,25309.2,18788
2015-08-04 00:00:00+05:30,25499.0,26096.9,24827.6,25965.4,34570
2015-08-05 00:00:00+05:30,26000.0,26525.0,25805.0,26299.4,26942
2015-08-06 00:00:00+05:30,26135.0,26699.0,26101.2,26397.7,17831
2015-08-07 00:00:00+05:30,26500.0,26500.0,25880.2,26036.4,14809
2015-08-10 00:00:00+05:30,26070.0,26349.8,25810.2,26027.3,10858
2015-08-11 00:00:00+05:30,25947.0,26719.9,25384.9,26580.3,74201
2015-08-12 00:00:00+05:30,26513.0,26540.0,25320.0,25491.3,25847
2015-08-13 00:00:00+05:30,25669.8,25873.3,24749.9,24939.1,26135
2015-08-14 00:00:00+05:30,25245.0,25500.9,24762.1,25387.3,19945
2015-08-17 00:00:00+05:30,25400.0,25508.2,25102.1,25227.5,11517
2015-08-18 00:00:00+05:30,25228.0,25474.5,24970.0,25393.3,15470
2015-08-19 00:00:00+05:30,25350.0,25689.0,25100.1,25393.4,24952
2015-08-20 00:00:00+05:30,25383.8,25383.8,24750.0,24820.8,21663
2015-08-21 00:00:00+05:30,24661.0,24661.0,23790.9,24122.2,40591
2015-08-24 00:00:00+05:30,23590.4,23600.0,21550.8,22558.1,52354
2015-08-25 00:00:00+05:30,22720.0,23170.0,21601.8,22899.8,37314
2015-08-26 00:00:00+05:30,22920.0,23123.0,22540.1,22703.3,26435
2015-08-27 00:00:00+05:30,22990.0,23550.0,22811.3,23122.8,59549
2015-08-28 00:00:00+05:30,23366.0,23832.8,23281.2,23670.3,38769
2015-08-31 00:00:00+05:30,23699.0,23830.2,23105.0,23210.4,30180
2015-09-01 00:00:00+05:30,23011.1,23247.0,22355.7,22763.2,29147
2015-09-02 00:00:00+05:30,23188.0,23188.0,22321.2,22427.6,30029
2015-09-03 00:00:00+05:30,22687.0,22687.0,22050.0,22157.8,24445
2015-09-04 00:00:00+05:30,22150.0,22157.8,21580.1,21819.7,21051
2015-09-07 00:00:00+05:30,21850.0,21850.2,20900.0,21155.8,19643
2015-09-08 00:00:00+05:30,21102.1,21833.7,20741.1,21648.8,26837
2015-09-09 00:00:00+05:30,21899.0,22239.9,21475.0,21634.6,39010
2015-09-10 00:00:00+05:30,21300.0,22293.0,21010.0,21988.8,26238
2015-09-11 00:00:00+05:30,22245.0,22444.8,21801.5,21931.6,17816
2015-09-14 00:00:00+05:30,22100.0,22389.2,21845.0,22303.5,17317
2015-09-15 00:00:00+05:30,22303.5,22350.0,21875.0,22021.1,19079
2015-09-16 00:00:00+05:30,22149.0,22300.0,21580.1,21741.7,17136
2015-09-18 00:00:00+05:30,21899.0,22363.9,21612.0,21879.4,38084
2015-09-21 00:00:00+05:30,21639.9,21819.8,21400.0,21595.2,25197
2015-09-22 00:00:00+05:30,21800.0,21899.0,20831.0,20908.6,44348
2015-09-23 00:00:00+05:30,20700.0,20700.0,19925.1,20266.1,77304
2015-09-24 00:00:00+05:30,20301.2,20623.8,20100.0,20306.8,34790
2015-09-28 00:00:00+05:30,20430.5,20565.9,20001.0,20092.2,17748
2015-09-29 00:00:00+05:30,19900.0,20377.9,19082.8,19558.5,80365
2015-09-30 00:00:00+05:30,19499.0,19579.9,19190.0,19386.8,58092
2015-10-01 00:00:00+05:30,19525.0,19649.0,19211.7,19306.4,34727
2015-10-05 00:00:00+05:30,19400.0,20325.0,19400.0,20246.1,49926
2015-10-06 00:00:00+05:30,20549.8,20948.8,20455.0,20708.5,42363
2015-10-07 00:00:00+05:30,20894.0,21480.0,20650.1,21423.8,45607
2015-10-08 00:00:00+05:30,21420.0,21498.9,21033.0,21367.2,25426
2015-10-09 00:00:00+05:30,21388.7,21659.4,21201.0,21271.4,25626
2015-10-12 00:00:00+05:30,21293.0,21350.0,21030.9,21105.1,10593
2015-10-13 00:00:00+05:30,21146.0,21320.0,20834.7,21226.4,15991
2015-10-14 00:00:00+05:30,21247.8,21330.0,21000.0,21185.9,12406
2015-10-15 00:00:00+05:30,21195.5,21350.0,21075.1,21133.2,14206
2015-10-16 00:00:00+05:30,21240.0,21279.5,20940.0,21067.6,20251
2015-10-19 00:00:00+05:30,21111.0,21265.0,20926.0,21132.4,12285
2015-10-20 00:00:00+05:30,21200.0,21630.0,20991.7,21562.6,21002
2015-10-21 00:00:00+05:30,21566.0,21895.0,21566.0,21743.2,16995
2015-10-23 00:00:00+05:30,21900.0,22049.9,21675.0,21743.4,18613
2015-10-26 00:00:00+05:30,21804.9,21968.0,21450.6,21521.9,23701
2015-10-27 00:00:00+05:30,21500.0,21780.0,21460.3,21624.3,16184
2015-10-28 00:00:00+05:30,21575.0,21752.7,21012.0,21142.8,20813
2015-10-29 00:00:00+05:30,21140.1,21307.0,21000.0,21067.4,20537
2015-10-30 00:00:00+05:30,21067.4,21247.9,20398.8,20457.5,25832
2015-11-02 00:00:00+05:30,20460.2,20635.8,20116.0,20521.8,11538
2015-11-03 00:00:00+05:30,20632.1,20890.0,20600.0,20700.1,9950
2015-11-04 00:00:00+05:30,20720.9,20840.1,20171.2,20264.2,12448
2015-11-05 00:00:00+05:30,20254.0,20337.3,19840.5,19892.6,22513
2015-11-06 00:00:00+05:30,19900.0,20185.1,19273.0,19365.2,45837
2015-11-09 00:00:00+05:30,19001.0,19519.5,18966.9,19317.9,20624
2015-11-10 00:00:00+05:30,19300.0,19317.0,19010.0,19102.7,15849
2015-11-11 00:00:00+05:30,19200.1,19400.0,19080.0,19148.5,2582
2015-11-13 00:00:00+05:30,19140.0,19258.5,18764.1,18986.8,24145
2015-11-16 00:00:00+05:30,19090.0,19276.4,18784.1,19157.6,18399
2015-11-17 00:00:00+05:30,19340.0,19601.0,19206.9,19398.9,16827
2015-11-18 00:00:00+05:30,19497.0,19592.0,19071.2,19135.5,26770
2015-11-19 00:00:00+05:30,19225.0,19384.2,19081.2,19200.0,22297
2015-11-20 00:00:00+05:30,19000.0,19419.9,18498.8,19049.7,61157
2015-11-23 00:00:00+05:30,19101.0,19200.0,18900.0,19014.1,13627
2015-11-24 00:00:00+05:30,18649.0,18699.0,18290.2,18435.8,60582
2015-11-26 00:00:00+05:30,18400.1,18650.0,18112.8,18447.1,38416
2015-11-27 00:00:00+05:30,18550.0,19000.0,18389.7,18863.1,36665
2015-11-30 00:00:00+05:30,18898.8,19057.9,18550.0,18650.9,43408
2015-12-01 00:00:00+05:30,18850.0,18900.0,18620.0,18692.1,33294
2015-12-02 00:00:00+05:30,18602.2,18686.8,18440.0,18593.8,31061
2015-12-03 00:00:00+05:30,18593.0,18629.9,18381.0,18493.7,18003
2015-12-04 00:00:00+05:30,18493.5,18542.7,18319.3,18376.3,13001
2015-12-07 00:00:00+05:30,18450.0,18670.0,18400.0,18496.1,12853
2015-12-08 00:00:00+05:30,18500.0,18630.0,18405.8,18509.3,8937
2015-12-09 00:00:00+05:30,18509.3,18535.9,18310.1,18342.1,13726
2015-12-10 00:00:00+05:30,18400.0,18750.0,18330.3,18593.4,13044
2015-12-11 00:00:00+05:30,18773.8,18773.8,18063.8,18221.9,14380
2015-12-14 00:00:00+05:30,18348.8,18450.0,18005.0,18211.9,16082
2015-12-15 00:00:00+05:30,18180.0,18900.0,18125.3,18840.4,27036
2015-12-16 00:00:00+05:30,18900.0,19112.0,18640.3,18718.2,19315
2015-12-17 00:00:00+05:30,18900.0,18980.0,18200.0,18341.4,27310
2015-12-18 00:00:00+05:30,18301.0,18499.0,18155.0,18215.6,34004
2015-12-21 00:00:00+05:30,18399.9,18399.9,18225.0,18287.4,11981
2015-12-22 00:00:00+05:30,18380.0,18500.0,17873.1,18036.0,46292
2015-12-23 00:00:00+05:30,18299.0,18299.0,18127.7,18217.4,9022
2015-12-24 00:00:00+05:30,18210.0,18350.0,18140.0,18205.2,6130
2015-12-28 00:00:00+05:30,18250.0,18450.0,18250.0,18410.7,12711
2015-12-29 00:00:00+05:30,18439.0,18624.8,18370.4,18549.8,8684
2015-12-30 00:00:00+05:30,18525.0,18699.0,18354.7,18574.1,11524
2015-12-31 00:00:00+05:30,18580.0,18740.1,18550.0,18647.9,21369
2016-01-01 00:00:00+05:30,18650.0,19300.0,18570.0,19199.1,19323
2016-01-04 00:00:00+05:30,19199.0,19420.0,18740.0,18815.7,21211
2016-01-05 00:00:00+05:30,18899.9,19030.8,18572.0,18632.7,18359
2016-01-06 00:00:00+05:30,18602.1,18897.1,18569.9,18721.8,14987
2016-01-07 00:00:00+05:30,18720.0,18720.0,18150.0,18306.9,21853
2016-01-08 00:00:00+05:30,18401.7,18500.0,18150.0,18223.6,13280
2016-01-11 00:00:00+05:30,18180.0,18290.0,17962.9,18108.4,10744
2016-01-12 00:00:00+05:30,18200.0,18259.4,18020.0,18131.8,17092
2016-01-13 00:00:00+05:30,18270.0,18303.2,17817.0,18001.8,26593
2016-01-14 00:00:00+05:30,17930.0,18190.7,17632.7,18050.4,18408
2016-01-15 00:00:00+05:30,18010.0,18197.1,17802.5,17867.5,64885
2016-01-18 00:00:00+05:30,17868.0,18093.0,17700.1,17844.0,13944
2016-01-19 00:00:00+05:30,17844.0,18090.0,17745.3,18010.9,34476
2016-01-20 00:00:00+05:30,18000.0,18195.0,17666.6,17898.8,17630
2016-01-21 00:00:00+05:30,18000.0,18107.8,17355.8,17475.6,20116
2016-01-22 00:00:00+05:30,17600.0,17757.2,17230.9,17303.9,31882
2016-01-25 00:00:00+05:30,17400.1,17572.1,17238.8,17485.8,7935
2016-01-27 00:00:00+05:30,17540.0,17624.8,17240.1,17283.8,10885
2016-01-28 00:00:00+05:30,17320.0,17447.9,16855.0,16956.1,16747
2016-01-29 00:00:00+05:30,16991.0,17679.9,16991.0,17495.9,16908
2016-02-01 00:00:00+05:30,17650.0,17788.9,17166.0,17188.4,12459
2016-02-02 00:00:00+05:30,17250.0,17310.0,16957.8,17012.8,13295
2016-02-03 00:00:00+05:30,16900.0,16962.8,16655.1,16744.4,9577
2016-02-04 00:00:00+05:30,16800.1,17117.0,16710.0,16978.8,12855
2016-02-05 00:00:00+05:30,17260.0,17650.0,15900.0,16089.1,107805
2016-02-08 00:00:00+05:30,16280.0,16575.0,16150.0,16395.2,30932
2016-02-09 00:00:00+05:30,16368.0,16451.2,16100.2,16354.3,11931
2016-02-10 00:00:00+05:30,16305.0,16406.0,16170.0,16383.8,13816
2016-02-11 00:00:00+05:30,16449.0,16449.0,16100.2,16250.0,21390
2016-02-12 00:00:00+05:30,16250.0,16449.9,15736.0,15948.3,17733
2016-02-15 00:00:00+05:30,16150.0,16800.0,15945.7,16447.2,16414
2016-02-16 00:00:00+05:30,16447.0,16537.7,16150.0,16208.1,13556
2016-02-17 00:00:00+05:30,16230.0,16328.0,15850.8,16140.8,11680
2016-02-18 00:00:00+05:30,16311.0,16434.6,16201.3,16380.4,9942
2016-02-19 00:00:00+05:30,16445.0,16900.0,16250.0,16804.0,11596
2016-02-22 00:00:00+05:30,16900.0,17486.9,16890.0,17314.7,31902
2016-02-23 00:00:00+05:30,17350.3,17450.0,16750.0,16848.1,14972
2016-02-24 00:00:00+05:30,16800.0,16999.0,16500.0,16520.2,10987
2016-02-25 00:00:00+05:30,16598.0,16738.9,16111.0,16335.1,21483
2016-02-26 00:00:00+05:30,16460.0,16779.0,16450.0,16711.2,12944
2016-02-29 00:00:00+05:30,16730.0,17227.2,16376.9,16736.5,24574
2016-03-01 00:00:00+05:30,16929.9,17138.4,16740.3,17024.9,10614
2016-03-02 00:00:00+05:30,17110.0,17240.0,16780.0,16875.8,13565
2016-03-03 00:00:00+05:30,17200.0,17375.0,16861.0,17287.8,12129
2016-03-04 00:00:00+05:30,17430.0,17430.0,17063.8,17258.2,11294
2016-03-08 00:00:00+05:30,17201.0,17550.0,17135.4,17441.2,13039
2016-03-09 00:00:00+05:30,17441.3,17999.0,17199.6,17932.9,20095
2016-03-10 00:00:00+05:30,18127.0,18127.0,17702.0,17878.1,7613
2016-03-11 00:00:00+05:30,17939.8,18242.0,17851.0,18016.3,26563
2016-03-14 00:00:00+05:30,18150.0,18418.7,17750.0,17991.0,17159
2016-03-15 00:00:00+05:30,18000.0,18206.6,17819.2,18128.6,13525
2016-03-16 00:00:00+05:30,18250.0,18300.0,17910.0,18032.4,27771
2016-03-17 00:00:00+05:30,18198.0,18299.0,18102.1,18205.8,21391
2016-03-18 00:00:00+05:30,18245.0,18850.0,18002.2,18774.1,43610
2016-03-21 00:00:00+05:30,18734.1,19480.0,18734.1,19350.8,29607
2016-03-22 00:00:00+05:30,19370.0,20410.0,19328.7,20172.6,38670
2016-03-23 00:00:00+05:30,20150.0,20543.6,19935.5,20217.5,35765
2016-03-28 00:00:00+05:30,20150.0,20640.2,20000.0,20447.1,25311
2016-03-29 00:00:00+05:30,20351.0,20690.0,20351.0,20587.2,14726
2016-03-30 00:00:00+05:30,20679.8,20836.2,20475.4,20733.2,14843
2016-03-31 00:00:00+05:30,20699.0,21000.0,20426.0,20784.5,36807
2016-04-01 00:00:00+05:30,20825.0,20825.0,19723.9,19888.6,34323
2016-04-04 00:00:00+05:30,20140.0,20312.2,19815.7,20082.1,17053
2016-04-05 00:00:00+05:30,19805.7,20165.0,19703.6,19814.1,14650
2016-04-06 00:00:00+05:30,19860.0,19999.0,19150.0,19237.9,20565
2016-04-07 00:00:00+05:30,19299.0,19448.1,18890.1,18916.2,17122
2016-04-08 00:00:00+05:30,18900.0,19093.9,18850.0,18993.3,10588
2016-04-11 00:00:00+05:30,18993.3,20099.0,18993.3,19984.3,26965
2016-04-12 00:00:00+05:30,20075.0,20195.0,19833.3,19972.5,16966
2016-04-13 00:00:00+05:30,20200.0,20250.0,19950.0,20029.1,15074
2016-04-18 00:00:00+05:30,20229.3,20250.0,19734.2,20060.7,13785
2016-04-20 00:00:00+05:30,20080.8,20299.0,19917.6,19988.1,12408
2016-04-21 00:00:00+05:30,19987.0,20189.0,19619.9,19792.8,10187
2016-04-22 00:00:00+05:30,19786.0,20053.1,19748.2,19788.0,8063
2016-04-25 00:00:00+05:30,19820.0,20099.0,19650.0,19845.2,7489
2016-04-26 00:00:00+05:30,19850.0,20400.0,19800.0,20361.1,16945
2016-04-27 00:00:00+05:30,20321.0,20358.1,20120.3,20227.4,8928
2016-04-28 00:00:00+05:30,20150.0,20330.0,19847.2,19948.9,13957
2016-04-29 00:00:00+05:30,19948.0,20099.8,19544.9,19664.0,10962
2016-05-02 00:00:00+05:30,19660.0,19849.8,19500.1,19604.4,7944
2016-05-03 00:00:00+05:30,19595.0,19903.9,19350.0,19436.3,16606
2016-05-04 00:00:00+05:30,19402.0,19534.9,19251.2,19284.8,9087
2016-05-05 00:00:00+05:30,19474.0,19474.0,19037.4,19094.4,7940
2016-05-06 00:00:00+05:30,19100.0,19273.9,18964.0,19127.9,6241
2016-05-09 00:00:00+05:30,19200.0,20050.0,19051.2,19971.0,15229
2016-05-10 00:00:00+05:30,20000.0,20050.0,19670.0,19696.8,10914
2016-05-11 00:00:00+05:30,19598.6,20100.0,19276.1,20046.1,20076
2016-05-12 00:00:00+05:30,19980.0,21029.4,19946.0,20925.2,29685
2016-05-13 00:00:00+05:30,20850.0,21084.8,20501.0,20676.2,22362
2016-05-16 00:00:00+05:30,20650.1,21412.0,20640.0,21363.6,20703
2016-05-17 00:00:00+05:30,21270.0,21850.0,21100.0,21603.3,28245
2016-05-18 00:00:00+05:30,21375.1,21480.0,20890.0,21052.8,20061
2016-05-19 00:00:00+05:30,21103.0,21312.4,20880.0,20988.1,22700
2016-05-20 00:00:00+05:30,20960.0,21250.0,20940.0,21049.6,10185
2016-05-23 00:00:00+05:30,21114.0,21394.0,20866.4,21057.3,11884
2016-05-24 00:00:00+05:30,21050.0,21350.0,20524.8,21221.7,17793
2016-05-25 00:00:00+05:30,21400.0,22144.5,21200.0,21894.8,87836
2016-05-26 00:00:00+05:30,22200.0,22207.0,21681.3,21817.3,21427
2016-05-27 00:00:00+05:30,21817.4,22099.0,21654.2,21947.0,18004
2016-05-30 00:00:00+05:30,21811.0,22399.9,21811.0,22217.2,15763
2016-05-31 00:00:00+05:30,22220.0,22541.1,21900.0,22347.6,30374
2016-06-01 00:00:00+05:30,22300.1,22485.6,22106.3,22266.8,18590
2016-06-02 00:00:00+05:30,22199.9,22249.9,22013.0,22074.4,18902
2016-06-03 00:00:00+05:30,22075.0,22449.2,22075.0,22269.3,32609
2016-06-06 00:00:00+05:30,22269.0,22340.0,22113.6,22191.7,9876
2016-06-07 00:00:00+05:30,22210.0,22450.0,22210.0,22358.2,21566
2016-06-08 00:00:00+05:30,22225.0,22385.0,22180.0,22244.6,10531
2016-06-09 00:00:00+05:30,22185.0,22292.3,21721.6,21799.6,14763
2016-06-10 00:00:00+05:30,21725.0,21900.0,21400.0,21492.4,12332
2016-06-13 00:00:00+05:30,21350.0,21699.7,21201.1,21597.9,14930
2016-06-14 00:00:00+05:30,21600.2,21930.0,21400.0,21821.1,10166
2016-06-15 00:00:00+05:30,21801.0,21999.4,21644.8,21881.6,7062
2016-06-16 00:00:00+05:30,21754.0,21890.0,21615.0,21830.1,8273
2016-06-17 00:00:00+05:30,21811.0,22160.3,21811.0,22075.6,10205
2016-06-20 00:00:00+05:30,21850.0,22256.0,21820.0,22091.2,8961
2016-06-21 00:00:00+05:30,22150.0,22200.0,21876.3,21981.2,6453
2016-06-22 00:00:00+05:30,21981.0,22000.0,21670.0,21735.1,9453
2016-06-23 00:00:00+05:30,21735.0,21914.2,21610.1,21850.6,8320
2016-06-24 00:00:00+05:30,21444.0,21989.7,20832.0,21159.8,26480
2016-06-27 00:00:00+05:30,21159.0,21230.0,20800.0,20930.7,18299
2016-06-28 00:00:00+05:30,20807.1,21560.0,20807.1,21523.4,15972
2016-06-29 00:00:00+05:30,22222.0,22800.0,22151.8,22686.2,55617
2016-06-30 00:00:00+05:30,22900.0,23098.0,22466.4,22648.8,34040
2016-07-01 00:00:00+05:30,22700.0,22900.0,22511.0,22684.3,30630
2016-07-04 00:00:00+05:30,22375.1,22375.1,22125.0,22249.0,23061
2016-07-05 00:00:00+05:30,22260.0,22598.0,22250.0,22538.6,12329
2016-07-07 00:00:00+05:30,22502.5,22774.5,22392.8,22729.3,14804
2016-07-08 00:00:00+05:30,22700.0,22850.2,22510.0,22789.2,10631
2016-07-11 00:00:00+05:30,22925.0,23480.4,22850.0,23383.4,19384
2016-07-12 00:00:00+05:30,23400.0,23539.2,22916.0,23454.9,13572
2016-07-13 00:00:00+05:30,23400.0,23449.9,23125.0,23239.6,10644
2016-07-14 00:00:00+05:30,23050.1,23500.0,23050.0,23428.9,7991
2016-07-15 00:00:00+05:30,23410.9,23960.0,23410.0,23907.6,17922
2016-07-18 00:00:00+05:30,23945.0,24176.9,23800.0,24033.2,10214
2016-07-19 00:00:00+05:30,24000.0,24497.7,23932.8,24390.3,16127
2016-07-20 00:00:00+05:30,24301.0,24990.0,24301.0,24898.8,23478
2016-07-21 00:00:00+05:30,24900.0,25086.6,24458.2,24528.7,17069
2016-07-22 00:00:00+05:30,24528.7,24796.6,24110.0,24315.7,14097
2016-07-25 00:00:00+05:30,24315.0,24590.0,24315.0,24465.5,18614
2016-07-26 00:00:00+05:30,24350.0,24525.0,23925.0,24060.6,9235
2016-07-27 00:00:00+05:30,24060.0,24333.4,24001.0,24082.1,10391
2016-07-28 00:00:00+05:30,24082.1,24936.6,23862.6,24636.3,21196
2016-07-29 00:00:00+05:30,24750.0,25141.1,24750.0,24976.6,15537
2016-08-01 00:00:00+05:30,25025.0,25249.9,24600.0,24721.9,11048
2016-08-02 00:00:00+05:30,24710.0,24999.0,24334.2,24453.4,7984
2016-08-03 00:00:00+05:30,24453.4,24899.0,24323.9,24753.9,11777
2016-08-04 00:00:00+05:30,24823.9,25029.9,24500.0,24957.2,11320
2016-08-05 00:00:00+05:30,25050.0,25100.0,24765.4,25035.1,15223
2016-08-08 00:00:00+05:30,25100.1,25500.0,25100.1,25442.3,23740
2016-08-09 00:00:00+05:30,25500.0,25550.0,25055.1,25379.2,10940
2016-08-10 00:00:00+05:30,25499.0,25670.8,24985.0,25022.0,11891
2016-08-11 00:00:00+05:30,25022.0,25250.0,24551.0,24781.1,22825
2016-08-12 00:00:00+05:30,24781.0,24799.9,23954.3,24548.3,47233
2016-08-16 00:00:00+05:30,24548.0,24548.0,23852.6,24002.9,30957
2016-08-17 00:00:00+05:30,24002.0,24169.2,23826.1,23975.1,17699
2016-08-18 00:00:00+05:30,23976.0,24325.0,23976.0,24090.9,12368
2016-08-19 00:00:00+05:30,24150.0,24249.9,23853.0,23980.1,15973
2016-08-22 00:00:00+05:30,24014.7,24294.0,23645.1,23695.6,12204
2016-08-23 00:00:00+05:30,23750.0,23856.2,23475.0,23598.4,12212
2016-08-24 00:00:00+05:30,23598.0,23800.0,23300.0,23678.7,8534
2016-08-25 00:00:00+05:30,23784.0,24100.1,23561.2,23771.8,22305
2016-08-26 00:00:00+05:30,23700.0,23853.9,23591.2,23695.3,9629
2016-08-29 00:00:00+05:30,23750.0,23999.9,23560.1,23764.2,7964
2016-08-30 00:00:00+05:30,23770.0,24805.0,23770.0,24734.2,24945
2016-08-31 00:00:00+05:30,24530.0,24699.4,24075.0,24167.8,25207
2016-09-01 00:00:00+05:30,24280.0,24629.9,23957.0,24118.1,13804
2016-09-02 00:00:00+05:30,24399.0,24439.9,23902.0,24010.8,12728
2016-09-06 00:00:00+05:30,24051.0,24500.0,24051.0,24460.2,14683
2016-09-07 00:00:00+05:30,24470.0,24844.2,24211.0,24267.7,11188
2016-09-08 00:00:00+05:30,24350.0,24575.0,24292.1,24447.7,10301
2016-09-09 00:00:00+05:30,24450.0,24450.0,24070.0,24164.1,18427
2016-09-12 00:00:00+05:30,23950.0,24000.0,23400.0,23481.5,13562
2016-09-14 00:00:00+05:30,23500.0,23598.8,22950.0,23020.7,25509
2016-09-15 00:00:00+05:30,23299.9,23333.8,22990.0,23197.2,9965
2016-09-16 00:00:00+05:30,23300.0,23600.2,23116.8,23438.1,20666
2016-09-19 00:00:00+05:30,23450.0,23450.0,23153.8,23392.8,13319
2016-09-20 00:00:00+05:30,23500.0,23500.0,22991.0,23255.5,9110
2016-09-21 00:00:00+05:30,23255.0,23617.3,23200.0,23346.9,19016
2016-09-22 00:00:00+05:30,23480.1,23625.5,23327.1,23403.6,7690
2016-09-23 00:00:00+05:30,23403.0,23501.2,23226.8,23340.1,8147
2016-09-26 00:00:00+05:30,23299.5,23333.6,22720.9,22844.7,12090
2016-09-27 00:00:00+05:30,22902.1,23100.0,22611.0,22747.8,6951
2016-09-28 00:00:00+05:30,22700.1,23320.0,22621.5,23189.4,21508
2016-09-29 00:00:00+05:30,23330.1,23590.0,22459.5,22634.2,27601
2016-09-30 00:00:00+05:30,22737.0,22903.4,22524.1,22797.8,10748
2016-10-03 00:00:00+05:30,22930.0,23127.0,22695.7,22752.9,20044
2016-10-04 00:00:00+05:30,22950.0,23040.0,22702.4,22838.3,15870
2016-10-05 00:00:00+05:30,22860.0,22935.0,22707.1,22803.6,6767
2016-10-06 00:00:00+05:30,22850.0,23550.0,22761.0,23098.3,36818
2016-10-07 00:00:00+05:30,23100.0,23205.0,22860.2,23135.6,11285
2016-10-10 00:00:00+05:30,23160.0,23220.6,23030.1,23101.6,13865
2016-10-13 00:00:00+05:30,22900.0,23037.9,22716.0,22784.1,17617
2016-10-14 00:00:00+05:30,22840.0,23006.4,22650.0,22803.8,10420
2016-10-17 00:00:00+05:30,22879.9,22879.9,22060.0,22150.9,12647
2016-10-18 00:00:00+05:30,22250.0,22563.2,22180.0,22485.7,8992
2016-10-19 00:00:00+05:30,22508.3,22600.0,22210.0,22376.2,9333
2016-10-20 00:00:00+05:30,22433.0,22689.9,22294.5,22406.4,4992
2016-10-21 00:00:00+05:30,22406.4,22668.8,22240.0,22633.6,7370
2016-10-24 00:00:00+05:30,22600.0,23098.8,22504.8,22936.3,14343
2016-10-25 00:00:00+05:30,22936.4,22938.7,22551.0,22622.6,6098
2016-10-26 00:00:00+05:30,22625.0,22654.9,22378.5,22462.2,6781
2016-10-27 00:00:00+05:30,22460.0,22507.1,22100.0,22207.8,12314
2016-10-28 00:00:00+05:30,22349.0,22381.4,21800.0,21891.1,14299
2016-10-30 00:00:00+05:30,21850.0,22100.0,21806.3,21876.2,2555
2016-11-01 00:00:00+05:30,21900.0,22377.6,21815.0,22314.2,15876
2016-11-02 00:00:00+05:30,22199.9,22199.9,21650.0,21678.9,9251
2016-11-03 00:00:00+05:30,21700.0,21875.0,21410.0,21510.2,10490
2016-11-04 00:00:00+05:30,21500.0,21750.0,20921.7,21511.0,12202
2016-11-07 00:00:00+05:30,21670.0,22221.0,21300.0,21422.6,19171
2016-11-08 00:00:00+05:30,21550.0,21800.0,21406.0,21580.9,9100
2016-11-09 00:00:00+05:30,20400.0,21399.0,19593.0,21259.4,29109
2016-11-10 00:00:00+05:30,22200.0,22200.0,20675.2,20866.3,19765
2016-11-11 00:00:00+05:30,20700.0,20999.9,19902.7,20023.0,21086
2016-11-15 00:00:00+05:30,20150.0,20280.0,19311.1,19511.2,14998
2016-11-16 00:00:00+05:30,19700.0,19800.0,19130.0,19174.2,16487
2016-11-17 00:00:00+05:30,19200.0,19579.9,18966.0,19016.8,20250
2016-11-18 00:00:00+05:30,19061.0,19342.4,18905.6,19226.8,15036
2016-11-21 00:00:00+05:30,19500.0,19500.0,18233.8,18407.9,18215
2016-11-22 00:00:00+05:30,18500.5,18750.0,17671.6,18523.8,21669
2016-11-23 00:00:00+05:30,18690.0,19061.2,18477.6,18975.2,15582
2016-11-24 00:00:00+05:30,18900.0,19333.9,18627.7,18828.1,17981
2016-11-25 00:00:00+05:30,18852.0,19075.0,18750.0,18840.9,11669
2016-11-28 00:00:00+05:30,18940.0,19490.2,18900.0,19407.6,11037
2016-11-29 00:00:00+05:30,19475.0,20327.7,19300.0,20171.1,24774
2016-11-30 00:00:00+05:30,20340.5,20579.0,20150.0,20525.3,27498
2016-12-01 00:00:00+05:30,20511.0,20550.0,20180.0,20382.3,17813
2016-12-02 00:00:00+05:30,20339.0,20662.2,20000.0,20361.7,10905
2016-12-05 00:00:00+05:30,20300.0,20980.0,20300.0,20850.8,21038
2016-12-06 00:00:00+05:30,20990.0,20998.0,20400.5,20465.6,10891
2016-12-07 00:00:00+05:30,20675.0,20700.0,20171.2,20253.5,9624
2016-12-08 00:00:00+05:30,20450.0,21300.0,20400.5,20922.6,19477
2016-12-09 00:00:00+05:30,20922.1,20943.3,20501.0,20739.1,10307
2016-12-12 00:00:00+05:30,20700.0,21248.9,20500.0,20764.9,15397
2016-12-13 00:00:00+05:30,20780.0,21000.0,20451.8,20916.6,10935
2016-12-14 00:00:00+05:30,20987.0,21049.1,20300.0,20366.2,8939
2016-12-15 00:00:00+05:30,20239.0,20500.0,19800.0,19974.8,17422
2016-12-16 00:00:00+05:30,20050.0,20289.0,19910.0,20123.4,16707
2016-12-19 00:00:00+05:30,20187.0,20187.0,19737.3,19822.2,8890
2016-12-20 00:00:00+05:30,19750.0,19822.2,19150.9,19235.7,483631
2016-12-21 00:00:00+05:30,19340.0,19600.0,19240.0,19314.2,12884
2016-12-22 00:00:00+05:30,19350.0,19399.9,18973.3,19234.9,9509
2016-12-23 00:00:00+05:30,19314.0,19880.0,19225.2,19715.9,14261
2016-12-26 00:00:00+05:30,19600.0,19650.0,19235.1,19318.2,9934
2016-12-27 00:00:00+05:30,19250.0,20300.1,19250.0,19958.8,15170
2016-12-28 00:00:00+05:30,19960.0,20485.8,19960.0,20172.0,15350
2016-12-29 00:00:00+05:30,20200.0,20717.1,20197.8,20650.0,14150
2016-12-30 00:00:00+05:30,20700.0,21200.0,20650.0,21049.9,19048
2017-01-02 00:00:00+05:30,21200.0,21285.1,20839.9,21096.1,9070
2017-01-03 00:00:00+05:30,21095.0,21154.2,20745.0,20798.6,7701
2017-01-04 00:00:00+05:30,20900.0,20999.9,20020.0,20336.8,23297
2017-01-05 00:00:00+05:30,20530.0,21000.0,20410.1,20903.8,15126
2017-01-06 00:00:00+05:30,20750.0,21949.0,20715.0,21111.3,16352
2017-01-09 00:00:00+05:30,21280.0,21299.7,20740.1,20904.3,6288
2017-01-10 00:00:00+05:30,21051.8,21224.0,20908.1,21146.3,6876
2017-01-11 00:00:00+05:30,21274.0,21274.0,20934.8,21194.4,10729
2017-01-12 00:00:00+05:30,21194.4,21570.0,21105.3,21449.3,11682
2017-01-13 00:00:00+05:30,21499.0,21499.0,21144.7,21270.0,5416
2017-01-16 00:00:00+05:30,21300.0,22100.0,21001.0,21478.8,12358
2017-01-17 00:00:00+05:30,21510.0,21765.1,21199.9,21416.2,7806
2017-01-18 00:00:00+05:30,21349.9,21589.7,21001.1,21100.9,12980
2017-01-19 00:00:00+05:30,21100.9,21345.0,21012.0,21245.0,6799
2017-01-20 00:00:00+05:30,21250.0,21607.0,20990.0,21301.9,19780
2017-01-23 00:00:00+05:30,21301.9,21393.0,21022.4,21266.2,17178
2017-01-24 00:00:00+05:30,21390.0,21915.0,21300.6,21819.4,11537
2017-01-25 00:00:00+05:30,21848.0,23035.0,21666.2,22877.9,47992
2017-01-27 00:00:00+05:30,22861.0,22950.0,22234.0,22459.7,25267
2017-01-30 00:00:00+05:30,22370.0,22445.0,22101.1,22254.9,9050
2017-01-31 00:00:00+05:30,22254.9,22544.7,22070.0,22130.8,14254
2017-02-01 00:00:00+05:30,22319.0,24000.0,22181.3,23299.7,25976
2017-02-02 00:00:00+05:30,23310.4,23350.0,22650.0,22947.2,16019
2017-02-03 00:00:00+05:30,22755.0,22947.0,22300.0,22419.3,14480
2017-02-06 00:00:00+05:30,22688.0,22688.0,22200.1,22558.8,11155
2017-02-07 00:00:00+05:30,22499.9,22694.1,22100.0,22479.8,18508
2017-02-08 00:00:00+05:30,22430.0,23000.0,22359.8,22962.2,12262
2017-02-09 00:00:00+05:30,22998.8,23280.0,22559.7,22966.1,18162
2017-02-10 00:00:00+05:30,23020.0,23114.3,22376.0,22680.4,30293
2017-02-13 00:00:00+05:30,22680.0,22899.9,22301.0,22346.2,17356
2017-02-14 00:00:00+05:30,22394.0,22559.9,22276.8,22411.3,16335
2017-02-15 00:00:00+05:30,22400.0,22780.0,21801.0,22096.2,28461
2017-02-16 00:00:00+05:30,22267.8,22267.8,21750.4,21825.7,15828
2017-02-17 00:00:00+05:30,22000.0,22217.8,21831.2,21919.1,12401
2017-02-20 00:00:00+05:30,21919.6,22050.0,21629.1,21718.3,13169
2017-02-21 00:00:00+05:30,21880.0,21880.0,21600.0,21732.0,9882
2017-02-22 00:00:00+05:30,21789.0,22326.1,21652.1,22061.2,19259
2017-02-23 00:00:00+05:30,22179.9,22179.9,21750.0,21990.9,21905
2017-02-27 00:00:00+05:30,22190.0,22190.0,21556.1,21645.8,10566
2017-02-28 00:00:00+05:30,21700.0,21849.6,21176.0,21583.2,30212
2017-03-01 00:00:00+05:30,21600.0,21800.0,21417.5,21514.6,14741
2017-03-02 00:00:00+05:30,21674.0,21736.8,21525.0,21608.2,16755
2017-03-03 00:00:00+05:30,21600.0,21600.0,21070.1,21158.9,24389
2017-03-06 00:00:00+05:30,21269.9,21549.0,21079.5,21365.3,11292
2017-03-07 00:00:00+05:30,21500.0,21549.9,21300.0,21364.5,12413
2017-03-08 00:00:00+05:30,21320.0,21990.0,21320.0,21889.2,13323
2017-03-09 00:00:00+05:30,21670.0,22160.0,21639.9,22028.5,13934
2017-03-10 00:00:00+05:30,22000.0,23080.0,22000.0,22761.2,32936
2017-03-14 00:00:00+05:30,23000.0,23140.0,22222.0,22591.4,31420
2017-03-15 00:00:00+05:30,22550.0,22918.7,22300.6,22784.8,23086
2017-03-16 00:00:00+05:30,22899.0,23012.6,22790.0,22927.0,15540
2017-03-17 00:00:00+05:30,22999.8,22999.9,22640.0,22798.8,15797
2017-03-20 00:00:00+05:30,22798.8,22925.0,22615.2,22674.7,7963
2017-03-21 00:00:00+05:30,22819.0,23250.0,22700.1,22902.9,25079
2017-03-22 00:00:00+05:30,22800.0,23067.5,22556.8,22987.2,29900
2017-03-23 00:00:00+05:30,22979.9,23077.2,22750.0,22982.2,9615
2017-03-24 00:00:00+05:30,22970.0,23025.0,22815.3,22972.9,11932
2017-03-27 00:00:00+05:30,22910.0,23000.0,22692.6,22814.7,11885
2017-03-28 00:00:00+05:30,22859.9,23025.0,22859.9,22986.3,12762
2017-03-29 00:00:00+05:30,23002.8,23020.0,22790.1,22916.3,26648
2017-03-30 00:00:00+05:30,22900.0,23399.0,22525.0,22599.9,31712
2017-03-31 00:00:00+05:30,22660.0,23000.0,22600.1,22751.2,16558
2017-04-03 00:00:00+05:30,22640.0,22880.0,22550.0,22635.8,9154
2017-04-05 00:00:00+05:30,22619.2,23150.0,22619.2,22899.2,15196
2017-04-06 00:00:00+05:30,22865.0,22948.2,22670.0,22897.8,11543
2017-04-07 00:00:00+05:30,22725.0,22998.0,22641.0,22826.8,25152
2017-04-10 00:00:00+05:30,22872.2,23038.1,22649.0,22730.2,13573
2017-04-11 00:00:00+05:30,22759.0,22850.0,22640.1,22747.8,11355
2017-04-12 00:00:00+05:30,22681.0,23700.0,22650.0,23362.3,19311
2017-04-13 00:00:00+05:30,23500.0,23650.0,23185.6,23272.8,22062
2017-04-17 00:00:00+05:30,23210.0,23375.0,22657.8,22812.0,20492
2017-04-18 00:00:00+05:30,22835.1,22980.0,22501.0,22610.3,9785
2017-04-19 00:00:00+05:30,22749.9,22749.9,22401.0,22475.3,8491
2017-04-20 00:00:00+05:30,22645.4,22645.4,22401.0,22598.6,9238
2017-04-21 00:00:00+05:30,22610.0,22690.0,22331.5,22406.2,7336
2017-04-24 00:00:00+05:30,22550.0,22550.0,22400.0,22481.1,5610
2017-04-25 00:00:00+05:30,22510.0,22664.1,22434.7,22592.1,10323
2017-04-26 00:00:00+05:30,22645.0,22899.0,22460.0,22627.4,17259
2017-04-27 00:00:00+05:30,22699.0,22699.0,22401.0,22523.6,16619
2017-04-28 00:00:00+05:30,22601.1,23080.0,22425.0,22991.6,12765
2017-05-02 00:00:00+05:30,23099.9,23223.0,22705.0,23112.3,9130
2017-05-03 00:00:00+05:30,22951.0,23350.0,22951.0,23296.5,11880
2017-05-04 00:00:00+05:30,23300.0,23420.0,23050.1,23199.7,8831
2017-05-05 00:00:00+05:30,23100.0,23749.8,23020.2,23453.4,16244
2017-05-08 00:00:00+05:30,23498.0,23732.8,23291.0,23392.1,8014
2017-05-09 00:00:00+05:30,23390.0,23470.0,23250.0,23336.5,6706
2017-05-10 00:00:00+05:30,23499.0,23574.1,23125.2,23214.0,8245
2017-05-11 00:00:00+05:30,23275.0,23813.7,23169.4,23467.9,10386
2017-05-12 00:00:00+05:30,23590.0,23700.0,23376.2,23485.8,9758
2017-05-15 00:00:00+05:30,23520.0,24300.0,23520.0,24195.0,20847
2017-05-16 00:00:00+05:30,24130.0,24889.8,24016.1,24676.0,26450
2017-05-17 00:00:00+05:30,24500.0,24555.7,24105.1,24190.9,19226
2017-05-18 00:00:00+05:30,24100.0,24292.8,22500.0,23264.2,13498
2017-05-19 00:00:00+05:30,23500.0,24100.0,22810.0,22997.4,14131
2017-05-22 00:00:00+05:30,23010.0,23611.2,23000.0,23081.7,11933
2017-05-23 00:00:00+05:30,23098.0,23395.9,22851.0,23141.6,9389
2017-05-24 00:00:00+05:30,23300.0,23322.0,22760.0,22825.9,14687
2017-05-25 00:00:00+05:30,22847.0,24078.9,22800.0,23562.3,63201
2017-05-26 00:00:00+05:30,23599.4,23849.0,23244.1,23606.3,22780
2017-05-29 00:00:00+05:30,23620.0,23800.0,23406.0,23575.2,12255
2017-05-30 00:00:00+05:30,23574.9,23777.0,23445.0,23538.4,6787
2017-05-31 00:00:00+05:30,23669.7,23669.8,23226.3,23337.9,20144
2017-06-01 00:00:00+05:30,23127.0,23942.1,23127.0,23823.3,13256
2017-06-02 00:00:00+05:30,23823.3,24275.1,23612.2,23811.3,15553
2017-06-05 00:00:00+05:30,23750.0,23990.0,23736.8,23894.3,9094
2017-06-06 00:00:00+05:30,23760.0,23915.6,23601.0,23704.5,6934
2017-06-07 00:00:00+05:30,23700.0,23983.0,23700.0,23895.7,8851
2017-06-08 00:00:00+05:30,23859.9,23938.9,23750.0,23843.8,6909
2017-06-09 00:00:00+05:30,23850.0,23922.2,23641.0,23863.4,8546
2017-06-12 00:00:00+05:30,23800.0,24200.0,23600.0,23914.9,13477
2017-06-13 00:00:00+05:30,24089.0,24409.8,23999.6,24152.2,30628
2017-06-14 00:00:00+05:30,24190.0,24399.0,24050.1,24384.2,25869
2017-06-15 00:00:00+05:30,24290.0,24447.8,24181.0,24312.6,7582
2017-06-16 00:00:00+05:30,24375.0,24510.0,24196.8,24467.3,18132
2017-06-19 00:00:00+05:30,24510.0,25240.0,24465.1,25056.3,21769
2017-06-20 00:00:00+05:30,25100.0,25100.0,24526.1,24714.4,17270
2017-06-21 00:00:00+05:30,24750.0,24780.5,24125.5,24226.1,17382
2017-06-22 00:00:00+05:30,24230.0,24588.0,24200.0,24286.4,11720
2017-06-23 00:00:00+05:30,24425.0,24498.9,23666.7,23795.5,11444
2017-06-27 00:00:00+05:30,23895.0,23990.0,23015.0,23247.5,17202
2017-06-28 00:00:00+05:30,23240.0,23550.0,23140.1,23309.1,8558
2017-06-29 00:00:00+05:30,23400.0,23500.0,23200.0,23263.6,14244
2017-06-30 00:00:00+05:30,23200.0,23450.0,22715.7,23327.2,17763
2017-07-03 00:00:00+05:30,23327.2,23599.0,23106.8,23507.8,11973
2017-07-04 00:00:00+05:30,23430.0,23630.0,23197.9,23511.4,9778
2017-07-05 00:00:00+05:30,23511.4,23835.0,23475.2,23723.2,4115
2017-07-06 00:00:00+05:30,23650.0,23899.6,23512.0,23785.9,11662
2017-07-07 00:00:00+05:30,23785.9,23948.4,23450.0,23585.3,17033
2017-07-10 00:00:00+05:30,23600.0,23999.0,23500.0,23890.0,5755
2017-07-11 00:00:00+05:30,23949.0,24040.0,23715.0,23857.8,9909
2017-07-12 00:00:00+05:30,23860.0,24248.7,23857.8,24187.3,13545
2017-07-13 00:00:00+05:30,24200.0,24480.8,24122.3,24253.1,13174
2017-07-14 00:00:00+05:30,24180.0,24448.0,24142.5,24363.1,13104
2017-07-17 00:00:00+05:30,24400.0,24690.0,24302.2,24602.6,9381
2017-07-18 00:00:00+05:30,24650.0,24869.0,24251.0,24363.9,17873
2017-07-19 00:00:00+05:30,24365.0,24495.8,24104.0,24345.9,14152
2017-07-20 00:00:00+05:30,24400.0,24430.0,23970.1,24048.3,12371
2017-07-21 00:00:00+05:30,24000.0,24137.9,23827.3,23971.4,21659
2017-07-24 00:00:00+05:30,24000.0,24170.4,23874.0,24041.7,10794
2017-07-25 00:00:00+05:30,24053.0,24350.0,23880.0,24246.8,11600
2017-07-26 00:00:00+05:30,24155.0,24400.0,23880.0,24280.2,8180
2017-07-27 00:00:00+05:30,24280.0,24495.4,23900.0,23982.6,8974
2017-07-28 00:00:00+05:30,23940.0,24100.0,23650.0,23804.4,8103
2017-07-31 00:00:00+05:30,23904.0,24500.0,23695.5,24178.1,9832
2017-08-01 00:00:00+05:30,24379.0,24886.5,24178.0,24666.5,18007
2017-08-02 00:00:00+05:30,24750.0,25180.0,24750.0,25029.8,19080
2017-08-03 00:00:00+05:30,25100.0,25150.0,24672.3,24849.6,19217
2017-08-04 00:00:00+05:30,24800.0,24900.1,24150.1,24560.2,21218
2017-08-07 00:00:00+05:30,24600.0,24683.4,24301.0,24353.8,8954
2017-08-08 00:00:00+05:30,24480.0,24480.0,23964.6,24189.4,10131
2017-08-09 00:00:00+05:30,24150.0,24300.0,23787.8,24032.0,9346
2017-08-10 00:00:00+05:30,23900.0,24084.7,23323.0,23543.8,29585
2017-08-11 00:00:00+05:30,23301.0,23611.6,22259.4,22623.2,31577
2017-08-14 00:00:00+05:30,22680.0,22953.9,22001.0,22138.1,31086
2017-08-16 00:00:00+05:30,22330.0,22641.3,21601.0,22309.9,29738
2017-08-17 00:00:00+05:30,22309.9,22500.0,22000.0,22037.9,20311
2017-08-18 00:00:00+05:30,22000.0,22150.0,21771.1,22034.0,8709
2017-08-21 00:00:00+05:30,22050.0,22319.9,21901.0,21969.5,9562
2017-08-22 00:00:00+05:30,22070.0,22225.0,21843.6,21898.6,6204
2017-08-23 00:00:00+05:30,22100.0,22199.0,21800.0,21882.4,6174
2017-08-24 00:00:00+05:30,21890.0,22110.0,21639.4,21676.2,10131
2017-08-28 00:00:00+05:30,21718.2,21999.0,21400.0,21843.3,20425
2017-08-29 00:00:00+05:30,21700.0,21900.0,21610.1,21693.3,9535
2017-08-30 00:00:00+05:30,21920.0,23211.9,21720.0,22465.2,8896
2017-09-01 00:00:00+05:30,22140.0,22241.8,21963.8,22167.9,8753
2017-09-04 00:00:00+05:30,22200.0,22530.0,22105.0,22468.8,14259
2017-09-05 00:00:00+05:30,22650.0,22650.0,22162.2,22236.2,10807
2017-09-06 00:00:00+05:30,22180.0,22180.0,21500.1,21661.9,25764
2017-09-07 00:00:00+05:30,21600.0,22148.7,21600.0,22105.8,19971
2017-09-08 00:00:00+05:30,22120.0,22180.0,21850.2,21976.4,7752
2017-09-11 00:00:00+05:30,22030.0,22344.9,22000.0,22057.3,7119
2017-09-12 00:00:00+05:30,22150.0,22239.4,21902.0,22110.3,7349
2017-09-13 00:00:00+05:30,22108.0,22195.7,21951.0,22012.4,6704
2017-09-14 00:00:00+05:30,22012.4,22102.1,21817.4,21940.0,5797
2017-09-15 00:00:00+05:30,21890.1,21950.0,21656.8,21819.0,16402
2017-09-18 00:00:00+05:30,21860.0,22139.9,21860.0,21910.2,6460
2017-09-19 00:00:00+05:30,21931.0,21999.9,21789.0,21851.1,4001
2017-09-20 00:00:00+05:30,21921.0,21921.0,21745.0,21823.4,7204
2017-09-21 00:00:00+05:30,21825.0,21875.3,21501.0,21557.9,9984
2017-09-22 00:00:00+05:30,21500.0,21690.0,21302.0,21495.1,8371
2017-09-25 00:00:00+05:30,21452.1,21454.4,21011.0,21172.6,10917
2017-09-26 00:00:00+05:30,21110.0,21525.0,21012.0,21495.6,12367
2017-09-27 00:00:00+05:30,21586.0,21899.9,21000.0,21112.6,13426
2017-09-28 00:00:00+05:30,21200.0,21299.0,20567.7,20682.4,14920
2017-09-29 00:00:00+05:30,20882.0,20882.0,20450.0,20545.1,11104
2017-10-03 00:00:00+05:30,20935.0,20935.0,20350.0,20397.8,7396
2017-10-04 00:00:00+05:30,20402.0,20800.8,20402.0,20707.0,11848
2017-10-05 00:00:00+05:30,20709.0,20919.9,20657.8,20782.8,11954
2017-10-06 00:00:00+05:30,20820.0,21120.0,20820.0,21073.6,14988
2017-10-09 00:00:00+05:30,21050.0,21332.1,20858.0,21276.6,5886
2017-10-10 00:00:00+05:30,21289.0,21299.0,21055.2,21226.6,10886
2017-10-11 00:00:00+05:30,21350.0,21379.9,20875.6,21148.1,7937
2017-10-12 00:00:00+05:30,21101.0,21216.7,20998.9,21158.9,8791
2017-10-13 00:00:00+05:30,21122.0,21700.0,21122.0,21571.6,7313
2017-10-16 00:00:00+05:30,21650.0,22243.3,21605.6,22199.3,16245
2017-10-17 00:00:00+05:30,22165.6,22195.0,21885.2,22095.2,11102
2017-10-18 00:00:00+05:30,22195.0,22195.0,21699.0,21732.8,9736
2017-10-19 00:00:00+05:30,21850.0,21850.0,21333.3,21538.7,2196
2017-10-23 00:00:00+05:30,21538.7,21885.3,21212.0,21282.6,10201
2017-10-24 00:00:00+05:30,21280.0,21573.6,20920.0,21320.5,14726
2017-10-25 00:00:00+05:30,21320.5,21689.1,21200.0,21259.2,8603
2017-10-26 00:00:00+05:30,21250.0,21565.0,20909.0,21031.4,20975
2017-10-27 00:00:00+05:30,21162.9,21400.0,20933.1,21303.5,11230
2017-10-30 00:00:00+05:30,21355.0,21429.9,21201.6,21259.1,5663
2017-10-31 00:00:00+05:30,21318.0,21318.0,21000.0,21012.2,8680
2017-11-01 00:00:00+05:30,21030.0,21194.8,20952.2,21017.5,8805
2017-11-02 00:00:00+05:30,21100.0,21150.1,20909.1,20989.8,6771
2017-11-03 00:00:00+05:30,21056.1,21199.0,20941.0,21047.9,7075
2017-11-06 00:00:00+05:30,20950.0,21079.2,20800.0,20861.5,12245
2017-11-07 00:00:00+05:30,20900.0,20998.0,20640.0,20757.7,15975
2017-11-08 00:00:00+05:30,20570.0,20888.9,20511.1,20764.1,11008
2017-11-09 00:00:00+05:30,20960.0,21268.0,20817.0,21126.2,7010
2017-11-10 00:00:00+05:30,20870.0,21178.4,20255.0,20457.1,45041
2017-11-13 00:00:00+05:30,20400.0,20600.0,19900.0,19931.2,24429
2017-11-14 00:00:00+05:30,19959.0,19988.9,19630.0,19676.2,15932
2017-11-15 00:00:00+05:30,19600.0,19699.9,19160.4,19205.8,13229
2017-11-16 00:00:00+05:30,19210.0,19359.3,19000.0,19258.4,14752
2017-11-17 00:00:00+05:30,19350.0,19549.9,18920.0,18965.9,29233
2017-11-20 00:00:00+05:30,19000.0,19450.0,18834.0,19376.5,25945
2017-11-21 00:00:00+05:30,19499.9,19538.1,19158.0,19237.5,17382
2017-11-22 00:00:00+05:30,19350.0,19378.6,18970.0,19008.8,16632
2017-11-23 00:00:00+05:30,19150.0,19185.6,18900.0,18978.2,12446
2017-11-24 00:00:00+05:30,18978.2,19058.0,18925.2,18957.3,12064
2017-11-27 00:00:00+05:30,18955.0,19066.4,18802.4,18929.6,17231
2017-11-28 00:00:00+05:30,18900.0,19025.0,18890.6,18982.4,10109
2017-11-29 00:00:00+05:30,19080.0,20176.2,18952.3,20065.7,77162
2017-11-30 00:00:00+05:30,20195.0,20652.0,19982.9,20333.8,81020
2017-12-01 00:00:00+05:30,20498.0,21388.8,19821.0,19988.2,43713
2017-12-04 00:00:00+05:30,20000.0,20398.8,19847.8,20103.4,24074
2017-12-05 00:00:00+05:30,20230.0,20318.8,19780.0,19894.2,51143
2017-12-06 00:00:00+05:30,19870.1,19987.9,19087.8,19149.9,28391
2017-12-07 00:00:00+05:30,19375.0,19824.2,19280.0,19735.3,52036
2017-12-08 00:00:00+05:30,19800.0,19956.4,19478.0,19550.2,22138
2017-12-11 00:00:00+05:30,19800.0,20018.8,19560.5,19927.3,21742
2017-12-12 00:00:00+05:30,19980.0,20220.2,19737.7,19952.8,22591
2017-12-13 00:00:00+05:30,19950.0,20150.5,19750.0,19864.8,19682
2017-12-14 00:00:00+05:30,19832.0,19970.1,19412.1,19880.2,19341
2017-12-15 00:00:00+05:30,20000.0,20200.0,19601.2,19730.3,27418
2017-12-18 00:00:00+05:30,19700.0,20032.4,19370.0,19883.4,13739
2017-12-19 00:00:00+05:30,19885.0,20079.9,19810.0,19868.1,11120
2017-12-20 00:00:00+05:30,19868.1,20113.4,19719.7,19844.2,20612
2017-12-21 00:00:00+05:30,19949.0,20038.0,19805.0,19883.4,9026
2017-12-22 00:00:00+05:30,19883.4,19972.8,19835.1,19926.5,10446
2017-12-26 00:00:00+05:30,19900.0,20460.0,19872.6,20290.7,26344
2017-12-27 00:00:00+05:30,20350.0,20350.0,19999.0,20092.8,10852
2017-12-28 00:00:00+05:30,20100.0,20290.0,20000.0,20072.6,23658
2017-12-29 00:00:00+05:30,20110.0,20231.2,19942.2,20165.6,14246
2018-01-01 00:00:00+05:30,20165.0,20620.0,19702.4,19791.9,20401
2018-01-02 00:00:00+05:30,19850.0,19957.0,19575.0,19721.8,14797
2018-01-03 00:00:00+05:30,19799.0,19866.9,19650.1,19692.9,12104
2018-01-04 00:00:00+05:30,19790.0,19790.0,19580.0,19652.7,16677
2018-01-05 00:00:00+05:30,19700.0,19760.4,19588.0,19693.2,15105
2018-01-08 00:00:00+05:30,19700.0,20143.2,19650.1,19998.3,19162
2018-01-09 00:00:00+05:30,19970.0,19993.7,19780.1,19830.1,13251
2018-01-10 00:00:00+05:30,19899.0,19961.1,19700.0,19811.2,18250
2018-01-11 00:00:00+05:30,19838.0,20120.3,19732.7,19954.7,12507
2018-01-12 00:00:00+05:30,19954.7,20068.3,19660.0,19771.6,19820
2018-01-15 00:00:00+05:30,19800.0,19960.8,19710.0,19903.7,8708
2018-01-16 00:00:00+05:30,19911.0,20099.0,19815.2,19859.0,12326
2018-01-17 00:00:00+05:30,19857.0,20000.0,19700.0,19954.2,10905
2018-01-18 00:00:00+05:30,19980.0,20100.0,19850.0,19903.7,9788
2018-01-19 00:00:00+05:30,19903.7,20019.2,19810.1,19976.2,15241
2018-01-22 00:00:00+05:30,19920.2,20174.4,19875.0,19981.5,6083
2018-01-23 00:00:00+05:30,20000.0,20060.1,19639.1,19776.0,14150
2018-01-24 00:00:00+05:30,19776.0,19848.8,19700.0,19730.3,8531
2018-01-25 00:00:00+05:30,19740.0,19890.0,19506.2,19642.5,14671
2018-01-29 00:00:00+05:30,19635.0,19933.0,19517.6,19879.2,12310
2018-01-30 00:00:00+05:30,19850.0,19850.0,19400.0,19495.6,8399
2018-01-31 00:00:00+05:30,19495.0,19664.9,19291.1,19400.2,34590
2018-02-01 00:00:00+05:30,19475.0,19619.0,19300.0,19517.8,14331
2018-02-02 00:00:00+05:30,19420.0,19675.0,19300.0,19474.4,22653
2018-02-05 00:00:00+05:30,19299.0,20028.9,19246.4,19951.6,61031
2018-02-06 00:00:00+05:30,19500.0,19899.9,19332.9,19556.1,31736
2018-02-07 00:00:00+05:30,19612.0,19756.0,19165.1,19244.8,23455
2018-02-08 00:00:00+05:30,19450.0,19700.0,19335.1,19592.2,19788
2018-02-09 00:00:00+05:30,19398.0,19579.0,19280.1,19482.6,19118
2018-02-12 00:00:00+05:30,19564.4,19649.9,19470.6,19545.8,5107
2018-02-14 00:00:00+05:30,19639.9,19639.9,19470.0,19515.1,6351
2018-02-15 00:00:00+05:30,19550.0,19641.4,19470.0,19502.4,6087
2018-02-16 00:00:00+05:30,19520.0,19640.0,19500.8,19553.6,5355
2018-02-19 00:00:00+05:30,19545.0,19633.0,19354.0,19427.4,6655
2018-02-20 00:00:00+05:30,19427.4,19525.0,19151.0,19398.1,8434
2018-02-21 00:00:00+05:30,19440.0,19494.6,19100.1,19160.1,13402
2018-02-22 00:00:00+05:30,19040.0,19094.1,18587.8,18889.7,38563
2018-02-23 00:00:00+05:30,18890.0,19021.4,18810.1,18920.6,11409
2018-02-26 00:00:00+05:30,18987.8,19299.5,18890.2,19119.2,11302
2018-02-27 00:00:00+05:30,19155.9,19232.4,18970.0,19017.8,6822
2018-02-28 00:00:00+05:30,18980.0,18980.0,18635.0,18687.3,16160
2018-03-01 00:00:00+05:30,18701.2,18759.7,18612.1,18707.5,13447
2018-03-05 00:00:00+05:30,18661.2,18707.5,18300.0,18348.0,13019
2018-03-06 00:00:00+05:30,18376.2,18466.3,18005.1,18159.8,27935
2018-03-07 00:00:00+05:30,18179.0,18179.0,17809.0,17848.2,13795
2018-03-08 00:00:00+05:30,17975.0,18150.0,17710.0,18094.8,15431
2018-03-09 00:00:00+05:30,18124.0,18255.0,18040.2,18203.6,7157
2018-03-12 00:00:00+05:30,18287.0,18310.4,18018.1,18247.4,8342
2018-03-13 00:00:00+05:30,18239.0,18500.0,18201.3,18487.9,8229
2018-03-14 00:00:00+05:30,18469.0,18469.0,18200.0,18284.3,7672
2018-03-15 00:00:00+05:30,18284.3,18317.1,18000.0,18025.2,36190
2018-03-16 00:00:00+05:30,18006.0,18189.9,17801.1,17921.7,49848
2018-03-19 00:00:00+05:30,17901.0,18078.1,17466.1,17515.1,15211
2018-03-20 00:00:00+05:30,17440.0,18000.0,17440.0,17876.8,15492
2018-03-21 00:00:00+05:30,17950.0,17974.0,17551.0,17585.7,13341
2018-03-22 00:00:00+05:30,17650.0,17733.9,17250.0,17350.2,15389
2018-03-23 00:00:00+05:30,17200.0,17479.0,16975.0,17361.8,21555
2018-03-26 00:00:00+05:30,17361.8,17450.0,17181.7,17291.6,20667
2018-03-27 00:00:00+05:30,17301.0,17778.6,17301.0,17687.8,16081
2018-03-28 00:00:00+05:30,17656.6,18499.9,17251.0,18017.6,174111
2018-04-02 00:00:00+05:30,18300.0,19201.4,17777.8,18515.0,45197
2018-04-03 00:00:00+05:30,18700.0,19199.8,18450.0,19063.4,33949
2018-04-04 00:00:00+05:30,19180.0,19975.0,19076.4,19685.4,32374
2018-04-05 00:00:00+05:30,19939.0,20000.0,19191.2,19538.9,35426
2018-04-06 00:00:00+05:30,19690.0,20000.0,19401.0,19916.8,15643
2018-04-09 00:00:00+05:30,19926.0,20229.9,19740.3,19962.1,20297
2018-04-10 00:00:00+05:30,19962.0,20008.9,19644.8,19747.9,8427
2018-04-11 00:00:00+05:30,19798.5,19950.0,19555.1,19889.6,8960
2018-04-12 00:00:00+05:30,19816.2,20298.0,19662.4,20179.2,16540
2018-04-13 00:00:00+05:30,20249.9,20279.9,19473.9,19566.1,20592
2018-04-16 00:00:00+05:30,19600.0,19700.0,19396.0,19552.9,9112
2018-04-17 00:00:00+05:30,19650.0,19666.9,19300.0,19378.2,9149
2018-04-18 00:00:00+05:30,19455.2,19595.0,19325.6,19400.8,8661
2018-04-19 00:00:00+05:30,19540.0,19580.0,19367.8,19549.3,7372
2018-04-20 00:00:00+05:30,19487.0,19794.9,19410.4,19481.6,12262
2018-04-23 00:00:00+05:30,19481.0,19819.9,19413.2,19693.1,21505
2018-04-24 00:00:00+05:30,19689.9,19824.9,19450.1,19661.3,13741
2018-04-25 00:00:00+05:30,19699.0,19723.0,19475.4,19572.8,9711
2018-04-26 00:00:00+05:30,19600.0,19942.9,19550.2,19646.8,15894
2018-04-27 00:00:00+05:30,19625.0,19865.0,19415.4,19574.6,11785
2018-04-30 00:00:00+05:30,19610.0,19658.9,19380.6,19404.8,25718
2018-05-02 00:00:00+05:30,19448.8,19590.0,19401.2,19531.6,5649
2018-05-03 00:00:00+05:30,19500.0,19575.0,19332.0,19449.9,7218
2018-05-04 00:00:00+05:30,19500.0,19564.9,19285.0,19334.9,5749
2018-05-07 00:00:00+05:30,19425.0,19700.0,19360.1,19595.2,6104
2018-05-08 00:00:00+05:30,19590.0,19590.0,18950.0,19024.3,22364
2018-05-09 00:00:00+05:30,18951.2,19051.0,18760.6,18923.8,11495
2018-05-10 00:00:00+05:30,18951.0,19113.2,18566.4,18693.6,15299
2018-05-11 00:00:00+05:30,18766.0,18841.3,18566.0,18658.0,4477
2018-05-14 00:00:00+05:30,18701.0,18800.0,18133.9,18212.8,21812
2018-05-15 00:00:00+05:30,18200.0,18439.9,18003.8,18347.8,8210
2018-05-16 00:00:00+05:30,18200.1,18324.7,18041.8,18121.5,8364
2018-05-17 00:00:00+05:30,18280.0,18280.0,17807.3,17896.9,6435
2018-05-18 00:00:00+05:30,18000.0,18066.0,17600.0,17713.1,11592
2018-05-21 00:00:00+05:30,17720.0,17799.8,17550.0,17621.4,7335
2018-05-22 00:00:00+05:30,17550.0,18350.0,17250.0,18211.8,44922
2018-05-23 00:00:00+05:30,18240.0,18285.7,17972.6,18006.4,13619
2018-05-24 00:00:00+05:30,18150.0,18186.6,17720.0,17757.5,12452
2018-05-25 00:00:00+05:30,17843.8,17901.2,17640.0,17807.1,8311
2018-05-28 00:00:00+05:30,17875.0,18270.0,17850.0,18093.8,11072
2018-05-29 00:00:00+05:30,18090.0,18670.0,18020.1,18556.8,11277
2018-05-30 00:00:00+05:30,18530.0,18710.0,18450.2,18551.2,11885
2018-05-31 00:00:00+05:30,18650.0,18694.9,18135.0,18367.5,32745
2018-06-01 00:00:00+05:30,18299.0,18539.5,18011.1,18292.4,9383
2018-06-04 00:00:00+05:30,18322.0,18486.9,18019.0,18142.9,7038
2018-06-05 00:00:00+05:30,18289.9,18289.9,17840.4,17912.4,6950
2018-06-06 00:00:00+05:30,17998.0,19100.0,17787.8,18958.7,23856
2018-06-07 00:00:00+05:30,19035.0,19137.2,18425.0,18620.2,19461
2018-06-08 00:00:00+05:30,18550.0,18699.9,18251.5,18450.2,19779
2018-06-11 00:00:00+05:30,18474.8,18620.6,18141.1,18216.7,15036
2018-06-12 00:00:00+05:30,18279.0,18312.6,17960.1,18018.2,15986
2018-06-13 00:00:00+05:30,18180.0,18180.0,17900.0,17965.6,9621
2018-06-14 00:00:00+05:30,17948.0,18295.0,17810.0,18236.2,13516
2018-06-15 00:00:00+05:30,18200.5,18374.5,17883.0,18191.1,24998
2018-06-18 00:00:00+05:30,18191.1,18280.9,17901.5,17966.6,11210
2018-06-19 00:00:00+05:30,17950.0,18030.0,17731.2,17858.9,10112
2018-06-20 00:00:00+05:30,17950.0,18044.0,17675.0,17750.5,11729
2018-06-21 00:00:00+05:30,17849.8,18070.0,17820.0,17985.6,11268
2018-06-22 00:00:00+05:30,17950.0,18350.0,17707.0,17959.2,25537
2018-06-25 00:00:00+05:30,17925.0,18220.0,17850.0,17909.9,14997
2018-06-26 00:00:00+05:30,17920.0,18179.9,17575.1,17688.6,13811
2018-06-27 00:00:00+05:30,17705.0,17808.6,17160.0,17225.3,21600
2018-06-28 00:00:00+05:30,17226.5,17474.9,17152.0,17267.9,18233
2018-06-29 00:00:00+05:30,17260.2,17564.3,17252.0,17509.9,18972
2018-07-02 00:00:00+05:30,17550.0,17599.0,17252.1,17440.7,9037
2018-07-03 00:00:00+05:30,17530.0,17700.0,17350.3,17488.7,7835
2018-07-04 00:00:00+05:30,17525.0,17634.9,17360.0,17508.8,4665
2018-07-05 00:00:00+05:30,17515.0,18169.0,17510.0,18084.2,12928
2018-07-06 00:00:00+05:30,17980.5,18300.0,17690.2,17769.9,10621
2018-07-09 00:00:00+05:30,17870.0,18139.9,17751.6,18038.6,8103
2018-07-10 00:00:00+05:30,18150.0,18265.9,17710.0,17842.1,21727
2018-07-11 00:00:00+05:30,17822.2,17925.0,17536.1,17606.2,13779
2018-07-12 00:00:00+05:30,17750.0,17843.0,17401.1,17446.0,8613
2018-07-13 00:00:00+05:30,17598.0,17824.9,17400.0,17625.8,8076
2018-07-16 00:00:00+05:30,17697.5,17697.5,17300.0,17368.8,10160
2018-07-17 00:00:00+05:30,17438.6,17495.0,17340.0,17414.1,5522
2018-07-18 00:00:00+05:30,17433.3,17734.0,17433.3,17652.4,13106
2018-07-19 00:00:00+05:30,17650.0,17823.5,17547.3,17701.7,6158
2018-07-20 00:00:00+05:30,17620.1,17797.9,17500.5,17592.9,8176
2018-07-23 00:00:00+05:30,17786.0,18142.0,17678.0,17993.7,10955
2018-07-24 00:00:00+05:30,18140.0,18759.1,18010.9,18729.8,15964
2018-07-25 00:00:00+05:30,18674.8,19126.9,18394.9,19044.0,12643
2018-07-26 00:00:00+05:30,18890.0,18993.2,18512.1,18700.3,8006
2018-07-27 00:00:00+05:30,18706.0,18857.8,18550.0,18638.6,14665
2018-07-30 00:00:00+05:30,18614.1,18730.0,18473.8,18609.8,9607
2018-07-31 00:00:00+05:30,18552.0,18890.0,18412.8,18720.7,11285
2018-08-01 00:00:00+05:30,18732.0,18993.6,18650.0,18840.1,10515
2018-08-02 00:00:00+05:30,18825.0,18972.1,18552.1,18646.8,6531
2018-08-03 00:00:00+05:30,18700.0,19489.9,18600.5,19075.5,17559
2018-08-06 00:00:00+05:30,19090.0,19279.9,18810.2,18889.3,9344
2018-08-07 00:00:00+05:30,18701.1,19267.0,18701.1,19091.4,12011
2018-08-08 00:00:00+05:30,19100.0,19290.0,18990.1,19176.0,6549
2018-08-09 00:00:00+05:30,19192.1,19420.0,18928.3,19085.0,10234
2018-08-10 00:00:00+05:30,19120.0,19825.0,19120.0,19370.6,57762
2018-08-13 00:00:00+05:30,19338.0,19349.0,18983.1,19188.4,14961
2018-08-14 00:00:00+05:30,19290.0,19367.4,19033.2,19194.8,8176
2018-08-16 00:00:00+05:30,19169.9,19260.7,18710.1,18788.7,9359
2018-08-17 00:00:00+05:30,18949.9,18998.0,18775.1,18847.9,6450
2018-08-20 00:00:00+05:30,19000.0,19000.0,18741.3,18780.9,7399
2018-08-21 00:00:00+05:30,18810.0,18950.0,18801.1,18890.8,6652
2018-08-23 00:00:00+05:30,18770.8,18977.5,18710.0,18863.8,10737
2018-08-24 00:00:00+05:30,18742.0,18859.8,18721.8,18799.6,5733
2018-08-27 00:00:00+05:30,18897.0,18897.0,18605.5,18716.2,9008
2018-08-28 00:00:00+05:30,18721.0,19083.9,18721.0,18884.6,16232
2018-08-29 00:00:00+05:30,18870.0,20190.0,18747.0,20077.8,32905
2018-08-30 00:00:00+05:30,20200.0,22182.6,20155.1,22005.0,134315
2018-08-31 00:00:00+05:30,22005.0,22400.0,21608.2,21990.3,56140
2018-09-03 00:00:00+05:30,21990.3,22350.0,21333.0,21387.2,39269
2018-09-04 00:00:00+05:30,21390.0,21600.0,20650.0,20920.7,35044
2018-09-05 00:00:00+05:30,20919.9,21000.1,20601.2,20699.2,27828
2018-09-06 00:00:00+05:30,20750.5,21373.0,20540.0,21266.6,37057
2018-09-07 00:00:00+05:30,21299.9,21600.0,20713.4,21403.2,24228
2018-09-10 00:00:00+05:30,21200.0,21494.4,20701.0,20809.8,18165
2018-09-11 00:00:00+05:30,20822.6,21247.0,20200.1,20503.2,26768
2018-09-12 00:00:00+05:30,20640.0,21199.9,20570.0,21049.9,28277
2018-09-14 00:00:00+05:30,21200.0,21425.4,20800.0,21065.4,16759
2018-09-17 00:00:00+05:30,20825.0,21100.0,20790.0,20986.1,33202
2018-09-18 00:00:00+05:30,20986.1,21150.0,20601.1,20726.8,11388
2018-09-19 00:00:00+05:30,20799.0,20890.0,20382.9,20622.8,11364
2018-09-21 00:00:00+05:30,20799.0,20799.0,19746.8,19998.4,33697
2018-09-24 00:00:00+05:30,20120.0,20175.3,19300.0,19705.6,9694
2018-09-25 00:00:00+05:30,19520.5,20550.0,19520.5,20151.7,8769
2018-09-26 00:00:00+05:30,20302.8,20302.8,19401.7,19710.1,23779
2018-09-27 00:00:00+05:30,19799.9,20175.0,19550.0,19768.3,52493
2018-09-28 00:00:00+05:30,19950.0,20018.3,19600.0,19934.1,18495
2018-10-01 00:00:00+05:30,19800.0,19948.0,19351.2,19784.9,10967
2018-10-03 00:00:00+05:30,19600.0,19950.0,19600.0,19698.1,17910
2018-10-04 00:00:00+05:30,19415.0,19700.0,18700.0,19123.8,34396
2018-10-05 00:00:00+05:30,19123.8,19150.0,18699.2,18813.9,14961
2018-10-08 00:00:00+05:30,18800.0,19139.8,18200.0,18361.4,28702
2018-10-09 00:00:00+05:30,18450.0,18638.9,18075.1,18444.4,11141
2018-10-10 00:00:00+05:30,18400.0,18814.4,18311.2,18582.4,14421
2018-10-11 00:00:00+05:30,18300.0,18429.2,18021.0,18283.7,16480
2018-10-12 00:00:00+05:30,18500.0,18868.7,18426.2,18605.2,16880
2018-10-15 00:00:00+05:30,18650.0,18939.9,18322.2,18697.2,11176
2018-10-16 00:00:00+05:30,18710.0,19148.9,18667.8,18958.9,16287
2018-10-17 00:00:00+05:30,19150.0,19189.0,18265.0,18380.0,15393
2018-10-19 00:00:00+05:30,18180.0,19100.0,18180.0,19059.8,9876
2018-10-22 00:00:00+05:30,19150.0,19199.8,18085.1,18285.2,19178
2018-10-23 00:00:00+05:30,18180.0,18199.9,17614.1,17736.6,14470
2018-10-24 00:00:00+05:30,17915.3,18553.8,17662.2,18351.6,16158
2018-10-25 00:00:00+05:30,18249.0,19170.0,17951.1,19031.8,13227
2018-10-26 00:00:00+05:30,18890.0,19015.7,18285.3,18609.8,34083
2018-10-29 00:00:00+05:30,18795.9,19091.0,18630.0,18690.5,13189
2018-10-30 00:00:00+05:30,18695.0,19880.0,18600.2,19738.8,18700
2018-10-31 00:00:00+05:30,19700.0,19880.5,19125.0,19746.5,20360
2018-11-01 00:00:00+05:30,20455.2,20455.2,19521.7,19624.8,50101
2018-11-02 00:00:00+05:30,19650.0,20500.0,19289.9,19625.4,31948
2018-11-05 00:00:00+05:30,19780.0,19945.0,19150.0,19408.3,63766
2018-11-06 00:00:00+05:30,19450.0,19621.2,19277.1,19376.8,11241
2018-11-07 00:00:00+05:30,19435.0,19566.0,19406.8,19482.2,1555
2018-11-09 00:00:00+05:30,19550.0,19909.1,19497.1,19846.2,14064
2018-11-12 00:00:00+05:30,19919.0,19950.0,19510.0,19620.8,13690
2018-11-13 00:00:00+05:30,19610.0,19845.0,19501.5,19655.2,8195
2018-11-14 00:00:00+05:30,19700.0,19868.0,19032.8,19194.8,27968
2018-11-15 00:00:00+05:30,19280.0,19393.7,19080.0,19220.9,16236
2018-11-16 00:00:00+05:30,19365.0,19365.0,18551.0,18724.1,45744
2018-11-19 00:00:00+05:30,19000.0,19396.3,18680.0,18706.8,48818
2018-11-20 00:00:00+05:30,18790.0,18950.0,18505.1,18595.3,29951
2018-11-21 00:00:00+05:30,18650.0,19093.4,18472.3,18714.8,32426
2018-11-22 00:00:00+05:30,18755.0,19125.0,18755.0,19033.1,16656
2018-11-26 00:00:00+05:30,19050.0,19125.0,18671.2,18697.8,29569
2018-11-27 00:00:00+05:30,18750.0,19057.0,18280.0,18347.7,64225
2018-11-28 00:00:00+05:30,18455.0,18728.9,18444.9,18687.2,17806
2018-11-29 00:00:00+05:30,18749.0,18999.0,18687.2,18782.7,62651
2018-11-30 00:00:00+05:30,18900.0,19043.2,18650.0,18973.2,31941
2018-12-03 00:00:00+05:30,19019.2,19388.9,19000.0,19204.0,22537
2018-12-04 00:00:00+05:30,19209.9,19274.6,18462.1,18513.8,63880
2018-12-05 00:00:00+05:30,18518.9,18860.0,18292.9,18352.9,49108
2018-12-06 00:00:00+05:30,18370.0,18640.0,18300.0,18385.1,23837
2018-12-07 00:00:00+05:30,18480.0,18584.1,18400.0,18533.1,11688
2018-12-10 00:00:00+05:30,18400.0,18579.8,18310.0,18483.8,15029
2018-12-11 00:00:00+05:30,18449.9,19226.8,18425.0,19105.6,72553
2018-12-12 00:00:00+05:30,19196.4,19300.0,19034.0,19172.1,27868
2018-12-13 00:00:00+05:30,19270.0,19749.0,19250.1,19621.1,25703
2018-12-14 00:00:00+05:30,19603.0,19763.0,19414.1,19691.3,19324
2018-12-17 00:00:00+05:30,19750.0,19833.0,19581.0,19661.9,25278
2018-12-18 00:00:00+05:30,19663.0,19880.0,19503.1,19861.6,31179
2018-12-19 00:00:00+05:30,19984.0,20000.0,19590.0,19624.0,56190
2018-12-20 00:00:00+05:30,19500.0,19762.0,19199.9,19607.1,60826
2018-12-21 00:00:00+05:30,19690.0,19990.0,19483.2,19898.2,31018
2018-12-24 00:00:00+05:30,19860.0,19887.9,19330.1,19415.5,14555
2018-12-26 00:00:00+05:30,19450.0,19640.0,19170.8,19526.6,10735
2018-12-27 00:00:00+05:30,19598.6,19739.2,19251.4,19409.2,30265
2018-12-28 00:00:00+05:30,19395.0,19678.0,19270.2,19629.8,8290
2018-12-31 00:00:00+05:30,19666.0,19793.0,19560.7,19611.2,9793
2019-01-01 00:00:00+05:30,19689.7,19720.0,19490.8,19576.5,4603
2019-01-02 00:00:00+05:30,19515.0,19628.9,19431.8,19477.8,10810
2019-01-03 00:00:00+05:30,19510.0,19701.6,19211.1,19299.8,18865
2019-01-04 00:00:00+05:30,19300.0,19493.2,19217.3,19438.8,6798
2019-01-07 00:00:00+05:30,19510.0,19590.0,19427.2,19510.4,8827
2019-01-08 00:00:00+05:30,19515.0,19544.9,19250.3,19300.6,6385
2019-01-09 00:00:00+05:30,19360.0,19574.6,19270.1,19476.3,8981
2019-01-10 00:00:00+05:30,19440.0,19739.9,19390.0,19704.0,8856
2019-01-11 00:00:00+05:30,19603.1,19700.0,19450.0,19517.8,11700
2019-01-14 00:00:00+05:30,19470.0,19470.0,19029.8,19116.1,18658
2019-01-15 00:00:00+05:30,19165.0,19290.0,19042.8,19130.1,8369
2019-01-16 00:00:00+05:30,19206.5,19299.9,19051.1,19089.4,6336
2019-01-17 00:00:00+05:30,19150.0,19230.0,18965.0,19150.6,7450
2019-01-18 00:00:00+05:30,19234.0,19290.0,19019.6,19210.4,7530
2019-01-21 00:00:00+05:30,19160.0,19274.4,19014.5,19046.0,5432
2019-01-22 00:00:00+05:30,19095.0,19321.0,18990.1,19208.3,7505
2019-01-23 00:00:00+05:30,19208.3,19277.9,19020.0,19090.2,5495
2019-01-24 00:00:00+05:30,19093.0,19239.9,18960.1,19155.4,9082
2019-01-25 00:00:00+05:30,19085.0,19227.8,18307.2,18526.2,19282
2019-01-28 00:00:00+05:30,18550.0,18550.0,17901.3,18262.4,13237
2019-01-29 00:00:00+05:30,18284.0,18284.2,17922.8,18171.9,7895
2019-01-30 00:00:00+05:30,18449.0,18580.0,18194.8,18454.1,18985
2019-01-31 00:00:00+05:30,18600.0,18920.0,18430.0,18851.7,21091
2019-02-01 00:00:00+05:30,18930.0,19396.0,18734.9,19316.2,14994
2019-02-04 00:00:00+05:30,19265.0,19494.0,18925.0,19048.1,9148
2019-02-05 00:00:00+05:30,19100.0,19219.9,18950.3,19056.4,9772
2019-02-06 00:00:00+05:30,19160.0,19299.0,19041.8,19248.2,10117
2019-02-07 00:00:00+05:30,19171.0,19298.7,19150.1,19224.8,8422
2019-02-08 00:00:00+05:30,19275.0,19316.4,18850.0,18920.3,9120
2019-02-11 00:00:00+05:30,18880.0,18975.0,18614.0,18798.7,16064
2019-02-12 00:00:00+05:30,18780.1,18780.1,18500.1,18592.2,12840
2019-02-13 00:00:00+05:30,18650.0,18747.0,17584.0,17908.4,89577
2019-02-14 00:00:00+05:30,17988.0,18503.0,17901.0,18084.3,45120
2019-02-15 00:00:00+05:30,18151.0,18227.0,17801.0,18154.9,21066
2019-02-18 00:00:00+05:30,18150.0,18150.0,17650.0,17717.1,12603
2019-02-19 00:00:00+05:30,17770.0,17910.6,17564.2,17761.3,14644
2019-02-20 00:00:00+05:30,17900.0,18224.9,17755.0,18175.7,10625
2019-02-21 00:00:00+05:30,18270.0,18294.5,17930.3,18048.6,8542
2019-02-22 00:00:00+05:30,17915.0,18184.0,17751.5,18120.8,38884
2019-02-25 00:00:00+05:30,18100.1,18411.0,18100.1,18340.7,21822
2019-02-26 00:00:00+05:30,18240.0,18888.0,18060.1,18763.9,37919
2019-02-27 00:00:00+05:30,18780.0,19050.0,18531.3,18817.8,22036
2019-02-28 00:00:00+05:30,18818.0,19285.0,18817.8,19026.3,27618
2019-03-01 00:00:00+05:30,19000.0,19000.0,18701.0,18749.8,11992
2019-03-05 00:00:00+05:30,18700.0,18991.0,18665.2,18923.3,18202
2019-03-06 00:00:00+05:30,19000.0,19039.3,18728.0,18875.2,12834
2019-03-07 00:00:00+05:30,18875.2,18937.9,18405.0,18486.2,22652
2019-03-08 00:00:00+05:30,18487.0,18517.2,18200.0,18429.8,11836
2019-03-11 00:00:00+05:30,18500.0,19170.0,18489.0,19100.3,18632
2019-03-12 00:00:00+05:30,19150.0,19421.9,19005.1,19082.7,14924
2019-03-13 00:00:00+05:30,19200.0,19200.0,18503.0,18608.9,22948
2019-03-14 00:00:00+05:30,18730.0,18745.0,18265.0,18559.5,28714
2019-03-15 00:00:00+05:30,18689.9,18689.9,18305.6,18365.2,30082
2019-03-18 00:00:00+05:30,18480.0,18510.4,18365.2,18481.4,6788
2019-03-19 00:00:00+05:30,18498.0,18526.4,18326.0,18441.2,8466
2019-03-20 00:00:00+05:30,18441.2,18500.0,18354.5,18392.8,10493
2019-03-22 00:00:00+05:30,18363.0,18450.0,18220.0,18287.1,10908
2019-03-25 00:00:00+05:30,18256.0,18300.0,18069.1,18182.6,7894
2019-03-26 00:00:00+05:30,18257.0,18257.0,18075.0,18182.6,17010
2019-03-27 00:00:00+05:30,18200.0,18201.9,17900.0,17959.3,22614
2019-03-28 00:00:00+05:30,17915.2,18000.0,17817.6,17886.2,25602
2019-03-29 00:00:00+05:30,17997.6,18277.1,17629.8,18184.8,46940
2019-04-01 00:00:00+05:30,18300.0,18300.0,18051.2,18105.8,8461
2019-04-02 00:00:00+05:30,18060.5,18178.4,17901.2,17946.2,17086
2019-04-03 00:00:00+05:30,17950.0,18080.0,17947.1,18005.9,16319
2019-04-04 00:00:00+05:30,18030.0,18052.1,17775.9,17832.3,24726
2019-04-05 00:00:00+05:30,17901.0,18100.0,17809.4,17994.8,17558
2019-04-08 00:00:00+05:30,18095.0,18095.0,17905.2,17994.9,7904
2019-04-09 00:00:00+05:30,18014.9,18015.0,17729.9,17856.8,8785
2019-04-10 00:00:00+05:30,17840.0,17882.7,17750.0,17788.7,8167
2019-04-11 00:00:00+05:30,17800.0,17951.9,17732.0,17831.4,9027
2019-04-12 00:00:00+05:30,17810.0,18025.0,17810.0,17980.6,6742
2019-04-15 00:00:00+05:30,18000.0,18099.0,17918.9,18051.6,8112
2019-04-16 00:00:00+05:30,18149.2,18352.0,18051.0,18273.4,12691
2019-04-18 00:00:00+05:30,18444.9,18444.9,18071.6,18173.5,11005
2019-04-22 00:00:00+05:30,18140.0,18170.8,17950.0,18097.9,6574
2019-04-23 00:00:00+05:30,18100.0,18146.2,17910.0,17946.4,5583
2019-04-24 00:00:00+05:30,17960.1,18098.9,17851.1,18005.8,8862
2019-04-25 00:00:00+05:30,18010.0,18193.9,17900.0,17996.3,29378
2019-04-26 00:00:00+05:30,17996.3,18099.2,17862.8,18018.6,5333
2019-04-30 00:00:00+05:30,17952.0,18198.7,17900.0,18018.9,21101
2019-05-02 00:00:00+05:30,17925.0,18035.9,17665.3,17985.9,20578
2019-05-03 00:00:00+05:30,18099.2,18099.2,17874.2,18023.4,6131
2019-05-06 00:00:00+05:30,17960.0,18066.0,17920.4,18020.8,6476
2019-05-07 00:00:00+05:30,18022.0,18073.9,17572.8,17784.7,25690
2019-05-08 00:00:00+05:30,17701.2,17830.0,17017.6,17328.8,22326
2019-05-09 00:00:00+05:30,17292.8,17299.9,17002.0,17160.8,12275
2019-05-10 00:00:00+05:30,17162.0,17351.3,17113.8,17244.3,11292
2019-05-13 00:00:00+05:30,17250.0,17482.7,17042.2,17200.2,15378
2019-05-14 00:00:00+05:30,17100.1,17185.9,16629.6,16791.6,16433
2019-05-15 00:00:00+05:30,16899.0,17100.0,16818.3,17004.8,14937
2019-05-16 00:00:00+05:30,17019.8,17150.8,16857.1,16967.8,8071
2019-05-17 00:00:00+05:30,16970.0,17389.9,16970.0,17230.8,11099
2019-05-20 00:00:00+05:30,17550.0,17713.0,17181.1,17621.8,10948
2019-05-21 00:00:00+05:30,17622.0,17683.1,16950.0,17410.7,56544
2019-05-22 00:00:00+05:30,17300.1,17373.9,16750.0,16809.3,31915
2019-05-23 00:00:00+05:30,17100.0,17100.0,16700.0,16785.8,32061
2019-05-24 00:00:00+05:30,16954.0,17040.0,16764.3,16972.5,15106
2019-05-27 00:00:00+05:30,17005.0,17249.0,16850.1,16924.8,12614
2019-05-28 00:00:00+05:30,16970.0,17089.9,16863.3,16926.2,39129
2019-05-29 00:00:00+05:30,17050.0,17067.4,16926.4,17017.7,6240
2019-05-30 00:00:00+05:30,17025.0,17480.0,16976.0,17213.2,19995
2019-05-31 00:00:00+05:30,17213.2,17800.0,17204.1,17722.8,26187
2019-06-03 00:00:00+05:30,17750.0,17877.0,17370.0,17404.8,15636
2019-06-04 00:00:00+05:30,17419.3,17799.9,17270.6,17401.3,18088
2019-06-06 00:00:00+05:30,17540.0,17679.8,17153.2,17268.4,13042
2019-06-07 00:00:00+05:30,17388.0,17388.0,16978.6,17052.0,10975
2019-06-10 00:00:00+05:30,17118.8,17430.0,16970.2,17085.4,11388
2019-06-11 00:00:00+05:30,17106.6,17297.0,17085.0,17138.3,6762
2019-06-12 00:00:00+05:30,17138.0,17290.0,16864.0,16901.2,7922
2019-06-13 00:00:00+05:30,16925.2,17049.9,16815.0,17012.4,9519
2019-06-14 00:00:00+05:30,16950.5,16999.0,16841.0,16911.4,5423
2019-06-17 00:00:00+05:30,16990.0,16990.0,16450.0,16522.9,8779
2019-06-18 00:00:00+05:30,16522.9,16549.9,16327.3,16438.4,10663
2019-06-19 00:00:00+05:30,16510.4,16540.2,16212.1,16259.5,7357
2019-06-20 00:00:00+05:30,16275.0,16699.0,16058.9,16591.7,11069
2019-06-21 00:00:00+05:30,16501.5,16646.9,16381.3,16466.4,28819
2019-06-24 00:00:00+05:30,16516.0,16602.6,16337.0,16401.4,5669
2019-06-25 00:00:00+05:30,16301.2,16501.7,16301.2,16469.3,4962
2019-06-26 00:00:00+05:30,16470.0,16686.2,16419.9,16524.9,8068
2019-06-27 00:00:00+05:30,16524.9,16680.0,16500.0,16551.3,7685
2019-06-28 00:00:00+05:30,16648.0,16648.0,16301.0,16338.7,10347
2019-07-01 00:00:00+05:30,16499.0,16739.9,16383.7,16588.1,11772
2019-07-02 00:00:00+05:30,16510.0,16789.8,16510.0,16719.2,5325
2019-07-03 00:00:00+05:30,16720.0,16787.0,16486.4,16715.2,10671
2019-07-04 00:00:00+05:30,16715.0,16989.0,16621.5,16882.3,9836
2019-07-05 00:00:00+05:30,16900.0,16974.6,16422.0,16498.3,10136
2019-07-08 00:00:00+05:30,16400.0,16497.6,15901.0,15961.5,11547
2019-07-09 00:00:00+05:30,15960.0,16071.6,15862.0,15982.5,7240
2019-07-10 00:00:00+05:30,15983.0,16050.0,15801.2,15915.5,8206
2019-07-11 00:00:00+05:30,15950.0,16090.0,15834.5,16024.8,10272
2019-07-12 00:00:00+05:30,16025.0,16100.0,15949.1,16031.8,5245
2019-07-15 00:00:00+05:30,16150.0,16150.0,15900.0,16011.2,6643
2019-07-16 00:00:00+05:30,15921.0,16040.0,15912.0,15996.7,3784
2019-07-17 00:00:00+05:30,16000.0,16172.9,15862.7,15999.5,7009
2019-07-18 00:00:00+05:30,16000.0,16002.0,15512.0,15570.3,9671
2019-07-19 00:00:00+05:30,15697.0,15697.0,15051.0,15163.1,12744
2019-07-22 00:00:00+05:30,15154.5,15230.0,15100.0,15147.0,14812
2019-07-23 00:00:00+05:30,15130.0,15257.7,15000.0,15011.1,12152
2019-07-24 00:00:00+05:30,15012.0,15075.2,14590.1,14673.0,15929
2019-07-25 00:00:00+05:30,14615.0,15074.0,14615.0,15002.5,17367
2019-07-26 00:00:00+05:30,15000.0,15144.0,14806.6,15028.4,9761
2019-07-29 00:00:00+05:30,15005.0,15039.0,14761.8,14816.0,6880
2019-07-30 00:00:00+05:30,14820.0,14898.0,14209.3,14281.0,16929
2019-07-31 00:00:00+05:30,14250.0,14820.4,14214.9,14438.8,22663
2019-08-01 00:00:00+05:30,14299.0,14700.0,14265.7,14643.1,15351
2019-08-02 00:00:00+05:30,14420.2,14980.0,14420.2,14786.0,18569
2019-08-05 00:00:00+05:30,14768.0,14775.0,14250.0,14289.5,17177
2019-08-06 00:00:00+05:30,14250.0,14600.0,14230.2,14499.6,11668
2019-08-07 00:00:00+05:30,14589.0,14590.0,13905.0,13976.4,12764
2019-08-08 00:00:00+05:30,13977.0,14497.0,13801.2,14407.3,17954
2019-08-09 00:00:00+05:30,14497.3,14510.0,14220.0,14290.0,13859
2019-08-13 00:00:00+05:30,14380.0,14484.5,13380.8,13530.1,32902
2019-08-14 00:00:00+05:30,13425.5,13692.1,12700.0,13371.1,39288
2019-08-16 00:00:00+05:30,13240.0,13825.0,13017.7,13742.7,25058
2019-08-19 00:00:00+05:30,13700.0,14170.0,13503.1,13633.1,35334
2019-08-20 00:00:00+05:30,13638.4,13769.5,13500.0,13563.8,21602
2019-08-21 00:00:00+05:30,13520.0,13825.8,13519.0,13688.0,40423
2019-08-22 00:00:00+05:30,13645.7,13773.5,13213.2,13403.0,18075
2019-08-23 00:00:00+05:30,13379.0,13864.8,13363.4,13757.6,17314
2019-08-26 00:00:00+05:30,14098.0,14300.0,13657.0,14227.1,21359
2019-08-27 00:00:00+05:30,14175.0,14699.0,14175.0,14494.2,24608
2019-08-28 00:00:00+05:30,14551.0,14551.0,13986.7,14198.5,10376
2019-08-29 00:00:00+05:30,14130.0,14330.0,13844.0,13999.0,20266
2019-08-30 00:00:00+05:30,14050.0,14555.0,13929.0,14476.8,17501
2019-09-03 00:00:00+05:30,14385.0,14412.0,13655.0,13789.3,16778
2019-09-04 00:00:00+05:30,13974.0,13974.0,13350.0,13394.5,20711
2019-09-05 00:00:00+05:30,13400.0,13661.8,13400.0,13586.1,16427
2019-09-06 00:00:00+05:30,13601.0,13880.0,13600.0,13807.2,10111
2019-09-09 00:00:00+05:30,13790.0,14194.0,13700.0,14121.0,12071
2019-09-11 00:00:00+05:30,14209.2,14495.0,14050.0,14249.2,17322
2019-09-12 00:00:00+05:30,14389.0,14450.0,13700.0,13759.6,15199
2019-09-13 00:00:00+05:30,13840.0,14184.0,13718.0,14073.7,18336
2019-09-16 00:00:00+05:30,14080.0,14290.0,13846.0,14243.2,9982
2019-09-17 00:00:00+05:30,14220.0,14220.0,13514.8,13668.8,24243
2019-09-18 00:00:00+05:30,13750.0,13847.0,13520.0,13615.8,15960
2019-09-19 00:00:00+05:30,13659.0,13710.0,13391.0,13478.0,12050
2019-09-20 00:00:00+05:30,13480.0,14399.0,13390.5,14045.5,54824
2019-09-23 00:00:00+05:30,14488.0,14899.0,14115.8,14807.2,40525
2019-09-24 00:00:00+05:30,14900.0,15029.0,14500.0,14575.7,18597
2019-09-25 00:00:00+05:30,14600.0,14637.1,13831.1,14082.4,23616
2019-09-26 00:00:00+05:30,14090.0,14518.0,14012.8,14138.5,21859
2019-09-27 00:00:00+05:30,14135.0,14202.0,13822.3,13998.9,13599
2019-09-30 00:00:00+05:30,14092.9,14121.2,13750.0,14063.7,14062
2019-10-01 00:00:00+05:30,14067.4,14290.0,12736.0,13247.5,31559
2019-10-03 00:00:00+05:30,13330.3,13641.7,13289.5,13563.7,18342
2019-10-04 00:00:00+05:30,13565.0,13650.0,13165.0,13291.8,14524
2019-10-07 00:00:00+05:30,13101.2,13178.2,12900.0,13054.0,15465
2019-10-09 00:00:00+05:30,13001.1,13441.8,13001.1,13269.9,11755
2019-10-10 00:00:00+05:30,13280.0,13398.0,13200.1,13326.8,12487
2019-10-11 00:00:00+05:30,13354.9,13380.0,13002.2,13132.3,12277
2019-10-14 00:00:00+05:30,13158.0,13490.0,13158.0,13345.5,20733
2019-10-15 00:00:00+05:30,13350.0,13947.0,13350.0,13853.2,31448
2019-10-16 00:00:00+05:30,13855.3,14247.8,13855.0,14129.0,22292
2019-10-17 00:00:00+05:30,14100.0,14350.1,13820.2,13994.5,20203
2019-10-18 00:00:00+05:30,14081.9,14389.0,14062.1,14139.5,14639
2019-10-22 00:00:00+05:30,14199.9,14700.0,14162.0,14568.8,21606
2019-10-23 00:00:00+05:30,14658.0,14703.3,14400.0,14601.2,16553
2019-10-24 00:00:00+05:30,14620.0,14900.0,14500.0,14511.0,15050
2019-10-25 00:00:00+05:30,14620.0,14777.0,14447.0,14501.7,10698
2019-10-27 00:00:00+05:30,14647.0,14800.0,14465.0,14685.0,2589
2019-10-29 00:00:00+05:30,14655.0,15732.0,14655.0,15654.8,36658
2019-10-30 00:00:00+05:30,15842.7,15842.7,15389.2,15586.0,16512
2019-10-31 00:00:00+05:30,15720.0,15770.9,15114.2,15305.3,21813
2019-11-01 00:00:00+05:30,15302.0,15537.2,15253.0,15327.0,15871
2019-11-04 00:00:00+05:30,15449.9,15849.0,15442.0,15759.5,23444
2019-11-05 00:00:00+05:30,15700.0,15744.1,15532.3,15681.0,21492
2019-11-06 00:00:00+05:30,15650.0,15789.0,14880.0,15298.8,50078
2019-11-07 00:00:00+05:30,15100.0,15370.3,14590.5,15259.7,53604
2019-11-08 00:00:00+05:30,15250.0,15535.0,15053.0,15353.8,17292
2019-11-11 00:00:00+05:30,15300.0,15391.9,15069.2,15331.7,10472
2019-11-13 00:00:00+05:30,15300.0,15495.0,15052.1,15302.3,15649
2019-11-14 00:00:00+05:30,15300.0,15320.0,15051.5,15196.0,8304
2019-11-15 00:00:00+05:30,15290.0,15386.0,14925.0,15048.7,23230
2019-11-18 00:00:00+05:30,15114.9,15155.0,14933.0,15048.8,11422
2019-11-19 00:00:00+05:30,15142.9,15142.9,14912.0,14972.8,11380
2019-11-20 00:00:00+05:30,15015.0,15395.0,14882.0,15059.7,13794
2019-11-21 00:00:00+05:30,15060.0,15895.0,15060.0,15782.5,59979
2019-11-22 00:00:00+05:30,15800.0,16400.0,15211.2,16337.3,47256
2019-11-25 00:00:00+05:30,16350.0,16645.0,16200.0,16470.3,33475
2019-11-26 00:00:00+05:30,16500.0,17150.0,16353.2,16596.4,82463
2019-11-27 00:00:00+05:30,16600.0,17260.3,16451.1,16615.2,35879
2019-11-28 00:00:00+05:30,16618.0,16903.1,16155.5,16209.7,34275
2019-11-29 00:00:00+05:30,16201.0,16345.8,15960.1,16142.6,21533
2019-12-02 00:00:00+05:30,16180.0,16552.5,15800.0,15882.4,22534
2019-12-03 00:00:00+05:30,15870.0,15996.3,15632.0,15657.6,13445
2019-12-04 00:00:00+05:30,15580.0,15812.2,15526.5,15650.0,8551
2019-12-05 00:00:00+05:30,15739.0,15740.0,15480.2,15658.3,14070
2019-12-06 00:00:00+05:30,15615.0,15725.0,15097.2,15143.0,16190
2019-12-09 00:00:00+05:30,15170.0,15375.0,15010.0,15218.4,21027
2019-12-10 00:00:00+05:30,15265.0,15320.0,14905.0,14969.2,13826
2019-12-11 00:00:00+05:30,14999.0,15140.0,14805.1,15022.3,21636
2019-12-12 00:00:00+05:30,15029.8,15200.0,14873.0,14965.0,13378
2019-12-13 00:00:00+05:30,14988.6,15550.0,14988.6,15198.0,29483
2019-12-16 00:00:00+05:30,15200.0,15357.0,14930.4,14987.5,10454
2019-12-17 00:00:00+05:30,15300.0,15436.0,14987.5,15160.7,387902
2019-12-18 00:00:00+05:30,15250.0,15265.0,15111.0,15200.5,15267
2019-12-19 00:00:00+05:30,15111.0,15350.0,15050.1,15103.5,11997
2019-12-20 00:00:00+05:30,15105.1,15245.0,14950.0,15023.8,21039
2019-12-23 00:00:00+05:30,15054.0,15540.0,14956.0,15399.2,20770
2019-12-24 00:00:00+05:30,15450.0,15596.7,15273.2,15363.8,21458
2019-12-26 00:00:00+05:30,15400.2,15523.0,15231.0,15328.5,18958
2019-12-27 00:00:00+05:30,15399.9,15619.5,15348.0,15511.5,13003
2019-12-30 00:00:00+05:30,15570.0,15749.0,15532.0,15690.5,12505
2019-12-31 00:00:00+05:30,15700.0,15820.0,15326.2,15374.6,17808
2020-01-01 00:00:00+05:30,15399.7,15539.7,15250.0,15284.8,10221
2020-01-02 00:00:00+05:30,15321.0,15450.0,15200.0,15411.8,12982
2020-01-03 00:00:00+05:30,15385.0,15463.9,15130.0,15172.9,12150
2020-01-06 00:00:00+05:30,15150.0,15170.0,14760.1,14818.8,10161
2020-01-07 00:00:00+05:30,14850.0,15000.0,14697.8,14828.0,12015
2020-01-08 00:00:00+05:30,14742.0,14745.2,14505.7,14527.4,10878
2020-01-09 00:00:00+05:30,14710.0,14935.0,14610.0,14879.9,10637
2020-01-10 00:00:00+05:30,14881.0,15084.5,14733.5,14857.1,12854
2020-01-13 00:00:00+05:30,14925.0,14940.0,14752.5,14791.3,6553
2020-01-14 00:00:00+05:30,14834.0,15199.0,14743.5,15133.3,16359
2020-01-15 00:00:00+05:30,15130.2,15250.0,14802.0,14959.7,12863
2020-01-16 00:00:00+05:30,15040.0,15079.1,14802.0,14825.2,14103
2020-01-17 00:00:00+05:30,14915.0,15450.0,14858.7,15387.2,33609
2020-01-20 00:00:00+05:30,15480.0,15550.0,14920.0,14970.3,17559
2020-01-21 00:00:00+05:30,14930.0,15130.0,14890.0,14935.5,14888
2020-01-22 00:00:00+05:30,14980.0,15087.8,14601.0,14662.5,15276
2020-01-23 00:00:00+05:30,14709.0,15200.0,14652.0,14973.8,21615
2020-01-24 00:00:00+05:30,15049.9,15242.0,14926.7,15022.5,10465
2020-01-27 00:00:00+05:30,14939.9,15098.7,14840.0,14881.8,6658
2020-01-28 00:00:00+05:30,14893.0,15050.0,14650.2,14689.5,19596
2020-01-29 00:00:00+05:30,14690.0,14887.0,14665.5,14737.5,14115
2020-01-30 00:00:00+05:30,14667.0,14700.0,14155.0,14240.0,29296
2020-01-31 00:00:00+05:30,14349.9,14350.0,13840.0,13885.7,24677
2020-02-01 00:00:00+05:30,13875.0,14300.0,13565.8,13630.7,16334
2020-02-03 00:00:00+05:30,13600.0,13897.0,13502.8,13619.5,13218
2020-02-04 00:00:00+05:30,13720.0,14100.0,13651.0,14013.2,16428
2020-02-05 00:00:00+05:30,14125.0,14440.0,13555.0,13793.7,73277
2020-02-06 00:00:00+05:30,13879.0,14198.8,13822.5,14111.2,21721
2020-02-07 00:00:00+05:30,14199.2,14250.0,13912.7,14194.0,20872
2020-02-10 00:00:00+05:30,14194.0,14214.7,13975.0,14082.7,8908
2020-02-11 00:00:00+05:30,14180.0,14255.0,14105.0,14199.5,14836
2020-02-12 00:00:00+05:30,14259.0,14442.1,14111.0,14379.5,12694
2020-02-13 00:00:00+05:30,14379.5,14724.0,14258.8,14683.0,15744
2020-02-14 00:00:00+05:30,14701.0,14770.0,14530.0,14615.1,12034
2020-02-17 00:00:00+05:30,14600.0,14950.0,14600.0,14870.5,14321
2020-02-18 00:00:00+05:30,14870.6,14899.0,14435.0,14552.9,20019
2020-02-19 00:00:00+05:30,14680.0,14777.7,14400.0,14621.8,10379
2020-02-20 00:00:00+05:30,14512.0,14649.8,14431.2,14553.0,13302
2020-02-24 00:00:00+05:30,14434.6,14540.5,14001.0,14059.5,11390
2020-02-25 00:00:00+05:30,14100.0,14100.0,13770.0,13796.8,8883
2020-02-26 00:00:00+05:30,13750.0,13834.8,13222.0,13290.7,14261
2020-02-27 00:00:00+05:30,13280.0,13289.0,12818.0,13169.1,23014
2020-02-28 00:00:00+05:30,12774.0,12863.1,12010.0,12128.5,35280
2020-03-02 00:00:00+05:30,12370.6,12798.0,12309.7,12448.9,34896
2020-03-03 00:00:00+05:30,12620.0,13292.3,12620.0,13155.6,37746
2020-03-04 00:00:00+05:30,13237.5,13690.0,12912.3,13470.9,39121
2020-03-05 00:00:00+05:30,13401.0,13609.2,13050.0,13126.2,21125
2020-03-06 00:00:00+05:30,12750.0,13068.9,12352.0,12979.4,27391
2020-03-09 00:00:00+05:30,12750.0,12809.6,12103.0,12201.7,28079
2020-03-11 00:00:00+05:30,12200.0,12518.7,12011.7,12408.3,29903
2020-03-12 00:00:00+05:30,12199.0,12485.0,11220.0,11309.5,56604
2020-03-13 00:00:00+05:30,10601.0,11871.2,9700.0,11508.2,37443
2020-03-16 00:00:00+05:30,11279.8,11440.0,11005.2,11069.6,24474
2020-03-17 00:00:00+05:30,11085.1,11390.2,10310.0,10469.8,22858
2020-03-18 00:00:00+05:30,10600.0,10679.0,10075.0,10174.6,21181
2020-03-19 00:00:00+05:30,9845.0,10114.5,9279.2,9554.6,33440
2020-03-20 00:00:00+05:30,9579.95,9849.0,9200.05,9632.5,33696
2020-03-23 00:00:00+05:30,9151.0,9162.2,8187.65,8411.85,28935
2020-03-24 00:00:00+05:30,8327.75,9014.9,7850.0,8357.45,35443
2020-03-25 00:00:00+05:30,8160.0,9600.0,8060.0,9212.1,25034
2020-03-26 00:00:00+05:30,9288.15,10089.0,9006.95,9866.75,25108
2020-03-27 00:00:00+05:30,10853.4,11346.8,9800.0,9931.5,56943
2020-03-30 00:00:00+05:30,9999.95,9999.95,9000.0,9283.65,24146
2020-03-31 00:00:00+05:30,9301.2,9500.0,9012.5,9395.55,24603
2020-04-01 00:00:00+05:30,9399.0,9750.0,9070.6,9235.8,57719
2020-04-03 00:00:00+05:30,9150.0,9157.6,8710.0,8816.65,34591
2020-04-07 00:00:00+05:30,9020.5,9365.1,8900.0,9258.8,28486
2020-04-08 00:00:00+05:30,9019.6,9709.85,8978.15,9609.2,29889
2020-04-09 00:00:00+05:30,9760.0,10295.0,9694.95,10205.6,23791
2020-04-13 00:00:00+05:30,10300.0,10300.0,9845.0,10025.3,16241
2020-04-15 00:00:00+05:30,10060.2,10900.0,10060.2,10524.5,55034
2020-04-16 00:00:00+05:30,10500.0,10674.0,10117.4,10380.2,34921
2020-04-17 00:00:00+05:30,10799.8,10799.8,10353.0,10740.0,28346
2020-04-20 00:00:00+05:30,10800.0,11100.0,10499.0,10664.1,35034
2020-04-21 00:00:00+05:30,10355.0,10442.9,9900.0,10006.8,24156
2020-04-22 00:00:00+05:30,9800.0,10520.0,9800.0,10414.1,36578
2020-04-23 00:00:00+05:30,10495.0,10828.5,10460.3,10600.8,25489
2020-04-24 00:00:00+05:30,10470.0,10500.0,10100.0,10212.5,22577
2020-04-27 00:00:00+05:30,10399.9,10590.0,10050.0,10114.7,29015
2020-04-28 00:00:00+05:30,10260.0,10400.0,9910.1,9982.1,42651
2020-04-29 00:00:00+05:30,10150.0,10160.0,9960.0,10024.0,31297
2020-04-30 00:00:00+05:30,10199.0,10760.1,10113.5,10612.5,71220
2020-05-04 00:00:00+05:30,10255.0,10300.2,9885.0,9925.6,37610
2020-05-05 00:00:00+05:30,10168.0,10185.0,9850.0,9916.4,23771
2020-05-06 00:00:00+05:30,9980.0,10090.0,9722.2,9863.6,24152
2020-05-07 00:00:00+05:30,9860.0,10075.0,9799.0,9895.25,20333
2020-05-08 00:00:00+05:30,10100.0,10100.0,9750.1,9792.15,34107
2020-05-11 00:00:00+05:30,9868.0,9990.0,9801.65,9861.5,26023
2020-05-12 00:00:00+05:30,9825.0,9861.0,9652.55,9767.4,35394
2020-05-13 00:00:00+05:30,10001.0,10028.9,9632.0,9791.3,51558
2020-05-14 00:00:00+05:30,9740.0,9850.0,9454.05,9516.65,35712
2020-05-15 00:00:00+05:30,9550.05,9650.0,9385.05,9583.15,40890
2020-05-18 00:00:00+05:30,9640.0,9690.0,9030.0,9070.35,40942
2020-05-19 00:00:00+05:30,9118.1,9361.25,9072.05,9149.25,24817
2020-05-20 00:00:00+05:30,9199.0,9338.4,9098.0,9264.3,24356
2020-05-21 00:00:00+05:30,9280.0,9450.0,9200.0,9346.7,29393
2020-05-22 00:00:00+05:30,9339.0,9600.0,9230.0,9520.3,102227
2020-05-26 00:00:00+05:30,9570.0,9572.05,9250.05,9391.85,40025
2020-05-27 00:00:00+05:30,9395.05,9499.0,9251.2,9431.3,28681
2020-05-28 00:00:00+05:30,9467.0,9950.0,9410.65,9872.1,59908
2020-05-29 00:00:00+05:30,9762.0,9800.0,9472.0,9721.15,211975
2020-06-01 00:00:00+05:30,9800.0,10384.8,9800.0,10309.2,68856
2020-06-02 00:00:00+05:30,10390.0,10690.0,10255.0,10499.3,58406
2020-06-03 00:00:00+05:30,10649.0,11159.0,10550.0,11043.3,86297
2020-06-04 00:00:00+05:30,11043.3,11340.0,10807.0,10957.7,94397
2020-06-05 00:00:00+05:30,11100.0,11644.0,10949.8,11487.9,75829
2020-06-08 00:00:00+05:30,11601.5,11850.0,11151.7,11353.5,93870
2020-06-09 00:00:00+05:30,11353.5,11528.2,11121.2,11189.3,52191
2020-06-10 00:00:00+05:30,11180.8,11189.3,10733.5,10806.1,58612
2020-06-11 00:00:00+05:30,10810.0,11017.0,10650.0,10783.0,42240
2020-06-12 00:00:00+05:30,10200.0,10969.0,10200.0,10913.3,34859
2020-06-15 00:00:00+05:30,10880.0,10989.7,10565.2,10649.3,30417
2020-06-16 00:00:00+05:30,10800.0,10979.4,10450.0,10566.1,32772
2020-06-17 00:00:00+05:30,10550.0,10723.0,10414.7,10572.3,24994
2020-06-18 00:00:00+05:30,10500.0,10680.5,10480.0,10607.5,27624
2020-06-19 00:00:00+05:30,10680.0,11074.9,10600.0,10949.1,58972
2020-06-22 00:00:00+05:30,11079.0,11491.0,11031.0,11338.7,48288
2020-06-23 00:00:00+05:30,11384.0,11482.5,11192.0,11336.8,40342
2020-06-24 00:00:00+05:30,11398.5,11584.0,11259.1,11401.3,40167
2020-06-25 00:00:00+05:30,11339.0,11508.0,11230.0,11447.0,35402
2020-06-26 00:00:00+05:30,11488.0,11574.5,11118.0,11213.5,39854
2020-06-29 00:00:00+05:30,11196.2,11200.0,10909.0,10954.5,35590
2020-06-30 00:00:00+05:30,11021.2,11580.0,10950.0,11418.1,66211
2020-07-01 00:00:00+05:30,11425.0,11450.0,11150.0,11289.5,31749
2020-07-02 00:00:00+05:30,11340.0,11995.0,11329.8,11914.7,72622
2020-07-03 00:00:00+05:30,11901.0,12073.3,11649.0,11777.0,47869
2020-07-06 00:00:00+05:30,11849.9,12128.0,11780.0,12037.3,47140
2020-07-07 00:00:00+05:30,12173.7,13794.0,12050.0,13481.2,248803
2020-07-08 00:00:00+05:30,13490.0,13790.0,12979.3,13528.1,213525
2020-07-09 00:00:00+05:30,13600.0,13738.7,13284.3,13411.1,77152
2020-07-10 00:00:00+05:30,13397.0,13599.0,13251.7,13332.2,41548
2020-07-13 00:00:00+05:30,13498.0,13960.0,13335.0,13858.9,61390
2020-07-14 00:00:00+05:30,13715.0,13864.8,13101.0,13246.2,64206
2020-07-15 00:00:00+05:30,13398.6,13563.0,12900.0,12995.3,63992
2020-07-16 00:00:00+05:30,13170.0,13221.8,12685.0,12811.4,59446
2020-07-17 00:00:00+05:30,13001.0,13550.0,13001.0,13187.8,109427
2020-07-20 00:00:00+05:30,13450.0,13450.0,13135.0,13256.2,40027
2020-07-21 00:00:00+05:30,13320.1,13440.0,13028.2,13162.5,47985
2020-07-22 00:00:00+05:30,13300.0,13498.0,13050.0,13264.7,47894
2020-07-23 00:00:00+05:30,13290.0,13540.0,13163.0,13331.0,40613
2020-07-24 00:00:00+05:30,13328.0,13380.0,13115.0,13199.3,28090
2020-07-27 00:00:00+05:30,13249.0,13351.7,12792.3,12910.7,31452
2020-07-28 00:00:00+05:30,13040.0,13269.8,13013.5,13203.5,26471
2020-07-29 00:00:00+05:30,13177.5,13350.0,13098.3,13173.8,18308
2020-07-30 00:00:00+05:30,13199.9,13427.8,12890.0,12983.8,39964
2020-07-31 00:00:00+05:30,13076.5,13199.0,12955.3,13078.7,16982
2020-08-03 00:00:00+05:30,13078.7,13245.1,12748.8,12794.1,31958
2020-08-04 00:00:00+05:30,12945.0,13045.0,12721.0,12767.9,29891
2020-08-05 00:00:00+05:30,12867.9,12985.7,12700.8,12852.1,23894
2020-08-06 00:00:00+05:30,12969.0,13250.0,12807.2,13065.7,53334
2020-08-07 00:00:00+05:30,13050.0,13790.0,13050.0,13657.7,116365
2020-08-10 00:00:00+05:30,13655.0,13889.8,13503.5,13592.0,44968
2020-08-11 00:00:00+05:30,13719.5,13814.8,13112.0,13262.5,88883
2020-08-12 00:00:00+05:30,13250.0,14485.0,12953.2,14327.5,209343
2020-08-13 00:00:00+05:30,14300.0,14725.8,14078.3,14397.0,107444
2020-08-14 00:00:00+05:30,14399.9,14399.9,13642.7,13705.2,85542
2020-08-17 00:00:00+05:30,13800.0,13993.8,13475.0,13895.1,61158
2020-08-18 00:00:00+05:30,13961.0,14140.0,13733.8,13814.9,60135
2020-08-19 00:00:00+05:30,13948.9,13990.0,13581.0,13615.9,55444
2020-08-20 00:00:00+05:30,13590.0,13859.3,13501.0,13758.1,33183
2020-08-21 00:00:00+05:30,13849.0,14380.0,13751.5,14196.8,85026
2020-08-24 00:00:00+05:30,14299.0,14485.0,14140.8,14197.2,52366
2020-08-25 00:00:00+05:30,14299.9,14540.0,14181.0,14254.5,43362
2020-08-26 00:00:00+05:30,14325.0,14425.0,14191.0,14295.5,35309
2020-08-27 00:00:00+05:30,14430.0,14430.0,14083.8,14145.8,30525
2020-08-28 00:00:00+05:30,14200.0,14300.0,13951.0,14007.7,30109
2020-08-31 00:00:00+05:30,14140.0,14214.0,12715.0,12814.0,133778
2020-09-01 00:00:00+05:30,13100.0,13185.9,12251.0,12392.5,94365
2020-09-02 00:00:00+05:30,12400.0,13060.0,12400.0,12953.5,89002
2020-09-03 00:00:00+05:30,12997.0,13254.0,12725.0,13064.2,72433
2020-09-07 00:00:00+05:30,12970.0,13142.2,12641.1,13065.7,61989
2020-09-08 00:00:00+05:30,13060.0,13130.0,12710.0,12774.5,58805
2020-09-09 00:00:00+05:30,12774.5,12844.0,12570.0,12778.1,42771
2020-09-10 00:00:00+05:30,12829.9,13024.2,12716.0,12951.2,54847
2020-09-11 00:00:00+05:30,12916.8,13040.0,12767.0,12872.2,34008
2020-09-14 00:00:00+05:30,12970.0,13298.0,12759.8,12853.5,76633
2020-09-15 00:00:00+05:30,12898.0,13141.7,12829.8,13081.5,49684
2020-09-16 00:00:00+05:30,13040.0,13274.8,12930.5,13137.3,72399
2020-09-17 00:00:00+05:30,13080.0,13080.0,12765.2,12963.2,96566
2020-09-18 00:00:00+05:30,13050.0,13226.0,12808.8,13070.6,89575
2020-09-21 00:00:00+05:30,13080.0,13115.0,12750.0,12925.6,87236
2020-09-22 00:00:00+05:30,12840.5,12895.0,12121.2,12395.6,106829
2020-09-23 00:00:00+05:30,12450.0,12800.0,12250.1,12749.5,103685
2020-09-24 00:00:00+05:30,12511.0,12680.0,12111.2,12390.5,97035
2020-09-25 00:00:00+05:30,12580.0,13000.0,12440.0,12930.0,100854
2020-09-28 00:00:00+05:30,13099.0,13682.0,12931.3,13490.8,90572
2020-09-29 00:00:00+05:30,13515.1,13830.0,13416.0,13645.7,72355
2020-09-30 00:00:00+05:30,13645.7,13880.5,13513.5,13730.0,73855
2020-10-01 00:00:00+05:30,13760.3,14045.5,13460.8,13551.5,39876
2020-10-05 00:00:00+05:30,13660.0,13807.5,13363.0,13400.2,30511
2020-10-06 00:00:00+05:30,13537.0,13632.0,13212.8,13291.8,76880
2020-10-07 00:00:00+05:30,13345.0,13437.5,13167.0,13222.5,30601
2020-10-08 00:00:00+05:30,13311.0,13311.0,12780.0,12841.7,42919
2020-10-09 00:00:00+05:30,12920.0,13014.3,12650.5,12737.8,33005
2020-10-12 00:00:00+05:30,12738.0,12819.5,12491.0,12529.1,37951
2020-10-13 00:00:00+05:30,12576.5,12600.0,12061.8,12159.2,45049
2020-10-14 00:00:00+05:30,12159.9,12392.2,12005.5,12075.5,62664
2020-10-15 00:00:00+05:30,12125.0,12232.0,11800.0,11856.5,51324
2020-10-16 00:00:00+05:30,11955.0,12075.1,11760.0,11959.1,38590
2020-10-19 00:00:00+05:30,12000.0,12170.9,11790.0,11903.7,33701
2020-10-20 00:00:00+05:30,11903.8,11998.0,11755.0,11895.5,28573
2020-10-21 00:00:00+05:30,11955.0,12069.5,11654.4,11748.6,50224
2020-10-22 00:00:00+05:30,11792.7,11866.5,11710.2,11811.7,22523
2020-10-23 00:00:00+05:30,11900.0,12264.8,11802.0,12212.7,50389
2020-10-26 00:00:00+05:30,12244.0,12279.8,11732.5,11841.3,50034
2020-10-27 00:00:00+05:30,11869.0,12199.8,11661.5,11942.8,54636
2020-10-28 00:00:00+05:30,11875.0,12038.2,11642.8,11806.6,52643
2020-10-29 00:00:00+05:30,11715.0,11886.0,11631.0,11776.7,33533
2020-10-30 00:00:00+05:30,11790.0,11984.5,11567.5,11610.2,40856
2020-11-02 00:00:00+05:30,11680.0,11741.0,11431.0,11569.8,38084
2020-11-03 00:00:00+05:30,11682.5,12072.7,11550.0,11820.8,59568
2020-11-04 00:00:00+05:30,11870.0,11963.1,11739.8,11803.0,31121
2020-11-05 00:00:00+05:30,11852.0,12039.7,11780.0,12003.5,43860
2020-11-06 00:00:00+05:30,12098.0,12514.3,11600.0,11862.8,103282
2020-11-09 00:00:00+05:30,11939.0,11939.0,11618.5,11699.0,76944
2020-11-10 00:00:00+05:30,11810.0,12050.0,11725.0,12000.1,51522
2020-11-11 00:00:00+05:30,11899.9,12448.0,11745.5,12238.8,84766
2020-11-12 00:00:00+05:30,12240.0,12281.2,11830.0,11895.2,61962
2020-11-13 00:00:00+05:30,11975.0,11975.0,11680.0,11738.3,60754
2020-11-17 00:00:00+05:30,11968.0,11968.1,11585.0,11621.2,85398
2020-11-18 00:00:00+05:30,11666.0,11690.0,11265.0,11501.8,134113
2020-11-19 00:00:00+05:30,11547.0,11980.0,11442.0,11927.5,129425
2020-11-20 00:00:00+05:30,11900.0,12020.0,11758.5,11913.2,66468
2020-11-23 00:00:00+05:30,11975.0,11990.0,11732.0,11819.5,67710
2020-11-24 00:00:00+05:30,11850.0,13300.0,11800.0,12980.0,411535
2020-11-25 00:00:00+05:30,13200.0,13783.3,12631.8,12925.8,443533
2020-11-26 00:00:00+05:30,12716.0,13356.0,12540.0,12776.5,407884
2020-11-27 00:00:00+05:30,12875.0,13147.7,12520.0,12816.1,811403
2020-12-01 00:00:00+05:30,12849.5,13322.0,12650.0,13256.0,186863
2020-12-02 00:00:00+05:30,13379.2,13379.2,13100.0,13300.9,138798
2020-12-03 00:00:00+05:30,13300.9,13350.0,12950.0,13006.7,214721
2020-12-04 00:00:00+05:30,13000.0,13459.0,12968.8,13119.7,239535
2020-12-07 00:00:00+05:30,13177.0,13550.0,13065.7,13436.4,218997
2020-12-08 00:00:00+05:30,13450.0,13536.5,13200.0,13246.3,157904
2020-12-09 00:00:00+05:30,13300.0,13646.3,13250.0,13509.3,162516
2020-12-10 00:00:00+05:30,13411.1,13460.0,13127.7,13208.2,118375
2020-12-11 00:00:00+05:30,13280.0,13401.0,13050.0,13163.1,111843
2020-12-14 00:00:00+05:30,13279.0,13281.0,13060.0,13189.5,71210
2020-12-15 00:00:00+05:30,13190.5,13290.0,13099.0,13237.0,58737
2020-12-16 00:00:00+05:30,13290.0,13560.0,13255.0,13324.2,108504
2020-12-17 00:00:00+05:30,13350.0,13450.0,13300.0,13353.5,49405
2020-12-18 00:00:00+05:30,13375.0,13444.7,13150.0,13203.2,64307
2020-12-21 00:00:00+05:30,13257.2,13294.0,11910.0,12448.7,112236
2020-12-22 00:00:00+05:30,12448.7,12690.0,12070.0,12621.8,106445
2020-12-23 00:00:00+05:30,12640.0,12730.0,12529.0,12646.5,55199
2020-12-24 00:00:00+05:30,12730.0,12904.0,12646.5,12686.3,46405
2020-12-28 00:00:00+05:30,12808.0,12890.6,12750.0,12840.7,33089
2020-12-29 00:00:00+05:30,12890.0,12957.5,12719.8,12834.0,47126
2020-12-30 00:00:00+05:30,12875.0,12950.0,12667.0,12818.5,50884
2020-12-31 00:00:00+05:30,12774.9,12925.0,12467.0,12785.4,44393
2021-01-01 00:00:00+05:30,12813.0,13095.0,12780.0,12986.0,40771
2021-01-04 00:00:00+05:30,13030.2,13373.2,13018.3,13334.3,66151
2021-01-05 00:00:00+05:30,13250.0,13506.6,13124.5,13400.1,66024
2021-01-06 00:00:00+05:30,13400.0,13620.0,13173.3,13302.9,65687
2021-01-07 00:00:00+05:30,13422.0,13999.0,13300.0,13863.7,142975
2021-01-08 00:00:00+05:30,14000.0,14181.8,13801.0,13856.5,91160
2021-01-11 00:00:00+05:30,13930.0,14080.0,13667.6,13919.7,47331
2021-01-12 00:00:00+05:30,13875.2,14949.5,13822.9,14649.3,196101
2021-01-13 00:00:00+05:30,14702.0,15348.0,14525.0,14750.0,191851
2021-01-14 00:00:00+05:30,14839.0,15081.8,14734.7,14790.7,72675
2021-01-15 00:00:00+05:30,14800.0,14990.0,14464.2,14765.2,68211
2021-01-18 00:00:00+05:30,14760.0,14760.0,14413.0,14520.0,80519
2021-01-19 00:00:00+05:30,14650.0,15250.0,14650.0,15182.5,71780
2021-01-20 00:00:00+05:30,15164.7,15956.0,15080.5,15882.1,174177
2021-01-21 00:00:00+05:30,15910.0,16200.0,15665.8,15806.2,103497
2021-01-22 00:00:00+05:30,15848.9,16550.0,15560.0,15670.7,131250
2021-01-25 00:00:00+05:30,15844.0,16027.6,15325.8,15876.4,88885
2021-01-27 00:00:00+05:30,15900.0,15900.0,15415.0,15542.5,61519
2021-01-28 00:00:00+05:30,15450.5,15946.9,15376.5,15772.2,75365
2021-01-29 00:00:00+05:30,15884.7,16071.2,15250.0,15327.5,68763
2021-02-01 00:00:00+05:30,15524.0,16444.0,15256.0,16190.7,90041
2021-02-02 00:00:00+05:30,16269.0,16699.5,16150.0,16531.2,64392
2021-02-03 00:00:00+05:30,16600.0,16780.0,16442.6,16551.1,54263
2021-02-04 00:00:00+05:30,16525.0,16830.1,16257.2,16415.0,52000
2021-02-05 00:00:00+05:30,16449.0,16589.9,16051.8,16176.2,59788
2021-02-08 00:00:00+05:30,16280.0,16799.0,16124.9,16679.3,84220
2021-02-09 00:00:00+05:30,16677.7,16772.0,16200.0,16323.8,47096
2021-02-10 00:00:00+05:30,16400.0,16466.1,16074.8,16284.0,64238
2021-02-11 00:00:00+05:30,16340.0,16580.0,15931.8,16222.6,113209
2021-02-12 00:00:00+05:30,16180.0,16199.7,15520.2,15615.3,129870
2021-02-15 00:00:00+05:30,15774.0,16029.6,15640.0,15704.6,63979
2021-02-16 00:00:00+05:30,15799.5,15849.9,15330.0,15600.0,58454
2021-02-17 00:00:00+05:30,15644.2,15885.0,15437.7,15777.1,46931
2021-02-18 00:00:00+05:30,15793.0,15960.0,15715.8,15825.0,62225
2021-02-19 00:00:00+05:30,15751.0,15999.0,15501.1,15581.5,54000
2021-02-22 00:00:00+05:30,15639.8,15639.8,14817.0,14928.6,82310
2021-02-23 00:00:00+05:30,14940.0,15098.0,14652.2,14742.6,56613
2021-02-24 00:00:00+05:30,15020.0,15555.0,14767.9,14950.0,71406
2021-02-25 00:00:00+05:30,15080.0,15287.0,14920.0,15065.0,86182
2021-02-26 00:00:00+05:30,14900.0,15039.5,14353.6,14854.9,59299
2021-03-01 00:00:00+05:30,15000.0,15345.0,14905.0,15228.2,53095
2021-03-02 00:00:00+05:30,15250.0,15500.0,15200.0,15449.9,39277
2021-03-03 00:00:00+05:30,15639.0,15639.0,15190.4,15246.5,39693
2021-03-04 00:00:00+05:30,15600.0,15600.0,15140.0,15239.5,76916
2021-03-05 00:00:00+05:30,15230.0,15287.6,14862.9,14905.0,48228
2021-03-08 00:00:00+05:30,14975.0,15125.0,14830.0,14962.2,39756
2021-03-09 00:00:00+05:30,15098.0,15206.1,14900.1,14998.5,31338
2021-03-10 00:00:00+05:30,15149.0,15149.0,14943.2,14997.1,21778
2021-03-12 00:00:00+05:30,14957.1,15117.5,14801.6,14893.2,28333
2021-03-15 00:00:00+05:30,14889.9,15027.0,14625.8,14989.8,28842
2021-03-16 00:00:00+05:30,15044.0,15062.8,14701.0,14818.5,29397
2021-03-17 00:00:00+05:30,14818.5,14993.2,14540.0,14623.8,28292
2021-03-18 00:00:00+05:30,14845.0,14845.0,14152.7,14218.5,35766
2021-03-19 00:00:00+05:30,14218.0,14589.6,13825.0,14527.5,60768
2021-03-22 00:00:00+05:30,14527.5,14550.0,14284.8,14349.8,22284
2021-03-23 00:00:00+05:30,14365.0,14440.0,14242.6,14321.1,40398
2021-03-24 00:00:00+05:30,14178.0,14337.8,13970.5,14016.8,25006
2021-03-25 00:00:00+05:30,13950.0,14000.0,13590.0,13688.0,40452
2021-03-26 00:00:00+05:30,13800.0,13898.2,13619.9,13754.7,31434
2021-03-30 00:00:00+05:30,13889.8,14371.8,13766.0,14225.1,55168
2021-03-31 00:00:00+05:30,14239.8,14349.0,14030.0,14040.0,21979
2021-04-01 00:00:00+05:30,14245.0,14405.0,14033.2,14300.0,56286
2021-04-05 00:00:00+05:30,14178.9,14178.9,13815.0,14035.7,24372
2021-04-06 00:00:00+05:30,14015.0,14337.7,13901.0,14127.2,39008
2021-04-07 00:00:00+05:30,14101.2,14750.0,14026.0,14564.8,53724
2021-04-08 00:00:00+05:30,14575.0,14847.8,14560.1,14710.2,38694
2021-04-09 00:00:00+05:30,14698.8,14819.9,14390.0,14490.7,28018
2021-04-12 00:00:00+05:30,14085.0,14380.0,13620.5,13682.0,47140
2021-04-13 00:00:00+05:30,13625.0,14039.5,13447.1,13888.0,58285
2021-04-15 00:00:00+05:30,13859.0,13866.7,13575.0,13647.6,43045
2021-04-16 00:00:00+05:30,13700.0,13889.4,13647.6,13856.0,27037
2021-04-19 00:00:00+05:30,13550.0,13617.0,13354.2,13513.0,25051
2021-04-20 00:00:00+05:30,13550.0,13689.8,13304.0,13416.8,23983
2021-04-22 00:00:00+05:30,13418.0,13575.0,13303.3,13510.3,17028
2021-04-23 00:00:00+05:30,13380.0,13619.1,13376.0,13538.7,20111
2021-04-26 00:00:00+05:30,13610.0,13735.0,13471.5,13496.7,16983
2021-04-27 00:00:00+05:30,13475.0,13725.6,13450.0,13561.8,35759
2021-04-28 00:00:00+05:30,13560.0,13899.7,13560.0,13833.0,27858
2021-04-29 00:00:00+05:30,13829.3,13966.8,13513.7,13568.0,23369
2021-04-30 00:00:00+05:30,13475.0,13630.0,13460.0,13509.0,15105
2021-05-03 00:00:00+05:30,13230.0,13554.5,13230.0,13515.5,24129
2021-05-04 00:00:00+05:30,13589.0,13678.0,13285.0,13323.2,26465
2021-05-05 00:00:00+05:30,13225.0,13434.2,13225.0,13343.5,17411
2021-05-06 00:00:00+05:30,13316.0,13647.0,13316.0,13616.7,19525
2021-05-07 00:00:00+05:30,13651.0,13672.0,13480.0,13632.4,17884
2021-05-10 00:00:00+05:30,13600.0,13880.0,13544.3,13848.2,39330
2021-05-11 00:00:00+05:30,13789.0,14388.5,13740.0,14204.6,45440
2021-05-12 00:00:00+05:30,14200.0,14380.0,13960.2,14294.6,24301
2021-05-14 00:00:00+05:30,14324.8,14367.6,13690.0,13772.0,31636
2021-05-17 00:00:00+05:30,13880.0,14250.0,13722.8,14218.8,34229
2021-05-18 00:00:00+05:30,14317.0,14520.0,14117.2,14450.5,47044
2021-05-19 00:00:00+05:30,14437.0,14835.0,14357.0,14780.5,63147
2021-05-20 00:00:00+05:30,14770.0,16250.0,14550.2,15845.8,534185
2021-05-21 00:00:00+05:30,15841.0,15841.0,15053.0,15288.2,256248
2021-05-24 00:00:00+05:30,15380.0,15570.4,15150.0,15193.3,83401
2021-05-25 00:00:00+05:30,15259.0,15349.9,14977.5,15030.3,62406
2021-05-26 00:00:00+05:30,15170.0,15247.7,14855.0,14882.3,41159
2021-05-27 00:00:00+05:30,14945.0,15211.2,14840.0,15067.9,63587
2021-05-28 00:00:00+05:30,15100.0,15189.9,15002.7,15100.0,20101
2021-05-31 00:00:00+05:30,15133.0,15440.0,15005.1,15256.5,46230
2021-06-01 00:00:00+05:30,15270.0,15375.0,15080.5,15108.5,19958
2021-06-02 00:00:00+05:30,15120.0,15339.0,15120.0,15302.8,22006
2021-06-03 00:00:00+05:30,15318.3,15690.9,15301.0,15552.0,65749
2021-06-04 00:00:00+05:30,15574.0,15733.2,15515.1,15636.8,37462
2021-06-07 00:00:00+05:30,15798.7,15870.0,15570.0,15649.2,31268
2021-06-08 00:00:00+05:30,15691.0,16029.0,15686.7,15908.4,48296
2021-06-09 00:00:00+05:30,15951.2,16200.0,15650.0,15827.5,53371
2021-06-10 00:00:00+05:30,15929.9,16005.0,15632.0,15786.6,44885
2021-06-11 00:00:00+05:30,15940.0,16029.1,15811.2,15919.2,34550
2021-06-14 00:00:00+05:30,15950.0,15981.0,15554.3,15914.6,33989
2021-06-15 00:00:00+05:30,15999.0,16070.0,15371.2,15859.6,17660
2021-06-16 00:00:00+05:30,15898.8,15942.5,15728.3,15831.2,22201
2021-06-17 00:00:00+05:30,15750.0,15767.2,15375.0,15399.8,40980
2021-06-18 00:00:00+05:30,15450.0,15545.0,15089.0,15211.3,55015
2021-06-21 00:00:00+05:30,15099.0,15125.0,14950.0,15096.8,48490
2021-06-22 00:00:00+05:30,15185.0,15287.4,15079.5,15128.6,19879
2021-06-23 00:00:00+05:30,15220.0,15267.4,15011.4,15064.5,43264
2021-06-24 00:00:00+05:30,15076.0,15169.9,14911.0,14950.0,26805
2021-06-25 00:00:00+05:30,14994.8,15147.6,14971.0,15076.6,28461
2021-06-28 00:00:00+05:30,15180.0,15186.0,15070.0,15152.3,19685
2021-06-29 00:00:00+05:30,15200.0,15250.0,14970.0,15025.6,30940
2021-06-30 00:00:00+05:30,15070.7,15151.2,14941.0,15025.2,30458
2021-07-01 00:00:00+05:30,15100.0,15243.5,14980.7,15187.6,17643
2021-07-02 00:00:00+05:30,15264.0,15395.0,15143.3,15357.8,37436
2021-07-05 00:00:00+05:30,15400.1,16179.8,15375.0,15716.3,147140
2021-07-06 00:00:00+05:30,15715.5,15764.9,15319.6,15378.7,45129
2021-07-07 00:00:00+05:30,15519.0,15609.9,15380.0,15498.3,55594
2021-07-08 00:00:00+05:30,15555.0,15600.0,15180.4,15273.3,32616
2021-07-09 00:00:00+05:30,15323.0,15400.0,15115.2,15299.0,88381
2021-07-12 00:00:00+05:30,15374.7,15497.0,15180.0,15219.8,34430
2021-07-13 00:00:00+05:30,15370.0,15534.0,15122.5,15238.3,64895
2021-07-14 00:00:00+05:30,15294.0,15400.0,15220.0,15371.2,29259
2021-07-15 00:00:00+05:30,15449.0,15500.0,15291.0,15336.9,25926
2021-07-16 00:00:00+05:30,15375.0,15420.0,15250.0,15288.0,24863
2021-07-19 00:00:00+05:30,15250.0,15298.6,15108.2,15218.5,22639
2021-07-20 00:00:00+05:30,15218.5,15252.4,15000.0,15046.2,18818
2021-07-22 00:00:00+05:30,15150.0,15280.0,15052.5,15137.3,29326
2021-07-23 00:00:00+05:30,15182.7,15192.2,15040.0,15055.3,16765
2021-07-26 00:00:00+05:30,15080.0,15097.7,14969.3,14981.3,14208
2021-07-27 00:00:00+05:30,15033.8,15180.0,14953.5,15038.8,19346
2021-07-28 00:00:00+05:30,15022.0,15175.0,14900.0,15012.0,18394
2021-07-29 00:00:00+05:30,15046.4,15115.0,14816.8,14933.3,25116
2021-07-30 00:00:00+05:30,14957.2,15325.0,14839.2,14968.2,47095
2021-08-02 00:00:00+05:30,15073.0,15347.0,15005.1,15300.1,43686
2021-08-03 00:00:00+05:30,15300.1,15380.5,15184.0,15238.8,36212
2021-08-04 00:00:00+05:30,15350.0,15788.0,15042.8,15455.9,201351
2021-08-05 00:00:00+05:30,15240.0,15240.0,14674.2,14876.8,129925
2021-08-06 00:00:00+05:30,14876.0,15035.0,14841.9,14901.3,39646
2021-08-09 00:00:00+05:30,14875.0,14999.0,14666.9,14711.0,29425
2021-08-10 00:00:00+05:30,14740.4,14795.0,14328.6,14443.6,31050
2021-08-11 00:00:00+05:30,14311.0,14496.3,14140.0,14310.8,51436
2021-08-12 00:00:00+05:30,14313.0,14499.2,14274.0,14307.0,22560
2021-08-13 00:00:00+05:30,14328.4,14737.5,14315.3,14436.8,43632
2021-08-16 00:00:00+05:30,14450.0,14699.0,14151.0,14206.2,36817
2021-08-17 00:00:00+05:30,14210.1,14270.8,13950.0,13994.7,49220
2021-08-18 00:00:00+05:30,14068.4,14199.0,13935.0,13978.2,21023
2021-08-20 00:00:00+05:30,13950.0,13950.0,13630.0,13676.3,33217
2021-08-23 00:00:00+05:30,13750.0,13834.2,13412.0,13650.5,31017
2021-08-24 00:00:00+05:30,13650.0,13916.2,13572.0,13884.0,40176
2021-08-25 00:00:00+05:30,13890.0,14075.0,13833.0,13865.8,28155
2021-08-26 00:00:00+05:30,13865.8,13891.3,13600.0,13648.4,22624
2021-08-27 00:00:00+05:30,13660.0,13701.4,13570.0,13642.8,15023
2021-08-30 00:00:00+05:30,13690.0,13870.0,13650.7,13826.0,17752
2021-08-31 00:00:00+05:30,13853.7,13923.0,13814.9,13859.2,21977
2021-09-01 00:00:00+05:30,13899.0,14045.5,13850.0,14011.5,22207
2021-09-02 00:00:00+05:30,14045.0,14214.0,13960.0,14085.6,33332
2021-09-03 00:00:00+05:30,14149.7,14344.0,14109.1,14310.4,37460
2021-09-06 00:00:00+05:30,14400.0,14460.0,14270.0,14287.0,27334
2021-09-07 00:00:00+05:30,14325.0,14471.1,14119.5,14360.6,24389
2021-09-08 00:00:00+05:30,14429.0,14429.0,14190.0,14272.0,18720
2021-09-09 00:00:00+05:30,14200.0,14381.5,14200.0,14328.7,14711
2021-09-13 00:00:00+05:30,14418.0,14590.0,14255.8,14566.1,28821
2021-09-14 00:00:00+05:30,14585.0,14720.0,14500.0,14569.0,24239
2021-09-15 00:00:00+05:30,14569.0,14660.0,14514.6,14580.2,22586
2021-09-16 00:00:00+05:30,14661.3,15599.0,14661.3,15279.6,229057
2021-09-17 00:00:00+05:30,15387.0,15440.5,14961.3,15076.0,74362
2021-09-20 00:00:00+05:30,15060.2,15430.0,14910.1,15154.5,65331
2021-09-21 00:00:00+05:30,15120.0,15275.0,14859.0,15173.9,47581
2021-09-22 00:00:00+05:30,15173.9,15345.0,15150.0,15301.5,37973
2021-09-23 00:00:00+05:30,15342.0,15474.2,15220.0,15369.3,40458
2021-09-24 00:00:00+05:30,15400.0,15439.8,15165.0,15255.3,30453
2021-09-27 00:00:00+05:30,15350.0,15939.9,15280.0,15796.8,104132
2021-09-28 00:00:00+05:30,15845.8,16229.0,15600.0,15735.2,75531
2021-09-29 00:00:00+05:30,15650.0,15934.2,15520.0,15638.2,42636
2021-09-30 00:00:00+05:30,15638.2,15753.2,15400.0,15474.5,26957
2021-10-01 00:00:00+05:30,15426.6,15538.0,15218.0,15447.5,28274
2021-10-04 00:00:00+05:30,15565.0,15649.0,15355.5,15479.1,30173
2021-10-05 00:00:00+05:30,15500.0,15572.0,15400.0,15473.4,23529
2021-10-06 00:00:00+05:30,15545.0,17444.9,15510.3,17277.3,645475
2021-10-07 00:00:00+05:30,17300.0,17674.6,17049.7,17513.4,212870
2021-10-08 00:00:00+05:30,17481.4,17839.3,17301.0,17696.8,81400
2021-10-11 00:00:00+05:30,17765.0,18320.0,17752.4,17789.5,80381
2021-10-12 00:00:00+05:30,17789.5,18288.0,17714.2,18093.6,73119
2021-10-13 00:00:00+05:30,18199.0,18570.0,17836.6,17910.0,71000
2021-10-14 00:00:00+05:30,18070.0,18200.0,17810.1,17863.8,30860
2021-10-18 00:00:00+05:30,17999.8,18112.4,17620.0,17659.7,28231
2021-10-19 00:00:00+05:30,17740.0,17841.2,17185.8,17258.4,38110
2021-10-20 00:00:00+05:30,17260.0,17435.6,17001.9,17145.3,33419
2021-10-21 00:00:00+05:30,17140.0,17242.8,16890.0,17117.8,22924
2021-10-22 00:00:00+05:30,17155.0,17460.0,16827.7,16931.2,24198
2021-10-25 00:00:00+05:30,17000.0,17000.0,16500.0,16609.4,27959
2021-10-26 00:00:00+05:30,16692.0,17079.0,16660.0,17021.8,22206
2021-10-27 00:00:00+05:30,17100.0,17145.3,16850.4,16939.4,16029
2021-10-28 00:00:00+05:30,16919.9,17002.9,16600.0,16712.2,27756
2021-10-29 00:00:00+05:30,16720.0,17040.3,16515.9,16952.3,19471
2021-11-01 00:00:00+05:30,17037.1,17839.7,17019.3,17563.2,93762
2021-11-02 00:00:00+05:30,17575.0,17903.3,17540.0,17745.8,22478
2021-11-03 00:00:00+05:30,17829.0,17888.9,17550.7,17735.2,22112
2021-11-04 00:00:00+05:30,17800.0,17864.8,17707.7,17779.8,3175
2021-11-08 00:00:00+05:30,17787.0,18350.0,17721.1,18245.4,42071
2021-11-09 00:00:00+05:30,18350.0,18889.0,18271.0,18762.0,107274
2021-11-10 00:00:00+05:30,18500.0,19250.0,17905.9,18784.7,291611
2021-11-11 00:00:00+05:30,18699.9,18777.4,18052.0,18249.9,119078
2021-11-12 00:00:00+05:30,18344.5,18700.0,18000.2,18565.8,69916
2021-11-15 00:00:00+05:30,18565.8,18844.9,18200.1,18275.4,53206
2021-11-16 00:00:00+05:30,18250.0,18945.4,18207.1,18617.4,85141
2021-11-17 00:00:00+05:30,18617.4,18955.0,18425.6,18892.2,54984
2021-11-18 00:00:00+05:30,18705.0,18799.9,17609.8,17779.7,143050
2021-11-22 00:00:00+05:30,17800.0,17975.2,16682.2,16934.4,113635
2021-11-23 00:00:00+05:30,16963.3,17600.0,16801.1,17303.8,56937
2021-11-24 00:00:00+05:30,17394.0,17513.8,16900.0,17007.3,36851
2021-11-25 00:00:00+05:30,17058.3,17058.3,16730.2,16870.2,29632
2021-11-26 00:00:00+05:30,16750.0,16750.0,16011.1,16177.4,51884
2021-11-29 00:00:00+05:30,16101.0,16500.0,15692.0,16302.8,66281
2021-11-30 00:00:00+05:30,16200.0,16664.9,16071.0,16168.5,33552
2021-12-01 00:00:00+05:30,16200.0,16396.8,16152.0,16326.5,18165
2021-12-02 00:00:00+05:30,16308.0,16700.0,16219.7,16641.2,39236
2021-12-03 00:00:00+05:30,16682.8,16900.0,16449.5,16500.2,58734
2021-12-06 00:00:00+05:30,16495.0,16549.9,16070.0,16120.1,58479
2021-12-07 00:00:00+05:30,16280.0,16424.2,16210.0,16297.0,17842
2021-12-08 00:00:00+05:30,16333.0,16734.9,16333.0,16694.8,19804
2021-12-09 00:00:00+05:30,16798.9,16799.0,16608.6,16682.9,13292
2021-12-10 00:00:00+05:30,16690.0,16960.9,16630.0,16800.8,15426
2021-12-13 00:00:00+05:30,16884.8,16976.3,16596.3,16741.4,38018
2021-12-14 00:00:00+05:30,16773.8,16913.6,16560.2,16871.8,14190
2021-12-15 00:00:00+05:30,16850.0,16979.0,16620.9,16689.2,38083
2021-12-16 00:00:00+05:30,16786.8,16811.0,16448.1,16493.4,15834
2021-12-17 00:00:00+05:30,16500.0,16569.3,16035.2,16101.2,27342
2021-12-20 00:00:00+05:30,16055.0,16090.0,15200.0,15654.0,32386
2021-12-21 00:00:00+05:30,15655.0,16490.0,15639.5,16287.3,59826
2021-12-22 00:00:00+05:30,16298.3,16550.0,16298.3,16461.0,27634
2021-12-23 00:00:00+05:30,16576.2,16899.0,16500.0,16857.6,31315
2021-12-24 00:00:00+05:30,16800.0,16900.0,16410.2,16483.9,35956
2021-12-27 00:00:00+05:30,16481.0,16675.0,16122.5,16623.7,24531
2021-12-28 00:00:00+05:30,16679.5,16940.0,16600.0,16680.0,26060
2021-12-29 00:00:00+05:30,16773.8,16794.8,16570.0,16675.8,17589
2021-12-30 00:00:00+05:30,16799.9,17099.0,16420.1,16872.2,87023
2021-12-31 00:00:00+05:30,16890.0,17420.0,16725.0,17320.2,52947
2022-01-03 00:00:00+05:30,17320.2,17499.9,17250.2,17292.9,26614
2022-01-04 00:00:00+05:30,17419.0,17419.0,17105.0,17222.6,21725
2022-01-05 00:00:00+05:30,17220.0,17569.8,17150.0,17332.3,28716
2022-01-06 00:00:00+05:30,17435.0,17573.9,17230.0,17274.6,53694
2022-01-07 00:00:00+05:30,17308.0,17428.0,17000.0,17081.1,30563
2022-01-10 00:00:00+05:30,17150.0,17592.6,17100.0,17419.3,35333
2022-01-11 00:00:00+05:30,17420.0,17528.0,17239.2,17286.7,17202
2022-01-12 00:00:00+05:30,17390.0,17450.0,17300.0,17405.1,14693
2022-01-13 00:00:00+05:30,17364.9,17516.6,17230.0,17396.6,14882
2022-01-14 00:00:00+05:30,17350.0,17746.9,17318.0,17486.0,37139
2022-01-17 00:00:00+05:30,17630.0,17929.9,17599.5,17692.3,36236
2022-01-18 00:00:00+05:30,17849.5,17849.5,17003.8,17189.9,30371
2022-01-19 00:00:00+05:30,17240.0,17324.9,16929.1,16970.0,34034
2022-01-20 00:00:00+05:30,17000.0,17127.0,16612.1,16817.7,23497
2022-01-21 00:00:00+05:30,16515.0,16880.0,16330.0,16470.8,29796
2022-01-24 00:00:00+05:30,16470.8,16528.7,15801.3,16059.8,40889
2022-01-25 00:00:00+05:30,16040.0,16340.0,15773.3,16269.5,22180
2022-01-27 00:00:00+05:30,16100.0,16320.0,15822.0,16233.0,36739
2022-01-28 00:00:00+05:30,16290.0,16650.0,16262.5,16295.8,13654
2022-01-31 00:00:00+05:30,16480.0,16595.0,16410.2,16533.9,9687
2022-02-01 00:00:00+05:30,16725.0,16850.0,16417.7,16824.1,16446
2022-02-02 00:00:00+05:30,16890.0,17027.9,16635.0,16697.2,17997
2022-02-03 00:00:00+05:30,16690.0,16873.2,16549.1,16585.6,22185
2022-02-04 00:00:00+05:30,16618.7,16696.8,16400.0,16432.3,9011
2022-02-07 00:00:00+05:30,16415.6,16441.0,15960.0,16062.3,15529
2022-02-08 00:00:00+05:30,16118.5,16220.0,15960.0,16058.3,13313
2022-02-09 00:00:00+05:30,16170.8,16716.6,16040.0,16220.1,67238
2022-02-10 00:00:00+05:30,16320.1,16724.9,16037.6,16634.8,33726
2022-02-11 00:00:00+05:30,16398.0,16458.3,16230.0,16260.2,25471
2022-02-14 00:00:00+05:30,15999.0,16026.6,15700.0,15824.2,48691
2022-02-15 00:00:00+05:30,15824.0,16120.0,15532.0,16046.5,35897
2022-02-16 00:00:00+05:30,16270.0,16280.0,15925.2,15996.7,19365
2022-02-17 00:00:00+05:30,16060.7,16143.0,15900.0,16003.0,18033
2022-02-18 00:00:00+05:30,15950.0,16028.0,15780.5,15856.0,11702
2022-02-21 00:00:00+05:30,15850.0,15882.2,15580.2,15787.0,16251
2022-02-22 00:00:00+05:30,15580.0,16077.0,15399.0,15970.2,37505
2022-02-23 00:00:00+05:30,15970.0,16213.1,15840.0,15951.4,20424
2022-02-24 00:00:00+05:30,15500.0,15665.6,14975.0,15016.7,50909
2022-02-25 00:00:00+05:30,15317.0,15666.0,15223.8,15593.3,21886
2022-02-28 00:00:00+05:30,15250.0,15800.0,15170.5,15748.8,23677
2022-03-02 00:00:00+05:30,15492.1,15741.0,15420.0,15518.8,13753
2022-03-03 00:00:00+05:30,15642.9,15669.9,15100.0,15170.0,17555
2022-03-04 00:00:00+05:30,15175.0,15189.7,14700.0,14731.5,24004
2022-03-07 00:00:00+05:30,14500.0,14579.5,14054.0,14166.0,28624
2022-03-09 00:00:00+05:30,14700.0,14720.1,14064.0,14224.2,102323
2022-03-10 00:00:00+05:30,14550.0,14641.7,14233.0,14307.7,49214
2022-03-11 00:00:00+05:30,14324.0,14324.0,14152.2,14213.9,28496
2022-03-14 00:00:00+05:30,14225.0,14276.8,13890.0,14023.0,68198
2022-03-15 00:00:00+05:30,14058.0,14285.0,13865.8,13921.5,68263
2022-03-16 00:00:00+05:30,14100.0,14233.9,14006.0,14081.6,104762
2022-03-17 00:00:00+05:30,14257.9,14698.0,14220.8,14585.8,95719
2022-03-21 00:00:00+05:30,14620.0,14643.9,14200.0,14249.0,31935
2022-03-22 00:00:00+05:30,14299.0,14400.0,13957.5,14306.8,34108
2022-03-23 00:00:00+05:30,14400.0,14437.0,14138.1,14188.8,21070
2022-03-24 00:00:00+05:30,14138.0,14229.9,14000.0,14153.8,16425
2022-03-25 00:00:00+05:30,14200.1,14303.0,14010.0,14052.8,17789
2022-03-28 00:00:00+05:30,14100.0,14149.7,13924.0,14025.8,20939
2022-03-29 00:00:00+05:30,14030.0,14220.0,14030.0,14107.3,22986
2022-03-30 00:00:00+05:30,14250.0,14483.0,14181.2,14458.5,44166
2022-03-31 00:00:00+05:30,14480.0,14519.9,14251.0,14438.5,31457
2022-04-01 00:00:00+05:30,14420.0,14612.5,14376.8,14553.8,16286
2022-04-04 00:00:00+05:30,14615.0,14950.0,14572.2,14861.3,41357
2022-04-05 00:00:00+05:30,14970.0,15085.0,14832.1,14894.7,22667
2022-04-06 00:00:00+05:30,14894.7,15050.0,14787.5,14999.8,24737
2022-04-07 00:00:00+05:30,14990.0,15099.3,14903.4,14975.3,23081
2022-04-08 00:00:00+05:30,15000.0,15065.1,14916.3,15036.5,17007
2022-04-11 00:00:00+05:30,15140.0,15168.0,14904.0,14956.2,13198
2022-04-12 00:00:00+05:30,14904.0,14940.0,14541.6,14652.1,18977
2022-04-13 00:00:00+05:30,14660.0,14743.7,14463.0,14562.0,14284
2022-04-18 00:00:00+05:30,14524.4,14600.0,14300.0,14573.2,10940
2022-04-19 00:00:00+05:30,14600.0,14692.2,14043.1,14127.5,25638
2022-04-20 00:00:00+05:30,14288.0,14460.0,14205.3,14371.3,14664
2022-04-21 00:00:00+05:30,14483.0,14650.9,14420.0,14637.5,10746
2022-04-22 00:00:00+05:30,14590.0,14630.0,14452.5,14501.2,8985
2022-04-25 00:00:00+05:30,14452.0,14492.3,14028.3,14160.5,23722
2022-04-26 00:00:00+05:30,14252.5,14570.0,14252.5,14522.0,34502
2022-04-27 00:00:00+05:30,14465.0,14479.0,14242.5,14386.7,12430
2022-04-28 00:00:00+05:30,14386.7,14495.8,14325.0,14381.2,22006
2022-04-29 00:00:00+05:30,14450.0,14790.0,14400.0,14491.6,24674
2022-05-02 00:00:00+05:30,14420.0,14602.4,14230.0,14460.5,18509
2022-05-04 00:00:00+05:30,14560.0,14560.0,14105.4,14166.2,23857
2022-05-05 00:00:00+05:30,14280.0,14485.5,14107.7,14147.7,15579
2022-05-06 00:00:00+05:30,14000.0,14050.0,13807.8,13849.0,20697
2022-05-09 00:00:00+05:30,13791.7,13849.0,13500.0,13612.8,23929
2022-05-10 00:00:00+05:30,13612.8,13891.5,13500.0,13521.3,19109
2022-05-11 00:00:00+05:30,13637.7,13649.8,13069.5,13394.2,26773
2022-05-12 00:00:00+05:30,13311.0,13326.4,12932.5,13128.6,20938
2022-05-13 00:00:00+05:30,13200.0,13499.2,13022.7,13098.7,28821
2022-05-16 00:00:00+05:30,13300.0,13330.0,13075.4,13209.5,17260
2022-05-17 00:00:00+05:30,13350.0,13672.0,13280.0,13629.0,14982
2022-05-18 00:00:00+05:30,13620.0,14300.0,13620.0,14186.2,49824
2022-05-19 00:00:00+05:30,13765.0,14109.3,13177.5,13393.7,73307
2022-05-20 00:00:00+05:30,13707.0,14257.4,13500.0,14175.2,69654
2022-05-23 00:00:00+05:30,14310.5,14375.2,14003.6,14162.3,32397
2022-05-24 00:00:00+05:30,14161.0,14271.9,13842.2,14059.7,20099
2022-05-25 00:00:00+05:30,14045.0,14157.9,13693.0,13738.8,13882
2022-05-26 00:00:00+05:30,13900.2,14000.0,13480.2,13864.9,22958
2022-05-27 00:00:00+05:30,14050.0,14299.0,13970.0,14185.8,29521
2022-05-30 00:00:00+05:30,14290.0,14525.0,14256.0,14436.8,13313
2022-05-31 00:00:00+05:30,14455.0,14700.0,14390.0,14627.4,26185
2022-06-01 00:00:00+05:30,14680.0,14775.0,14444.0,14537.2,9840
2022-06-02 00:00:00+05:30,14537.2,14828.8,14500.0,14764.9,10731
2022-06-03 00:00:00+05:30,14849.0,14871.0,14315.6,14347.3,11194
2022-06-06 00:00:00+05:30,14347.3,14430.0,14184.3,14370.1,8304
2022-06-07 00:00:00+05:30,14301.0,14342.8,14015.7,14121.5,10559
2022-06-08 00:00:00+05:30,14270.0,14270.0,13941.7,14109.4,12830
2022-06-09 00:00:00+05:30,14080.4,14400.7,14040.8,14362.3,14211
2022-06-10 00:00:00+05:30,14225.0,14350.0,14150.7,14216.0,6282
2022-06-13 00:00:00+05:30,14081.0,14145.4,13805.1,13860.5,9177
2022-06-14 00:00:00+05:30,13830.0,14079.5,13751.2,13796.9,8777
2022-06-15 00:00:00+05:30,13824.0,13939.5,13755.9,13871.2,13446
2022-06-16 00:00:00+05:30,14080.0,14080.0,13500.0,13550.5,13252
2022-06-17 00:00:00+05:30,13569.8,13655.9,13290.0,13329.8,17576
2022-06-20 00:00:00+05:30,13400.0,13438.3,13165.0,13286.2,11196
2022-06-21 00:00:00+05:30,13345.0,13730.0,13304.3,13662.2,14668
2022-06-22 00:00:00+05:30,13650.0,13710.0,13405.0,13437.8,13706
2022-06-23 00:00:00+05:30,13500.0,13867.4,13450.0,13822.0,38229
2022-06-24 00:00:00+05:30,13900.0,14327.6,13900.0,14266.8,28919
2022-06-27 00:00:00+05:30,14474.9,14645.8,14326.3,14593.2,28254
2022-06-28 00:00:00+05:30,14550.0,14700.0,14457.1,14656.7,20876
2022-06-29 00:00:00+05:30,14614.0,15630.0,14560.0,15523.0,128714
2022-06-30 00:00:00+05:30,15520.0,15700.0,15190.0,15229.6,46647
2022-07-01 00:00:00+05:30,15273.0,15731.2,15201.5,15686.3,71619
2022-07-04 00:00:00+05:30,15660.0,16000.0,15655.0,15938.2,33501
2022-07-05 00:00:00+05:30,15940.0,16044.9,15591.6,15634.0,29221
2022-07-06 00:00:00+05:30,15647.0,16150.0,15600.0,16107.6,48854
2022-07-07 00:00:00+05:30,16115.0,16308.8,15960.8,16170.7,25335
2022-07-08 00:00:00+05:30,16140.0,16290.0,16025.0,16139.5,17133
2022-07-11 00:00:00+05:30,16100.0,16605.0,16000.0,16554.9,47949
2022-07-12 00:00:00+05:30,16554.9,16565.0,16422.0,16512.9,11692
2022-07-13 00:00:00+05:30,16515.0,16665.7,16331.7,16367.3,16505
2022-07-14 00:00:00+05:30,16240.0,16432.0,15881.4,16009.2,23633
2022-07-15 00:00:00+05:30,16009.2,16525.0,16009.2,16434.3,27102
2022-07-18 00:00:00+05:30,16499.0,16606.8,16337.8,16366.2,24177
2022-07-19 00:00:00+05:30,16366.2,16500.0,16256.0,16407.7,18990
2022-07-20 00:00:00+05:30,16500.0,16600.0,16280.5,16387.1,35675
2022-07-21 00:00:00+05:30,16480.0,16480.0,16225.2,16375.8,20935
2022-07-22 00:00:00+05:30,16450.0,17127.6,16370.0,16828.3,109380
2022-07-25 00:00:00+05:30,16828.3,16999.9,16460.0,16508.9,33185
2022-07-26 00:00:00+05:30,16593.6,16698.2,16313.0,16364.5,26741
2022-07-27 00:00:00+05:30,16470.0,16595.0,16220.0,16429.7,38519
2022-07-28 00:00:00+05:30,16462.0,16950.0,16382.0,16571.8,30046
2022-07-29 00:00:00+05:30,16789.0,17230.0,16628.6,17115.8,72304
2022-08-01 00:00:00+05:30,17200.0,17738.9,16978.6,17649.3,74234
2022-08-02 00:00:00+05:30,17617.9,17900.0,17500.0,17802.1,89734
2022-08-03 00:00:00+05:30,18188.9,18188.9,17001.0,17299.8,168236
2022-08-04 00:00:00+05:30,17450.0,17790.0,17250.0,17561.8,99419
2022-08-05 00:00:00+05:30,17599.0,17815.0,17102.7,17399.8,70017
2022-08-08 00:00:00+05:30,17300.0,17600.0,17200.0,17314.5,53428
2022-08-10 00:00:00+05:30,17350.0,17605.0,17165.8,17234.3,51019
2022-08-11 00:00:00+05:30,17450.0,17538.4,17285.0,17427.8,58849
2022-08-12 00:00:00+05:30,17420.0,17505.0,17201.0,17260.9,24627
2022-08-16 00:00:00+05:30,17310.0,18093.0,17310.0,18044.2,95435
2022-08-17 00:00:00+05:30,18100.0,18224.7,17856.8,17957.1,61621
2022-08-18 00:00:00+05:30,17900.0,17947.4,17570.0,17605.2,41786
2022-08-19 00:00:00+05:30,17757.5,17829.8,17312.8,17376.4,47002
2022-08-22 00:00:00+05:30,17341.7,17542.2,17057.0,17089.7,38600
2022-08-23 00:00:00+05:30,17051.0,17472.0,17001.5,17293.0,62060
2022-08-24 00:00:00+05:30,17280.0,17419.9,17215.0,17260.9,63335
2022-08-25 00:00:00+05:30,17318.0,17460.0,17186.1,17206.2,41920
2022-08-26 00:00:00+05:30,17320.0,17425.4,17200.0,17252.2,28888
2022-08-29 00:00:00+05:30,17050.0,17170.0,16801.2,17059.9,43541
2022-08-30 00:00:00+05:30,17114.0,17590.0,17114.0,17540.1,45150
2022-09-01 00:00:00+05:30,17490.0,17867.9,17356.9,17663.1,52570
2022-09-02 00:00:00+05:30,17719.0,17898.0,17463.5,17568.1,43637
2022-09-05 00:00:00+05:30,17594.8,17809.9,17549.9,17591.1,25136
2022-09-06 00:00:00+05:30,17630.0,17749.9,17400.0,17457.3,19593
2022-09-07 00:00:00+05:30,17415.0,17529.9,17250.8,17309.8,16691
2022-09-08 00:00:00+05:30,17435.0,17500.0,17135.0,17244.6,31671
2022-09-09 00:00:00+05:30,17350.0,17448.9,17140.0,17181.5,35223
2022-09-12 00:00:00+05:30,17327.7,17364.9,17202.0,17238.9,28903
2022-09-13 00:00:00+05:30,17381.6,17699.9,17260.1,17484.3,37968
2022-09-14 00:00:00+05:30,17251.0,17596.9,17164.0,17519.4,32140
2022-09-15 00:00:00+05:30,17570.0,17688.3,17286.6,17341.6,20305
2022-09-16 00:00:00+05:30,17320.0,17350.0,16810.1,16934.1,73188
2022-09-19 00:00:00+05:30,16851.0,17145.0,16702.2,16856.7,27328
2022-09-20 00:00:00+05:30,17000.0,17249.9,16850.0,16872.7,42105
2022-09-21 00:00:00+05:30,16900.0,17026.0,16594.7,16671.7,18760
2022-09-22 00:00:00+05:30,16700.0,16825.0,16513.3,16592.6,35867
2022-09-23 00:00:00+05:30,16619.1,16835.0,16150.2,16223.3,36143
2022-09-26 00:00:00+05:30,16198.0,16198.0,15599.3,15856.0,36710
2022-09-27 00:00:00+05:30,15940.0,16042.0,15695.0,15809.2,30975
2022-09-28 00:00:00+05:30,15800.0,15844.5,15600.0,15659.2,18017
2022-09-29 00:00:00+05:30,15895.0,15895.0,15300.0,15670.5,57952
2022-09-30 00:00:00+05:30,15670.5,15924.9,15501.0,15814.8,18066
2022-10-03 00:00:00+05:30,15895.1,15957.5,15500.1,15618.9,36325
2022-10-04 00:00:00+05:30,15860.0,15938.0,15700.0,15905.0,12884
2022-10-06 00:00:00+05:30,15990.0,16205.0,15901.0,15945.6,30447
2022-10-07 00:00:00+05:30,15970.0,16117.1,15850.0,15865.3,28046
2022-10-10 00:00:00+05:30,15750.0,15829.8,15581.4,15757.8,13100
2022-10-11 00:00:00+05:30,15795.0,15840.0,15465.0,15572.2,19107
2022-10-12 00:00:00+05:30,15576.0,15692.5,15393.6,15660.5,12889
2022-10-13 00:00:00+05:30,15680.0,15739.9,15480.0,15543.7,10921
2022-10-14 00:00:00+05:30,15700.0,15887.0,15437.0,15468.0,28592
2022-10-17 00:00:00+05:30,15460.0,15634.7,15400.1,15568.7,16787
2022-10-18 00:00:00+05:30,15640.0,15742.0,15606.0,15669.7,11193
2022-10-19 00:00:00+05:30,15700.0,15800.0,15597.3,15676.5,15357
2022-10-20 00:00:00+05:30,15670.0,15790.0,15516.1,15772.8,10559
2022-10-21 00:00:00+05:30,15790.0,15850.0,15501.0,15555.7,9444
2022-10-24 00:00:00+05:30,15610.0,15700.0,15560.6,15623.2,2298
2022-10-25 00:00:00+05:30,15635.0,15685.0,15543.0,15646.3,8065
2022-10-27 00:00:00+05:30,15729.9,15835.0,15590.5,15743.2,14223
2022-10-28 00:00:00+05:30,15750.0,16164.0,15740.0,16114.4,23434
2022-10-31 00:00:00+05:30,16240.0,16555.0,16122.6,16488.6,30738
2022-11-01 00:00:00+05:30,16510.0,16650.0,16380.2,16599.3,53463
2022-11-02 00:00:00+05:30,16599.3,16655.0,16500.0,16578.3,26775
2022-11-03 00:00:00+05:30,16450.0,16659.2,16450.0,16557.9,19015
2022-11-04 00:00:00+05:30,16591.0,16591.0,16108.5,16322.2,50206
2022-11-07 00:00:00+05:30,16375.0,16632.6,16216.2,16446.2,32977
2022-11-09 00:00:00+05:30,16387.5,17510.3,16340.0,17223.6,151022
2022-11-10 00:00:00+05:30,17101.0,17301.0,16780.0,16813.4,38816
2022-11-11 00:00:00+05:30,16999.0,17069.9,16666.7,16768.3,28041
2022-11-14 00:00:00+05:30,16852.2,16860.0,16660.0,16821.1,15576
2022-11-15 00:00:00+05:30,16909.0,17089.9,16857.4,16890.5,21177
2022-11-16 00:00:00+05:30,16890.5,17100.0,16619.1,16674.8,12774
2022-11-17 00:00:00+05:30,16690.0,16850.0,16601.0,16703.3,13939
2022-11-18 00:00:00+05:30,16762.9,16762.9,16435.6,16535.6,15662
2022-11-21 00:00:00+05:30,16520.0,16520.0,16309.0,16357.3,19098
2022-11-22 00:00:00+05:30,16407.9,16483.7,16380.0,16422.2,18997
2022-11-23 00:00:00+05:30,16503.8,16756.0,16422.2,16647.7,59286
2022-11-24 00:00:00+05:30,16730.0,16819.2,16551.1,16638.3,20170
2022-11-25 00:00:00+05:30,16670.7,16988.0,16602.6,16936.6,27788
2022-11-28 00:00:00+05:30,16872.0,17047.0,16850.0,16973.6,17734
2022-11-29 00:00:00+05:30,16903.6,17002.0,16766.0,16795.2,24070
2022-11-30 00:00:00+05:30,16879.2,17075.3,16822.5,17004.4,28048
2022-12-01 00:00:00+05:30,17025.0,17206.0,16929.0,17038.4,37790
2022-12-02 00:00:00+05:30,17098.0,17240.0,16993.6,17143.3,29866
2022-12-05 00:00:00+05:30,17145.0,17270.9,17021.6,17198.7,26790
2022-12-06 00:00:00+05:30,17185.0,17329.0,17123.8,17286.2,30608
2022-12-07 00:00:00+05:30,17305.0,17324.9,17010.0,17089.5,9071
2022-12-08 00:00:00+05:30,17192.3,17499.0,17055.1,17454.8,59599
2022-12-09 00:00:00+05:30,17500.0,17849.9,17358.8,17516.8,71662
2022-12-12 00:00:00+05:30,17516.8,17625.0,17307.7,17384.1,12681
2022-12-13 00:00:00+05:30,17384.0,17655.7,17317.1,17577.7,16680
2022-12-14 00:00:00+05:30,17578.0,17666.0,17403.7,17599.0,35770
2022-12-15 00:00:00+05:30,17645.0,17769.3,17564.2,17664.2,22418
2022-12-16 00:00:00+05:30,17580.0,17615.9,17251.7,17470.2,31367
2022-12-19 00:00:00+05:30,17400.1,17577.0,17265.0,17529.8,19232
2022-12-20 00:00:00+05:30,17435.0,17690.0,17380.1,17601.2,25213
2022-12-21 00:00:00+05:30,17658.9,17897.7,17325.3,17410.2,30965
2022-12-22 00:00:00+05:30,17420.7,17524.9,17141.0,17243.8,24046
2022-12-23 00:00:00+05:30,17210.0,17210.0,16700.0,16849.4,30648
2022-12-26 00:00:00+05:30,16800.1,17333.0,16617.6,17281.2,33905
2022-12-27 00:00:00+05:30,17348.9,17367.6,16805.9,17221.6,17196
2022-12-28 00:00:00+05:30,17221.5,17464.9,17060.1,17289.2,22164
2022-12-29 00:00:00+05:30,17175.0,17304.7,16972.9,17100.0,27430
2022-12-30 00:00:00+05:30,17172.4,17348.0,17110.2,17270.0,9551
2023-01-02 00:00:00+05:30,17337.8,17348.0,17090.0,17179.0,9526
2023-01-03 00:00:00+05:30,17219.8,17250.0,17095.0,17133.8,6877
2023-01-04 00:00:00+05:30,17133.7,17133.7,16800.0,16857.4,24307
2023-01-05 00:00:00+05:30,16943.7,17044.8,16751.0,17006.7,14393
2023-01-06 00:00:00+05:30,17100.0,17199.0,16967.5,17065.7,21331
2023-01-09 00:00:00+05:30,17150.75,17249.9,17090.8,17221.3,8080
2023-01-10 00:00:00+05:30,17200.0,17498.0,17200.0,17405.7,15811
2023-01-11 00:00:00+05:30,17450.0,17524.95,17250.0,17350.95,8578
2023-01-12 00:00:00+05:30,17301.0,17425.0,17150.0,17379.0,10485
2023-01-13 00:00:00+05:30,17379.0,17400.0,17180.0,17332.9,10030
2023-01-16 00:00:00+05:30,17318.95,17366.35,17035.0,17089.0,8833
2023-01-17 00:00:00+05:30,17120.95,17120.95,16911.0,16999.05,6812
2023-01-18 00:00:00+05:30,17000.0,17185.0,16885.1,17063.0,14160
2023-01-19 00:00:00+05:30,17052.05,17173.7,16926.0,17140.7,11012
2023-01-20 00:00:00+05:30,17140.7,17140.7,16810.95,16954.55,13266
2023-01-23 00:00:00+05:30,16920.0,17060.05,16830.95,16926.1,9369
2023-01-24 00:00:00+05:30,16995.0,17149.95,16926.15,17049.5,9194
2023-01-25 00:00:00+05:30,17025.0,17039.9,16670.0,16720.35,10286
2023-01-27 00:00:00+05:30,16720.35,16899.9,16366.05,16696.1,14922
2023-01-30 00:00:00+05:30,16750.0,16849.5,16545.0,16590.7,8527
2023-01-31 00:00:00+05:30,16601.0,17149.95,16600.0,17028.6,13928
2023-02-01 00:00:00+05:30,17060.2,17340.0,16780.0,17118.1,13466
2023-02-02 00:00:00+05:30,17118.1,17285.0,16987.9,17168.7,7224
2023-02-03 00:00:00+05:30,17100.0,17445.0,17083.1,17415.4,17688
2023-02-06 00:00:00+05:30,17589.1,17599.9,17311.0,17449.6,9895
2023-02-07 00:00:00+05:30,17480.0,17480.0,17270.1,17414.9,7133
2023-02-08 00:00:00+05:30,17406.0,17493.2,17282.0,17447.4,11346
2023-02-09 00:00:00+05:30,17320.0,17623.9,17320.0,17524.8,19549
2023-02-10 00:00:00+05:30,17450.2,17562.7,17400.0,17499.0,7263
2023-02-13 00:00:00+05:30,17519.9,17655.0,17210.1,17425.0,16189
2023-02-14 00:00:00+05:30,17418.1,17667.0,16973.2,17412.4,71926
2023-02-15 00:00:00+05:30,17420.2,18050.0,17235.1,17855.2,70046
2023-02-16 00:00:00+05:30,17860.0,18177.0,17780.0,18135.2,31924
2023-02-17 00:00:00+05:30,18098.9,18218.3,17852.9,18014.6,19869
2023-02-20 00:00:00+05:30,18036.9,18305.9,17901.0,18148.0,27323
2023-02-21 00:00:00+05:30,18185.0,18525.0,17950.0,18476.3,37541
2023-02-22 00:00:00+05:30,18344.3,18469.3,18232.0,18311.9,24230
2023-02-23 00:00:00+05:30,18312.0,18446.9,18109.8,18312.7,33232
2023-02-24 00:00:00+05:30,18347.0,18396.2,17712.4,17819.0,27827
2023-02-27 00:00:00+05:30,17800.0,18000.0,17480.1,18000.0,16150
2023-02-28 00:00:00+05:30,18028.3,18139.4,17835.3,18020.0,22621
2023-03-01 00:00:00+05:30,17996.2,18375.0,17996.2,18302.2,17785
2023-03-02 00:00:00+05:30,18300.0,18440.6,18131.1,18180.2,18731
2023-03-03 00:00:00+05:30,18269.8,18384.9,17940.1,17983.8,20886
2023-03-06 00:00:00+05:30,17985.0,18192.0,17900.0,18115.0,16376
2023-03-08 00:00:00+05:30,18099.0,18825.0,18025.1,18723.9,70670
2023-03-09 00:00:00+05:30,18772.9,18948.9,18410.1,18470.8,52910
2023-03-10 00:00:00+05:30,18350.0,18481.7,18052.2,18389.3,29144
2023-03-13 00:00:00+05:30,18350.1,18427.7,17801.1,17966.1,26034
2023-03-14 00:00:00+05:30,18051.0,18270.0,17850.0,18002.8,29189
2023-03-15 00:00:00+05:30,18100.0,18243.9,17962.4,18043.6,12219
2023-03-16 00:00:00+05:30,18043.1,18215.0,17948.6,18118.3,24599
2023-03-17 00:00:00+05:30,18175.0,18300.6,18070.0,18113.6,15709
2023-03-20 00:00:00+05:30,18154.9,18351.0,17975.1,18139.3,49184
2023-03-21 00:00:00+05:30,18198.0,18468.4,18122.6,18369.8,40044
2023-03-22 00:00:00+05:30,18379.9,18625.0,18379.9,18424.2,16984
2023-03-23 00:00:00+05:30,18425.0,18493.2,18301.0,18427.8,24300
2023-03-24 00:00:00+05:30,18427.8,18550.0,18308.9,18452.7,21752
2023-03-27 00:00:00+05:30,18502.0,18650.0,18301.1,18341.8,24228
2023-03-28 00:00:00+05:30,18380.0,18650.0,18365.8,18532.2,40502
2023-03-29 00:00:00+05:30,18532.2,19040.0,18453.9,18977.2,50016
2023-03-31 00:00:00+05:30,18960.0,19504.95,18900.05,19200.05,46113
2023-04-03 00:00:00+05:30,19500.0,19500.8,19200.0,19434.2,29923
2023-04-05 00:00:00+05:30,19402.0,19654.9,19105.1,19142.6,46683
2023-04-06 00:00:00+05:30,19143.0,19261.1,18735.0,18795.0,72459
2023-04-10 00:00:00+05:30,18940.0,18940.0,18494.4,18542.8,46233
2023-04-11 00:00:00+05:30,18549.0,18929.9,18455.1,18604.8,51738
2023-04-12 00:00:00+05:30,18640.0,18910.0,18640.0,18765.5,43141
2023-04-13 00:00:00+05:30,18800.0,18960.0,18640.0,18907.1,25701
2023-04-17 00:00:00+05:30,18907.05,19049.9,18762.05,18895.0,21802
2023-04-18 00:00:00+05:30,18895.0,19051.9,18760.0,18814.2,13612
2023-04-19 00:00:00+05:30,18899.8,18901.0,18611.6,18686.2,13541
2023-04-20 00:00:00+05:30,18700.0,18836.2,18686.2,18740.6,5156
2023-04-21 00:00:00+05:30,18834.8,18849.9,18674.0,18766.95,9208
2023-04-24 00:00:00+05:30,18775.0,18814.25,18641.4,18732.15,13782
2023-04-25 00:00:00+05:30,18799.0,18875.0,18670.9,18776.35,13442
2023-04-26 00:00:00+05:30,18680.15,19037.75,18680.15,18961.1,17670
2023-04-27 00:00:00+05:30,18961.1,19180.0,18895.35,19117.8,14870
2023-04-28 00:00:00+05:30,19180.0,19424.95,19159.2,19371.85,24308
2023-05-02 00:00:00+05:30,19371.85,19850.4,19362.0,19798.3,29017
2023-05-03 00:00:00+05:30,19745.0,19747.9,19275.55,19317.6,22537
2023-05-04 00:00:00+05:30,19314.95,19470.75,19080.0,19193.25,27882
2023-05-05 00:00:00+05:30,19229.95,19400.0,19225.05,19324.85,10241
2023-05-08 00:00:00+05:30,19329.95,19538.6,19270.05,19311.65,18577
2023-05-09 00:00:00+05:30,19354.0,19437.5,19030.05,19226.35,22253
2023-05-10 00:00:00+05:30,19333.0,19455.95,18973.0,19354.75,43422
2023-05-11 00:00:00+05:30,19200.0,19671.25,19050.0,19473.9,61928
2023-05-12 00:00:00+05:30,19530.0,19639.95,18791.05,18978.3,59933
2023-05-15 00:00:00+05:30,19105.75,19339.85,18930.05,19229.05,25309
2023-05-16 00:00:00+05:30,19150.0,19299.0,18864.1,19007.7,41812
2023-05-17 00:00:00+05:30,19100.0,19219.95,18945.1,19135.65,13967
2023-05-18 00:00:00+05:30,19249.95,19318.85,18970.7,19014.55,13824
2023-05-19 00:00:00+05:30,19160.0,19160.0,18716.1,18884.2,25164
2023-05-22 00:00:00+05:30,18885.05,18940.0,18741.05,18830.2,10716
2023-05-23 00:00:00+05:30,18835.0,19034.55,18792.75,18854.55,17172
2023-05-24 00:00:00+05:30,18854.55,18909.95,18690.0,18751.25,12145
2023-05-25 00:00:00+05:30,18830.95,18861.05,18680.35,18781.15,10507
2023-05-26 00:00:00+05:30,18781.15,18988.5,18772.0,18941.7,11558
2023-05-29 00:00:00+05:30,18633.9,18948.15,18245.7,18296.0,62611
2023-05-30 00:00:00+05:30,18300.0,18624.95,18290.0,18540.9,23849
2023-05-31 00:00:00+05:30,18540.9,18677.95,18440.0,18568.4,14053
2023-06-01 00:00:00+05:30,18599.95,18719.05,18484.45,18602.0,43911
2023-06-02 00:00:00+05:30,18640.0,18787.35,18605.0,18751.0,13723
2023-06-05 00:00:00+05:30,18752.2,18970.0,18732.5,18872.65,20032
2023-06-06 00:00:00+05:30,18935.0,18940.1,18813.05,18879.55,8268
2023-06-07 00:00:00+05:30,18900.0,19123.4,18881.2,18973.6,13222
2023-06-08 00:00:00+05:30,18999.95,19061.2,18728.4,18766.9,10887
2023-06-09 00:00:00+05:30,18801.0,18943.95,18720.0,18758.4,6743
2023-06-12 00:00:00+05:30,18774.9,19038.95,18738.95,18994.8,23105
2023-06-13 00:00:00+05:30,18990.0,19284.8,18970.0,19060.1,27247
2023-06-14 00:00:00+05:30,19060.1,19348.0,19023.5,19072.3,9755
2023-06-15 00:00:00+05:30,19073.0,19283.0,18987.45,19024.35,9818
2023-06-16 00:00:00+05:30,19149.9,19198.0,18880.05,19000.0,23497
2023-06-19 00:00:00+05:30,18997.0,19165.2,18921.55,18969.65,7416
2023-06-20 00:00:00+05:30,18999.0,19149.55,18806.3,19119.95,18520
2023-06-21 00:00:00+05:30,19100.05,19449.9,19070.15,19230.1,40483
2023-06-22 00:00:00+05:30,19315.0,19329.85,18753.5,18860.0,18473
2023-06-23 00:00:00+05:30,18879.3,18959.7,18492.25,18647.15,30222
2023-06-26 00:00:00+05:30,18617.05,18798.7,18530.0,18630.0,10280
2023-06-27 00:00:00+05:30,18618.0,18724.4,18485.0,18567.0,10354
2023-06-28 00:00:00+05:30,18605.0,18790.0,18510.0,18689.0,25454
2023-06-30 00:00:00+05:30,18721.45,19249.95,18721.45,19117.95,32329
2023-07-03 00:00:00+05:30,19100.05,19250.75,18903.0,19075.0,16352
2023-07-04 00:00:00+05:30,19133.0,19279.95,18932.0,19090.0,18060
2023-07-05 00:00:00+05:30,19100.0,19275.0,19021.0,19205.0,44597
2023-07-06 00:00:00+05:30,19294.75,19598.0,19166.15,19530.0,45990
2023-07-07 00:00:00+05:30,19515.0,19990.0,19515.0,19789.8,46192
2023-07-10 00:00:00+05:30,19850.0,19890.0,19170.05,19215.9,23091
2023-07-11 00:00:00+05:30,19240.0,19463.55,19165.0,19399.05,17749
2023-07-12 00:00:00+05:30,19429.9,19549.65,19265.15,19422.35,16376
2023-07-13 00:00:00+05:30,19515.95,19648.0,19044.0,19183.15,27391
2023-07-14 00:00:00+05:30,19048.95,19082.3,18750.0,18930.35,86839
2023-07-17 00:00:00+05:30,18930.35,19087.0,18840.1,18990.0,19416
2023-07-18 00:00:00+05:30,18998.95,19650.0,18998.95,19208.95,63789
2023-07-19 00:00:00+05:30,19214.95,19356.55,18995.4,19107.1,22977
2023-07-20 00:00:00+05:30,19129.9,19143.95,18901.0,19025.4,19735
2023-07-21 00:00:00+05:30,18949.0,19056.2,18779.1,18900.0,40628
2023-07-24 00:00:00+05:30,18908.0,19100.0,18811.0,19055.0,19975
2023-07-25 00:00:00+05:30,19100.0,19200.0,18875.15,19022.0,19460
2023-07-26 00:00:00+05:30,19100.0,19260.0,19004.6,19171.0,19045
2023-07-27 00:00:00+05:30,19200.0,19231.15,18810.0,18813.8,16848
2023-07-28 00:00:00+05:30,18899.0,19034.95,18841.3,18967.55,12362
2023-07-31 00:00:00+05:30,19099.0,19178.0,18912.65,18950.5,20129
2023-08-01 00:00:00+05:30,19140.0,19196.2,18926.0,18950.0,39113
2023-08-02 00:00:00+05:30,19000.0,19000.05,18110.15,18285.0,70955
2023-08-03 00:00:00+05:30,18262.25,18409.6,18081.1,18205.85,31007
2023-08-04 00:00:00+05:30,18390.0,18390.0,18114.0,18239.95,22600
2023-08-07 00:00:00+05:30,18399.0,18399.0,18136.0,18199.0,25838
2023-08-08 00:00:00+05:30,18269.0,18269.0,18015.0,18200.0,28056
2023-08-09 00:00:00+05:30,18160.0,18388.9,18090.0,18271.0,23675
2023-08-10 00:00:00+05:30,18300.05,18336.95,18155.45,18185.2,20217
2023-08-11 00:00:00+05:30,18217.95,18325.0,18100.0,18250.0,15564
2023-08-14 00:00:00+05:30,18170.0,18170.0,17931.15,18109.0,15757
2023-08-16 00:00:00+05:30,18129.95,18217.9,17997.95,18170.0,10129
2023-08-17 00:00:00+05:30,18185.75,18314.9,18165.0,18215.0,19166
2023-08-18 00:00:00+05:30,18170.05,18310.0,18120.35,18154.7,18302
2023-08-21 00:00:00+05:30,18319.5,18337.9,18175.05,18244.0,12551
2023-08-22 00:00:00+05:30,18263.25,18433.0,18263.25,18340.0,12998
2023-08-23 00:00:00+05:30,18361.95,18459.95,18340.0,18418.65,27623
2023-08-24 00:00:00+05:30,18470.0,18470.0,18282.75,18340.0,34166
2023-08-25 00:00:00+05:30,18339.9,18505.85,18219.55,18287.0,28434
2023-08-28 00:00:00+05:30,18270.0,18594.0,18270.0,18529.1,21998
2023-08-29 00:00:00+05:30,18569.95,18650.0,18475.5,18625.0,26244
2023-08-30 00:00:00+05:30,18630.0,18720.0,18531.0,18531.0,22685
2023-08-31 00:00:00+05:30,18579.0,18677.7,18505.1,18582.25,21876
2023-09-01 00:00:00+05:30,18599.0,19048.95,18507.15,18986.8,24442
2023-09-04 00:00:00+05:30,18986.8,19190.0,18844.7,19066.8,20109
2023-09-05 00:00:00+05:30,19066.8,19255.0,18999.45,19150.8,20402
2023-09-06 00:00:00+05:30,19160.0,19329.05,19091.05,19275.15,14855
2023-09-07 00:00:00+05:30,19275.15,19395.0,19171.0,19293.0,11157
2023-09-08 00:00:00+05:30,19336.0,19425.0,19210.0,19403.25,13230
2023-09-11 00:00:00+05:30,19455.0,19499.9,19280.0,19444.5,29532
2023-09-12 00:00:00+05:30,19494.0,19497.95,18901.05,19160.35,36608
2023-09-13 00:00:00+05:30,19102.25,19435.0,19102.25,19362.1,16344
2023-09-14 00:00:00+05:30,19400.0,19749.95,19393.6,19500.0,21565
2023-09-15 00:00:00+05:30,19550.75,19693.3,19456.15,19664.6,25736
2023-09-18 00:00:00+05:30,19700.0,19718.0,19537.9,19586.7,16545
2023-09-20 00:00:00+05:30,19586.7,19625.0,19290.0,19349.95,14856
2023-09-21 00:00:00+05:30,19390.0,19390.0,19080.0,19135.1,9683
2023-09-22 00:00:00+05:30,19187.85,19271.95,18995.05,19090.0,13390
2023-09-25 00:00:00+05:30,19119.0,19198.95,19001.15,19105.0,6836
2023-09-26 00:00:00+05:30,19170.0,19199.95,19038.55,19143.6,15216
2023-09-27 00:00:00+05:30,19200.0,19340.0,19015.55,19218.55,23854
2023-09-28 00:00:00+05:30,19199.95,19700.0,18840.0,19319.75,78557
2023-09-29 00:00:00+05:30,19500.0,19500.05,18960.0,19019.7,33903
2023-10-03 00:00:00+05:30,19060.0,19060.0,18625.1,18762.85,28949
2023-10-04 00:00:00+05:30,18762.85,18900.0,18600.0,18742.35,15586
2023-10-05 00:00:00+05:30,18742.35,18950.65,18742.35,18930.45,8247
2023-10-06 00:00:00+05:30,18970.0,19342.0,18900.0,19310.0,18284
2023-10-09 00:00:00+05:30,19200.0,19300.0,19051.3,19278.95,20739
2023-10-10 00:00:00+05:30,19289.85,19772.7,19205.15,19717.75,26329
2023-10-11 00:00:00+05:30,19717.75,19950.0,19613.35,19698.1,26535
2023-10-12 00:00:00+05:30,19601.25,20564.75,19601.25,20455.7,81609
2023-10-13 00:00:00+05:30,20250.0,20932.1,20215.05,20529.45,60488
2023-10-16 00:00:00+05:30,20552.45,20760.0,20500.05,20674.05,25227
2023-10-17 00:00:00+05:30,20700.0,20775.7,20275.0,20335.3,30590
2023-10-18 00:00:00+05:30,20453.75,20499.95,20058.3,20121.1,18121
2023-10-19 00:00:00+05:30,20000.0,20285.95,19947.85,20232.25,12124
2023-10-20 00:00:00+05:30,20100.0,20230.0,19933.25,20100.0,12024
2023-10-23 00:00:00+05:30,20099.9,20135.95,19720.35,19825.6,21454
2023-10-25 00:00:00+05:30,19825.55,20136.0,19608.0,19696.0,22214
2023-10-26 00:00:00+05:30,19503.05,19816.2,19480.0,19648.35,23748
2023-10-27 00:00:00+05:30,19739.0,19964.8,19709.7,19742.65,23336
2023-10-30 00:00:00+05:30,19742.65,19927.2,19400.0,19478.1,17238
2023-10-31 00:00:00+05:30,19566.6,19608.85,19362.5,19450.95,8370
2023-11-01 00:00:00+05:30,19460.0,19585.0,19300.0,19358.4,10874
2023-11-02 00:00:00+05:30,19500.0,19551.0,19380.05,19454.05,12097
2023-11-03 00:00:00+05:30,19510.0,19608.0,19432.3,19519.5,6856
2023-11-06 00:00:00+05:30,19608.0,19673.85,19524.1,19565.1,8576
2023-11-07 00:00:00+05:30,19524.0,19824.95,19511.0,19757.7,14641
2023-11-08 00:00:00+05:30,19755.0,19895.55,19319.1,19646.95,31879
2023-11-09 00:00:00+05:30,19710.0,19710.0,19358.7,19535.0,32754
2023-11-10 00:00:00+05:30,19325.1,19800.0,19315.2,19572.45,35887
2023-11-12 00:00:00+05:30,19829.7,19830.0,19545.0,19628.0,3324
2023-11-13 00:00:00+05:30,19555.0,19700.0,19455.0,19476.4,7171
2023-11-15 00:00:00+05:30,19550.0,19785.0,19500.0,19722.4,27938
2023-11-16 00:00:00+05:30,19749.9,20700.0,19670.65,20589.15,72642
2023-11-17 00:00:00+05:30,20580.0,20899.95,20531.4,20651.9,32860
2023-11-20 00:00:00+05:30,20660.0,20900.9,20485.0,20595.95,21881
2023-11-21 00:00:00+05:30,20650.0,20832.6,20580.05,20718.15,19085
2023-11-22 00:00:00+05:30,20715.0,21217.65,20615.05,20821.3,59486
2023-11-23 00:00:00+05:30,20821.0,21250.0,20821.0,21218.0,42759
2023-11-24 00:00:00+05:30,21250.0,21333.0,20999.8,21036.25,26207
2023-11-28 00:00:00+05:30,21150.0,21350.55,21000.0,21273.6,24561
2023-11-29 00:00:00+05:30,21300.0,21850.0,21255.0,21663.9,55002
2023-11-30 00:00:00+05:30,21670.0,21800.0,21498.5,21599.55,14343
2023-12-01 00:00:00+05:30,21700.0,22125.35,21490.0,22083.55,49102
2023-12-04 00:00:00+05:30,22200.0,22200.0,21708.05,21944.45,32269
2023-12-05 00:00:00+05:30,21944.45,22127.95,21600.0,21652.95,115959
2023-12-06 00:00:00+05:30,21694.1,21799.3,21560.05,21592.55,15706
2023-12-07 00:00:00+05:30,21679.95,21830.0,21515.05,21665.95,19313
2023-12-08 00:00:00+05:30,21666.05,21746.7,21459.95,21650.0,14151
2023-12-11 00:00:00+05:30,21626.25,21960.0,21585.95,21889.75,25624
2023-12-12 00:00:00+05:30,21901.0,22110.0,21623.75,21631.0,23219
2023-12-13 00:00:00+05:30,21785.0,22050.0,21611.25,21949.6,19356
2023-12-14 00:00:00+05:30,22000.0,22244.0,21850.0,22061.85,28367
2023-12-15 00:00:00+05:30,22080.0,22163.9,21663.0,21708.15,34392
2023-12-18 00:00:00+05:30,21752.15,22043.05,21715.0,22018.0,9700
2023-12-19 00:00:00+05:30,22020.0,22130.0,21820.05,21970.0,12777
2023-12-20 00:00:00+05:30,21970.0,22077.65,21365.6,21494.15,30828
2023-12-21 00:00:00+05:30,21494.15,21700.0,21331.0,21697.0,18909
2023-12-22 00:00:00+05:30,21695.0,21895.95,21506.85,21633.95,20236
2023-12-26 00:00:00+05:30,21644.4,21998.0,21562.95,21895.65,10747
2023-12-27 00:00:00+05:30,21995.9,22063.65,21781.15,21950.0,15391
2023-12-28 00:00:00+05:30,22050.0,22240.0,21860.0,22102.7,21913
2023-12-29 00:00:00+05:30,22199.95,22300.0,21981.85,22203.8,25019
2024-01-01 00:00:00+05:30,22301.0,22635.95,22209.25,22433.45,19391
2024-01-02 00:00:00+05:30,22400.0,22469.5,22101.0,22334.35,10969
2024-01-03 00:00:00+05:30,22265.0,22382.4,22133.0,22289.15,6363
2024-01-04 00:00:00+05:30,22289.15,22550.0,22202.55,22488.8,14386
2024-01-05 00:00:00+05:30,22400.05,22819.85,22400.05,22691.65,28782
2024-01-08 00:00:00+05:30,22800.0,22810.0,22400.0,22466.7,10072
2024-01-09 00:00:00+05:30,22567.8,22935.45,22517.15,22754.6,13943
2024-01-10 00:00:00+05:30,22799.5,22824.8,22530.05,22615.2,9397
2024-01-11 00:00:00+05:30,22615.2,23265.55,22615.2,23140.0,35821
2024-01-12 00:00:00+05:30,23050.05,23282.7,22982.0,23229.65,13938
2024-01-15 00:00:00+05:30,23353.8,23477.0,23105.4,23451.1,19671
2024-01-16 00:00:00+05:30,23400.2,23568.95,23061.9,23098.35,22573
2024-01-17 00:00:00+05:30,23000.0,23181.15,22700.0,22860.45,27741
2024-01-18 00:00:00+05:30,22711.0,23033.25,22555.0,22872.35,21477
2024-01-19 00:00:00+05:30,22990.0,23262.7,22771.0,23184.3,19057
2024-01-20 00:00:00+05:30,23150.0,23292.0,22962.0,23030.0,45872
2024-01-23 00:00:00+05:30,23022.4,23121.0,22381.0,22774.8,56122
2024-01-24 00:00:00+05:30,22821.2,22893.7,22315.2,22444.15,35408
2024-01-25 00:00:00+05:30,22508.8,22836.4,22381.75,22779.3,10866
2024-01-29 00:00:00+05:30,22800.95,23348.7,22775.05,23150.0,64222
2024-01-30 00:00:00+05:30,23248.0,24172.05,23199.75,23875.4,37640
2024-01-31 00:00:00+05:30,23870.0,24050.0,23500.0,23568.15,31087
2024-02-01 00:00:00+05:30,23600.0,23850.0,23589.25,23600.0,18754
2024-02-02 00:00:00+05:30,23848.0,24272.7,23705.35,23916.0,24154
2024-02-05 00:00:00+05:30,24180.0,24360.0,23751.0,24241.0,14936
2024-02-06 00:00:00+05:30,24100.0,24955.6,24011.9,24891.45,19634
2024-02-07 00:00:00+05:30,24890.0,25300.0,24789.7,25223.15,20225
2024-02-08 00:00:00+05:30,25222.95,25386.25,24910.05,25372.9,21046
2024-02-09 00:00:00+05:30,25299.0,25519.0,24750.0,25457.15,23943
2024-02-12 00:00:00+05:30,25388.05,25659.95,25107.2,25237.9,36672
2024-02-13 00:00:00+05:30,25290.0,27300.0,25118.3,26300.75,85754
2024-02-14 00:00:00+05:30,26650.0,27502.0,25608.7,27399.55,152203
2024-02-15 00:00:00+05:30,27399.6,28400.0,27350.3,27955.1,89838
2024-02-16 00:00:00+05:30,27920.05,28635.85,27800.0,28329.05,48546
2024-02-19 00:00:00+05:30,28400.0,29100.0,28075.0,28993.8,54538
2024-02-20 00:00:00+05:30,28900.0,29200.0,28810.15,29148.4,44221
2024-02-21 00:00:00+05:30,29170.0,29199.95,27925.2,28054.25,66555
2024-02-22 00:00:00+05:30,28250.0,28551.0,27922.0,28444.1,45835
2024-02-23 00:00:00+05:30,28460.0,28710.9,28065.05,28279.9,42212
2024-02-26 00:00:00+05:30,28420.0,28958.95,28158.05,28772.75,32625
2024-02-27 00:00:00+05:30,28837.05,29300.0,28650.15,28865.45,32611
2024-02-28 00:00:00+05:30,29065.0,29150.0,28211.15,28327.55,28212
2024-02-29 00:00:00+05:30,28400.0,28750.0,28208.05,28590.85,28396
2024-03-01 00:00:00+05:30,28590.85,29350.0,28590.85,28939.7,47200
2024-03-02 00:00:00+05:30,29140.0,29290.0,29000.0,29037.75,756
2024-03-04 00:00:00+05:30,29038.95,29500.0,28550.1,29313.4,38585
2024-03-05 00:00:00+05:30,29320.0,30250.0,29280.1,30047.9,67247
2024-03-06 00:00:00+05:30,30200.0,30263.45,29553.15,30110.55,59027
2024-03-07 00:00:00+05:30,30135.25,30468.05,29450.0,29501.0,50513
2024-03-11 00:00:00+05:30,29819.95,30020.0,29257.05,29431.2,46917
2024-03-12 00:00:00+05:30,29477.4,29800.0,29302.4,29473.0,26775
2024-03-13 00:00:00+05:30,29550.0,29850.0,28116.0,28300.3,58216
2024-03-14 00:00:00+05:30,28429.95,29629.5,28238.1,29401.0,54457
2024-03-15 00:00:00+05:30,29400.0,29763.8,28955.0,29571.55,53434
2024-03-18 00:00:00+05:30,29500.05,29960.0,29392.45,29814.3,34319
2024-03-19 00:00:00+05:30,29800.05,29950.0,29380.4,29746.9,28685
2024-03-20 00:00:00+05:30,29731.0,30197.35,29550.05,29870.4,44864
2024-03-21 00:00:00+05:30,29932.8,30200.0,29907.95,30066.25,35457
2024-03-22 00:00:00+05:30,30066.0,30450.0,29899.25,30178.7,38966
2024-03-26 00:00:00+05:30,30245.0,30852.1,30180.1,30680.35,39017
2024-03-27 00:00:00+05:30,30700.0,31150.0,30231.6,30341.6,51920
2024-03-28 00:00:00+05:30,30499.95,30595.75,29730.95,30031.3,36810
2024-04-01 00:00:00+05:30,30050.1,30431.75,30050.1,30282.3,17643
2024-04-02 00:00:00+05:30,30329.95,30999.95,30300.0,30915.85,23277
2024-04-03 00:00:00+05:30,30800.0,30900.0,30592.35,30815.65,18469
2024-04-04 00:00:00+05:30,30815.65,31145.1,30629.25,30790.9,25484
2024-04-05 00:00:00+05:30,30790.0,30982.3,30639.85,30792.85,19278
2024-04-08 00:00:00+05:30,30980.0,31400.15,30805.0,31087.35,34117
2024-04-09 00:00:00+05:30,31137.95,31292.8,29918.05,30067.9,153880
2024-04-10 00:00:00+05:30,30275.0,30345.3,29375.05,29795.75,86951
2024-04-12 00:00:00+05:30,29951.35,30225.0,29800.0,29849.4,39244
2024-04-15 00:00:00+05:30,29730.0,30161.0,29500.0,29800.4,28572
2024-04-16 00:00:00+05:30,29800.4,30130.9,29570.05,29986.5,25386
2024-04-18 00:00:00+05:30,30000.0,30449.8,29802.65,29924.1,51782
2024-04-19 00:00:00+05:30,29801.0,29895.25,29421.15,29787.0,22176
2024-04-22 00:00:00+05:30,29985.95,30127.15,29000.0,29142.05,32663
2024-04-23 00:00:00+05:30,29335.0,29567.2,29053.6,29277.4,51227
2024-04-24 00:00:00+05:30,29439.95,29550.0,28800.5,28858.0,30991
2024-04-25 00:00:00+05:30,28950.4,29171.65,28538.9,28901.05,36654
2024-04-26 00:00:00+05:30,28901.05,29189.95,28810.05,28877.2,14760
2024-04-29 00:00:00+05:30,29100.0,29700.0,29008.8,29287.15,29397
2024-04-30 00:00:00+05:30,29304.05,29650.0,29251.0,29356.05,23608
2024-05-02 00:00:00+05:30,29365.05,30899.95,29356.05,30670.45,87649
2024-05-03 00:00:00+05:30,30688.0,30769.95,29932.8,30093.45,46475
2024-05-06 00:00:00+05:30,30250.0,30310.65,29494.65,30034.55,36056
2024-05-07 00:00:00+05:30,30186.0,30186.0,29160.05,29607.85,26812
2024-05-08 00:00:00+05:30,29607.85,30547.9,29607.85,30047.6,35553
2024-05-09 00:00:00+05:30,29900.05,30439.65,29763.35,29881.7,25858
2024-05-10 00:00:00+05:30,30200.0,30584.0,29753.5,30431.95,30547
2024-05-13 00:00:00+05:30,30431.95,31031.0,29979.8,30797.8,31139
2024-05-14 00:00:00+05:30,31000.0,32100.0,30170.35,31882.0,82044
2024-05-15 00:00:00+05:30,31900.0,31900.0,30573.6,30935.4,101787
2024-05-16 00:00:00+05:30,31101.05,31277.0,30600.05,31041.55,66955
2024-05-17 00:00:00+05:30,31043.55,31154.0,30542.2,31027.75,56789
2024-05-18 00:00:00+05:30,31027.75,31262.3,30501.0,30779.3,3029
2024-05-21 00:00:00+05:30,30813.4,30999.4,30580.0,30883.05,52316
2024-05-22 00:00:00+05:30,31000.0,31344.95,30587.55,30935.45,85634
2024-05-23 00:00:00+05:30,30865.15,30999.95,30647.9,30861.3,51535
2024-05-24 00:00:00+05:30,30960.0,31318.35,30739.95,30840.15,74133
2024-05-27 00:00:00+05:30,30901.0,32229.5,30901.0,31566.45,121384
2024-05-28 00:00:00+05:30,31550.0,31566.45,30821.55,31065.95,76953
2024-05-29 00:00:00+05:30,30962.5,31317.05,30822.05,31127.05,52833
2024-05-30 00:00:00+05:30,31140.0,31300.0,30470.55,30610.35,68887
2024-05-31 00:00:00+05:30,31099.9,31150.9,29502.7,30393.75,868375
2024-06-03 00:00:00+05:30,30555.0,30694.35,29865.75,29989.35,44990
2024-06-04 00:00:00+05:30,30300.0,30351.3,27500.0,29548.25,72953
2024-06-05 00:00:00+05:30,29748.0,31143.95,29315.8,30867.05,49866
2024-06-06 00:00:00+05:30,30849.95,31168.75,30494.75,30651.7,20538
2024-06-07 00:00:00+05:30,30510.0,31000.0,30510.0,30596.6,19067
2024-06-10 00:00:00+05:30,30599.95,30929.95,30563.8,30764.75,12586
2024-06-11 00:00:00+05:30,30765.1,31598.95,30650.0,31174.0,39791
2024-06-12 00:00:00+05:30,31255.0,31550.0,31160.0,31411.3,18859
2024-06-13 00:00:00+05:30,31550.7,32683.25,31450.8,32433.15,56576
2024-06-14 00:00:00+05:30,32680.0,32927.95,31980.0,32327.8,57427
2024-06-18 00:00:00+05:30,32355.6,34350.0,32355.6,33379.2,156530
2024-06-19 00:00:00+05:30,33400.0,33592.5,32606.4,32892.55,42616
2024-06-20 00:00:00+05:30,33050.0,33301.25,32201.55,32254.7,45408
2024-06-21 00:00:00+05:30,32254.7,32800.0,32064.95,32606.35,45227
2024-06-24 00:00:00+05:30,32600.0,33095.0,32200.0,33015.5,27730
2024-06-25 00:00:00+05:30,33075.0,33919.95,33075.0,33817.95,54500
2024-06-26 00:00:00+05:30,33817.95,34426.9,33450.05,34149.4,35727
2024-06-27 00:00:00+05:30,34300.0,36678.0,33980.0,34749.65,107957
2024-06-28 00:00:00+05:30,34785.0,34785.0,33965.8,34084.4,58629
2024-07-01 00:00:00+05:30,34000.05,34479.85,33702.15,34249.95,30255
2024-07-02 00:00:00+05:30,34460.0,35099.0,34300.05,34644.8,35059
2024-07-03 00:00:00+05:30,34775.0,35080.5,34419.7,34546.45,23302
2024-07-04 00:00:00+05:30,34750.0,35331.45,34571.0,35276.4,27710
2024-07-05 00:00:00+05:30,35000.0,35680.0,34944.0,35074.0,33743
2024-07-08 00:00:00+05:30,35172.1,35484.0,34342.5,34412.3,28099
2024-07-09 00:00:00+05:30,34700.0,35753.0,34556.0,35612.45,30550
2024-07-10 00:00:00+05:30,35649.95,35675.0,34867.5,35389.95,30144
2024-07-11 00:00:00+05:30,35450.0,35777.8,35300.65,35611.25,23755
2024-07-12 00:00:00+05:30,35650.0,35698.5,34902.15,35139.05,21287
2024-07-15 00:00:00+05:30,35239.05,35364.75,35000.0,35085.2,14038
2024-07-16 00:00:00+05:30,35389.95,35399.0,35000.05,35108.85,14283
2024-07-18 00:00:00+05:30,35170.05,35385.05,34784.7,35149.85,48057
2024-07-19 00:00:00+05:30,35200.0,35200.0,33948.0,34073.3,24779
2024-07-22 00:00:00+05:30,34073.3,34650.0,33715.0,34135.6,20371
2024-07-23 00:00:00+05:30,34197.95,34422.45,33100.0,34065.1,36942
2024-07-24 00:00:00+05:30,34130.65,34574.95,33836.05,34116.4,18849
2024-07-25 00:00:00+05:30,34090.0,34920.0,33800.05,34751.05,20428
2024-07-26 00:00:00+05:30,34751.05,35000.0,34563.15,34917.05,18411
2024-07-29 00:00:00+05:30,34902.0,35156.15,34820.0,34936.05,19618
2024-07-30 00:00:00+05:30,34945.0,35050.0,34810.0,34924.55,10838
2024-07-31 00:00:00+05:30,34904.05,35029.9,34420.45,34978.45,32525
2024-08-01 00:00:00+05:30,34853.0,35182.8,34266.1,34370.7,23238
2024-08-02 00:00:00+05:30,34370.7,34580.0,33810.0,33909.75,28189
2024-08-05 00:00:00+05:30,33500.05,33789.9,32147.7,32355.2,35807
2024-08-06 00:00:00+05:30,32355.2,33220.0,32355.2,32699.4,29693
2024-08-07 00:00:00+05:30,32900.0,33254.65,31800.0,32430.85,60281
2024-08-08 00:00:00+05:30,32430.0,32519.75,31619.0,31835.65,44900
2024-08-09 00:00:00+05:30,31930.05,32500.0,31849.0,32018.7,32494
2024-08-12 00:00:00+05:30,31989.95,31989.95,31076.95,31598.0,36237
2024-08-13 00:00:00+05:30,31786.0,31880.0,31369.6,31593.85,16810
2024-08-14 00:00:00+05:30,31648.9,31648.95,30900.0,30993.15,26467
2024-08-16 00:00:00+05:30,31445.95,32048.4,31085.0,31940.6,25740
2024-08-19 00:00:00+05:30,31940.6,32082.45,31525.1,31605.75,25158
2024-08-20 00:00:00+05:30,31750.0,32345.2,31732.2,32054.5,29425
2024-08-21 00:00:00+05:30,32279.85,32279.85,31751.9,32213.7,22620
2024-08-22 00:00:00+05:30,32213.7,32559.75,32102.1,32503.15,32048
2024-08-23 00:00:00+05:30,32500.0,32826.1,32157.7,32600.15,39122
2024-08-26 00:00:00+05:30,32660.0,32903.9,32427.05,32814.4,32218
2024-08-27 00:00:00+05:30,32900.0,32921.05,32244.4,32299.95,45779
2024-08-28 00:00:00+05:30,32519.95,32519.95,31814.8,31940.15,26366
2024-08-29 00:00:00+05:30,31940.15,32199.95,31500.0,31731.85,17160
2024-08-30 00:00:00+05:30,31839.95,32500.0,31839.95,32389.6,50047
2024-09-02 00:00:00+05:30,32389.6,32632.25,31922.35,32327.6,26466
2024-09-03 00:00:00+05:30,32397.4,32784.6,32220.0,32399.25,29277
2024-09-04 00:00:00+05:30,32380.0,32520.35,31965.0,32451.85,16544
2024-09-05 00:00:00+05:30,32495.0,34142.95,32423.65,33720.75,92016
2024-09-06 00:00:00+05:30,33720.75,33930.0,32009.85,32357.3,65916
2024-09-09 00:00:00+05:30,32274.0,33174.05,32154.75,33105.7,65068
2024-09-10 00:00:00+05:30,33105.7,33950.0,33100.0,33534.0,90744
2024-09-11 00:00:00+05:30,33534.0,33792.65,32983.9,33209.6,51904
2024-09-12 00:00:00+05:30,33440.0,34280.0,33437.9,34113.9,38720
2024-09-13 00:00:00+05:30,34419.95,35044.45,34199.0,34343.15,50320
2024-09-16 00:00:00+05:30,34350.0,34553.95,33850.0,34037.0,28975
2024-09-17 00:00:00+05:30,34100.0,34794.95,33910.05,34720.3,57197
2024-09-18 00:00:00+05:30,34701.0,34867.4,34051.0,34363.9,18444
2024-09-19 00:00:00+05:30,34509.15,34789.3,34050.0,34436.85,22135
2024-09-20 00:00:00+05:30,34500.0,36000.0,34423.05,35686.75,73949
2024-09-23 00:00:00+05:30,35560.1,36576.95,35501.2,36461.9,70172
2024-09-24 00:00:00+05:30,36461.9,36950.0,36370.1,36703.3,40922
2024-09-25 00:00:00+05:30,36718.3,37347.0,36484.1,36961.25,41395
2024-09-26 00:00:00+05:30,36965.0,37200.0,36752.55,37141.9,37856
2024-09-27 00:00:00+05:30,37020.05,38179.9,36900.0,37976.1,67836
2024-09-30 00:00:00+05:30,37976.0,38124.6,37511.05,37728.0,31979
2024-10-01 00:00:00+05:30,37700.0,38079.95,37650.0,37841.2,21533
2024-10-03 00:00:00+05:30,37388.0,38100.0,37045.45,37122.8,49118
2024-10-04 00:00:00+05:30,37150.0,37150.0,36420.55,36734.5,35351
2024-10-07 00:00:00+05:30,36734.5,37125.0,36220.3,36784.3,68090
2024-10-08 00:00:00+05:30,36700.2,38149.95,36571.0,37967.65,35793
2024-10-09 00:00:00+05:30,37967.65,39088.8,37862.9,38606.15,42324
2024-10-10 00:00:00+05:30,38606.15,39039.75,37975.4,38222.25,26527
2024-10-11 00:00:00+05:30,38222.25,38639.7,38002.3,38486.8,16882
2024-10-14 00:00:00+05:30,38486.8,38899.0,38317.2,38795.6,11537
2024-10-15 00:00:00+05:30,38800.0,38936.05,38212.8,38703.15,17392
2024-10-16 00:00:00+05:30,38500.0,38789.95,38080.8,38261.55,18602
2024-10-17 00:00:00+05:30,38261.55,38413.45,36386.25,36484.9,53057
2024-10-18 00:00:00+05:30,36486.9,36926.95,36060.15,36800.75,21112
2024-10-21 00:00:00+05:30,36810.0,37265.5,36510.0,36839.15,18769
2024-10-22 00:00:00+05:30,36750.0,37055.4,35910.0,36065.3,16532
2024-10-23 00:00:00+05:30,36065.3,36886.65,35802.85,36255.8,18922
2024-10-24 00:00:00+05:30,36599.75,36599.75,35950.0,36049.1,10745
2024-10-25 00:00:00+05:30,36196.45,36575.0,35370.3,35931.95,16693
2024-10-28 00:00:00+05:30,35800.0,36318.4,35629.2,36123.3,9154
2024-10-29 00:00:00+05:30,36346.35,36590.0,35325.1,36416.55,43179
2024-10-30 00:00:00+05:30,36540.0,36691.0,35912.4,36173.35,14672
2024-10-31 00:00:00+05:30,36173.35,36535.05,34822.35,35121.6,36099
2024-11-01 00:00:00+05:30,35339.0,35549.75,34962.6,35182.15,3850
2024-11-04 00:00:00+05:30,35249.95,35527.35,34755.15,35341.1,29676
2024-11-05 00:00:00+05:30,35150.2,35836.45,35110.95,35612.55,32121
2024-11-06 00:00:00+05:30,35700.0,36380.0,35699.8,36272.7,16879
2024-11-07 00:00:00+05:30,36272.7,36772.7,35225.05,35369.65,18762
2024-11-08 00:00:00+05:30,35460.0,35642.65,35001.0,35119.4,14426
2024-11-11 00:00:00+05:30,35100.0,35600.0,34926.8,34990.85,32585
2024-11-12 00:00:00+05:30,35270.0,35347.15,33111.0,33278.5,56027
2024-11-13 00:00:00+05:30,34000.0,34480.0,32830.5,33212.0,124257
2024-11-14 00:00:00+05:30,33500.0,33950.0,33139.6,33862.1,25998
2024-11-18 00:00:00+05:30,33862.1,34421.3,33610.0,33794.3,19760
2024-11-19 00:00:00+05:30,34000.0,34829.4,33894.0,34302.0,23271
2024-11-21 00:00:00+05:30,34302.0,34399.9,33817.5,34108.7,13115
2024-11-22 00:00:00+05:30,34207.95,34511.15,34025.0,34317.55,11065
2024-11-25 00:00:00+05:30,34450.0,35200.0,34450.0,35042.6,52738
2024-11-26 00:00:00+05:30,35224.95,35350.0,34870.05,34988.25,19667
2024-11-27 00:00:00+05:30,35001.0,35254.85,34743.0,34889.25,21638
2024-11-28 00:00:00+05:30,35139.8,35139.8,34564.0,34675.7,22971
2024-11-29 00:00:00+05:30,34875.0,35050.0,34400.0,34966.2,34200
2024-12-02 00:00:00+05:30,34720.1,35139.8,34589.1,34928.15,13448
2024-12-03 00:00:00+05:30,34928.15,35166.0,34625.05,34923.7,19833
2024-12-04 00:00:00+05:30,34850.0,35293.95,34759.05,35180.65,19108
2024-12-05 00:00:00+05:30,35240.0,36308.0,34966.85,36169.5,35438
2024-12-06 00:00:00+05:30,36249.95,36997.35,36105.4,36253.65,35941
2024-12-09 00:00:00+05:30,36367.8,36477.0,35750.0,35895.15,14815
2024-12-10 00:00:00+05:30,36000.0,36041.5,35460.0,35927.55,26238
2024-12-11 00:00:00+05:30,36100.0,36332.95,35860.7,36217.55,13857
2024-12-12 00:00:00+05:30,36350.0,36527.6,35948.05,36270.75,10448
2024-12-13 00:00:00+05:30,36050.0,36530.95,35789.55,36469.6,9544
2024-12-16 00:00:00+05:30,36473.6,36680.0,36308.05,36499.0,11736
2024-12-17 00:00:00+05:30,36310.0,36575.85,35666.65,35768.45,10906
2024-12-18 00:00:00+05:30,35768.0,35973.2,35621.0,35771.75,10725
2024-12-19 00:00:00+05:30,35650.0,35836.45,35362.0,35534.3,19139
2024-12-20 00:00:00+05:30,35534.5,35934.45,34465.95,34576.95,19486
2024-12-23 00:00:00+05:30,34775.0,34956.05,34350.85,34525.05,8983
2024-12-24 00:00:00+05:30,34480.0,34845.0,34292.75,34405.25,10858
2024-12-26 00:00:00+05:30,34570.0,34632.7,34080.05,34190.1,15783
2024-12-27 00:00:00+05:30,34190.1,34729.95,34000.0,34089.65,13919
2024-12-30 00:00:00+05:30,34000.0,34600.0,33539.3,33797.8,78500
2024-12-31 00:00:00+05:30,33725.0,34300.0,33642.6,34100.2,9597
2025-01-01 00:00:00+05:30,34121.0,34286.2,33760.1,34032.55,7620
2025-01-02 00:00:00+05:30,34050.0,34597.35,33903.75,34428.65,35540
2025-01-03 00:00:00+05:30,34600.75,34919.25,34180.0,34253.55,18369
2025-01-06 00:00:00+05:30,34264.85,34402.0,33110.05,33471.1,11515
2025-01-07 00:00:00+05:30,33471.1,33675.9,32872.75,32959.7,11801
2025-01-08 00:00:00+05:30,33049.9,33161.65,32590.05,33014.75,16497
2025-01-09 00:00:00+05:30,33020.0,33225.0,32754.1,32829.65,23782
2025-01-10 00:00:00+05:30,32900.0,33199.95,31624.75,31713.85,31884
2025-01-13 00:00:00+05:30,31500.0,31697.2,30815.75,30979.75,19575
2025-01-14 00:00:00+05:30,31000.0,31729.9,30980.35,31621.7,12720
2025-01-15 00:00:00+05:30,31625.0,31766.9,31289.85,31463.95,13843
2025-01-16 00:00:00+05:30,31621.25,31797.35,31300.0,31354.35,16830
2025-01-17 00:00:00+05:30,31385.0,31509.95,31050.05,31399.8,14832
2025-01-20 00:00:00+05:30,31500.0,31549.65,30941.6,31136.75,11609
2025-01-21 00:00:00+05:30,31282.0,31550.0,30529.8,30611.0,12806
2025-01-22 00:00:00+05:30,30867.6,30867.6,30204.1,30582.7,21434
2025-01-23 00:00:00+05:30,30562.0,31362.45,30454.35,30990.5,17809
2025-01-24 00:00:00+05:30,30900.0,31113.5,30240.0,30356.5,15495
2025-01-27 00:00:00+05:30,30350.0,30350.05,29294.35,29704.05,32267
2025-01-28 00:00:00+05:30,29650.4,30144.0,29357.45,29797.05,29454
2025-01-29 00:00:00+05:30,29000.05,29205.0,28029.75,28155.7,183316
2025-01-30 00:00:00+05:30,28100.0,28949.95,27980.05,28583.55,27625
2025-01-31 00:00:00+05:30,28583.0,28900.0,28435.3,28729.15,26318
2025-02-01 00:00:00+05:30,28899.0,29119.95,28449.55,28689.25,9383
2025-02-03 00:00:00+05:30,28710.0,29051.5,28256.85,28477.45,24413
2025-02-04 00:00:00+05:30,28499.95,28860.0,28356.1,28621.2,17251
2025-02-05 00:00:00+05:30,28645.0,28889.85,28296.55,28363.05,14484
2025-02-06 00:00:00+05:30,28414.0,28581.35,27933.1,28155.85,14983
2025-02-07 00:00:00+05:30,28300.0,28400.0,27840.0,28045.15,17579
2025-02-10 00:00:00+05:30,28220.0,28499.0,27590.0,27696.65,33234
2025-02-11 00:00:00+05:30,27810.0,27810.0,27012.2,27223.45,41878
2025-02-12 00:00:00+05:30,27224.0,27424.9,26640.3,27390.5,17532
2025-02-13 00:00:00+05:30,27390.5,27635.2,27177.4,27350.4,12420
2025-02-14 00:00:00+05:30,27350.9,27562.9,26899.0,27004.55,15110
2025-02-17 00:00:00+05:30,26820.0,27136.2,26501.05,26911.25,13329
2025-02-18 00:00:00+05:30,26980.0,27279.95,26633.0,26977.6,36286
2025-02-19 00:00:00+05:30,26911.0,27589.9,26778.85,27295.4,15846
2025-02-20 00:00:00+05:30,27300.0,27548.65,27150.8,27417.95,17645
2025-02-21 00:00:00+05:30,27390.0,27594.5,27166.0,27334.1,20941
2025-02-24 00:00:00+05:30,27234.1,27234.1,26794.75,26998.4,26865
2025-02-25 00:00:00+05:30,27051.0,27314.5,26915.75,27164.55,25766
2025-02-27 00:00:00+05:30,27288.0,27341.1,26695.0,26822.15,19778
2025-02-28 00:00:00+05:30,26486.0,26821.75,26310.75,26544.0,30508
2025-03-03 00:00:00+05:30,26544.0,27029.9,26264.0,26691.55,17747
2025-03-04 00:00:00+05:30,26504.35,26647.75,26066.6,26259.7,31707
2025-03-05 00:00:00+05:30,26005.0,27121.55,26005.0,27073.45,37194
2025-03-06 00:00:00+05:30,27299.0,27311.95,26850.0,27070.05,31682
2025-03-07 00:00:00+05:30,27070.05,27391.9,26850.0,27033.4,18774
2025-03-10 00:00:00+05:30,27005.0,27250.0,26610.15,26799.35,17291
2025-03-11 00:00:00+05:30,26650.0,27030.15,26400.0,26982.55,18143
2025-03-13 00:00:00+05:30,26750.0,26807.1,26282.45,26378.35,8806
2025-03-17 00:00:00+05:30,26379.05,26759.65,26210.95,26345.85,16075
2025-03-18 00:00:00+05:30,26550.0,27430.0,26532.05,27343.65,31416
2025-03-19 00:00:00+05:30,27337.0,27671.85,27310.0,27557.3,20377
2025-03-20 00:00:00+05:30,27560.05,27875.0,27503.05,27623.85,17337
2025-03-21 00:00:00+05:30,27675.0,27839.95,27358.95,27432.25,76189
2025-03-24 00:00:00+05:30,27528.35,28356.95,27528.35,28276.8,18555
2025-03-25 00:00:00+05:30,28500.0,28500.0,27366.55,27448.1,31106
2025-03-26 00:00:00+05:30,27629.0,28180.0,27390.3,28072.05,35123
2025-03-27 00:00:00+05:30,27999.0,28459.9,27600.0,28355.5,45542
2025-03-28 00:00:00+05:30,28170.0,28560.0,28116.0,28358.45,21915
2025-04-01 00:00:00+05:30,28100.15,28349.95,27650.6,27884.1,46358
2025-04-02 00:00:00+05:30,27884.1,28205.95,27738.0,28024.1,18267
2025-04-03 00:00:00+05:30,27588.0,28098.85,27588.0,28013.9,15941
2025-04-04 00:00:00+05:30,27750.0,27780.55,27124.6,27289.1,21549
2025-04-07 00:00:00+05:30,26409.5,26800.0,25921.6,26588.25,40276
2025-04-08 00:00:00+05:30,26800.0,27089.95,26350.0,26516.3,11659
2025-04-09 00:00:00+05:30,26500.0,26596.45,26077.35,26182.7,10681
2025-04-11 00:00:00+05:30,26684.2,26849.8,26300.0,26359.25,21080
2025-04-15 00:00:00+05:30,27090.0,27165.0,26580.0,27090.0,18573
2025-04-16 00:00:00+05:30,27090.0,27485.0,27030.0,27370.0,13059
2025-04-17 00:00:00+05:30,27485.0,27580.0,27025.0,27505.0,10197
2025-04-21 00:00:00+05:30,27600.0,27930.0,27515.0,27800.0,13857
2025-04-22 00:00:00+05:30,27900.0,28350.0,27655.0,28020.0,20011
2025-04-23 00:00:00+05:30,28200.0,28600.0,27915.0,28415.0,18101
2025-04-24 00:00:00+05:30,28415.0,28600.0,28200.0,28430.0,19139
2025-04-25 00:00:00+05:30,28355.0,28625.0,27850.0,27995.0,29555
2025-04-28 00:00:00+05:30,27860.0,28395.0,27860.0,28315.0,12875
2025-04-29 00:00:00+05:30,28465.0,29250.0,28395.0,29165.0,34323
2025-04-30 00:00:00+05:30,29195.0,29685.0,29065.0,29455.0,30652
2025-05-02 00:00:00+05:30,29595.0,29940.0,29340.0,29580.0,14871
2025-05-05 00:00:00+05:30,29750.0,30570.0,29595.0,30365.0,21026
2025-05-06 00:00:00+05:30,30475.0,30600.0,29800.0,29915.0,15039
2025-05-07 00:00:00+05:30,29585.0,30850.0,29425.0,30475.0,26296
2025-05-08 00:00:00+05:30,30510.0,30755.0,29780.0,30010.0,17004
2025-05-09 00:00:00+05:30,29865.0,30235.0,29560.0,30000.0,19095
2025-05-12 00:00:00+05:30,30680.0,31085.0,30420.0,31005.0,14375
2025-05-13 00:00:00+05:30,31115.0,31325.0,31005.0,31145.0,18815
2025-05-14 00:00:00+05:30,31045.0,31755.0,31045.0,31420.0,19016
2025-05-15 00:00:00+05:30,31590.0,31820.0,31305.0,31730.0,24393
2025-05-16 00:00:00+05:30,31730.0,31885.0,31470.0,31655.0,18391
2025-05-19 00:00:00+05:30,31635.0,32080.0,31450.0,31560.0,19249
2025-05-20 00:00:00+05:30,31800.0,32000.0,31455.0,31515.0,25442
2025-05-21 00:00:00+05:30,31515.0,31850.0,31250.0,31655.0,14371
2025-05-22 00:00:00+05:30,31655.0,31895.0,31305.0,31740.0,10408
2025-05-23 00:00:00+05:30,31845.0,32195.0,31610.0,32130.0,10400
2025-05-26 00:00:00+05:30,32130.0,32705.0,31870.0,32485.0,22230
2025-05-27 00:00:00+05:30,32510.0,32610.0,32315.0,32485.0,21918
2025-05-28 00:00:00+05:30,32440.0,32440.0,31200.0,31630.0,79649
2025-05-29 00:00:00+05:30,31640.0,31885.0,31165.0,31255.0,17502
2025-05-30 00:00:00+05:30,31450.0,32015.0,31010.0,31415.0,51998
2025-06-02 00:00:00+05:30,31450.0,31520.0,31080.0,31230.0,14075
2025-06-03 00:00:00+05:30,31360.0,31560.0,31195.0,31355.0,10737
2025-06-04 00:00:00+05:30,31550.0,31840.0,31300.0,31415.0,55704
2025-06-05 00:00:00+05:30,31680.0,31680.0,31250.0,31455.0,62802
2025-06-06 00:00:00+05:30,31625.0,31730.0,31320.0,31595.0,29686
2025-06-09 00:00:00+05:30,31605.0,31880.0,31605.0,31690.0,18145
2025-06-10 00:00:00+05:30,31690.0,31970.0,31450.0,31545.0,21674
2025-06-11 00:00:00+05:30,31550.0,31945.0,31520.0,31895.0,9731
2025-06-12 00:00:00+05:30,31800.0,31940.0,31440.0,31520.0,9072
2025-06-13 00:00:00+05:30,31100.0,31730.0,30945.0,31585.0,12905
2025-06-16 00:00:00+05:30,31695.0,32375.0,31405.0,32280.0,21513
2025-06-17 00:00:00+05:30,32370.0,32395.0,32000.0,32215.0,10902
2025-06-18 00:00:00+05:30,32105.0,32585.0,32105.0,32390.0,15987
2025-06-19 00:00:00+05:30,32480.0,32795.0,32205.0,32375.0,20928
2025-06-20 00:00:00+05:30,32375.0,32620.0,32150.0,32290.0,23579
2025-06-23 00:00:00+05:30,32250.0,32290.0,31480.0,31575.0,13460
2025-06-24 00:00:00+05:30,32000.0,32000.0,31435.0,31500.0,15696
2025-06-25 00:00:00+05:30,31705.0,32085.0,31470.0,31755.0,28913
2025-06-26 00:00:00+05:30,31895.0,32400.0,31525.0,32215.0,40409
2025-06-27 00:00:00+05:30,32490.0,32495.0,32020.0,32260.0,83020
2025-06-30 00:00:00+05:30,32660.0,32895.0,32440.0,32680.0,32831
2025-07-01 00:00:00+05:30,32660.0,32670.0,32120.0,32315.0,13798
2025-07-02 00:00:00+05:30,32400.0,32545.0,32215.0,32445.0,18343
2025-07-03 00:00:00+05:30,32545.0,34875.0,32450.0,34405.0,120903
2025-07-04 00:00:00+05:30,34380.0,36020.0,34330.0,35930.0,173114
2025-07-07 00:00:00+05:30,35760.0,36340.0,35375.0,36045.0,90278
2025-07-08 00:00:00+05:30,35990.0,36335.0,35380.0,35490.0,83073
2025-07-09 00:00:00+05:30,35500.0,36095.0,35265.0,35800.0,40693
2025-07-10 00:00:00+05:30,35725.0,36300.0,35620.0,36195.0,40853
2025-07-11 00:00:00+05:30,36200.0,37410.0,36155.0,36525.0,81825
2025-07-14 00:00:00+05:30,36785.0,37985.0,36525.0,37845.0,75464
2025-07-15 00:00:00+05:30,37990.0,38850.0,37885.0,38320.0,69592
2025-07-16 00:00:00+05:30,38570.0,38570.0,37845.0,38475.0,42632
2025-07-17 00:00:00+05:30,38600.0,38855.0,38275.0,38645.0,40326
2025-07-18 00:00:00+05:30,38645.0,39055.0,38150.0,38250.0,32786
2025-07-21 00:00:00+05:30,38495.0,38565.0,38010.0,38320.0,24276
2025-07-22 00:00:00+05:30,38500.0,38515.0,37425.0,37755.0,26390
2025-07-23 00:00:00+05:30,37800.0,38060.0,37515.0,37980.0,20844
2025-07-24 00:00:00+05:30,37980.0,38350.0,37825.0,37910.0,19341
2025-07-25 00:00:00+05:30,38115.0,38115.0,37610.0,37830.0,17581
2025-07-28 00:00:00+05:30,38140.0,38530.0,37810.0,38235.0,37336
2025-07-29 00:00:00+05:30,37700.0,40120.0,37615.0,39915.0,89125
2025-07-30 00:00:00+05:30,40000.0,40415.0,39125.0,40060.0,100405
2025-07-31 00:00:00+05:30,39500.0,40490.0,39325.0,40385.0,46071
2025-08-01 00:00:00+05:30,40375.0,40730.0,40105.0,40390.0,59925
2025-08-04 00:00:00+05:30,40150.0,41280.0,40035.0,41115.0,66056
2025-08-05 00:00:00+05:30,41145.0,41290.0,39445.0,40595.0,114355
2025-08-06 00:00:00+05:30,40500.0,40555.0,38150.0,38255.0,103119
2025-08-07 00:00:00+05:30,38225.0,38750.0,37900.0,38570.0,54977
2025-08-08 00:00:00+05:30,38570.0,39150.0,38220.0,38325.0,32516
2025-08-11 00:00:00+05:30,38540.0,39080.0,38320.0,38710.0,31256
2025-08-12 00:00:00+05:30,39000.0,39010.0,38540.0,38610.0,20383
2025-08-13 00:00:00+05:30,38795.0,38910.0,38510.0,38660.0,13806
2025-08-14 00:00:00+05:30,38880.0,38950.0,38430.0,38585.0,23267
2025-08-18 00:00:00+05:30,39000.0,39895.0,38870.0,39335.0,28210
2025-08-19 00:00:00+05:30,39495.0,40245.0,39365.0,39860.0,25516
2025-08-20 00:00:00+05:30,39920.0,40280.0,39830.0,39935.0,18625
2025-08-21 00:00:00+05:30,40075.0,40105.0,39360.0,39475.0,21473
2025-08-22 00:00:00+05:30,39725.0,39780.0,39165.0,39325.0,14967
2025-08-25 00:00:00+05:30,39325.0,39535.0,38950.0,39085.0,33832
2025-08-26 00:00:00+05:30,39200.0,39655.0,38800.0,39510.0,32640
2025-08-28 00:00:00+05:30,39700.0,39960.0,39070.0,39225.0,33810
2025-08-29 00:00:00+05:30,39455.0,40350.0,39060.0,39960.0,46252
2025-09-01 00:00:00+05:30,40220.0,40950.0,40010.0,40785.0,45616
2025-09-02 00:00:00+05:30,40900.0,41575.0,40675.0,41315.0,38339
2025-09-03 00:00:00+05:30,41500.0,41835.0,41000.0,41100.0,31045
2025-09-04 00:00:00+05:30,41660.0,41660.0,40540.0,40740.0,27591
2025-09-05 00:00:00+05:30,41075.0,41095.0,40755.0,40910.0,16404
2025-09-08 00:00:00+05:30,41100.0,41760.0,41000.0,41355.0,16171
2025-09-09 00:00:00+05:30,41450.0,41640.0,41095.0,41495.0,25999
2025-09-10 00:00:00+05:30,41700.0,41945.0,40955.0,41005.0,29476
2025-09-11 00:00:00+05:30,41190.0,41200.0,40400.0,40655.0,24790
2025-09-12 00:00:00+05:30,40780.0,40890.0,39790.0,39885.0,24810
2025-09-15 00:00:00+05:30,40040.0,40040.0,39260.0,39445.0,21503
2025-09-16 00:00:00+05:30,39605.0,40050.0,39595.0,39920.0,34458
2025-09-17 00:00:00+05:30,39995.0,40190.0,39725.0,39775.0,29814
2025-09-18 00:00:00+05:30,40000.0,40060.0,39780.0,39885.0,19976
2025-09-19 00:00:00+05:30,39985.0,40130.0,39400.0,39790.0,31662
2025-09-22 00:00:00+05:30,39790.0,40050.0,39400.0,39570.0,32201
2025-09-23 00:00:00+05:30,39570.0,40055.0,39300.0,39390.0,30113
2025-09-24 00:00:00+05:30,39520.0,39595.0,38665.0,38760.0,22613
2025-09-25 00:00:00+05:30,38890.0,39000.0,38365.0,38525.0,34109
2025-09-26 00:00:00+05:30,38430.0,38720.0,38050.0,38150.0,28075
2025-09-29 00:00:00+05:30,38165.0,38600.0,37635.0,38345.0,67770
2025-09-30 00:00:00+05:30,38000.0,38470.0,37905.0,38145.0,16286
2025-10-01 00:00:00+05:30,38145.0,38465.0,37895.0,38320.0,31571
2025-10-03 00:00:00+05:30,38320.0,38705.0,38010.0,38630.0,22284
2025-10-06 00:00:00+05:30,38700.0,38900.0,38385.0,38800.0,11383
2025-10-07 00:00:00+05:30,38800.0,39125.0,38690.0,38770.0,15407
2025-10-08 00:00:00+05:30,38750.0,38945.0,38255.0,38350.0,14990
2025-10-09 00:00:00+05:30,38450.0,38555.0,38105.0,38465.0,17549
2025-10-10 00:00:00+05:30,38480.0,38890.0,38315.0,38625.0,11241
2025-10-13 00:00:00+05:30,38655.0,38810.0,38370.0,38535.0,14360
2025-10-14 00:00:00+05:30,38535.0,38640.0,37340.0,38010.0,32330
2025-10-15 00:00:00+05:30,38070.0,38595.0,37985.0,38380.0,22583
2025-10-16 00:00:00+05:30,38480.0,38665.0,38270.0,38510.0,16716
2025-10-17 00:00:00+05:30,38490.0,38850.0,38345.0,38755.0,19212
2025-10-20 00:00:00+05:30,38585.0,39515.0,38585.0,39215.0,19865
2025-10-21 00:00:00+05:30,39510.0,39510.0,39020.0,39200.0,1943
2025-10-23 00:00:00+05:30,39490.0,39520.0,38825.0,38920.0,11758
2025-10-24 00:00:00+05:30,39190.0,39190.0,38400.0,38600.0,11903
2025-10-27 00:00:00+05:30,38775.0,39090.0,38435.0,39005.0,9671
2025-10-28 00:00:00+05:30,38855.0,39370.0,38445.0,38540.0,16377
2025-10-29 00:00:00+05:30,37915.0,38095.0,36800.0,37380.0,49599
2025-10-30 00:00:00+05:30,37500.0,37570.0,36970.0,37210.0,24286
2025-10-31 00:00:00+05:30,37410.0,37550.0,37010.0,37300.0,19072
2025-11-03 00:00:00+05:30,37200.0,37250.0,36520.0,37090.0,36510
2025-11-04 00:00:00+05:30,37025.0,37925.0,36805.0,37850.0,29198
2025-11-06 00:00:00+05:30,37950.0,37950.0,36845.0,37020.0,28881
2025-11-07 00:00:00+05:30,36985.0,37100.0,36610.0,36800.0,13122
2025-11-10 00:00:00+05:30,37000.0,37495.0,36715.0,37200.0,17223
2025-11-11 00:00:00+05:30,37280.0,37365.0,36500.0,36680.0,36836
2025-11-12 00:00:00+05:30,36610.0,37345.0,35750.0,37160.0,53670
2025-11-13 00:00:00+05:30,37150.0,37650.0,36945.0,37120.0,24679
2025-11-14 00:00:00+05:30,37235.0,37285.0,36655.0,36895.0,23119
2025-11-17 00:00:00+05:30,37000.0,37585.0,36915.0,37450.0,24671
2025-11-18 00:00:00+05:30,37450.0,37470.0,36720.0,37065.0,17257
2025-11-19 00:00:00+05:30,37065.0,37185.0,36600.0,36870.0,18670
2025-11-20 00:00:00+05:30,36970.0,37195.0,36805.0,37055.0,18123
2025-11-21 00:00:00+05:30,37140.0,37140.0,36420.0,36500.0,12455
2025-11-24 00:00:00+05:30,36500.0,36685.0,36080.0,36220.0,30421
2025-11-25 00:00:00+05:30,36400.0,36400.0,35680.0,35770.0,14140
2025-11-26 00:00:00+05:30,35925.0,36590.0,35805.0,36485.0,14212
2025-11-27 00:00:00+05:30,36700.0,36700.0,36050.0,36300.0,12118
2025-11-28 00:00:00+05:30,36205.0,36455.0,36070.0,36110.0,14473
2025-12-01 00:00:00+05:30,36280.0,36485.0,36160.0,36410.0,16521
2025-12-02 00:00:00+05:30,36360.0,36900.0,36345.0,36660.0,26398
2025-12-03 00:00:00+05:30,36850.0,36850.0,36160.0,36600.0,22910
2025-12-04 00:00:00+05:30,36580.0,37250.0,36570.0,36900.0,38002
2025-12-05 00:00:00+05:30,36985.0,37035.0,36595.0,36920.0,9244
2025-12-08 00:00:00+05:30,37000.0,37080.0,36395.0,36555.0,17000
2025-12-09 00:00:00+05:30,36660.0,36885.0,36285.0,36780.0,15770
2025-12-10 00:00:00+05:30,36850.0,36950.0,36315.0,36425.0,8636
2025-12-11 00:00:00+05:30,36590.0,36970.0,36215.0,36880.0,7160
2025-12-12 00:00:00+05:30,36880.0,36950.0,36285.0,36625.0,11065
2025-12-15 00:00:00+05:30,36870.0,36870.0,36340.0,36400.0,4956
2025-12-16 00:00:00+05:30,36400.0,36410.0,35950.0,36230.0,11179
2025-12-17 00:00:00+05:30,36380.0,36380.0,35850.0,35950.0,9258
2025-12-18 00:00:00+05:30,36090.0,36090.0,35550.0,35750.0,10780
2025-12-19 00:00:00+05:30,35745.0,36295.0,35615.0,35940.0,40192
2025-12-22 00:00:00+05:30,35800.0,36230.0,35800.0,36150.0,16457
2025-12-23 00:00:00+05:30,36165.0,36500.0,35840.0,36305.0,11103
2025-12-24 00:00:00+05:30,36210.0,36470.0,36010.0,36195.0,16626
2025-12-26 00:00:00+05:30,36045.0,36340.0,35755.0,35855.0,14945
2025-12-29 00:00:00+05:30,36000.0,36030.0,35540.0,35630.0,13152
2025-12-30 00:00:00+05:30,35630.0,35750.0,34990.0,35745.0,88747
2025-12-31 00:00:00+05:30,35700.0,36310.0,35700.0,36040.0,13573
2026-01-01 00:00:00+05:30,36040.0,36270.0,35755.0,36140.0,6055
2026-01-02 00:00:00+05:30,36170.0,39600.0,36150.0,39420.0,185984
2026-01-05 00:00:00+05:30,39010.0,39550.0,38760.0,39170.0,47881
2026-01-06 00:00:00+05:30,38710.0,39375.0,38695.0,38950.0,31988
2026-01-07 00:00:00+05:30,38700.0,39265.0,38105.0,39145.0,39290
2026-01-08 00:00:00+05:30,39025.0,39200.0,38405.0,38545.0,27794
2026-01-09 00:00:00+05:30,38500.0,38895.0,37665.0,37990.0,33463
2026-01-12 00:00:00+05:30,38200.0,38205.0,36870.0,37660.0,30844
2026-01-13 00:00:00+05:30,37745.0,38015.0,37300.0,37905.0,28392
2026-01-14 00:00:00+05:30,37900.0,38255.0,36930.0,37455.0,22519
2026-01-16 00:00:00+05:30,37420.0,37520.0,36730.0,36835.0,34171
2026-01-19 00:00:00+05:30,36540.0,36875.0,36325.0,36510.0,19572
2026-01-20 00:00:00+05:30,36350.0,36380.0,35425.0,35575.0,40077
2026-01-21 00:00:00+05:30,35510.0,35655.0,34610.0,35130.0,34584
2026-01-22 00:00:00+05:30,35305.0,36010.0,35305.0,35710.0,21264
2026-01-23 00:00:00+05:30,35865.0,35865.0,35140.0,35265.0,26686
2026-01-27 00:00:00+05:30,35395.0,35840.0,34930.0,35310.0,18829
2026-01-28 00:00:00+05:30,35500.0,36285.0,35035.0,36185.0,15229
2026-01-29 00:00:00+05:30,35960.0,36335.0,35750.0,36015.0,16931
2026-01-30 00:00:00+05:30,35900.0,36750.0,35555.0,36530.0,24729
2026-02-01 00:00:00+05:30,36530.0,36570.0,35500.0,36130.0,7701
2026-02-02 00:00:00+05:30,36000.0,36720.0,35670.0,36605.0,11666
2026-02-03 00:00:00+05:30,37995.0,37995.0,37235.0,37740.0,28817
2026-02-04 00:00:00+05:30,37700.0,38620.0,36320.0,36710.0,33811
2026-02-05 00:00:00+05:30,36710.0,36745.0,36070.0,36275.0,16466
2026-02-06 00:00:00+05:30,36275.0,36460.0,35775.0,36340.0,18833
2026-02-09 00:00:00+05:30,36630.0,36680.0,35525.0,35630.0,31240
2026-02-10 00:00:00+05:30,35650.0,35925.0,35200.0,35575.0,19847
2026-02-11 00:00:00+05:30,35580.0,36645.0,35440.0,36570.0,24918
2026-02-12 00:00:00+05:30,36570.0,36750.0,36310.0,36495.0,9373
2026-02-13 00:00:00+05:30,36415.0,36420.0,35600.0,35695.0,13848
2026-02-16 00:00:00+05:30,35695.0,35805.0,35275.0,35485.0,9980
2026-02-17 00:00:00+05:30,35485.0,35655.0,35220.0,35370.0,12706
2026-02-18 00:00:00+05:30,35430.0,35775.0,35205.0,35695.0,10776
2026-02-19 00:00:00+05:30,35800.0,35960.0,34890.0,35015.0,10448
2026-02-20 00:00:00+05:30,35055.0,35665.0,34730.0,35215.0,25449
2026-02-23 00:00:00+05:30,35165.0,35630.0,35140.0,35340.0,9208
2026-02-24 00:00:00+05:30,35320.0,35490.0,34855.0,35330.0,11570
2026-02-25 00:00:00+05:30,35430.0,37455.0,35430.0,36570.0,62472
2026-02-26 00:00:00+05:30,36590.0,36825.0,36200.0,36740.0,16218
2026-02-27 00:00:00+05:30,36795.0,36835.0,35960.0,36425.0,32321
2026-03-02 00:00:00+05:30,35855.0,36175.0,35000.0,35370.0,20579
2026-03-04 00:00:00+05:30,34900.0,34900.0,33300.0,33390.0,50693
2026-03-05 00:00:00+05:30,33450.0,33715.0,33005.0,33230.0,22632
2026-03-06 00:00:00+05:30,33305.0,33610.0,32920.0,33335.0,17779
2026-03-09 00:00:00+05:30,32850.0,32850.0,31470.0,31600.0,23866
2026-03-10 00:00:00+05:30,31940.0,32270.0,31650.0,32080.0,17509
2026-03-11 00:00:00+05:30,32175.0,32430.0,31620.0,31715.0,18909
2026-03-12 00:00:00+05:30,31620.0,31620.0,30815.0,31305.0,27041
2026-03-13 00:00:00+05:30,31000.0,31325.0,30100.0,30185.0,20427
2026-03-16 00:00:00+05:30,30260.0,30580.0,29815.0,30355.0,16874
2026-03-17 00:00:00+05:30,30595.0,30910.0,30390.0,30645.0,11579
2026-03-18 00:00:00+05:30,30780.0,31275.0,30635.0,31005.0,14836
2026-03-19 00:00:00+05:30,30520.0,30600.0,29945.0,30135.0,12551
2026-03-20 00:00:00+05:30,30300.0,30825.0,30280.0,30390.0,30424
2026-03-23 00:00:00+05:30,30220.0,30300.0,29000.0,29135.0,25264
2026-03-24 00:00:00+05:30,29650.0,30250.0,29400.0,30080.0,27727
2026-03-25 00:00:00+05:30,30340.0,30705.0,30180.0,30390.0,17887
2026-03-27 00:00:00+05:30,30395.0,30480.0,29515.0,29615.0,31803
2026-03-30 00:00:00+05:30,29220.0,29470.0,28610.0,28745.0,39061
2026-04-01 00:00:00+05:30,29445.0,31085.0,29120.0,30635.0,70699
2026-04-02 00:00:00+05:30,30035.0,32325.0,29900.0,32135.0,85448
2026-04-06 00:00:00+05:30,32155.0,33535.0,32155.0,33460.0,65114
2026-04-07 00:00:00+05:30,33360.0,33800.0,32555.0,33445.0,57128
2026-04-08 00:00:00+05:30,34250.0,36300.0,34250.0,35935.0,107352
2026-04-09 00:00:00+05:30,36180.0,37570.0,35825.0,36770.0,262676
2026-04-10 00:00:00+05:30,36990.0,37670.0,36850.0,37330.0,83719
2026-04-13 00:00:00+05:30,36665.0,37385.0,36420.0,36615.0,57408
2026-04-15 00:00:00+05:30,37100.0,37235.0,36415.0,37080.0,92805
2026-04-16 00:00:00+05:30,37375.0,37565.0,36950.0,37440.0,31261
2026-04-17 00:00:00+05:30,37445.0,37935.0,37200.0,37505.0,28289
2026-04-20 00:00:00+05:30,37700.0,38195.0,37225.0,37790.0,36644
2026-04-21 00:00:00+05:30,37790.0,38360.0,37790.0,38100.0,24080
2026-04-22 00:00:00+05:30,38110.0,38395.0,37765.0,37885.0,26733
2026-04-23 00:00:00+05:30,37885.0,37905.0,37210.0,37380.0,20767
2026-04-24 00:00:00+05:30,37495.0,37690.0,36295.0,36690.0,30157
2026-04-27 00:00:00+05:30,36800.0,37460.0,36730.0,37225.0,30944
2026-04-28 00:00:00+05:30,37180.0,37565.0,37000.0,37320.0,21761
2026-04-29 00:00:00+05:30,37165.0,37470.0,36190.0,36345.0,34734
2026-04-30 00:00:00+05:30,36500.0,36500.0,35675.0,35995.0,32877
2026-05-04 00:00:00+05:30,36150.0,36490.0,35475.0,35850.0,21982
2026-05-05 00:00:00+05:30,36100.0,36285.0,35810.0,35870.0,14802
2026-05-06 00:00:00+05:30,36000.0,36750.0,35795.0,36645.0,40352
2026-05-07 00:00:00+05:30,36880.0,38380.0,36645.0,37895.0,54499
2026-05-08 00:00:00+05:30,37750.0,38855.0,37650.0,38145.0,30045
2026-05-11 00:00:00+05:30,38020.0,38020.0,37220.0,37315.0,19312
2026-05-12 00:00:00+05:30,37315.0,37625.0,36345.0,36510.0,17005
2026-05-13 00:00:00+05:30,36510.0,36880.0,36235.0,36315.0,19079
2026-05-14 00:00:00+05:30,36545.0,37180.0,36065.0,36945.0,20799
2026-05-15 00:00:00+05:30,37390.0,37980.0,36780.0,37740.0,25058
2026-05-18 00:00:00+05:30,37735.0,37740.0,36930.0,37155.0,21448
2026-05-19 00:00:00+05:30,37205.0,37650.0,36920.0,37130.0,20017
2026-05-20 00:00:00+05:30,36995.0,37380.0,36370.0,36830.0,38556
2026-05-21 00:00:00+05:30,37190.0,37600.0,34830.0,35210.0,115544
2026-05-22 00:00:00+05:30,35425.0,36860.0,34825.0,36065.0,93254
2026-05-25 00:00:00+05:30,36400.0,36760.0,36200.0,36310.0,21720
2026-05-26 00:00:00+05:30,36430.0,36595.0,35735.0,35835.0,21187
2026-05-27 00:00:00+05:30,36000.0,36135.0,35850.0,36035.0,14903
2026-05-29 00:00:00+05:30,36365.0,37950.0,36290.0,36625.0,168254
2026-06-01 00:00:00+05:30,37155.0,37350.0,36515.0,36705.0,45064
2026-06-02 00:00:00+05:30,36550.0,37500.0,35755.0,37220.0,53220
2026-06-03 00:00:00+05:30,37220.0,38350.0,36735.0,37760.0,41647
2026-06-04 00:00:00+05:30,37755.0,38100.0,36875.0,37000.0,30639
2026-06-05 00:00:00+05:30,37320.0,37475.0,36600.0,37240.0,26904
2026-06-08 00:00:00+05:30,36895.0,37200.0,36335.0,36610.0,32707
2026-06-09 00:00:00+05:30,36855.0,37990.0,36745.0,37820.0,46439
2026-06-10 00:00:00+05:30,37800.0,38250.0,37500.0,37790.0,48524
2026-06-11 00:00:00+05:30,37800.0,38350.0,37470.0,37565.0,34810
2026-06-12 00:00:00+05:30,38320.0,39450.0,38310.0,39060.0,78501
2026-06-15 00:00:00+05:30,39400.0,39775.0,38960.0,39070.0,45458
2026-06-16 00:00:00+05:30,39300.0,39900.0,38960.0,39045.0,22828
2026-06-17 00:00:00+05:30,39250.0,39470.0,38870.0,39230.0,26887
2026-06-18 00:00:00+05:30,39430.0,40500.0,39245.0,40035.0,53616
2026-06-19 00:00:00+05:30,40000.0,40385.0,39840.0,40195.0,41782
2026-06-22 00:00:00+05:30,40450.0,40790.0,40090.0,40300.0,27709
2026-06-23 00:00:00+05:30,40225.0,40450.0,40070.0,40190.0,35585
2026-06-24 00:00:00+05:30,40300.0,40480.0,40135.0,40365.0,29152
2026-06-25 00:00:00+05:30,40465.0,41385.0,40180.0,40440.0,64902
2026-06-29 00:00:00+05:30,40630.0,41030.0,39505.0,39885.0,175135
2026-06-30 00:00:00+05:30,40200.0,40720.0,39750.0,39900.0,32837
2026-07-01 00:00:00+05:30,39950.0,40850.0,39905.0,40785.0,44664
2026-07-02 00:00:00+05:30,40750.0,41675.0,40510.0,41515.0,43251
2026-07-03 00:00:00+05:30,41400.0,42565.0,41390.0,41895.0,44049
2026-07-06 00:00:00+05:30,41895.0,42260.0,41510.0,42125.0,44661
2026-07-07 00:00:00+05:30,42180.0,42520.0,41660.0,41935.0,33064
2026-07-08 00:00:00+05:30,42000.0,42055.0,41310.0,41610.0,64656
2026-07-09 00:00:00+05:30,41610.0,42320.0,41610.0,42225.0,25168
2026-07-10 00:00:00+05:30,42325.0,42485.0,41720.0,41815.0,12016
2026-07-13 00:00:00+05:30,41700.0,42050.0,41310.0,41695.0,18121
2026-07-14 00:00:00+05:30,41600.0,41860.0,41400.0,41460.0,11517
2026-07-15 00:00:00+05:30,41470.0,42040.0,41365.0,41445.0,17566
2026-07-16 00:00:00+05:30,41500.0,41550.0,40985.0,41110.0,21013
2026-07-17 00:00:00+05:30,41110.0,41550.0,40760.0,40855.0,13320
2026-07-20 00:00:00+05:30,40800.0,41120.0,40400.0,40960.0,26595
2026-07-21 00:00:00+05:30,41000.0,41325.0,40720.0,40870.0,8634
2026-07-22 00:00:00+05:30,40830.0,41635.0,40715.0,41560.0,15755
2026-07-23 00:00:00+05:30,41540.0,42985.0,41125.0,42240.0,39162
2026-07-24 00:00:00+05:30,42200.0,42200.0,41500.0,41755.0,20543
2026-07-27 00:00:00+05:30,41905.0,42165.0,41130.0,41250.0,22295
2026-07-28 00:00:00+05:30,41705.0,41705.0,40925.0,41310.0,25733
2026-07-29 00:00:00+05:30,41355.0,41630.0,39705.0,41065.0,46738
2026-07-30 00:00:00+05:30,41065.0,41600.0,40905.0,41550.0,27710
2026-07-31 00:00:00+05:30,41590.0,41715.0,40920.0,41085.0,19054
2026-08-03 00:00:00+05:30,41325.0,41600.0,41105.0,41300.0,14910
2026-08-04 00:00:00+05:30,41160.0,41555.0,41000.0,41200.0,14478
2026-08-05 00:00:00+05:30,41405.0,43650.0,41310.0,42920.0,116771
2026-08-06 00:00:00+05:30,42920.0,42920.0,41870.0,42000.0,30753
2026-08-07 00:00:00+05:30,42350.0,42950.0,42000.0,42950.0,28216
2026-08-10 00:00:00+05:30,42950.0,43505.0,42620.0,43505.0,40508
2026-08-11 00:00:00+05:30,44105.0,45750.0,44000.0,45185.0,150509
2026-08-12 00:00:00+05:30,45040.0,46735.0,45040.0,46480.0,96508
2026-08-13 00:00:00+05:30,46500.0,47285.0,46500.0,46750.0,48750
2026-08-14 00:00:00+05:30,46810.0,47315.0,46480.0,47100.0,33575
2026-08-17 00:00:00+05:30,47105.0,47730.0,46870.0,46970.0,29499
2026-08-18 00:00:00+05:30,47010.0,48940.0,46775.0,48730.0,93891
2026-08-19 00:00:00+05:30,48730.0,49130.0,48315.0,48460.0,52957
2026-08-20 00:00:00+05:30,48545.0,48750.0,47900.0,48750.0,47793
2026-08-21 00:00:00+05:30,48635.0,48635.0,48060.0,48200.0,30216
