datetime,open,high,low,close,volume
2011-08-24 00:00:00+05:30,160.42,161.11,159.06,159.89,263508
2011-08-25 00:00:00+05:30,160.42,160.42,155.38,156.89,368268
2011-08-26 00:00:00+05:30,155.5,161.05,155.5,158.74,383578
2011-08-29 00:00:00+05:30,170.45,170.45,158.04,159.54,288304
2011-08-30 00:00:00+05:30,159.62,161.28,157.27,159.48,52160
2011-09-02 00:00:00+05:30,161.28,162.07,157.87,161.07,388518
2011-09-05 00:00:00+05:30,154.67,161.01,151.55,159.74,50179
2011-09-06 00:00:00+05:30,159.58,161.38,158.61,160.38,174773
2011-09-07 00:00:00+05:30,170.45,170.45,158.96,160.92,18896
2011-09-08 00:00:00+05:30,163.49,163.49,159.65,161.34,158168
2011-09-09 00:00:00+05:30,161.45,162.64,160.42,161.07,108526
2011-09-12 00:00:00+05:30,160.42,164.5,157.02,159.32,182619
2011-09-13 00:00:00+05:30,162.64,162.73,157.35,159.03,54269
2011-09-14 00:00:00+05:30,159.06,160.74,153.6,156.11,1273213
2011-09-15 00:00:00+05:30,160.26,160.26,153.8,156.52,84146
2011-09-16 00:00:00+05:30,160.39,160.41,147.11,150.82,1741558
2011-09-19 00:00:00+05:30,151.9,152.74,149.34,150.47,863765
2011-09-20 00:00:00+05:30,150.37,152.74,149.02,151.57,403019
2011-09-21 00:00:00+05:30,152.58,156.16,151.22,154.5,157716
2011-09-22 00:00:00+05:30,152.74,154.42,149.34,151.08,102896
2011-09-23 00:00:00+05:30,151.04,158.38,148.48,156.53,142893
2011-09-26 00:00:00+05:30,159.91,162.98,156.16,157.28,164736
2011-09-27 00:00:00+05:30,159.58,159.62,156.12,158.7,229968
2011-09-28 00:00:00+05:30,160.42,160.42,152.32,156.14,1513324
2011-09-29 00:00:00+05:30,157.86,168.63,153.6,166.24,348561
2011-09-30 00:00:00+05:30,160.43,166.74,160.43,165.41,27633
2011-10-03 00:00:00+05:30,166.4,167.06,155.69,157.54,93626
2011-10-04 00:00:00+05:30,163.84,168.57,156.34,159.82,273275
2011-10-05 00:00:00+05:30,162.81,162.81,153.69,154.86,61030
2011-10-07 00:00:00+05:30,157.02,160.82,155.34,156.91,385224
2011-10-10 00:00:00+05:30,158.72,159.28,155.31,158.76,9521
2011-10-11 00:00:00+05:30,158.22,175.58,158.21,167.91,361476
2011-10-12 00:00:00+05:30,168.1,172.2,168.1,170.64,52523
2011-10-13 00:00:00+05:30,172.2,173.91,168.96,170.95,618169
2011-10-14 00:00:00+05:30,170.65,170.66,167.29,168.19,4124
2011-10-17 00:00:00+05:30,170.66,171.34,165.64,168.33,25588
2011-10-18 00:00:00+05:30,167.08,170.33,165.07,165.93,8724
2011-10-19 00:00:00+05:30,171.88,171.88,168.1,168.89,581970
2011-10-20 00:00:00+05:30,164.78,168.96,164.78,168.01,28119
2011-10-21 00:00:00+05:30,167.78,169.29,167.78,168.38,21591
2011-10-24 00:00:00+05:30,168.62,168.97,166.75,167.42,20718
2011-10-25 00:00:00+05:30,167.42,168.1,163.87,166.97,97294
2011-10-26 00:00:00+05:30,165.75,168.75,165.07,167.04,1933
2011-10-28 00:00:00+05:30,168.79,180.41,166.94,170.22,1318891
2011-10-31 00:00:00+05:30,172.36,176.64,165.72,168.1,484921
2011-11-01 00:00:00+05:30,167.26,170.5,165.73,167.53,391839
2011-11-02 00:00:00+05:30,169.3,169.64,164.01,165.98,75421
2011-11-03 00:00:00+05:30,165.38,168.45,164.02,166.39,47929
2011-11-04 00:00:00+05:30,165.55,168.96,163.84,165.2,761630
2011-11-08 00:00:00+05:30,166.79,167.26,164.7,165.46,1122075
2011-11-09 00:00:00+05:30,164.35,167.12,164.1,165.87,51316
2011-11-11 00:00:00+05:30,165.8,167.54,164.07,165.79,129761
2011-11-14 00:00:00+05:30,164.35,167.26,164.35,165.5,64160
2011-11-15 00:00:00+05:30,166.3,166.48,162.58,163.84,122039
2011-11-16 00:00:00+05:30,163.84,165.54,162.52,163.55,61716
2011-11-17 00:00:00+05:30,163.84,164.46,162.61,163.82,22488
2011-11-18 00:00:00+05:30,163.83,163.84,160.77,163.36,37758
2011-11-21 00:00:00+05:30,161.31,164.9,161.31,163.5,24210
2011-11-22 00:00:00+05:30,164.65,166.35,162.82,163.73,105093
2011-11-23 00:00:00+05:30,162.49,164.34,158.15,159.62,365900
2011-11-24 00:00:00+05:30,159.92,161.22,153.6,156.15,37318
2011-11-25 00:00:00+05:30,155.49,160.38,153.43,154.45,87873
2011-11-28 00:00:00+05:30,157.02,158.7,154.79,156.94,162018
2011-11-29 00:00:00+05:30,158.5,160.2,155.6,156.94,169418
2011-11-30 00:00:00+05:30,158.06,158.06,152.52,154.09,567439
2011-12-01 00:00:00+05:30,155.14,159.23,154.54,155.69,84978
2011-12-02 00:00:00+05:30,155.3,156.84,154.17,156.06,153626
2011-12-05 00:00:00+05:30,154.83,159.06,153.63,155.31,117731
2011-12-07 00:00:00+05:30,156.32,156.32,152.07,153.64,400723
2011-12-08 00:00:00+05:30,151.04,168.79,151.04,161.76,385816
2011-12-09 00:00:00+05:30,157.86,157.86,152.09,153.43,128355
2011-12-12 00:00:00+05:30,156.84,156.84,150.23,152.5,514564
2011-12-13 00:00:00+05:30,151.2,153.6,150.36,151.95,167859
2011-12-14 00:00:00+05:30,155.3,156.16,150.58,151.3,140660
2011-12-15 00:00:00+05:30,151.21,151.21,148.49,149.22,105280
2011-12-16 00:00:00+05:30,149.55,153.01,144.67,146.66,215571
2011-12-19 00:00:00+05:30,146.78,146.78,141.66,143.29,51280
2011-12-20 00:00:00+05:30,144.04,144.04,139.11,141.05,911689
2011-12-21 00:00:00+05:30,140.92,142.3,139.79,140.42,34060
2011-12-22 00:00:00+05:30,140.46,142.32,138.96,141.78,45111
2011-12-23 00:00:00+05:30,141.82,144.24,140.29,142.26,39169
2011-12-26 00:00:00+05:30,143.7,144.22,141.91,142.7,5941
2011-12-27 00:00:00+05:30,142.76,142.94,141.26,142.16,7599
2011-12-28 00:00:00+05:30,140.97,141.48,136.92,139.42,46036
2011-12-29 00:00:00+05:30,138.42,140.79,137.22,137.93,4963
2011-12-30 00:00:00+05:30,137.93,154.46,136.62,143.19,105404
2012-01-02 00:00:00+05:30,148.31,148.31,138.24,139.78,54638
2012-01-03 00:00:00+05:30,140.13,142.66,140.13,141.34,84186
2012-01-04 00:00:00+05:30,141.66,148.14,141.33,142.42,240450
2012-01-05 00:00:00+05:30,142.42,143.36,140.65,141.34,97570
2012-01-06 00:00:00+05:30,140.8,144.22,139.66,141.65,892453
2012-01-07 00:00:00+05:30,141.82,144.2,139.78,143.23,3744
2012-01-09 00:00:00+05:30,141.72,144.54,141.72,142.87,232963
2012-01-10 00:00:00+05:30,144.04,145.76,141.91,145.07,159820
2012-01-11 00:00:00+05:30,143.38,145.17,142.39,143.38,120299
2012-01-12 00:00:00+05:30,144.22,145.75,142.52,144.42,112564
2012-01-13 00:00:00+05:30,144.74,144.74,142.04,143.06,133119
2012-01-16 00:00:00+05:30,143.4,146.78,142.17,144.38,714304
2012-01-17 00:00:00+05:30,145.06,145.87,143.7,144.35,1821990
2012-01-18 00:00:00+05:30,143.78,145.41,142.04,142.9,362460
2012-01-19 00:00:00+05:30,144.18,146.74,143.02,143.78,397383
2012-01-20 00:00:00+05:30,144.06,149.98,144.06,147.23,382306
2012-01-23 00:00:00+05:30,147.2,148.99,146.34,147.7,14373
2012-01-24 00:00:00+05:30,148.5,156.16,147.82,153.47,134941
2012-01-25 00:00:00+05:30,153.47,157.43,153.47,156.84,56255
2012-01-27 00:00:00+05:30,160.42,166.4,154.79,164.53,112195
2012-01-30 00:00:00+05:30,166.57,169.82,162.99,166.39,2311640
2012-01-31 00:00:00+05:30,166.4,167.26,163.66,166.06,481311
2012-02-01 00:00:00+05:30,168.45,168.61,159.58,162.23,853043
2012-02-02 00:00:00+05:30,166.39,166.39,160.42,164.02,105539
2012-02-03 00:00:00+05:30,166.74,166.74,159.78,163.54,287824
2012-02-06 00:00:00+05:30,164.52,166.19,160.26,161.17,123796
2012-02-07 00:00:00+05:30,163.84,163.84,155.83,156.21,403446
2012-02-08 00:00:00+05:30,161.62,161.62,153.78,156.33,1025214
2012-02-09 00:00:00+05:30,156.33,162.98,156.0,161.24,877089
2012-02-10 00:00:00+05:30,160.42,165.03,157.91,160.07,814904
2012-02-13 00:00:00+05:30,157.86,162.82,157.86,160.42,788290
2012-02-14 00:00:00+05:30,160.62,162.82,158.21,159.02,963674
2012-02-15 00:00:00+05:30,158.2,161.62,157.44,160.6,35473
2012-02-16 00:00:00+05:30,161.45,167.94,160.77,164.38,702058
2012-02-17 00:00:00+05:30,165.38,168.1,164.06,166.69,1137615
2012-02-21 00:00:00+05:30,168.62,172.0,166.64,169.62,696280
2012-02-22 00:00:00+05:30,168.35,174.42,166.39,173.1,887865
2012-02-23 00:00:00+05:30,173.02,174.62,164.05,170.31,229686
2012-02-24 00:00:00+05:30,170.17,173.19,169.31,170.42,59138
2012-02-27 00:00:00+05:30,168.97,172.71,164.05,167.92,459134
2012-02-28 00:00:00+05:30,167.93,169.26,165.21,166.75,35748
2012-02-29 00:00:00+05:30,165.72,171.48,165.04,166.05,42193
2012-03-01 00:00:00+05:30,162.58,165.54,160.42,161.61,51901
2012-03-02 00:00:00+05:30,164.7,164.7,158.04,159.23,37324
2012-03-03 00:00:00+05:30,158.72,160.6,157.92,159.87,2098
2012-03-05 00:00:00+05:30,158.72,161.96,158.72,159.7,43728
2012-03-06 00:00:00+05:30,156.15,160.25,154.77,155.62,228633
2012-03-07 00:00:00+05:30,153.82,157.01,150.22,151.52,81228
2012-03-09 00:00:00+05:30,151.9,154.42,149.52,150.25,141696
2012-03-12 00:00:00+05:30,151.07,153.42,150.36,150.9,86103
2012-03-13 00:00:00+05:30,153.19,155.14,150.79,153.52,181775
2012-03-14 00:00:00+05:30,154.46,159.74,145.7,149.14,1301584
2012-03-15 00:00:00+05:30,149.67,150.18,146.78,148.05,64856
2012-03-16 00:00:00+05:30,149.05,151.19,145.18,149.66,138679
2012-03-19 00:00:00+05:30,149.48,152.74,149.48,151.17,33223
2012-03-20 00:00:00+05:30,151.89,151.89,146.91,149.34,413771
2012-03-21 00:00:00+05:30,149.62,151.02,146.94,149.36,91499
2012-03-22 00:00:00+05:30,148.85,151.58,147.67,150.48,403353
2012-03-23 00:00:00+05:30,151.04,153.43,148.86,152.62,79271
2012-03-26 00:00:00+05:30,153.6,153.6,151.1,152.74,491549
2012-03-27 00:00:00+05:30,151.9,151.9,147.63,150.05,298828
2012-03-28 00:00:00+05:30,153.94,153.94,144.24,150.88,849134
2012-03-29 00:00:00+05:30,150.87,156.84,150.19,155.86,275466
2012-03-30 00:00:00+05:30,154.66,168.1,153.94,162.96,886318
2012-04-02 00:00:00+05:30,162.44,162.63,158.55,161.91,703206
2012-04-03 00:00:00+05:30,162.14,166.2,155.65,163.83,2136691
2012-04-04 00:00:00+05:30,161.62,164.52,161.62,162.98,84761
2012-04-09 00:00:00+05:30,163.19,164.52,158.94,161.9,191484
2012-04-10 00:00:00+05:30,162.04,162.05,155.75,156.7,18356
2012-04-11 00:00:00+05:30,156.32,157.02,153.8,155.54,107530
2012-04-12 00:00:00+05:30,156.16,157.01,154.11,155.35,41741
2012-04-13 00:00:00+05:30,154.46,158.72,152.58,153.96,45398
2012-04-16 00:00:00+05:30,154.14,154.79,152.41,153.1,4370
2012-04-17 00:00:00+05:30,166.84,166.84,151.38,157.6,46106
2012-04-18 00:00:00+05:30,160.06,160.06,154.28,155.17,68771
2012-04-19 00:00:00+05:30,156.13,156.13,153.8,155.26,126585
2012-04-20 00:00:00+05:30,154.62,156.5,154.45,154.97,41671
2012-04-23 00:00:00+05:30,158.04,158.04,151.9,152.33,40348
2012-04-24 00:00:00+05:30,152.75,153.93,149.34,151.02,29490
2012-04-25 00:00:00+05:30,150.78,157.0,148.99,150.01,37675
2012-04-26 00:00:00+05:30,148.53,151.55,146.78,149.63,361148
2012-04-27 00:00:00+05:30,149.52,151.7,147.63,149.84,26290
2012-04-28 00:00:00+05:30,150.18,150.87,150.18,150.71,316
2012-04-30 00:00:00+05:30,151.04,154.46,148.5,152.56,147943
2012-05-02 00:00:00+05:30,151.66,153.58,150.64,152.1,22804
2012-05-03 00:00:00+05:30,152.73,152.73,150.18,150.95,743835
2012-05-04 00:00:00+05:30,151.54,151.54,146.79,148.39,17115
2012-05-07 00:00:00+05:30,148.48,150.02,145.92,147.46,19845
2012-05-08 00:00:00+05:30,147.2,152.69,147.14,149.25,19921
2012-05-09 00:00:00+05:30,148.48,149.33,140.78,143.1,177773
2012-05-10 00:00:00+05:30,144.14,148.99,142.93,145.88,26501
2012-05-11 00:00:00+05:30,144.38,146.74,144.38,145.77,22148
2012-05-14 00:00:00+05:30,146.6,152.39,145.83,150.01,21556
2012-05-15 00:00:00+05:30,148.31,150.58,148.31,150.15,35085
2012-05-16 00:00:00+05:30,147.63,152.57,147.42,150.02,46136
2012-05-17 00:00:00+05:30,149.29,151.9,148.74,149.41,154300
2012-05-18 00:00:00+05:30,148.98,149.34,146.95,148.54,9199
2012-05-21 00:00:00+05:30,148.47,151.04,145.11,147.78,21134
2012-05-22 00:00:00+05:30,150.18,150.18,145.92,147.6,12731
2012-05-23 00:00:00+05:30,145.46,148.38,140.8,144.44,52734
2012-05-24 00:00:00+05:30,146.48,147.62,142.18,143.36,1191158
2012-05-25 00:00:00+05:30,144.42,146.2,142.38,145.7,8706
2012-05-28 00:00:00+05:30,145.58,147.38,144.07,145.66,107191
2012-05-29 00:00:00+05:30,146.73,148.31,145.88,147.99,5918
2012-05-30 00:00:00+05:30,147.62,156.29,146.35,154.65,179074
2012-05-31 00:00:00+05:30,151.55,154.11,146.87,150.42,948223
2012-06-01 00:00:00+05:30,150.48,154.78,149.34,153.58,1762810
2012-06-04 00:00:00+05:30,150.18,152.74,149.66,152.27,30995
2012-06-05 00:00:00+05:30,152.42,153.08,148.49,149.81,44789
2012-06-06 00:00:00+05:30,150.02,150.84,148.65,149.38,8466
2012-06-07 00:00:00+05:30,151.72,152.42,149.04,150.22,53519
2012-06-08 00:00:00+05:30,150.7,151.86,146.81,148.43,37060
2012-06-11 00:00:00+05:30,149.34,151.38,146.82,147.86,25348
2012-06-12 00:00:00+05:30,147.86,150.41,146.94,148.01,26606
2012-06-13 00:00:00+05:30,148.9,149.83,145.27,146.22,30544
2012-06-14 00:00:00+05:30,145.89,150.83,145.22,146.74,24755
2012-06-15 00:00:00+05:30,145.42,148.48,145.42,146.34,36404
2012-06-18 00:00:00+05:30,146.94,149.78,145.41,146.04,20203
2012-06-19 00:00:00+05:30,145.98,148.11,145.41,146.34,389056
2012-06-20 00:00:00+05:30,147.61,152.65,146.35,150.58,29783
2012-06-21 00:00:00+05:30,148.84,150.27,146.98,149.14,45374
2012-06-22 00:00:00+05:30,147.62,153.6,147.62,148.18,33111
2012-06-25 00:00:00+05:30,150.18,151.7,148.31,149.36,13956
2012-06-26 00:00:00+05:30,148.75,150.15,147.46,149.66,31318
2012-06-27 00:00:00+05:30,150.88,151.89,148.66,150.05,49113
2012-06-28 00:00:00+05:30,150.87,153.43,149.16,151.95,54744
2012-06-29 00:00:00+05:30,152.41,160.92,152.41,157.0,201820
2012-07-02 00:00:00+05:30,157.86,159.58,153.34,154.6,119571
2012-07-03 00:00:00+05:30,154.59,160.42,153.27,159.56,194455
2012-07-04 00:00:00+05:30,159.06,160.09,157.18,158.21,9509
2012-07-05 00:00:00+05:30,157.86,159.74,155.39,158.7,29806
2012-07-06 00:00:00+05:30,158.71,159.94,157.02,157.73,784675
2012-07-09 00:00:00+05:30,157.71,157.73,151.42,153.11,13071
2012-07-10 00:00:00+05:30,153.77,156.33,153.26,155.77,10518
2012-07-11 00:00:00+05:30,150.18,155.77,150.18,154.58,11671
2012-07-12 00:00:00+05:30,153.58,155.3,152.42,153.44,12790
2012-07-13 00:00:00+05:30,151.9,155.65,151.89,152.39,21035
2012-07-16 00:00:00+05:30,153.26,154.46,151.3,153.62,23571
2012-07-17 00:00:00+05:30,152.6,156.91,152.43,153.56,1255335
2012-07-18 00:00:00+05:30,153.1,157.02,152.12,153.72,75609
2012-07-19 00:00:00+05:30,154.45,156.16,152.78,154.64,51463
2012-07-20 00:00:00+05:30,153.95,155.89,152.78,154.52,37546
2012-07-23 00:00:00+05:30,153.94,157.86,153.6,156.04,63310
2012-07-24 00:00:00+05:30,157.1,158.84,156.44,157.26,69075
2012-07-25 00:00:00+05:30,158.05,165.03,156.84,159.98,426363
2012-07-26 00:00:00+05:30,157.86,161.42,152.74,157.18,187200
2012-07-27 00:00:00+05:30,157.18,157.83,150.18,155.03,365355
2012-07-30 00:00:00+05:30,154.58,158.38,154.53,157.23,373564
2012-07-31 00:00:00+05:30,158.21,161.96,158.21,161.23,611460
2012-08-01 00:00:00+05:30,160.42,165.21,160.42,163.55,57105
2012-08-02 00:00:00+05:30,163.55,163.84,160.94,163.74,34071
2012-08-03 00:00:00+05:30,162.66,163.16,160.3,161.99,31195
2012-08-06 00:00:00+05:30,160.42,163.82,160.17,161.42,92191
2012-08-07 00:00:00+05:30,161.95,163.28,160.79,161.13,277124
2012-08-08 00:00:00+05:30,161.18,161.51,159.75,160.9,12070
2012-08-09 00:00:00+05:30,160.61,161.84,160.34,160.84,11390
2012-08-10 00:00:00+05:30,160.74,161.28,159.56,160.86,7405
2012-08-13 00:00:00+05:30,161.28,163.84,161.28,163.5,42574
2012-08-14 00:00:00+05:30,163.66,163.66,160.42,162.1,8366
2012-08-16 00:00:00+05:30,162.74,163.33,159.34,161.27,12093
2012-08-17 00:00:00+05:30,162.14,163.73,160.89,161.5,9053
2012-08-21 00:00:00+05:30,166.63,166.63,159.65,160.44,105539
2012-08-22 00:00:00+05:30,160.72,161.26,158.39,159.74,16710
2012-08-23 00:00:00+05:30,160.05,162.98,159.58,162.47,183404
2012-08-24 00:00:00+05:30,161.12,163.5,159.86,162.23,561960
2012-08-27 00:00:00+05:30,161.79,162.14,156.78,157.05,46511
2012-08-28 00:00:00+05:30,157.78,159.06,157.15,158.41,128700
2012-08-29 00:00:00+05:30,158.08,159.33,156.84,159.06,4651
2012-08-30 00:00:00+05:30,158.89,161.19,158.7,160.5,115148
2012-08-31 00:00:00+05:30,160.26,160.57,159.02,159.82,8776
2012-09-03 00:00:00+05:30,159.95,159.95,157.35,158.73,710765
2012-09-04 00:00:00+05:30,159.33,159.33,157.78,158.15,3240
2012-09-05 00:00:00+05:30,157.19,158.41,157.17,157.7,1863
2012-09-06 00:00:00+05:30,157.86,158.03,156.86,157.21,80859
2012-09-07 00:00:00+05:30,157.79,159.66,157.79,159.45,802904
2012-09-08 00:00:00+05:30,158.89,158.89,158.1,158.18,398
2012-09-10 00:00:00+05:30,157.79,157.86,155.4,155.79,274078
2012-09-11 00:00:00+05:30,155.3,157.64,154.78,157.31,161331
2012-09-12 00:00:00+05:30,157.71,161.9,157.71,159.74,10963
2012-09-13 00:00:00+05:30,162.64,164.48,160.27,163.66,134695
2012-09-14 00:00:00+05:30,163.7,166.74,160.46,164.4,216421
2012-09-17 00:00:00+05:30,164.01,164.58,161.54,163.66,270005
2012-09-18 00:00:00+05:30,163.74,163.75,161.84,162.27,62009
2012-09-20 00:00:00+05:30,160.26,162.13,160.26,160.78,123398
2012-09-21 00:00:00+05:30,160.82,162.66,160.69,162.04,273345
2012-09-24 00:00:00+05:30,161.9,163.87,161.9,163.12,204896
2012-09-25 00:00:00+05:30,163.22,165.17,160.46,162.78,216861
2012-09-26 00:00:00+05:30,163.67,163.67,161.46,161.98,326436
2012-09-27 00:00:00+05:30,162.81,164.35,160.64,162.66,55828
2012-09-28 00:00:00+05:30,161.34,165.38,161.33,163.11,395238
2012-10-01 00:00:00+05:30,164.7,164.7,162.47,162.78,42070
2012-10-03 00:00:00+05:30,162.65,163.84,161.28,163.05,268283
2012-10-04 00:00:00+05:30,163.84,170.46,163.67,167.46,123280
2012-10-05 00:00:00+05:30,166.41,168.27,166.41,167.82,71654
2012-10-08 00:00:00+05:30,164.89,170.66,163.84,169.74,14443
2012-10-09 00:00:00+05:30,169.7,173.87,169.7,172.36,494643
2012-10-10 00:00:00+05:30,168.62,181.22,168.62,177.34,164964
2012-10-11 00:00:00+05:30,176.51,184.32,175.92,179.12,254338
2012-10-12 00:00:00+05:30,174.48,183.45,174.48,182.03,43998
2012-10-15 00:00:00+05:30,172.54,183.46,172.54,179.17,90633
2012-10-16 00:00:00+05:30,182.58,183.46,178.36,180.22,123123
2012-10-17 00:00:00+05:30,180.06,182.44,176.84,180.38,31113
2012-10-18 00:00:00+05:30,180.06,181.54,177.54,180.44,23689
2012-10-19 00:00:00+05:30,179.2,180.62,171.68,175.82,193664
2012-10-22 00:00:00+05:30,174.26,188.37,172.71,184.25,124518
2012-10-23 00:00:00+05:30,183.38,183.38,176.13,178.02,116179
2012-10-25 00:00:00+05:30,180.06,184.99,177.58,180.85,100218
2012-10-26 00:00:00+05:30,180.73,180.73,174.76,175.66,32654
2012-10-29 00:00:00+05:30,174.36,179.03,173.24,175.02,331816
2012-10-30 00:00:00+05:30,175.31,176.9,174.62,175.73,679165
2012-10-31 00:00:00+05:30,174.63,174.94,168.15,171.36,194085
2012-11-01 00:00:00+05:30,172.38,175.1,170.66,172.81,260918
2012-11-02 00:00:00+05:30,172.79,174.93,172.71,173.62,59665
2012-11-05 00:00:00+05:30,174.42,175.26,172.03,173.22,144521
2012-11-06 00:00:00+05:30,174.92,174.92,171.31,173.14,319716
2012-11-07 00:00:00+05:30,173.4,174.68,172.36,173.22,67241
2012-11-08 00:00:00+05:30,173.47,175.78,171.1,174.08,36785
2012-11-09 00:00:00+05:30,172.38,174.46,170.84,171.19,25441
2012-11-12 00:00:00+05:30,171.38,173.73,169.64,172.57,15005
2012-11-13 00:00:00+05:30,171.36,174.82,171.36,173.93,1476
2012-11-15 00:00:00+05:30,170.66,172.96,169.13,169.46,449654
2012-11-16 00:00:00+05:30,169.88,170.15,165.71,166.74,161285
2012-11-19 00:00:00+05:30,165.89,165.89,162.98,163.46,31499
2012-11-20 00:00:00+05:30,163.33,163.75,161.46,161.84,30515
2012-11-21 00:00:00+05:30,161.63,161.99,157.1,159.98,61728
2012-11-22 00:00:00+05:30,159.57,163.83,155.89,162.04,149068
2012-11-23 00:00:00+05:30,162.3,162.82,159.62,160.5,17508
2012-11-26 00:00:00+05:30,162.14,163.33,157.86,158.9,84011
2012-11-27 00:00:00+05:30,159.58,161.96,157.08,159.86,108896
2012-11-29 00:00:00+05:30,160.42,164.69,158.26,163.57,44519
2012-11-30 00:00:00+05:30,163.83,165.54,157.86,158.55,137449
2012-12-03 00:00:00+05:30,158.55,160.42,157.02,158.06,92091
2012-12-04 00:00:00+05:30,159.82,159.95,155.36,156.91,129990
2012-12-05 00:00:00+05:30,158.04,158.12,155.66,156.69,127300
2012-12-06 00:00:00+05:30,159.58,159.58,154.11,154.85,162873
2012-12-07 00:00:00+05:30,155.3,156.16,154.47,155.3,123111
2012-12-10 00:00:00+05:30,155.82,156.67,153.94,154.78,150814
2012-12-11 00:00:00+05:30,155.3,155.94,152.29,154.22,197848
2012-12-12 00:00:00+05:30,152.42,155.28,152.06,154.86,2726103
2012-12-13 00:00:00+05:30,155.3,156.14,152.23,155.34,139300
2012-12-14 00:00:00+05:30,159.57,159.57,155.55,156.9,96773
2012-12-17 00:00:00+05:30,158.72,158.72,155.98,156.66,142341
2012-12-18 00:00:00+05:30,157.0,158.34,155.35,157.68,43206
2012-12-19 00:00:00+05:30,157.53,159.2,155.3,157.97,115751
2012-12-20 00:00:00+05:30,159.38,159.38,155.14,155.88,222023
2012-12-21 00:00:00+05:30,156.15,161.1,155.3,159.87,566924
2012-12-24 00:00:00+05:30,160.77,162.98,156.42,157.08,103529
2012-12-26 00:00:00+05:30,157.86,159.4,156.51,157.1,148459
2012-12-27 00:00:00+05:30,157.02,158.2,153.94,156.43,311900
2012-12-28 00:00:00+05:30,157.86,158.82,154.28,156.59,364383
2012-12-31 00:00:00+05:30,157.02,157.83,155.5,157.01,126914
2013-01-01 00:00:00+05:30,157.35,158.04,155.85,156.88,18749
2013-01-02 00:00:00+05:30,157.35,158.72,155.8,156.19,98859
2013-01-03 00:00:00+05:30,156.22,157.86,156.02,157.37,163394
2013-01-04 00:00:00+05:30,157.86,161.1,157.2,159.88,489040
2013-01-07 00:00:00+05:30,160.24,166.4,160.24,163.94,215671
2013-01-08 00:00:00+05:30,164.69,166.06,162.47,163.78,110401
2013-01-09 00:00:00+05:30,163.04,165.88,162.47,162.98,39456
2013-01-10 00:00:00+05:30,163.48,165.72,157.96,160.2,228116
2013-01-11 00:00:00+05:30,161.27,163.84,159.75,160.88,45498
2013-01-14 00:00:00+05:30,162.82,164.68,160.94,162.1,97441
2013-01-15 00:00:00+05:30,162.27,162.3,158.65,159.88,29929
2013-01-16 00:00:00+05:30,161.27,162.14,158.72,160.62,129498
2013-01-17 00:00:00+05:30,159.84,160.42,157.7,159.03,260115
2013-01-18 00:00:00+05:30,158.89,160.38,158.09,159.46,18445
2013-01-21 00:00:00+05:30,159.58,163.51,159.58,160.67,113443
2013-01-22 00:00:00+05:30,161.11,162.14,160.09,160.78,25036
2013-01-23 00:00:00+05:30,160.42,161.75,157.35,158.98,194436
2013-01-24 00:00:00+05:30,157.87,159.58,156.5,157.87,34834
2013-01-25 00:00:00+05:30,156.16,159.74,155.31,158.54,192936
2013-01-28 00:00:00+05:30,157.7,161.28,157.7,158.42,152519
2013-01-29 00:00:00+05:30,158.38,160.09,157.7,158.92,78023
2013-01-30 00:00:00+05:30,160.09,160.77,157.86,158.88,78286
2013-01-31 00:00:00+05:30,158.9,161.62,158.16,159.52,156526
2013-02-01 00:00:00+05:30,159.57,160.91,154.99,156.63,1016074
2013-02-04 00:00:00+05:30,159.58,163.42,156.43,159.0,166793
2013-02-05 00:00:00+05:30,160.09,162.14,157.53,160.75,413606
2013-02-06 00:00:00+05:30,159.58,162.51,159.58,162.01,683285
2013-02-07 00:00:00+05:30,160.94,163.84,160.94,162.42,167209
2013-02-08 00:00:00+05:30,164.18,173.22,160.26,164.31,614976
2013-02-11 00:00:00+05:30,162.98,167.25,162.28,165.54,747158
2013-02-12 00:00:00+05:30,164.01,167.94,164.01,167.07,129474
2013-02-13 00:00:00+05:30,167.94,183.78,167.25,171.7,823686
2013-02-14 00:00:00+05:30,172.71,174.9,165.56,167.39,181575
2013-02-15 00:00:00+05:30,168.33,172.94,166.4,170.66,884443
2013-02-18 00:00:00+05:30,170.49,178.34,164.22,174.42,784775
2013-02-19 00:00:00+05:30,174.93,175.74,173.22,173.79,30925
2013-02-20 00:00:00+05:30,173.3,175.33,171.52,172.37,809349
2013-02-21 00:00:00+05:30,170.37,174.07,168.58,170.46,161343
2013-02-22 00:00:00+05:30,171.01,186.3,169.53,170.78,425161
2013-02-25 00:00:00+05:30,170.33,174.94,169.18,172.47,1618248
2013-02-26 00:00:00+05:30,171.35,177.5,169.58,174.47,1337390
2013-02-27 00:00:00+05:30,174.97,180.74,174.97,178.09,1709870
2013-02-28 00:00:00+05:30,178.91,180.55,176.27,177.15,801914
2013-03-01 00:00:00+05:30,177.16,179.71,175.61,178.03,229856
2013-03-04 00:00:00+05:30,179.02,180.06,174.38,177.54,488941
2013-03-05 00:00:00+05:30,177.5,179.7,177.24,177.89,252785
2013-03-06 00:00:00+05:30,179.98,183.41,177.5,181.45,753779
2013-03-07 00:00:00+05:30,181.58,182.58,178.34,180.48,561803
2013-03-08 00:00:00+05:30,179.21,180.9,177.66,180.06,546263
2013-03-11 00:00:00+05:30,179.87,185.69,178.05,180.9,3242150
2013-03-12 00:00:00+05:30,181.55,183.44,174.8,181.76,1194790
2013-03-13 00:00:00+05:30,207.36,207.36,179.03,179.93,257613
2013-03-14 00:00:00+05:30,179.94,183.29,178.87,181.98,795685
2013-03-15 00:00:00+05:30,180.82,183.17,172.03,177.03,171838
2013-03-18 00:00:00+05:30,173.11,182.26,173.11,179.38,131074
2013-03-19 00:00:00+05:30,179.28,180.9,172.38,175.09,184030
2013-03-20 00:00:00+05:30,175.58,177.58,174.94,175.78,64148
2013-03-21 00:00:00+05:30,174.29,181.25,171.94,174.89,2098769
2013-03-22 00:00:00+05:30,172.38,179.02,172.38,175.76,133025
2013-03-25 00:00:00+05:30,173.93,178.15,173.93,175.02,1077316
2013-03-26 00:00:00+05:30,175.77,177.35,173.22,175.7,2471994
2013-03-28 00:00:00+05:30,174.28,177.1,174.1,175.88,3905988
2013-04-01 00:00:00+05:30,176.13,180.9,175.79,180.54,3309943
2013-04-02 00:00:00+05:30,180.66,190.3,179.22,186.09,160171
2013-04-03 00:00:00+05:30,192.68,192.71,182.63,186.54,552240
2013-04-04 00:00:00+05:30,185.65,191.71,175.78,178.87,54088
2013-04-05 00:00:00+05:30,183.98,183.98,177.5,181.66,27626
2013-04-08 00:00:00+05:30,181.92,188.58,181.92,187.77,56109
2013-04-09 00:00:00+05:30,187.74,191.98,183.3,184.05,227660
2013-04-10 00:00:00+05:30,182.78,186.37,181.1,182.6,2562204
2013-04-11 00:00:00+05:30,182.44,185.85,181.76,183.75,13119
2013-04-12 00:00:00+05:30,182.62,183.63,182.58,182.73,35331
2013-04-15 00:00:00+05:30,179.24,188.66,179.24,184.83,55183
2013-04-16 00:00:00+05:30,183.46,184.99,182.03,183.8,30995
2013-04-17 00:00:00+05:30,183.79,188.55,182.22,183.44,65414
2013-04-18 00:00:00+05:30,183.97,184.48,182.62,183.34,24661
2013-04-22 00:00:00+05:30,181.77,186.01,181.77,183.86,357181
2013-04-23 00:00:00+05:30,182.99,185.85,182.79,184.32,1746544
2013-04-25 00:00:00+05:30,181.42,191.47,181.42,188.73,369169
2013-04-26 00:00:00+05:30,188.42,203.65,187.9,195.3,498339
2013-04-29 00:00:00+05:30,195.3,196.06,192.17,192.78,30316
2013-04-30 00:00:00+05:30,193.76,194.36,184.32,191.93,102515
2013-05-02 00:00:00+05:30,188.25,194.56,188.25,191.29,48216
2013-05-03 00:00:00+05:30,189.95,193.37,187.22,190.3,82763
2013-05-06 00:00:00+05:30,188.59,190.3,187.9,190.15,16030
2013-05-07 00:00:00+05:30,188.94,197.1,188.73,191.1,90696
2013-05-08 00:00:00+05:30,191.99,196.95,190.81,193.16,287044
2013-05-09 00:00:00+05:30,192.65,194.56,189.95,190.28,76728
2013-05-10 00:00:00+05:30,190.12,194.8,186.79,191.84,1104644
2013-05-11 00:00:00+05:30,190.3,191.14,189.62,190.22,1376
2013-05-13 00:00:00+05:30,189.95,192.77,186.1,190.07,307558
2013-05-14 00:00:00+05:30,190.54,193.87,188.76,192.56,541505
2013-05-15 00:00:00+05:30,189.78,195.93,189.78,195.17,836120
2013-05-16 00:00:00+05:30,195.87,198.47,193.07,196.18,272103
2013-05-17 00:00:00+05:30,195.16,199.68,195.14,195.77,508049
2013-05-20 00:00:00+05:30,199.51,199.51,193.71,195.75,500905
2013-05-21 00:00:00+05:30,192.34,197.94,192.34,195.86,38203
2013-05-22 00:00:00+05:30,192.87,197.12,192.87,195.44,282896
2013-05-23 00:00:00+05:30,192.98,194.86,189.62,190.88,24855
2013-05-24 00:00:00+05:30,187.74,192.85,185.69,187.02,62343
2013-05-27 00:00:00+05:30,186.71,191.93,181.97,187.0,402866
2013-05-28 00:00:00+05:30,191.83,191.83,182.8,184.49,31388
2013-05-29 00:00:00+05:30,182.87,199.0,182.87,192.77,1350356
2013-05-30 00:00:00+05:30,192.5,194.56,188.26,191.41,99504
2013-05-31 00:00:00+05:30,192.34,206.85,189.66,195.3,760751
2013-06-03 00:00:00+05:30,194.56,207.87,191.14,204.95,467425
2013-06-04 00:00:00+05:30,203.12,210.26,203.12,206.44,766834
2013-06-05 00:00:00+05:30,206.5,206.58,202.8,204.63,747749
2013-06-06 00:00:00+05:30,205.66,206.42,193.7,196.33,57011
2013-06-07 00:00:00+05:30,196.44,197.98,192.0,193.18,51351
2013-06-10 00:00:00+05:30,196.95,196.95,187.9,190.44,243650
2013-06-11 00:00:00+05:30,187.76,191.48,183.57,186.07,1033518
2013-06-12 00:00:00+05:30,183.14,192.17,183.13,188.49,69679
2013-06-13 00:00:00+05:30,191.83,191.83,183.48,187.7,499775
2013-06-14 00:00:00+05:30,184.94,189.27,184.94,186.38,73956
2013-06-17 00:00:00+05:30,184.49,191.62,184.49,188.38,62161
2013-06-18 00:00:00+05:30,186.54,188.25,182.81,185.16,195111
2013-06-19 00:00:00+05:30,184.3,188.41,184.3,187.53,35308
2013-06-20 00:00:00+05:30,188.92,188.92,182.95,185.5,39960
2013-06-21 00:00:00+05:30,183.47,186.7,179.2,179.98,146566
2013-06-24 00:00:00+05:30,179.68,180.57,177.22,179.36,98571
2013-06-25 00:00:00+05:30,181.47,187.56,178.18,185.65,30293
2013-06-26 00:00:00+05:30,182.58,187.01,182.58,184.14,282890
2013-06-27 00:00:00+05:30,185.34,185.35,180.9,182.7,25904
2013-06-28 00:00:00+05:30,184.2,189.94,182.03,184.07,411428
2013-07-01 00:00:00+05:30,187.05,191.1,184.83,187.7,13856
2013-07-02 00:00:00+05:30,188.58,190.3,186.12,187.46,152964
2013-07-03 00:00:00+05:30,187.95,189.58,184.32,185.55,31856
2013-07-04 00:00:00+05:30,186.02,198.31,186.02,192.55,1178408
2013-07-05 00:00:00+05:30,196.25,196.26,193.05,193.91,48785
2013-07-08 00:00:00+05:30,192.68,194.4,191.15,193.56,35848
2013-07-09 00:00:00+05:30,193.83,196.26,191.42,192.62,334476
2013-07-10 00:00:00+05:30,194.39,196.21,190.98,191.66,11161
2013-07-11 00:00:00+05:30,190.3,196.01,190.3,192.87,65643
2013-07-12 00:00:00+05:30,193.66,194.36,191.18,192.84,79464
2013-07-15 00:00:00+05:30,193.66,193.7,188.93,191.13,636744
2013-07-16 00:00:00+05:30,192.0,192.0,187.24,188.38,330568
2013-07-17 00:00:00+05:30,192.85,192.85,186.88,187.7,37376
2013-07-18 00:00:00+05:30,186.38,191.14,186.37,187.7,42351
2013-07-19 00:00:00+05:30,193.37,198.94,189.44,190.56,353736
2013-07-22 00:00:00+05:30,191.32,194.56,191.32,192.67,32981
2013-07-23 00:00:00+05:30,191.49,194.12,189.44,190.44,177070
2013-07-24 00:00:00+05:30,189.62,192.86,187.39,189.22,66280
2013-07-25 00:00:00+05:30,190.81,192.17,181.5,182.7,87615
2013-07-26 00:00:00+05:30,186.02,186.73,174.26,180.18,76148
2013-07-29 00:00:00+05:30,178.35,180.9,173.39,175.09,540908
2013-07-30 00:00:00+05:30,173.75,174.34,167.68,170.21,128818
2013-07-31 00:00:00+05:30,166.77,170.49,164.87,169.53,475763
2013-08-01 00:00:00+05:30,168.1,173.05,166.4,168.91,620279
2013-08-02 00:00:00+05:30,167.27,184.32,162.39,178.02,183884
2013-08-05 00:00:00+05:30,178.02,182.3,169.12,177.06,129873
2013-08-06 00:00:00+05:30,173.22,179.19,170.66,171.6,109974
2013-08-07 00:00:00+05:30,171.53,181.77,171.53,179.95,109178
2013-08-08 00:00:00+05:30,178.18,186.01,175.96,183.32,1227018
2013-08-12 00:00:00+05:30,183.46,187.05,178.13,183.25,24714
2013-08-13 00:00:00+05:30,183.46,185.0,181.35,183.51,707683
2013-08-14 00:00:00+05:30,185.17,186.02,182.62,184.28,5490
2013-08-16 00:00:00+05:30,184.33,186.02,180.9,182.75,14643
2013-08-19 00:00:00+05:30,181.9,185.0,179.7,182.82,276995
2013-08-20 00:00:00+05:30,181.93,183.46,177.5,181.3,88898
2013-08-21 00:00:00+05:30,182.33,182.53,179.2,179.66,10276
2013-08-22 00:00:00+05:30,179.13,184.66,178.41,181.3,32835
2013-08-23 00:00:00+05:30,180.55,181.76,178.18,179.1,291539
2013-08-26 00:00:00+05:30,179.2,179.88,175.78,177.58,24088
2013-08-27 00:00:00+05:30,176.13,177.14,173.22,174.82,12685
2013-08-28 00:00:00+05:30,171.58,173.98,167.26,172.42,144310
2013-08-29 00:00:00+05:30,174.25,180.73,171.74,175.24,120890
2013-08-30 00:00:00+05:30,175.62,178.66,172.58,177.81,317589
2013-09-02 00:00:00+05:30,180.06,180.69,174.54,178.98,2146786
2013-09-03 00:00:00+05:30,179.2,179.2,175.05,176.94,25799
2013-09-04 00:00:00+05:30,175.8,178.85,175.8,178.26,40786
2013-09-05 00:00:00+05:30,179.22,181.58,179.2,180.4,54785
2013-09-06 00:00:00+05:30,171.78,191.44,171.78,181.53,201695
2013-09-10 00:00:00+05:30,182.16,183.55,176.66,179.11,510925
2013-09-11 00:00:00+05:30,194.82,194.82,175.77,179.1,110605
2013-09-12 00:00:00+05:30,177.94,182.18,175.36,176.15,136863
2013-09-13 00:00:00+05:30,177.41,179.18,175.5,176.78,3035046
2013-09-16 00:00:00+05:30,176.78,179.16,174.34,178.24,392636
2013-09-17 00:00:00+05:30,178.92,179.63,176.68,177.82,75164
2013-09-18 00:00:00+05:30,176.38,181.42,176.38,180.01,619550
2013-09-19 00:00:00+05:30,179.84,183.04,179.2,179.98,55160
2013-09-20 00:00:00+05:30,181.76,190.72,179.5,187.3,2542620
2013-09-23 00:00:00+05:30,186.62,186.62,183.06,185.04,59898
2013-09-24 00:00:00+05:30,185.26,189.46,185.26,187.98,492863
2013-09-25 00:00:00+05:30,186.9,190.98,186.2,188.14,428488
2013-09-26 00:00:00+05:30,188.14,189.94,184.73,187.88,329726
2013-09-27 00:00:00+05:30,187.14,189.94,186.45,188.12,208300
2013-09-30 00:00:00+05:30,186.01,186.67,181.17,183.59,54999
2013-10-01 00:00:00+05:30,183.79,183.79,176.38,178.28,468773
2013-10-03 00:00:00+05:30,178.47,182.27,178.46,181.42,224651
2013-10-04 00:00:00+05:30,182.91,183.55,179.73,181.2,19738
2013-10-07 00:00:00+05:30,185.58,185.58,175.1,179.33,30886
2013-10-08 00:00:00+05:30,179.39,181.22,178.7,179.44,39945
2013-10-09 00:00:00+05:30,182.77,182.77,178.05,180.5,2722765
2013-10-10 00:00:00+05:30,180.5,184.32,180.5,182.72,93285
2013-10-11 00:00:00+05:30,182.72,185.07,180.48,183.77,100999
2013-10-14 00:00:00+05:30,183.55,192.66,183.54,187.5,139984
2013-10-15 00:00:00+05:30,188.42,188.42,180.48,184.49,42390
2013-10-17 00:00:00+05:30,186.75,186.75,181.76,183.28,709870
2013-10-18 00:00:00+05:30,182.53,197.12,181.27,191.73,226425
2013-10-21 00:00:00+05:30,187.67,194.3,187.67,191.38,26695
2013-10-22 00:00:00+05:30,187.92,193.54,187.92,191.87,206101
2013-10-23 00:00:00+05:30,194.26,198.26,192.0,195.03,59640
2013-10-24 00:00:00+05:30,192.27,197.12,192.27,196.44,58160
2013-10-25 00:00:00+05:30,196.43,197.58,192.78,194.54,58351
2013-10-28 00:00:00+05:30,192.78,195.44,190.38,192.26,176050
2013-10-29 00:00:00+05:30,189.12,199.54,186.13,194.84,99949
2013-10-30 00:00:00+05:30,194.56,197.63,192.9,193.56,136308
2013-10-31 00:00:00+05:30,195.84,195.84,192.0,193.78,43258
2013-11-01 00:00:00+05:30,192.02,196.5,189.44,194.84,256754
2013-11-03 00:00:00+05:30,196.25,203.8,195.84,201.86,15699
2013-11-05 00:00:00+05:30,199.68,201.83,196.11,198.8,54238
2013-11-06 00:00:00+05:30,199.66,202.75,196.69,198.48,211328
2013-11-07 00:00:00+05:30,197.12,199.17,193.3,194.29,13129
2013-11-08 00:00:00+05:30,194.54,194.56,189.98,193.01,30789
2013-11-11 00:00:00+05:30,190.76,193.26,188.97,189.87,5984
2013-11-12 00:00:00+05:30,192.9,192.9,184.13,185.52,11129
2013-11-13 00:00:00+05:30,188.93,190.51,182.54,184.45,131593
2013-11-14 00:00:00+05:30,188.91,188.91,184.32,186.7,45745
2013-11-18 00:00:00+05:30,186.62,188.16,183.55,186.51,229015
2013-11-19 00:00:00+05:30,186.61,192.0,184.83,185.82,9598
2013-11-20 00:00:00+05:30,188.16,189.18,185.09,185.64,10379
2013-11-21 00:00:00+05:30,191.49,191.49,182.78,184.19,16874
2013-11-22 00:00:00+05:30,183.06,186.88,183.06,185.37,4699
2013-11-25 00:00:00+05:30,184.9,186.86,184.58,184.87,8436
2013-11-26 00:00:00+05:30,187.38,188.16,184.66,185.22,7191
2013-11-27 00:00:00+05:30,186.86,188.16,181.8,184.18,17383
2013-11-28 00:00:00+05:30,183.83,185.6,181.57,182.67,11703
2013-11-29 00:00:00+05:30,183.82,188.89,183.82,186.22,18808
2013-12-02 00:00:00+05:30,185.62,188.27,182.27,185.07,225953
2013-12-03 00:00:00+05:30,187.15,187.15,182.89,184.17,9616
2013-12-04 00:00:00+05:30,184.32,186.88,183.3,183.73,8808
2013-12-05 00:00:00+05:30,185.2,188.02,183.41,183.85,7624
2013-12-06 00:00:00+05:30,183.81,185.58,183.62,184.64,7609
2013-12-09 00:00:00+05:30,187.9,190.67,186.15,186.62,112464
2013-12-10 00:00:00+05:30,186.88,189.46,185.6,186.34,10421
2013-12-11 00:00:00+05:30,186.2,187.63,184.83,185.24,10116
2013-12-12 00:00:00+05:30,184.69,186.13,184.3,184.43,45421
2013-12-13 00:00:00+05:30,184.81,188.08,182.78,184.9,119800
2013-12-16 00:00:00+05:30,188.93,188.93,184.06,184.74,19085
2013-12-17 00:00:00+05:30,188.91,188.91,178.86,181.14,42136
2013-12-18 00:00:00+05:30,183.53,183.53,179.46,180.82,30480
2013-12-19 00:00:00+05:30,182.02,182.02,178.7,179.2,23269
2013-12-20 00:00:00+05:30,180.99,181.36,178.71,179.24,50558
2013-12-23 00:00:00+05:30,179.35,185.34,179.35,184.34,60664
2013-12-24 00:00:00+05:30,184.32,187.37,180.74,181.86,19671
2013-12-26 00:00:00+05:30,183.44,186.86,182.78,183.25,18620
2013-12-27 00:00:00+05:30,184.05,185.34,179.71,181.78,22984
2013-12-30 00:00:00+05:30,182.27,184.3,179.22,179.9,82390
2013-12-31 00:00:00+05:30,178.58,191.23,178.58,186.86,105863
2014-01-01 00:00:00+05:30,188.91,189.18,183.36,185.34,22648
2014-01-02 00:00:00+05:30,184.34,187.3,183.83,186.28,119851
2014-01-03 00:00:00+05:30,187.89,192.26,182.38,189.21,16293
2014-01-06 00:00:00+05:30,185.17,193.26,185.17,189.29,44648
2014-01-07 00:00:00+05:30,187.42,190.7,187.42,188.94,48633
2014-01-08 00:00:00+05:30,189.42,197.38,187.2,193.3,451488
2014-01-09 00:00:00+05:30,193.36,197.1,190.72,192.56,136816
2014-01-10 00:00:00+05:30,193.26,196.61,187.66,190.54,136491
2014-01-13 00:00:00+05:30,192.74,194.3,184.73,190.95,46155
2014-01-14 00:00:00+05:30,191.95,192.77,188.42,188.91,9098
2014-01-15 00:00:00+05:30,188.18,192.0,185.9,187.3,33953
2014-01-16 00:00:00+05:30,191.49,191.49,186.9,188.46,20379
2014-01-17 00:00:00+05:30,186.92,188.93,182.02,183.72,18831
2014-01-20 00:00:00+05:30,183.06,187.89,181.89,185.77,17175
2014-01-21 00:00:00+05:30,186.37,188.14,184.56,186.93,76214
2014-01-22 00:00:00+05:30,187.18,187.65,184.62,185.05,10265
2014-01-23 00:00:00+05:30,185.22,188.42,184.69,187.39,39488
2014-01-24 00:00:00+05:30,186.48,187.9,185.6,187.22,14421
2014-01-27 00:00:00+05:30,184.98,187.9,183.44,187.41,35671
2014-01-28 00:00:00+05:30,187.41,188.16,185.98,187.24,6179
2014-01-29 00:00:00+05:30,184.32,188.16,184.32,187.73,143234
2014-01-30 00:00:00+05:30,185.5,187.9,185.09,186.62,17644
2014-01-31 00:00:00+05:30,189.44,189.44,185.75,188.1,16070
2014-02-03 00:00:00+05:30,191.98,191.98,185.6,186.01,9468
2014-02-04 00:00:00+05:30,186.01,186.86,183.09,186.32,45714
2014-02-05 00:00:00+05:30,187.65,189.44,185.36,185.75,19914
2014-02-06 00:00:00+05:30,185.87,187.9,184.32,185.66,8511
2014-02-07 00:00:00+05:30,191.23,191.23,185.14,186.22,5136
2014-02-10 00:00:00+05:30,186.88,188.16,185.71,186.37,4019
2014-02-11 00:00:00+05:30,189.44,189.44,183.22,185.14,5570
2014-02-12 00:00:00+05:30,187.88,188.67,183.1,183.72,31921
2014-02-13 00:00:00+05:30,183.59,186.37,180.82,181.53,8234
2014-02-14 00:00:00+05:30,181.95,187.14,181.76,183.45,8738
2014-02-17 00:00:00+05:30,180.62,185.34,180.62,183.98,8226
2014-02-18 00:00:00+05:30,184.32,187.9,183.31,184.24,6511
2014-02-19 00:00:00+05:30,182.4,186.86,182.4,185.55,4539
2014-02-20 00:00:00+05:30,186.88,186.88,183.81,184.32,58238
2014-02-21 00:00:00+05:30,186.16,192.26,184.6,191.19,77285
2014-02-24 00:00:00+05:30,190.93,195.58,188.74,193.3,149898
2014-02-25 00:00:00+05:30,193.28,195.84,192.0,193.36,151570
2014-02-26 00:00:00+05:30,193.04,196.33,192.51,194.78,106316
2014-02-28 00:00:00+05:30,193.3,197.12,193.3,195.56,49546
2014-03-03 00:00:00+05:30,197.12,201.98,195.58,199.73,53456
2014-03-04 00:00:00+05:30,201.97,205.31,198.42,203.26,371723
2014-03-05 00:00:00+05:30,205.31,210.69,202.74,205.59,162855
2014-03-06 00:00:00+05:30,204.56,217.86,204.56,216.68,162769
2014-03-07 00:00:00+05:30,217.62,219.78,213.81,217.47,135679
2014-03-10 00:00:00+05:30,213.5,219.11,213.5,217.62,239168
2014-03-11 00:00:00+05:30,216.58,221.16,216.32,217.24,85530
2014-03-12 00:00:00+05:30,214.02,222.7,211.71,213.07,945570
2014-03-13 00:00:00+05:30,213.07,218.86,209.06,210.42,68464
2014-03-14 00:00:00+05:30,212.48,216.17,205.68,208.7,426109
2014-03-18 00:00:00+05:30,212.48,214.51,207.68,211.94,686348
2014-03-19 00:00:00+05:30,209.92,216.32,208.64,209.84,74070
2014-03-20 00:00:00+05:30,211.71,214.53,211.16,213.01,78355
2014-03-21 00:00:00+05:30,213.25,221.44,211.97,213.44,206941
2014-03-22 00:00:00+05:30,217.09,217.34,214.27,215.34,2390
2014-03-24 00:00:00+05:30,217.34,230.4,214.27,224.45,130480
2014-03-25 00:00:00+05:30,225.01,239.36,224.7,235.25,160886
2014-03-26 00:00:00+05:30,235.54,252.67,235.52,244.07,552925
2014-03-27 00:00:00+05:30,244.5,248.32,239.1,241.96,130230
2014-03-28 00:00:00+05:30,243.2,250.88,239.68,248.34,102343
2014-03-31 00:00:00+05:30,249.66,253.18,245.82,248.43,396273
2014-04-01 00:00:00+05:30,253.01,253.01,238.86,241.66,284933
2014-04-02 00:00:00+05:30,244.99,247.0,232.45,241.86,369151
2014-04-03 00:00:00+05:30,241.92,244.39,237.59,238.5,102026
2014-04-04 00:00:00+05:30,234.24,238.06,221.08,232.91,5284686
2014-04-07 00:00:00+05:30,233.49,241.58,225.34,231.18,559780
2014-04-09 00:00:00+05:30,231.18,235.52,229.12,234.52,507901
2014-04-10 00:00:00+05:30,234.52,241.92,233.24,239.34,559351
2014-04-11 00:00:00+05:30,239.34,241.15,235.84,237.34,448699
2014-04-15 00:00:00+05:30,240.38,240.64,225.54,233.34,442101
2014-04-16 00:00:00+05:30,232.06,236.93,230.66,233.36,535703
2014-04-17 00:00:00+05:30,233.37,239.34,232.96,237.29,439061
2014-04-21 00:00:00+05:30,238.35,241.92,233.37,238.74,765331
2014-04-22 00:00:00+05:30,239.09,247.54,237.06,240.5,627664
2014-04-23 00:00:00+05:30,241.41,247.89,239.42,245.78,945363
2014-04-25 00:00:00+05:30,246.53,267.37,241.94,262.53,611046
2014-04-28 00:00:00+05:30,265.38,270.59,252.16,253.86,366999
2014-04-29 00:00:00+05:30,254.21,263.42,253.21,254.29,342120
2014-04-30 00:00:00+05:30,257.82,258.26,238.77,246.21,369523
2014-05-02 00:00:00+05:30,245.76,250.88,241.18,246.18,176598
2014-05-05 00:00:00+05:30,243.98,257.28,241.94,248.79,325488
2014-05-06 00:00:00+05:30,250.1,255.46,247.38,249.54,291945
2014-05-07 00:00:00+05:30,249.86,253.44,246.61,250.3,123730
2014-05-08 00:00:00+05:30,254.58,255.74,249.1,254.63,103066
2014-05-09 00:00:00+05:30,255.73,266.24,253.44,261.48,536186
2014-05-12 00:00:00+05:30,257.28,274.43,257.28,264.62,271851
2014-05-13 00:00:00+05:30,263.96,277.48,263.96,269.59,394261
2014-05-14 00:00:00+05:30,268.8,278.27,264.45,273.23,428749
2014-05-15 00:00:00+05:30,272.46,278.19,267.78,271.78,207613
2014-05-16 00:00:00+05:30,274.18,291.84,256.28,276.1,1033734
2014-05-19 00:00:00+05:30,273.92,304.13,273.92,300.78,4146535
2014-05-20 00:00:00+05:30,305.79,318.72,296.98,299.47,632734
2014-05-21 00:00:00+05:30,300.42,309.76,295.68,297.06,455390
2014-05-22 00:00:00+05:30,298.35,316.66,295.86,305.74,829140
2014-05-23 00:00:00+05:30,309.74,311.86,302.59,306.9,377324
2014-05-26 00:00:00+05:30,308.99,310.58,295.68,299.67,1305401
2014-05-27 00:00:00+05:30,299.79,301.29,289.54,296.38,399793
2014-05-28 00:00:00+05:30,296.96,307.2,288.0,290.03,138796
2014-05-29 00:00:00+05:30,288.02,297.96,286.57,290.39,180276
2014-05-30 00:00:00+05:30,288.59,300.8,282.11,286.1,177449
2014-06-02 00:00:00+05:30,284.89,303.1,284.89,295.4,386683
2014-06-03 00:00:00+05:30,295.94,305.66,295.94,299.3,813816
2014-06-04 00:00:00+05:30,299.56,302.59,293.12,295.7,84226
2014-06-05 00:00:00+05:30,295.68,307.2,295.68,304.58,408414
2014-06-06 00:00:00+05:30,308.21,308.21,299.54,303.32,261691
2014-06-09 00:00:00+05:30,306.94,308.5,303.63,304.94,797363
2014-06-10 00:00:00+05:30,305.92,306.69,292.12,297.88,792370
2014-06-11 00:00:00+05:30,302.08,312.32,296.96,300.67,1081238
2014-06-12 00:00:00+05:30,303.27,309.25,296.96,299.56,901793
2014-06-13 00:00:00+05:30,300.86,305.66,289.54,296.3,3472394
2014-06-16 00:00:00+05:30,299.52,299.52,292.48,295.98,371390
2014-06-17 00:00:00+05:30,296.19,301.06,294.94,298.43,266504
2014-06-18 00:00:00+05:30,296.98,305.66,296.98,302.22,312179
2014-06-19 00:00:00+05:30,305.9,305.9,297.62,299.52,448039
2014-06-20 00:00:00+05:30,304.13,304.49,294.91,296.34,162613
2014-06-23 00:00:00+05:30,301.82,304.05,298.29,301.06,110929
2014-06-24 00:00:00+05:30,303.36,306.94,298.24,299.35,210473
2014-06-25 00:00:00+05:30,300.56,302.98,297.73,300.58,225311
2014-06-26 00:00:00+05:30,301.82,301.82,294.99,297.88,167741
2014-06-27 00:00:00+05:30,298.42,299.47,296.19,297.47,104254
2014-06-30 00:00:00+05:30,298.22,306.56,297.73,304.4,227655
2014-07-01 00:00:00+05:30,307.16,330.88,307.14,319.91,1182293
2014-07-02 00:00:00+05:30,322.82,332.8,322.56,330.3,309331
2014-07-03 00:00:00+05:30,331.52,337.28,320.51,327.51,339773
2014-07-04 00:00:00+05:30,327.96,332.29,322.1,325.29,226988
2014-07-07 00:00:00+05:30,327.17,348.16,327.15,344.02,859265
2014-07-08 00:00:00+05:30,352.0,360.96,314.9,324.07,4257651
2014-07-09 00:00:00+05:30,317.95,326.4,307.2,322.84,498848
2014-07-10 00:00:00+05:30,323.14,345.58,313.6,333.36,572254
2014-07-11 00:00:00+05:30,333.7,343.02,310.5,320.85,285136
2014-07-14 00:00:00+05:30,323.84,323.84,311.04,317.7,128218
2014-07-15 00:00:00+05:30,320.49,331.98,310.7,323.24,348046
2014-07-16 00:00:00+05:30,324.37,337.92,323.1,333.04,323453
2014-07-17 00:00:00+05:30,330.51,340.2,325.12,336.7,256078
2014-07-18 00:00:00+05:30,331.54,337.92,327.68,333.42,347910
2014-07-21 00:00:00+05:30,340.43,348.14,333.66,336.47,236734
2014-07-22 00:00:00+05:30,334.38,345.26,329.52,339.01,152046
2014-07-23 00:00:00+05:30,338.94,340.95,334.1,334.9,64811
2014-07-24 00:00:00+05:30,340.48,345.6,338.33,340.2,189468
2014-07-25 00:00:00+05:30,340.22,341.36,334.34,336.64,60054
2014-07-28 00:00:00+05:30,334.34,335.26,322.05,323.79,102936
2014-07-30 00:00:00+05:30,326.12,340.48,320.02,335.34,181499
2014-07-31 00:00:00+05:30,331.54,341.5,331.54,334.38,298300
2014-08-01 00:00:00+05:30,331.06,337.7,321.54,323.8,149414
2014-08-04 00:00:00+05:30,323.07,331.52,322.56,325.35,240953
2014-08-05 00:00:00+05:30,324.14,331.26,324.14,327.64,209675
2014-08-06 00:00:00+05:30,325.29,337.86,325.29,333.03,261254
2014-08-07 00:00:00+05:30,334.59,340.48,330.29,332.75,170265
2014-08-08 00:00:00+05:30,330.24,334.8,325.42,331.56,207675
2014-08-11 00:00:00+05:30,330.88,336.64,330.88,333.3,40554
2014-08-12 00:00:00+05:30,332.8,337.9,332.8,334.06,33210
2014-08-13 00:00:00+05:30,327.94,335.36,327.94,331.98,728280
2014-08-14 00:00:00+05:30,329.49,333.89,327.96,330.1,190526
2014-08-18 00:00:00+05:30,328.98,334.44,328.98,334.1,104379
2014-08-19 00:00:00+05:30,332.03,336.64,331.86,333.98,164144
2014-08-20 00:00:00+05:30,330.75,337.34,330.75,333.82,158405
2014-08-21 00:00:00+05:30,331.82,348.67,331.01,340.46,313004
2014-08-22 00:00:00+05:30,341.3,353.28,341.3,346.98,139311
2014-08-25 00:00:00+05:30,348.18,351.5,339.29,341.14,74976
2014-08-26 00:00:00+05:30,341.14,345.09,339.2,341.58,25620
2014-08-28 00:00:00+05:30,345.6,360.42,335.95,338.09,293043
2014-09-01 00:00:00+05:30,343.02,343.04,337.15,339.38,161655
2014-09-02 00:00:00+05:30,340.48,345.77,337.43,341.3,162710
2014-09-03 00:00:00+05:30,341.27,343.58,333.59,340.74,125324
2014-09-04 00:00:00+05:30,338.94,342.02,327.17,329.45,152390
2014-09-05 00:00:00+05:30,328.7,330.48,322.05,323.16,212508
2014-09-08 00:00:00+05:30,327.09,333.82,323.18,332.11,147511
2014-09-09 00:00:00+05:30,330.26,334.32,328.96,331.25,92046
2014-09-10 00:00:00+05:30,327.95,332.29,327.14,329.11,106230
2014-09-11 00:00:00+05:30,329.23,333.04,328.37,329.2,169820
2014-09-12 00:00:00+05:30,332.27,337.9,327.94,330.24,405155
2014-09-15 00:00:00+05:30,330.74,331.24,321.28,323.93,137879
2014-09-16 00:00:00+05:30,325.12,331.52,313.6,320.47,157254
2014-09-17 00:00:00+05:30,320.78,325.12,317.84,323.95,219980
2014-09-18 00:00:00+05:30,326.13,335.36,322.07,329.15,970828
2014-09-19 00:00:00+05:30,329.23,345.34,326.67,340.56,3494300
2014-09-22 00:00:00+05:30,342.0,355.84,340.24,351.92,697023
2014-09-23 00:00:00+05:30,351.92,362.24,335.04,337.78,468386
2014-09-24 00:00:00+05:30,337.66,348.8,336.19,346.8,229168
2014-09-25 00:00:00+05:30,345.6,347.9,334.1,339.8,164039
2014-09-26 00:00:00+05:30,338.94,346.86,330.9,341.3,138473
2014-09-29 00:00:00+05:30,342.53,348.16,341.8,346.13,74093
2014-09-30 00:00:00+05:30,346.35,368.37,343.66,346.58,305331
2014-10-01 00:00:00+05:30,346.86,351.49,343.57,346.38,84144
2014-10-07 00:00:00+05:30,343.3,349.4,334.34,335.19,82155
2014-10-08 00:00:00+05:30,332.8,340.35,325.63,337.26,143316
2014-10-09 00:00:00+05:30,338.43,345.09,338.18,341.49,77956
2014-10-10 00:00:00+05:30,339.22,340.22,332.05,333.18,108046
2014-10-13 00:00:00+05:30,331.93,341.49,331.52,340.46,157421
2014-10-14 00:00:00+05:30,339.2,345.09,337.66,339.94,89355
2014-10-16 00:00:00+05:30,338.69,341.3,325.89,331.22,192508
2014-10-17 00:00:00+05:30,332.29,337.9,330.75,333.87,190351
2014-10-20 00:00:00+05:30,334.59,353.28,333.14,334.42,1079984
2014-10-21 00:00:00+05:30,336.4,338.64,334.08,334.94,92964
2014-10-22 00:00:00+05:30,336.13,341.49,335.89,337.82,311745
2014-10-23 00:00:00+05:30,339.44,343.86,338.18,340.97,25800
2014-10-27 00:00:00+05:30,340.89,344.58,337.28,343.38,135539
2014-10-28 00:00:00+05:30,343.55,355.07,343.55,353.0,288664
2014-10-29 00:00:00+05:30,354.0,357.63,348.82,352.49,149026
2014-10-30 00:00:00+05:30,345.6,351.95,334.14,339.01,509601
2014-10-31 00:00:00+05:30,343.02,350.72,340.5,346.06,684508
2014-11-03 00:00:00+05:30,347.1,350.72,343.04,347.31,116050
2014-11-05 00:00:00+05:30,345.86,349.44,341.78,344.19,51933
2014-11-07 00:00:00+05:30,343.06,344.06,338.0,340.4,362460
2014-11-10 00:00:00+05:30,341.89,345.45,336.98,340.98,59460
2014-11-11 00:00:00+05:30,339.2,345.86,339.2,343.02,130468
2014-11-12 00:00:00+05:30,341.94,344.58,337.98,340.31,90691
2014-11-13 00:00:00+05:30,341.49,345.24,334.34,335.25,54519
2014-11-14 00:00:00+05:30,335.12,349.18,335.12,343.81,104054
2014-11-17 00:00:00+05:30,343.81,349.14,340.95,346.93,499566
2014-11-18 00:00:00+05:30,348.42,378.86,347.38,363.99,1399683
2014-11-19 00:00:00+05:30,364.8,385.2,363.54,380.14,1203464
2014-11-20 00:00:00+05:30,379.46,381.68,366.46,368.55,388679
2014-11-21 00:00:00+05:30,368.77,372.72,359.18,368.66,340254
2014-11-24 00:00:00+05:30,370.69,382.46,367.36,377.23,285929
2014-11-25 00:00:00+05:30,378.37,378.88,362.06,370.93,624883
2014-11-26 00:00:00+05:30,371.03,374.78,364.8,369.47,1099695
2014-11-27 00:00:00+05:30,367.1,378.88,367.1,374.04,146831
2014-11-28 00:00:00+05:30,371.2,371.2,343.34,344.91,1865164
2014-12-01 00:00:00+05:30,348.93,349.46,330.28,336.68,913476
2014-12-02 00:00:00+05:30,337.9,344.36,333.31,339.07,386155
2014-12-03 00:00:00+05:30,340.48,347.65,338.19,344.26,367925
2014-12-04 00:00:00+05:30,345.34,352.0,338.19,346.83,222941
2014-12-05 00:00:00+05:30,348.4,351.7,340.48,343.76,257175
2014-12-08 00:00:00+05:30,341.5,345.32,339.2,341.22,185460
2014-12-09 00:00:00+05:30,337.92,344.58,337.81,342.42,341495
2014-12-10 00:00:00+05:30,340.24,345.3,334.34,342.44,311164
2014-12-11 00:00:00+05:30,340.22,342.78,333.06,337.55,206394
2014-12-12 00:00:00+05:30,335.46,340.48,331.54,332.71,276164
2014-12-15 00:00:00+05:30,330.5,337.66,327.7,331.09,191530
2014-12-16 00:00:00+05:30,329.38,330.47,318.77,321.73,599285
2014-12-17 00:00:00+05:30,320.23,330.24,307.22,325.36,671886
2014-12-18 00:00:00+05:30,328.4,342.53,328.4,340.5,534936
2014-12-19 00:00:00+05:30,342.78,344.85,339.37,342.54,156855
2014-12-22 00:00:00+05:30,343.27,345.6,335.1,340.67,148886
2014-12-23 00:00:00+05:30,340.94,345.6,332.03,332.8,139374
2014-12-24 00:00:00+05:30,332.03,340.48,332.03,336.69,206848
2014-12-26 00:00:00+05:30,334.59,340.46,334.59,336.69,27491
2014-12-29 00:00:00+05:30,334.59,345.6,334.59,340.05,91769
2014-12-30 00:00:00+05:30,345.86,348.16,340.54,344.47,158866
2014-12-31 00:00:00+05:30,347.9,353.28,339.86,346.37,295241
2015-01-01 00:00:00+05:30,344.74,352.02,344.32,347.62,117265
2015-01-02 00:00:00+05:30,349.42,355.84,345.6,347.54,219129
2015-01-05 00:00:00+05:30,348.43,356.86,348.16,352.77,271566
2015-01-06 00:00:00+05:30,352.74,359.66,343.06,345.39,378921
2015-01-07 00:00:00+05:30,344.32,351.23,343.04,346.99,48093
2015-01-08 00:00:00+05:30,349.18,352.0,343.3,345.05,119414
2015-01-09 00:00:00+05:30,345.6,351.74,345.6,349.63,137155
2015-01-12 00:00:00+05:30,347.14,350.72,344.11,346.19,250004
2015-01-13 00:00:00+05:30,346.15,349.44,345.86,347.5,44511
2015-01-14 00:00:00+05:30,352.77,358.38,348.42,350.17,151976
2015-01-15 00:00:00+05:30,350.25,355.84,350.25,353.62,106269
2015-01-16 00:00:00+05:30,355.31,355.84,349.95,350.89,469508
2015-01-19 00:00:00+05:30,355.79,359.63,352.0,353.55,170308
2015-01-20 00:00:00+05:30,359.7,359.7,352.0,355.35,105113
2015-01-21 00:00:00+05:30,356.61,364.8,354.43,357.16,251816
2015-01-22 00:00:00+05:30,358.4,370.93,357.65,369.19,429093
2015-01-23 00:00:00+05:30,370.93,371.2,362.24,364.66,121601
2015-01-27 00:00:00+05:30,365.82,371.07,362.51,365.14,109960
2015-01-28 00:00:00+05:30,365.33,368.64,364.02,366.21,94703
2015-01-29 00:00:00+05:30,368.62,369.15,353.28,356.08,136741
2015-01-30 00:00:00+05:30,357.38,365.2,353.3,358.02,2004015
2015-02-02 00:00:00+05:30,358.4,361.97,355.66,357.74,535066
2015-02-03 00:00:00+05:30,358.91,360.94,351.17,357.14,377366
2015-02-04 00:00:00+05:30,357.9,359.68,353.87,356.07,39526
2015-02-05 00:00:00+05:30,355.84,359.15,348.43,350.58,464269
2015-02-06 00:00:00+05:30,350.19,355.58,343.81,348.56,1372504
2015-02-09 00:00:00+05:30,349.58,349.58,337.94,345.1,49390
2015-02-10 00:00:00+05:30,344.32,364.29,343.32,359.1,184593
2015-02-11 00:00:00+05:30,357.9,363.52,353.54,361.26,166249
2015-02-12 00:00:00+05:30,371.97,376.32,364.8,368.23,355776
2015-02-13 00:00:00+05:30,369.9,375.04,358.98,361.6,1246328
2015-02-16 00:00:00+05:30,362.77,368.05,359.17,361.11,351936
2015-02-18 00:00:00+05:30,361.98,363.52,355.33,361.9,204410
2015-02-19 00:00:00+05:30,362.43,384.0,360.98,371.34,578730
2015-02-20 00:00:00+05:30,372.48,417.23,372.46,403.52,2387883
2015-02-23 00:00:00+05:30,405.5,422.4,399.62,410.5,1253808
2015-02-24 00:00:00+05:30,409.6,411.86,384.0,403.73,734035
2015-02-25 00:00:00+05:30,402.43,415.66,398.32,403.18,518535
2015-02-26 00:00:00+05:30,404.48,413.93,384.51,388.57,1470383
2015-02-27 00:00:00+05:30,388.61,403.2,386.06,398.0,491023
2015-02-28 00:00:00+05:30,399.36,401.02,389.42,395.78,223695
2015-03-02 00:00:00+05:30,394.5,396.78,389.42,394.48,188039
2015-03-03 00:00:00+05:30,388.1,397.82,388.1,389.99,167449
2015-03-04 00:00:00+05:30,391.68,394.84,377.66,380.39,294664
2015-03-05 00:00:00+05:30,381.7,383.62,370.18,379.43,119578
2015-03-09 00:00:00+05:30,384.0,423.08,384.0,410.6,3384754
2015-03-10 00:00:00+05:30,413.16,444.16,412.42,429.29,2326956
2015-03-11 00:00:00+05:30,429.57,441.6,420.4,426.18,3326425
2015-03-12 00:00:00+05:30,427.52,427.52,417.97,418.86,1790723
2015-03-13 00:00:00+05:30,419.07,432.02,418.74,425.9,2802593
2015-03-16 00:00:00+05:30,424.45,431.08,421.89,426.64,4586848
2015-03-17 00:00:00+05:30,427.5,435.2,422.91,428.59,3224074
2015-03-18 00:00:00+05:30,430.06,454.14,425.73,429.14,1331245
2015-03-19 00:00:00+05:30,432.62,433.09,411.11,412.7,1388593
2015-03-20 00:00:00+05:30,413.42,418.5,397.38,412.66,1864276
2015-03-23 00:00:00+05:30,410.54,410.86,399.41,401.17,570116
2015-03-24 00:00:00+05:30,401.15,405.7,392.96,399.89,829988
2015-03-25 00:00:00+05:30,401.92,411.05,393.75,407.85,849901
2015-03-26 00:00:00+05:30,408.06,415.23,390.82,399.21,635039
2015-03-27 00:00:00+05:30,403.2,405.91,396.8,398.83,297581
2015-03-30 00:00:00+05:30,396.8,400.37,389.63,396.5,694866
2015-03-31 00:00:00+05:30,398.31,409.6,394.24,405.48,843558
2015-04-01 00:00:00+05:30,405.08,416.59,399.62,405.21,712030
2015-04-06 00:00:00+05:30,402.0,418.56,402.0,412.21,309804
2015-04-07 00:00:00+05:30,412.14,422.4,412.14,420.26,349539
2015-04-08 00:00:00+05:30,422.38,432.64,415.28,429.1,378401
2015-04-09 00:00:00+05:30,430.06,439.04,430.06,433.78,426035
2015-04-10 00:00:00+05:30,432.3,436.48,423.76,427.38,454359
2015-04-13 00:00:00+05:30,428.05,437.25,426.5,428.5,309754
2015-04-15 00:00:00+05:30,432.13,443.39,427.97,430.13,468379
2015-04-16 00:00:00+05:30,430.14,440.19,421.14,427.24,1283511
2015-04-17 00:00:00+05:30,431.1,433.92,424.98,430.3,297773
2015-04-20 00:00:00+05:30,431.38,433.66,407.04,412.31,726468
2015-04-21 00:00:00+05:30,413.18,423.6,411.9,419.3,415414
2015-04-22 00:00:00+05:30,421.1,421.93,409.88,413.42,802355
2015-04-23 00:00:00+05:30,415.49,424.94,407.57,411.35,761456
2015-04-24 00:00:00+05:30,413.44,415.96,389.12,398.38,3079218
2015-04-27 00:00:00+05:30,402.94,419.84,402.94,411.01,1017269
2015-04-28 00:00:00+05:30,409.09,428.66,409.09,423.64,752769
2015-04-29 00:00:00+05:30,423.42,427.5,412.86,420.38,503011
2015-04-30 00:00:00+05:30,420.82,424.96,412.42,420.03,428554
2015-05-04 00:00:00+05:30,418.58,444.16,414.91,439.17,445105
2015-05-05 00:00:00+05:30,437.25,478.46,437.25,453.91,994081
2015-05-06 00:00:00+05:30,451.84,454.14,439.22,442.6,603113
2015-05-07 00:00:00+05:30,442.37,443.39,430.35,432.68,392405
2015-05-08 00:00:00+05:30,440.3,446.94,430.59,432.75,656883
2015-05-11 00:00:00+05:30,432.92,438.91,432.92,436.56,196401
2015-05-12 00:00:00+05:30,439.02,439.02,430.66,435.11,460718
2015-05-13 00:00:00+05:30,448.3,467.18,448.3,457.75,4168113
2015-05-14 00:00:00+05:30,457.75,475.9,450.82,457.0,2281758
2015-05-15 00:00:00+05:30,456.51,457.18,449.54,452.29,1129081
2015-05-18 00:00:00+05:30,455.68,458.26,445.7,447.77,764918
2015-05-19 00:00:00+05:30,447.72,451.18,444.46,447.38,435223
2015-05-20 00:00:00+05:30,453.4,465.7,450.06,451.61,1083480
2015-05-21 00:00:00+05:30,451.61,456.98,444.67,445.54,824414
2015-05-22 00:00:00+05:30,446.7,453.61,442.88,445.53,1081249
2015-05-25 00:00:00+05:30,441.74,448.17,441.74,444.14,1773808
2015-05-26 00:00:00+05:30,450.3,464.64,446.21,448.0,3151116
2015-05-27 00:00:00+05:30,448.0,454.44,440.83,444.58,1729191
2015-05-28 00:00:00+05:30,443.71,446.49,422.02,432.17,1859984
2015-05-29 00:00:00+05:30,442.11,478.46,426.94,467.46,25186815
2015-06-01 00:00:00+05:30,455.81,498.61,439.51,454.38,3283675
2015-06-02 00:00:00+05:30,455.68,463.36,439.04,442.84,792390
2015-06-03 00:00:00+05:30,440.6,445.35,436.74,438.02,326011
2015-06-04 00:00:00+05:30,439.3,460.54,438.31,447.12,514848
2015-06-05 00:00:00+05:30,443.14,445.82,438.4,442.84,473898
2015-06-08 00:00:00+05:30,440.59,443.31,432.98,436.46,211098
2015-06-09 00:00:00+05:30,434.28,444.16,427.52,435.3,293995
2015-06-10 00:00:00+05:30,438.76,439.04,430.66,435.18,727980
2015-06-11 00:00:00+05:30,437.78,440.27,424.96,430.82,527210
2015-06-12 00:00:00+05:30,431.23,456.7,425.09,446.76,368515
2015-06-15 00:00:00+05:30,448.26,449.56,440.46,443.03,198456
2015-06-16 00:00:00+05:30,442.9,444.78,428.53,432.08,478535
2015-06-17 00:00:00+05:30,436.57,440.06,426.37,428.21,719456
2015-06-18 00:00:00+05:30,430.08,433.15,424.98,428.59,192488
2015-06-19 00:00:00+05:30,430.08,434.94,422.4,425.98,363164
2015-06-22 00:00:00+05:30,427.02,442.62,423.23,439.34,683265
2015-06-23 00:00:00+05:30,442.88,444.34,427.52,428.91,281039
2015-06-24 00:00:00+05:30,431.62,431.62,423.17,427.2,425324
2015-06-25 00:00:00+05:30,427.26,434.54,427.26,432.66,485355
2015-06-26 00:00:00+05:30,431.87,436.63,426.54,427.95,90488
2015-06-29 00:00:00+05:30,416.27,430.85,416.05,429.61,351789
2015-06-30 00:00:00+05:30,432.38,434.18,427.52,429.55,572273
2015-07-01 00:00:00+05:30,429.57,447.36,429.54,439.98,599914
2015-07-02 00:00:00+05:30,442.62,455.09,441.6,446.1,424113
2015-07-03 00:00:00+05:30,446.98,453.12,443.15,445.86,201203
2015-07-06 00:00:00+05:30,442.35,452.74,440.3,450.29,231183
2015-07-07 00:00:00+05:30,450.3,465.46,450.05,459.28,683859
2015-07-08 00:00:00+05:30,450.58,459.42,450.58,455.9,922879
2015-07-09 00:00:00+05:30,458.75,465.06,452.25,460.88,626328
2015-07-10 00:00:00+05:30,460.8,460.8,428.82,439.92,312999
2015-07-13 00:00:00+05:30,442.09,445.44,438.08,441.43,108910
2015-07-14 00:00:00+05:30,442.11,463.87,442.11,450.86,319620
2015-07-15 00:00:00+05:30,455.68,462.06,451.97,454.66,198066
2015-07-16 00:00:00+05:30,455.66,484.86,455.38,480.7,1993976
2015-07-17 00:00:00+05:30,485.63,485.63,469.74,472.26,192414
2015-07-20 00:00:00+05:30,475.15,483.84,473.65,475.61,118644
2015-07-21 00:00:00+05:30,480.77,480.77,455.68,456.36,251796
2015-07-22 00:00:00+05:30,456.72,464.5,440.83,446.38,406261
2015-07-23 00:00:00+05:30,429.31,437.76,419.84,423.6,1380386
2015-07-24 00:00:00+05:30,423.68,433.33,415.15,416.81,844289
2015-07-27 00:00:00+05:30,422.14,422.14,405.71,407.81,758171
2015-07-28 00:00:00+05:30,407.82,410.34,400.64,402.67,525835
2015-07-29 00:00:00+05:30,404.21,422.4,402.71,414.66,654101
2015-07-30 00:00:00+05:30,421.38,427.26,416.26,420.06,645683
2015-07-31 00:00:00+05:30,423.55,427.5,416.0,420.3,353526
2015-08-03 00:00:00+05:30,421.12,429.06,416.9,424.46,346343
2015-08-04 00:00:00+05:30,424.46,431.87,414.98,426.34,418519
2015-08-05 00:00:00+05:30,424.42,428.78,412.67,415.34,654991
2015-08-06 00:00:00+05:30,417.28,426.24,416.0,423.76,626223
2015-08-07 00:00:00+05:30,423.81,424.32,413.46,415.02,298183
2015-08-10 00:00:00+05:30,415.3,421.71,413.46,418.86,257718
2015-08-11 00:00:00+05:30,419.84,433.66,419.84,427.95,473820
2015-08-12 00:00:00+05:30,427.78,428.02,410.29,412.39,498745
2015-08-13 00:00:00+05:30,413.44,424.96,413.44,417.68,509441
2015-08-14 00:00:00+05:30,407.04,416.0,393.41,414.31,791081
2015-08-17 00:00:00+05:30,416.0,421.63,409.09,419.99,219879
2015-08-18 00:00:00+05:30,423.66,424.19,414.72,417.81,236269
2015-08-19 00:00:00+05:30,419.82,421.49,414.72,416.28,241910
2015-08-20 00:00:00+05:30,416.0,416.49,404.14,408.3,795019
2015-08-21 00:00:00+05:30,401.94,409.6,397.18,399.45,2692011
2015-08-24 00:00:00+05:30,395.47,395.47,377.62,383.94,1429429
2015-08-25 00:00:00+05:30,389.12,389.12,369.92,371.47,3086550
2015-08-26 00:00:00+05:30,372.01,376.32,356.1,371.11,1015581
2015-08-27 00:00:00+05:30,373.25,386.54,373.25,381.89,2542984
2015-08-28 00:00:00+05:30,390.14,391.66,364.3,366.57,1453734
2015-08-31 00:00:00+05:30,369.38,380.03,360.42,364.82,9950659
2015-09-01 00:00:00+05:30,366.08,378.88,365.06,374.63,551956
2015-09-02 00:00:00+05:30,380.93,381.18,367.7,374.12,1207710
2015-09-03 00:00:00+05:30,366.08,366.08,355.89,357.46,2129933
2015-09-04 00:00:00+05:30,360.7,360.7,344.34,347.47,4098414
2015-09-07 00:00:00+05:30,348.2,352.74,329.49,332.56,1949816
2015-09-08 00:00:00+05:30,333.59,340.48,321.54,338.83,702683
2015-09-09 00:00:00+05:30,341.74,360.96,341.74,359.4,786183
2015-09-10 00:00:00+05:30,355.97,385.28,349.5,379.67,1942296
2015-09-11 00:00:00+05:30,384.0,398.81,366.85,380.14,1301140
2015-09-14 00:00:00+05:30,385.24,391.68,380.67,387.11,365723
2015-09-15 00:00:00+05:30,386.96,390.4,373.76,374.8,205254
2015-09-16 00:00:00+05:30,377.47,380.67,351.63,353.51,1397804
2015-09-18 00:00:00+05:30,360.96,366.08,356.1,360.74,1204124
2015-09-21 00:00:00+05:30,362.19,363.52,352.0,353.07,280405
2015-09-22 00:00:00+05:30,359.42,362.75,353.54,357.52,403629
2015-09-23 00:00:00+05:30,353.07,361.1,347.28,359.36,360523
2015-09-24 00:00:00+05:30,358.9,358.9,343.3,347.44,922113
2015-09-28 00:00:00+05:30,343.12,344.3,335.62,338.38,1255953
2015-09-29 00:00:00+05:30,337.3,358.14,335.62,355.09,1244280
2015-09-30 00:00:00+05:30,359.68,387.76,358.66,380.18,1592949
2015-10-01 00:00:00+05:30,381.58,387.76,371.89,385.45,492300
2015-10-05 00:00:00+05:30,387.82,403.69,375.79,395.12,1261964
2015-10-06 00:00:00+05:30,400.05,403.18,383.26,385.7,542773
2015-10-07 00:00:00+05:30,385.7,395.5,385.28,389.89,262460
2015-10-08 00:00:00+05:30,389.89,395.54,386.56,394.24,150175
2015-10-09 00:00:00+05:30,394.75,395.54,390.42,394.03,185848
2015-10-12 00:00:00+05:30,396.8,402.62,390.54,394.16,170410
2015-10-13 00:00:00+05:30,392.96,396.78,376.98,381.94,429886
2015-10-14 00:00:00+05:30,384.0,388.67,380.67,383.41,255761
2015-10-15 00:00:00+05:30,383.49,387.44,377.86,381.27,279383
2015-10-16 00:00:00+05:30,384.02,386.2,368.18,371.22,334710
2015-10-19 00:00:00+05:30,375.64,381.7,367.36,380.99,210410
2015-10-20 00:00:00+05:30,381.44,383.72,371.92,377.97,303390
2015-10-21 00:00:00+05:30,380.14,380.93,374.27,376.42,335804
2015-10-23 00:00:00+05:30,378.88,380.16,340.74,346.9,2523675
2015-10-26 00:00:00+05:30,349.7,350.72,341.76,344.66,2507394
2015-10-27 00:00:00+05:30,345.6,345.62,334.31,339.31,3051425
2015-10-28 00:00:00+05:30,343.94,347.09,340.5,345.56,775785
2015-10-29 00:00:00+05:30,347.62,347.62,335.36,338.14,1210640
2015-10-30 00:00:00+05:30,343.04,343.04,335.62,339.24,862745
2015-11-02 00:00:00+05:30,342.77,344.83,336.9,339.62,657816
2015-11-03 00:00:00+05:30,344.32,345.58,338.33,344.53,180210
2015-11-04 00:00:00+05:30,345.34,348.16,342.27,345.36,466890
2015-11-05 00:00:00+05:30,347.57,358.38,345.6,351.79,728679
2015-11-06 00:00:00+05:30,357.12,364.54,355.84,359.45,765405
2015-11-09 00:00:00+05:30,350.76,365.06,350.76,359.86,287745
2015-11-10 00:00:00+05:30,362.24,366.85,353.3,357.62,281093
2015-11-11 00:00:00+05:30,358.86,365.82,358.4,364.12,64066
2015-11-13 00:00:00+05:30,359.18,363.34,354.84,359.62,194441
2015-11-16 00:00:00+05:30,356.86,361.42,349.91,352.72,397851
2015-11-17 00:00:00+05:30,356.61,360.94,352.26,353.73,439460
2015-11-18 00:00:00+05:30,353.54,358.14,348.21,349.76,135691
2015-11-19 00:00:00+05:30,350.8,354.56,338.94,344.66,662526
2015-11-20 00:00:00+05:30,345.58,350.72,343.63,348.38,776741
2015-11-23 00:00:00+05:30,348.93,354.3,348.93,351.22,765636
2015-11-24 00:00:00+05:30,350.72,367.36,349.46,363.71,459363
2015-11-26 00:00:00+05:30,366.85,369.58,361.92,363.75,251293
2015-11-27 00:00:00+05:30,364.3,367.18,354.83,360.4,262679
2015-11-30 00:00:00+05:30,363.5,367.36,352.18,355.89,1045449
2015-12-01 00:00:00+05:30,362.51,365.82,356.74,363.58,238811
2015-12-02 00:00:00+05:30,365.57,371.71,361.73,367.02,832449
2015-12-03 00:00:00+05:30,366.34,376.06,366.34,370.22,497703
2015-12-04 00:00:00+05:30,368.0,373.25,359.68,361.73,287199
2015-12-07 00:00:00+05:30,365.78,369.39,362.2,365.14,354491
2015-12-08 00:00:00+05:30,363.26,371.05,362.5,364.63,694734
2015-12-09 00:00:00+05:30,363.52,364.12,339.28,343.15,539046
2015-12-10 00:00:00+05:30,345.09,353.28,339.22,345.87,181936
2015-12-11 00:00:00+05:30,345.87,347.39,335.89,338.83,311843
2015-12-14 00:00:00+05:30,337.36,342.74,334.34,336.22,420199
2015-12-15 00:00:00+05:30,338.8,341.5,334.5,335.95,191311
2015-12-16 00:00:00+05:30,338.19,339.05,331.25,332.75,380066
2015-12-17 00:00:00+05:30,332.8,334.19,324.2,329.07,1235691
2015-12-18 00:00:00+05:30,332.29,337.18,328.96,333.01,2312410
2015-12-21 00:00:00+05:30,328.49,337.92,328.49,332.57,307648
2015-12-22 00:00:00+05:30,332.57,337.66,332.57,334.59,263093
2015-12-23 00:00:00+05:30,335.66,337.24,332.8,334.23,151539
2015-12-24 00:00:00+05:30,335.36,337.92,333.44,334.57,224164
2015-12-28 00:00:00+05:30,334.59,339.94,333.31,335.31,410964
2015-12-29 00:00:00+05:30,336.64,336.64,330.98,332.37,177171
2015-12-30 00:00:00+05:30,334.1,335.77,327.68,328.22,207820
2015-12-31 00:00:00+05:30,335.36,337.92,331.52,336.13,618499
2016-01-01 00:00:00+05:30,337.92,364.26,336.26,355.33,2014491
2016-01-04 00:00:00+05:30,356.74,362.24,341.59,345.28,984186
2016-01-05 00:00:00+05:30,346.96,348.65,332.82,335.94,766480
2016-01-06 00:00:00+05:30,336.9,339.18,328.96,329.71,1325851
2016-01-07 00:00:00+05:30,329.2,329.2,321.92,323.75,657488
2016-01-08 00:00:00+05:30,326.66,329.98,318.72,326.26,1576374
2016-01-11 00:00:00+05:30,325.38,331.52,320.74,328.0,534613
2016-01-12 00:00:00+05:30,332.27,333.82,320.0,321.94,574359
2016-01-13 00:00:00+05:30,324.99,325.38,310.27,315.94,534109
2016-01-14 00:00:00+05:30,314.62,314.88,308.18,313.36,200230
2016-01-15 00:00:00+05:30,316.9,318.98,310.31,313.55,476745
2016-01-18 00:00:00+05:30,311.04,311.55,294.91,295.7,1090258
2016-01-19 00:00:00+05:30,296.19,304.38,288.0,302.38,550258
2016-01-20 00:00:00+05:30,299.01,314.88,292.34,310.4,919910
2016-01-21 00:00:00+05:30,312.3,317.44,304.64,308.95,673660
2016-01-22 00:00:00+05:30,312.3,313.5,306.3,307.2,629894
2016-01-25 00:00:00+05:30,309.74,314.84,307.66,309.91,426026
2016-01-27 00:00:00+05:30,302.23,313.69,298.86,309.98,1563164
2016-01-28 00:00:00+05:30,310.02,316.91,303.06,307.82,1422101
2016-01-29 00:00:00+05:30,307.18,310.38,302.5,303.83,878808
2016-02-01 00:00:00+05:30,304.64,309.63,299.52,305.79,552254
2016-02-02 00:00:00+05:30,303.4,305.92,294.91,297.98,545546
2016-02-03 00:00:00+05:30,296.94,296.94,279.04,282.86,1400383
2016-02-04 00:00:00+05:30,284.66,288.79,283.42,284.22,1025234
2016-02-05 00:00:00+05:30,284.16,291.31,284.16,288.62,1543070
2016-02-08 00:00:00+05:30,288.51,294.77,285.95,294.04,462401
2016-02-09 00:00:00+05:30,293.63,294.7,277.76,291.46,271441
2016-02-10 00:00:00+05:30,286.98,290.29,281.6,282.34,1091425
2016-02-11 00:00:00+05:30,281.6,284.93,276.48,280.38,1640883
2016-02-12 00:00:00+05:30,282.11,285.66,269.06,276.63,911023
2016-02-15 00:00:00+05:30,278.78,298.24,277.66,295.46,280390
2016-02-16 00:00:00+05:30,305.92,305.92,292.08,296.08,409816
2016-02-17 00:00:00+05:30,296.45,304.59,288.64,301.49,290945
2016-02-18 00:00:00+05:30,302.59,305.43,290.61,291.58,496851
2016-02-19 00:00:00+05:30,291.58,291.58,282.62,286.64,495578
2016-02-22 00:00:00+05:30,288.0,302.4,285.44,296.81,624754
2016-02-23 00:00:00+05:30,297.47,299.26,288.51,290.58,902199
2016-02-24 00:00:00+05:30,290.28,292.58,283.01,290.14,397636
2016-02-25 00:00:00+05:30,294.14,299.99,287.36,297.98,3105574
2016-02-26 00:00:00+05:30,300.29,303.6,294.98,299.6,1146718
2016-02-29 00:00:00+05:30,297.73,299.69,292.94,296.55,874964
2016-03-01 00:00:00+05:30,301.82,305.66,297.37,303.7,904855
2016-03-02 00:00:00+05:30,312.58,318.32,305.19,310.38,2939780
2016-03-03 00:00:00+05:30,313.73,313.73,303.7,305.15,882710
2016-03-04 00:00:00+05:30,304.66,321.3,302.7,316.63,626066
2016-03-08 00:00:00+05:30,314.88,323.84,307.18,313.98,302054
2016-03-09 00:00:00+05:30,308.1,309.5,303.42,305.92,1970085
2016-03-10 00:00:00+05:30,304.38,306.18,296.54,297.83,1641835
2016-03-11 00:00:00+05:30,299.01,301.82,292.91,293.78,6783245
2016-03-14 00:00:00+05:30,292.82,297.98,292.14,296.28,1334883
2016-03-15 00:00:00+05:30,297.98,297.98,292.52,294.17,1093991
2016-03-16 00:00:00+05:30,293.8,296.43,293.12,295.45,615601
2016-03-17 00:00:00+05:30,296.4,300.53,295.42,299.52,930304
2016-03-18 00:00:00+05:30,300.54,300.54,290.93,293.85,1733686
2016-03-21 00:00:00+05:30,295.17,308.46,294.99,307.07,1190343
2016-03-22 00:00:00+05:30,306.94,312.32,303.1,310.8,567620
2016-03-23 00:00:00+05:30,311.02,314.09,307.86,312.64,469523
2016-03-28 00:00:00+05:30,312.58,316.65,311.94,313.97,422195
2016-03-29 00:00:00+05:30,315.39,316.14,303.42,305.2,1793269
2016-03-30 00:00:00+05:30,306.22,321.28,306.22,318.36,852523
2016-03-31 00:00:00+05:30,319.1,324.35,311.17,318.3,5554804
2016-04-01 00:00:00+05:30,318.21,324.1,313.56,322.15,480124
2016-04-04 00:00:00+05:30,324.69,330.62,323.07,326.19,568988
2016-04-05 00:00:00+05:30,320.79,325.31,315.9,321.26,1090613
2016-04-06 00:00:00+05:30,324.61,327.68,319.87,325.12,709015
2016-04-07 00:00:00+05:30,326.14,327.17,320.66,326.13,308265
2016-04-08 00:00:00+05:30,325.12,327.09,321.09,324.65,227405
2016-04-11 00:00:00+05:30,324.65,326.42,320.0,321.83,358866
2016-04-12 00:00:00+05:30,322.56,327.7,322.56,324.62,573973
2016-04-13 00:00:00+05:30,327.66,328.94,316.33,325.23,945741
2016-04-18 00:00:00+05:30,328.66,343.02,326.4,341.07,1608831
2016-04-20 00:00:00+05:30,343.17,354.82,342.22,353.11,1127151
2016-04-21 00:00:00+05:30,354.56,354.82,347.84,348.29,836589
2016-04-22 00:00:00+05:30,347.89,350.46,345.87,347.99,248078
2016-04-25 00:00:00+05:30,348.67,350.68,342.08,342.95,802945
2016-04-26 00:00:00+05:30,342.95,350.42,340.76,347.33,1439570
2016-04-27 00:00:00+05:30,346.88,348.99,342.32,344.75,425593
2016-04-28 00:00:00+05:30,344.82,344.82,335.36,338.14,1286258
2016-04-29 00:00:00+05:30,340.46,347.57,337.22,346.33,602863
2016-05-02 00:00:00+05:30,344.32,353.02,341.07,350.64,502386
2016-05-03 00:00:00+05:30,350.72,357.89,349.44,353.19,861218
2016-05-04 00:00:00+05:30,351.72,360.45,350.61,353.15,767585
2016-05-05 00:00:00+05:30,353.02,353.54,342.53,345.28,1464839
2016-05-06 00:00:00+05:30,344.53,347.6,339.18,340.33,839804
2016-05-09 00:00:00+05:30,343.94,351.44,338.19,339.38,546155
2016-05-10 00:00:00+05:30,340.22,343.04,331.78,332.82,469160
2016-05-11 00:00:00+05:30,330.24,337.41,328.17,333.12,264578
2016-05-12 00:00:00+05:30,333.14,345.09,333.14,342.66,532546
2016-05-13 00:00:00+05:30,342.02,348.65,341.25,343.58,458043
2016-05-16 00:00:00+05:30,347.9,352.24,340.66,350.74,375254
2016-05-17 00:00:00+05:30,352.26,354.54,349.52,351.18,222405
2016-05-18 00:00:00+05:30,350.59,351.74,346.88,349.39,194640
2016-05-19 00:00:00+05:30,351.95,354.56,345.62,347.42,279061
2016-05-20 00:00:00+05:30,347.37,351.98,340.48,342.12,209363
2016-05-23 00:00:00+05:30,342.5,357.2,342.5,351.12,776793
2016-05-24 00:00:00+05:30,354.02,356.86,346.37,353.88,899773
2016-05-25 00:00:00+05:30,356.35,357.86,350.45,355.52,614991
2016-05-26 00:00:00+05:30,346.11,352.96,343.04,348.7,1179148
2016-05-27 00:00:00+05:30,349.89,355.07,345.68,353.34,822186
2016-05-30 00:00:00+05:30,354.58,370.69,354.58,367.76,1257648
2016-05-31 00:00:00+05:30,369.92,375.02,363.52,368.4,1987886
2016-06-01 00:00:00+05:30,368.38,369.41,358.91,360.51,278296
2016-06-02 00:00:00+05:30,363.1,363.1,353.33,354.86,396148
2016-06-03 00:00:00+05:30,358.4,358.4,345.86,346.19,408136
2016-06-06 00:00:00+05:30,349.1,349.1,339.86,341.1,487456
2016-06-07 00:00:00+05:30,344.02,346.88,342.76,345.51,439241
2016-06-08 00:00:00+05:30,349.12,351.74,345.87,349.04,981241
2016-06-09 00:00:00+05:30,349.7,352.77,345.92,347.39,486254
2016-06-10 00:00:00+05:30,348.16,351.63,346.37,347.14,285855
2016-06-13 00:00:00+05:30,344.06,350.9,344.04,348.05,320613
2016-06-14 00:00:00+05:30,350.21,352.0,338.69,343.02,284831
2016-06-15 00:00:00+05:30,344.32,347.76,342.03,345.47,430218
2016-06-16 00:00:00+05:30,345.6,346.88,342.8,344.66,309054
2016-06-17 00:00:00+05:30,345.58,346.88,337.92,339.11,439984
2016-06-20 00:00:00+05:30,336.55,350.19,336.55,343.23,708699
2016-06-21 00:00:00+05:30,343.6,351.23,339.5,340.88,783660
2016-06-22 00:00:00+05:30,337.46,345.58,337.46,341.91,510488
2016-06-23 00:00:00+05:30,344.13,349.44,337.98,346.06,570179
2016-06-24 00:00:00+05:30,342.98,350.96,338.1,347.92,449249
2016-06-27 00:00:00+05:30,347.92,355.2,344.98,346.96,681398
2016-06-28 00:00:00+05:30,347.39,356.42,347.39,353.6,478699
2016-06-29 00:00:00+05:30,354.58,372.75,352.9,371.48,868245
2016-06-30 00:00:00+05:30,372.07,376.3,363.41,366.22,1203769
2016-07-01 00:00:00+05:30,365.31,378.62,363.66,373.59,799890
2016-07-04 00:00:00+05:30,374.19,376.32,370.86,371.62,371874
2016-07-05 00:00:00+05:30,371.62,378.37,369.96,374.91,537686
2016-07-07 00:00:00+05:30,375.32,381.25,373.78,375.28,802874
2016-07-08 00:00:00+05:30,376.6,378.69,373.14,375.27,440405
2016-07-11 00:00:00+05:30,376.82,380.39,369.46,371.7,670120
2016-07-12 00:00:00+05:30,373.82,375.17,364.12,365.49,956988
2016-07-13 00:00:00+05:30,367.34,371.18,362.24,365.62,999859
2016-07-14 00:00:00+05:30,366.29,372.9,364.06,369.52,2389511
2016-07-15 00:00:00+05:30,372.22,378.35,371.98,375.32,939296
2016-07-18 00:00:00+05:30,377.6,378.47,360.62,364.16,295456
2016-07-19 00:00:00+05:30,366.13,368.64,361.47,367.18,405780
2016-07-20 00:00:00+05:30,367.1,373.74,367.1,372.59,313566
2016-07-21 00:00:00+05:30,373.76,375.3,366.72,370.05,539984
2016-07-22 00:00:00+05:30,370.88,377.34,368.41,373.01,682015
2016-07-25 00:00:00+05:30,373.02,381.42,373.02,378.56,1066304
2016-07-26 00:00:00+05:30,378.88,382.46,358.48,369.94,1016988
2016-07-27 00:00:00+05:30,371.2,377.6,365.42,375.42,545300
2016-07-28 00:00:00+05:30,375.42,381.38,374.03,376.32,1355703
2016-07-29 00:00:00+05:30,376.32,386.9,374.31,383.98,1161379
2016-08-01 00:00:00+05:30,387.84,391.42,382.51,386.18,775578
2016-08-02 00:00:00+05:30,386.05,394.24,385.28,388.59,912308
2016-08-03 00:00:00+05:30,390.38,391.7,378.06,380.2,464859
2016-08-04 00:00:00+05:30,385.77,385.87,365.26,368.05,892160
2016-08-05 00:00:00+05:30,369.66,372.48,360.96,369.32,729168
2016-08-08 00:00:00+05:30,371.2,372.29,359.31,366.58,425605
2016-08-09 00:00:00+05:30,369.41,379.54,364.89,373.49,1057331
2016-08-10 00:00:00+05:30,364.8,382.72,364.8,375.64,1534348
2016-08-11 00:00:00+05:30,371.71,373.76,359.7,363.24,478883
2016-08-12 00:00:00+05:30,366.44,367.87,356.25,357.78,598300
2016-08-16 00:00:00+05:30,358.4,362.64,357.2,358.18,530539
2016-08-17 00:00:00+05:30,358.14,362.09,357.55,360.98,615335
2016-08-18 00:00:00+05:30,361.98,362.73,354.86,355.56,433379
2016-08-19 00:00:00+05:30,355.84,355.84,348.72,349.81,718008
2016-08-22 00:00:00+05:30,349.7,354.26,347.65,349.23,392405
2016-08-23 00:00:00+05:30,351.85,352.88,343.3,346.71,371199
2016-08-24 00:00:00+05:30,346.71,350.46,345.6,348.7,295390
2016-08-25 00:00:00+05:30,348.67,355.84,345.86,352.34,1433066
2016-08-26 00:00:00+05:30,350.46,353.46,348.16,349.71,256640
2016-08-29 00:00:00+05:30,352.69,353.79,347.93,351.68,177511
2016-08-30 00:00:00+05:30,354.24,354.24,349.65,351.5,465214
2016-08-31 00:00:00+05:30,352.0,362.16,349.44,357.01,696418
2016-09-01 00:00:00+05:30,358.4,360.18,353.3,355.61,211328
2016-09-02 00:00:00+05:30,357.12,357.21,349.44,351.76,398398
2016-09-06 00:00:00+05:30,352.36,354.51,348.93,352.05,858668
2016-09-07 00:00:00+05:30,353.5,356.24,351.77,353.19,308605
2016-09-08 00:00:00+05:30,354.98,355.18,350.89,353.84,228765
2016-09-09 00:00:00+05:30,355.82,356.1,349.7,350.99,281456
2016-09-12 00:00:00+05:30,346.96,349.04,335.62,337.81,374683
2016-09-14 00:00:00+05:30,339.97,342.14,329.65,332.57,825566
2016-09-15 00:00:00+05:30,332.8,334.08,323.98,329.26,748370
2016-09-16 00:00:00+05:30,332.29,339.71,330.24,332.76,1134234
2016-09-19 00:00:00+05:30,335.85,337.38,331.89,334.95,617304
2016-09-20 00:00:00+05:30,334.95,338.69,333.81,335.19,328651
2016-09-21 00:00:00+05:30,335.09,342.26,334.08,339.06,837508
2016-09-22 00:00:00+05:30,341.76,344.06,338.99,342.04,298980
2016-09-23 00:00:00+05:30,343.04,349.31,341.61,342.23,1112254
2016-09-26 00:00:00+05:30,342.25,346.07,340.48,342.25,362464
2016-09-27 00:00:00+05:30,342.87,346.88,341.94,346.03,680870
2016-09-28 00:00:00+05:30,346.22,350.7,345.81,348.84,375175
2016-09-29 00:00:00+05:30,350.25,351.74,333.82,347.2,3626968
2016-09-30 00:00:00+05:30,346.86,354.61,335.87,353.13,751238
2016-10-03 00:00:00+05:30,353.02,355.84,349.26,354.56,220699
2016-10-04 00:00:00+05:30,353.79,355.74,350.98,353.74,195894
2016-10-05 00:00:00+05:30,353.54,362.24,352.88,359.45,421004
2016-10-06 00:00:00+05:30,359.7,364.24,354.99,357.55,437210
2016-10-07 00:00:00+05:30,357.38,361.74,353.79,358.83,434761
2016-10-10 00:00:00+05:30,358.91,359.94,352.82,354.42,390155
2016-10-13 00:00:00+05:30,353.28,354.41,344.58,349.58,492710
2016-10-14 00:00:00+05:30,350.44,353.79,334.44,342.55,703316
2016-10-17 00:00:00+05:30,345.14,349.12,336.64,338.28,358120
2016-10-18 00:00:00+05:30,340.46,349.95,338.43,348.9,480089
2016-10-19 00:00:00+05:30,348.93,351.72,347.14,349.34,163921
2016-10-20 00:00:00+05:30,349.1,350.72,345.09,349.04,217886
2016-10-21 00:00:00+05:30,348.93,353.28,343.04,344.66,214863
2016-10-24 00:00:00+05:30,344.96,348.53,343.1,345.15,212390
2016-10-25 00:00:00+05:30,345.15,347.75,343.81,345.51,199811
2016-10-26 00:00:00+05:30,345.51,349.95,343.81,346.0,270390
2016-10-27 00:00:00+05:30,345.32,350.72,341.02,347.82,887293
2016-10-28 00:00:00+05:30,347.61,353.38,344.73,352.14,364523
2016-10-30 00:00:00+05:30,346.11,352.98,346.11,351.49,12558
2016-11-01 00:00:00+05:30,352.0,355.84,349.44,350.85,217828
2016-11-02 00:00:00+05:30,346.83,353.02,346.8,350.38,338015
2016-11-03 00:00:00+05:30,347.73,352.62,347.3,350.48,418386
2016-11-04 00:00:00+05:30,349.18,356.61,349.18,353.98,1363855
2016-11-07 00:00:00+05:30,354.56,367.23,348.18,350.89,612495
2016-11-08 00:00:00+05:30,352.77,355.58,346.24,354.06,219624
2016-11-09 00:00:00+05:30,339.97,350.72,323.16,346.52,380539
2016-11-10 00:00:00+05:30,349.95,353.74,348.14,349.52,393769
2016-11-11 00:00:00+05:30,347.62,348.12,340.74,345.87,411359
2016-11-15 00:00:00+05:30,341.18,351.73,329.09,333.9,676581
2016-11-16 00:00:00+05:30,330.26,341.8,324.82,328.53,1068363
2016-11-17 00:00:00+05:30,327.77,332.8,319.06,321.11,1272035
2016-11-18 00:00:00+05:30,320.0,322.3,311.3,312.06,705238
2016-11-21 00:00:00+05:30,313.6,315.34,290.45,296.23,682081
2016-11-22 00:00:00+05:30,295.68,298.75,290.06,297.26,609675
2016-11-23 00:00:00+05:30,297.22,300.58,286.81,288.58,603265
2016-11-24 00:00:00+05:30,290.3,317.42,287.38,303.28,1110921
2016-11-25 00:00:00+05:30,300.57,300.7,293.7,295.94,1305671
2016-11-28 00:00:00+05:30,296.3,301.93,296.3,299.22,300726
2016-11-29 00:00:00+05:30,300.88,303.36,298.41,298.9,311839
2016-11-30 00:00:00+05:30,299.65,301.67,297.22,299.52,715691
2016-12-01 00:00:00+05:30,300.8,302.06,294.17,295.89,1790273
2016-12-02 00:00:00+05:30,294.91,298.67,288.58,290.92,342429
2016-12-05 00:00:00+05:30,292.58,292.9,283.12,287.34,999749
2016-12-06 00:00:00+05:30,289.28,289.28,282.88,284.57,3997429
2016-12-07 00:00:00+05:30,286.0,287.74,283.41,284.88,325648
2016-12-08 00:00:00+05:30,286.72,289.64,283.39,284.26,1288113
2016-12-09 00:00:00+05:30,286.96,288.34,284.5,286.34,1084468
2016-12-12 00:00:00+05:30,287.72,295.12,285.08,288.88,750601
2016-12-13 00:00:00+05:30,291.58,291.58,284.42,287.02,1418480
2016-12-14 00:00:00+05:30,287.02,289.52,284.93,286.83,561738
2016-12-15 00:00:00+05:30,285.7,289.52,284.42,284.86,263421
2016-12-16 00:00:00+05:30,285.36,287.34,279.87,281.3,696675
2016-12-19 00:00:00+05:30,281.11,283.84,275.97,276.91,1216745
2016-12-20 00:00:00+05:30,277.74,279.55,274.18,275.07,207401
2016-12-21 00:00:00+05:30,276.48,282.2,270.22,279.62,3619629
2016-12-22 00:00:00+05:30,279.06,283.39,277.17,281.83,703566
2016-12-23 00:00:00+05:30,283.14,284.53,280.06,282.16,524976
2016-12-26 00:00:00+05:30,282.11,287.23,278.12,279.82,673304
2016-12-27 00:00:00+05:30,281.32,282.62,277.5,281.3,470738
2016-12-28 00:00:00+05:30,283.78,286.44,277.42,278.98,402620
2016-12-29 00:00:00+05:30,279.3,286.72,279.18,283.9,1470960
2016-12-30 00:00:00+05:30,285.12,286.98,282.13,284.18,324936
2017-01-02 00:00:00+05:30,286.5,294.91,282.38,292.11,746910
2017-01-03 00:00:00+05:30,294.91,303.62,294.4,301.26,1202800
2017-01-04 00:00:00+05:30,302.08,303.36,292.89,294.74,373699
2017-01-05 00:00:00+05:30,297.96,301.57,296.4,300.62,200311
2017-01-06 00:00:00+05:30,301.95,305.34,297.98,298.94,463535
2017-01-09 00:00:00+05:30,298.54,317.18,296.96,302.35,1093745
2017-01-10 00:00:00+05:30,305.13,306.18,298.34,305.19,1040343
2017-01-11 00:00:00+05:30,307.18,308.48,301.34,302.99,904324
2017-01-12 00:00:00+05:30,305.41,312.83,301.59,311.64,940245
2017-01-13 00:00:00+05:30,312.27,314.37,307.97,308.8,699401
2017-01-16 00:00:00+05:30,309.14,311.81,305.41,306.52,290601
2017-01-17 00:00:00+05:30,307.71,312.32,305.46,307.31,680609
2017-01-18 00:00:00+05:30,307.31,307.31,302.1,304.46,700976
2017-01-19 00:00:00+05:30,306.43,306.43,300.39,302.16,660339
2017-01-20 00:00:00+05:30,302.34,303.25,297.36,299.71,821620
2017-01-23 00:00:00+05:30,301.7,304.38,297.22,299.62,341890
2017-01-24 00:00:00+05:30,301.95,306.26,299.82,305.09,499441
2017-01-25 00:00:00+05:30,305.41,307.06,303.62,305.62,985710
2017-01-27 00:00:00+05:30,303.62,310.26,303.62,308.02,429714
2017-01-30 00:00:00+05:30,305.04,310.27,305.04,308.02,290633
2017-01-31 00:00:00+05:30,308.97,308.97,290.82,303.47,5030124
2017-02-01 00:00:00+05:30,304.64,308.22,297.94,304.6,1105651
2017-02-02 00:00:00+05:30,307.46,307.46,299.26,306.26,878968
2017-02-03 00:00:00+05:30,306.64,313.6,302.25,311.4,660855
2017-02-06 00:00:00+05:30,312.96,332.54,308.75,325.21,5777808
2017-02-07 00:00:00+05:30,328.4,330.18,320.02,322.41,1675289
2017-02-08 00:00:00+05:30,323.58,331.52,322.82,329.88,948554
2017-02-09 00:00:00+05:30,331.52,337.66,329.09,336.15,994624
2017-02-10 00:00:00+05:30,337.92,340.99,336.19,339.65,1034054
2017-02-13 00:00:00+05:30,341.76,342.02,330.46,333.8,1220714
2017-02-14 00:00:00+05:30,332.8,332.8,316.67,326.85,2779519
2017-02-15 00:00:00+05:30,324.86,324.86,314.13,314.79,1420598
2017-02-16 00:00:00+05:30,314.37,319.7,313.87,315.86,855351
2017-02-17 00:00:00+05:30,317.42,318.26,311.81,312.7,690030
2017-02-20 00:00:00+05:30,314.11,316.86,312.83,313.51,931843
2017-02-21 00:00:00+05:30,313.09,315.54,312.98,313.51,331921
2017-02-22 00:00:00+05:30,312.94,313.33,308.05,311.0,650780
2017-02-23 00:00:00+05:30,309.76,312.81,302.85,303.74,614769
2017-02-27 00:00:00+05:30,304.08,313.86,302.08,311.7,2968401
2017-02-28 00:00:00+05:30,312.06,315.57,308.22,311.27,2492046
2017-03-01 00:00:00+05:30,313.6,315.39,311.38,313.26,1410984
2017-03-02 00:00:00+05:30,314.88,316.34,311.38,314.32,1330723
2017-03-03 00:00:00+05:30,314.88,317.18,313.6,315.76,692476
2017-03-06 00:00:00+05:30,318.58,319.23,314.9,316.94,592101
2017-03-07 00:00:00+05:30,318.38,321.26,317.07,319.26,769949
2017-03-08 00:00:00+05:30,317.72,317.95,307.73,314.28,1934218
2017-03-09 00:00:00+05:30,314.11,315.65,311.04,312.3,974164
2017-03-10 00:00:00+05:30,312.58,321.06,311.18,317.8,810859
2017-03-14 00:00:00+05:30,321.41,324.22,316.7,317.9,1696734
2017-03-15 00:00:00+05:30,319.83,323.82,316.67,321.05,889089
2017-03-16 00:00:00+05:30,322.43,323.89,313.23,317.46,1928745
2017-03-17 00:00:00+05:30,319.74,322.05,315.43,317.8,1892405
2017-03-20 00:00:00+05:30,317.53,324.78,317.53,319.32,1318761
2017-03-21 00:00:00+05:30,321.26,322.28,316.46,317.38,1043796
2017-03-22 00:00:00+05:30,316.42,318.72,311.68,317.78,4799668
2017-03-23 00:00:00+05:30,320.51,322.05,317.55,318.83,624280
2017-03-24 00:00:00+05:30,320.21,324.35,319.38,320.1,1175425
2017-03-27 00:00:00+05:30,322.56,322.84,314.9,316.02,1166339
2017-03-28 00:00:00+05:30,316.7,319.74,313.6,318.44,2347093
2017-03-29 00:00:00+05:30,319.23,322.92,316.06,322.01,1606335
2017-03-30 00:00:00+05:30,322.01,328.43,317.72,324.56,2877039
2017-03-31 00:00:00+05:30,327.49,329.75,324.76,326.06,1332366
2017-04-03 00:00:00+05:30,326.1,329.79,319.77,323.58,2999316
2017-04-05 00:00:00+05:30,315.52,327.58,315.01,324.1,4645005
2017-04-06 00:00:00+05:30,328.0,339.2,327.6,336.58,2988380
2017-04-07 00:00:00+05:30,338.74,364.43,335.2,358.8,6204321
2017-04-10 00:00:00+05:30,364.78,366.72,352.82,362.02,2002334
2017-04-11 00:00:00+05:30,361.7,371.52,361.22,369.63,1465999
2017-04-12 00:00:00+05:30,371.2,372.8,363.54,366.91,1130274
2017-04-13 00:00:00+05:30,367.31,380.16,365.14,377.28,1380628
2017-04-17 00:00:00+05:30,379.2,380.8,369.31,378.8,1145634
2017-04-18 00:00:00+05:30,376.48,383.04,376.32,380.99,1085446
2017-04-19 00:00:00+05:30,381.02,392.8,379.2,389.9,1407028
2017-04-20 00:00:00+05:30,390.4,396.8,371.86,376.94,2963328
2017-04-21 00:00:00+05:30,379.2,386.14,376.05,382.19,1193393
2017-04-24 00:00:00+05:30,383.98,387.28,377.95,385.25,659080
2017-04-25 00:00:00+05:30,385.63,389.78,384.54,388.35,1085990
2017-04-26 00:00:00+05:30,388.8,392.59,386.56,388.35,809734
2017-04-27 00:00:00+05:30,388.78,391.79,384.32,387.76,980568
2017-04-28 00:00:00+05:30,388.19,390.99,387.71,389.71,1083751
2017-05-02 00:00:00+05:30,389.76,390.0,381.62,383.87,981228
2017-05-03 00:00:00+05:30,383.68,388.78,374.4,375.58,440640
2017-05-04 00:00:00+05:30,378.91,384.0,375.52,380.91,546178
2017-05-05 00:00:00+05:30,380.78,381.47,376.38,380.78,575796
2017-05-08 00:00:00+05:30,380.69,388.16,373.09,377.78,1278424
2017-05-09 00:00:00+05:30,381.6,384.21,375.04,382.83,620690
2017-05-10 00:00:00+05:30,384.0,387.84,380.48,382.05,639711
2017-05-11 00:00:00+05:30,387.12,387.12,366.74,372.45,1219759
2017-05-12 00:00:00+05:30,374.4,379.84,371.79,378.53,757296
2017-05-15 00:00:00+05:30,381.73,381.73,376.02,378.42,394759
2017-05-16 00:00:00+05:30,380.75,389.66,379.71,383.78,1366059
2017-05-17 00:00:00+05:30,384.0,387.18,379.28,382.14,406661
2017-05-18 00:00:00+05:30,379.2,387.2,376.37,382.54,1120159
2017-05-19 00:00:00+05:30,385.6,393.6,380.8,383.42,1423199
2017-05-22 00:00:00+05:30,386.24,389.6,378.56,384.05,857334
2017-05-23 00:00:00+05:30,384.32,400.51,373.76,390.72,3530803
2017-05-24 00:00:00+05:30,395.3,400.0,375.34,377.5,2292874
2017-05-25 00:00:00+05:30,379.63,382.13,366.66,369.55,1522909
2017-05-26 00:00:00+05:30,380.45,389.12,379.39,386.72,2106818
2017-05-29 00:00:00+05:30,388.45,388.45,367.39,377.7,931943
2017-05-30 00:00:00+05:30,380.77,380.77,368.75,373.41,411136
2017-05-31 00:00:00+05:30,374.4,378.5,369.92,371.26,1123315
2017-06-01 00:00:00+05:30,373.36,374.38,365.49,371.89,1216874
2017-06-02 00:00:00+05:30,372.16,376.0,370.54,372.02,763671
2017-06-05 00:00:00+05:30,374.37,376.75,371.84,375.26,433915
2017-06-06 00:00:00+05:30,376.86,377.6,372.54,374.54,300393
2017-06-07 00:00:00+05:30,377.25,378.24,374.54,376.4,791553
2017-06-08 00:00:00+05:30,380.16,380.16,371.84,373.07,537353
2017-06-09 00:00:00+05:30,374.22,379.63,370.0,377.84,496449
2017-06-12 00:00:00+05:30,377.6,379.2,373.39,375.23,201011
2017-06-13 00:00:00+05:30,375.23,376.51,372.66,374.1,265724
2017-06-14 00:00:00+05:30,375.65,375.65,363.44,367.42,584471
2017-06-15 00:00:00+05:30,368.93,371.49,361.95,363.55,305990
2017-06-16 00:00:00+05:30,365.44,367.36,360.32,363.42,691405
2017-06-19 00:00:00+05:30,363.9,368.85,358.4,362.5,505893
2017-06-20 00:00:00+05:30,364.54,383.58,361.66,379.66,1987484
2017-06-21 00:00:00+05:30,384.0,386.13,378.91,381.87,2667878
2017-06-22 00:00:00+05:30,382.69,388.26,381.47,383.7,1476086
2017-06-23 00:00:00+05:30,384.32,385.58,370.37,372.54,737621
2017-06-27 00:00:00+05:30,374.72,374.72,360.24,362.83,758828
2017-06-28 00:00:00+05:30,363.44,378.88,360.99,362.27,939643
2017-06-29 00:00:00+05:30,364.61,368.06,361.31,362.74,1072243
2017-06-30 00:00:00+05:30,362.74,369.6,359.57,366.74,628705
2017-07-03 00:00:00+05:30,368.0,372.8,364.98,370.02,302715
2017-07-04 00:00:00+05:30,368.94,377.12,368.94,373.17,445365
2017-07-05 00:00:00+05:30,373.44,376.93,370.45,373.14,257599
2017-07-06 00:00:00+05:30,373.14,376.74,372.06,373.71,227636
2017-07-07 00:00:00+05:30,372.16,379.92,372.16,378.8,326961
2017-07-10 00:00:00+05:30,384.0,386.08,378.08,384.08,193786
2017-07-11 00:00:00+05:30,384.32,388.46,373.62,375.5,737136
2017-07-12 00:00:00+05:30,376.93,382.32,375.07,375.98,436749
2017-07-13 00:00:00+05:30,376.96,380.26,373.76,376.93,894068
2017-07-14 00:00:00+05:30,376.93,381.6,374.4,375.34,573790
2017-07-17 00:00:00+05:30,377.28,379.15,373.54,376.72,826574
2017-07-18 00:00:00+05:30,375.17,382.08,374.72,379.71,1378574
2017-07-19 00:00:00+05:30,379.58,382.37,376.64,377.49,761221
2017-07-20 00:00:00+05:30,379.65,381.73,376.35,377.63,304668
2017-07-21 00:00:00+05:30,377.63,380.75,375.41,377.78,1275340
2017-07-24 00:00:00+05:30,380.43,380.43,374.4,376.46,707536
2017-07-25 00:00:00+05:30,378.37,378.37,373.76,374.64,951753
2017-07-26 00:00:00+05:30,374.64,377.33,373.12,375.36,807059
2017-07-27 00:00:00+05:30,376.26,379.26,370.83,372.61,1081774
2017-07-28 00:00:00+05:30,372.48,372.8,364.16,365.2,768915
2017-07-31 00:00:00+05:30,365.47,368.96,363.47,366.03,644965
2017-08-01 00:00:00+05:30,376.93,383.97,374.1,376.22,2801759
2017-08-02 00:00:00+05:30,378.56,379.66,373.78,375.2,765955
2017-08-03 00:00:00+05:30,376.61,389.12,374.72,377.52,2022749
2017-08-04 00:00:00+05:30,378.86,384.58,375.68,377.47,1898040
2017-08-07 00:00:00+05:30,380.1,386.82,377.65,379.01,893646
2017-08-08 00:00:00+05:30,379.01,381.55,368.72,373.94,835365
2017-08-09 00:00:00+05:30,371.52,381.09,366.45,374.03,717521
2017-08-10 00:00:00+05:30,372.7,376.13,364.94,366.54,725653
2017-08-11 00:00:00+05:30,364.16,373.39,350.75,370.54,1303118
2017-08-14 00:00:00+05:30,376.0,377.28,371.73,374.42,764046
2017-08-16 00:00:00+05:30,376.0,399.62,376.0,393.73,2479546
2017-08-17 00:00:00+05:30,394.24,405.66,393.73,397.36,1699368
2017-08-18 00:00:00+05:30,396.48,405.41,392.32,401.33,1531055
2017-08-21 00:00:00+05:30,406.08,412.67,387.57,391.02,2424743
2017-08-22 00:00:00+05:30,393.6,411.2,391.15,408.45,2307703
2017-08-23 00:00:00+05:30,411.2,417.44,400.0,402.56,4019974
2017-08-24 00:00:00+05:30,406.05,408.02,401.76,405.7,1096840
2017-08-28 00:00:00+05:30,405.01,413.12,403.02,411.81,654603
2017-08-29 00:00:00+05:30,410.24,410.24,400.48,403.17,541246
2017-08-30 00:00:00+05:30,403.36,421.12,403.36,419.63,1405896
2017-09-01 00:00:00+05:30,423.17,428.06,423.17,426.67,925830
2017-09-04 00:00:00+05:30,424.32,425.9,414.18,421.3,1204205
2017-09-05 00:00:00+05:30,420.8,434.18,420.8,432.1,1204061
2017-09-06 00:00:00+05:30,427.2,446.54,422.4,443.68,2155371
2017-09-07 00:00:00+05:30,447.79,448.0,437.78,440.0,1442253
2017-09-08 00:00:00+05:30,443.52,443.84,431.73,435.15,1091009
2017-09-11 00:00:00+05:30,438.02,452.16,437.95,450.08,3674365
2017-09-12 00:00:00+05:30,450.88,450.88,443.04,447.78,1989803
2017-09-13 00:00:00+05:30,449.6,450.56,436.8,438.67,1185986
2017-09-14 00:00:00+05:30,442.56,446.3,429.22,436.56,1655586
2017-09-15 00:00:00+05:30,442.0,443.12,430.74,433.52,5345386
2017-09-18 00:00:00+05:30,436.16,441.28,434.24,437.46,415284
2017-09-19 00:00:00+05:30,439.33,441.22,432.32,433.41,375090
2017-09-20 00:00:00+05:30,434.37,439.63,434.3,437.01,641880
2017-09-21 00:00:00+05:30,436.8,438.21,426.72,429.92,507809
2017-09-22 00:00:00+05:30,428.8,428.8,416.0,418.11,640646
2017-09-25 00:00:00+05:30,418.24,418.24,402.45,410.88,1150474
2017-09-26 00:00:00+05:30,410.32,416.32,404.82,412.32,1077786
2017-09-27 00:00:00+05:30,412.88,415.26,401.6,404.03,1160605
2017-09-28 00:00:00+05:30,405.25,434.38,400.27,422.19,1915468
2017-09-29 00:00:00+05:30,420.06,433.15,414.75,430.93,1434803
2017-10-03 00:00:00+05:30,435.2,435.2,419.41,424.0,1175193
2017-10-04 00:00:00+05:30,424.93,427.52,420.46,424.94,1085396
2017-10-05 00:00:00+05:30,424.94,432.1,420.59,423.28,824371
2017-10-06 00:00:00+05:30,423.36,428.14,422.45,425.07,821411
2017-10-09 00:00:00+05:30,427.84,427.84,422.8,423.9,331246
2017-10-10 00:00:00+05:30,427.84,432.7,423.09,425.36,1700668
2017-10-11 00:00:00+05:30,428.13,431.76,415.15,418.85,1179428
2017-10-12 00:00:00+05:30,423.14,436.8,423.14,433.87,1388378
2017-10-13 00:00:00+05:30,436.62,438.72,428.35,436.59,1379115
2017-10-16 00:00:00+05:30,437.44,443.3,432.0,435.02,836146
2017-10-17 00:00:00+05:30,430.72,437.76,426.42,429.3,1976931
2017-10-18 00:00:00+05:30,430.35,434.22,421.34,423.1,1513424
2017-10-19 00:00:00+05:30,425.92,426.62,417.6,422.16,57356
2017-10-23 00:00:00+05:30,420.64,430.08,418.24,426.08,1304236
2017-10-24 00:00:00+05:30,428.8,435.2,424.02,428.99,479349
2017-10-25 00:00:00+05:30,430.4,437.7,426.38,435.02,834655
2017-10-26 00:00:00+05:30,432.32,447.74,429.6,437.82,1887240
2017-10-27 00:00:00+05:30,438.34,443.07,430.48,436.61,944205
2017-10-30 00:00:00+05:30,436.32,440.26,430.7,438.69,953386
2017-10-31 00:00:00+05:30,437.2,447.68,435.87,442.35,2284009
2017-11-01 00:00:00+05:30,445.39,449.6,423.38,444.83,2163134
2017-11-02 00:00:00+05:30,442.24,445.52,435.34,441.42,2081630
2017-11-03 00:00:00+05:30,441.28,447.04,438.1,441.57,1089684
2017-11-06 00:00:00+05:30,442.24,453.76,442.24,445.36,1881228
2017-11-07 00:00:00+05:30,445.44,449.9,423.7,425.23,1715649
2017-11-08 00:00:00+05:30,428.19,435.2,425.15,428.29,407836
2017-11-09 00:00:00+05:30,429.15,436.54,424.96,427.79,690103
2017-11-10 00:00:00+05:30,425.28,433.58,425.28,431.89,508768
2017-11-13 00:00:00+05:30,434.88,436.48,428.11,428.9,728034
2017-11-14 00:00:00+05:30,429.79,432.0,423.36,427.82,552211
2017-11-15 00:00:00+05:30,427.44,435.25,423.52,426.45,304443
2017-11-16 00:00:00+05:30,427.17,431.01,416.32,424.02,573221
2017-11-17 00:00:00+05:30,428.16,434.53,426.62,430.51,735665
2017-11-20 00:00:00+05:30,431.6,444.8,429.46,435.98,1543330
2017-11-21 00:00:00+05:30,440.64,442.85,431.06,434.26,545774
2017-11-22 00:00:00+05:30,434.24,437.98,432.32,434.98,1262768
2017-11-23 00:00:00+05:30,435.2,435.2,426.1,427.7,507046
2017-11-24 00:00:00+05:30,430.4,433.68,426.42,430.69,455059
2017-11-27 00:00:00+05:30,432.21,432.21,420.46,425.39,819499
2017-11-28 00:00:00+05:30,424.96,428.78,421.44,425.94,913134
2017-11-29 00:00:00+05:30,426.88,427.84,423.57,424.82,391465
2017-11-30 00:00:00+05:30,424.0,424.29,417.26,418.56,923086
2017-12-01 00:00:00+05:30,421.95,421.95,406.94,408.88,893568
2017-12-04 00:00:00+05:30,409.6,417.28,403.55,414.83,696309
2017-12-05 00:00:00+05:30,415.97,415.97,409.07,412.82,378159
2017-12-06 00:00:00+05:30,411.2,419.2,409.76,415.9,960334
2017-12-07 00:00:00+05:30,417.28,422.03,413.14,417.04,847980
2017-12-08 00:00:00+05:30,417.58,418.56,413.84,415.82,638546
2017-12-11 00:00:00+05:30,418.56,418.56,412.8,415.79,950355
2017-12-12 00:00:00+05:30,415.68,417.92,413.87,415.78,906905
2017-12-13 00:00:00+05:30,412.16,416.11,411.87,414.62,382874
2017-12-14 00:00:00+05:30,411.2,416.0,408.64,413.1,176955
2017-12-15 00:00:00+05:30,416.0,416.64,413.1,415.84,507715
2017-12-18 00:00:00+05:30,415.84,421.09,403.65,419.25,411434
2017-12-19 00:00:00+05:30,420.45,432.0,419.58,430.91,786559
2017-12-20 00:00:00+05:30,431.04,435.26,428.8,431.94,677928
2017-12-21 00:00:00+05:30,433.92,437.36,431.54,433.92,631111
2017-12-22 00:00:00+05:30,433.92,437.76,431.57,436.13,632253
2017-12-26 00:00:00+05:30,439.01,447.34,435.84,446.16,477355
2017-12-27 00:00:00+05:30,447.98,454.08,432.77,435.73,1087524
2017-12-28 00:00:00+05:30,435.73,445.79,432.66,440.19,725628
2017-12-29 00:00:00+05:30,441.57,446.03,438.46,441.39,511296
2018-01-01 00:00:00+05:30,444.16,456.0,437.76,438.64,214899
2018-01-02 00:00:00+05:30,441.25,441.25,430.4,432.86,291321
2018-01-03 00:00:00+05:30,436.8,441.06,431.97,438.42,392786
2018-01-04 00:00:00+05:30,438.42,446.85,435.9,440.42,1554859
2018-01-05 00:00:00+05:30,442.53,443.2,439.46,441.38,406996
2018-01-08 00:00:00+05:30,440.0,444.96,439.54,441.58,813393
2018-01-09 00:00:00+05:30,442.88,444.46,438.77,440.18,1022328
2018-01-10 00:00:00+05:30,440.03,479.68,440.0,472.42,5068909
2018-01-11 00:00:00+05:30,468.7,468.7,454.72,456.35,1409580
2018-01-12 00:00:00+05:30,457.92,460.46,448.64,458.32,1020180
2018-01-15 00:00:00+05:30,460.16,466.99,452.02,455.06,1329274
2018-01-16 00:00:00+05:30,455.15,462.06,448.64,451.89,869215
2018-01-17 00:00:00+05:30,449.92,460.45,447.36,457.28,739659
2018-01-18 00:00:00+05:30,460.8,465.6,454.4,460.51,2231178
2018-01-19 00:00:00+05:30,465.6,473.28,463.5,471.57,1428771
2018-01-22 00:00:00+05:30,472.54,480.0,470.58,474.64,1757509
2018-01-23 00:00:00+05:30,477.76,478.14,466.42,469.18,802328
2018-01-24 00:00:00+05:30,469.44,472.0,463.04,469.25,706753
2018-01-25 00:00:00+05:30,478.64,478.66,458.02,460.93,1983630
2018-01-29 00:00:00+05:30,466.24,466.7,444.38,448.13,564440
2018-01-30 00:00:00+05:30,449.6,452.61,434.45,441.6,869628
2018-01-31 00:00:00+05:30,438.48,446.4,436.18,444.9,975309
2018-02-01 00:00:00+05:30,446.08,450.19,437.38,443.94,1312224
2018-02-02 00:00:00+05:30,439.55,440.32,422.4,428.06,1953859
2018-02-05 00:00:00+05:30,425.6,432.96,417.18,429.22,794286
2018-02-06 00:00:00+05:30,416.42,423.42,414.58,416.14,1103593
2018-02-07 00:00:00+05:30,425.28,431.74,420.8,429.62,989486
2018-02-08 00:00:00+05:30,429.76,432.94,425.23,429.23,653705
2018-02-09 00:00:00+05:30,427.04,427.04,419.86,421.65,430246
2018-02-12 00:00:00+05:30,422.37,426.86,419.2,424.1,1044165
2018-02-14 00:00:00+05:30,431.97,431.97,421.66,424.03,1662603
2018-02-15 00:00:00+05:30,426.51,427.2,422.78,424.32,864059
2018-02-16 00:00:00+05:30,425.41,426.3,420.02,421.52,838486
2018-02-19 00:00:00+05:30,423.49,423.81,407.71,413.31,918074
2018-02-20 00:00:00+05:30,414.4,417.6,411.3,412.94,1882284
2018-02-21 00:00:00+05:30,412.96,421.66,408.4,418.85,635171
2018-02-22 00:00:00+05:30,415.36,433.6,414.8,426.46,1052486
2018-02-23 00:00:00+05:30,428.14,428.48,419.78,425.52,972174
2018-02-26 00:00:00+05:30,428.78,430.72,419.87,425.57,710274
2018-02-27 00:00:00+05:30,426.5,428.16,416.56,425.65,898455
2018-02-28 00:00:00+05:30,422.37,425.25,413.78,417.33,1063746
2018-03-01 00:00:00+05:30,416.0,422.42,414.26,419.95,393749
2018-03-05 00:00:00+05:30,415.04,419.06,407.09,409.71,830559
2018-03-06 00:00:00+05:30,411.52,412.51,391.58,395.57,1156986
2018-03-07 00:00:00+05:30,395.2,403.84,395.2,400.94,1146574
2018-03-08 00:00:00+05:30,400.59,403.2,394.43,400.19,828834
2018-03-09 00:00:00+05:30,403.2,404.94,397.44,399.58,1003261
2018-03-12 00:00:00+05:30,402.78,402.78,395.28,396.24,478959
2018-03-13 00:00:00+05:30,395.52,401.6,393.95,397.25,594711
2018-03-14 00:00:00+05:30,395.65,401.07,394.82,398.82,942911
2018-03-15 00:00:00+05:30,398.86,400.45,395.95,397.84,684968
2018-03-16 00:00:00+05:30,395.84,397.63,384.32,386.72,1093659
2018-03-19 00:00:00+05:30,388.48,388.48,377.62,383.71,731586
2018-03-20 00:00:00+05:30,382.72,386.86,374.78,379.25,1423443
2018-03-21 00:00:00+05:30,381.01,387.82,377.28,379.09,694553
2018-03-22 00:00:00+05:30,379.2,382.05,373.65,377.9,950599
2018-03-23 00:00:00+05:30,373.76,389.65,373.65,387.3,1916703
2018-03-26 00:00:00+05:30,387.52,387.84,380.45,383.39,532571
2018-03-27 00:00:00+05:30,386.24,394.86,383.81,392.16,892961
2018-03-28 00:00:00+05:30,393.6,400.32,392.16,398.43,1808580
2018-04-02 00:00:00+05:30,399.36,400.27,393.63,397.18,360655
2018-04-03 00:00:00+05:30,397.44,411.52,397.44,404.37,909271
2018-04-04 00:00:00+05:30,404.78,408.77,389.44,398.29,807171
2018-04-05 00:00:00+05:30,400.0,403.49,394.18,396.74,795536
2018-04-06 00:00:00+05:30,396.8,406.72,396.16,404.58,316661
2018-04-09 00:00:00+05:30,406.08,407.66,401.07,403.82,156136
2018-04-10 00:00:00+05:30,405.44,413.12,404.7,408.54,931171
2018-04-11 00:00:00+05:30,410.21,412.8,406.94,409.18,487478
2018-04-12 00:00:00+05:30,409.89,415.34,402.58,414.45,587380
2018-04-13 00:00:00+05:30,414.74,420.42,408.38,415.65,730178
2018-04-16 00:00:00+05:30,416.0,425.52,413.76,423.79,741253
2018-04-17 00:00:00+05:30,424.32,439.68,416.38,436.98,1200924
2018-04-18 00:00:00+05:30,438.38,441.6,429.52,430.53,689328
2018-04-19 00:00:00+05:30,435.2,440.54,427.63,430.72,851168
2018-04-20 00:00:00+05:30,432.32,438.85,428.11,430.27,775590
2018-04-23 00:00:00+05:30,430.43,432.32,418.03,425.68,1490671
2018-04-24 00:00:00+05:30,428.16,431.66,423.98,427.39,1903055
2018-04-25 00:00:00+05:30,428.14,428.54,419.9,423.92,1615478
2018-04-26 00:00:00+05:30,424.32,424.88,411.31,413.84,1082436
2018-04-27 00:00:00+05:30,416.64,425.09,413.17,419.23,1159318
2018-04-30 00:00:00+05:30,421.42,424.13,412.8,417.25,1426774
2018-05-02 00:00:00+05:30,426.34,428.78,421.7,424.53,4625646
2018-05-03 00:00:00+05:30,424.53,439.68,423.02,434.93,4956503
2018-05-04 00:00:00+05:30,437.5,442.38,433.07,436.93,2093084
2018-05-07 00:00:00+05:30,438.34,438.34,427.44,431.92,1310211
2018-05-08 00:00:00+05:30,433.54,455.04,432.54,447.74,3069721
2018-05-09 00:00:00+05:30,444.16,447.34,439.06,441.7,715718
2018-05-10 00:00:00+05:30,440.0,447.55,432.0,434.16,651109
2018-05-11 00:00:00+05:30,434.42,452.22,434.42,450.24,1314843
2018-05-14 00:00:00+05:30,451.2,453.73,443.84,448.56,892074
2018-05-15 00:00:00+05:30,449.6,454.37,440.96,444.88,1131080
2018-05-16 00:00:00+05:30,441.65,449.6,440.64,448.4,1263343
2018-05-17 00:00:00+05:30,448.32,455.58,441.6,445.34,1377611
2018-05-18 00:00:00+05:30,442.24,453.46,441.95,447.07,1477411
2018-05-21 00:00:00+05:30,447.07,449.71,442.74,444.24,936180
2018-05-22 00:00:00+05:30,439.04,444.37,435.33,441.55,1507109
2018-05-23 00:00:00+05:30,438.72,445.76,435.94,443.92,776834
2018-05-24 00:00:00+05:30,446.4,447.9,431.54,441.92,700993
2018-05-25 00:00:00+05:30,440.06,446.85,437.49,441.04,1510455
2018-05-28 00:00:00+05:30,444.48,444.48,436.42,442.06,818549
2018-05-29 00:00:00+05:30,443.2,444.14,433.92,439.49,992180
2018-05-30 00:00:00+05:30,438.02,442.88,436.88,439.87,1052059
2018-05-31 00:00:00+05:30,441.54,448.0,431.36,441.3,10052168
2018-06-01 00:00:00+05:30,440.93,440.93,425.92,427.87,586471
2018-06-04 00:00:00+05:30,430.4,434.53,417.6,420.26,1006224
2018-06-05 00:00:00+05:30,421.44,429.54,417.66,427.04,1382559
2018-06-06 00:00:00+05:30,427.04,432.0,422.74,431.04,438365
2018-06-07 00:00:00+05:30,431.04,436.16,427.46,431.25,508796
2018-06-08 00:00:00+05:30,429.76,439.04,429.63,436.06,563828
2018-06-11 00:00:00+05:30,435.2,436.66,419.23,420.61,923934
2018-06-12 00:00:00+05:30,420.05,430.1,418.13,427.54,785809
2018-06-13 00:00:00+05:30,428.8,429.97,420.8,422.16,867440
2018-06-14 00:00:00+05:30,427.3,427.52,413.5,417.33,1060424
2018-06-15 00:00:00+05:30,416.96,418.86,402.24,404.21,1258440
2018-06-18 00:00:00+05:30,403.55,406.38,391.94,394.46,1463946
2018-06-19 00:00:00+05:30,395.74,408.67,388.8,405.9,2207718
2018-06-20 00:00:00+05:30,407.68,412.16,402.19,407.78,1038686
2018-06-21 00:00:00+05:30,406.66,409.76,399.94,402.02,716396
2018-06-22 00:00:00+05:30,403.04,403.04,394.24,399.04,1136274
2018-06-25 00:00:00+05:30,400.14,410.83,394.3,398.21,938621
2018-06-26 00:00:00+05:30,392.51,407.04,392.38,399.3,579558
2018-06-27 00:00:00+05:30,400.64,401.28,383.36,388.1,865241
2018-06-28 00:00:00+05:30,385.28,408.58,385.28,391.23,3423716
2018-06-29 00:00:00+05:30,393.18,420.83,389.12,417.44,2105085
2018-07-02 00:00:00+05:30,415.94,423.68,400.0,407.65,2565229
2018-07-03 00:00:00+05:30,410.88,413.92,400.64,412.86,623486
2018-07-04 00:00:00+05:30,415.23,421.09,412.16,414.88,507996
2018-07-05 00:00:00+05:30,411.07,414.66,404.1,406.78,755904
2018-07-06 00:00:00+05:30,408.19,422.4,406.78,416.7,905523
2018-07-09 00:00:00+05:30,415.94,430.08,409.6,428.22,1227780
2018-07-10 00:00:00+05:30,430.27,433.22,423.68,431.36,577329
2018-07-11 00:00:00+05:30,428.16,430.72,412.67,414.34,494066
2018-07-12 00:00:00+05:30,417.25,421.7,404.45,406.72,930811
2018-07-13 00:00:00+05:30,408.06,416.42,403.84,408.26,919514
2018-07-16 00:00:00+05:30,409.22,410.85,392.48,401.66,873778
2018-07-17 00:00:00+05:30,400.13,410.88,394.66,410.37,634303
2018-07-18 00:00:00+05:30,412.16,421.76,406.11,416.29,719774
2018-07-19 00:00:00+05:30,413.76,419.2,409.28,416.9,276283
2018-07-20 00:00:00+05:30,416.0,421.12,412.86,418.08,282136
2018-07-23 00:00:00+05:30,410.24,431.84,410.24,421.44,693059
2018-07-24 00:00:00+05:30,421.47,427.74,412.0,424.48,481053
2018-07-25 00:00:00+05:30,424.48,426.85,410.88,413.86,560926
2018-07-26 00:00:00+05:30,411.1,423.04,411.1,414.46,1928541
2018-07-27 00:00:00+05:30,419.2,426.21,410.62,416.29,897278
2018-07-30 00:00:00+05:30,419.17,427.52,411.04,423.14,865624
2018-07-31 00:00:00+05:30,424.29,439.62,417.18,428.35,1092053
2018-08-01 00:00:00+05:30,430.46,433.92,418.4,423.84,543984
2018-08-02 00:00:00+05:30,424.93,425.54,413.44,414.56,873299
2018-08-03 00:00:00+05:30,416.7,419.14,408.77,412.8,1040280
2018-08-06 00:00:00+05:30,415.52,419.01,408.03,408.9,533518
2018-08-07 00:00:00+05:30,411.74,416.45,405.92,408.22,1062896
2018-08-08 00:00:00+05:30,408.22,416.86,407.36,412.42,452908
2018-08-09 00:00:00+05:30,414.5,424.96,409.7,411.17,1255968
2018-08-10 00:00:00+05:30,411.52,416.64,406.78,409.09,470528
2018-08-13 00:00:00+05:30,407.04,412.86,404.13,409.28,378546
2018-08-14 00:00:00+05:30,410.69,413.44,408.42,411.23,482259
2018-08-16 00:00:00+05:30,411.74,418.02,409.6,413.25,523036
2018-08-17 00:00:00+05:30,413.44,419.2,405.34,408.64,994398
2018-08-20 00:00:00+05:30,410.24,411.14,401.47,402.05,533459
2018-08-21 00:00:00+05:30,403.2,413.89,399.87,406.37,968484
2018-08-23 00:00:00+05:30,409.41,413.18,407.33,411.62,592340
2018-08-24 00:00:00+05:30,411.52,415.42,405.28,409.86,474298
2018-08-27 00:00:00+05:30,410.53,418.02,408.8,414.34,619804
2018-08-28 00:00:00+05:30,412.86,413.76,402.05,404.13,875203
2018-08-29 00:00:00+05:30,405.22,411.65,402.56,410.05,750516
2018-08-30 00:00:00+05:30,410.56,413.44,403.52,404.93,914340
2018-08-31 00:00:00+05:30,407.26,419.1,405.54,417.18,1568861
2018-09-03 00:00:00+05:30,418.62,420.16,413.6,416.51,658335
2018-09-04 00:00:00+05:30,414.4,416.29,399.01,402.98,1276516
2018-09-05 00:00:00+05:30,403.2,411.94,397.63,410.37,647189
2018-09-06 00:00:00+05:30,410.4,414.5,403.52,409.06,822216
2018-09-07 00:00:00+05:30,411.58,428.86,410.82,421.76,1738504
2018-09-10 00:00:00+05:30,419.84,427.52,418.46,421.95,608111
2018-09-11 00:00:00+05:30,422.4,425.7,403.2,405.44,1290993
2018-09-12 00:00:00+05:30,406.14,415.14,401.12,403.81,1206126
2018-09-14 00:00:00+05:30,405.82,415.52,404.29,413.38,958123
2018-09-17 00:00:00+05:30,414.08,416.0,404.7,405.73,614743
2018-09-18 00:00:00+05:30,405.7,407.39,391.68,392.74,1208830
2018-09-19 00:00:00+05:30,394.24,403.07,392.96,397.92,702083
2018-09-21 00:00:00+05:30,402.85,416.0,389.82,411.97,1682654
2018-09-24 00:00:00+05:30,412.96,412.96,392.96,397.31,1088251
2018-09-25 00:00:00+05:30,394.43,405.54,386.02,392.13,1319478
2018-09-26 00:00:00+05:30,398.08,405.02,392.32,402.34,861608
2018-09-27 00:00:00+05:30,398.72,404.86,395.33,397.31,1041940
2018-09-28 00:00:00+05:30,401.6,405.25,397.82,401.57,1089123
2018-10-01 00:00:00+05:30,403.04,421.76,394.37,417.44,1186653
2018-10-03 00:00:00+05:30,413.44,418.05,406.34,410.37,1181468
2018-10-04 00:00:00+05:30,405.76,409.98,384.32,390.78,1210909
2018-10-05 00:00:00+05:30,384.32,396.0,375.17,387.68,1060168
2018-10-08 00:00:00+05:30,388.48,398.72,377.7,383.68,877228
2018-10-09 00:00:00+05:30,381.5,393.41,359.2,383.01,2324230
2018-10-10 00:00:00+05:30,384.0,394.85,380.99,393.18,721454
2018-10-11 00:00:00+05:30,375.17,387.52,371.36,380.42,852474
2018-10-12 00:00:00+05:30,382.98,392.32,380.8,388.67,700929
2018-10-15 00:00:00+05:30,390.4,393.09,382.21,386.94,361396
2018-10-16 00:00:00+05:30,387.84,392.32,382.21,384.83,819691
2018-10-17 00:00:00+05:30,390.4,392.32,381.44,383.58,692828
2018-10-19 00:00:00+05:30,382.72,389.09,376.26,378.94,678304
2018-10-22 00:00:00+05:30,382.08,382.72,363.52,368.51,2599796
2018-10-23 00:00:00+05:30,364.8,373.57,358.4,369.18,1095724
2018-10-24 00:00:00+05:30,369.28,376.32,354.53,357.25,1684866
2018-10-25 00:00:00+05:30,353.28,358.4,346.88,352.1,6306593
2018-10-26 00:00:00+05:30,355.2,374.08,354.02,367.58,1877696
2018-10-29 00:00:00+05:30,368.51,417.02,364.74,396.67,2163199
2018-10-30 00:00:00+05:30,395.52,404.26,391.04,398.94,881109
2018-10-31 00:00:00+05:30,408.32,419.2,387.2,405.6,2497565
2018-11-01 00:00:00+05:30,409.6,426.24,404.99,423.42,1717305
2018-11-02 00:00:00+05:30,423.68,429.82,419.1,422.18,936226
2018-11-05 00:00:00+05:30,422.18,422.18,416.03,418.82,979773
2018-11-06 00:00:00+05:30,419.2,441.6,419.2,429.79,2104155
2018-11-07 00:00:00+05:30,433.6,436.48,423.46,427.2,134941
2018-11-09 00:00:00+05:30,428.67,432.0,426.14,428.77,922160
2018-11-12 00:00:00+05:30,430.08,431.17,410.56,412.64,829326
2018-11-13 00:00:00+05:30,414.46,438.27,410.08,428.93,2077196
2018-11-14 00:00:00+05:30,430.02,430.98,418.56,427.07,1122828
2018-11-15 00:00:00+05:30,425.6,438.4,425.6,436.9,744695
2018-11-16 00:00:00+05:30,435.2,445.31,422.11,429.92,1481861
2018-11-19 00:00:00+05:30,432.51,443.17,425.6,431.07,1130360
2018-11-20 00:00:00+05:30,428.26,438.98,426.88,432.9,813389
2018-11-21 00:00:00+05:30,438.37,438.94,428.96,432.77,558086
2018-11-22 00:00:00+05:30,435.07,436.48,428.03,430.24,523585
2018-11-26 00:00:00+05:30,432.8,437.18,425.6,429.57,962041
2018-11-27 00:00:00+05:30,426.98,431.39,418.56,427.49,899376
2018-11-28 00:00:00+05:30,429.44,431.36,419.84,425.6,619433
2018-11-29 00:00:00+05:30,427.42,435.07,423.04,431.9,725334
2018-11-30 00:00:00+05:30,430.4,435.71,420.99,431.97,1320240
2018-12-03 00:00:00+05:30,432.0,438.4,426.24,435.3,650671
2018-12-04 00:00:00+05:30,435.2,438.24,428.8,433.63,1364726
2018-12-05 00:00:00+05:30,431.94,436.22,427.17,431.14,723789
2018-12-06 00:00:00+05:30,427.68,429.44,420.8,423.49,722829
2018-12-07 00:00:00+05:30,425.54,426.5,419.58,422.94,341924
2018-12-10 00:00:00+05:30,420.8,435.65,413.12,425.02,810996
2018-12-11 00:00:00+05:30,415.81,428.86,415.36,423.36,579395
2018-12-12 00:00:00+05:30,421.82,426.21,414.85,417.57,1144835
2018-12-13 00:00:00+05:30,415.97,418.75,411.94,414.56,802355
2018-12-14 00:00:00+05:30,414.08,418.05,410.91,416.42,1367453
2018-12-17 00:00:00+05:30,417.92,431.94,417.92,423.81,2085264
2018-12-18 00:00:00+05:30,421.54,425.28,416.32,422.66,1111203
2018-12-19 00:00:00+05:30,427.2,435.78,423.55,427.84,1154968
2018-12-20 00:00:00+05:30,430.72,434.46,420.29,426.56,2600985
2018-12-21 00:00:00+05:30,428.8,428.8,418.14,420.22,811058
2018-12-24 00:00:00+05:30,416.7,422.05,413.82,416.03,679779
2018-12-26 00:00:00+05:30,417.28,420.32,407.1,417.66,1014414
2018-12-27 00:00:00+05:30,425.47,436.42,421.18,426.53,7599879
2018-12-28 00:00:00+05:30,428.8,431.49,426.62,429.06,947789
2018-12-31 00:00:00+05:30,428.16,446.02,427.39,440.13,3913943
2019-01-01 00:00:00+05:30,441.6,442.21,434.85,438.59,712298
2019-01-02 00:00:00+05:30,439.04,441.02,424.32,428.13,1707714
2019-01-03 00:00:00+05:30,430.02,430.66,426.91,428.8,1050111
2019-01-04 00:00:00+05:30,429.25,436.38,427.65,433.95,1355471
2019-01-07 00:00:00+05:30,436.38,439.39,432.35,435.94,746133
2019-01-08 00:00:00+05:30,437.76,437.76,433.44,435.46,615821
2019-01-09 00:00:00+05:30,436.03,442.72,433.86,438.05,732679
2019-01-10 00:00:00+05:30,437.95,443.46,436.29,440.99,738574
2019-01-11 00:00:00+05:30,442.72,442.78,431.17,434.27,563553
2019-01-14 00:00:00+05:30,434.27,439.26,425.7,436.67,2704724
2019-01-15 00:00:00+05:30,439.04,439.04,433.41,436.29,420729
2019-01-16 00:00:00+05:30,438.21,451.2,436.83,446.02,2478289
2019-01-17 00:00:00+05:30,446.08,451.2,438.56,444.42,1174551
2019-01-18 00:00:00+05:30,445.44,446.59,435.26,437.66,790548
2019-01-21 00:00:00+05:30,440.13,440.13,423.46,425.6,1657434
2019-01-22 00:00:00+05:30,424.96,430.02,420.83,428.48,1266390
2019-01-23 00:00:00+05:30,428.74,430.08,420.83,422.34,1055679
2019-01-24 00:00:00+05:30,424.96,425.95,421.57,424.99,477085
2019-01-25 00:00:00+05:30,424.45,425.6,416.42,422.66,668421
2019-01-28 00:00:00+05:30,422.27,422.4,404.64,411.49,865434
2019-01-29 00:00:00+05:30,410.88,415.36,402.24,411.42,937298
2019-01-30 00:00:00+05:30,414.08,425.34,408.32,423.33,1018146
2019-01-31 00:00:00+05:30,421.34,425.6,417.28,419.52,2631178
2019-02-01 00:00:00+05:30,422.05,434.43,414.53,421.57,1220051
2019-02-04 00:00:00+05:30,439.2,442.0,412.0,414.88,1159036
2019-02-05 00:00:00+05:30,415.12,419.52,408.92,413.92,504374
2019-02-06 00:00:00+05:30,418.92,419.72,402.88,408.36,560518
2019-02-07 00:00:00+05:30,412.64,414.4,402.92,410.8,322650
2019-02-08 00:00:00+05:30,412.56,416.4,404.32,407.96,404210
2019-02-11 00:00:00+05:30,412.8,417.92,406.48,416.52,756074
2019-02-12 00:00:00+05:30,415.56,419.12,407.2,409.92,581970
2019-02-13 00:00:00+05:30,405.6,406.4,381.6,391.2,3117039
2019-02-14 00:00:00+05:30,386.4,402.32,385.56,398.4,3655400
2019-02-15 00:00:00+05:30,401.6,402.32,387.6,393.0,1512748
2019-02-18 00:00:00+05:30,393.6,399.56,381.6,394.8,1131488
2019-02-19 00:00:00+05:30,390.4,398.64,387.92,391.8,1101100
2019-02-20 00:00:00+05:30,391.2,397.2,384.0,393.52,837043
2019-02-21 00:00:00+05:30,393.52,393.96,383.68,386.08,1044794
2019-02-22 00:00:00+05:30,385.52,386.4,376.64,380.52,1823074
2019-02-25 00:00:00+05:30,380.52,390.0,376.88,379.6,1540693
2019-02-26 00:00:00+05:30,379.64,381.44,372.8,373.6,1437954
2019-02-27 00:00:00+05:30,373.6,381.88,368.88,379.16,1324191
2019-02-28 00:00:00+05:30,378.4,381.6,374.08,378.2,3584774
2019-03-01 00:00:00+05:30,378.2,383.92,375.28,382.52,1454790
2019-03-05 00:00:00+05:30,383.44,389.6,382.16,387.56,1359650
2019-03-06 00:00:00+05:30,390.4,394.76,386.52,389.52,979490
2019-03-07 00:00:00+05:30,390.72,392.68,384.88,388.48,703501
2019-03-08 00:00:00+05:30,388.24,392.0,385.88,390.76,934180
2019-03-11 00:00:00+05:30,392.0,400.64,390.04,394.8,3044745
2019-03-12 00:00:00+05:30,396.84,405.6,391.76,402.44,2513328
2019-03-13 00:00:00+05:30,406.68,427.12,405.6,418.04,4007719
2019-03-14 00:00:00+05:30,414.28,418.04,404.64,407.0,1181866
2019-03-15 00:00:00+05:30,409.6,414.08,405.8,412.36,1336745
2019-03-18 00:00:00+05:30,412.72,415.76,407.64,409.64,759093
2019-03-19 00:00:00+05:30,412.0,412.72,407.2,408.44,761381
2019-03-20 00:00:00+05:30,408.96,413.96,408.12,411.4,833233
2019-03-22 00:00:00+05:30,413.28,414.8,408.36,410.96,899125
2019-03-25 00:00:00+05:30,410.08,410.08,401.6,404.92,488813
2019-03-26 00:00:00+05:30,406.4,408.0,402.24,403.72,543230
2019-03-27 00:00:00+05:30,403.2,408.28,400.0,402.0,681588
2019-03-28 00:00:00+05:30,402.36,411.36,402.36,408.96,898425
2019-03-29 00:00:00+05:30,410.48,428.0,410.48,420.24,1685903
2019-04-01 00:00:00+05:30,422.84,429.6,420.92,424.88,593886
2019-04-02 00:00:00+05:30,424.88,434.72,423.68,427.36,1523458
2019-04-03 00:00:00+05:30,428.0,431.64,422.64,425.92,597879
2019-04-04 00:00:00+05:30,428.72,430.0,421.08,425.68,877034
2019-04-05 00:00:00+05:30,425.96,426.36,416.12,422.0,747828
2019-04-08 00:00:00+05:30,424.52,425.88,410.44,413.24,909390
2019-04-09 00:00:00+05:30,412.8,417.6,405.12,415.48,466763
2019-04-10 00:00:00+05:30,416.0,420.4,412.36,415.52,1050888
2019-04-11 00:00:00+05:30,416.0,416.36,410.4,413.04,202599
2019-04-12 00:00:00+05:30,415.32,417.36,409.6,411.44,1060921
2019-04-15 00:00:00+05:30,412.84,415.52,408.8,410.72,433675
2019-04-16 00:00:00+05:30,412.8,412.8,405.96,409.76,598628
2019-04-18 00:00:00+05:30,412.72,418.4,406.48,416.84,632119
2019-04-22 00:00:00+05:30,414.32,418.2,401.68,404.08,867239
2019-04-23 00:00:00+05:30,404.12,408.4,398.4,403.84,459523
2019-04-24 00:00:00+05:30,404.0,408.0,397.92,402.84,934656
2019-04-25 00:00:00+05:30,406.08,406.08,390.8,393.76,1484056
2019-04-26 00:00:00+05:30,399.2,406.8,390.92,395.16,1061286
2019-04-30 00:00:00+05:30,391.2,398.48,384.0,394.56,1302595
2019-05-02 00:00:00+05:30,398.4,416.72,395.2,410.84,2513278
2019-05-03 00:00:00+05:30,411.88,412.8,401.2,404.24,842468
2019-05-06 00:00:00+05:30,404.0,404.4,392.16,396.4,393593
2019-05-07 00:00:00+05:30,396.8,400.76,391.0,391.88,359139
2019-05-08 00:00:00+05:30,394.64,394.64,380.08,381.76,818563
2019-05-09 00:00:00+05:30,378.92,382.52,376.0,379.12,1052099
2019-05-10 00:00:00+05:30,378.8,384.4,377.48,380.64,831806
2019-05-13 00:00:00+05:30,380.88,387.84,374.08,376.0,483464
2019-05-14 00:00:00+05:30,377.48,379.0,370.16,375.44,633163
2019-05-15 00:00:00+05:30,372.44,384.8,372.44,381.28,681084
2019-05-16 00:00:00+05:30,380.0,383.28,372.0,375.24,756833
2019-05-17 00:00:00+05:30,375.96,384.8,374.12,383.28,437984
2019-05-20 00:00:00+05:30,403.84,403.84,385.52,397.48,391741
2019-05-21 00:00:00+05:30,399.16,399.16,383.84,386.28,886065
2019-05-22 00:00:00+05:30,386.48,389.88,376.8,387.8,990551
2019-05-23 00:00:00+05:30,392.0,400.36,386.2,393.68,2648388
2019-05-24 00:00:00+05:30,395.16,407.12,390.6,404.44,819401
2019-05-27 00:00:00+05:30,404.8,421.2,401.64,418.68,1171123
2019-05-28 00:00:00+05:30,419.96,423.4,415.6,420.08,1943329
2019-05-29 00:00:00+05:30,422.24,422.24,417.44,419.64,925360
2019-05-30 00:00:00+05:30,421.12,430.12,416.2,423.68,1245783
2019-05-31 00:00:00+05:30,426.36,429.6,418.76,424.04,1780096
2019-06-03 00:00:00+05:30,427.2,432.04,420.64,424.72,947200
2019-06-04 00:00:00+05:30,421.6,435.44,421.6,430.12,1509320
2019-06-06 00:00:00+05:30,432.28,432.56,417.28,419.48,933151
2019-06-07 00:00:00+05:30,421.6,427.12,417.08,419.44,366951
2019-06-10 00:00:00+05:30,421.92,429.12,421.08,427.0,458258
2019-06-11 00:00:00+05:30,427.2,433.64,425.44,430.2,828293
2019-06-12 00:00:00+05:30,430.2,434.32,426.72,433.12,691866
2019-06-13 00:00:00+05:30,431.72,433.2,425.32,427.96,477798
2019-06-14 00:00:00+05:30,426.56,432.64,425.92,430.36,369348
2019-06-17 00:00:00+05:30,428.2,432.0,421.68,423.48,455345
2019-06-18 00:00:00+05:30,423.28,427.92,420.2,421.96,409728
2019-06-19 00:00:00+05:30,423.2,431.12,421.96,424.88,884268
2019-06-20 00:00:00+05:30,425.6,439.2,423.16,436.48,859243
2019-06-21 00:00:00+05:30,437.6,444.4,433.8,442.72,1370866
2019-06-24 00:00:00+05:30,445.56,445.88,437.6,442.68,1090258
2019-06-25 00:00:00+05:30,442.56,447.04,440.0,443.4,578431
2019-06-26 00:00:00+05:30,444.8,457.4,442.64,455.16,1645994
2019-06-27 00:00:00+05:30,455.92,458.92,449.72,455.88,1388618
2019-06-28 00:00:00+05:30,455.96,459.2,452.4,456.04,1031454
2019-07-01 00:00:00+05:30,456.8,466.2,454.56,462.48,1454694
2019-07-02 00:00:00+05:30,464.0,465.92,459.2,463.68,531071
2019-07-03 00:00:00+05:30,464.8,464.8,456.28,461.12,650170
2019-07-04 00:00:00+05:30,458.4,463.96,455.56,458.4,435121
2019-07-05 00:00:00+05:30,458.0,464.8,453.8,460.56,1096200
2019-07-08 00:00:00+05:30,457.52,457.52,440.8,443.2,487435
2019-07-09 00:00:00+05:30,439.2,442.68,414.4,439.2,3128199
2019-07-10 00:00:00+05:30,440.8,447.8,440.56,444.28,749373
2019-07-11 00:00:00+05:30,446.4,447.36,438.2,446.32,704158
2019-07-12 00:00:00+05:30,446.8,452.32,444.0,446.32,1050405
2019-07-15 00:00:00+05:30,447.6,449.6,440.6,441.2,736978
2019-07-16 00:00:00+05:30,439.96,443.16,437.08,442.16,709929
2019-07-17 00:00:00+05:30,442.4,449.04,440.2,441.36,821073
2019-07-18 00:00:00+05:30,441.36,442.36,428.8,431.16,904948
2019-07-19 00:00:00+05:30,429.64,433.88,425.16,428.2,724180
2019-07-22 00:00:00+05:30,430.0,433.96,420.96,430.2,990765
2019-07-23 00:00:00+05:30,428.44,433.4,426.08,430.64,579325
2019-07-24 00:00:00+05:30,428.88,432.28,422.12,424.64,595853
2019-07-25 00:00:00+05:30,424.4,428.4,419.92,422.4,2155356
2019-07-26 00:00:00+05:30,419.92,420.72,409.8,415.32,1695619
2019-07-29 00:00:00+05:30,411.36,415.64,408.0,412.4,729519
2019-07-30 00:00:00+05:30,413.2,413.2,408.08,410.52,271155
2019-07-31 00:00:00+05:30,408.0,412.56,400.52,409.44,942685
2019-08-01 00:00:00+05:30,401.08,416.0,400.04,412.36,1710076
2019-08-02 00:00:00+05:30,408.0,411.6,390.72,402.96,1580491
2019-08-05 00:00:00+05:30,398.72,406.64,392.8,400.64,1363766
2019-08-06 00:00:00+05:30,396.84,403.2,386.4,398.12,1635540
2019-08-07 00:00:00+05:30,397.44,401.96,385.32,386.72,791048
2019-08-08 00:00:00+05:30,384.0,388.64,378.4,385.88,729824
2019-08-09 00:00:00+05:30,387.8,392.8,385.6,388.48,484636
2019-08-13 00:00:00+05:30,390.4,390.4,376.44,379.24,669968
2019-08-14 00:00:00+05:30,379.2,383.88,372.8,380.72,1186380
2019-08-16 00:00:00+05:30,382.32,382.32,374.0,375.24,681740
2019-08-19 00:00:00+05:30,371.28,377.12,368.0,372.12,572820
2019-08-20 00:00:00+05:30,370.36,381.52,370.36,380.12,1633186
2019-08-21 00:00:00+05:30,381.6,389.0,380.04,386.4,2151904
2019-08-22 00:00:00+05:30,386.36,390.4,384.0,385.84,1006303
2019-08-23 00:00:00+05:30,385.6,408.04,380.56,390.2,1631739
2019-08-26 00:00:00+05:30,392.84,402.4,384.4,391.8,979479
2019-08-27 00:00:00+05:30,392.08,400.8,386.2,396.64,1393801
2019-08-28 00:00:00+05:30,399.08,399.52,385.64,388.16,859693
2019-08-29 00:00:00+05:30,388.0,399.88,385.72,397.4,798468
2019-08-30 00:00:00+05:30,397.6,408.36,395.36,406.64,1472465
2019-09-03 00:00:00+05:30,406.16,406.16,391.6,393.56,666199
2019-09-04 00:00:00+05:30,394.48,404.36,393.6,402.32,740035
2019-09-05 00:00:00+05:30,403.92,417.44,398.68,412.12,1466389
2019-09-06 00:00:00+05:30,413.92,414.68,401.8,403.6,1243850
2019-09-09 00:00:00+05:30,400.0,412.0,398.8,411.36,628491
2019-09-11 00:00:00+05:30,410.16,417.0,406.44,414.28,629191
2019-09-12 00:00:00+05:30,414.4,422.76,414.32,415.6,804859
2019-09-13 00:00:00+05:30,416.8,434.76,408.8,425.84,1739711
2019-09-16 00:00:00+05:30,423.96,428.8,416.64,424.72,616653
2019-09-17 00:00:00+05:30,424.8,427.0,412.64,416.44,1334363
2019-09-18 00:00:00+05:30,417.96,424.52,416.96,420.64,482445
2019-09-19 00:00:00+05:30,421.96,422.76,409.8,415.4,436096
2019-09-20 00:00:00+05:30,416.92,452.64,412.2,441.92,1854688
2019-09-23 00:00:00+05:30,472.0,478.0,450.6,467.4,3511336
2019-09-24 00:00:00+05:30,468.6,473.52,458.8,464.88,2607741
2019-09-25 00:00:00+05:30,463.96,494.0,445.64,480.16,5019539
2019-09-26 00:00:00+05:30,483.08,506.88,477.92,494.84,6572898
2019-09-27 00:00:00+05:30,494.4,497.08,469.64,472.92,3775026
2019-09-30 00:00:00+05:30,476.72,489.36,472.8,483.8,3629146
2019-10-01 00:00:00+05:30,508.0,532.8,492.0,512.16,10878588
2019-10-03 00:00:00+05:30,508.0,514.2,497.84,505.48,2335315
2019-10-04 00:00:00+05:30,506.4,511.04,489.0,491.84,2784924
2019-10-07 00:00:00+05:30,480.8,480.8,448.84,459.04,4131463
2019-10-09 00:00:00+05:30,460.88,463.6,449.8,456.8,3463069
2019-10-10 00:00:00+05:30,449.24,457.08,448.92,453.2,1014379
2019-10-11 00:00:00+05:30,455.44,455.64,447.2,451.36,998370
2019-10-14 00:00:00+05:30,456.76,478.24,451.72,462.6,3986614
2019-10-15 00:00:00+05:30,469.56,478.4,465.96,476.0,4027206
2019-10-16 00:00:00+05:30,478.4,486.4,472.28,483.76,2137579
2019-10-17 00:00:00+05:30,486.0,487.6,477.96,479.52,3398145
2019-10-18 00:00:00+05:30,479.2,496.32,476.16,489.2,3195311
2019-10-22 00:00:00+05:30,503.92,506.2,483.0,486.36,3559456
2019-10-23 00:00:00+05:30,486.4,493.92,482.12,490.44,1345221
2019-10-24 00:00:00+05:30,487.2,491.04,466.28,469.56,3374719
2019-10-25 00:00:00+05:30,472.92,478.4,466.96,470.6,1345105
2019-10-27 00:00:00+05:30,472.0,482.76,470.48,480.64,269204
2019-10-29 00:00:00+05:30,483.12,484.2,473.08,477.84,1450528
2019-10-30 00:00:00+05:30,481.84,486.24,470.76,474.28,2189470
2019-10-31 00:00:00+05:30,468.8,486.88,465.6,470.68,4249196
2019-11-01 00:00:00+05:30,468.4,476.0,457.12,464.56,2531628
2019-11-04 00:00:00+05:30,463.92,472.96,461.64,462.96,1977619
2019-11-05 00:00:00+05:30,465.2,469.2,457.88,461.48,1014010
2019-11-06 00:00:00+05:30,462.0,468.0,458.4,464.32,1480570
2019-11-07 00:00:00+05:30,464.0,469.12,462.24,463.68,677928
2019-11-08 00:00:00+05:30,463.92,467.32,454.44,456.72,1519013
2019-11-11 00:00:00+05:30,458.88,469.28,450.28,465.88,1815205
2019-11-13 00:00:00+05:30,465.6,473.36,460.08,461.6,1850740
2019-11-14 00:00:00+05:30,461.6,466.36,457.72,460.32,964155
2019-11-15 00:00:00+05:30,460.88,465.36,454.6,456.56,1282218
2019-11-18 00:00:00+05:30,461.6,462.28,452.6,455.32,2426303
2019-11-19 00:00:00+05:30,456.72,458.04,451.64,454.52,1642476
2019-11-20 00:00:00+05:30,464.0,467.68,457.28,462.52,6633429
2019-11-21 00:00:00+05:30,482.4,482.4,458.6,461.72,6086094
2019-11-22 00:00:00+05:30,460.12,460.64,443.4,446.52,1961266
2019-11-25 00:00:00+05:30,445.6,452.4,442.8,447.32,1149125
2019-11-26 00:00:00+05:30,447.92,451.68,444.0,445.72,2549181
2019-11-27 00:00:00+05:30,445.6,448.4,440.24,441.16,1687520
2019-11-28 00:00:00+05:30,442.0,445.92,438.16,442.28,1528240
2019-11-29 00:00:00+05:30,444.8,464.6,443.04,463.2,2927856
2019-12-02 00:00:00+05:30,463.92,464.36,452.0,457.6,1594841
2019-12-03 00:00:00+05:30,460.0,460.0,444.16,448.2,1013035
2019-12-04 00:00:00+05:30,447.2,451.48,443.28,444.68,838175
2019-12-05 00:00:00+05:30,445.56,458.36,440.8,454.08,1744621
2019-12-06 00:00:00+05:30,454.08,460.8,444.48,449.88,3202474
2019-12-09 00:00:00+05:30,449.6,453.8,440.2,447.4,1479621
2019-12-10 00:00:00+05:30,448.0,450.76,441.12,442.84,1534844
2019-12-11 00:00:00+05:30,442.0,448.6,441.6,447.0,1412305
2019-12-12 00:00:00+05:30,446.4,451.8,446.4,449.36,913430
2019-12-13 00:00:00+05:30,449.6,464.16,449.6,462.12,2764844
2019-12-16 00:00:00+05:30,462.96,464.48,457.68,458.4,971710
2019-12-17 00:00:00+05:30,460.0,464.56,457.8,460.56,1383421
2019-12-18 00:00:00+05:30,460.24,462.36,456.8,458.68,1172403
2019-12-19 00:00:00+05:30,460.0,460.0,454.44,455.6,517316
2019-12-20 00:00:00+05:30,455.6,467.48,455.0,465.16,2038658
2019-12-23 00:00:00+05:30,467.92,470.88,461.8,465.48,2291393
2019-12-24 00:00:00+05:30,465.48,469.56,456.24,460.16,920668
2019-12-26 00:00:00+05:30,460.0,460.56,452.8,453.8,695108
2019-12-27 00:00:00+05:30,456.0,460.24,455.28,458.44,1327269
2019-12-30 00:00:00+05:30,457.6,464.0,457.6,461.36,986374
2019-12-31 00:00:00+05:30,462.96,464.0,456.76,457.52,708015
2020-01-01 00:00:00+05:30,459.04,461.12,456.8,458.4,769331
2020-01-02 00:00:00+05:30,460.76,460.76,454.76,457.6,1044404
2020-01-03 00:00:00+05:30,459.24,460.52,453.32,455.76,1357853
2020-01-06 00:00:00+05:30,452.84,454.4,447.2,449.76,1180591
2020-01-07 00:00:00+05:30,452.04,454.16,443.8,445.08,665496
2020-01-08 00:00:00+05:30,441.6,445.28,435.08,442.28,1172328
2020-01-09 00:00:00+05:30,446.4,451.12,444.6,449.16,661548
2020-01-10 00:00:00+05:30,451.04,452.2,448.56,450.84,783938
2020-01-13 00:00:00+05:30,450.84,453.92,447.6,449.44,703278
2020-01-14 00:00:00+05:30,449.44,456.64,449.4,453.56,726599
2020-01-15 00:00:00+05:30,453.2,453.2,444.8,445.68,987390
2020-01-16 00:00:00+05:30,451.12,452.0,443.28,446.44,1326558
2020-01-17 00:00:00+05:30,446.32,448.44,441.88,443.52,590829
2020-01-20 00:00:00+05:30,443.2,445.08,439.32,440.76,492104
2020-01-21 00:00:00+05:30,440.4,443.4,440.0,441.24,409658
2020-01-22 00:00:00+05:30,440.8,442.36,437.04,440.24,785401
2020-01-23 00:00:00+05:30,439.24,444.28,437.84,442.32,1329685
2020-01-24 00:00:00+05:30,442.32,450.4,442.0,449.08,1253579
2020-01-27 00:00:00+05:30,447.2,459.6,445.6,456.16,1600503
2020-01-28 00:00:00+05:30,459.88,463.92,455.2,457.4,1415221
2020-01-29 00:00:00+05:30,460.0,465.52,456.36,463.72,1128129
2020-01-30 00:00:00+05:30,464.0,467.72,454.8,458.24,1681615
2020-01-31 00:00:00+05:30,458.24,463.08,450.48,453.6,865684
2020-02-01 00:00:00+05:30,456.4,463.2,427.96,434.2,1332996
2020-02-03 00:00:00+05:30,432.08,442.36,432.08,436.12,1070510
2020-02-04 00:00:00+05:30,438.4,454.4,438.32,453.08,974966
2020-02-05 00:00:00+05:30,453.2,480.0,441.6,475.6,3739590
2020-02-06 00:00:00+05:30,479.56,481.76,465.84,467.84,1342265
2020-02-07 00:00:00+05:30,466.4,470.68,458.4,460.16,977849
2020-02-10 00:00:00+05:30,455.64,460.72,450.32,457.96,924014
2020-02-11 00:00:00+05:30,460.76,465.52,456.72,459.76,1045553
2020-02-12 00:00:00+05:30,459.52,461.44,455.36,456.96,658256
2020-02-13 00:00:00+05:30,456.72,458.36,451.6,452.8,558440
2020-02-14 00:00:00+05:30,452.0,453.56,446.44,448.16,856188
2020-02-17 00:00:00+05:30,449.36,449.76,439.08,441.08,688903
2020-02-18 00:00:00+05:30,441.08,442.04,425.36,428.4,998996
2020-02-19 00:00:00+05:30,429.68,449.2,428.36,443.52,1291059
2020-02-20 00:00:00+05:30,441.12,448.0,438.4,440.04,674765
2020-02-24 00:00:00+05:30,439.2,451.16,433.0,438.4,972098
2020-02-25 00:00:00+05:30,438.56,440.76,432.32,433.6,751826
2020-02-26 00:00:00+05:30,428.32,433.76,408.12,412.64,2105579
2020-02-27 00:00:00+05:30,408.88,417.08,402.04,410.4,1880003
2020-02-28 00:00:00+05:30,404.88,424.2,393.76,407.72,3434696
2020-03-02 00:00:00+05:30,411.2,418.84,392.8,396.92,911508
2020-03-03 00:00:00+05:30,399.32,408.28,388.0,391.64,1672031
2020-03-04 00:00:00+05:30,394.08,401.12,375.08,383.16,2808728
2020-03-05 00:00:00+05:30,385.12,386.0,369.6,372.92,2871006
2020-03-06 00:00:00+05:30,360.16,363.12,352.0,355.48,1660004
2020-03-09 00:00:00+05:30,340.96,347.16,329.88,333.8,2185145
2020-03-11 00:00:00+05:30,331.92,333.6,312.84,315.72,3085298
2020-03-12 00:00:00+05:30,302.36,308.32,280.8,300.92,3449800
2020-03-13 00:00:00+05:30,273.6,321.72,240.76,310.88,2398441
2020-03-16 00:00:00+05:30,302.4,309.8,281.6,283.88,2388943
2020-03-17 00:00:00+05:30,285.6,294.32,270.4,273.16,1325106
2020-03-18 00:00:00+05:30,272.8,276.0,233.16,238.72,3507473
2020-03-19 00:00:00+05:30,232.0,243.6,216.16,228.72,2234494
2020-03-20 00:00:00+05:30,230.76,281.88,230.76,265.52,4733784
2020-03-23 00:00:00+05:30,241.6,248.36,227.6,239.32,2375259
2020-03-24 00:00:00+05:30,244.88,262.4,216.8,223.48,3079374
2020-03-25 00:00:00+05:30,216.0,230.32,210.72,228.64,2904424
2020-03-26 00:00:00+05:30,227.2,251.48,220.0,244.56,3172065
2020-03-27 00:00:00+05:30,260.28,281.24,244.8,247.36,3725188
2020-03-30 00:00:00+05:30,244.16,251.52,233.84,243.4,1767806
2020-03-31 00:00:00+05:30,247.28,267.72,247.28,265.32,3091255
2020-04-01 00:00:00+05:30,267.2,270.16,249.04,254.0,1632220
2020-04-03 00:00:00+05:30,256.8,264.0,241.6,243.6,1920111
2020-04-07 00:00:00+05:30,252.0,267.96,249.92,263.36,1849999
2020-04-08 00:00:00+05:30,263.8,283.16,262.48,267.0,1920330
2020-04-09 00:00:00+05:30,268.8,307.76,268.8,299.4,5217956
2020-04-13 00:00:00+05:30,304.0,319.04,300.8,305.76,3556755
2020-04-15 00:00:00+05:30,306.0,319.04,304.52,306.84,2156220
2020-04-16 00:00:00+05:30,308.0,308.8,293.36,296.84,2273978
2020-04-17 00:00:00+05:30,310.52,315.92,296.12,301.52,2510884
2020-04-20 00:00:00+05:30,304.0,306.84,294.88,296.24,2442378
2020-04-21 00:00:00+05:30,293.84,299.16,288.92,292.6,1767778
2020-04-22 00:00:00+05:30,290.4,296.68,286.8,293.6,1011031
2020-04-23 00:00:00+05:30,293.6,298.88,290.32,294.24,684680
2020-04-24 00:00:00+05:30,294.4,301.28,287.6,288.88,1167686
2020-04-27 00:00:00+05:30,289.6,302.4,283.24,286.96,940323
2020-04-28 00:00:00+05:30,286.48,294.36,281.96,285.76,1539976
2020-04-29 00:00:00+05:30,288.0,296.08,285.8,292.88,1651168
2020-04-30 00:00:00+05:30,296.8,305.52,295.28,298.44,1829478
2020-05-04 00:00:00+05:30,295.2,296.8,273.84,278.68,1236565
2020-05-05 00:00:00+05:30,282.0,294.28,266.64,268.8,2280168
2020-05-06 00:00:00+05:30,271.2,283.2,260.68,281.16,1941019
2020-05-07 00:00:00+05:30,281.16,293.48,276.2,287.52,1510604
2020-05-08 00:00:00+05:30,286.36,293.24,285.08,287.0,983559
2020-05-11 00:00:00+05:30,287.2,295.48,285.36,291.96,1384551
2020-05-12 00:00:00+05:30,293.52,300.0,287.52,289.84,1582928
2020-05-13 00:00:00+05:30,299.2,307.2,292.0,304.36,2449710
2020-05-14 00:00:00+05:30,306.16,315.92,299.48,302.76,3192461
2020-05-15 00:00:00+05:30,303.16,308.68,296.96,302.68,2479303
2020-05-18 00:00:00+05:30,304.72,305.28,274.76,279.6,2282506
2020-05-19 00:00:00+05:30,284.0,291.84,278.32,280.44,3172888
2020-05-20 00:00:00+05:30,276.48,283.52,272.88,280.6,1778074
2020-05-21 00:00:00+05:30,284.0,289.6,280.24,287.24,2287773
2020-05-22 00:00:00+05:30,286.16,292.0,276.24,278.68,2299854
2020-05-26 00:00:00+05:30,280.4,284.64,274.04,280.96,943941
2020-05-27 00:00:00+05:30,284.0,284.4,271.44,280.12,1516378
2020-05-28 00:00:00+05:30,281.2,287.96,277.76,281.32,1641439
2020-05-29 00:00:00+05:30,281.6,309.44,276.92,300.88,6430800
2020-06-01 00:00:00+05:30,304.0,330.4,304.0,315.52,6478110
2020-06-02 00:00:00+05:30,316.88,320.8,308.96,313.24,3864138
2020-06-03 00:00:00+05:30,315.2,324.16,309.08,311.6,3247690
2020-06-04 00:00:00+05:30,312.8,317.44,308.52,312.32,2855486
2020-06-05 00:00:00+05:30,314.8,327.92,314.12,322.08,4144410
2020-06-08 00:00:00+05:30,327.2,335.96,321.04,329.24,3264628
2020-06-09 00:00:00+05:30,341.6,347.96,329.24,335.68,10951501
2020-06-10 00:00:00+05:30,336.8,338.08,326.28,328.04,2219303
2020-06-11 00:00:00+05:30,328.0,328.0,310.6,311.92,3194223
2020-06-12 00:00:00+05:30,296.0,318.0,292.08,315.64,2604625
2020-06-15 00:00:00+05:30,313.12,318.96,305.6,307.08,2578565
2020-06-16 00:00:00+05:30,309.56,314.56,298.2,302.84,4149831
2020-06-17 00:00:00+05:30,302.0,313.32,299.24,307.6,1918660
2020-06-18 00:00:00+05:30,308.0,322.48,306.44,320.4,2892568
2020-06-19 00:00:00+05:30,321.6,329.56,319.48,327.24,2818311
2020-06-22 00:00:00+05:30,328.0,334.4,324.92,332.8,1498658
2020-06-23 00:00:00+05:30,337.6,341.44,332.2,337.2,1952070
2020-06-24 00:00:00+05:30,338.68,342.92,332.12,334.2,2624385
2020-06-25 00:00:00+05:30,333.56,343.8,328.44,340.96,2884118
2020-06-26 00:00:00+05:30,343.2,351.2,338.4,347.04,2785853
2020-06-29 00:00:00+05:30,348.08,348.08,328.28,334.36,4105863
2020-06-30 00:00:00+05:30,337.52,340.0,332.8,334.32,2880174
2020-07-01 00:00:00+05:30,335.92,335.92,321.84,330.4,1659180
2020-07-02 00:00:00+05:30,335.92,339.8,328.84,337.96,1445766
2020-07-03 00:00:00+05:30,339.48,345.52,338.48,343.96,1154861
2020-07-06 00:00:00+05:30,345.12,358.56,342.48,345.2,3616795
2020-07-07 00:00:00+05:30,345.2,346.2,339.2,344.0,1252120
2020-07-08 00:00:00+05:30,345.6,357.36,334.56,348.48,4295756
2020-07-09 00:00:00+05:30,351.04,354.4,340.08,342.48,1987895
2020-07-10 00:00:00+05:30,342.0,347.12,339.04,344.12,2352324
2020-07-13 00:00:00+05:30,348.0,350.28,337.92,340.36,1594721
2020-07-14 00:00:00+05:30,338.6,341.6,334.8,338.64,1603169
2020-07-15 00:00:00+05:30,339.56,357.84,333.84,344.76,3262315
2020-07-16 00:00:00+05:30,344.76,345.6,336.2,343.92,2083686
2020-07-17 00:00:00+05:30,347.08,368.72,344.48,358.92,6899046
2020-07-20 00:00:00+05:30,377.6,379.12,354.64,357.0,9020211
2020-07-21 00:00:00+05:30,357.6,372.72,357.6,365.56,5472074
2020-07-22 00:00:00+05:30,366.08,368.0,356.88,361.32,1768694
2020-07-23 00:00:00+05:30,361.92,366.44,358.6,360.8,1196234
2020-07-24 00:00:00+05:30,360.0,361.76,354.0,358.72,999175
2020-07-27 00:00:00+05:30,356.48,357.84,349.24,354.48,1976991
2020-07-28 00:00:00+05:30,356.0,367.2,355.28,362.4,1676613
2020-07-29 00:00:00+05:30,364.68,371.6,357.4,360.72,1973511
2020-07-30 00:00:00+05:30,361.6,366.0,356.16,359.96,2285638
2020-07-31 00:00:00+05:30,357.6,362.8,351.72,360.88,1666264
2020-08-03 00:00:00+05:30,358.56,364.48,354.96,361.52,1169483
2020-08-04 00:00:00+05:30,362.96,371.4,360.4,364.52,2329610
2020-08-05 00:00:00+05:30,365.6,373.6,364.92,366.28,1583571
2020-08-06 00:00:00+05:30,368.32,371.04,362.84,367.04,918071
2020-08-07 00:00:00+05:30,368.0,370.0,359.28,364.72,1335723
2020-08-10 00:00:00+05:30,346.4,351.12,292.76,309.12,22654368
2020-08-11 00:00:00+05:30,311.6,313.6,300.8,301.84,8403676
2020-08-12 00:00:00+05:30,302.4,302.72,288.96,290.16,8658875
2020-08-13 00:00:00+05:30,292.0,303.6,292.0,301.68,8764813
2020-08-14 00:00:00+05:30,304.0,308.0,297.92,303.68,5411936
2020-08-17 00:00:00+05:30,306.4,310.88,301.2,308.6,6739286
2020-08-18 00:00:00+05:30,310.16,315.2,308.08,314.08,4167074
2020-08-19 00:00:00+05:30,314.4,318.36,313.76,314.64,3231995
2020-08-20 00:00:00+05:30,312.8,317.08,308.24,314.36,2408376
2020-08-21 00:00:00+05:30,315.92,318.8,313.76,315.32,1720474
2020-08-24 00:00:00+05:30,317.6,318.16,310.36,314.12,1667898
2020-08-25 00:00:00+05:30,314.8,315.8,309.28,314.64,2346806
2020-08-26 00:00:00+05:30,314.44,316.4,312.04,315.04,2700808
2020-08-27 00:00:00+05:30,315.8,317.92,313.36,316.4,1644710
2020-08-28 00:00:00+05:30,316.32,330.32,315.24,327.28,6909686
2020-08-31 00:00:00+05:30,330.36,337.56,312.08,314.4,7010285
2020-09-01 00:00:00+05:30,317.68,324.6,312.16,321.24,2841179
2020-09-02 00:00:00+05:30,322.36,324.6,315.2,317.68,1754558
2020-09-03 00:00:00+05:30,318.4,326.16,318.4,320.48,2705414
2020-09-07 00:00:00+05:30,313.36,317.16,306.12,308.52,1827249
2020-09-08 00:00:00+05:30,310.4,315.92,307.6,310.64,1867675
2020-09-09 00:00:00+05:30,306.36,306.36,295.6,300.08,4086553
2020-09-10 00:00:00+05:30,301.96,301.96,291.2,294.04,5606774
2020-09-11 00:00:00+05:30,297.92,308.0,296.28,307.04,4615374
2020-09-14 00:00:00+05:30,309.08,312.8,301.64,307.36,2906030
2020-09-15 00:00:00+05:30,308.0,312.52,305.04,311.0,1769036
2020-09-16 00:00:00+05:30,310.48,312.32,307.2,309.76,1931689
2020-09-17 00:00:00+05:30,309.84,314.24,307.24,311.08,3276113
2020-09-18 00:00:00+05:30,311.16,317.04,310.08,311.44,2657116
2020-09-21 00:00:00+05:30,310.4,310.4,297.64,302.84,2291544
2020-09-22 00:00:00+05:30,303.2,304.0,290.92,296.56,1434241
2020-09-23 00:00:00+05:30,300.0,303.52,297.56,301.68,3209555
2020-09-24 00:00:00+05:30,298.76,302.8,292.8,296.88,2782711
2020-09-25 00:00:00+05:30,297.76,304.0,294.44,300.2,1470665
2020-09-28 00:00:00+05:30,301.04,311.6,301.04,304.24,1926446
2020-09-29 00:00:00+05:30,305.92,308.8,298.12,299.92,1725074
2020-09-30 00:00:00+05:30,300.0,300.12,289.6,291.96,2713074
2020-10-01 00:00:00+05:30,293.6,295.64,284.24,285.0,2802701
2020-10-05 00:00:00+05:30,284.64,287.12,280.8,282.04,3604231
2020-10-06 00:00:00+05:30,283.2,289.52,281.04,288.36,1991279
2020-10-07 00:00:00+05:30,288.0,291.84,284.0,291.08,1930236
2020-10-08 00:00:00+05:30,293.6,293.92,289.6,292.8,1354955
2020-10-09 00:00:00+05:30,290.4,306.4,288.68,295.92,3579274
2020-10-12 00:00:00+05:30,298.36,302.4,295.2,296.44,2168876
2020-10-13 00:00:00+05:30,295.04,295.2,288.2,290.88,2371544
2020-10-14 00:00:00+05:30,289.84,293.6,286.6,291.88,1172888
2020-10-15 00:00:00+05:30,292.8,294.8,284.8,286.32,1296838
2020-10-16 00:00:00+05:30,291.2,297.52,288.4,296.68,2138905
2020-10-19 00:00:00+05:30,298.36,308.72,296.76,306.36,2541665
2020-10-20 00:00:00+05:30,305.64,309.8,302.6,306.76,1653756
2020-10-21 00:00:00+05:30,308.24,314.72,306.44,313.4,1917729
2020-10-22 00:00:00+05:30,313.6,317.84,308.24,316.76,1377714
2020-10-23 00:00:00+05:30,316.04,317.2,306.96,308.44,1929888
2020-10-26 00:00:00+05:30,308.44,311.2,303.84,307.8,1554293
2020-10-27 00:00:00+05:30,307.76,320.64,303.48,317.76,2976559
2020-10-28 00:00:00+05:30,319.64,320.8,308.04,311.88,2350308
2020-10-29 00:00:00+05:30,309.6,312.32,302.92,307.12,1143778
2020-10-30 00:00:00+05:30,308.64,316.64,306.28,312.72,1677085
2020-11-02 00:00:00+05:30,313.6,315.52,308.32,313.72,1206598
2020-11-03 00:00:00+05:30,313.64,321.2,312.44,319.08,1919948
2020-11-04 00:00:00+05:30,320.0,321.36,316.24,318.36,1741766
2020-11-05 00:00:00+05:30,319.4,327.52,318.56,325.84,2222814
2020-11-06 00:00:00+05:30,316.8,319.2,297.52,302.44,16966463
2020-11-09 00:00:00+05:30,304.8,306.76,300.2,304.32,3875676
2020-11-10 00:00:00+05:30,305.6,311.52,302.88,310.48,3072361
2020-11-11 00:00:00+05:30,311.04,326.4,309.28,320.2,4823830
2020-11-12 00:00:00+05:30,320.56,322.16,318.4,319.72,2381911
2020-11-13 00:00:00+05:30,318.8,322.4,314.4,319.88,2065576
2020-11-17 00:00:00+05:30,333.48,333.48,321.56,327.24,3740295
2020-11-18 00:00:00+05:30,327.0,327.52,316.8,326.6,2370849
2020-11-19 00:00:00+05:30,324.64,332.0,322.92,326.6,2712306
2020-11-20 00:00:00+05:30,328.0,334.64,326.56,328.0,3278824
2020-11-23 00:00:00+05:30,331.2,335.08,327.92,329.88,2002148
2020-11-24 00:00:00+05:30,331.56,333.2,325.28,328.76,2010760
2020-11-25 00:00:00+05:30,328.76,330.68,318.92,319.72,2346331
2020-11-26 00:00:00+05:30,321.6,327.2,314.64,325.92,2747124
2020-11-27 00:00:00+05:30,326.6,331.16,318.08,324.84,7106891
2020-12-01 00:00:00+05:30,327.6,330.4,317.92,327.72,3955610
2020-12-02 00:00:00+05:30,330.4,330.8,324.0,327.84,2751136
2020-12-03 00:00:00+05:30,332.0,338.32,325.6,334.08,7088389
2020-12-04 00:00:00+05:30,336.0,336.52,327.24,330.12,3272423
2020-12-07 00:00:00+05:30,329.6,332.4,327.2,328.28,3214680
2020-12-08 00:00:00+05:30,328.08,331.16,322.16,323.64,4248786
2020-12-09 00:00:00+05:30,325.64,326.92,321.12,322.76,3668093
2020-12-10 00:00:00+05:30,324.48,324.8,312.84,321.8,2623333
2020-12-11 00:00:00+05:30,324.8,327.52,316.8,320.68,3597649
2020-12-14 00:00:00+05:30,322.16,326.48,320.96,323.2,3289079
2020-12-15 00:00:00+05:30,325.6,332.68,322.24,330.32,4642934
2020-12-16 00:00:00+05:30,332.8,334.12,325.0,326.28,4048013
2020-12-17 00:00:00+05:30,328.68,334.0,324.08,327.0,3698165
2020-12-18 00:00:00+05:30,327.0,327.84,318.68,324.2,2621024
2020-12-21 00:00:00+05:30,324.8,326.08,295.2,303.52,4874908
2020-12-22 00:00:00+05:30,305.6,310.32,292.04,309.04,3353276
2020-12-23 00:00:00+05:30,310.4,314.24,306.04,313.48,2739023
2020-12-24 00:00:00+05:30,315.6,317.08,312.0,313.76,1722518
2020-12-28 00:00:00+05:30,315.8,318.0,312.96,314.0,2064606
2020-12-29 00:00:00+05:30,315.92,322.36,312.2,317.96,2304654
2020-12-30 00:00:00+05:30,319.28,321.2,313.72,319.08,1995626
2020-12-31 00:00:00+05:30,318.56,322.6,317.16,319.44,2000840
2021-01-01 00:00:00+05:30,320.36,324.4,319.44,322.72,1680264
2021-01-04 00:00:00+05:30,324.72,335.0,322.96,331.04,5890736
2021-01-05 00:00:00+05:30,331.04,333.56,326.56,332.16,3443914
2021-01-06 00:00:00+05:30,336.0,355.92,333.6,347.16,14643053
2021-01-07 00:00:00+05:30,350.52,353.6,343.44,345.04,4077923
2021-01-08 00:00:00+05:30,349.56,357.56,347.04,354.04,6433013
2021-01-11 00:00:00+05:30,356.0,356.44,346.4,351.64,3325515
2021-01-12 00:00:00+05:30,353.56,359.84,348.44,356.48,5277693
2021-01-13 00:00:00+05:30,358.4,360.44,346.4,351.2,3431684
2021-01-14 00:00:00+05:30,352.8,360.76,352.68,358.64,4699190
2021-01-15 00:00:00+05:30,358.6,358.6,344.12,346.24,3207423
2021-01-18 00:00:00+05:30,346.24,347.64,336.96,340.12,2621175
2021-01-19 00:00:00+05:30,341.48,352.48,341.48,349.6,2080170
2021-01-20 00:00:00+05:30,349.92,355.2,348.24,349.4,3384871
2021-01-21 00:00:00+05:30,349.6,354.96,339.36,342.6,1469139
2021-01-22 00:00:00+05:30,342.4,348.48,339.44,342.92,3366218
2021-01-25 00:00:00+05:30,343.04,344.0,322.4,337.0,2677355
2021-01-27 00:00:00+05:30,338.96,354.64,336.8,346.36,6749148
2021-01-28 00:00:00+05:30,342.92,353.52,339.28,349.76,2545514
2021-01-29 00:00:00+05:30,352.0,365.96,344.8,346.8,5697501
2021-02-01 00:00:00+05:30,349.6,365.6,340.96,363.24,3259888
2021-02-02 00:00:00+05:30,364.8,370.24,360.12,364.48,2485386
2021-02-03 00:00:00+05:30,367.2,378.88,367.2,371.56,4850005
2021-02-04 00:00:00+05:30,371.52,385.44,368.32,385.28,4685044
2021-02-05 00:00:00+05:30,391.16,393.2,369.4,373.48,6208809
2021-02-08 00:00:00+05:30,376.16,412.4,376.16,401.96,11024623
2021-02-09 00:00:00+05:30,402.4,407.12,398.92,401.8,3306160
2021-02-10 00:00:00+05:30,404.8,409.0,394.92,400.2,2292401
2021-02-11 00:00:00+05:30,398.4,405.6,393.84,400.76,1148255
2021-02-12 00:00:00+05:30,399.92,458.44,396.48,439.6,17567831
2021-02-15 00:00:00+05:30,434.4,439.16,427.24,435.44,3321560
2021-02-16 00:00:00+05:30,436.04,437.2,422.88,429.32,3968359
2021-02-17 00:00:00+05:30,426.0,453.48,426.0,432.76,7440606
2021-02-18 00:00:00+05:30,433.72,450.84,433.72,445.04,4742590
2021-02-19 00:00:00+05:30,445.52,470.0,445.2,455.16,12348320
2021-02-22 00:00:00+05:30,455.12,455.16,435.4,439.36,2872098
2021-02-23 00:00:00+05:30,445.32,456.8,438.52,445.84,3935914
2021-02-24 00:00:00+05:30,457.64,476.0,453.6,465.08,4749466
2021-02-25 00:00:00+05:30,475.08,477.6,457.16,460.6,5248049
2021-02-26 00:00:00+05:30,452.8,468.76,440.16,446.28,5764729
2021-03-01 00:00:00+05:30,450.32,458.4,445.0,450.0,2585504
2021-03-02 00:00:00+05:30,457.56,465.6,454.88,457.84,3012101
2021-03-03 00:00:00+05:30,460.0,470.4,458.8,462.68,3244158
2021-03-04 00:00:00+05:30,461.6,515.16,460.04,492.44,19836869
2021-03-05 00:00:00+05:30,497.36,499.56,470.44,473.12,5809151
2021-03-08 00:00:00+05:30,483.84,497.56,474.36,477.8,7280189
2021-03-09 00:00:00+05:30,483.56,483.56,463.28,467.08,4217308
2021-03-10 00:00:00+05:30,475.04,475.04,454.08,458.92,3244720
2021-03-12 00:00:00+05:30,472.0,478.72,456.0,461.72,9767931
2021-03-15 00:00:00+05:30,450.04,458.0,442.4,448.44,4353888
2021-03-16 00:00:00+05:30,452.0,452.8,443.2,445.72,2371925
2021-03-17 00:00:00+05:30,441.72,446.0,429.48,431.28,2954491
2021-03-18 00:00:00+05:30,441.6,446.24,422.32,436.56,5123566
2021-03-19 00:00:00+05:30,432.12,450.52,422.6,448.44,3401388
2021-03-22 00:00:00+05:30,448.0,453.72,440.68,448.6,2451514
2021-03-23 00:00:00+05:30,446.4,460.8,446.4,455.12,4353434
2021-03-24 00:00:00+05:30,451.2,461.8,444.2,447.0,2411735
2021-03-25 00:00:00+05:30,449.12,452.0,436.32,439.96,3078778
2021-03-26 00:00:00+05:30,440.36,473.88,440.36,471.52,10202658
2021-03-30 00:00:00+05:30,471.52,488.12,470.0,474.4,8513173
2021-03-31 00:00:00+05:30,472.08,492.28,471.12,478.32,4732960
2021-04-01 00:00:00+05:30,484.0,484.8,474.68,477.6,2938064
2021-04-05 00:00:00+05:30,477.2,486.24,459.28,462.88,2101551
2021-04-06 00:00:00+05:30,467.2,475.08,456.96,461.2,2031810
2021-04-07 00:00:00+05:30,464.04,486.6,463.2,467.72,5522899
2021-04-08 00:00:00+05:30,472.04,480.8,469.2,472.08,4539134
2021-04-09 00:00:00+05:30,472.08,477.64,464.0,469.88,2262351
2021-04-12 00:00:00+05:30,460.0,460.52,441.6,452.2,2343744
2021-04-13 00:00:00+05:30,456.8,460.6,449.12,458.96,1420435
2021-04-15 00:00:00+05:30,465.48,468.52,447.48,451.56,2729580
2021-04-16 00:00:00+05:30,451.6,464.0,448.0,454.4,1852409
2021-04-19 00:00:00+05:30,449.44,449.44,433.6,441.48,1327309
2021-04-20 00:00:00+05:30,443.6,458.4,436.88,439.28,2086506
2021-04-22 00:00:00+05:30,440.8,442.56,435.4,440.64,1346963
2021-04-23 00:00:00+05:30,440.0,450.24,435.8,439.56,1093403
2021-04-26 00:00:00+05:30,443.92,447.84,441.04,444.24,1240738
2021-04-27 00:00:00+05:30,444.72,460.0,440.0,450.68,2094336
2021-04-28 00:00:00+05:30,452.8,457.6,448.08,450.64,1181286
2021-04-29 00:00:00+05:30,450.0,457.2,444.08,445.64,1448949
2021-04-30 00:00:00+05:30,446.28,484.0,441.04,471.92,8115749
2021-05-03 00:00:00+05:30,472.0,477.48,456.36,458.0,1875171
2021-05-04 00:00:00+05:30,462.4,471.2,453.6,455.76,1667738
2021-05-05 00:00:00+05:30,459.2,462.08,452.0,454.6,1223605
2021-05-06 00:00:00+05:30,456.8,474.24,456.0,462.4,3301171
2021-05-07 00:00:00+05:30,465.48,467.88,456.16,459.2,1984529
2021-05-10 00:00:00+05:30,466.4,472.0,462.72,463.92,1494356
2021-05-11 00:00:00+05:30,462.04,505.56,460.48,490.0,12693118
2021-05-12 00:00:00+05:30,494.8,499.2,474.96,478.12,3740150
2021-05-14 00:00:00+05:30,478.24,479.2,452.52,458.2,2648090
2021-05-17 00:00:00+05:30,460.8,463.2,451.08,453.68,2240578
2021-05-18 00:00:00+05:30,458.52,489.6,457.8,486.64,11268516
2021-05-19 00:00:00+05:30,489.6,491.16,476.0,479.8,2522654
2021-05-20 00:00:00+05:30,479.2,489.92,471.24,473.28,3254624
2021-05-21 00:00:00+05:30,476.0,487.16,466.12,469.28,3775609
2021-05-24 00:00:00+05:30,455.2,515.76,444.04,507.4,30305330
2021-05-25 00:00:00+05:30,519.2,542.16,511.2,534.48,24551548
2021-05-26 00:00:00+05:30,539.84,544.76,530.44,533.28,7625396
2021-05-27 00:00:00+05:30,529.04,540.0,516.8,534.16,10637364
2021-05-28 00:00:00+05:30,539.2,541.24,529.44,534.0,4641493
2021-05-31 00:00:00+05:30,535.12,555.2,533.0,547.12,9489504
2021-06-01 00:00:00+05:30,546.64,557.6,541.6,554.52,4813535
2021-06-02 00:00:00+05:30,554.48,561.96,546.88,553.2,5556491
2021-06-03 00:00:00+05:30,555.2,569.6,554.4,566.24,3654668
2021-06-04 00:00:00+05:30,565.6,573.2,561.36,570.84,2724688
2021-06-07 00:00:00+05:30,582.24,598.4,566.2,575.76,9007505
2021-06-08 00:00:00+05:30,577.0,584.52,564.0,571.28,3278524
2021-06-09 00:00:00+05:30,572.0,578.24,557.88,565.44,1903541
2021-06-10 00:00:00+05:30,567.84,569.52,555.2,557.28,3582069
2021-06-11 00:00:00+05:30,558.32,559.24,545.16,548.84,2692566
2021-06-14 00:00:00+05:30,547.92,550.4,535.36,544.88,4732268
2021-06-15 00:00:00+05:30,545.84,557.76,541.24,547.76,3216711
2021-06-16 00:00:00+05:30,549.6,556.0,544.04,546.72,2881621
2021-06-17 00:00:00+05:30,540.0,558.08,537.24,542.12,2665689
2021-06-18 00:00:00+05:30,543.2,553.4,535.2,550.68,4550651
2021-06-21 00:00:00+05:30,544.0,550.96,541.24,546.92,1410256
2021-06-22 00:00:00+05:30,551.68,568.8,549.92,562.72,5093684
2021-06-23 00:00:00+05:30,567.16,573.2,557.2,558.52,3804299
2021-06-24 00:00:00+05:30,558.64,563.84,555.2,559.0,1325129
2021-06-25 00:00:00+05:30,561.92,566.12,554.92,559.08,1575946
2021-06-28 00:00:00+05:30,563.2,568.0,558.4,561.16,1192319
2021-06-29 00:00:00+05:30,558.4,565.8,554.0,555.44,646613
2021-06-30 00:00:00+05:30,557.2,567.36,551.08,558.68,1703349
2021-07-01 00:00:00+05:30,560.4,563.36,548.64,549.6,1139938
2021-07-02 00:00:00+05:30,552.16,553.56,542.0,543.68,1058498
2021-07-05 00:00:00+05:30,548.0,557.32,541.2,555.36,1495878
2021-07-06 00:00:00+05:30,556.72,560.4,548.08,551.32,1153368
2021-07-07 00:00:00+05:30,553.12,563.64,549.04,554.08,2649423
2021-07-08 00:00:00+05:30,555.8,558.4,542.4,545.4,1328861
2021-07-09 00:00:00+05:30,546.08,546.4,532.88,539.16,2896265
2021-07-12 00:00:00+05:30,545.88,561.6,544.0,547.72,4327365
2021-07-13 00:00:00+05:30,550.44,552.0,540.08,543.52,1960763
2021-07-14 00:00:00+05:30,544.4,547.92,536.72,541.04,3453696
2021-07-15 00:00:00+05:30,545.4,545.4,534.2,535.28,2020535
2021-07-16 00:00:00+05:30,536.08,537.6,526.6,529.12,1088649
2021-07-19 00:00:00+05:30,526.96,531.64,521.6,526.4,1761373
2021-07-20 00:00:00+05:30,529.2,536.0,525.96,531.52,2277759
2021-07-22 00:00:00+05:30,534.28,540.8,530.56,534.64,1642854
2021-07-23 00:00:00+05:30,537.56,552.64,529.84,530.8,1033145
2021-07-26 00:00:00+05:30,531.12,534.96,525.2,526.6,1095173
2021-07-27 00:00:00+05:30,529.24,530.24,502.92,511.32,1386934
2021-07-28 00:00:00+05:30,515.68,519.72,506.72,511.52,1882979
2021-07-29 00:00:00+05:30,516.92,516.92,502.44,504.08,1461604
2021-07-30 00:00:00+05:30,527.04,532.6,513.08,515.12,8253306
2021-08-02 00:00:00+05:30,528.0,555.32,523.6,553.04,7068006
2021-08-03 00:00:00+05:30,554.4,563.04,552.84,559.56,3552471
2021-08-04 00:00:00+05:30,559.32,572.8,552.44,554.24,2766546
2021-08-05 00:00:00+05:30,556.0,569.36,554.4,559.16,2330103
2021-08-06 00:00:00+05:30,559.16,565.4,550.28,552.28,1975018
2021-08-09 00:00:00+05:30,555.84,555.84,535.04,536.32,2330321
2021-08-10 00:00:00+05:30,536.32,543.36,521.36,529.68,1980700
2021-08-11 00:00:00+05:30,529.6,534.76,521.72,524.52,2329365
2021-08-12 00:00:00+05:30,528.76,546.84,525.6,538.4,4414861
2021-08-13 00:00:00+05:30,536.0,541.52,530.6,532.88,786768
2021-08-16 00:00:00+05:30,537.44,545.56,533.6,540.72,1801126
2021-08-17 00:00:00+05:30,542.4,545.84,529.44,532.52,1618840
2021-08-18 00:00:00+05:30,536.8,545.4,528.8,538.76,2453425
2021-08-20 00:00:00+05:30,538.76,538.76,518.4,519.92,1730881
2021-08-23 00:00:00+05:30,524.0,530.32,519.16,522.56,1374843
2021-08-24 00:00:00+05:30,522.56,528.48,515.28,518.72,1744331
2021-08-25 00:00:00+05:30,519.2,523.0,510.4,514.84,1887270
2021-08-26 00:00:00+05:30,518.96,531.68,515.48,522.44,3562515
2021-08-27 00:00:00+05:30,525.16,527.96,519.52,522.68,1245005
2021-08-30 00:00:00+05:30,524.0,546.2,524.0,543.92,2675748
2021-08-31 00:00:00+05:30,545.6,555.2,538.48,543.64,2751958
2021-09-01 00:00:00+05:30,544.04,557.92,541.0,550.8,2996023
2021-09-02 00:00:00+05:30,552.0,591.8,548.8,588.56,6420798
2021-09-03 00:00:00+05:30,595.2,596.0,578.88,581.8,3951716
2021-09-06 00:00:00+05:30,586.16,593.08,574.44,582.96,1497005
2021-09-07 00:00:00+05:30,588.0,597.04,574.44,578.92,2299486
2021-09-08 00:00:00+05:30,579.2,593.6,574.4,588.68,3132694
2021-09-09 00:00:00+05:30,583.36,602.4,581.16,594.36,4776758
2021-09-13 00:00:00+05:30,594.4,603.52,589.2,592.44,1929721
2021-09-14 00:00:00+05:30,592.0,596.48,580.4,583.28,1546589
2021-09-15 00:00:00+05:30,585.96,589.48,574.36,576.08,1514979
2021-09-16 00:00:00+05:30,579.96,595.2,575.2,586.44,3467570
2021-09-17 00:00:00+05:30,590.4,595.04,554.52,578.92,2855478
2021-09-20 00:00:00+05:30,569.6,585.08,557.2,566.4,1322508
2021-09-21 00:00:00+05:30,564.72,566.96,548.8,562.64,1761700
2021-09-22 00:00:00+05:30,566.4,571.12,556.04,557.44,1274269
2021-09-23 00:00:00+05:30,562.16,581.2,560.8,569.56,2792439
2021-09-24 00:00:00+05:30,572.0,577.0,558.24,559.68,1337984
2021-09-27 00:00:00+05:30,560.4,566.44,556.0,561.96,1427448
2021-09-28 00:00:00+05:30,564.8,584.0,557.96,564.6,3893880
2021-09-29 00:00:00+05:30,564.56,570.24,557.6,562.96,1305828
2021-09-30 00:00:00+05:30,565.52,571.08,560.6,563.44,2610669
2021-10-01 00:00:00+05:30,565.04,568.48,553.72,562.8,1569078
2021-10-04 00:00:00+05:30,565.6,577.6,562.56,565.68,3028196
2021-10-05 00:00:00+05:30,568.68,573.12,560.8,567.28,1825353
2021-10-06 00:00:00+05:30,569.6,571.0,554.8,557.08,1675371
2021-10-07 00:00:00+05:30,560.8,564.24,552.92,555.96,2047536
2021-10-08 00:00:00+05:30,560.0,561.16,544.04,548.04,2306373
2021-10-11 00:00:00+05:30,554.4,564.52,548.8,550.08,2349026
2021-10-12 00:00:00+05:30,550.08,561.16,545.64,558.44,1537728
2021-10-13 00:00:00+05:30,563.72,563.72,544.0,550.92,2146431
2021-10-14 00:00:00+05:30,556.0,558.4,540.0,541.88,3855674
2021-10-18 00:00:00+05:30,547.68,555.96,541.88,547.72,1557101
2021-10-19 00:00:00+05:30,548.24,553.44,529.44,533.88,2662903
2021-10-20 00:00:00+05:30,537.76,548.76,532.2,539.44,3480576
2021-10-21 00:00:00+05:30,544.0,546.08,526.4,531.52,1770835
2021-10-22 00:00:00+05:30,544.44,548.0,526.08,544.12,4837018
2021-10-25 00:00:00+05:30,548.36,550.12,530.84,534.0,2646695
2021-10-26 00:00:00+05:30,534.0,544.92,533.6,541.2,2114574
2021-10-27 00:00:00+05:30,542.4,550.4,541.32,543.08,1695044
2021-10-28 00:00:00+05:30,542.4,546.0,524.16,527.84,1324351
2021-10-29 00:00:00+05:30,519.2,535.52,507.2,524.08,1651276
2021-11-01 00:00:00+05:30,531.88,535.08,523.84,533.64,744649
2021-11-02 00:00:00+05:30,535.12,544.8,532.68,534.88,936663
2021-11-03 00:00:00+05:30,537.6,552.76,536.32,545.28,2499533
2021-11-04 00:00:00+05:30,550.4,550.8,547.2,549.24,217986
2021-11-08 00:00:00+05:30,552.76,552.76,545.88,549.36,1005795
2021-11-09 00:00:00+05:30,548.0,568.44,548.0,561.16,3749231
2021-11-10 00:00:00+05:30,560.08,568.64,555.28,563.6,2468346
2021-11-11 00:00:00+05:30,563.2,568.4,544.64,548.12,1209294
2021-11-12 00:00:00+05:30,550.4,554.4,548.12,549.76,860376
2021-11-15 00:00:00+05:30,552.68,552.68,540.92,544.56,1201311
2021-11-16 00:00:00+05:30,543.84,549.28,536.04,538.28,806321
2021-11-17 00:00:00+05:30,538.0,538.0,530.4,532.2,604090
2021-11-18 00:00:00+05:30,532.0,533.72,516.8,522.68,1513278
2021-11-22 00:00:00+05:30,523.2,524.76,495.28,502.52,2395193
2021-11-23 00:00:00+05:30,501.6,516.32,501.28,510.16,2418488
2021-11-24 00:00:00+05:30,511.04,513.04,498.6,503.28,1076005
2021-11-25 00:00:00+05:30,504.8,504.8,494.8,497.72,1806280
2021-11-26 00:00:00+05:30,495.04,495.04,480.0,483.2,1995434
2021-11-29 00:00:00+05:30,483.2,488.6,465.48,478.6,2269578
2021-11-30 00:00:00+05:30,483.4,501.88,479.48,496.0,5045544
2021-12-01 00:00:00+05:30,500.8,508.48,493.72,505.08,2565499
2021-12-02 00:00:00+05:30,505.6,516.28,491.6,511.4,2067011
2021-12-03 00:00:00+05:30,513.6,519.84,507.84,512.64,2002340
2021-12-06 00:00:00+05:30,507.52,520.72,501.72,503.52,949680
2021-12-07 00:00:00+05:30,506.28,516.0,504.8,508.56,1107125
2021-12-08 00:00:00+05:30,511.2,515.2,502.4,503.4,2432116
2021-12-09 00:00:00+05:30,507.44,513.4,501.2,511.56,1150655
2021-12-10 00:00:00+05:30,511.36,525.08,511.36,521.72,1394644
2021-12-13 00:00:00+05:30,522.88,523.24,513.72,516.44,1408849
2021-12-14 00:00:00+05:30,515.2,520.0,510.12,513.32,718126
2021-12-15 00:00:00+05:30,516.2,517.96,508.68,511.64,682141
2021-12-16 00:00:00+05:30,514.4,519.76,511.64,516.52,627444
2021-12-17 00:00:00+05:30,516.8,517.6,497.2,500.0,1196351
2021-12-20 00:00:00+05:30,493.96,494.4,474.64,486.76,2585478
2021-12-21 00:00:00+05:30,488.64,494.4,484.76,487.28,1313923
2021-12-22 00:00:00+05:30,488.16,497.36,485.6,491.52,1072931
2021-12-23 00:00:00+05:30,491.96,501.08,491.96,497.92,1192563
2021-12-24 00:00:00+05:30,501.36,501.44,480.4,481.8,1393488
2021-12-27 00:00:00+05:30,480.0,487.76,476.12,486.6,676236
2021-12-28 00:00:00+05:30,488.0,492.84,485.64,489.44,569196
2021-12-29 00:00:00+05:30,489.4,493.96,486.8,490.96,494109
2021-12-30 00:00:00+05:30,488.16,490.88,481.6,483.64,775309
2021-12-31 00:00:00+05:30,484.8,493.48,484.68,491.64,319669
2022-01-03 00:00:00+05:30,495.04,510.08,491.24,495.84,567299
2022-01-04 00:00:00+05:30,498.4,507.64,492.96,502.2,1112295
2022-01-05 00:00:00+05:30,504.0,509.48,500.8,503.96,1146360
2022-01-06 00:00:00+05:30,500.0,511.92,499.2,507.4,1316136
2022-01-07 00:00:00+05:30,510.24,512.8,504.0,509.28,990779
2022-01-10 00:00:00+05:30,508.04,516.8,508.04,516.28,773439
2022-01-11 00:00:00+05:30,508.8,520.96,508.8,517.4,1471261
2022-01-12 00:00:00+05:30,524.0,529.56,516.28,525.28,2573849
2022-01-13 00:00:00+05:30,521.6,536.8,520.8,535.88,1618746
2022-01-14 00:00:00+05:30,537.48,556.0,532.84,554.04,3469921
2022-01-17 00:00:00+05:30,553.6,557.16,548.48,550.32,1273071
2022-01-18 00:00:00+05:30,550.4,555.48,542.08,544.72,1676195
2022-01-19 00:00:00+05:30,542.4,550.56,535.76,536.96,935969
2022-01-20 00:00:00+05:30,534.4,536.44,521.68,528.36,785235
2022-01-21 00:00:00+05:30,529.56,532.68,495.2,498.88,5467171
2022-01-24 00:00:00+05:30,501.52,507.52,491.2,498.04,1983759
2022-01-25 00:00:00+05:30,492.0,503.76,484.96,496.84,1107479
2022-01-27 00:00:00+05:30,492.04,499.4,480.44,492.92,1756525
2022-01-28 00:00:00+05:30,496.0,518.28,496.0,507.52,1955153
2022-01-31 00:00:00+05:30,515.2,520.8,510.52,517.0,1491361
2022-02-01 00:00:00+05:30,524.0,530.32,517.88,525.0,1448698
2022-02-02 00:00:00+05:30,524.64,532.8,522.28,531.36,1285239
2022-02-03 00:00:00+05:30,531.36,531.36,524.4,528.76,1022508
2022-02-04 00:00:00+05:30,528.0,530.24,513.2,514.56,924635
2022-02-07 00:00:00+05:30,509.6,517.8,501.68,503.64,547328
2022-02-08 00:00:00+05:30,504.0,506.32,490.44,492.48,1478148
2022-02-09 00:00:00+05:30,493.92,495.96,489.92,493.36,727879
2022-02-10 00:00:00+05:30,494.4,503.48,492.08,496.96,1551471
2022-02-11 00:00:00+05:30,488.0,494.84,486.56,489.12,817050
2022-02-14 00:00:00+05:30,482.36,483.96,460.56,470.68,1927446
2022-02-15 00:00:00+05:30,475.08,480.12,467.52,478.6,1390085
2022-02-16 00:00:00+05:30,478.4,486.76,474.4,480.76,1287401
2022-02-17 00:00:00+05:30,480.76,485.2,474.44,479.64,1333855
2022-02-18 00:00:00+05:30,479.2,483.08,468.68,474.88,1900628
2022-02-21 00:00:00+05:30,472.08,478.2,467.2,470.84,950203
2022-02-22 00:00:00+05:30,460.4,463.16,451.24,459.72,2731370
2022-02-23 00:00:00+05:30,462.6,475.08,461.2,468.16,1114186
2022-02-24 00:00:00+05:30,456.0,460.56,444.8,446.68,2416505
2022-02-25 00:00:00+05:30,456.0,472.84,452.24,462.88,966129
2022-02-28 00:00:00+05:30,462.24,480.92,456.08,479.36,1552911
2022-03-02 00:00:00+05:30,476.04,486.4,471.52,481.04,719280
2022-03-03 00:00:00+05:30,483.6,489.12,474.28,476.52,1010894
2022-03-04 00:00:00+05:30,472.0,475.2,462.4,463.96,925886
2022-03-07 00:00:00+05:30,454.32,463.8,449.68,458.84,2096078
2022-03-09 00:00:00+05:30,456.8,477.36,456.08,475.68,876234
2022-03-10 00:00:00+05:30,478.6,482.4,472.2,474.32,1080691
2022-03-11 00:00:00+05:30,470.92,481.48,464.76,477.12,1419516
2022-03-14 00:00:00+05:30,477.56,483.88,471.12,479.24,1152656
2022-03-15 00:00:00+05:30,479.68,483.2,469.48,471.96,780559
2022-03-16 00:00:00+05:30,476.16,495.0,474.4,492.84,1803579
2022-03-17 00:00:00+05:30,494.4,497.6,490.16,492.88,1081600
2022-03-21 00:00:00+05:30,495.92,502.64,488.0,491.92,1309888
2022-03-22 00:00:00+05:30,488.0,493.68,486.08,492.16,1307011
2022-03-23 00:00:00+05:30,492.48,501.6,489.08,491.96,896005
2022-03-24 00:00:00+05:30,491.4,504.08,487.4,497.2,1774915
2022-03-25 00:00:00+05:30,498.4,564.0,498.4,551.84,17074003
2022-03-28 00:00:00+05:30,544.08,548.96,523.28,527.96,4645339
2022-03-29 00:00:00+05:30,531.2,552.8,515.0,518.12,5519548
2022-03-30 00:00:00+05:30,524.8,529.36,516.88,521.16,2030095
2022-03-31 00:00:00+05:30,526.24,539.8,518.6,537.72,3475673
2022-04-01 00:00:00+05:30,540.0,547.2,528.52,546.08,2302219
2022-04-04 00:00:00+05:30,545.56,550.4,538.4,544.64,1648560
2022-04-05 00:00:00+05:30,547.84,559.2,542.4,546.84,1933163
2022-04-06 00:00:00+05:30,542.4,572.48,541.6,569.08,4486730
2022-04-07 00:00:00+05:30,574.4,574.4,544.04,548.16,2522595
2022-04-08 00:00:00+05:30,552.96,566.44,551.48,562.64,2585324
2022-04-11 00:00:00+05:30,562.6,568.88,555.2,560.12,1329518
2022-04-12 00:00:00+05:30,559.04,561.28,542.44,548.16,882439
2022-04-13 00:00:00+05:30,550.72,550.92,538.4,539.64,676478
2022-04-18 00:00:00+05:30,536.8,541.28,529.16,538.68,803498
2022-04-19 00:00:00+05:30,540.96,547.84,516.32,523.56,1250195
2022-04-20 00:00:00+05:30,526.8,530.84,516.72,519.2,971465
2022-04-21 00:00:00+05:30,522.4,533.28,519.56,525.44,1212039
2022-04-22 00:00:00+05:30,525.76,541.32,516.0,527.08,2026229
2022-04-25 00:00:00+05:30,518.4,523.48,513.6,515.76,1267086
2022-04-26 00:00:00+05:30,520.0,524.0,509.36,514.88,1184493
2022-04-27 00:00:00+05:30,510.4,521.08,508.0,518.28,892394
2022-04-28 00:00:00+05:30,523.6,528.6,518.64,526.32,762196
2022-04-29 00:00:00+05:30,529.52,530.28,513.6,517.12,799573
2022-05-02 00:00:00+05:30,512.0,528.8,508.52,515.6,1552741
2022-05-04 00:00:00+05:30,516.28,521.88,509.96,512.76,1082373
2022-05-05 00:00:00+05:30,517.08,535.92,515.2,516.96,2264234
2022-05-06 00:00:00+05:30,509.6,516.72,501.48,510.24,1316929
2022-05-09 00:00:00+05:30,500.04,509.64,496.08,499.68,2210699
2022-05-10 00:00:00+05:30,496.0,516.8,487.04,489.36,2434469
2022-05-11 00:00:00+05:30,495.32,499.8,480.16,484.52,1029065
2022-05-12 00:00:00+05:30,483.2,484.8,467.84,475.36,1473255
2022-05-13 00:00:00+05:30,479.12,499.36,478.4,484.64,1892684
2022-05-16 00:00:00+05:30,484.64,497.56,482.52,495.08,971144
2022-05-17 00:00:00+05:30,498.88,505.52,489.48,502.6,1235795
2022-05-18 00:00:00+05:30,506.4,508.84,494.44,497.0,1907095
2022-05-19 00:00:00+05:30,489.28,493.4,481.6,485.36,1313803
2022-05-20 00:00:00+05:30,488.0,494.56,443.2,458.72,8517391
2022-05-23 00:00:00+05:30,464.0,491.04,464.0,480.12,5906924
2022-05-24 00:00:00+05:30,480.08,487.76,466.64,469.48,2795585
2022-05-25 00:00:00+05:30,472.0,516.4,464.36,498.96,11549946
2022-05-26 00:00:00+05:30,499.16,517.6,498.68,514.84,6240239
2022-05-27 00:00:00+05:30,511.92,528.0,508.0,526.4,3537825
2022-05-30 00:00:00+05:30,528.0,542.16,526.52,530.0,2881096
2022-05-31 00:00:00+05:30,528.0,538.8,513.08,520.36,5078671
2022-06-01 00:00:00+05:30,525.44,531.96,519.56,523.16,1807391
2022-06-02 00:00:00+05:30,525.92,531.96,516.92,521.76,1113780
2022-06-03 00:00:00+05:30,528.0,534.0,512.84,514.08,1202480
2022-06-06 00:00:00+05:30,516.36,522.36,506.0,509.12,936263
2022-06-07 00:00:00+05:30,508.0,508.0,499.2,500.96,1048376
2022-06-08 00:00:00+05:30,498.4,503.4,494.96,497.72,1069193
2022-06-09 00:00:00+05:30,496.0,529.76,492.0,525.24,4562919
2022-06-10 00:00:00+05:30,524.72,531.88,516.44,520.04,2599153
2022-06-13 00:00:00+05:30,513.56,517.56,507.24,512.36,988003
2022-06-14 00:00:00+05:30,512.0,521.0,507.72,514.76,1541120
2022-06-15 00:00:00+05:30,516.0,518.64,504.24,507.08,861796
2022-06-16 00:00:00+05:30,510.0,511.8,491.08,494.76,1285984
2022-06-17 00:00:00+05:30,488.0,498.72,479.84,487.64,2300089
2022-06-20 00:00:00+05:30,481.6,496.96,481.6,491.24,1095106
2022-06-21 00:00:00+05:30,491.24,503.2,490.0,499.6,948609
2022-06-22 00:00:00+05:30,499.6,501.6,487.2,491.04,810993
2022-06-23 00:00:00+05:30,494.0,501.44,490.64,496.28,588314
2022-06-24 00:00:00+05:30,492.16,502.84,492.16,497.68,1307045
2022-06-27 00:00:00+05:30,501.6,508.32,496.84,499.68,1310693
2022-06-28 00:00:00+05:30,499.72,502.44,492.96,496.2,894966
2022-06-29 00:00:00+05:30,494.32,496.6,484.08,494.36,1165408
2022-06-30 00:00:00+05:30,494.32,497.88,472.0,475.44,2925640
2022-07-01 00:00:00+05:30,477.12,484.0,468.04,482.64,1332173
2022-07-04 00:00:00+05:30,480.0,494.72,480.0,493.96,1268334
2022-07-05 00:00:00+05:30,493.96,504.0,493.96,499.44,1092556
2022-07-06 00:00:00+05:30,520.8,529.44,502.52,520.36,10674318
2022-07-07 00:00:00+05:30,523.16,531.0,516.8,522.44,1674451
2022-07-08 00:00:00+05:30,524.0,532.6,521.0,525.28,1341650
2022-07-11 00:00:00+05:30,525.32,534.68,522.44,528.36,1016275
2022-07-12 00:00:00+05:30,527.2,545.6,521.92,539.04,3393644
2022-07-13 00:00:00+05:30,543.76,547.64,533.64,538.68,2977293
2022-07-14 00:00:00+05:30,537.92,544.44,533.44,539.4,840781
2022-07-15 00:00:00+05:30,536.28,549.12,534.6,547.28,2057043
2022-07-18 00:00:00+05:30,547.2,547.2,533.12,536.8,3200833
2022-07-19 00:00:00+05:30,536.56,544.96,535.76,538.92,2066975
2022-07-20 00:00:00+05:30,540.8,544.0,537.6,538.84,815219
2022-07-21 00:00:00+05:30,539.72,548.4,538.04,545.0,1341866
2022-07-22 00:00:00+05:30,546.0,549.6,536.0,540.16,965650
2022-07-25 00:00:00+05:30,541.6,541.6,530.12,537.2,1291669
2022-07-26 00:00:00+05:30,535.84,535.84,530.56,533.12,735875
2022-07-27 00:00:00+05:30,535.4,546.76,530.44,544.92,804996
2022-07-28 00:00:00+05:30,544.92,555.84,544.0,548.84,1523339
2022-07-29 00:00:00+05:30,552.48,571.72,550.44,570.2,3133378
2022-08-01 00:00:00+05:30,570.2,576.0,565.0,568.12,1561738
2022-08-02 00:00:00+05:30,568.84,587.2,561.24,581.04,2259145
2022-08-03 00:00:00+05:30,576.0,582.32,552.84,559.52,1564879
2022-08-04 00:00:00+05:30,560.4,561.6,538.92,543.56,1823061
2022-08-05 00:00:00+05:30,553.6,560.96,547.2,548.72,2982173
2022-08-08 00:00:00+05:30,548.0,559.96,533.28,557.12,2590575
2022-08-10 00:00:00+05:30,555.2,559.92,545.2,552.36,1034276
2022-08-11 00:00:00+05:30,559.72,564.76,555.08,559.72,2217169
2022-08-12 00:00:00+05:30,563.04,567.04,559.04,560.12,1053501
2022-08-16 00:00:00+05:30,564.0,579.48,557.64,575.12,2001576
2022-08-17 00:00:00+05:30,576.0,581.08,562.84,564.72,2068698
2022-08-18 00:00:00+05:30,566.08,569.84,559.28,563.12,740783
2022-08-19 00:00:00+05:30,564.8,565.32,544.4,546.76,1203340
2022-08-22 00:00:00+05:30,546.68,548.64,535.24,536.12,977848
2022-08-23 00:00:00+05:30,529.68,543.24,526.04,541.2,1174061
2022-08-24 00:00:00+05:30,542.4,553.6,539.16,551.0,992698
2022-08-25 00:00:00+05:30,555.52,569.52,552.4,560.64,1753050
2022-08-26 00:00:00+05:30,562.4,575.84,560.84,570.12,1661676
2022-08-29 00:00:00+05:30,552.04,564.68,549.52,550.72,1437581
2022-08-30 00:00:00+05:30,555.2,559.2,549.0,557.24,1296124
2022-09-01 00:00:00+05:30,555.12,563.2,552.04,554.2,1335853
2022-09-02 00:00:00+05:30,552.0,556.96,537.68,539.48,2273154
2022-09-05 00:00:00+05:30,536.8,542.32,530.4,535.32,2724210
2022-09-06 00:00:00+05:30,536.8,540.0,533.76,535.48,865298
2022-09-07 00:00:00+05:30,534.4,613.36,528.44,581.24,26964469
2022-09-08 00:00:00+05:30,587.96,597.6,573.28,585.8,12993113
2022-09-09 00:00:00+05:30,585.6,617.6,580.84,602.16,8020296
2022-09-12 00:00:00+05:30,602.4,616.8,602.4,611.88,4648433
2022-09-13 00:00:00+05:30,611.88,625.6,610.28,616.32,3580699
2022-09-14 00:00:00+05:30,602.4,624.8,602.4,614.6,4245199
2022-09-15 00:00:00+05:30,616.0,618.6,605.08,610.84,1892641
2022-09-16 00:00:00+05:30,606.48,610.8,584.24,590.96,2158423
2022-09-19 00:00:00+05:30,593.92,607.88,589.12,598.12,2100871
2022-09-20 00:00:00+05:30,599.92,608.0,594.2,595.8,1363406
2022-09-21 00:00:00+05:30,595.92,600.8,587.16,593.68,1101019
2022-09-22 00:00:00+05:30,590.4,605.6,585.6,601.52,1502023
2022-09-23 00:00:00+05:30,603.52,604.04,578.04,581.24,1298974
2022-09-26 00:00:00+05:30,577.6,579.92,554.8,558.72,2445065
2022-09-27 00:00:00+05:30,561.52,563.88,539.2,548.48,3708258
2022-09-28 00:00:00+05:30,546.36,555.56,545.28,549.28,1317700
2022-09-29 00:00:00+05:30,552.04,558.6,548.0,556.64,1322234
2022-09-30 00:00:00+05:30,559.2,574.2,552.52,569.32,2009250
2022-10-03 00:00:00+05:30,565.6,568.96,552.0,554.44,835538
2022-10-04 00:00:00+05:30,559.96,572.8,559.96,568.12,1207850
2022-10-06 00:00:00+05:30,570.32,575.92,564.44,568.0,1287153
2022-10-07 00:00:00+05:30,570.16,570.16,554.24,558.96,1033996
2022-10-10 00:00:00+05:30,548.0,554.28,547.2,551.96,875789
2022-10-11 00:00:00+05:30,556.4,569.44,550.72,552.84,2593269
2022-10-12 00:00:00+05:30,555.64,569.6,553.88,566.16,2285119
2022-10-13 00:00:00+05:30,569.6,576.64,553.92,556.08,1658409
2022-10-14 00:00:00+05:30,571.68,571.68,554.48,556.8,753520
2022-10-17 00:00:00+05:30,558.32,571.72,549.36,570.2,1392936
2022-10-18 00:00:00+05:30,575.96,582.72,566.04,577.12,1829843
2022-10-19 00:00:00+05:30,577.6,622.4,577.12,617.0,7904103
2022-10-20 00:00:00+05:30,615.6,615.6,586.36,595.28,5642976
2022-10-21 00:00:00+05:30,598.28,603.52,590.04,598.56,1764539
2022-10-24 00:00:00+05:30,603.2,603.76,592.12,597.52,213559
2022-10-25 00:00:00+05:30,603.84,611.92,597.6,607.48,3204025
2022-10-27 00:00:00+05:30,610.52,636.8,608.8,632.04,5474399
2022-10-28 00:00:00+05:30,634.76,639.6,626.0,628.48,1975415
2022-10-31 00:00:00+05:30,631.64,648.76,630.4,638.4,3567568
2022-11-01 00:00:00+05:30,639.2,645.6,631.44,636.28,1806349
2022-11-02 00:00:00+05:30,633.44,646.4,631.08,635.72,1314126
2022-11-03 00:00:00+05:30,632.0,647.96,629.24,636.84,1312066
2022-11-04 00:00:00+05:30,638.4,642.32,630.0,636.84,963274
2022-11-07 00:00:00+05:30,637.12,642.0,626.08,627.36,1404859
2022-11-09 00:00:00+05:30,629.28,663.0,629.28,647.72,4961495
2022-11-10 00:00:00+05:30,650.24,655.2,638.4,642.64,1845518
2022-11-11 00:00:00+05:30,647.96,651.16,612.0,614.24,3951279
2022-11-14 00:00:00+05:30,610.4,616.8,598.48,610.36,3730664
2022-11-15 00:00:00+05:30,611.12,615.24,607.4,610.88,1391919
2022-11-16 00:00:00+05:30,609.2,612.64,597.2,609.44,2588504
2022-11-17 00:00:00+05:30,605.16,610.36,600.0,601.4,1555715
2022-11-18 00:00:00+05:30,602.52,605.6,581.6,591.28,2584058
2022-11-21 00:00:00+05:30,592.0,594.68,583.28,586.64,1525401
2022-11-22 00:00:00+05:30,586.64,590.36,580.44,588.0,927628
2022-11-23 00:00:00+05:30,590.96,606.56,589.24,598.04,2208634
2022-11-24 00:00:00+05:30,601.2,607.84,595.84,601.12,1303719
2022-11-25 00:00:00+05:30,600.88,613.52,600.0,610.36,1769371
2022-11-28 00:00:00+05:30,608.0,618.76,604.88,612.0,1364356
2022-11-29 00:00:00+05:30,616.0,616.6,604.12,607.72,1169781
2022-11-30 00:00:00+05:30,607.2,620.0,603.2,617.56,1681915
2022-12-01 00:00:00+05:30,619.48,622.16,611.24,615.88,1721708
2022-12-02 00:00:00+05:30,618.76,627.2,614.56,625.0,1521374
2022-12-05 00:00:00+05:30,627.2,629.2,617.36,620.84,870868
2022-12-06 00:00:00+05:30,620.84,621.8,608.04,611.68,862501
2022-12-07 00:00:00+05:30,612.8,624.8,610.52,615.84,1661411
2022-12-08 00:00:00+05:30,617.56,631.08,616.2,628.84,2070794
2022-12-09 00:00:00+05:30,631.24,633.56,614.72,619.24,1370783
2022-12-12 00:00:00+05:30,619.2,621.6,612.04,617.8,1117213
2022-12-13 00:00:00+05:30,618.24,623.88,613.8,622.08,904071
2022-12-14 00:00:00+05:30,621.2,623.8,616.08,618.56,1482401
2022-12-15 00:00:00+05:30,618.0,623.48,609.6,612.44,829191
2022-12-16 00:00:00+05:30,609.6,610.16,588.0,593.04,2621379
2022-12-19 00:00:00+05:30,593.04,596.08,584.28,593.44,1101325
2022-12-20 00:00:00+05:30,592.0,600.0,587.52,597.76,874486
2022-12-21 00:00:00+05:30,600.8,613.12,593.08,597.76,1942253
2022-12-22 00:00:00+05:30,595.2,604.16,589.84,599.8,1106081
2022-12-23 00:00:00+05:30,595.16,599.2,568.0,569.84,1268920
2022-12-26 00:00:00+05:30,568.8,586.28,562.4,582.48,570796
2022-12-27 00:00:00+05:30,583.96,591.4,575.24,583.72,1149338
2022-12-28 00:00:00+05:30,583.72,585.96,574.36,580.24,742125
2022-12-29 00:00:00+05:30,580.16,584.72,575.6,582.56,560268
2022-12-30 00:00:00+05:30,583.12,597.12,582.6,591.04,744605
2023-01-02 00:00:00+05:30,595.52,597.56,589.96,592.2,491791
2023-01-03 00:00:00+05:30,594.4,602.2,592.0,595.2,1173429
2023-01-04 00:00:00+05:30,595.2,597.76,581.72,584.24,831885
2023-01-05 00:00:00+05:30,587.2,595.0,584.0,592.76,912743
2023-01-06 00:00:00+05:30,595.72,597.6,583.44,589.16,1202298
2023-01-09 00:00:00+05:30,592.08,601.96,589.36,597.76,1498066
2023-01-10 00:00:00+05:30,596.0,596.8,569.88,577.68,2226818
2023-01-11 00:00:00+05:30,576.0,581.28,571.32,577.0,1797199
2023-01-12 00:00:00+05:30,581.6,588.0,573.32,577.68,2435215
2023-01-13 00:00:00+05:30,578.4,579.6,563.2,570.44,1878563
2023-01-16 00:00:00+05:30,570.44,576.72,563.24,567.0,2220065
2023-01-17 00:00:00+05:30,564.0,564.8,552.92,556.36,2497325
2023-01-18 00:00:00+05:30,556.0,567.76,554.04,564.12,2424154
2023-01-19 00:00:00+05:30,564.12,570.8,562.4,569.24,1225069
2023-01-20 00:00:00+05:30,569.24,573.2,562.08,564.52,1129625
2023-01-23 00:00:00+05:30,564.76,565.4,554.6,560.72,1690119
2023-01-24 00:00:00+05:30,552.48,552.48,541.6,544.28,4197701
2023-01-25 00:00:00+05:30,542.8,543.96,516.0,519.68,4893241
2023-01-27 00:00:00+05:30,521.6,521.6,501.76,512.08,3891358
2023-01-30 00:00:00+05:30,511.2,512.0,496.4,500.16,3907288
2023-01-31 00:00:00+05:30,504.0,504.8,497.04,502.76,5211671
2023-02-01 00:00:00+05:30,510.4,510.88,479.88,489.08,3934886
2023-02-02 00:00:00+05:30,487.2,491.32,476.08,486.48,3714563
2023-02-03 00:00:00+05:30,491.2,491.6,473.0,490.48,1467878
2023-02-06 00:00:00+05:30,484.8,494.64,483.44,492.96,1496139
2023-02-07 00:00:00+05:30,496.0,502.8,491.92,499.76,2243279
2023-02-08 00:00:00+05:30,499.12,499.12,481.84,493.08,2431608
2023-02-09 00:00:00+05:30,495.2,495.68,488.0,493.96,685178
2023-02-10 00:00:00+05:30,493.6,494.4,484.08,487.56,2246184
2023-02-13 00:00:00+05:30,487.28,500.0,487.28,492.64,1619535
2023-02-14 00:00:00+05:30,492.8,496.56,487.2,492.28,690204
2023-02-15 00:00:00+05:30,494.0,499.12,492.28,497.0,1131009
2023-02-16 00:00:00+05:30,497.68,499.96,488.8,490.64,1333536
2023-02-17 00:00:00+05:30,488.72,490.96,480.52,485.8,1900109
2023-02-20 00:00:00+05:30,487.2,489.4,483.64,487.44,1483444
2023-02-21 00:00:00+05:30,492.0,492.0,475.36,476.68,2337685
2023-02-22 00:00:00+05:30,477.0,477.0,467.56,476.68,5644905
2023-02-23 00:00:00+05:30,470.4,471.92,464.04,470.16,1719076
2023-02-24 00:00:00+05:30,472.64,480.0,471.28,475.24,3099916
2023-02-27 00:00:00+05:30,475.24,475.6,466.0,472.2,1577111
2023-02-28 00:00:00+05:30,474.6,479.56,470.16,472.4,1875793
2023-03-01 00:00:00+05:30,472.8,481.36,472.8,479.36,1936694
2023-03-02 00:00:00+05:30,480.0,482.16,474.4,475.44,1811174
2023-03-03 00:00:00+05:30,477.4,488.2,476.8,484.08,3072410
2023-03-06 00:00:00+05:30,486.76,489.64,481.0,481.6,1826950
2023-03-08 00:00:00+05:30,483.56,486.88,476.72,485.0,2066865
2023-03-09 00:00:00+05:30,485.8,487.44,474.4,475.88,1440748
2023-03-10 00:00:00+05:30,474.0,474.0,467.4,468.08,1292046
2023-03-13 00:00:00+05:30,468.0,469.6,461.12,464.08,1107283
2023-03-14 00:00:00+05:30,460.0,470.4,459.84,468.52,1331463
2023-03-15 00:00:00+05:30,474.24,474.24,465.0,471.92,1354353
2023-03-16 00:00:00+05:30,471.96,475.0,466.12,473.88,871164
2023-03-17 00:00:00+05:30,475.96,477.12,469.88,475.68,1548226
2023-03-20 00:00:00+05:30,472.8,477.56,465.32,474.44,1485695
2023-03-21 00:00:00+05:30,475.84,478.52,471.0,476.48,1171764
2023-03-22 00:00:00+05:30,477.6,480.0,472.96,474.92,802003
2023-03-23 00:00:00+05:30,472.88,475.08,469.16,472.2,749438
2023-03-24 00:00:00+05:30,470.32,472.36,464.2,466.6,1044361
2023-03-27 00:00:00+05:30,464.48,469.0,457.4,463.24,859884
2023-03-28 00:00:00+05:30,464.0,465.56,448.0,450.6,1247389
2023-03-29 00:00:00+05:30,448.0,458.0,444.0,455.76,1637293
2023-03-31 00:00:00+05:30,463.96,467.2,456.28,464.0,727224
2023-04-03 00:00:00+05:30,468.76,468.76,460.4,464.68,673059
2023-04-05 00:00:00+05:30,466.32,466.32,456.0,458.4,1337494
2023-04-06 00:00:00+05:30,458.4,460.08,455.08,456.52,1060313
2023-04-10 00:00:00+05:30,459.2,465.56,457.36,461.88,1392200
2023-04-11 00:00:00+05:30,464.8,478.4,464.0,473.48,5914980
2023-04-12 00:00:00+05:30,475.92,482.0,472.08,480.76,1427141
2023-04-13 00:00:00+05:30,481.04,484.96,475.28,483.72,1341054
2023-04-17 00:00:00+05:30,482.4,487.2,478.4,483.04,656211
2023-04-18 00:00:00+05:30,484.24,489.32,481.36,486.92,1055366
2023-04-19 00:00:00+05:30,488.8,488.8,478.4,479.52,708516
2023-04-20 00:00:00+05:30,493.56,499.04,486.56,489.28,4350811
2023-04-21 00:00:00+05:30,490.56,492.32,482.88,486.56,959854
2023-04-24 00:00:00+05:30,486.56,487.8,480.6,482.48,503438
2023-04-25 00:00:00+05:30,482.48,484.8,480.04,483.48,698706
2023-04-26 00:00:00+05:30,481.56,489.6,479.2,488.48,1173085
2023-04-27 00:00:00+05:30,489.2,489.84,482.0,485.44,881488
2023-04-28 00:00:00+05:30,486.8,491.6,485.76,489.36,1267131
2023-05-02 00:00:00+05:30,491.92,498.64,489.12,496.68,1308633
2023-05-03 00:00:00+05:30,496.48,500.72,494.16,498.88,1877954
2023-05-04 00:00:00+05:30,498.36,507.16,498.36,506.4,1657121
2023-05-05 00:00:00+05:30,508.8,508.84,496.08,498.96,997256
2023-05-08 00:00:00+05:30,498.96,509.48,498.56,508.68,1187371
2023-05-09 00:00:00+05:30,511.04,512.8,503.88,507.92,901325
2023-05-10 00:00:00+05:30,508.8,514.4,504.0,511.72,553394
2023-05-11 00:00:00+05:30,513.52,516.6,509.52,513.64,885626
2023-05-12 00:00:00+05:30,513.64,517.08,508.2,510.6,668275
2023-05-15 00:00:00+05:30,510.4,517.96,508.84,517.48,935905
2023-05-16 00:00:00+05:30,516.8,519.68,512.12,514.56,1129940
2023-05-17 00:00:00+05:30,514.4,518.0,508.4,511.44,1287503
2023-05-18 00:00:00+05:30,514.68,514.68,502.56,505.12,2097453
2023-05-19 00:00:00+05:30,500.0,504.28,488.0,501.08,3141730
2023-05-22 00:00:00+05:30,504.0,516.88,497.8,515.92,1135223
2023-05-23 00:00:00+05:30,518.64,530.84,513.12,528.96,1569460
2023-05-24 00:00:00+05:30,528.76,534.12,525.0,529.36,1613690
2023-05-25 00:00:00+05:30,528.76,536.0,527.84,534.76,961925
2023-05-26 00:00:00+05:30,534.4,539.92,531.32,538.2,527039
2023-05-29 00:00:00+05:30,538.24,542.8,533.6,538.96,1057063
2023-05-30 00:00:00+05:30,540.72,540.72,530.48,536.36,941289
2023-05-31 00:00:00+05:30,533.68,542.12,533.68,536.76,1103329
2023-06-01 00:00:00+05:30,537.2,539.88,526.4,527.56,471783
2023-06-02 00:00:00+05:30,527.6,534.4,527.6,533.64,1118173
2023-06-05 00:00:00+05:30,538.0,544.0,531.28,537.2,2005519
2023-06-06 00:00:00+05:30,537.76,539.84,531.68,536.24,341756
2023-06-07 00:00:00+05:30,538.16,540.88,532.48,538.08,414319
2023-06-08 00:00:00+05:30,539.2,550.4,535.52,539.32,1185243
2023-06-09 00:00:00+05:30,539.2,546.64,532.76,538.76,852650
2023-06-12 00:00:00+05:30,532.0,536.92,521.36,530.72,1757370
2023-06-13 00:00:00+05:30,529.6,532.92,516.84,520.84,4990134
2023-06-14 00:00:00+05:30,524.0,532.44,521.04,529.84,2392308
2023-06-15 00:00:00+05:30,527.8,535.52,524.0,527.56,1834119
2023-06-16 00:00:00+05:30,532.0,536.0,526.72,535.2,1389540
2023-06-19 00:00:00+05:30,537.44,537.44,527.2,527.92,1571713
2023-06-20 00:00:00+05:30,521.56,521.56,503.36,510.16,3464353
2023-06-21 00:00:00+05:30,510.4,523.36,510.24,522.76,1897238
2023-06-22 00:00:00+05:30,523.2,523.2,512.12,512.12,1340000
2023-06-23 00:00:00+05:30,513.96,519.84,506.76,511.36,816051
2023-06-26 00:00:00+05:30,514.16,520.72,506.12,519.24,856068
2023-06-27 00:00:00+05:30,519.84,522.36,513.16,517.6,1279270
2023-06-28 00:00:00+05:30,519.16,526.64,517.0,525.6,772539
2023-06-30 00:00:00+05:30,526.4,530.76,521.92,528.72,724074
2023-07-03 00:00:00+05:30,533.6,541.88,524.28,526.48,1282444
2023-07-04 00:00:00+05:30,532.8,533.2,524.64,531.28,1307526
2023-07-05 00:00:00+05:30,532.0,539.92,526.76,538.4,1490491
2023-07-06 00:00:00+05:30,539.2,553.2,538.56,551.32,1671633
2023-07-07 00:00:00+05:30,553.96,554.0,532.8,536.08,971014
2023-07-10 00:00:00+05:30,539.96,539.96,527.24,536.8,727393
2023-07-11 00:00:00+05:30,537.36,546.0,533.96,541.92,1258704
2023-07-12 00:00:00+05:30,542.4,547.16,540.0,546.8,1033118
2023-07-13 00:00:00+05:30,546.6,549.56,540.08,544.0,877975
2023-07-14 00:00:00+05:30,542.8,552.0,541.8,551.2,692365
2023-07-17 00:00:00+05:30,547.52,555.08,530.64,546.24,2040681
2023-07-18 00:00:00+05:30,547.2,553.2,538.68,545.6,830699
2023-07-19 00:00:00+05:30,544.0,552.0,536.24,549.12,1039543
2023-07-20 00:00:00+05:30,552.0,564.0,546.08,548.0,2119248
2023-07-21 00:00:00+05:30,547.48,548.36,537.32,540.08,1719469
2023-07-24 00:00:00+05:30,542.4,549.8,533.44,544.6,1129949
2023-07-25 00:00:00+05:30,548.0,548.76,539.36,544.76,1477674
2023-07-26 00:00:00+05:30,544.0,549.6,541.68,541.68,630411
2023-07-27 00:00:00+05:30,545.6,546.64,536.4,539.72,700873
2023-07-28 00:00:00+05:30,540.0,552.6,537.32,550.8,1299046
2023-07-31 00:00:00+05:30,551.2,559.04,548.2,555.24,1266389
2023-08-01 00:00:00+05:30,559.0,563.88,552.76,554.88,1610363
2023-08-02 00:00:00+05:30,554.88,556.12,539.2,543.2,1410918
2023-08-03 00:00:00+05:30,538.8,552.8,538.8,552.8,781850
2023-08-04 00:00:00+05:30,555.2,557.36,549.8,556.0,585011
2023-08-07 00:00:00+05:30,553.24,560.0,548.44,559.2,704541
2023-08-08 00:00:00+05:30,561.6,570.4,556.64,570.4,1788358
2023-08-09 00:00:00+05:30,571.56,571.56,558.4,566.4,1497781
2023-08-10 00:00:00+05:30,565.6,567.68,554.08,555.8,926475
2023-08-11 00:00:00+05:30,548.0,549.6,535.2,541.6,2455160
2023-08-14 00:00:00+05:30,532.0,535.96,516.8,532.0,2544456
2023-08-16 00:00:00+05:30,532.08,532.08,523.44,526.0,1386138
2023-08-17 00:00:00+05:30,526.4,532.76,521.72,529.6,1395429
2023-08-18 00:00:00+05:30,527.16,530.68,522.16,522.8,1659213
2023-08-21 00:00:00+05:30,523.76,528.8,522.4,527.2,1757588
2023-08-22 00:00:00+05:30,527.64,531.12,524.12,530.24,759945
2023-08-23 00:00:00+05:30,530.4,538.32,526.2,528.72,1042446
2023-08-24 00:00:00+05:30,531.2,534.16,528.12,530.8,380375
2023-08-25 00:00:00+05:30,531.2,531.52,523.2,530.96,855916
2023-08-28 00:00:00+05:30,531.2,533.48,523.04,530.4,1502738
2023-08-29 00:00:00+05:30,532.68,537.16,530.12,536.0,541724
2023-08-30 00:00:00+05:30,540.0,548.92,534.8,548.0,882091
2023-08-31 00:00:00+05:30,552.8,552.8,536.44,539.6,1635474
2023-09-01 00:00:00+05:30,537.92,552.84,537.92,549.6,1214385
2023-09-04 00:00:00+05:30,550.36,556.76,543.44,545.56,1313941
2023-09-05 00:00:00+05:30,544.0,551.48,540.04,549.0,961594
2023-09-06 00:00:00+05:30,549.0,564.0,544.8,558.8,1273871
2023-09-07 00:00:00+05:30,553.6,562.4,550.4,552.76,726656
2023-09-08 00:00:00+05:30,553.6,575.48,550.84,567.12,3371425
2023-09-11 00:00:00+05:30,572.8,598.16,572.8,586.88,5323685
2023-09-12 00:00:00+05:30,591.2,591.2,558.0,559.6,1905090
2023-09-13 00:00:00+05:30,558.0,563.2,549.0,559.28,2136739
2023-09-14 00:00:00+05:30,572.6,580.0,566.44,578.28,3545285
2023-09-15 00:00:00+05:30,578.4,580.0,571.72,573.88,1220485
2023-09-18 00:00:00+05:30,573.88,590.4,565.16,588.52,3813194
2023-09-20 00:00:00+05:30,586.32,596.64,579.48,593.76,2546823
2023-09-21 00:00:00+05:30,592.76,596.8,583.12,592.28,1767020
2023-09-22 00:00:00+05:30,590.4,593.76,580.8,588.0,1640978
2023-09-25 00:00:00+05:30,582.52,588.68,575.44,584.08,1897499
2023-09-26 00:00:00+05:30,580.8,588.68,578.32,585.24,1154503
2023-09-27 00:00:00+05:30,584.0,587.0,577.24,578.8,1445320
2023-09-28 00:00:00+05:30,577.6,581.24,566.28,566.8,1360685
2023-09-29 00:00:00+05:30,567.92,574.4,565.6,572.96,2127829
2023-10-03 00:00:00+05:30,574.52,575.72,566.04,570.56,977484
2023-10-04 00:00:00+05:30,570.56,574.52,558.84,570.32,679660
2023-10-05 00:00:00+05:30,570.32,580.56,566.2,567.52,1006780
2023-10-06 00:00:00+05:30,570.56,573.68,566.84,572.24,557391
2023-10-09 00:00:00+05:30,563.44,570.4,559.48,567.84,868683
2023-10-10 00:00:00+05:30,572.16,574.08,563.08,563.84,820146
2023-10-11 00:00:00+05:30,564.8,566.96,556.84,558.76,593096
2023-10-12 00:00:00+05:30,560.8,563.24,556.28,560.84,2233033
2023-10-13 00:00:00+05:30,561.68,572.32,556.76,570.52,1442935
2023-10-16 00:00:00+05:30,572.48,574.64,564.36,573.28,1712820
2023-10-17 00:00:00+05:30,576.0,578.64,573.64,578.0,1003155
2023-10-18 00:00:00+05:30,578.0,579.76,569.88,575.48,1500313
2023-10-19 00:00:00+05:30,571.04,571.96,565.08,570.76,2064144
2023-10-20 00:00:00+05:30,568.0,571.88,563.0,566.36,1706086
2023-10-23 00:00:00+05:30,566.6,570.24,555.96,560.56,1611180
2023-10-25 00:00:00+05:30,559.2,569.6,552.68,555.24,842646
2023-10-26 00:00:00+05:30,551.24,563.96,540.0,553.0,1013674
2023-10-27 00:00:00+05:30,553.52,562.8,549.04,551.36,1114969
2023-10-30 00:00:00+05:30,552.08,558.8,547.2,551.04,1233226
2023-10-31 00:00:00+05:30,554.92,555.68,546.72,550.56,710743
2023-11-01 00:00:00+05:30,550.56,551.92,537.76,540.4,355816
2023-11-02 00:00:00+05:30,543.24,548.8,542.84,546.0,1170498
2023-11-03 00:00:00+05:30,561.52,575.84,560.88,571.0,6051410
2023-11-06 00:00:00+05:30,576.0,593.6,574.4,587.8,3241335
2023-11-07 00:00:00+05:30,590.36,596.8,581.64,594.4,878131
2023-11-08 00:00:00+05:30,594.44,596.52,589.92,593.4,511765
2023-11-09 00:00:00+05:30,591.28,593.56,584.2,588.28,499584
2023-11-10 00:00:00+05:30,588.28,591.2,580.8,589.48,611141
2023-11-12 00:00:00+05:30,589.6,595.2,588.12,592.2,106428
2023-11-13 00:00:00+05:30,591.96,594.16,584.48,590.8,849943
2023-11-15 00:00:00+05:30,592.0,609.0,590.28,604.44,1560258
2023-11-16 00:00:00+05:30,604.64,606.84,600.16,601.36,1630046
2023-11-17 00:00:00+05:30,601.36,604.0,596.16,601.6,704849
2023-11-20 00:00:00+05:30,600.56,606.52,596.4,600.76,1109851
2023-11-21 00:00:00+05:30,604.8,613.52,598.32,599.48,1257991
2023-11-22 00:00:00+05:30,601.6,605.96,593.16,599.36,538449
2023-11-23 00:00:00+05:30,599.72,602.88,590.64,601.24,369576
2023-11-24 00:00:00+05:30,603.76,603.76,593.6,598.88,937136
2023-11-28 00:00:00+05:30,600.8,615.2,598.4,613.48,1057135
2023-11-29 00:00:00+05:30,616.8,616.8,608.88,614.52,1205291
2023-11-30 00:00:00+05:30,612.92,622.32,607.24,620.8,1780005
2023-12-01 00:00:00+05:30,620.0,630.36,616.4,628.12,1443635
2023-12-04 00:00:00+05:30,643.2,643.2,630.24,640.72,2242554
2023-12-05 00:00:00+05:30,640.72,645.12,629.88,638.48,2228714
2023-12-06 00:00:00+05:30,639.96,645.48,629.92,639.12,1542415
2023-12-07 00:00:00+05:30,639.92,677.64,634.64,673.88,4290786
2023-12-08 00:00:00+05:30,688.0,688.6,664.08,674.56,2120859
2023-12-11 00:00:00+05:30,677.12,677.12,668.44,675.68,956386
2023-12-12 00:00:00+05:30,680.0,694.24,677.6,684.52,1609949
2023-12-13 00:00:00+05:30,684.76,696.96,674.84,690.2,4075918
2023-12-14 00:00:00+05:30,692.76,703.2,684.2,700.6,2199581
2023-12-15 00:00:00+05:30,703.2,703.92,686.0,687.92,1845689
2023-12-18 00:00:00+05:30,688.36,698.96,681.76,695.48,2175629
2023-12-19 00:00:00+05:30,700.8,701.2,684.0,688.32,2010834
2023-12-20 00:00:00+05:30,695.88,700.76,657.68,664.48,1766918
2023-12-21 00:00:00+05:30,657.88,675.12,653.12,671.8,1333545
2023-12-22 00:00:00+05:30,668.76,673.36,659.4,665.92,1927254
2023-12-26 00:00:00+05:30,668.0,681.92,664.8,673.4,1095371
2023-12-27 00:00:00+05:30,673.4,677.52,666.44,670.12,1402954
2023-12-28 00:00:00+05:30,673.2,689.16,670.4,685.52,2234058
2023-12-29 00:00:00+05:30,690.04,694.16,680.8,687.72,1339158
2024-01-01 00:00:00+05:30,688.0,699.04,683.28,688.96,949883
2024-01-02 00:00:00+05:30,691.6,706.16,676.0,703.72,1703099
2024-01-03 00:00:00+05:30,706.36,712.24,695.44,705.72,2456520
2024-01-04 00:00:00+05:30,708.0,746.16,708.0,730.64,5093989
2024-01-05 00:00:00+05:30,735.4,736.12,709.08,716.72,1229340
2024-01-08 00:00:00+05:30,719.08,719.08,694.44,696.64,1347726
2024-01-09 00:00:00+05:30,704.0,716.8,703.36,708.76,1731954
2024-01-10 00:00:00+05:30,709.32,713.2,694.56,709.04,1247433
2024-01-11 00:00:00+05:30,716.0,733.2,712.0,722.28,2450588
2024-01-12 00:00:00+05:30,730.36,730.36,705.2,711.76,1794456
2024-01-15 00:00:00+05:30,716.0,725.48,707.72,721.0,1283940
2024-01-16 00:00:00+05:30,723.16,723.16,698.6,706.16,1624376
2024-01-17 00:00:00+05:30,704.0,705.32,674.8,680.12,2320963
2024-01-18 00:00:00+05:30,680.0,680.0,651.12,674.92,2870036
2024-01-19 00:00:00+05:30,680.0,694.12,672.48,686.96,1955205
2024-01-20 00:00:00+05:30,694.4,715.68,691.64,698.68,1856396
2024-01-23 00:00:00+05:30,702.36,707.0,653.72,660.24,1852823
2024-01-24 00:00:00+05:30,662.4,674.68,653.32,672.88,1406188
2024-01-25 00:00:00+05:30,675.2,677.08,654.48,662.92,2215079
2024-01-29 00:00:00+05:30,664.8,694.28,652.16,688.28,7559340
2024-01-30 00:00:00+05:30,694.4,715.6,684.0,692.36,7805199
2024-01-31 00:00:00+05:30,697.2,713.6,692.0,710.0,3445693
2024-02-01 00:00:00+05:30,714.16,739.44,698.08,736.96,5967260
2024-02-02 00:00:00+05:30,749.64,750.32,732.12,736.04,4269900
2024-02-05 00:00:00+05:30,744.04,761.52,730.44,744.32,4048609
2024-02-06 00:00:00+05:30,748.72,752.36,736.0,748.6,1482064
2024-02-07 00:00:00+05:30,750.4,751.2,734.44,738.04,1277669
2024-02-08 00:00:00+05:30,742.4,771.2,736.16,760.68,4639986
2024-02-09 00:00:00+05:30,768.8,777.24,728.08,754.68,3499220
2024-02-12 00:00:00+05:30,761.56,761.56,725.2,730.92,2814259
2024-02-13 00:00:00+05:30,731.92,746.92,715.2,740.24,2030744
2024-02-14 00:00:00+05:30,736.72,754.0,730.4,751.72,1922653
2024-02-15 00:00:00+05:30,759.2,769.32,747.2,764.12,2141469
2024-02-16 00:00:00+05:30,765.6,789.6,760.96,784.64,4471244
2024-02-19 00:00:00+05:30,787.8,812.16,773.16,808.2,4192698
2024-02-20 00:00:00+05:30,801.2,811.0,792.0,799.84,3991928
2024-02-21 00:00:00+05:30,803.2,822.12,788.88,793.52,4818070
2024-02-22 00:00:00+05:30,802.2,819.2,788.56,810.96,3590624
2024-02-23 00:00:00+05:30,817.2,817.2,801.0,803.96,1613248
2024-02-26 00:00:00+05:30,803.96,804.24,783.0,789.64,4999453
2024-02-27 00:00:00+05:30,789.64,798.72,772.16,777.64,1925113
2024-02-28 00:00:00+05:30,784.16,788.76,760.96,765.8,2202383
2024-02-29 00:00:00+05:30,761.76,788.52,756.0,781.92,4580139
2024-03-01 00:00:00+05:30,787.04,791.12,777.88,782.44,784983
2024-03-02 00:00:00+05:30,780.16,789.36,778.12,785.08,92264
2024-03-04 00:00:00+05:30,781.64,792.6,777.6,788.92,2419368
2024-03-05 00:00:00+05:30,787.28,788.16,772.92,774.36,1573233
2024-03-06 00:00:00+05:30,772.0,780.0,759.44,777.36,1257390
2024-03-07 00:00:00+05:30,777.64,780.56,767.24,771.76,954050
2024-03-11 00:00:00+05:30,771.76,777.28,760.6,764.6,2092820
2024-03-12 00:00:00+05:30,764.0,771.2,737.36,740.0,1021291
2024-03-13 00:00:00+05:30,734.48,742.96,682.48,689.96,4745020
2024-03-14 00:00:00+05:30,689.96,736.8,683.96,694.36,2496333
2024-03-15 00:00:00+05:30,694.44,697.92,676.0,692.6,2855696
2024-03-18 00:00:00+05:30,695.08,703.52,679.56,683.92,2005421
2024-03-19 00:00:00+05:30,683.2,686.32,662.08,665.36,1633286
2024-03-20 00:00:00+05:30,668.44,674.64,655.56,671.68,1478089
2024-03-21 00:00:00+05:30,680.8,702.04,677.04,698.56,3054880
2024-03-22 00:00:00+05:30,698.56,704.76,691.68,694.48,1249670
2024-03-26 00:00:00+05:30,694.48,704.36,690.2,694.44,1188071
2024-03-27 00:00:00+05:30,696.0,709.6,689.76,692.96,2053805
2024-03-28 00:00:00+05:30,695.2,713.36,691.68,705.68,2076470
2024-04-01 00:00:00+05:30,715.2,727.12,710.2,721.8,2667319
2024-04-02 00:00:00+05:30,723.2,737.76,717.68,733.68,1627749
2024-04-03 00:00:00+05:30,733.68,740.16,727.72,731.16,862041
2024-04-04 00:00:00+05:30,736.0,740.88,728.0,730.92,895235
2024-04-05 00:00:00+05:30,730.92,753.76,724.36,746.8,2270329
2024-04-08 00:00:00+05:30,747.2,749.36,713.6,729.08,2914426
2024-04-09 00:00:00+05:30,737.0,747.08,731.64,739.52,1396421
2024-04-10 00:00:00+05:30,742.16,779.8,740.52,776.56,5733399
2024-04-12 00:00:00+05:30,775.2,779.96,755.36,757.44,1247423
2024-04-15 00:00:00+05:30,747.28,763.08,737.8,743.12,3609308
2024-04-16 00:00:00+05:30,736.0,767.92,733.68,757.48,3251204
2024-04-18 00:00:00+05:30,763.76,763.96,736.0,739.32,2017960
2024-04-19 00:00:00+05:30,732.8,747.16,718.68,741.48,2355230
2024-04-22 00:00:00+05:30,751.92,758.72,743.56,756.6,1405566
2024-04-23 00:00:00+05:30,756.8,766.76,751.96,758.68,1588904
2024-04-24 00:00:00+05:30,758.28,781.12,758.24,778.44,2707726
2024-04-25 00:00:00+05:30,785.28,809.6,774.56,803.84,4912161
2024-04-26 00:00:00+05:30,807.96,863.2,804.96,854.4,9552840
2024-04-29 00:00:00+05:30,866.4,867.08,829.12,839.64,4809215
2024-04-30 00:00:00+05:30,846.4,847.92,819.48,822.4,3518536
2024-05-02 00:00:00+05:30,827.0,844.44,822.88,840.4,1912521
2024-05-03 00:00:00+05:30,848.96,859.0,838.44,847.56,3404166
2024-05-06 00:00:00+05:30,855.2,855.2,822.2,825.88,1612873
2024-05-07 00:00:00+05:30,826.4,827.0,788.0,801.88,2528700
2024-05-08 00:00:00+05:30,803.96,825.6,800.4,815.24,1701646
2024-05-09 00:00:00+05:30,814.2,821.6,790.36,792.48,1048926
2024-05-10 00:00:00+05:30,798.4,810.4,782.44,801.4,1759735
2024-05-13 00:00:00+05:30,807.6,814.96,794.48,810.56,2941113
2024-05-14 00:00:00+05:30,816.72,828.0,804.0,821.68,1411635
2024-05-15 00:00:00+05:30,823.92,830.88,817.04,821.76,1322381
2024-05-16 00:00:00+05:30,825.6,833.6,815.24,829.12,1337066
2024-05-17 00:00:00+05:30,828.0,892.84,798.92,869.64,15457606
2024-05-18 00:00:00+05:30,881.6,888.0,878.44,880.72,914916
2024-05-21 00:00:00+05:30,894.4,895.36,862.0,875.08,4547421
2024-05-22 00:00:00+05:30,876.8,880.0,856.04,865.44,2245393
2024-05-23 00:00:00+05:30,867.16,890.6,861.24,884.68,4706568
2024-05-24 00:00:00+05:30,887.88,895.92,876.76,882.28,2811239
2024-05-27 00:00:00+05:30,890.72,892.4,878.12,882.44,3463191
2024-05-28 00:00:00+05:30,884.8,889.04,856.24,864.56,2769978
2024-05-29 00:00:00+05:30,861.56,877.76,849.6,867.84,2358513
2024-05-30 00:00:00+05:30,862.4,869.36,850.76,852.84,1051481
2024-05-31 00:00:00+05:30,858.4,864.52,837.24,859.88,3577990
2024-06-03 00:00:00+05:30,897.6,944.0,884.0,939.4,9721425
2024-06-04 00:00:00+05:30,944.0,944.0,704.56,759.0,14406351
2024-06-05 00:00:00+05:30,783.2,803.92,712.68,794.6,12157148
2024-06-06 00:00:00+05:30,811.2,859.44,804.08,842.2,5288859
2024-06-07 00:00:00+05:30,845.6,848.0,832.4,843.84,2279011
2024-06-10 00:00:00+05:30,849.12,859.08,833.92,843.96,3762530
2024-06-11 00:00:00+05:30,852.44,877.2,842.12,870.24,5825450
2024-06-12 00:00:00+05:30,876.8,921.6,871.72,913.08,9207334
2024-06-13 00:00:00+05:30,921.88,922.72,901.24,912.24,2120185
2024-06-14 00:00:00+05:30,912.0,917.32,899.6,911.88,3029476
2024-06-18 00:00:00+05:30,911.88,915.96,905.04,912.24,1029101
2024-06-19 00:00:00+05:30,912.0,912.0,880.8,882.44,2849538
2024-06-20 00:00:00+05:30,880.04,890.84,869.68,876.76,2218881
2024-06-21 00:00:00+05:30,878.4,892.76,870.4,872.72,2063434
2024-06-24 00:00:00+05:30,864.04,865.2,831.52,839.48,6470064
2024-06-25 00:00:00+05:30,847.96,849.56,838.64,841.12,2087689
2024-06-26 00:00:00+05:30,841.12,849.56,835.2,837.84,1996180
2024-06-27 00:00:00+05:30,840.8,846.64,823.48,838.4,1469688
2024-06-28 00:00:00+05:30,836.08,843.6,827.76,833.92,1562746
2024-07-01 00:00:00+05:30,831.24,836.56,824.56,829.12,1509583
2024-07-02 00:00:00+05:30,828.04,833.24,813.6,821.84,2402449
2024-07-03 00:00:00+05:30,824.0,828.0,812.64,818.04,2261485
2024-07-04 00:00:00+05:30,820.56,837.04,819.24,826.04,3687370
2024-07-05 00:00:00+05:30,825.6,856.24,821.72,846.32,4433711
2024-07-08 00:00:00+05:30,851.16,851.76,827.04,834.52,3256223
2024-07-09 00:00:00+05:30,831.24,844.64,814.84,832.24,3317711
2024-07-10 00:00:00+05:30,838.32,838.76,812.0,835.2,2577295
2024-07-11 00:00:00+05:30,843.12,854.4,832.04,847.2,2813153
2024-07-12 00:00:00+05:30,853.44,853.56,833.24,845.96,2718030
2024-07-15 00:00:00+05:30,850.12,850.12,834.64,845.08,3777488
2024-07-16 00:00:00+05:30,856.8,860.0,836.2,838.28,7471756
2024-07-18 00:00:00+05:30,848.8,850.4,824.0,831.76,7257210
2024-07-19 00:00:00+05:30,829.6,832.4,805.76,808.76,2389524
2024-07-22 00:00:00+05:30,803.2,836.76,792.84,831.24,3160485
2024-07-23 00:00:00+05:30,843.96,844.0,790.96,824.2,4997960
2024-07-24 00:00:00+05:30,820.84,830.72,816.0,819.44,2429769
2024-07-25 00:00:00+05:30,812.0,823.2,806.68,811.92,2847231
2024-07-26 00:00:00+05:30,812.8,836.84,812.8,831.96,3103935
2024-07-29 00:00:00+05:30,839.96,846.52,829.68,831.96,2791780
2024-07-30 00:00:00+05:30,831.96,843.76,830.44,838.92,2175909
2024-07-31 00:00:00+05:30,847.36,847.36,830.4,832.36,1448108
2024-08-01 00:00:00+05:30,832.6,835.96,823.88,830.44,1498569
2024-08-02 00:00:00+05:30,823.32,831.84,816.44,824.08,1482735
2024-08-05 00:00:00+05:30,808.12,812.08,780.0,782.6,4250611
2024-08-06 00:00:00+05:30,795.2,808.04,782.72,786.0,2218513
2024-08-07 00:00:00+05:30,800.76,806.56,793.72,803.72,2022575
2024-08-08 00:00:00+05:30,807.2,810.96,794.4,798.28,1662013
2024-08-09 00:00:00+05:30,800.8,804.04,775.04,784.64,4647473
2024-08-12 00:00:00+05:30,780.0,786.84,764.6,784.08,3858544
2024-08-13 00:00:00+05:30,787.92,788.76,763.2,765.4,2208781
2024-08-14 00:00:00+05:30,768.8,770.4,753.76,761.12,1854510
2024-08-16 00:00:00+05:30,764.0,784.8,763.36,783.16,1373561
2024-08-19 00:00:00+05:30,791.84,791.84,767.56,774.64,2896020
2024-08-20 00:00:00+05:30,777.56,786.32,771.2,783.68,1172456
2024-08-21 00:00:00+05:30,783.24,793.92,778.6,791.36,1795881
2024-08-22 00:00:00+05:30,792.8,797.52,788.0,791.08,1774101
2024-08-23 00:00:00+05:30,791.08,799.56,788.72,792.28,2304785
2024-08-26 00:00:00+05:30,793.6,801.0,791.72,794.24,2042576
2024-08-27 00:00:00+05:30,794.24,796.48,786.48,787.96,1439405
2024-08-28 00:00:00+05:30,788.0,789.52,776.4,777.56,1693656
2024-08-29 00:00:00+05:30,779.2,779.2,760.88,770.4,2219855
2024-08-30 00:00:00+05:30,775.16,780.2,770.12,772.08,2204559
2024-09-02 00:00:00+05:30,775.2,778.52,766.64,769.68,2208148
2024-09-03 00:00:00+05:30,770.8,783.6,769.0,779.92,1714804
2024-09-04 00:00:00+05:30,775.08,779.2,764.16,772.12,2641173
2024-09-05 00:00:00+05:30,774.4,776.92,766.4,768.24,2957733
2024-09-06 00:00:00+05:30,769.8,769.8,751.44,754.12,3310311
2024-09-09 00:00:00+05:30,753.6,760.8,745.24,757.56,2736585
2024-09-10 00:00:00+05:30,762.84,762.84,748.8,751.44,2008701
2024-09-11 00:00:00+05:30,752.96,757.6,744.8,749.64,2043534
2024-09-12 00:00:00+05:30,753.16,763.2,750.48,761.04,1592879
2024-09-13 00:00:00+05:30,764.24,773.28,762.52,769.08,2157526
2024-09-16 00:00:00+05:30,772.0,772.72,760.28,761.2,1258046
2024-09-17 00:00:00+05:30,761.2,763.84,752.04,756.12,974281
2024-09-18 00:00:00+05:30,756.0,758.28,737.48,742.04,1188161
2024-09-19 00:00:00+05:30,742.44,748.44,721.24,730.48,3354379
2024-09-20 00:00:00+05:30,724.8,724.8,705.6,714.4,6042931
2024-09-23 00:00:00+05:30,718.4,719.08,701.12,709.96,4586449
2024-09-24 00:00:00+05:30,709.96,720.56,708.52,714.6,1968164
2024-09-25 00:00:00+05:30,714.4,715.16,708.08,711.44,1304819
2024-09-26 00:00:00+05:30,709.96,715.72,708.44,713.56,1154273
2024-09-27 00:00:00+05:30,713.6,733.2,713.6,729.0,3066446
2024-09-30 00:00:00+05:30,729.0,739.16,724.8,733.72,2713118
2024-10-01 00:00:00+05:30,738.4,741.56,732.08,737.36,1506890
2024-10-03 00:00:00+05:30,723.8,733.76,708.4,712.4,1620519
2024-10-04 00:00:00+05:30,708.0,713.44,696.0,704.84,2985195
2024-10-07 00:00:00+05:30,708.72,711.8,686.4,694.64,2669308
2024-10-08 00:00:00+05:30,696.0,715.36,693.92,713.36,783661
2024-10-09 00:00:00+05:30,717.56,725.04,710.96,717.08,877855
2024-10-10 00:00:00+05:30,719.92,726.36,708.72,710.48,1414653
2024-10-11 00:00:00+05:30,713.16,719.28,706.12,715.12,1048949
2024-10-14 00:00:00+05:30,708.0,711.6,696.4,704.64,1769571
2024-10-15 00:00:00+05:30,707.48,711.92,700.4,711.16,951724
2024-10-16 00:00:00+05:30,708.0,711.96,705.24,708.64,520736
2024-10-17 00:00:00+05:30,711.2,711.2,692.8,695.12,1315921
2024-10-18 00:00:00+05:30,691.24,700.8,683.64,698.08,1790244
2024-10-21 00:00:00+05:30,698.4,700.76,676.08,680.2,1395798
2024-10-22 00:00:00+05:30,680.8,682.36,669.6,675.52,1844679
2024-10-23 00:00:00+05:30,676.76,681.36,653.6,655.92,2162044
2024-10-24 00:00:00+05:30,660.0,665.6,649.4,651.04,1151334
2024-10-25 00:00:00+05:30,654.36,655.84,624.44,636.24,1304271
2024-10-28 00:00:00+05:30,639.16,640.92,623.0,624.6,2192448
2024-10-29 00:00:00+05:30,629.52,649.6,625.92,647.2,1427244
2024-10-30 00:00:00+05:30,643.16,675.4,641.04,668.36,3536409
2024-10-31 00:00:00+05:30,668.76,682.4,668.76,677.68,2345190
2024-11-01 00:00:00+05:30,677.68,680.8,672.0,676.16,227219
2024-11-04 00:00:00+05:30,676.16,676.2,664.0,670.6,1666054
2024-11-05 00:00:00+05:30,664.48,672.0,648.04,669.48,2550069
2024-11-06 00:00:00+05:30,671.2,688.68,665.68,686.76,1334949
2024-11-07 00:00:00+05:30,690.92,694.4,677.44,679.0,956465
2024-11-08 00:00:00+05:30,682.0,682.0,657.6,661.92,1442743
2024-11-11 00:00:00+05:30,661.92,665.24,650.44,663.92,929205
2024-11-12 00:00:00+05:30,663.96,669.48,644.8,647.8,778126
2024-11-13 00:00:00+05:30,644.0,651.2,628.44,633.88,905203
2024-11-14 00:00:00+05:30,633.6,636.44,621.2,628.52,820796
2024-11-18 00:00:00+05:30,631.72,633.84,625.88,628.68,879354
2024-11-19 00:00:00+05:30,636.4,648.16,624.24,628.6,2543800
2024-11-21 00:00:00+05:30,628.6,628.6,605.8,615.96,1142040
2024-11-22 00:00:00+05:30,616.4,633.44,613.04,630.68,596239
2024-11-25 00:00:00+05:30,644.88,651.88,636.28,645.72,1426610
2024-11-26 00:00:00+05:30,645.72,650.24,638.08,639.44,559603
2024-11-27 00:00:00+05:30,643.56,652.76,639.44,647.12,1772801
2024-11-28 00:00:00+05:30,651.76,660.4,648.04,656.96,2557681
2024-11-29 00:00:00+05:30,656.96,664.76,656.96,662.68,1636858
2024-12-02 00:00:00+05:30,662.68,669.52,657.64,668.72,1108524
2024-12-03 00:00:00+05:30,671.92,676.4,668.88,671.88,1073521
2024-12-04 00:00:00+05:30,675.92,679.92,668.68,675.4,1617948
2024-12-05 00:00:00+05:30,679.92,681.48,671.6,677.72,1143093
2024-12-06 00:00:00+05:30,680.8,681.4,673.48,674.44,749381
2024-12-09 00:00:00+05:30,675.6,692.8,672.28,686.48,1971630
2024-12-10 00:00:00+05:30,691.16,691.16,679.2,681.32,2069429
2024-12-11 00:00:00+05:30,681.44,687.44,680.28,685.08,904025
2024-12-12 00:00:00+05:30,675.2,676.8,654.08,659.68,2410179
2024-12-13 00:00:00+05:30,658.4,663.48,650.2,660.44,1668288
2024-12-16 00:00:00+05:30,663.12,663.12,652.0,654.96,1193171
2024-12-17 00:00:00+05:30,655.92,659.16,644.0,645.0,936013
2024-12-18 00:00:00+05:30,644.88,648.28,635.6,638.88,616230
2024-12-19 00:00:00+05:30,632.0,637.48,624.0,631.04,744856
2024-12-20 00:00:00+05:30,632.04,636.0,612.04,614.36,1107346
2024-12-23 00:00:00+05:30,620.84,624.2,615.24,621.08,633520
2024-12-24 00:00:00+05:30,622.4,627.96,617.88,620.68,359539
2024-12-26 00:00:00+05:30,620.8,624.8,616.2,621.08,925919
2024-12-27 00:00:00+05:30,624.8,630.24,622.4,627.32,912276
2024-12-30 00:00:00+05:30,628.08,631.6,617.28,623.44,1687644
2024-12-31 00:00:00+05:30,623.44,633.88,618.4,630.4,699143
2025-01-01 00:00:00+05:30,629.6,632.32,620.4,623.44,553844
2025-01-02 00:00:00+05:30,627.2,632.0,620.52,631.76,450578
2025-01-03 00:00:00+05:30,631.76,636.32,626.4,628.64,900001
2025-01-06 00:00:00+05:30,628.92,629.56,602.88,610.88,1635488
2025-01-07 00:00:00+05:30,610.88,613.44,596.52,603.4,2139413
2025-01-08 00:00:00+05:30,604.4,608.4,596.16,605.4,1216713
2025-01-09 00:00:00+05:30,607.8,610.48,600.24,606.56,1583145
2025-01-10 00:00:00+05:30,608.0,608.0,590.6,600.2,2063566
2025-01-13 00:00:00+05:30,600.2,600.2,580.0,582.72,2143896
2025-01-14 00:00:00+05:30,582.8,611.8,582.8,609.4,1243673
2025-01-15 00:00:00+05:30,610.36,610.36,601.2,607.32,718683
2025-01-16 00:00:00+05:30,612.0,624.52,612.0,620.84,1302409
2025-01-17 00:00:00+05:30,621.6,626.32,616.96,617.96,2824970
2025-01-20 00:00:00+05:30,618.4,623.56,614.72,619.4,1548478
2025-01-21 00:00:00+05:30,620.0,622.32,601.6,604.72,1212150
2025-01-22 00:00:00+05:30,606.0,607.72,592.32,604.84,1320343
2025-01-23 00:00:00+05:30,604.6,620.56,600.0,617.8,601499
2025-01-24 00:00:00+05:30,620.8,621.08,600.8,603.48,817096
2025-01-27 00:00:00+05:30,601.64,601.68,584.6,589.56,1112760
2025-01-28 00:00:00+05:30,593.6,602.44,583.44,590.52,678616
2025-01-29 00:00:00+05:30,592.8,600.0,590.4,594.32,423264
2025-01-30 00:00:00+05:30,594.44,609.24,592.8,605.0,1727019
2025-01-31 00:00:00+05:30,585.6,628.8,563.64,624.08,5997065
2025-02-01 00:00:00+05:30,625.56,628.76,590.12,604.76,2052608
2025-02-03 00:00:00+05:30,603.2,603.2,571.4,576.04,1449951
2025-02-04 00:00:00+05:30,576.8,591.4,576.8,586.16,1345674
2025-02-05 00:00:00+05:30,587.12,596.8,587.12,592.24,1165215
2025-02-06 00:00:00+05:30,591.36,591.6,581.08,584.24,796905
2025-02-07 00:00:00+05:30,584.8,587.68,575.04,579.08,803970
2025-02-10 00:00:00+05:30,579.08,581.04,566.84,569.56,653316
2025-02-11 00:00:00+05:30,572.4,572.4,549.64,553.96,1076134
2025-02-12 00:00:00+05:30,554.08,559.92,535.84,552.92,1031160
2025-02-13 00:00:00+05:30,552.0,567.2,552.0,555.64,780903
2025-02-14 00:00:00+05:30,555.6,559.8,533.48,540.16,860523
2025-02-17 00:00:00+05:30,540.0,564.48,524.64,562.68,1834619
2025-02-18 00:00:00+05:30,562.68,563.12,538.72,543.04,1864910
2025-02-19 00:00:00+05:30,544.0,558.68,538.68,557.0,1329775
2025-02-20 00:00:00+05:30,556.8,560.64,550.52,552.72,1405503
2025-02-21 00:00:00+05:30,551.2,558.16,544.8,550.08,1009668
2025-02-24 00:00:00+05:30,544.0,545.6,534.64,541.04,873328
2025-02-25 00:00:00+05:30,540.0,544.8,537.2,540.76,921504
2025-02-27 00:00:00+05:30,539.2,542.64,522.16,530.04,2715185
2025-02-28 00:00:00+05:30,522.6,526.12,497.2,498.96,3432116
2025-03-03 00:00:00+05:30,501.04,506.16,481.0,502.92,2610459
2025-03-04 00:00:00+05:30,496.48,507.36,490.4,502.72,1390578
2025-03-05 00:00:00+05:30,502.72,532.0,502.08,530.2,1949023
2025-03-06 00:00:00+05:30,536.08,537.6,526.56,531.16,1051598
2025-03-07 00:00:00+05:30,529.6,541.36,521.32,525.32,1194379
2025-03-10 00:00:00+05:30,528.0,531.04,511.56,513.52,950041
2025-03-11 00:00:00+05:30,512.72,519.0,504.0,515.76,976270
2025-03-13 00:00:00+05:30,520.76,521.76,511.2,512.2,741345
2025-03-17 00:00:00+05:30,505.64,521.12,500.0,514.84,1197124
2025-03-18 00:00:00+05:30,516.08,533.52,516.08,530.44,1448894
2025-03-19 00:00:00+05:30,536.72,549.56,529.84,547.36,1593845
2025-03-20 00:00:00+05:30,550.44,551.52,538.24,540.72,1257168
2025-03-21 00:00:00+05:30,544.0,555.88,540.68,551.72,2646075
2025-03-24 00:00:00+05:30,558.4,575.2,555.96,572.76,2607210
2025-03-25 00:00:00+05:30,576.0,584.92,566.4,569.32,2384058
2025-03-26 00:00:00+05:30,569.6,571.16,547.2,549.48,2131180
2025-03-27 00:00:00+05:30,548.44,564.8,546.24,560.36,1836841
2025-03-28 00:00:00+05:30,561.6,565.6,548.96,553.28,2239614
2025-04-01 00:00:00+05:30,552.88,565.2,549.68,559.76,827260
2025-04-02 00:00:00+05:30,559.88,570.52,552.0,567.56,1237775
2025-04-03 00:00:00+05:30,556.96,574.36,556.96,571.6,911781
2025-04-04 00:00:00+05:30,565.6,569.84,546.08,550.0,1155534
2025-04-07 00:00:00+05:30,513.6,533.28,512.92,519.4,1783330
2025-04-08 00:00:00+05:30,531.84,540.24,525.64,538.24,1018348
2025-04-09 00:00:00+05:30,533.6,549.76,526.8,548.16,905948
2025-04-11 00:00:00+05:30,563.6,564.16,544.96,547.84,1410936
2025-04-15 00:00:00+05:30,551.2,558.72,544.24,556.84,1805353
2025-04-16 00:00:00+05:30,559.2,565.52,555.6,559.44,1578721
2025-04-17 00:00:00+05:30,558.92,562.28,552.0,559.32,1097135
2025-04-21 00:00:00+05:30,560.8,573.2,559.36,569.24,1367121
2025-04-22 00:00:00+05:30,573.44,573.44,566.4,568.08,886243
2025-04-23 00:00:00+05:30,569.6,573.2,559.36,570.76,1143393
2025-04-24 00:00:00+05:30,571.76,572.4,564.0,566.12,1030228
2025-04-25 00:00:00+05:30,570.0,571.96,540.0,543.0,1394455
2025-04-28 00:00:00+05:30,544.0,554.04,542.0,548.32,1031650
2025-04-29 00:00:00+05:30,552.48,557.52,548.36,549.64,670001
2025-04-30 00:00:00+05:30,550.4,555.0,534.48,538.96,2098239
2025-05-02 00:00:00+05:30,539.56,548.0,539.04,544.6,1402541
2025-05-05 00:00:00+05:30,548.0,556.0,545.64,552.32,658440
2025-05-06 00:00:00+05:30,555.52,555.84,537.6,539.08,899170
2025-05-07 00:00:00+05:30,536.8,547.12,534.56,543.6,620273
2025-05-08 00:00:00+05:30,546.72,547.2,520.48,525.92,885470
2025-05-09 00:00:00+05:30,516.24,527.32,516.24,518.92,1156786
2025-05-12 00:00:00+05:30,536.08,552.76,534.4,550.6,1462391
2025-05-13 00:00:00+05:30,550.96,561.52,550.4,551.52,1731709
2025-05-14 00:00:00+05:30,552.84,562.76,549.04,549.88,3363720
2025-05-15 00:00:00+05:30,554.08,558.96,550.2,552.2,3109619
2025-05-16 00:00:00+05:30,557.36,587.2,551.64,584.4,13631936
2025-05-19 00:00:00+05:30,590.36,605.08,581.2,597.56,6468108
2025-05-20 00:00:00+05:30,605.2,606.32,579.24,581.56,3250118
2025-05-21 00:00:00+05:30,583.2,589.16,576.8,585.24,1493319
2025-05-22 00:00:00+05:30,585.6,591.72,579.84,590.36,3364851
2025-05-23 00:00:00+05:30,576.0,579.48,566.56,576.72,5305416
2025-05-26 00:00:00+05:30,579.56,596.48,577.64,593.92,5064575
2025-05-27 00:00:00+05:30,594.8,617.16,589.48,614.96,6300578
2025-05-28 00:00:00+05:30,617.52,626.96,609.6,622.48,6247990
2025-05-29 00:00:00+05:30,622.28,632.8,616.08,628.76,4336315
2025-05-30 00:00:00+05:30,628.8,632.32,619.28,627.52,3498486
2025-06-02 00:00:00+05:30,627.48,627.52,620.0,622.48,1240529
2025-06-03 00:00:00+05:30,624.0,637.64,620.04,628.72,2798213
2025-06-04 00:00:00+05:30,631.2,646.0,622.68,644.0,3847684
2025-06-05 00:00:00+05:30,649.48,652.04,641.28,643.4,2363236
2025-06-06 00:00:00+05:30,644.0,650.64,641.52,647.6,1869503
2025-06-09 00:00:00+05:30,648.4,650.72,638.52,640.8,1239700
2025-06-10 00:00:00+05:30,644.0,646.8,638.44,639.96,854338
2025-06-11 00:00:00+05:30,640.04,645.52,627.6,631.56,948675
2025-06-12 00:00:00+05:30,632.76,634.56,616.12,618.08,1751188
2025-06-13 00:00:00+05:30,603.16,615.84,601.64,609.16,794976
2025-06-16 00:00:00+05:30,607.2,613.96,600.28,611.68,783901
2025-06-17 00:00:00+05:30,611.68,613.48,598.64,600.6,641054
2025-06-18 00:00:00+05:30,599.2,606.4,595.16,596.6,579194
2025-06-19 00:00:00+05:30,598.0,598.0,580.4,582.36,981611
2025-06-20 00:00:00+05:30,585.28,592.32,582.4,590.6,1485638
2025-06-23 00:00:00+05:30,590.32,591.96,583.4,588.28,1208824
2025-06-24 00:00:00+05:30,596.8,604.0,593.6,596.2,1270138
2025-06-25 00:00:00+05:30,601.6,607.28,597.92,604.92,1274791
2025-06-26 00:00:00+05:30,608.32,609.56,595.96,603.36,2299379
2025-06-27 00:00:00+05:30,605.96,611.12,603.36,605.08,1684008
2025-06-30 00:00:00+05:30,608.12,612.36,605.8,607.84,1872849
2025-07-01 00:00:00+05:30,611.2,611.92,595.2,596.6,1931575
2025-07-02 00:00:00+05:30,598.4,601.6,590.0,595.4,1473655
2025-07-03 00:00:00+05:30,598.4,602.92,594.44,596.2,1777153
2025-07-04 00:00:00+05:30,597.0,606.5,595.0,599.65,2351859
2025-07-07 00:00:00+05:30,602.0,602.45,590.05,597.15,1577967
2025-07-08 00:00:00+05:30,593.05,601.5,588.1,598.35,1238893
2025-07-09 00:00:00+05:30,598.35,616.5,594.85,615.35,2743583
2025-07-10 00:00:00+05:30,618.0,629.2,615.45,627.85,2800958
2025-07-11 00:00:00+05:30,627.85,627.9,613.5,614.95,765764
2025-07-14 00:00:00+05:30,614.25,621.45,610.65,615.55,880400
2025-07-15 00:00:00+05:30,616.45,623.95,614.0,619.8,1157630
2025-07-16 00:00:00+05:30,621.0,625.0,618.25,619.9,1180059
2025-07-17 00:00:00+05:30,623.0,623.0,617.9,621.05,523413
2025-07-18 00:00:00+05:30,622.6,625.0,610.05,613.25,1099595
2025-07-21 00:00:00+05:30,613.25,615.6,606.1,613.45,486223
2025-07-22 00:00:00+05:30,616.0,617.0,605.25,607.5,590163
2025-07-23 00:00:00+05:30,609.0,611.4,603.75,609.35,516705
2025-07-24 00:00:00+05:30,610.95,612.0,604.5,606.05,500417
2025-07-25 00:00:00+05:30,604.0,607.75,596.05,598.7,759608
2025-07-28 00:00:00+05:30,595.0,601.8,588.85,590.9,473659
2025-07-29 00:00:00+05:30,587.9,593.65,586.5,592.05,517700
2025-07-30 00:00:00+05:30,593.0,598.85,583.45,585.15,1292143
2025-07-31 00:00:00+05:30,578.9,584.1,576.2,578.2,1017629
2025-08-01 00:00:00+05:30,578.15,581.95,570.6,573.6,1111636
2025-08-04 00:00:00+05:30,573.6,583.25,571.0,581.75,890380
2025-08-05 00:00:00+05:30,579.0,583.25,575.25,578.9,685480
2025-08-06 00:00:00+05:30,583.0,583.0,553.0,554.8,2817013
2025-08-07 00:00:00+05:30,550.25,556.95,529.2,553.6,5497402
2025-08-08 00:00:00+05:30,554.15,564.8,551.55,556.65,1821561
2025-08-11 00:00:00+05:30,556.55,556.55,543.15,545.3,1798513
2025-08-12 00:00:00+05:30,545.0,548.7,540.1,541.55,1247870
2025-08-13 00:00:00+05:30,542.0,545.0,536.9,541.55,894246
2025-08-14 00:00:00+05:30,541.55,542.0,531.1,531.8,1253153
2025-08-18 00:00:00+05:30,535.15,541.0,534.1,537.8,612703
2025-08-19 00:00:00+05:30,540.0,556.0,538.6,555.0,1151826
2025-08-20 00:00:00+05:30,556.35,560.85,552.55,557.5,679269
2025-08-21 00:00:00+05:30,560.0,560.25,552.55,553.2,399982
2025-08-22 00:00:00+05:30,553.2,556.95,546.9,547.9,540301
2025-08-25 00:00:00+05:30,547.95,550.55,543.0,544.4,588259
2025-08-26 00:00:00+05:30,544.95,544.95,527.5,528.45,1774116
2025-08-28 00:00:00+05:30,528.0,531.4,521.7,528.85,2055711
2025-08-29 00:00:00+05:30,531.25,533.9,526.25,527.35,826127
2025-09-01 00:00:00+05:30,530.0,541.05,528.6,539.55,515078
2025-09-02 00:00:00+05:30,540.95,549.95,540.95,544.8,538311
2025-09-03 00:00:00+05:30,546.0,549.75,544.2,548.8,320970
2025-09-04 00:00:00+05:30,554.0,554.0,539.0,541.6,581973
2025-09-05 00:00:00+05:30,544.3,548.45,537.1,542.25,600344
2025-09-08 00:00:00+05:30,546.8,553.8,543.9,546.45,648461
2025-09-09 00:00:00+05:30,548.95,549.0,539.7,541.55,673622
2025-09-10 00:00:00+05:30,544.05,547.4,540.9,544.95,1146430
2025-09-11 00:00:00+05:30,545.0,554.4,544.25,550.0,1512609
2025-09-12 00:00:00+05:30,552.55,555.85,548.85,550.05,1994357
2025-09-15 00:00:00+05:30,551.9,562.9,549.9,556.0,5468449
2025-09-16 00:00:00+05:30,558.0,569.8,556.5,564.15,1769006
2025-09-17 00:00:00+05:30,568.0,568.0,559.0,562.25,600086
2025-09-18 00:00:00+05:30,564.85,564.95,556.0,561.1,527563
2025-09-19 00:00:00+05:30,561.05,562.65,552.85,553.75,2306017
2025-09-22 00:00:00+05:30,553.75,560.7,549.25,550.15,1119228
2025-09-23 00:00:00+05:30,552.7,552.7,542.5,543.75,1229127
2025-09-24 00:00:00+05:30,543.0,545.65,529.2,530.8,1471214
2025-09-25 00:00:00+05:30,531.0,537.85,528.3,529.75,3293461
2025-09-26 00:00:00+05:30,530.4,533.85,523.4,524.8,2785713
2025-09-29 00:00:00+05:30,527.2,528.6,520.65,523.3,3106751
2025-09-30 00:00:00+05:30,527.0,527.8,521.0,525.8,1831698
2025-10-01 00:00:00+05:30,527.0,528.95,523.8,526.55,681430
2025-10-03 00:00:00+05:30,526.55,534.25,525.5,533.5,809047
2025-10-06 00:00:00+05:30,538.3,540.05,529.25,532.15,624403
2025-10-07 00:00:00+05:30,532.5,534.45,529.25,532.45,476724
2025-10-08 00:00:00+05:30,536.0,539.95,527.0,528.25,1021269
2025-10-09 00:00:00+05:30,536.0,540.8,531.25,537.75,1857808
2025-10-10 00:00:00+05:30,539.0,544.6,536.3,541.4,1159952
2025-10-13 00:00:00+05:30,541.0,541.4,528.25,530.95,910653
2025-10-14 00:00:00+05:30,532.0,533.05,524.5,527.25,902886
2025-10-15 00:00:00+05:30,528.2,531.25,526.4,529.95,728004
2025-10-16 00:00:00+05:30,530.5,535.75,530.05,534.1,533630
2025-10-17 00:00:00+05:30,535.0,535.0,525.7,529.5,699709
2025-10-20 00:00:00+05:30,532.0,537.2,530.35,533.8,615756
2025-10-21 00:00:00+05:30,536.05,536.65,533.1,534.1,111400
2025-10-23 00:00:00+05:30,537.0,539.25,533.55,534.75,548423
2025-10-24 00:00:00+05:30,535.45,542.5,535.45,536.9,1135433
2025-10-27 00:00:00+05:30,538.5,544.0,537.0,540.75,643617
2025-10-28 00:00:00+05:30,542.0,543.2,536.65,541.2,2511759
2025-10-29 00:00:00+05:30,542.0,555.9,537.1,553.85,1653604
2025-10-30 00:00:00+05:30,557.0,557.0,548.1,549.6,1211602
2025-10-31 00:00:00+05:30,550.0,550.8,544.1,545.25,777245
2025-11-03 00:00:00+05:30,545.55,553.0,544.25,549.85,639776
2025-11-04 00:00:00+05:30,549.85,551.0,539.35,542.5,711007
2025-11-06 00:00:00+05:30,541.8,541.8,518.0,519.35,4558191
2025-11-07 00:00:00+05:30,519.55,523.5,515.8,521.7,1513467
2025-11-10 00:00:00+05:30,525.9,526.55,520.35,521.35,1023573
2025-11-11 00:00:00+05:30,522.1,524.1,515.85,522.9,3241835
2025-11-12 00:00:00+05:30,530.0,538.5,524.7,530.45,4975992
2025-11-13 00:00:00+05:30,534.05,534.85,522.8,523.9,861847
2025-11-14 00:00:00+05:30,525.0,525.0,516.55,518.85,1470642
2025-11-17 00:00:00+05:30,518.85,521.95,517.1,518.15,1443272
2025-11-18 00:00:00+05:30,518.15,526.0,512.0,522.6,3630058
2025-11-19 00:00:00+05:30,525.4,528.4,516.0,517.55,1589480
2025-11-20 00:00:00+05:30,519.9,519.9,513.4,515.4,3145380
2025-11-21 00:00:00+05:30,515.35,519.35,510.0,511.2,3148760
2025-11-24 00:00:00+05:30,511.45,519.45,507.45,514.95,36866483
2025-11-25 00:00:00+05:30,513.5,518.45,510.5,512.5,1781603
2025-11-26 00:00:00+05:30,513.5,523.9,512.7,518.6,1680398
2025-11-27 00:00:00+05:30,518.65,520.45,513.0,514.05,846809
2025-11-28 00:00:00+05:30,515.0,515.9,510.3,511.25,599724
2025-12-01 00:00:00+05:30,513.1,513.8,504.3,505.8,1280746
2025-12-02 00:00:00+05:30,504.3,506.8,502.45,503.4,2726576
2025-12-03 00:00:00+05:30,504.0,508.95,500.4,506.5,1477035
2025-12-04 00:00:00+05:30,506.5,515.1,506.45,512.7,1718268
2025-12-05 00:00:00+05:30,510.5,514.35,507.1,511.05,2120474
2025-12-08 00:00:00+05:30,508.25,511.2,497.0,500.15,2824676
2025-12-09 00:00:00+05:30,498.0,509.5,493.35,505.65,2303371
2025-12-10 00:00:00+05:30,505.6,513.0,501.45,503.25,954403
2025-12-11 00:00:00+05:30,505.0,508.0,501.85,505.95,594838
2025-12-12 00:00:00+05:30,507.9,507.9,498.55,505.5,1402759
2025-12-15 00:00:00+05:30,506.0,506.0,501.55,503.0,381813
2025-12-16 00:00:00+05:30,502.75,503.4,497.6,499.6,1094602
2025-12-17 00:00:00+05:30,499.0,502.2,495.0,496.35,642928
2025-12-18 00:00:00+05:30,496.35,499.4,490.55,498.25,1027471
2025-12-19 00:00:00+05:30,500.4,502.4,496.1,501.35,656526
2025-12-22 00:00:00+05:30,503.0,509.7,501.85,508.4,544519
2025-12-23 00:00:00+05:30,510.7,517.0,506.9,512.6,943869
2025-12-24 00:00:00+05:30,515.05,515.3,506.75,508.6,476260
2025-12-26 00:00:00+05:30,509.05,523.0,507.85,520.3,2498657
2025-12-29 00:00:00+05:30,524.9,524.9,514.95,519.95,3004989
2025-12-30 00:00:00+05:30,520.25,522.75,514.25,519.0,2922482
2025-12-31 00:00:00+05:30,518.0,527.5,517.35,524.95,1086995
2026-01-01 00:00:00+05:30,527.55,529.0,521.9,524.25,515680
2026-01-02 00:00:00+05:30,526.65,532.7,523.65,531.8,959087
2026-01-05 00:00:00+05:30,532.5,534.0,523.05,528.35,1215043
2026-01-06 00:00:00+05:30,529.0,531.05,525.25,529.95,1296041
2026-01-07 00:00:00+05:30,528.0,534.0,527.5,532.8,900391
2026-01-08 00:00:00+05:30,532.7,533.85,515.1,518.5,1249186
2026-01-09 00:00:00+05:30,516.0,521.75,510.35,513.05,1180695
2026-01-12 00:00:00+05:30,510.0,514.6,504.45,513.05,1101529
2026-01-13 00:00:00+05:30,514.4,520.0,511.05,517.5,945349
2026-01-14 00:00:00+05:30,517.65,521.1,512.6,519.5,1234098
2026-01-16 00:00:00+05:30,519.5,524.0,516.65,519.7,899884
2026-01-19 00:00:00+05:30,518.0,521.05,512.8,514.9,341171
2026-01-20 00:00:00+05:30,514.9,515.35,495.05,497.85,1509115
2026-01-21 00:00:00+05:30,498.0,500.3,485.65,496.15,1551150
2026-01-22 00:00:00+05:30,498.05,506.45,493.35,494.35,2130796
2026-01-23 00:00:00+05:30,495.95,497.85,478.0,479.75,2067105
2026-01-27 00:00:00+05:30,481.0,487.95,472.75,485.35,1625304
2026-01-28 00:00:00+05:30,484.9,497.75,484.0,496.35,2045216
2026-01-29 00:00:00+05:30,499.5,503.5,492.95,500.6,829501
2026-01-30 00:00:00+05:30,490.6,506.95,486.4,502.25,2721298
2026-02-01 00:00:00+05:30,505.0,524.6,485.85,505.35,3819145
2026-02-02 00:00:00+05:30,505.0,513.05,496.5,507.85,1356715
2026-02-03 00:00:00+05:30,530.0,538.95,519.15,527.9,2317632
2026-02-04 00:00:00+05:30,529.95,529.95,521.4,527.15,938863
2026-02-05 00:00:00+05:30,528.4,528.4,517.2,522.05,1789564
2026-02-06 00:00:00+05:30,519.65,519.65,506.05,509.5,2087933
2026-02-09 00:00:00+05:30,515.0,516.15,508.25,513.6,788634
2026-02-10 00:00:00+05:30,512.1,522.3,512.1,513.6,1721935
2026-02-11 00:00:00+05:30,515.1,516.85,510.15,515.15,678384
2026-02-12 00:00:00+05:30,513.45,514.5,504.3,506.85,656800
2026-02-13 00:00:00+05:30,503.0,503.9,497.0,498.3,588653
2026-02-16 00:00:00+05:30,497.0,504.65,494.0,503.75,321857
2026-02-17 00:00:00+05:30,501.8,511.9,501.6,505.5,849521
2026-02-18 00:00:00+05:30,505.55,508.45,501.5,506.55,862450
2026-02-19 00:00:00+05:30,507.5,509.55,501.1,505.75,1396400
2026-02-20 00:00:00+05:30,503.5,506.65,501.4,503.0,500149
2026-02-23 00:00:00+05:30,505.0,512.45,504.0,507.05,676014
2026-02-24 00:00:00+05:30,507.05,507.2,498.8,505.5,907856
2026-02-25 00:00:00+05:30,506.0,507.6,498.7,500.7,837478
2026-02-26 00:00:00+05:30,501.05,502.6,496.0,499.85,455187
2026-02-27 00:00:00+05:30,499.0,501.3,490.5,495.65,1765303
2026-03-02 00:00:00+05:30,488.95,489.1,474.75,479.0,1656198
2026-03-04 00:00:00+05:30,472.0,473.95,460.45,462.2,2452543
2026-03-05 00:00:00+05:30,463.45,482.0,459.2,479.95,1631195
2026-03-06 00:00:00+05:30,479.0,489.0,476.2,479.75,972797
2026-03-09 00:00:00+05:30,470.0,475.7,461.0,473.75,1490001
2026-03-10 00:00:00+05:30,479.0,479.75,468.45,472.8,1298211
2026-03-11 00:00:00+05:30,476.0,482.75,468.0,470.45,1698903
2026-03-12 00:00:00+05:30,468.5,471.2,458.45,467.15,3982340
2026-03-13 00:00:00+05:30,465.0,466.1,452.0,453.4,1590961
2026-03-16 00:00:00+05:30,453.6,457.5,443.5,454.3,2268253
2026-03-17 00:00:00+05:30,458.0,458.0,450.1,452.4,1178095
2026-03-18 00:00:00+05:30,455.0,463.9,452.55,458.85,3362845
2026-03-19 00:00:00+05:30,454.0,454.95,438.4,440.65,1517788
2026-03-20 00:00:00+05:30,443.9,453.95,443.55,447.3,1689715
2026-03-23 00:00:00+05:30,442.95,442.95,421.45,423.75,2538797
2026-03-24 00:00:00+05:30,435.0,439.0,423.4,433.1,2423789
2026-03-25 00:00:00+05:30,443.0,450.55,435.7,445.15,1469610
2026-03-27 00:00:00+05:30,441.0,442.75,432.85,438.2,2067540
2026-03-30 00:00:00+05:30,431.95,434.2,423.5,425.3,3050426
2026-04-01 00:00:00+05:30,437.95,452.55,434.0,444.55,1113085
2026-04-02 00:00:00+05:30,438.0,441.0,429.0,439.25,1378288
2026-04-06 00:00:00+05:30,441.65,453.0,435.8,450.45,1590046
2026-04-07 00:00:00+05:30,449.8,454.95,443.3,453.6,1360169
2026-04-08 00:00:00+05:30,465.0,475.0,464.5,473.7,1435680
2026-04-09 00:00:00+05:30,473.7,483.4,463.85,482.25,1905747
2026-04-10 00:00:00+05:30,485.7,490.85,479.2,483.7,1714106
2026-04-13 00:00:00+05:30,476.1,482.65,467.5,481.55,743371
2026-04-15 00:00:00+05:30,486.2,492.4,484.85,489.2,1349136
2026-04-16 00:00:00+05:30,496.85,505.0,490.1,502.25,2409864
2026-04-17 00:00:00+05:30,505.0,511.85,499.85,503.1,1669379
2026-04-20 00:00:00+05:30,506.05,509.0,498.55,501.05,1272469
2026-04-21 00:00:00+05:30,501.75,510.95,501.75,504.2,909766
2026-04-22 00:00:00+05:30,502.5,517.5,502.0,515.7,1252575
2026-04-23 00:00:00+05:30,516.0,516.9,502.3,505.05,1041939
2026-04-24 00:00:00+05:30,505.05,506.9,499.05,502.8,1012434
2026-04-27 00:00:00+05:30,505.15,521.8,505.15,514.2,2167552
2026-04-28 00:00:00+05:30,517.0,519.15,508.8,510.5,1034888
2026-04-29 00:00:00+05:30,514.0,521.95,508.5,514.6,1348894
2026-04-30 00:00:00+05:30,510.6,512.05,506.0,508.85,1678788
2026-05-04 00:00:00+05:30,509.5,519.9,509.5,516.35,580558
2026-05-05 00:00:00+05:30,516.45,521.0,512.9,518.05,591189
2026-05-06 00:00:00+05:30,522.0,527.0,518.1,524.2,952579
2026-05-07 00:00:00+05:30,527.0,528.9,523.0,526.7,1033035
2026-05-08 00:00:00+05:30,526.65,537.0,524.25,534.75,1130482
2026-05-11 00:00:00+05:30,535.75,535.75,528.05,530.0,1278998
2026-05-12 00:00:00+05:30,527.35,529.65,511.6,516.0,3366124
2026-05-13 00:00:00+05:30,512.6,525.35,512.6,519.85,1928354
2026-05-14 00:00:00+05:30,522.35,527.75,517.95,522.95,716091
2026-05-15 00:00:00+05:30,527.0,527.85,516.5,518.8,498510
2026-05-18 00:00:00+05:30,513.0,513.35,499.3,501.95,1078736
2026-05-19 00:00:00+05:30,501.95,510.7,501.0,505.6,519504
2026-05-20 00:00:00+05:30,500.5,507.6,493.0,504.15,1240036
2026-05-21 00:00:00+05:30,506.65,510.5,497.5,505.9,2978741
2026-05-22 00:00:00+05:30,507.45,511.15,505.0,505.9,643269
2026-05-25 00:00:00+05:30,509.0,513.5,506.9,512.05,720289
2026-05-26 00:00:00+05:30,490.8,494.9,472.6,475.9,9180116
2026-05-27 00:00:00+05:30,480.5,480.85,470.3,472.3,3621683
2026-05-29 00:00:00+05:30,472.95,477.65,460.15,463.65,2702698
2026-06-01 00:00:00+05:30,465.1,469.9,457.0,464.1,1343567
2026-06-02 00:00:00+05:30,461.95,464.15,455.5,459.45,1147202
2026-06-03 00:00:00+05:30,461.0,461.9,446.0,451.9,1889989
2026-06-04 00:00:00+05:30,451.9,455.25,448.2,454.35,1542940
2026-06-05 00:00:00+05:30,452.55,457.8,446.8,450.95,1855533
2026-06-08 00:00:00+05:30,447.0,447.95,441.8,445.35,1358236
2026-06-09 00:00:00+05:30,446.9,453.95,444.75,452.95,1217998
2026-06-10 00:00:00+05:30,454.0,454.2,442.8,445.5,1089181
2026-06-11 00:00:00+05:30,442.8,443.9,437.45,440.25,1235614
2026-06-12 00:00:00+05:30,444.0,451.35,438.6,450.2,1777288
2026-06-15 00:00:00+05:30,456.05,463.7,456.05,459.35,1704181
2026-06-16 00:00:00+05:30,461.9,466.05,454.1,463.35,1774689
2026-06-17 00:00:00+05:30,467.85,468.5,462.55,467.0,785113
2026-06-18 00:00:00+05:30,468.4,469.05,463.5,467.15,610678
2026-06-19 00:00:00+05:30,465.45,472.75,462.75,471.75,1684768
2026-06-22 00:00:00+05:30,476.0,476.8,471.75,473.65,1587379
2026-06-23 00:00:00+05:30,474.0,484.65,472.0,479.25,2396783
2026-06-24 00:00:00+05:30,477.0,477.9,468.45,473.95,695603
2026-06-25 00:00:00+05:30,475.95,481.0,468.8,469.8,1403942
2026-06-29 00:00:00+05:30,468.65,474.2,465.45,471.0,1503227
2026-06-30 00:00:00+05:30,473.0,478.95,468.35,475.25,1229797
2026-07-01 00:00:00+05:30,475.25,482.35,473.8,480.25,786234
2026-07-02 00:00:00+05:30,484.9,484.9,476.05,477.45,2060994
2026-07-03 00:00:00+05:30,480.0,491.05,477.2,488.2,6696249
2026-07-06 00:00:00+05:30,490.0,491.0,479.55,481.3,2424967
2026-07-07 00:00:00+05:30,484.0,484.0,470.55,472.75,723775
2026-07-08 00:00:00+05:30,469.0,470.0,448.45,451.4,1718940
2026-07-09 00:00:00+05:30,452.05,460.2,452.05,457.1,511426
2026-07-10 00:00:00+05:30,462.0,470.55,461.65,463.75,2960717
2026-07-13 00:00:00+05:30,460.9,470.4,456.2,463.95,3105163
2026-07-14 00:00:00+05:30,468.1,496.0,468.1,493.15,14171169
2026-07-15 00:00:00+05:30,493.0,496.9,488.75,492.9,2000945
2026-07-16 00:00:00+05:30,492.0,494.7,485.35,490.3,912852
2026-07-17 00:00:00+05:30,492.0,492.0,484.35,486.9,449962
2026-07-20 00:00:00+05:30,490.0,500.0,485.05,499.0,1904746
2026-07-21 00:00:00+05:30,499.0,499.0,490.0,491.65,918729
2026-07-22 00:00:00+05:30,489.0,492.0,478.2,481.4,905534
2026-07-23 00:00:00+05:30,484.0,487.85,477.7,480.5,840000
2026-07-24 00:00:00+05:30,478.9,484.2,474.4,477.55,579577
2026-07-27 00:00:00+05:30,470.0,515.3,469.95,510.5,13227175
2026-07-28 00:00:00+05:30,514.5,527.95,511.7,522.4,7636437
2026-07-29 00:00:00+05:30,525.0,530.5,523.05,525.85,1843068
2026-07-30 00:00:00+05:30,525.85,529.95,522.25,525.15,1129654
2026-07-31 00:00:00+05:30,527.7,528.95,520.85,525.5,1280939
2026-08-03 00:00:00+05:30,527.0,531.7,522.5,525.0,1928428
2026-08-04 00:00:00+05:30,526.05,526.1,514.0,515.0,1523968
2026-08-05 00:00:00+05:30,519.95,528.6,516.35,516.35,1688051
2026-08-06 00:00:00+05:30,519.0,522.0,510.0,512.0,788586
2026-08-07 00:00:00+05:30,510.15,513.9,505.2,505.2,892002
2026-08-10 00:00:00+05:30,507.0,507.4,498.25,501.9,2519164
2026-08-11 00:00:00+05:30,501.9,512.0,498.75,512.0,1100404
2026-08-12 00:00:00+05:30,515.0,523.8,510.4,512.05,2354296
2026-08-13 00:00:00+05:30,514.65,535.5,513.7,533.65,4783981
2026-08-14 00:00:00+05:30,535.0,543.7,527.0,527.0,2639193
2026-08-17 00:00:00+05:30,530.0,530.0,518.3,524.5,583809
2026-08-18 00:00:00+05:30,524.5,524.85,517.55,518.25,419489
2026-08-19 00:00:00+05:30,518.55,519.65,511.55,514.35,724297
2026-08-20 00:00:00+05:30,517.2,524.4,513.8,519.0,696568
2026-08-21 00:00:00+05:30,523.0,523.0,512.15,515.05,506883
