datetime,open,high,low,close,volume
2011-08-24 00:00:00+05:30,34.98,35.85,34.5,35.49,6284389
2011-08-25 00:00:00+05:30,35.29,35.77,34.33,34.95,3508639
2011-08-26 00:00:00+05:30,35.6,35.6,32.7,33.39,2358689
2011-08-29 00:00:00+05:30,33.74,35.49,33.52,35.07,1956759
2011-08-30 00:00:00+05:30,35.5,37.35,35.5,37.11,6664139
2011-09-02 00:00:00+05:30,37.15,37.5,36.31,36.65,3924729
2011-09-05 00:00:00+05:30,36.13,38.7,36.02,38.52,6541129
2011-09-06 00:00:00+05:30,37.75,38.57,37.09,37.35,5186829
2011-09-07 00:00:00+05:30,37.3,37.99,37.29,37.63,3827809
2011-09-08 00:00:00+05:30,38.48,38.88,37.14,38.27,6186829
2011-09-09 00:00:00+05:30,38.5,39.76,38.31,38.55,6522119
2011-09-12 00:00:00+05:30,38.0,38.0,36.5,36.67,2322459
2011-09-13 00:00:00+05:30,36.92,37.65,36.05,36.46,1847839
2011-09-14 00:00:00+05:30,36.51,37.2,36.1,36.93,1588459
2011-09-15 00:00:00+05:30,37.42,37.84,36.66,37.31,2044759
2011-09-16 00:00:00+05:30,37.4,37.95,36.64,37.14,4405239
2011-09-19 00:00:00+05:30,36.54,37.4,36.54,36.88,1263839
2011-09-20 00:00:00+05:30,36.81,37.99,36.8,37.72,2166979
2011-09-21 00:00:00+05:30,37.85,38.3,37.44,37.67,2874139
2011-09-22 00:00:00+05:30,37.13,37.15,35.75,36.19,3454819
2011-09-23 00:00:00+05:30,35.51,36.8,35.24,35.98,2269849
2011-09-26 00:00:00+05:30,35.03,36.3,35.03,35.78,2524399
2011-09-27 00:00:00+05:30,35.8,37.72,35.8,37.48,3252239
2011-09-28 00:00:00+05:30,37.48,37.72,36.55,36.95,6093189
2011-09-29 00:00:00+05:30,36.54,37.39,36.11,36.83,1962249
2011-09-30 00:00:00+05:30,36.91,37.39,36.15,36.82,2047479
2011-10-03 00:00:00+05:30,36.39,36.39,35.5,35.93,2476329
2011-10-04 00:00:00+05:30,35.9,36.79,34.56,34.87,2561209
2011-10-05 00:00:00+05:30,35.29,35.48,34.04,34.19,4146969
2011-10-07 00:00:00+05:30,34.04,35.98,34.04,35.16,1592079
2011-10-10 00:00:00+05:30,35.45,36.49,35.2,36.29,3212619
2011-10-11 00:00:00+05:30,37.26,37.26,36.3,36.92,3446079
2011-10-12 00:00:00+05:30,36.92,38.5,36.79,37.84,1833969
2011-10-13 00:00:00+05:30,38.3,40.38,37.84,38.75,2884059
2011-10-14 00:00:00+05:30,38.75,39.04,37.5,38.74,1894179
2011-10-17 00:00:00+05:30,39.19,39.68,38.33,38.54,1520249
2011-10-18 00:00:00+05:30,38.1,38.19,37.41,37.64,2000129
2011-10-19 00:00:00+05:30,37.61,39.38,37.61,39.1,1378169
2011-10-20 00:00:00+05:30,38.55,39.82,38.4,39.58,1965659
2011-10-21 00:00:00+05:30,39.79,40.18,38.21,38.33,2586179
2011-10-24 00:00:00+05:30,39.99,40.1,38.14,38.48,5597049
2011-10-25 00:00:00+05:30,38.69,39.4,38.53,38.98,9125359
2011-10-26 00:00:00+05:30,39.3,39.47,39.11,39.35,235489
2011-10-28 00:00:00+05:30,39.74,41.5,39.74,41.17,5168359
2011-10-31 00:00:00+05:30,41.35,41.7,40.73,41.55,4113389
2011-11-01 00:00:00+05:30,41.2,41.8,40.92,41.49,3775749
2011-11-02 00:00:00+05:30,41.0,41.6,40.86,41.14,1159609
2011-11-03 00:00:00+05:30,41.06,41.59,41.05,41.41,1388489
2011-11-04 00:00:00+05:30,41.69,42.23,41.63,41.83,1588219
2011-11-08 00:00:00+05:30,42.0,42.17,41.04,41.28,1601739
2011-11-09 00:00:00+05:30,40.7,41.5,40.1,40.25,2068329
2011-11-11 00:00:00+05:30,39.63,40.34,39.35,40.17,2186749
2011-11-14 00:00:00+05:30,40.23,40.67,38.67,39.07,1147579
2011-11-15 00:00:00+05:30,38.69,38.9,37.31,37.81,2679559
2011-11-16 00:00:00+05:30,37.51,39.0,37.04,38.41,4411699
2011-11-17 00:00:00+05:30,38.5,39.01,38.28,38.53,1360029
2011-11-18 00:00:00+05:30,38.01,38.19,37.33,37.59,4641259
2011-11-21 00:00:00+05:30,36.5,37.73,35.52,35.9,4392779
2011-11-22 00:00:00+05:30,35.82,35.96,34.81,35.06,7882739
2011-11-23 00:00:00+05:30,35.06,35.26,33.76,34.02,7092599
2011-11-24 00:00:00+05:30,34.2,35.86,33.22,35.44,4759549
2011-11-25 00:00:00+05:30,35.41,36.05,34.61,35.12,2623449
2011-11-28 00:00:00+05:30,36.0,36.45,35.55,36.25,982829
2011-11-29 00:00:00+05:30,36.51,36.8,35.51,35.79,1108329
2011-11-30 00:00:00+05:30,35.65,36.57,35.04,35.81,4627609
2011-12-01 00:00:00+05:30,36.84,37.2,34.27,36.51,2109779
2011-12-02 00:00:00+05:30,36.3,40.1,36.14,39.64,5955269
2011-12-05 00:00:00+05:30,39.97,39.97,38.73,39.66,11386269
2011-12-07 00:00:00+05:30,39.8,40.6,39.24,39.68,2610539
2011-12-08 00:00:00+05:30,39.47,39.84,38.57,39.49,9279749
2011-12-09 00:00:00+05:30,38.2,39.35,38.2,38.9,8822259
2011-12-12 00:00:00+05:30,39.0,39.59,38.11,38.33,3991779
2011-12-13 00:00:00+05:30,38.0,38.1,37.32,37.8,10609669
2011-12-14 00:00:00+05:30,37.8,38.5,37.03,37.15,6336279
2011-12-15 00:00:00+05:30,37.0,37.86,36.5,37.66,2059569
2011-12-16 00:00:00+05:30,37.95,38.38,37.03,37.56,6103749
2011-12-19 00:00:00+05:30,37.2,37.3,34.71,35.98,14954889
2011-12-20 00:00:00+05:30,36.0,36.36,35.06,35.22,5791969
2011-12-21 00:00:00+05:30,36.01,36.3,35.21,35.86,3467479
2011-12-22 00:00:00+05:30,35.62,36.2,35.24,35.9,4216269
2011-12-23 00:00:00+05:30,36.3,36.4,35.0,35.21,2197629
2011-12-26 00:00:00+05:30,35.33,35.76,35.03,35.1,1986839
2011-12-27 00:00:00+05:30,34.9,35.16,33.45,33.68,2330949
2011-12-28 00:00:00+05:30,33.75,33.75,32.23,32.7,8630349
2011-12-29 00:00:00+05:30,33.19,33.39,32.3,33.12,6828419
2011-12-30 00:00:00+05:30,33.5,34.1,33.11,33.68,3546469
2012-01-02 00:00:00+05:30,33.9,34.1,33.2,33.71,1340389
2012-01-03 00:00:00+05:30,34.2,35.7,34.01,35.43,2377729
2012-01-04 00:00:00+05:30,36.0,36.49,35.31,35.99,4175049
2012-01-05 00:00:00+05:30,35.99,36.28,35.55,35.73,2276569
2012-01-06 00:00:00+05:30,35.67,36.12,35.36,36.0,4896649
2012-01-07 00:00:00+05:30,36.1,36.3,35.91,36.14,79309
2012-01-09 00:00:00+05:30,36.12,36.94,35.73,36.58,2582149
2012-01-10 00:00:00+05:30,36.89,37.54,36.84,37.06,3143419
2012-01-11 00:00:00+05:30,36.51,37.24,36.16,36.3,4407639
2012-01-12 00:00:00+05:30,35.4,36.9,35.32,36.21,3877819
2012-01-13 00:00:00+05:30,36.48,36.74,36.05,36.37,4471069
2012-01-16 00:00:00+05:30,36.0,36.39,35.82,36.22,12330379
2012-01-17 00:00:00+05:30,36.11,37.16,36.11,36.76,1853839
2012-01-18 00:00:00+05:30,37.06,37.09,35.51,36.1,2393359
2012-01-19 00:00:00+05:30,36.65,36.97,36.16,36.35,1705449
2012-01-20 00:00:00+05:30,36.61,38.45,36.5,38.21,4178209
2012-01-23 00:00:00+05:30,38.48,39.49,37.74,38.36,3188489
2012-01-24 00:00:00+05:30,38.95,39.84,38.16,39.2,7583309
2012-01-25 00:00:00+05:30,39.6,41.78,39.26,41.19,11677609
2012-01-27 00:00:00+05:30,41.7,41.7,40.0,40.45,5343689
2012-01-30 00:00:00+05:30,39.24,40.43,38.88,39.23,5279319
2012-01-31 00:00:00+05:30,38.52,40.0,38.51,39.89,6714689
2012-02-01 00:00:00+05:30,39.99,40.98,39.58,40.16,7924889
2012-02-02 00:00:00+05:30,40.4,40.75,39.16,40.0,4104109
2012-02-03 00:00:00+05:30,40.0,40.76,39.32,40.37,7147659
2012-02-06 00:00:00+05:30,40.78,41.85,40.65,41.31,7078659
2012-02-07 00:00:00+05:30,41.5,42.54,41.24,41.64,9779799
2012-02-08 00:00:00+05:30,41.8,42.0,40.66,41.14,4025399
2012-02-09 00:00:00+05:30,41.0,41.75,41.0,41.52,2627299
2012-02-10 00:00:00+05:30,41.72,42.25,41.27,41.69,2308849
2012-02-13 00:00:00+05:30,42.0,42.1,40.1,40.72,9926629
2012-02-14 00:00:00+05:30,40.92,41.97,40.61,41.71,4922509
2012-02-15 00:00:00+05:30,41.92,43.69,41.92,43.41,5798429
2012-02-16 00:00:00+05:30,44.5,44.9,43.26,44.27,5576089
2012-02-17 00:00:00+05:30,47.49,47.49,44.0,44.44,3336149
2012-02-21 00:00:00+05:30,45.5,45.5,44.26,45.12,2295449
2012-02-22 00:00:00+05:30,44.61,45.1,41.94,42.34,2448119
2012-02-23 00:00:00+05:30,43.7,43.7,41.41,42.22,4533129
2012-02-24 00:00:00+05:30,42.8,42.91,40.5,40.87,3419409
2012-02-27 00:00:00+05:30,41.91,41.91,39.26,39.94,3929599
2012-02-28 00:00:00+05:30,40.4,41.45,40.21,40.61,7114159
2012-02-29 00:00:00+05:30,41.4,43.5,39.92,40.56,3635699
2012-03-01 00:00:00+05:30,38.8,40.69,38.8,40.03,1711049
2012-03-02 00:00:00+05:30,40.12,41.74,39.9,41.52,4875909
2012-03-03 00:00:00+05:30,41.48,41.78,41.23,41.55,179229
2012-03-05 00:00:00+05:30,41.01,41.9,40.45,40.77,6490749
2012-03-06 00:00:00+05:30,40.4,42.26,40.16,40.38,3486339
2012-03-07 00:00:00+05:30,40.38,40.95,40.0,40.38,1523729
2012-03-09 00:00:00+05:30,41.2,41.93,40.95,41.55,3441359
2012-03-12 00:00:00+05:30,42.0,43.48,42.0,42.41,2394619
2012-03-13 00:00:00+05:30,42.5,43.2,42.2,42.92,3637279
2012-03-14 00:00:00+05:30,43.51,43.62,42.82,43.23,3784169
2012-03-15 00:00:00+05:30,43.2,43.61,41.72,42.7,6291109
2012-03-16 00:00:00+05:30,42.7,43.44,42.32,42.92,4196019
2012-03-19 00:00:00+05:30,43.0,43.0,41.36,41.65,807419
2012-03-20 00:00:00+05:30,41.98,42.64,41.21,42.4,1607639
2012-03-21 00:00:00+05:30,42.37,43.25,42.08,43.14,1791509
2012-03-22 00:00:00+05:30,42.72,43.67,41.65,41.92,1857649
2012-03-23 00:00:00+05:30,41.95,43.15,41.92,42.75,1332979
2012-03-26 00:00:00+05:30,42.81,43.18,42.31,42.67,7223269
2012-03-27 00:00:00+05:30,43.17,43.3,41.4,42.46,1608119
2012-03-28 00:00:00+05:30,42.5,42.8,41.61,41.7,557579
2012-03-29 00:00:00+05:30,41.02,42.6,41.02,41.96,3635379
2012-03-30 00:00:00+05:30,42.29,43.25,42.13,42.65,6689219
2012-04-02 00:00:00+05:30,42.7,43.44,42.36,43.12,1067169
2012-04-03 00:00:00+05:30,43.49,44.88,43.3,44.35,2723169
2012-04-04 00:00:00+05:30,44.63,44.65,43.64,44.0,982359
2012-04-09 00:00:00+05:30,43.3,43.9,43.21,43.41,699549
2012-04-10 00:00:00+05:30,43.13,43.9,42.9,43.37,1654719
2012-04-11 00:00:00+05:30,43.3,43.6,42.71,43.02,1049459
2012-04-12 00:00:00+05:30,43.9,43.99,43.04,43.33,1603969
2012-04-13 00:00:00+05:30,43.3,43.8,40.22,42.82,1657159
2012-04-16 00:00:00+05:30,42.47,43.49,42.47,43.16,1829889
2012-04-17 00:00:00+05:30,43.5,43.74,42.77,43.25,1613179
2012-04-18 00:00:00+05:30,43.52,43.92,42.6,42.75,1648289
2012-04-19 00:00:00+05:30,42.95,43.21,42.32,43.1,1245039
2012-04-20 00:00:00+05:30,42.81,43.2,42.4,42.92,829829
2012-04-23 00:00:00+05:30,42.6,43.12,41.62,41.74,1007079
2012-04-24 00:00:00+05:30,41.66,42.0,41.1,41.4,1198949
2012-04-25 00:00:00+05:30,41.7,41.8,40.62,40.98,1793499
2012-04-26 00:00:00+05:30,41.29,41.4,40.51,40.96,5881619
2012-04-27 00:00:00+05:30,41.26,41.9,41.0,41.65,5682729
2012-04-28 00:00:00+05:30,41.5,41.88,41.46,41.57,79729
2012-04-30 00:00:00+05:30,41.67,42.2,41.23,42.0,1795809
2012-05-02 00:00:00+05:30,42.0,42.5,41.9,42.08,2063389
2012-05-03 00:00:00+05:30,41.87,41.99,41.41,41.6,1253129
2012-05-04 00:00:00+05:30,41.49,41.58,40.83,41.37,4720519
2012-05-07 00:00:00+05:30,40.98,41.04,40.2,40.88,2138109
2012-05-08 00:00:00+05:30,40.9,41.5,40.64,40.84,1345719
2012-05-09 00:00:00+05:30,40.86,41.39,40.31,40.73,1472259
2012-05-10 00:00:00+05:30,40.31,41.5,40.31,40.99,3274079
2012-05-11 00:00:00+05:30,40.6,41.83,40.6,41.54,6690929
2012-05-14 00:00:00+05:30,42.0,42.0,40.7,41.36,1643669
2012-05-15 00:00:00+05:30,41.37,41.88,41.03,41.73,1182519
2012-05-16 00:00:00+05:30,41.5,41.84,40.52,40.8,4117999
2012-05-17 00:00:00+05:30,40.61,41.2,39.73,39.87,1429769
2012-05-18 00:00:00+05:30,39.5,40.6,39.04,40.3,1842109
2012-05-21 00:00:00+05:30,40.6,41.38,40.3,41.13,1620519
2012-05-22 00:00:00+05:30,41.49,41.49,40.3,40.55,1634329
2012-05-23 00:00:00+05:30,40.5,40.7,39.71,40.07,1058229
2012-05-24 00:00:00+05:30,39.82,40.9,39.59,40.76,784969
2012-05-25 00:00:00+05:30,41.0,41.5,40.73,41.41,1306849
2012-05-28 00:00:00+05:30,41.31,42.05,41.31,41.59,1054429
2012-05-29 00:00:00+05:30,41.6,42.47,41.52,42.08,1999509
2012-05-30 00:00:00+05:30,42.0,42.0,41.4,41.58,608859
2012-05-31 00:00:00+05:30,41.44,42.3,41.11,42.04,1444399
2012-06-01 00:00:00+05:30,42.04,42.44,41.04,41.37,1094929
2012-06-04 00:00:00+05:30,41.01,41.54,40.5,41.37,1211359
2012-06-05 00:00:00+05:30,41.6,41.98,41.19,41.49,860139
2012-06-06 00:00:00+05:30,42.2,42.31,41.55,41.93,3330699
2012-06-07 00:00:00+05:30,42.14,42.6,41.23,41.89,1580069
2012-06-08 00:00:00+05:30,42.01,43.45,41.52,43.09,1837529
2012-06-11 00:00:00+05:30,43.51,43.6,42.53,42.58,1146609
2012-06-12 00:00:00+05:30,42.37,43.45,42.11,43.32,1222579
2012-06-13 00:00:00+05:30,43.5,44.0,42.76,42.89,1918769
2012-06-14 00:00:00+05:30,42.88,43.38,41.8,42.18,1018999
2012-06-15 00:00:00+05:30,42.32,42.87,41.73,42.44,999749
2012-06-18 00:00:00+05:30,42.72,43.29,41.3,42.4,1921339
2012-06-19 00:00:00+05:30,42.6,43.0,42.04,42.82,949849
2012-06-20 00:00:00+05:30,42.84,43.14,42.71,42.95,372189
2012-06-21 00:00:00+05:30,42.64,43.8,42.6,43.44,1867139
2012-06-22 00:00:00+05:30,43.0,43.95,42.85,43.72,2134449
2012-06-25 00:00:00+05:30,43.8,44.42,43.51,43.8,1168159
2012-06-26 00:00:00+05:30,43.8,44.89,43.44,44.71,1503449
2012-06-27 00:00:00+05:30,45.0,45.41,44.4,44.5,1199709
2012-06-28 00:00:00+05:30,45.5,45.5,43.46,44.53,2399759
2012-06-29 00:00:00+05:30,45.0,45.0,44.51,44.86,592669
2012-07-02 00:00:00+05:30,44.92,45.81,44.62,45.2,943239
2012-07-03 00:00:00+05:30,45.31,45.5,44.96,45.07,774609
2012-07-04 00:00:00+05:30,45.07,45.5,45.0,45.16,881089
2012-07-05 00:00:00+05:30,45.08,45.9,44.96,45.46,947149
2012-07-06 00:00:00+05:30,45.4,45.68,44.91,45.14,1103019
2012-07-09 00:00:00+05:30,45.06,45.1,44.34,44.59,1124889
2012-07-10 00:00:00+05:30,44.61,44.95,44.35,44.78,6202949
2012-07-11 00:00:00+05:30,44.66,44.89,44.0,44.2,1322849
2012-07-12 00:00:00+05:30,44.07,44.11,43.4,43.98,2062189
2012-07-13 00:00:00+05:30,43.98,44.06,43.11,43.46,1722579
2012-07-16 00:00:00+05:30,43.46,43.86,41.29,43.32,968049
2012-07-17 00:00:00+05:30,42.54,44.0,42.35,43.16,767399
2012-07-18 00:00:00+05:30,42.86,43.44,42.6,43.22,1520209
2012-07-19 00:00:00+05:30,43.3,43.5,42.46,42.67,1647239
2012-07-20 00:00:00+05:30,42.24,42.24,41.34,41.65,1768539
2012-07-23 00:00:00+05:30,41.9,42.0,40.38,40.64,1550509
2012-07-24 00:00:00+05:30,40.34,41.2,40.34,40.71,872399
2012-07-25 00:00:00+05:30,40.79,40.93,40.3,40.39,1223239
2012-07-26 00:00:00+05:30,40.01,40.69,39.2,40.09,5085909
2012-07-27 00:00:00+05:30,40.38,41.05,39.48,39.95,1035609
2012-07-30 00:00:00+05:30,40.03,41.18,40.03,40.96,536659
2012-07-31 00:00:00+05:30,40.5,41.79,40.5,41.43,2333449
2012-08-01 00:00:00+05:30,41.59,41.8,40.51,40.84,4870089
2012-08-02 00:00:00+05:30,40.89,41.67,40.33,41.26,8016459
2012-08-03 00:00:00+05:30,41.25,41.57,40.49,40.54,4209019
2012-08-06 00:00:00+05:30,41.27,41.38,40.81,41.11,1015969
2012-08-07 00:00:00+05:30,41.6,42.05,41.1,41.73,1676859
2012-08-08 00:00:00+05:30,41.01,42.67,41.01,42.47,2535669
2012-08-09 00:00:00+05:30,42.6,42.84,41.74,41.94,1016599
2012-08-10 00:00:00+05:30,41.7,42.5,41.6,42.34,873309
2012-08-13 00:00:00+05:30,42.05,42.95,42.05,42.84,674199
2012-08-14 00:00:00+05:30,42.66,42.99,42.6,42.81,722949
2012-08-16 00:00:00+05:30,42.99,43.81,42.7,43.7,1322299
2012-08-17 00:00:00+05:30,43.71,44.2,43.42,43.71,1067799
2012-08-21 00:00:00+05:30,43.7,44.5,43.52,43.92,646069
2012-08-22 00:00:00+05:30,43.03,43.99,43.02,43.72,1541079
2012-08-23 00:00:00+05:30,44.4,44.4,43.16,43.38,727919
2012-08-24 00:00:00+05:30,43.38,43.38,42.5,42.59,365789
2012-08-27 00:00:00+05:30,42.52,42.95,41.2,41.41,916639
2012-08-28 00:00:00+05:30,41.0,41.0,40.05,40.32,10767469
2012-08-29 00:00:00+05:30,40.36,41.18,40.36,40.75,3211689
2012-08-30 00:00:00+05:30,40.11,41.1,40.11,40.77,3311469
2012-08-31 00:00:00+05:30,41.01,41.01,40.12,40.65,3129209
2012-09-03 00:00:00+05:30,40.69,40.9,40.5,40.61,2748159
2012-09-04 00:00:00+05:30,40.61,40.85,40.0,40.67,2672469
2012-09-05 00:00:00+05:30,40.62,40.8,39.98,40.14,6588499
2012-09-06 00:00:00+05:30,40.15,40.51,39.95,40.17,2862999
2012-09-07 00:00:00+05:30,40.5,40.8,40.21,40.39,3452139
2012-09-08 00:00:00+05:30,40.6,40.95,40.48,40.63,98239
2012-09-10 00:00:00+05:30,40.6,40.8,40.2,40.38,3553699
2012-09-11 00:00:00+05:30,40.38,40.65,40.0,40.49,1250339
2012-09-12 00:00:00+05:30,40.8,40.85,40.41,40.72,1241669
2012-09-13 00:00:00+05:30,40.61,40.79,40.36,40.68,1052659
2012-09-14 00:00:00+05:30,40.8,42.28,40.8,41.09,4674789
2012-09-17 00:00:00+05:30,41.55,43.27,41.41,43.07,6046379
2012-09-18 00:00:00+05:30,42.5,43.38,42.5,42.8,9019689
2012-09-20 00:00:00+05:30,42.26,42.8,41.88,42.33,2497339
2012-09-21 00:00:00+05:30,42.81,44.94,42.47,44.64,11119439
2012-09-24 00:00:00+05:30,44.71,45.4,43.84,43.97,6646989
2012-09-25 00:00:00+05:30,45.28,45.48,44.22,44.86,4651429
2012-09-26 00:00:00+05:30,44.61,45.19,43.53,43.68,2654619
2012-09-27 00:00:00+05:30,43.1,44.5,43.1,44.03,5657189
2012-09-28 00:00:00+05:30,44.39,44.99,44.1,44.7,3733399
2012-10-01 00:00:00+05:30,44.65,45.2,44.65,44.96,7265549
2012-10-03 00:00:00+05:30,44.96,45.1,44.64,44.95,7579409
2012-10-04 00:00:00+05:30,45.05,46.7,45.05,45.83,18360749
2012-10-05 00:00:00+05:30,46.25,46.48,45.14,45.78,4300889
2012-10-08 00:00:00+05:30,45.76,46.5,45.7,45.99,2943679
2012-10-09 00:00:00+05:30,46.02,46.77,45.85,46.28,2922379
2012-10-10 00:00:00+05:30,46.06,46.27,45.56,46.01,1986429
2012-10-11 00:00:00+05:30,46.15,48.42,46.0,47.99,9775879
2012-10-12 00:00:00+05:30,48.38,49.4,47.8,48.19,10652059
2012-10-15 00:00:00+05:30,53.0,57.1,45.5,47.05,3256499
2012-10-16 00:00:00+05:30,48.18,48.28,46.8,46.94,1011299
2012-10-17 00:00:00+05:30,45.89,47.37,45.89,47.06,1462889
2012-10-18 00:00:00+05:30,47.11,48.58,47.05,48.27,2269209
2012-10-19 00:00:00+05:30,48.52,49.23,48.12,48.29,1977109
2012-10-22 00:00:00+05:30,48.02,49.18,47.42,48.76,2116969
2012-10-23 00:00:00+05:30,48.81,49.35,48.51,48.81,1871339
2012-10-25 00:00:00+05:30,48.81,49.3,48.76,49.12,3582169
2012-10-26 00:00:00+05:30,49.19,49.19,48.37,48.91,2990299
2012-10-29 00:00:00+05:30,48.91,49.22,48.56,48.75,1488499
2012-10-30 00:00:00+05:30,48.51,49.08,47.63,48.05,1503649
2012-10-31 00:00:00+05:30,47.94,48.89,47.2,48.46,1056729
2012-11-01 00:00:00+05:30,48.43,48.75,48.2,48.4,972249
2012-11-02 00:00:00+05:30,48.7,48.87,47.02,47.5,2669239
2012-11-05 00:00:00+05:30,47.94,48.16,47.52,47.99,636579
2012-11-06 00:00:00+05:30,48.03,48.35,47.65,47.79,730739
2012-11-07 00:00:00+05:30,48.0,48.5,47.88,48.11,650929
2012-11-08 00:00:00+05:30,47.6,47.9,47.5,47.73,649679
2012-11-09 00:00:00+05:30,47.18,48.1,47.05,47.22,4158769
2012-11-12 00:00:00+05:30,47.49,47.53,46.29,46.55,1059889
2012-11-13 00:00:00+05:30,46.9,47.43,46.5,47.03,231369
2012-11-15 00:00:00+05:30,47.0,47.0,46.13,46.21,1581929
2012-11-16 00:00:00+05:30,45.1,46.68,44.8,45.94,886369
2012-11-19 00:00:00+05:30,46.0,46.17,45.4,45.6,1381299
2012-11-20 00:00:00+05:30,45.88,46.38,45.23,45.89,723529
2012-11-21 00:00:00+05:30,45.9,46.59,45.6,46.37,1373639
2012-11-22 00:00:00+05:30,46.77,46.99,45.95,46.3,540539
2012-11-23 00:00:00+05:30,45.0,46.48,45.0,46.18,657539
2012-11-26 00:00:00+05:30,46.17,47.2,46.0,46.98,2105559
2012-11-27 00:00:00+05:30,46.7,49.9,45.63,46.28,8570999
2012-11-29 00:00:00+05:30,46.32,47.5,46.1,47.26,5752999
2012-11-30 00:00:00+05:30,47.71,48.55,46.66,48.18,3974979
2012-12-03 00:00:00+05:30,47.9,49.26,47.9,48.33,4564459
2012-12-04 00:00:00+05:30,47.94,48.9,47.92,48.32,2162709
2012-12-05 00:00:00+05:30,48.4,48.89,48.0,48.14,1801519
2012-12-06 00:00:00+05:30,48.61,48.88,47.33,47.84,5287579
2012-12-07 00:00:00+05:30,48.02,49.5,48.01,48.23,8165469
2012-12-10 00:00:00+05:30,48.8,51.18,48.3,50.57,17079539
2012-12-11 00:00:00+05:30,51.0,51.43,48.91,50.09,8606749
2012-12-12 00:00:00+05:30,51.11,51.11,49.52,49.8,5850479
2012-12-13 00:00:00+05:30,50.0,50.75,48.21,48.59,4828569
2012-12-14 00:00:00+05:30,49.0,49.0,47.83,48.2,6363339
2012-12-17 00:00:00+05:30,48.24,49.2,47.81,48.96,3672389
2012-12-18 00:00:00+05:30,49.2,50.0,47.6,49.75,3968649
2012-12-19 00:00:00+05:30,50.49,52.95,50.22,52.78,13314889
2012-12-20 00:00:00+05:30,52.85,53.0,51.6,52.33,4205899
2012-12-21 00:00:00+05:30,51.87,52.74,51.24,51.87,5553559
2012-12-24 00:00:00+05:30,52.0,52.53,51.8,52.07,1842879
2012-12-26 00:00:00+05:30,52.5,52.89,51.45,52.42,4613889
2012-12-27 00:00:00+05:30,52.6,53.8,52.5,53.49,7053549
2012-12-28 00:00:00+05:30,53.61,54.4,53.61,53.96,5978499
2012-12-31 00:00:00+05:30,53.95,54.28,53.41,53.82,2592949
2013-01-01 00:00:00+05:30,53.85,54.4,53.81,53.96,3434389
2013-01-02 00:00:00+05:30,54.5,55.1,54.2,54.33,6079369
2013-01-03 00:00:00+05:30,55.01,55.01,53.57,53.76,2604249
2013-01-04 00:00:00+05:30,53.53,53.6,52.61,52.69,7368819
2013-01-07 00:00:00+05:30,53.0,53.28,52.11,52.25,3981719
2013-01-08 00:00:00+05:30,52.9,52.9,51.6,52.02,3424319
2013-01-09 00:00:00+05:30,52.69,53.33,52.02,52.42,7652179
2013-01-10 00:00:00+05:30,53.3,53.3,51.01,51.53,4692709
2013-01-11 00:00:00+05:30,51.86,52.08,50.5,50.72,7334539
2013-01-14 00:00:00+05:30,50.7,52.3,50.4,51.99,3243279
2013-01-15 00:00:00+05:30,51.71,52.86,51.71,52.49,3748019
2013-01-16 00:00:00+05:30,52.6,52.99,51.45,51.61,2634759
2013-01-17 00:00:00+05:30,52.01,52.22,50.64,51.18,6538599
2013-01-18 00:00:00+05:30,50.79,51.18,49.96,50.3,10540059
2013-01-21 00:00:00+05:30,50.74,50.92,49.3,50.0,8897799
2013-01-22 00:00:00+05:30,50.49,50.94,50.02,50.39,6098199
2013-01-23 00:00:00+05:30,50.98,50.98,49.3,50.03,7118459
2013-01-24 00:00:00+05:30,50.56,50.67,49.55,49.86,2283049
2013-01-25 00:00:00+05:30,49.61,50.97,49.41,50.67,2529119
2013-01-28 00:00:00+05:30,50.7,51.0,49.93,50.24,3894889
2013-01-29 00:00:00+05:30,50.3,51.29,50.09,50.6,8622709
2013-01-30 00:00:00+05:30,51.25,53.25,50.68,50.91,3057019
2013-01-31 00:00:00+05:30,50.89,51.39,50.1,50.56,7635159
2013-02-01 00:00:00+05:30,50.75,51.5,50.72,51.06,3693219
2013-02-04 00:00:00+05:30,51.06,51.57,50.58,50.79,4271249
2013-02-05 00:00:00+05:30,50.89,51.11,50.17,50.91,3377069
2013-02-06 00:00:00+05:30,51.01,51.79,51.0,51.3,3719849
2013-02-07 00:00:00+05:30,51.28,52.03,51.0,51.74,5365989
2013-02-08 00:00:00+05:30,51.74,52.43,51.5,51.62,3520029
2013-02-11 00:00:00+05:30,51.75,51.9,51.5,51.57,4019809
2013-02-12 00:00:00+05:30,51.56,51.83,51.2,51.49,1576259
2013-02-13 00:00:00+05:30,51.78,51.97,50.75,50.97,4401409
2013-02-14 00:00:00+05:30,50.97,51.05,49.53,49.98,4809389
2013-02-15 00:00:00+05:30,49.98,50.54,47.5,50.45,5137489
2013-02-18 00:00:00+05:30,50.56,50.7,49.8,50.11,2832429
2013-02-19 00:00:00+05:30,50.79,50.79,50.12,50.4,1662849
2013-02-20 00:00:00+05:30,50.7,50.7,49.83,50.03,1873239
2013-02-21 00:00:00+05:30,49.51,50.29,49.25,49.53,3297509
2013-02-22 00:00:00+05:30,50.0,50.77,49.34,49.64,1770399
2013-02-25 00:00:00+05:30,49.64,49.99,49.4,49.6,2786489
2013-02-26 00:00:00+05:30,49.67,49.67,49.01,49.38,2708589
2013-02-27 00:00:00+05:30,49.49,50.5,49.11,49.97,3507329
2013-02-28 00:00:00+05:30,50.6,50.6,48.44,49.33,4337219
2013-03-01 00:00:00+05:30,49.09,49.49,48.71,48.99,2551959
2013-03-04 00:00:00+05:30,48.13,49.16,48.13,48.89,3364549
2013-03-05 00:00:00+05:30,48.35,49.37,48.35,49.03,6429479
2013-03-06 00:00:00+05:30,49.24,50.5,49.24,49.68,4202789
2013-03-07 00:00:00+05:30,49.89,49.89,48.71,49.0,3009189
2013-03-08 00:00:00+05:30,49.01,49.87,49.01,49.33,2985819
2013-03-11 00:00:00+05:30,49.55,50.29,49.42,49.62,3667779
2013-03-12 00:00:00+05:30,49.63,49.98,49.04,49.23,1444289
2013-03-13 00:00:00+05:30,48.99,49.2,48.18,48.42,3341499
2013-03-14 00:00:00+05:30,48.37,49.67,47.91,49.06,5076709
2013-03-15 00:00:00+05:30,49.27,49.67,48.69,48.99,8302609
2013-03-18 00:00:00+05:30,48.51,49.19,48.45,48.66,1294309
2013-03-19 00:00:00+05:30,48.27,49.15,47.95,48.72,4452709
2013-03-20 00:00:00+05:30,48.16,48.6,47.75,48.09,2177739
2013-03-21 00:00:00+05:30,48.09,48.77,46.76,47.08,2562699
2013-03-22 00:00:00+05:30,47.0,48.49,46.31,48.27,3609819
2013-03-25 00:00:00+05:30,48.51,49.14,47.61,48.31,2753259
2013-03-26 00:00:00+05:30,48.38,49.09,47.72,48.6,2618419
2013-03-28 00:00:00+05:30,48.85,48.85,48.0,48.07,2629539
2013-04-01 00:00:00+05:30,48.4,49.2,48.0,48.45,1633739
2013-04-02 00:00:00+05:30,48.88,49.14,48.6,48.82,1994549
2013-04-03 00:00:00+05:30,48.82,49.9,48.0,48.08,2423269
2013-04-04 00:00:00+05:30,47.6,48.16,47.22,47.46,1333799
2013-04-05 00:00:00+05:30,47.46,48.1,46.2,46.53,3051749
2013-04-08 00:00:00+05:30,46.6,46.81,44.07,44.56,5586899
2013-04-09 00:00:00+05:30,44.73,45.31,44.18,44.42,3561609
2013-04-10 00:00:00+05:30,44.46,45.0,43.36,44.78,3896659
2013-04-11 00:00:00+05:30,44.9,45.09,44.05,44.51,5699009
2013-04-12 00:00:00+05:30,44.25,44.64,44.0,44.07,4585469
2013-04-15 00:00:00+05:30,44.1,44.4,40.59,41.9,21841759
2013-04-16 00:00:00+05:30,42.01,44.17,41.66,43.88,8067169
2013-04-17 00:00:00+05:30,44.38,45.85,43.45,43.65,7936919
2013-04-18 00:00:00+05:30,43.71,45.51,43.5,45.22,5765729
2013-04-22 00:00:00+05:30,45.0,46.6,44.61,46.37,7070539
2013-04-23 00:00:00+05:30,46.4,46.41,44.32,44.99,6690399
2013-04-25 00:00:00+05:30,45.65,45.65,44.4,45.35,8629169
2013-04-26 00:00:00+05:30,45.4,46.5,45.0,46.15,3279109
2013-04-29 00:00:00+05:30,45.1,45.19,43.5,44.86,6951879
2013-04-30 00:00:00+05:30,45.0,45.95,43.92,45.65,9080619
2013-05-02 00:00:00+05:30,45.65,46.0,44.81,45.18,5731419
2013-05-03 00:00:00+05:30,45.3,45.3,44.45,44.74,4123699
2013-05-06 00:00:00+05:30,44.47,45.03,44.1,44.81,2994619
2013-05-07 00:00:00+05:30,45.77,45.77,44.02,45.17,3988959
2013-05-08 00:00:00+05:30,44.71,45.35,44.71,45.08,5435169
2013-05-09 00:00:00+05:30,45.03,45.67,44.46,44.73,9516219
2013-05-10 00:00:00+05:30,44.6,46.0,44.21,45.6,3379459
2013-05-11 00:00:00+05:30,45.67,45.8,45.46,45.55,155009
2013-05-13 00:00:00+05:30,45.5,45.7,44.46,44.65,1699899
2013-05-14 00:00:00+05:30,44.5,46.01,44.5,45.75,2554069
2013-05-15 00:00:00+05:30,45.8,47.9,45.8,47.77,6767159
2013-05-16 00:00:00+05:30,47.8,48.44,47.1,48.04,4587699
2013-05-17 00:00:00+05:30,47.72,48.6,47.23,47.66,4490679
2013-05-20 00:00:00+05:30,48.0,48.27,46.72,46.9,2925979
2013-05-21 00:00:00+05:30,46.8,47.58,46.5,46.95,3333619
2013-05-22 00:00:00+05:30,47.0,47.5,46.23,46.38,1831019
2013-05-23 00:00:00+05:30,46.29,46.29,44.26,44.94,4088969
2013-05-24 00:00:00+05:30,44.91,45.7,44.5,45.09,1640039
2013-05-27 00:00:00+05:30,45.1,45.8,44.8,45.64,2067199
2013-05-28 00:00:00+05:30,45.23,46.42,45.21,45.42,1033679
2013-05-29 00:00:00+05:30,45.25,45.6,44.82,44.93,4135869
2013-05-30 00:00:00+05:30,44.52,45.98,44.52,45.09,6516199
2013-05-31 00:00:00+05:30,44.71,45.55,44.6,45.04,2780479
2013-06-03 00:00:00+05:30,45.01,46.1,44.53,45.85,2884919
2013-06-04 00:00:00+05:30,45.9,47.0,45.4,45.76,2581279
2013-06-05 00:00:00+05:30,45.74,46.0,45.11,45.9,835409
2013-06-06 00:00:00+05:30,45.61,46.2,45.21,45.29,2124919
2013-06-07 00:00:00+05:30,44.81,45.52,44.62,44.92,3814219
2013-06-10 00:00:00+05:30,45.09,45.29,43.35,44.23,14517659
2013-06-11 00:00:00+05:30,43.68,44.18,42.11,42.43,13602009
2013-06-12 00:00:00+05:30,42.4,42.97,41.83,42.27,13218209
2013-06-13 00:00:00+05:30,42.2,42.74,41.02,42.18,8799549
2013-06-14 00:00:00+05:30,42.1,43.2,42.07,42.42,6918949
2013-06-17 00:00:00+05:30,42.51,43.48,42.41,43.22,2237849
2013-06-18 00:00:00+05:30,43.0,43.75,42.96,43.46,3543329
2013-06-19 00:00:00+05:30,43.8,44.6,43.34,44.23,4311009
2013-06-20 00:00:00+05:30,43.8,43.8,42.85,43.03,5909059
2013-06-21 00:00:00+05:30,43.0,43.0,41.44,41.61,2219099
2013-06-24 00:00:00+05:30,41.4,41.55,39.5,40.07,4592339
2013-06-25 00:00:00+05:30,40.3,41.97,39.01,40.99,3484479
2013-06-26 00:00:00+05:30,41.55,41.55,40.0,40.3,2892899
2013-06-27 00:00:00+05:30,40.54,41.2,39.0,39.84,8132039
2013-06-28 00:00:00+05:30,40.21,41.2,40.21,40.93,1936509
2013-07-01 00:00:00+05:30,40.91,42.1,40.74,41.76,2525079
2013-07-02 00:00:00+05:30,41.76,42.44,41.22,41.51,2635679
2013-07-03 00:00:00+05:30,41.21,41.26,39.83,40.09,3444219
2013-07-04 00:00:00+05:30,40.12,41.0,39.43,40.05,3429309
2013-07-05 00:00:00+05:30,40.24,40.48,39.54,39.63,2780129
2013-07-08 00:00:00+05:30,39.6,40.0,38.41,39.71,3245989
2013-07-09 00:00:00+05:30,39.24,40.06,38.82,39.81,2460699
2013-07-10 00:00:00+05:30,39.82,40.6,39.13,39.57,1798799
2013-07-11 00:00:00+05:30,40.12,40.9,40.0,40.08,3405809
2013-07-12 00:00:00+05:30,40.1,40.56,39.43,39.59,11492159
2013-07-15 00:00:00+05:30,39.5,40.25,39.5,39.89,4068409
2013-07-16 00:00:00+05:30,39.52,39.53,38.4,38.56,2055309
2013-07-17 00:00:00+05:30,38.31,38.4,36.57,36.8,4969579
2013-07-18 00:00:00+05:30,36.85,38.15,36.22,37.93,2698079
2013-07-19 00:00:00+05:30,38.18,38.96,37.51,38.22,4115939
2013-07-22 00:00:00+05:30,37.5,38.35,36.26,38.02,5482789
2013-07-23 00:00:00+05:30,38.02,38.41,37.71,37.84,1348639
2013-07-24 00:00:00+05:30,37.51,37.51,34.72,34.91,4947259
2013-07-25 00:00:00+05:30,34.61,35.43,34.2,34.76,4466409
2013-07-26 00:00:00+05:30,34.91,35.1,33.46,34.77,6175919
2013-07-29 00:00:00+05:30,34.7,34.78,33.81,34.0,3259149
2013-07-30 00:00:00+05:30,34.0,34.4,33.5,33.72,2634799
2013-07-31 00:00:00+05:30,33.98,35.45,32.15,34.97,4456549
2013-08-01 00:00:00+05:30,35.0,35.58,33.9,34.76,2180499
2013-08-02 00:00:00+05:30,35.1,35.49,34.4,34.95,3070829
2013-08-05 00:00:00+05:30,34.63,36.2,34.04,35.65,1660499
2013-08-06 00:00:00+05:30,35.3,35.6,33.62,33.9,2497319
2013-08-07 00:00:00+05:30,34.23,34.39,33.06,33.34,3062819
2013-08-08 00:00:00+05:30,33.12,33.7,31.61,31.8,5668549
2013-08-12 00:00:00+05:30,32.2,33.4,30.86,33.07,3747549
2013-08-13 00:00:00+05:30,32.9,34.49,32.35,34.14,4958809
2013-08-14 00:00:00+05:30,34.4,34.58,32.62,32.81,2981769
2013-08-16 00:00:00+05:30,32.74,33.0,30.36,31.01,5219689
2013-08-19 00:00:00+05:30,31.0,31.67,29.43,29.58,5281829
2013-08-20 00:00:00+05:30,29.4,30.02,28.11,29.7,5748979
2013-08-21 00:00:00+05:30,31.0,32.4,28.03,28.69,5797109
2013-08-22 00:00:00+05:30,27.81,28.2,27.18,27.74,5073239
2013-08-23 00:00:00+05:30,27.49,28.99,27.03,28.56,6900309
2013-08-26 00:00:00+05:30,28.63,29.5,28.14,28.76,2026789
2013-08-27 00:00:00+05:30,28.39,28.48,26.51,26.74,3317179
2013-08-28 00:00:00+05:30,26.29,26.29,23.9,25.73,10538529
2013-08-29 00:00:00+05:30,25.83,27.77,25.13,27.02,6628609
2013-08-30 00:00:00+05:30,26.98,27.4,25.35,25.62,10796149
2013-09-02 00:00:00+05:30,25.77,26.39,24.57,24.81,9427669
2013-09-03 00:00:00+05:30,24.97,25.07,22.71,23.01,10419839
2013-09-04 00:00:00+05:30,23.0,24.66,22.32,24.42,7963469
2013-09-05 00:00:00+05:30,25.33,27.9,25.33,27.46,19781309
2013-09-06 00:00:00+05:30,27.79,28.64,26.55,28.08,7942489
2013-09-10 00:00:00+05:30,29.0,29.49,28.3,28.63,6118339
2013-09-11 00:00:00+05:30,28.59,30.08,27.87,29.86,8926459
2013-09-12 00:00:00+05:30,30.0,30.29,28.9,29.66,7606459
2013-09-13 00:00:00+05:30,29.4,30.55,29.3,30.07,5204909
2013-09-16 00:00:00+05:30,30.69,31.32,29.16,30.11,4937639
2013-09-17 00:00:00+05:30,30.13,30.22,29.41,29.59,2197199
2013-09-18 00:00:00+05:30,29.62,30.0,29.11,29.57,5331829
2013-09-19 00:00:00+05:30,31.39,32.04,31.0,31.64,12021939
2013-09-20 00:00:00+05:30,31.9,32.2,28.84,30.53,12018299
2013-09-23 00:00:00+05:30,30.14,30.49,29.0,29.61,5388169
2013-09-24 00:00:00+05:30,29.5,30.34,29.0,30.02,4714879
2013-09-25 00:00:00+05:30,30.11,30.28,29.12,30.01,4820519
2013-09-26 00:00:00+05:30,29.8,30.6,29.4,30.05,7539339
2013-09-27 00:00:00+05:30,29.77,30.3,29.43,29.63,3619339
2013-09-30 00:00:00+05:30,29.43,29.68,28.15,28.46,4377179
2013-10-01 00:00:00+05:30,28.14,29.24,27.83,28.56,5623499
2013-10-03 00:00:00+05:30,28.65,29.38,28.62,29.09,7785729
2013-10-04 00:00:00+05:30,28.78,29.5,28.6,28.92,3685069
2013-10-07 00:00:00+05:30,28.9,29.23,28.5,29.13,2551149
2013-10-08 00:00:00+05:30,30.3,30.4,29.22,29.39,4814319
2013-10-09 00:00:00+05:30,29.3,30.43,28.83,30.3,4043999
2013-10-10 00:00:00+05:30,30.3,31.4,30.25,31.28,7270139
2013-10-11 00:00:00+05:30,31.7,33.1,31.32,32.62,9799459
2013-10-14 00:00:00+05:30,32.6,34.99,32.6,34.77,10083379
2013-10-15 00:00:00+05:30,34.99,35.56,33.25,33.47,7842529
2013-10-17 00:00:00+05:30,34.45,35.8,33.53,34.38,6472970
2013-10-18 00:00:00+05:30,34.8,35.95,34.63,35.68,6069636
2013-10-21 00:00:00+05:30,36.25,42.5,36.25,39.2,29875016
2013-10-22 00:00:00+05:30,39.5,40.0,38.58,39.45,8367090
2013-10-23 00:00:00+05:30,39.65,40.13,38.5,39.18,4785602
2013-10-24 00:00:00+05:30,39.9,41.7,38.88,41.08,19220878
2013-10-25 00:00:00+05:30,41.6,41.85,39.78,40.15,9602326
2013-10-28 00:00:00+05:30,40.15,40.45,37.6,38.15,5065530
2013-10-29 00:00:00+05:30,38.15,40.38,37.63,39.9,9048440
2013-10-30 00:00:00+05:30,40.0,40.58,38.83,39.88,5684548
2013-10-31 00:00:00+05:30,39.65,41.38,39.5,41.05,7287522
2013-11-01 00:00:00+05:30,41.15,42.38,40.88,41.45,8725052
2013-11-03 00:00:00+05:30,41.5,42.18,41.5,41.73,1282714
2013-11-05 00:00:00+05:30,41.63,43.25,40.55,42.73,10950644
2013-11-06 00:00:00+05:30,43.0,43.25,40.25,40.65,6692172
2013-11-07 00:00:00+05:30,41.25,42.95,39.08,39.43,15076352
2013-11-08 00:00:00+05:30,39.5,39.88,38.5,39.03,6516364
2013-11-11 00:00:00+05:30,39.0,39.35,38.03,38.15,3979892
2013-11-12 00:00:00+05:30,38.15,38.8,37.25,37.4,4869306
2013-11-13 00:00:00+05:30,37.28,37.95,36.65,36.9,4593946
2013-11-14 00:00:00+05:30,37.5,38.05,37.4,37.83,3220894
2013-11-18 00:00:00+05:30,38.4,39.28,38.1,39.08,3327094
2013-11-19 00:00:00+05:30,39.08,39.38,38.58,38.75,2353396
2013-11-20 00:00:00+05:30,39.25,39.95,38.6,39.4,5080426
2013-11-21 00:00:00+05:30,38.95,39.4,38.25,38.9,3208114
2013-11-22 00:00:00+05:30,39.0,39.5,38.4,38.83,2587992
2013-11-25 00:00:00+05:30,39.13,39.7,38.88,39.53,3726858
2013-11-26 00:00:00+05:30,39.45,40.1,39.03,39.08,4007536
2013-11-27 00:00:00+05:30,38.88,39.43,38.6,38.95,1507108
2013-11-28 00:00:00+05:30,39.15,39.35,37.9,38.18,4828178
2013-11-29 00:00:00+05:30,38.25,39.7,38.25,39.43,8811850
2013-12-02 00:00:00+05:30,39.53,40.25,39.4,39.68,2652318
2013-12-03 00:00:00+05:30,39.5,39.78,39.33,39.58,1398480
2013-12-04 00:00:00+05:30,39.25,39.6,38.55,38.9,5779702
2013-12-05 00:00:00+05:30,40.1,40.25,39.05,39.18,6776616
2013-12-06 00:00:00+05:30,39.1,39.7,38.93,39.48,3599730
2013-12-09 00:00:00+05:30,40.98,41.55,40.08,41.25,8380192
2013-12-10 00:00:00+05:30,41.4,41.45,39.88,40.13,3508712
2013-12-11 00:00:00+05:30,40.03,40.5,39.5,40.28,2092784
2013-12-12 00:00:00+05:30,40.3,40.33,39.3,39.48,1398786
2013-12-13 00:00:00+05:30,39.05,39.35,38.3,38.53,3650324
2013-12-16 00:00:00+05:30,38.53,38.88,38.23,38.58,1245778
2013-12-17 00:00:00+05:30,38.98,40.2,38.63,39.2,3538448
2013-12-18 00:00:00+05:30,39.0,40.35,38.95,40.03,3550348
2013-12-19 00:00:00+05:30,40.25,40.5,39.03,39.2,1365408
2013-12-20 00:00:00+05:30,39.25,40.0,39.08,39.78,1134842
2013-12-23 00:00:00+05:30,39.93,42.33,39.75,41.83,7422180
2013-12-24 00:00:00+05:30,42.33,42.45,40.75,41.08,6067210
2013-12-26 00:00:00+05:30,41.28,43.0,41.15,42.05,8017616
2013-12-27 00:00:00+05:30,42.23,42.65,41.65,42.18,3554112
2013-12-30 00:00:00+05:30,42.48,42.53,41.1,41.25,2422672
2013-12-31 00:00:00+05:30,41.5,42.2,41.25,42.03,2061066
2014-01-01 00:00:00+05:30,42.23,43.5,42.0,43.15,6507148
2014-01-02 00:00:00+05:30,43.4,44.8,41.1,41.35,12289842
2014-01-03 00:00:00+05:30,41.3,42.38,41.08,41.98,4616388
2014-01-06 00:00:00+05:30,41.5,43.63,41.33,42.35,4175318
2014-01-07 00:00:00+05:30,42.6,42.85,40.8,41.05,5354438
2014-01-08 00:00:00+05:30,41.28,42.08,40.53,41.55,3333130
2014-01-09 00:00:00+05:30,41.9,42.48,40.75,40.88,8130772
2014-01-10 00:00:00+05:30,41.0,41.45,38.68,38.95,5870828
2014-01-13 00:00:00+05:30,39.23,40.2,39.08,39.88,5531174
2014-01-14 00:00:00+05:30,39.8,40.45,39.75,40.03,2857634
2014-01-15 00:00:00+05:30,40.15,41.03,40.15,40.95,3051458
2014-01-16 00:00:00+05:30,41.1,41.35,40.7,40.78,1901290
2014-01-17 00:00:00+05:30,40.95,41.8,39.03,39.73,15771902
2014-01-20 00:00:00+05:30,40.5,41.5,40.0,41.3,4704764
2014-01-21 00:00:00+05:30,42.5,42.83,41.5,41.75,9656476
2014-01-22 00:00:00+05:30,41.5,42.0,41.2,41.9,3016624
2014-01-23 00:00:00+05:30,41.9,42.23,41.45,41.88,3031320
2014-01-24 00:00:00+05:30,42.15,42.15,40.55,40.78,2474540
2014-01-27 00:00:00+05:30,40.0,40.4,37.6,39.93,3610734
2014-01-28 00:00:00+05:30,39.93,40.98,39.38,39.93,3077704
2014-01-29 00:00:00+05:30,40.1,40.55,39.13,39.38,3434800
2014-01-30 00:00:00+05:30,38.5,39.0,37.55,38.58,6320470
2014-01-31 00:00:00+05:30,38.6,39.85,38.55,39.63,3420182
2014-02-03 00:00:00+05:30,39.48,39.83,38.5,38.6,1582226
2014-02-04 00:00:00+05:30,38.25,39.18,37.1,38.33,5194592
2014-02-05 00:00:00+05:30,38.45,38.9,37.95,38.38,1871242
2014-02-06 00:00:00+05:30,38.58,39.05,38.03,38.45,3017934
2014-02-07 00:00:00+05:30,38.63,39.13,38.53,39.0,2255650
2014-02-10 00:00:00+05:30,38.8,39.5,38.68,39.0,3915510
2014-02-11 00:00:00+05:30,39.25,39.33,38.88,39.05,1347428
2014-02-12 00:00:00+05:30,39.25,39.35,38.68,38.8,1377620
2014-02-13 00:00:00+05:30,38.9,39.03,37.7,37.98,1351002
2014-02-14 00:00:00+05:30,38.0,38.05,36.88,37.2,4370284
2014-02-17 00:00:00+05:30,37.55,37.55,36.75,37.13,1533642
2014-02-18 00:00:00+05:30,37.33,37.55,37.0,37.15,7011492
2014-02-19 00:00:00+05:30,37.25,37.45,36.85,37.13,1447296
2014-02-20 00:00:00+05:30,36.88,36.88,36.18,36.3,2069528
2014-02-21 00:00:00+05:30,36.5,36.83,36.25,36.73,2326914
2014-02-24 00:00:00+05:30,36.65,37.05,36.35,36.88,2563128
2014-02-25 00:00:00+05:30,37.48,37.9,36.7,37.6,8092090
2014-02-26 00:00:00+05:30,37.75,37.83,37.03,37.55,7708350
2014-02-28 00:00:00+05:30,37.9,38.55,37.35,38.4,4977256
2014-03-03 00:00:00+05:30,38.05,40.38,38.05,39.83,9735596
2014-03-04 00:00:00+05:30,40.0,40.25,39.6,39.83,3837522
2014-03-05 00:00:00+05:30,40.1,40.88,39.58,40.33,3519034
2014-03-06 00:00:00+05:30,40.33,41.58,40.05,40.43,5153972
2014-03-07 00:00:00+05:30,40.85,43.0,40.5,42.13,12571216
2014-03-10 00:00:00+05:30,41.78,43.2,41.55,42.95,7149742
2014-03-11 00:00:00+05:30,43.23,44.23,42.25,42.4,7882122
2014-03-12 00:00:00+05:30,42.13,42.95,41.75,42.65,4218382
2014-03-13 00:00:00+05:30,42.68,43.38,41.33,41.7,4058974
2014-03-14 00:00:00+05:30,41.2,42.0,40.78,41.75,2195318
2014-03-18 00:00:00+05:30,41.9,43.25,41.9,42.98,5759720
2014-03-19 00:00:00+05:30,43.25,43.85,42.63,43.1,4226574
2014-03-20 00:00:00+05:30,43.08,43.1,41.9,42.05,2041116
2014-03-21 00:00:00+05:30,42.2,43.45,42.1,42.98,4941854
2014-03-22 00:00:00+05:30,43.4,45.88,43.4,45.53,11344854
2014-03-24 00:00:00+05:30,46.5,47.43,45.28,45.7,13635008
2014-03-25 00:00:00+05:30,45.48,46.25,45.1,45.75,5686852
2014-03-26 00:00:00+05:30,46.0,46.78,45.75,46.05,7057144
2014-03-27 00:00:00+05:30,46.33,48.25,46.0,47.03,17889110
2014-03-28 00:00:00+05:30,47.5,48.5,47.5,48.18,7916204
2014-03-31 00:00:00+05:30,48.5,48.88,46.65,47.88,10294986
2014-04-01 00:00:00+05:30,47.88,48.1,46.65,46.9,3742418
2014-04-02 00:00:00+05:30,47.38,48.0,46.63,47.85,9840314
2014-04-03 00:00:00+05:30,48.2,48.33,46.25,46.93,9156498
2014-04-04 00:00:00+05:30,46.9,47.38,46.3,47.2,4001544
2014-04-07 00:00:00+05:30,47.25,47.5,46.1,46.53,4620000
2014-04-09 00:00:00+05:30,46.68,49.0,46.63,48.75,7291792
2014-04-10 00:00:00+05:30,49.0,49.95,48.45,49.13,6876254
2014-04-11 00:00:00+05:30,48.4,49.0,47.83,48.68,5213878
2014-04-15 00:00:00+05:30,48.53,48.85,46.45,46.68,4497858
2014-04-16 00:00:00+05:30,46.95,47.7,45.1,45.43,6389854
2014-04-17 00:00:00+05:30,45.7,47.5,45.43,47.2,5088714
2014-04-21 00:00:00+05:30,47.4,48.05,46.35,47.9,6869678
2014-04-22 00:00:00+05:30,48.0,48.15,46.55,46.7,5090834
2014-04-23 00:00:00+05:30,46.7,47.95,46.5,47.35,10459404
2014-04-25 00:00:00+05:30,47.15,48.1,46.65,47.05,3542736
2014-04-28 00:00:00+05:30,47.05,47.68,46.28,47.38,7229528
2014-04-29 00:00:00+05:30,47.68,47.83,45.73,46.13,8552492
2014-04-30 00:00:00+05:30,47.25,47.48,43.38,45.23,15306840
2014-05-02 00:00:00+05:30,45.68,46.45,45.5,46.2,4226816
2014-05-05 00:00:00+05:30,46.18,46.9,46.15,46.45,4214588
2014-05-06 00:00:00+05:30,46.65,46.95,46.0,46.15,5631824
2014-05-07 00:00:00+05:30,46.2,46.45,45.5,45.73,2236248
2014-05-08 00:00:00+05:30,45.73,46.25,45.5,46.0,2547002
2014-05-09 00:00:00+05:30,46.0,47.88,45.8,47.65,6312224
2014-05-12 00:00:00+05:30,47.8,49.5,47.63,49.05,8677494
2014-05-13 00:00:00+05:30,50.03,52.45,49.75,51.35,13496202
2014-05-14 00:00:00+05:30,51.55,53.18,51.13,52.1,10347698
2014-05-15 00:00:00+05:30,52.2,52.7,50.5,51.18,10484902
2014-05-16 00:00:00+05:30,52.43,56.23,52.18,53.7,31039554
2014-05-19 00:00:00+05:30,54.5,58.48,54.1,57.48,22992196
2014-05-20 00:00:00+05:30,58.5,59.5,57.5,58.18,25389572
2014-05-21 00:00:00+05:30,58.95,60.43,57.83,59.58,18076970
2014-05-22 00:00:00+05:30,60.43,62.75,59.65,62.3,21608430
2014-05-23 00:00:00+05:30,62.48,63.65,60.88,63.2,18387942
2014-05-26 00:00:00+05:30,64.1,64.65,57.18,60.28,14034166
2014-05-27 00:00:00+05:30,60.5,61.35,57.58,59.08,6533324
2014-05-28 00:00:00+05:30,59.58,60.0,58.1,58.38,3801098
2014-05-29 00:00:00+05:30,58.0,59.9,57.35,57.95,6430970
2014-05-30 00:00:00+05:30,58.5,59.1,57.15,58.15,5087302
2014-06-02 00:00:00+05:30,58.95,59.43,58.05,58.9,9167964
2014-06-03 00:00:00+05:30,58.95,59.8,57.55,57.93,8808352
2014-06-04 00:00:00+05:30,57.93,61.5,57.68,61.15,15716814
2014-06-05 00:00:00+05:30,61.98,62.63,59.85,61.03,16405532
2014-06-06 00:00:00+05:30,61.85,63.83,60.1,63.35,15476530
2014-06-09 00:00:00+05:30,64.38,64.65,62.8,63.75,11227152
2014-06-10 00:00:00+05:30,63.75,64.2,61.38,62.78,8772916
2014-06-11 00:00:00+05:30,62.83,66.1,61.5,63.15,17756280
2014-06-12 00:00:00+05:30,63.5,65.0,61.75,63.2,10143392
2014-06-13 00:00:00+05:30,63.6,64.4,60.4,61.4,8319160
2014-06-16 00:00:00+05:30,60.85,61.2,57.5,59.55,14293972
2014-06-17 00:00:00+05:30,59.25,62.85,58.85,62.55,14450536
2014-06-18 00:00:00+05:30,62.85,64.58,61.45,63.23,15759490
2014-06-19 00:00:00+05:30,63.75,63.95,60.0,61.38,9599816
2014-06-20 00:00:00+05:30,61.0,63.15,60.55,61.6,5816502
2014-06-23 00:00:00+05:30,61.8,64.3,61.28,63.4,9073656
2014-06-24 00:00:00+05:30,63.75,66.48,63.63,66.13,15909054
2014-06-25 00:00:00+05:30,66.3,67.38,65.4,65.85,12585396
2014-06-26 00:00:00+05:30,66.2,66.28,64.5,64.68,17344200
2014-06-27 00:00:00+05:30,65.28,65.98,64.3,65.58,6406650
2014-06-30 00:00:00+05:30,65.75,67.95,65.6,66.85,13298792
2014-07-01 00:00:00+05:30,67.33,67.35,65.18,65.65,7454296
2014-07-02 00:00:00+05:30,66.48,66.6,65.05,65.4,9910378
2014-07-03 00:00:00+05:30,65.75,66.83,65.25,65.73,7640580
2014-07-04 00:00:00+05:30,65.4,65.6,63.68,64.53,7991076
2014-07-07 00:00:00+05:30,63.9,64.98,63.13,63.33,7520776
2014-07-08 00:00:00+05:30,63.5,63.7,58.5,59.28,9527770
2014-07-09 00:00:00+05:30,59.45,60.28,56.1,58.05,10099802
2014-07-10 00:00:00+05:30,57.5,61.93,56.05,59.38,12378098
2014-07-11 00:00:00+05:30,59.3,60.08,56.2,56.68,8137120
2014-07-14 00:00:00+05:30,56.13,59.1,55.5,58.5,8516850
2014-07-15 00:00:00+05:30,59.63,62.6,58.83,62.0,14407478
2014-07-16 00:00:00+05:30,63.38,64.45,61.93,62.55,26115506
2014-07-17 00:00:00+05:30,62.9,63.4,61.93,62.23,12118180
2014-07-18 00:00:00+05:30,61.85,63.4,60.58,63.05,11448500
2014-07-21 00:00:00+05:30,63.5,64.05,62.28,62.73,7845170
2014-07-22 00:00:00+05:30,63.3,63.3,61.25,61.83,6289102
2014-07-23 00:00:00+05:30,62.5,63.23,61.5,62.23,7504234
2014-07-24 00:00:00+05:30,62.08,62.85,61.58,61.88,6087924
2014-07-25 00:00:00+05:30,61.25,62.15,58.63,59.18,11924476
2014-07-28 00:00:00+05:30,59.2,60.15,59.03,59.8,4684988
2014-07-30 00:00:00+05:30,59.85,60.1,57.7,59.85,7506608
2014-07-31 00:00:00+05:30,59.38,61.35,59.38,59.98,18306958
2014-08-01 00:00:00+05:30,59.0,60.75,58.45,58.93,8485070
2014-08-04 00:00:00+05:30,59.4,60.2,59.03,59.78,5803270
2014-08-05 00:00:00+05:30,60.08,60.35,59.08,59.78,5191846
2014-08-06 00:00:00+05:30,59.2,60.43,59.15,59.7,7034422
2014-08-07 00:00:00+05:30,59.75,60.25,58.08,58.45,7064082
2014-08-08 00:00:00+05:30,57.9,57.9,56.25,56.48,7324502
2014-08-11 00:00:00+05:30,56.98,57.4,56.85,57.0,6677606
2014-08-12 00:00:00+05:30,57.1,57.58,56.55,57.4,4171082
2014-08-13 00:00:00+05:30,56.88,57.4,55.28,55.93,6890244
2014-08-14 00:00:00+05:30,55.78,57.45,55.63,57.28,6003966
2014-08-18 00:00:00+05:30,57.0,59.63,56.85,59.45,11947512
2014-08-19 00:00:00+05:30,59.83,60.85,59.4,60.15,11175322
2014-08-20 00:00:00+05:30,60.25,60.35,58.83,59.03,3893588
2014-08-21 00:00:00+05:30,58.95,61.7,58.95,61.3,9954184
2014-08-22 00:00:00+05:30,61.65,62.88,60.9,61.3,12642904
2014-08-25 00:00:00+05:30,61.73,62.0,58.85,59.28,6514670
2014-08-26 00:00:00+05:30,58.7,59.55,58.0,58.83,5651894
2014-08-28 00:00:00+05:30,61.48,61.48,60.03,60.38,8995556
2014-09-01 00:00:00+05:30,60.75,62.33,60.58,62.2,6971144
2014-09-02 00:00:00+05:30,62.5,62.8,61.55,61.75,6651580
2014-09-03 00:00:00+05:30,61.63,63.85,61.43,62.9,10945844
2014-09-04 00:00:00+05:30,62.58,63.68,61.5,62.73,7483734
2014-09-05 00:00:00+05:30,62.38,63.1,61.85,62.35,7625032
2014-09-08 00:00:00+05:30,62.65,63.6,62.1,63.28,9541954
2014-09-09 00:00:00+05:30,63.43,63.45,62.15,62.45,4757274
2014-09-10 00:00:00+05:30,62.2,62.3,61.5,62.0,4378516
2014-09-11 00:00:00+05:30,62.25,64.65,62.2,64.05,16696174
2014-09-12 00:00:00+05:30,64.38,64.43,63.55,63.75,10205908
2014-09-15 00:00:00+05:30,63.33,65.0,62.63,64.03,12591512
2014-09-16 00:00:00+05:30,63.95,64.95,59.95,61.1,10530518
2014-09-17 00:00:00+05:30,61.33,62.0,59.3,61.33,7750652
2014-09-18 00:00:00+05:30,61.25,63.2,60.85,62.68,5139630
2014-09-19 00:00:00+05:30,62.83,64.08,62.1,63.15,10429574
2014-09-22 00:00:00+05:30,62.18,64.5,62.05,64.18,8217134
2014-09-23 00:00:00+05:30,64.2,65.98,62.5,63.03,12710286
2014-09-24 00:00:00+05:30,63.03,63.95,62.5,63.33,6537884
2014-09-25 00:00:00+05:30,62.9,63.43,60.2,61.08,9971030
2014-09-26 00:00:00+05:30,60.85,63.3,60.05,62.85,5640330
2014-09-29 00:00:00+05:30,62.38,63.33,61.88,62.73,4397222
2014-09-30 00:00:00+05:30,62.15,64.18,61.7,62.93,5685258
2014-10-01 00:00:00+05:30,62.63,63.25,61.5,61.85,4748936
2014-10-07 00:00:00+05:30,62.25,62.88,60.45,60.8,4599462
2014-10-08 00:00:00+05:30,61.0,62.0,60.6,61.18,3450780
2014-10-09 00:00:00+05:30,61.6,66.3,61.6,65.95,13762054
2014-10-10 00:00:00+05:30,65.25,66.73,63.85,64.2,14493632
2014-10-13 00:00:00+05:30,63.55,68.15,63.33,67.85,12123892
2014-10-14 00:00:00+05:30,68.6,70.0,67.05,69.53,17730528
2014-10-16 00:00:00+05:30,69.45,69.8,65.1,65.75,15536302
2014-10-17 00:00:00+05:30,66.0,68.5,64.58,67.93,15749176
2014-10-20 00:00:00+05:30,69.7,70.23,68.7,69.33,15759578
2014-10-21 00:00:00+05:30,69.73,70.9,68.85,70.25,20224952
2014-10-22 00:00:00+05:30,71.25,71.6,69.55,70.83,10378104
2014-10-23 00:00:00+05:30,71.03,71.15,70.75,70.88,1442824
2014-10-27 00:00:00+05:30,71.03,71.4,68.58,69.18,10178988
2014-10-28 00:00:00+05:30,69.48,70.13,69.38,69.83,4737762
2014-10-29 00:00:00+05:30,70.05,70.48,69.28,69.53,4651076
2014-10-30 00:00:00+05:30,69.48,70.13,68.5,69.8,9348488
2014-10-31 00:00:00+05:30,70.0,71.4,69.65,71.03,8397346
2014-11-03 00:00:00+05:30,72.48,72.75,71.4,72.08,7346196
2014-11-05 00:00:00+05:30,72.15,73.5,71.98,73.0,7475212
2014-11-07 00:00:00+05:30,73.8,73.8,71.7,72.38,7449790
2014-11-10 00:00:00+05:30,72.5,72.95,71.1,72.68,5017866
2014-11-11 00:00:00+05:30,72.6,73.6,71.4,73.25,4905912
2014-11-12 00:00:00+05:30,73.5,73.68,72.25,72.65,4065984
2014-11-13 00:00:00+05:30,73.18,73.35,69.75,71.05,4089168
2014-11-14 00:00:00+05:30,70.9,72.6,69.53,69.8,10265022
2014-11-17 00:00:00+05:30,71.25,72.25,70.23,72.0,6894230
2014-11-18 00:00:00+05:30,71.63,72.35,71.05,71.83,5074064
2014-11-19 00:00:00+05:30,72.05,72.9,71.25,71.45,6094132
2014-11-20 00:00:00+05:30,71.1,71.8,70.35,71.15,4051352
2014-11-21 00:00:00+05:30,71.93,74.75,71.55,73.8,11748770
2014-11-24 00:00:00+05:30,74.0,74.73,72.8,73.05,5271518
2014-11-25 00:00:00+05:30,73.45,73.88,70.0,72.05,18898144
2014-11-26 00:00:00+05:30,72.0,72.63,71.13,71.75,4421384
2014-11-27 00:00:00+05:30,71.5,74.35,71.25,73.95,6943128
2014-11-28 00:00:00+05:30,74.63,76.48,74.3,75.9,9768876
2014-12-01 00:00:00+05:30,75.75,76.1,73.6,73.85,6518964
2014-12-02 00:00:00+05:30,73.5,74.23,72.1,73.28,8844578
2014-12-03 00:00:00+05:30,73.6,75.8,73.55,74.93,7703116
2014-12-04 00:00:00+05:30,75.03,75.35,73.2,73.65,5453374
2014-12-05 00:00:00+05:30,73.73,74.85,72.68,72.98,4590642
2014-12-08 00:00:00+05:30,72.95,73.33,70.23,70.65,5103174
2014-12-09 00:00:00+05:30,70.7,71.33,68.88,69.13,5255352
2014-12-10 00:00:00+05:30,68.5,70.88,68.1,70.38,7189266
2014-12-11 00:00:00+05:30,70.4,71.83,69.1,71.2,6459400
2014-12-12 00:00:00+05:30,71.95,72.25,70.8,71.1,4815752
2014-12-15 00:00:00+05:30,70.28,70.95,69.3,70.13,4691512
2014-12-16 00:00:00+05:30,69.1,70.53,66.45,66.95,6981690
2014-12-17 00:00:00+05:30,66.3,70.9,65.65,69.38,10025726
2014-12-18 00:00:00+05:30,71.0,71.65,70.1,70.83,5150322
2014-12-19 00:00:00+05:30,72.0,74.2,71.3,72.9,9783544
2014-12-22 00:00:00+05:30,72.85,73.33,71.6,72.95,3088264
2014-12-23 00:00:00+05:30,73.15,74.1,71.85,73.3,4821730
2014-12-24 00:00:00+05:30,73.4,74.25,72.75,73.85,6571100
2014-12-26 00:00:00+05:30,73.9,74.5,73.28,73.93,3164124
2014-12-29 00:00:00+05:30,74.35,75.6,73.5,74.73,4076750
2014-12-30 00:00:00+05:30,75.0,75.43,74.18,75.08,2247850
2014-12-31 00:00:00+05:30,75.35,75.98,74.65,75.85,2373742
2015-01-01 00:00:00+05:30,75.75,75.95,74.8,75.05,3335568
2015-01-02 00:00:00+05:30,75.05,75.9,74.2,74.5,4671958
2015-01-05 00:00:00+05:30,74.93,75.05,73.68,73.9,4015974
2015-01-06 00:00:00+05:30,73.15,74.43,72.55,72.85,5133636
2015-01-07 00:00:00+05:30,73.0,74.08,72.38,73.08,4635120
2015-01-08 00:00:00+05:30,74.25,74.75,73.58,74.25,10707970
2015-01-09 00:00:00+05:30,74.88,75.23,74.03,74.63,7128944
2015-01-12 00:00:00+05:30,74.55,75.4,74.03,74.93,5754872
2015-01-13 00:00:00+05:30,75.08,75.4,73.28,74.18,5226262
2015-01-14 00:00:00+05:30,74.25,75.0,73.25,74.08,5299726
2015-01-15 00:00:00+05:30,76.5,76.9,71.63,72.33,18783478
2015-01-16 00:00:00+05:30,72.93,73.03,71.53,72.38,8802216
2015-01-19 00:00:00+05:30,72.6,73.7,72.43,73.48,9952050
2015-01-20 00:00:00+05:30,74.0,74.08,72.25,72.43,10663742
2015-01-21 00:00:00+05:30,72.95,73.2,71.3,72.2,12292622
2015-01-22 00:00:00+05:30,72.55,72.95,71.6,71.93,7370600
2015-01-23 00:00:00+05:30,72.9,72.95,71.65,71.95,6686906
2015-01-27 00:00:00+05:30,72.0,72.9,72.0,72.6,6674604
2015-01-28 00:00:00+05:30,72.5,73.78,72.43,72.55,9174358
2015-01-29 00:00:00+05:30,72.45,73.23,71.65,72.13,10361696
2015-01-30 00:00:00+05:30,72.5,72.65,70.48,70.93,6540618
2015-02-02 00:00:00+05:30,70.95,72.75,69.75,72.4,4263996
2015-02-03 00:00:00+05:30,72.9,73.05,71.45,71.55,5252160
2015-02-04 00:00:00+05:30,71.75,71.93,69.93,70.05,4880360
2015-02-05 00:00:00+05:30,69.95,69.98,66.55,68.53,10884832
2015-02-06 00:00:00+05:30,68.9,70.4,68.43,69.83,7816662
2015-02-09 00:00:00+05:30,69.0,71.2,69.0,70.35,6057002
2015-02-10 00:00:00+05:30,69.95,71.4,67.13,68.85,5472650
2015-02-11 00:00:00+05:30,69.18,70.28,68.0,69.88,3683836
2015-02-12 00:00:00+05:30,69.98,70.6,69.05,70.35,3205282
2015-02-13 00:00:00+05:30,70.58,70.75,69.35,69.98,3616122
2015-02-16 00:00:00+05:30,70.0,70.5,69.25,69.5,4675190
2015-02-18 00:00:00+05:30,69.5,69.98,68.1,68.35,5510626
2015-02-19 00:00:00+05:30,68.6,69.25,67.53,68.35,3906832
2015-02-20 00:00:00+05:30,68.5,70.25,68.08,69.43,3867048
2015-02-23 00:00:00+05:30,71.0,72.68,71.0,71.43,8335508
2015-02-24 00:00:00+05:30,71.75,71.95,70.5,70.93,4809242
2015-02-25 00:00:00+05:30,71.2,71.55,69.7,70.2,3880080
2015-02-26 00:00:00+05:30,70.3,70.4,69.1,69.48,8719124
2015-02-27 00:00:00+05:30,69.08,71.35,69.08,71.1,3911514
2015-02-28 00:00:00+05:30,71.98,71.98,69.55,71.35,2938568
2015-03-02 00:00:00+05:30,72.5,75.7,71.9,75.08,11822278
2015-03-03 00:00:00+05:30,75.7,75.95,74.3,75.45,5302808
2015-03-04 00:00:00+05:30,76.75,77.2,72.38,73.03,6221302
2015-03-05 00:00:00+05:30,73.5,73.75,72.28,73.35,2779412
2015-03-09 00:00:00+05:30,72.25,72.7,71.0,71.5,2952272
2015-03-10 00:00:00+05:30,71.5,71.88,68.23,69.38,6970104
2015-03-11 00:00:00+05:30,69.45,69.78,68.55,69.23,4275620
2015-03-12 00:00:00+05:30,69.35,70.3,69.23,69.8,2513820
2015-03-13 00:00:00+05:30,70.25,70.4,67.68,68.0,6196714
2015-03-16 00:00:00+05:30,68.25,68.7,67.7,68.3,3382664
2015-03-17 00:00:00+05:30,68.75,70.75,68.75,70.35,3015166
2015-03-18 00:00:00+05:30,70.6,70.7,69.5,70.38,23554048
2015-03-19 00:00:00+05:30,71.0,71.3,69.0,69.68,2253804
2015-03-20 00:00:00+05:30,69.25,70.2,68.55,68.75,2829680
2015-03-23 00:00:00+05:30,69.2,69.23,67.3,67.8,1599708
2015-03-24 00:00:00+05:30,67.8,68.48,65.68,66.25,3731148
2015-03-25 00:00:00+05:30,66.45,68.5,66.33,68.18,2737970
2015-03-26 00:00:00+05:30,67.75,68.45,66.25,66.65,5942116
2015-03-27 00:00:00+05:30,66.9,67.0,63.65,65.78,6735426
2015-03-30 00:00:00+05:30,66.7,67.0,65.15,65.98,3118804
2015-03-31 00:00:00+05:30,66.45,66.98,64.9,66.03,3777944
2015-04-01 00:00:00+05:30,66.15,66.93,65.4,66.6,2512218
2015-04-06 00:00:00+05:30,66.65,66.95,64.55,65.1,4573566
2015-04-07 00:00:00+05:30,65.6,66.5,64.5,65.25,7918802
2015-04-08 00:00:00+05:30,65.5,65.53,64.05,65.25,7381624
2015-04-09 00:00:00+05:30,65.4,66.25,64.68,65.13,11463598
2015-04-10 00:00:00+05:30,65.23,65.45,64.15,64.35,6495198
2015-04-13 00:00:00+05:30,64.68,65.0,64.4,64.65,6213052
2015-04-15 00:00:00+05:30,65.03,67.43,65.0,66.28,8132774
2015-04-16 00:00:00+05:30,66.45,66.5,65.0,65.55,3303256
2015-04-17 00:00:00+05:30,65.73,66.38,65.28,65.83,3355994
2015-04-20 00:00:00+05:30,65.8,66.2,63.4,64.0,3481186
2015-04-21 00:00:00+05:30,63.85,64.45,63.5,63.98,3104264
2015-04-22 00:00:00+05:30,64.0,64.45,62.75,63.95,6124944
2015-04-23 00:00:00+05:30,64.28,64.93,64.08,64.53,2291584
2015-04-24 00:00:00+05:30,64.48,64.53,62.7,63.15,4555840
2015-04-27 00:00:00+05:30,63.2,63.35,60.83,61.3,6507308
2015-04-28 00:00:00+05:30,60.73,64.25,60.55,63.6,8609230
2015-04-29 00:00:00+05:30,64.0,66.23,62.95,65.38,9041926
2015-04-30 00:00:00+05:30,65.65,66.45,65.13,65.7,10586422
2015-05-04 00:00:00+05:30,65.95,68.6,65.95,68.25,2956252
2015-05-05 00:00:00+05:30,67.9,68.3,66.5,67.35,4818548
2015-05-06 00:00:00+05:30,67.4,67.88,63.6,64.15,4766914
2015-05-07 00:00:00+05:30,64.35,64.5,62.25,62.93,3267434
2015-05-08 00:00:00+05:30,63.55,66.63,62.6,65.65,4009450
2015-05-11 00:00:00+05:30,67.63,68.4,66.18,67.53,8401930
2015-05-12 00:00:00+05:30,67.98,68.18,64.9,65.13,5257984
2015-05-13 00:00:00+05:30,65.95,66.6,65.13,65.95,5783158
2015-05-14 00:00:00+05:30,65.88,69.3,65.13,68.43,4555134
2015-05-15 00:00:00+05:30,68.73,69.75,68.03,69.4,6056786
2015-05-18 00:00:00+05:30,71.0,71.08,68.1,68.38,6450698
2015-05-19 00:00:00+05:30,69.15,70.7,68.5,69.2,10158682
2015-05-20 00:00:00+05:30,69.75,70.98,69.38,70.48,5100782
2015-05-21 00:00:00+05:30,70.75,72.0,69.55,71.25,7571010
2015-05-22 00:00:00+05:30,71.23,71.9,70.0,70.23,5301902
2015-05-25 00:00:00+05:30,70.25,71.1,69.13,70.53,4175260
2015-05-26 00:00:00+05:30,70.68,71.65,70.05,70.75,4370166
2015-05-27 00:00:00+05:30,70.48,72.95,70.2,72.23,5115248
2015-05-28 00:00:00+05:30,71.9,72.65,70.78,71.43,5791704
2015-05-29 00:00:00+05:30,71.48,71.93,71.0,71.45,4178348
2015-06-01 00:00:00+05:30,71.75,71.95,70.8,71.43,2804556
2015-06-02 00:00:00+05:30,71.58,71.7,69.05,69.45,1982680
2015-06-03 00:00:00+05:30,69.0,69.95,67.88,68.95,2376718
2015-06-04 00:00:00+05:30,69.1,69.43,67.3,67.9,2168784
2015-06-05 00:00:00+05:30,67.2,68.15,67.2,67.68,3066790
2015-06-08 00:00:00+05:30,68.0,68.0,65.75,66.38,1894342
2015-06-09 00:00:00+05:30,66.3,68.33,66.1,67.98,2380700
2015-06-10 00:00:00+05:30,68.0,68.5,67.25,68.18,3245780
2015-06-11 00:00:00+05:30,68.38,68.55,65.7,65.98,2847700
2015-06-12 00:00:00+05:30,65.9,66.6,65.05,65.88,2184108
2015-06-15 00:00:00+05:30,66.0,67.35,65.5,66.2,2498966
2015-06-16 00:00:00+05:30,65.88,68.13,65.43,67.6,2334680
2015-06-17 00:00:00+05:30,68.0,71.0,67.4,70.45,6340736
2015-06-18 00:00:00+05:30,70.83,71.0,69.25,70.3,4359490
2015-06-19 00:00:00+05:30,70.75,71.13,70.1,70.8,1546134
2015-06-22 00:00:00+05:30,70.88,72.58,70.88,71.8,5281716
2015-06-23 00:00:00+05:30,72.2,72.25,69.53,71.18,4684840
2015-06-24 00:00:00+05:30,71.0,72.03,70.1,70.73,6124834
2015-06-25 00:00:00+05:30,70.5,75.85,70.5,74.75,26828282
2015-06-26 00:00:00+05:30,74.65,75.0,73.25,73.73,10954024
2015-06-29 00:00:00+05:30,71.0,73.93,70.45,73.6,4364868
2015-06-30 00:00:00+05:30,74.28,74.9,72.28,73.9,9062632
2015-07-01 00:00:00+05:30,74.3,75.45,74.0,75.03,4541356
2015-07-02 00:00:00+05:30,75.3,77.45,75.08,77.03,8806972
2015-07-03 00:00:00+05:30,77.78,79.8,76.93,77.28,12198796
2015-07-06 00:00:00+05:30,76.9,78.25,75.63,77.95,6974198
2015-07-07 00:00:00+05:30,78.43,78.75,76.3,76.9,7685900
2015-07-08 00:00:00+05:30,76.0,77.45,73.65,75.4,5425635
2015-07-09 00:00:00+05:30,75.4,76.7,74.35,76.1,2861199
2015-07-10 00:00:00+05:30,76.7,77.0,75.35,76.05,5002762
2015-07-13 00:00:00+05:30,76.9,78.9,76.25,78.4,3432781
2015-07-14 00:00:00+05:30,78.95,79.4,77.4,77.95,4933977
2015-07-15 00:00:00+05:30,79.0,79.0,76.15,77.6,8508969
2015-07-16 00:00:00+05:30,77.95,77.95,76.35,76.65,5442501
2015-07-17 00:00:00+05:30,77.2,77.25,75.6,75.8,4731519
2015-07-20 00:00:00+05:30,71.0,71.8,68.35,70.7,24382986
2015-07-21 00:00:00+05:30,70.9,71.55,69.3,69.65,5816339
2015-07-22 00:00:00+05:30,69.7,70.85,69.25,70.45,3516173
2015-07-23 00:00:00+05:30,70.9,71.1,69.65,69.9,3050129
2015-07-24 00:00:00+05:30,69.9,70.6,69.0,69.7,2151321
2015-07-27 00:00:00+05:30,69.4,69.75,68.0,68.25,2882297
2015-07-28 00:00:00+05:30,68.65,69.15,67.85,68.6,2427682
2015-07-29 00:00:00+05:30,68.95,69.4,68.0,68.5,2401468
2015-07-30 00:00:00+05:30,69.0,69.35,66.85,68.4,7828277
2015-07-31 00:00:00+05:30,69.0,69.3,67.4,67.75,5990656
2015-08-03 00:00:00+05:30,68.0,68.5,67.45,67.7,3195702
2015-08-04 00:00:00+05:30,68.0,68.2,66.95,67.5,3416234
2015-08-05 00:00:00+05:30,68.0,69.7,67.1,68.45,5066300
2015-08-06 00:00:00+05:30,68.0,68.4,67.35,67.6,2075573
2015-08-07 00:00:00+05:30,67.7,68.5,67.45,67.95,2616362
2015-08-10 00:00:00+05:30,68.3,68.3,67.0,67.2,1992261
2015-08-11 00:00:00+05:30,67.55,68.8,66.95,67.4,5064324
2015-08-12 00:00:00+05:30,67.2,67.65,65.0,65.15,3081344
2015-08-13 00:00:00+05:30,65.45,66.6,64.05,64.6,1916647
2015-08-14 00:00:00+05:30,65.0,67.4,64.65,67.2,1667262
2015-08-17 00:00:00+05:30,67.45,68.3,66.05,67.7,2667689
2015-08-18 00:00:00+05:30,67.95,68.15,67.1,67.45,1609578
2015-08-19 00:00:00+05:30,67.0,67.85,66.6,67.3,1715534
2015-08-20 00:00:00+05:30,67.0,67.8,66.15,66.7,1870466
2015-08-21 00:00:00+05:30,65.9,68.0,65.6,67.0,2940958
2015-08-24 00:00:00+05:30,65.0,65.5,60.4,60.95,8411376
2015-08-25 00:00:00+05:30,62.95,62.95,59.4,62.5,14581446
2015-08-26 00:00:00+05:30,62.35,62.35,59.75,60.75,13111336
2015-08-27 00:00:00+05:30,61.9,62.15,61.0,61.7,11357135
2015-08-28 00:00:00+05:30,62.9,63.3,61.5,62.45,4274159
2015-08-31 00:00:00+05:30,62.25,62.7,60.95,61.4,2935319
2015-09-01 00:00:00+05:30,61.0,61.0,58.9,59.25,2855491
2015-09-02 00:00:00+05:30,59.8,60.7,58.5,59.2,3040034
2015-09-03 00:00:00+05:30,59.9,60.0,59.0,59.35,3936087
2015-09-04 00:00:00+05:30,59.2,59.35,56.3,57.7,3045581
2015-09-07 00:00:00+05:30,58.3,58.65,56.8,57.2,3362359
2015-09-08 00:00:00+05:30,57.5,59.0,57.0,58.2,1845137
2015-09-09 00:00:00+05:30,59.0,59.9,58.35,59.7,2686344
2015-09-10 00:00:00+05:30,58.8,60.35,58.1,59.65,1831187
2015-09-11 00:00:00+05:30,60.2,61.85,59.75,60.4,2466486
2015-09-14 00:00:00+05:30,60.7,61.3,60.05,61.05,1373305
2015-09-15 00:00:00+05:30,61.5,61.85,59.75,60.0,1887838
2015-09-16 00:00:00+05:30,61.0,61.1,59.75,60.4,1574698
2015-09-18 00:00:00+05:30,61.2,63.8,61.0,63.2,5153098
2015-09-21 00:00:00+05:30,63.2,65.7,62.6,65.4,2875599
2015-09-22 00:00:00+05:30,65.9,66.35,63.5,63.6,2755245
2015-09-23 00:00:00+05:30,62.5,64.55,62.3,64.0,2658470
2015-09-24 00:00:00+05:30,63.9,65.0,63.55,64.45,3939405
2015-09-28 00:00:00+05:30,64.7,65.05,64.0,64.15,1313421
2015-09-29 00:00:00+05:30,63.65,65.3,63.15,64.55,3566781
2015-09-30 00:00:00+05:30,64.75,65.15,63.45,63.95,2745279
2015-10-01 00:00:00+05:30,64.5,66.65,64.05,65.35,2561003
2015-10-05 00:00:00+05:30,65.5,65.7,64.25,65.05,1624197
2015-10-06 00:00:00+05:30,65.25,65.85,64.3,65.15,3318851
2015-10-07 00:00:00+05:30,65.5,65.7,64.95,65.05,1655845
2015-10-08 00:00:00+05:30,65.15,65.6,64.2,64.5,2033204
2015-10-09 00:00:00+05:30,65.1,65.5,63.9,64.3,2305248
2015-10-12 00:00:00+05:30,64.5,67.0,64.0,66.3,2446966
2015-10-13 00:00:00+05:30,66.7,67.25,64.5,64.65,2800644
2015-10-14 00:00:00+05:30,64.8,65.5,64.2,64.4,2633653
2015-10-15 00:00:00+05:30,65.0,65.25,64.2,64.35,2084251
2015-10-16 00:00:00+05:30,64.55,65.0,64.2,64.55,2137860
2015-10-19 00:00:00+05:30,64.85,65.25,64.45,64.9,2662217
2015-10-20 00:00:00+05:30,66.0,67.0,64.6,65.45,4819815
2015-10-21 00:00:00+05:30,60.5,61.0,55.75,57.45,39584654
2015-10-23 00:00:00+05:30,58.5,58.95,56.75,57.05,12731250
2015-10-26 00:00:00+05:30,57.35,57.7,56.6,57.1,9868234
2015-10-27 00:00:00+05:30,57.2,57.45,56.4,56.55,4416595
2015-10-28 00:00:00+05:30,56.55,57.2,55.95,56.25,4132058
2015-10-29 00:00:00+05:30,56.35,56.75,54.9,55.15,5664819
2015-10-30 00:00:00+05:30,55.3,55.55,53.9,54.25,4935810
2015-11-02 00:00:00+05:30,54.6,55.3,52.15,54.75,3402929
2015-11-03 00:00:00+05:30,55.1,55.55,54.6,55.2,3626793
2015-11-04 00:00:00+05:30,55.9,55.9,55.0,55.2,2245920
2015-11-05 00:00:00+05:30,55.2,55.3,54.05,54.7,4610133
2015-11-06 00:00:00+05:30,54.9,55.95,54.3,54.6,3792178
2015-11-09 00:00:00+05:30,52.65,54.45,52.65,54.15,2633776
2015-11-10 00:00:00+05:30,54.0,54.85,53.45,53.65,1481266
2015-11-11 00:00:00+05:30,54.9,54.9,53.7,54.05,403345
2015-11-13 00:00:00+05:30,54.45,54.45,53.25,53.7,1228170
2015-11-16 00:00:00+05:30,53.7,56.9,53.55,56.75,4704868
2015-11-17 00:00:00+05:30,57.0,57.1,55.8,56.8,2648501
2015-11-18 00:00:00+05:30,56.85,57.6,55.0,55.55,3402737
2015-11-19 00:00:00+05:30,55.95,57.3,55.65,56.95,3439842
2015-11-20 00:00:00+05:30,57.2,57.2,56.1,56.4,2605502
2015-11-23 00:00:00+05:30,56.6,57.45,56.55,56.95,2377119
2015-11-24 00:00:00+05:30,56.95,57.1,56.4,56.9,1697499
2015-11-26 00:00:00+05:30,57.0,57.3,56.55,56.75,3272873
2015-11-27 00:00:00+05:30,58.0,59.4,56.9,58.75,6687403
2015-11-30 00:00:00+05:30,58.75,59.4,58.25,58.7,2845235
2015-12-01 00:00:00+05:30,58.9,59.2,58.4,58.9,1789274
2015-12-02 00:00:00+05:30,59.05,59.05,57.2,57.35,2448900
2015-12-03 00:00:00+05:30,57.2,57.9,57.0,57.0,3058001
2015-12-04 00:00:00+05:30,56.9,57.4,56.6,56.8,2091696
2015-12-07 00:00:00+05:30,57.1,57.75,56.95,57.55,1383865
2015-12-08 00:00:00+05:30,57.0,57.9,57.0,57.5,1355597
2015-12-09 00:00:00+05:30,57.35,57.9,54.85,55.0,2965072
2015-12-10 00:00:00+05:30,55.35,56.0,54.55,55.45,1369492
2015-12-11 00:00:00+05:30,55.5,56.95,54.0,54.4,2795464
2015-12-14 00:00:00+05:30,54.3,54.9,52.55,53.35,4496694
2015-12-15 00:00:00+05:30,53.75,54.0,52.9,53.75,3134948
2015-12-16 00:00:00+05:30,53.9,54.7,53.25,54.3,4215758
2015-12-17 00:00:00+05:30,54.9,56.0,54.7,55.15,7372321
2015-12-18 00:00:00+05:30,55.35,55.85,54.15,55.1,1813238
2015-12-21 00:00:00+05:30,55.1,56.5,54.9,56.3,1855261
2015-12-22 00:00:00+05:30,56.6,56.75,55.7,56.1,3630361
2015-12-23 00:00:00+05:30,56.45,57.1,56.3,56.45,2279949
2015-12-24 00:00:00+05:30,57.0,57.1,56.0,56.2,1032581
2015-12-28 00:00:00+05:30,56.2,57.1,56.05,56.75,3247911
2015-12-29 00:00:00+05:30,57.1,57.25,56.3,56.85,2580063
2015-12-30 00:00:00+05:30,56.8,57.15,56.15,56.4,1331057
2015-12-31 00:00:00+05:30,56.55,56.85,55.7,56.0,3677199
2016-01-01 00:00:00+05:30,56.25,57.15,55.8,56.95,1233722
2016-01-04 00:00:00+05:30,56.55,56.85,55.4,55.8,2143302
2016-01-05 00:00:00+05:30,55.9,56.35,55.55,55.75,2303821
2016-01-06 00:00:00+05:30,55.9,55.9,54.5,54.85,2476342
2016-01-07 00:00:00+05:30,54.4,54.6,52.2,52.5,4639507
2016-01-08 00:00:00+05:30,52.95,53.7,52.5,52.6,2035620
2016-01-11 00:00:00+05:30,52.75,53.0,51.25,52.3,2749591
2016-01-12 00:00:00+05:30,52.0,52.5,47.4,48.25,28531477
2016-01-13 00:00:00+05:30,48.4,51.1,47.8,49.75,21241380
2016-01-14 00:00:00+05:30,49.05,49.4,47.5,48.05,8931612
2016-01-15 00:00:00+05:30,48.7,48.7,47.55,47.95,8986344
2016-01-18 00:00:00+05:30,48.1,48.9,46.85,48.0,3757705
2016-01-19 00:00:00+05:30,48.25,49.15,48.0,48.55,4438820
2016-01-20 00:00:00+05:30,48.1,48.2,46.9,47.7,4079725
2016-01-21 00:00:00+05:30,48.4,48.9,46.95,47.45,4948719
2016-01-22 00:00:00+05:30,48.45,49.25,47.5,48.6,4028533
2016-01-25 00:00:00+05:30,48.9,49.2,47.0,47.15,2075043
2016-01-27 00:00:00+05:30,47.2,48.15,46.5,47.45,4197105
2016-01-28 00:00:00+05:30,47.4,47.45,46.15,46.5,5892246
2016-01-29 00:00:00+05:30,46.2,46.5,45.7,46.15,5891062
2016-02-01 00:00:00+05:30,46.7,47.15,45.75,46.9,2027299
2016-02-02 00:00:00+05:30,47.4,47.9,46.1,46.55,4096702
2016-02-03 00:00:00+05:30,45.9,46.5,44.8,46.05,2166176
2016-02-04 00:00:00+05:30,46.4,46.9,44.9,45.1,2722342
2016-02-05 00:00:00+05:30,45.15,46.15,45.0,45.8,2806592
2016-02-08 00:00:00+05:30,45.85,47.2,45.3,46.1,2420195
2016-02-09 00:00:00+05:30,45.9,45.95,44.4,44.6,2822916
2016-02-10 00:00:00+05:30,44.45,46.2,44.0,45.2,2963656
2016-02-11 00:00:00+05:30,46.5,46.5,43.25,43.55,6056864
2016-02-12 00:00:00+05:30,44.0,44.2,41.35,43.05,3597260
2016-02-15 00:00:00+05:30,43.5,45.15,43.1,44.3,2136143
2016-02-16 00:00:00+05:30,44.9,46.5,44.35,44.6,2985136
2016-02-17 00:00:00+05:30,44.85,46.15,42.8,45.75,2492173
2016-02-18 00:00:00+05:30,46.1,47.4,45.8,46.95,3528635
2016-02-19 00:00:00+05:30,46.8,48.95,46.6,48.3,5172375
2016-02-22 00:00:00+05:30,48.4,49.7,48.25,49.35,1898264
2016-02-23 00:00:00+05:30,49.35,49.6,47.75,48.2,3195022
2016-02-24 00:00:00+05:30,47.9,47.9,46.1,46.35,3430802
2016-02-25 00:00:00+05:30,45.95,46.7,44.75,44.9,4945135
2016-02-26 00:00:00+05:30,45.35,46.5,44.0,46.05,3651343
2016-02-29 00:00:00+05:30,46.85,47.45,44.25,46.25,3824197
2016-03-01 00:00:00+05:30,46.75,48.4,46.35,47.5,2715275
2016-03-02 00:00:00+05:30,48.2,50.5,47.75,50.1,2730399
2016-03-03 00:00:00+05:30,50.7,50.8,49.05,49.5,1562330
2016-03-04 00:00:00+05:30,49.75,52.0,48.75,49.9,6860819
2016-03-08 00:00:00+05:30,48.55,50.4,48.55,49.55,2145473
2016-03-09 00:00:00+05:30,49.15,49.95,48.5,48.85,4519962
2016-03-10 00:00:00+05:30,49.0,49.75,48.25,48.95,2007937
2016-03-11 00:00:00+05:30,48.4,49.55,48.2,48.5,1929945
2016-03-14 00:00:00+05:30,48.45,49.5,47.85,48.2,3410898
2016-03-15 00:00:00+05:30,48.35,48.7,47.4,47.65,4198150
2016-03-16 00:00:00+05:30,47.65,48.8,47.05,48.3,2434331
2016-03-17 00:00:00+05:30,48.7,51.7,48.6,50.1,7256399
2016-03-18 00:00:00+05:30,50.3,50.55,49.35,49.9,3063405
2016-03-21 00:00:00+05:30,50.0,50.7,49.8,50.5,1805886
2016-03-22 00:00:00+05:30,50.7,50.85,49.6,49.9,1591315
2016-03-23 00:00:00+05:30,50.0,50.35,49.5,49.6,3223033
2016-03-28 00:00:00+05:30,49.7,50.25,47.2,47.5,3376155
2016-03-29 00:00:00+05:30,47.45,48.55,46.55,46.95,4603252
2016-03-30 00:00:00+05:30,47.1,47.95,45.9,46.7,6294066
2016-03-31 00:00:00+05:30,47.05,47.3,45.75,46.45,34227524
2016-04-01 00:00:00+05:30,46.25,46.95,45.8,46.75,5933236
2016-04-04 00:00:00+05:30,47.2,47.35,44.65,44.85,9979240
2016-04-05 00:00:00+05:30,44.95,45.5,43.4,43.65,9058621
2016-04-06 00:00:00+05:30,44.0,44.45,43.55,43.95,3895840
2016-04-07 00:00:00+05:30,44.4,44.4,42.6,42.75,4453874
2016-04-08 00:00:00+05:30,42.8,43.35,42.4,43.15,3675193
2016-04-11 00:00:00+05:30,43.5,43.8,43.1,43.55,2366043
2016-04-12 00:00:00+05:30,43.5,44.45,43.5,44.05,5389314
2016-04-13 00:00:00+05:30,44.55,45.15,44.25,44.75,3124349
2016-04-18 00:00:00+05:30,44.75,45.5,44.3,45.25,3812853
2016-04-20 00:00:00+05:30,45.4,45.5,43.4,43.9,10468894
2016-04-21 00:00:00+05:30,44.4,46.65,44.35,46.05,14429884
2016-04-22 00:00:00+05:30,46.1,48.05,45.65,47.4,9329005
2016-04-25 00:00:00+05:30,47.5,48.7,46.8,48.15,7096494
2016-04-26 00:00:00+05:30,48.25,49.35,47.45,48.4,8525220
2016-04-27 00:00:00+05:30,48.4,49.0,47.9,48.0,6090050
2016-04-28 00:00:00+05:30,48.2,48.5,46.2,46.4,15181075
2016-04-29 00:00:00+05:30,46.65,47.1,44.5,45.85,9018425
2016-05-02 00:00:00+05:30,44.0,47.65,43.65,46.45,18350641
2016-05-03 00:00:00+05:30,46.15,47.5,46.15,46.9,12082250
2016-05-04 00:00:00+05:30,47.0,50.15,46.9,48.85,23356690
2016-05-05 00:00:00+05:30,49.6,50.15,48.4,48.95,10460056
2016-05-06 00:00:00+05:30,48.95,49.05,47.65,48.2,5286492
2016-05-09 00:00:00+05:30,48.6,49.55,48.15,49.3,6810621
2016-05-10 00:00:00+05:30,49.45,50.15,48.55,49.15,11669842
2016-05-11 00:00:00+05:30,48.3,49.4,48.0,48.6,6072529
2016-05-12 00:00:00+05:30,49.15,49.15,48.45,48.85,3849916
2016-05-13 00:00:00+05:30,48.5,51.2,48.5,49.95,16833926
2016-05-16 00:00:00+05:30,49.5,51.2,49.0,50.85,7695351
2016-05-17 00:00:00+05:30,51.45,51.45,50.1,50.55,5958804
2016-05-18 00:00:00+05:30,50.3,50.85,50.0,50.4,6090880
2016-05-19 00:00:00+05:30,50.35,50.85,49.45,49.65,4507542
2016-05-20 00:00:00+05:30,49.85,51.35,49.35,50.6,11110008
2016-05-23 00:00:00+05:30,50.4,51.2,49.25,49.55,7252042
2016-05-24 00:00:00+05:30,49.6,50.2,49.25,49.45,4739574
2016-05-25 00:00:00+05:30,49.95,51.0,49.8,50.7,4942604
2016-05-26 00:00:00+05:30,51.0,53.5,50.95,52.75,20589614
2016-05-27 00:00:00+05:30,53.1,53.7,52.1,52.55,8218025
2016-05-30 00:00:00+05:30,53.0,53.3,52.2,52.4,3282617
2016-05-31 00:00:00+05:30,52.5,52.75,51.15,52.35,5768693
2016-06-01 00:00:00+05:30,52.35,52.5,50.75,50.95,4018086
2016-06-02 00:00:00+05:30,50.85,51.7,49.9,51.5,5210921
2016-06-03 00:00:00+05:30,51.75,51.85,50.7,51.0,2192138
2016-06-06 00:00:00+05:30,52.0,54.1,51.5,53.6,11489645
2016-06-07 00:00:00+05:30,54.45,57.5,53.4,56.65,24460189
2016-06-08 00:00:00+05:30,56.65,58.7,55.9,57.95,16620703
2016-06-09 00:00:00+05:30,57.8,59.0,56.7,58.35,12163890
2016-06-10 00:00:00+05:30,57.8,59.3,56.35,58.45,9726689
2016-06-13 00:00:00+05:30,58.15,58.15,55.6,56.8,7144813
2016-06-14 00:00:00+05:30,57.35,58.7,57.2,58.45,4646199
2016-06-15 00:00:00+05:30,59.1,60.6,58.75,59.1,7112114
2016-06-16 00:00:00+05:30,58.85,58.85,57.35,57.7,6544541
2016-06-17 00:00:00+05:30,58.35,58.75,57.25,57.75,4577292
2016-06-20 00:00:00+05:30,57.0,57.75,53.65,57.0,5559439
2016-06-21 00:00:00+05:30,56.6,57.5,56.45,56.7,3758573
2016-06-22 00:00:00+05:30,56.7,57.3,55.25,55.65,3919754
2016-06-23 00:00:00+05:30,55.8,56.35,54.9,56.0,7986038
2016-06-24 00:00:00+05:30,53.9,55.4,52.0,55.05,9695858
2016-06-27 00:00:00+05:30,54.8,56.5,54.5,55.95,4062769
2016-06-28 00:00:00+05:30,55.9,56.55,55.65,56.0,3237130
2016-06-29 00:00:00+05:30,56.3,56.75,56.05,56.25,4121431
2016-06-30 00:00:00+05:30,56.8,58.35,56.35,57.6,28708743
2016-07-01 00:00:00+05:30,58.4,60.35,58.0,59.0,9742487
2016-07-04 00:00:00+05:30,59.5,61.45,59.5,60.8,9120864
2016-07-05 00:00:00+05:30,60.95,61.35,59.8,60.0,4307465
2016-07-07 00:00:00+05:30,60.25,61.0,59.65,60.0,5258720
2016-07-08 00:00:00+05:30,59.8,61.6,59.0,60.95,6129624
2016-07-11 00:00:00+05:30,61.6,62.6,61.05,61.4,7775645
2016-07-12 00:00:00+05:30,62.5,63.25,62.0,62.4,9637177
2016-07-13 00:00:00+05:30,62.5,62.8,60.6,61.1,5933172
2016-07-14 00:00:00+05:30,61.05,63.2,60.75,62.7,7262056
2016-07-15 00:00:00+05:30,63.0,63.5,61.35,61.55,5771403
2016-07-18 00:00:00+05:30,61.65,62.3,59.0,59.75,15521853
2016-07-19 00:00:00+05:30,59.7,60.95,58.4,60.25,8169024
2016-07-20 00:00:00+05:30,60.05,62.9,59.5,62.7,7813627
2016-07-21 00:00:00+05:30,62.8,62.85,60.45,60.95,6640806
2016-07-22 00:00:00+05:30,61.2,64.25,60.3,63.85,22924361
2016-07-25 00:00:00+05:30,64.9,66.4,63.5,66.1,21420811
2016-07-26 00:00:00+05:30,66.5,67.3,64.0,64.5,10029597
2016-07-27 00:00:00+05:30,64.8,65.8,64.4,65.0,5942048
2016-07-28 00:00:00+05:30,65.25,65.9,64.5,64.8,7999757
2016-07-29 00:00:00+05:30,64.4,65.7,64.1,64.65,4607290
2016-08-01 00:00:00+05:30,64.85,65.4,63.35,65.0,5802961
2016-08-02 00:00:00+05:30,65.2,65.5,63.0,63.35,10020546
2016-08-03 00:00:00+05:30,63.5,63.75,61.65,61.9,6635181
2016-08-04 00:00:00+05:30,62.5,63.25,61.4,62.75,6881864
2016-08-05 00:00:00+05:30,63.5,64.6,62.9,64.15,9250859
2016-08-08 00:00:00+05:30,64.4,64.6,63.25,63.55,2776798
2016-08-09 00:00:00+05:30,63.65,64.3,62.95,63.95,4180054
2016-08-10 00:00:00+05:30,64.2,64.25,62.4,62.7,3839950
2016-08-11 00:00:00+05:30,62.7,63.25,62.1,63.05,5117810
2016-08-12 00:00:00+05:30,63.1,64.7,62.7,63.6,6347431
2016-08-16 00:00:00+05:30,63.95,65.25,62.9,64.95,6299094
2016-08-17 00:00:00+05:30,64.95,65.45,63.7,64.25,6168234
2016-08-18 00:00:00+05:30,64.5,65.2,64.4,64.95,4980747
2016-08-19 00:00:00+05:30,65.5,66.85,64.65,66.5,8033269
2016-08-22 00:00:00+05:30,67.0,67.45,65.7,66.5,7304279
2016-08-23 00:00:00+05:30,66.35,67.45,66.1,66.95,5160447
2016-08-24 00:00:00+05:30,67.2,67.9,66.75,67.75,4920304
2016-08-25 00:00:00+05:30,67.8,68.25,66.4,66.8,6674726
2016-08-26 00:00:00+05:30,66.85,67.2,65.55,66.55,3980860
2016-08-29 00:00:00+05:30,66.7,67.4,66.0,67.05,3045376
2016-08-30 00:00:00+05:30,67.4,68.0,67.1,67.8,3209370
2016-08-31 00:00:00+05:30,68.45,70.0,67.95,68.75,13307890
2016-09-01 00:00:00+05:30,68.75,70.65,68.55,69.65,9047870
2016-09-02 00:00:00+05:30,69.75,70.45,69.2,70.1,3622856
2016-09-06 00:00:00+05:30,70.3,72.2,70.3,71.8,8454682
2016-09-07 00:00:00+05:30,72.25,76.3,72.0,74.4,26037892
2016-09-08 00:00:00+05:30,74.45,74.6,72.8,73.8,7022254
2016-09-09 00:00:00+05:30,73.7,74.05,72.6,73.45,5164459
2016-09-12 00:00:00+05:30,70.5,72.3,70.25,70.9,5177860
2016-09-14 00:00:00+05:30,71.0,73.1,71.0,72.4,11568286
2016-09-15 00:00:00+05:30,72.75,72.9,70.2,71.55,7865539
2016-09-16 00:00:00+05:30,72.0,73.55,71.9,72.45,11056353
2016-09-19 00:00:00+05:30,72.65,74.45,72.2,74.05,5894406
2016-09-20 00:00:00+05:30,74.1,74.15,71.5,71.9,6794459
2016-09-21 00:00:00+05:30,72.35,72.45,70.7,71.0,6666568
2016-09-22 00:00:00+05:30,71.9,73.95,71.65,73.2,24121594
2016-09-23 00:00:00+05:30,73.75,73.85,72.4,72.9,6961736
2016-09-26 00:00:00+05:30,72.35,74.2,72.2,72.95,6201472
2016-09-27 00:00:00+05:30,73.3,73.65,72.3,72.4,5441100
2016-09-28 00:00:00+05:30,72.45,75.85,72.4,75.55,29019523
2016-09-29 00:00:00+05:30,76.6,76.65,68.15,70.3,18495629
2016-09-30 00:00:00+05:30,70.2,72.6,69.55,72.0,6218299
2016-10-03 00:00:00+05:30,73.0,74.7,72.45,74.3,4341550
2016-10-04 00:00:00+05:30,74.9,75.8,73.95,75.4,7429132
2016-10-05 00:00:00+05:30,75.6,75.95,73.95,74.3,6759451
2016-10-06 00:00:00+05:30,74.35,74.7,72.5,73.05,4579197
2016-10-07 00:00:00+05:30,73.35,73.6,72.65,73.2,3069265
2016-10-10 00:00:00+05:30,73.3,73.6,72.5,73.0,2972760
2016-10-13 00:00:00+05:30,72.65,72.8,69.25,70.55,5978148
2016-10-14 00:00:00+05:30,70.75,71.2,69.9,70.95,6368612
2016-10-17 00:00:00+05:30,71.3,71.7,69.65,70.1,5675890
2016-10-18 00:00:00+05:30,70.2,72.35,70.2,71.9,3867227
2016-10-19 00:00:00+05:30,72.2,72.2,70.4,70.6,4782306
2016-10-20 00:00:00+05:30,71.95,73.75,70.8,73.25,6750740
2016-10-21 00:00:00+05:30,73.0,73.5,71.55,73.15,3738067
2016-10-24 00:00:00+05:30,73.8,75.4,72.7,75.0,6862511
2016-10-25 00:00:00+05:30,75.0,81.8,74.1,81.2,31819592
2016-10-26 00:00:00+05:30,81.05,85.95,79.85,82.0,32173604
2016-10-27 00:00:00+05:30,81.75,82.3,80.15,81.55,10643052
2016-10-28 00:00:00+05:30,81.3,83.3,80.75,81.95,6723102
2016-10-30 00:00:00+05:30,82.55,82.75,82.1,82.3,914865
2016-11-01 00:00:00+05:30,82.6,83.2,80.8,81.9,11624949
2016-11-02 00:00:00+05:30,80.0,80.75,78.7,79.45,5538960
2016-11-03 00:00:00+05:30,79.15,80.3,76.65,76.85,10153031
2016-11-04 00:00:00+05:30,77.45,78.4,75.05,76.6,6653592
2016-11-07 00:00:00+05:30,78.25,78.3,77.0,77.25,7582760
2016-11-08 00:00:00+05:30,77.9,78.15,76.75,77.1,12990195
2016-11-09 00:00:00+05:30,70.0,76.8,69.4,76.2,19145196
2016-11-10 00:00:00+05:30,77.4,82.0,77.4,80.3,26573364
2016-11-11 00:00:00+05:30,81.0,83.1,76.75,77.3,24565702
2016-11-15 00:00:00+05:30,77.7,78.5,70.6,73.8,16479006
2016-11-16 00:00:00+05:30,75.75,76.25,71.75,72.35,12966546
2016-11-17 00:00:00+05:30,73.0,74.25,72.15,73.05,11953021
2016-11-18 00:00:00+05:30,73.8,74.0,70.8,71.1,11193629
2016-11-21 00:00:00+05:30,71.85,71.85,65.6,66.95,17945593
2016-11-22 00:00:00+05:30,68.45,69.9,66.55,69.65,13321421
2016-11-23 00:00:00+05:30,70.1,70.7,68.65,69.6,7841378
2016-11-24 00:00:00+05:30,69.0,69.15,67.55,67.9,10846663
2016-11-25 00:00:00+05:30,68.5,71.45,68.0,70.65,9039700
2016-11-28 00:00:00+05:30,68.85,70.5,68.55,69.95,8137813
2016-11-29 00:00:00+05:30,70.45,71.0,69.35,69.55,5027929
2016-11-30 00:00:00+05:30,70.0,71.3,69.6,70.8,8407205
2016-12-01 00:00:00+05:30,70.7,71.1,69.1,69.35,4137485
2016-12-02 00:00:00+05:30,68.0,69.2,67.5,68.2,7125822
2016-12-05 00:00:00+05:30,68.3,68.8,67.7,68.2,4307805
2016-12-06 00:00:00+05:30,68.55,70.0,67.55,69.85,10265103
2016-12-07 00:00:00+05:30,70.0,72.45,68.5,69.2,22578274
2016-12-08 00:00:00+05:30,69.6,70.6,69.5,70.3,4566615
2016-12-09 00:00:00+05:30,71.2,71.65,70.0,71.2,6304513
2016-12-12 00:00:00+05:30,71.7,71.75,69.9,70.55,5402939
2016-12-13 00:00:00+05:30,70.05,71.45,69.55,70.95,4723635
2016-12-14 00:00:00+05:30,71.3,71.3,69.45,69.65,5276252
2016-12-15 00:00:00+05:30,68.5,70.7,68.5,69.45,5290219
2016-12-16 00:00:00+05:30,69.7,69.95,68.4,68.6,3990349
2016-12-19 00:00:00+05:30,68.45,68.45,67.65,68.0,3926934
2016-12-20 00:00:00+05:30,68.0,68.45,67.5,67.8,4616338
2016-12-21 00:00:00+05:30,68.0,68.4,66.75,67.0,3179052
2016-12-22 00:00:00+05:30,66.8,66.95,65.55,65.8,2898256
2016-12-23 00:00:00+05:30,66.0,66.45,64.2,65.0,7838087
2016-12-26 00:00:00+05:30,65.45,65.5,61.8,62.4,5115520
2016-12-27 00:00:00+05:30,62.85,64.85,62.6,64.3,5719244
2016-12-28 00:00:00+05:30,64.55,66.1,63.8,65.3,5619455
2016-12-29 00:00:00+05:30,65.65,66.85,64.6,66.25,12506202
2016-12-30 00:00:00+05:30,66.5,67.65,66.15,66.85,2818522
2017-01-02 00:00:00+05:30,67.1,67.55,65.7,66.05,6869503
2017-01-03 00:00:00+05:30,66.5,66.8,65.7,66.15,3323564
2017-01-04 00:00:00+05:30,66.35,66.9,65.5,65.75,3698802
2017-01-05 00:00:00+05:30,66.1,68.0,65.95,67.5,10842222
2017-01-06 00:00:00+05:30,67.75,68.5,66.95,67.2,4708592
2017-01-09 00:00:00+05:30,67.85,68.5,67.15,68.35,2886785
2017-01-10 00:00:00+05:30,68.85,70.0,68.4,69.9,6108650
2017-01-11 00:00:00+05:30,70.5,73.7,70.1,72.55,16348712
2017-01-12 00:00:00+05:30,72.8,73.75,71.8,72.35,6726583
2017-01-13 00:00:00+05:30,72.9,73.45,71.2,72.55,6595497
2017-01-16 00:00:00+05:30,72.95,75.15,72.5,74.7,8724396
2017-01-17 00:00:00+05:30,75.0,76.1,74.65,75.55,9160548
2017-01-18 00:00:00+05:30,75.6,77.0,75.55,76.8,8962794
2017-01-19 00:00:00+05:30,77.25,78.0,74.3,77.1,28956770
2017-01-20 00:00:00+05:30,77.0,79.7,76.75,78.05,22158057
2017-01-23 00:00:00+05:30,78.25,79.1,77.45,78.0,9675460
2017-01-24 00:00:00+05:30,78.25,80.0,77.9,78.55,10442500
2017-01-25 00:00:00+05:30,79.7,79.7,77.95,78.8,12644279
2017-01-27 00:00:00+05:30,79.15,79.8,78.2,78.6,8489960
2017-01-30 00:00:00+05:30,78.5,78.75,77.25,77.45,4483892
2017-01-31 00:00:00+05:30,77.5,77.6,75.45,76.05,5736347
2017-02-01 00:00:00+05:30,76.5,80.0,76.3,79.35,12935817
2017-02-02 00:00:00+05:30,79.6,84.5,78.8,83.9,19430128
2017-02-03 00:00:00+05:30,85.45,85.9,84.0,84.55,14665583
2017-02-06 00:00:00+05:30,85.5,85.5,83.15,84.0,9154207
2017-02-07 00:00:00+05:30,84.45,84.45,82.4,83.05,5880732
2017-02-08 00:00:00+05:30,83.2,84.0,81.8,83.4,8267416
2017-02-09 00:00:00+05:30,84.0,85.6,83.0,83.9,17910784
2017-02-10 00:00:00+05:30,84.4,84.9,83.55,84.45,13089790
2017-02-13 00:00:00+05:30,84.85,85.0,82.75,83.95,5544027
2017-02-14 00:00:00+05:30,84.0,84.0,82.8,83.15,3252373
2017-02-15 00:00:00+05:30,83.45,83.55,79.85,81.05,6613357
2017-02-16 00:00:00+05:30,80.95,83.4,80.4,82.6,5367104
2017-02-17 00:00:00+05:30,83.0,85.1,83.0,83.4,12809121
2017-02-20 00:00:00+05:30,83.75,86.5,82.65,85.95,20619578
2017-02-21 00:00:00+05:30,85.85,87.25,85.5,86.1,12978855
2017-02-22 00:00:00+05:30,86.0,86.25,83.55,84.3,7316238
2017-02-23 00:00:00+05:30,84.9,85.35,83.65,84.1,8264166
2017-02-27 00:00:00+05:30,83.55,83.95,82.3,83.3,6370466
2017-02-28 00:00:00+05:30,83.35,88.15,82.8,87.35,23920035
2017-03-01 00:00:00+05:30,88.2,89.8,86.7,88.05,17916708
2017-03-02 00:00:00+05:30,88.15,89.55,84.4,84.85,14605152
2017-03-03 00:00:00+05:30,85.2,85.65,83.6,85.3,8213427
2017-03-06 00:00:00+05:30,85.85,85.9,84.5,85.35,8550522
2017-03-07 00:00:00+05:30,85.45,85.65,84.25,84.65,3452546
2017-03-08 00:00:00+05:30,84.8,85.45,82.85,84.3,4694631
2017-03-09 00:00:00+05:30,84.75,86.8,83.95,85.6,7857869
2017-03-10 00:00:00+05:30,86.25,86.8,84.55,85.0,5344785
2017-03-14 00:00:00+05:30,87.25,87.6,85.7,86.35,8366261
2017-03-15 00:00:00+05:30,85.3,87.7,85.3,86.4,7212723
2017-03-16 00:00:00+05:30,86.6,89.25,86.6,88.45,11395845
2017-03-17 00:00:00+05:30,88.9,88.95,86.75,87.3,5464673
2017-03-20 00:00:00+05:30,87.35,87.75,85.9,86.9,4625435
2017-03-21 00:00:00+05:30,87.0,89.0,86.05,88.75,9967617
2017-03-22 00:00:00+05:30,87.65,88.65,86.8,87.05,5306932
2017-03-23 00:00:00+05:30,87.1,88.45,87.1,88.25,5781680
2017-03-24 00:00:00+05:30,88.35,90.65,88.05,89.85,14152906
2017-03-27 00:00:00+05:30,90.4,91.15,89.5,90.0,8532418
2017-03-28 00:00:00+05:30,90.75,91.4,90.3,90.55,9189684
2017-03-29 00:00:00+05:30,90.95,91.5,89.85,91.15,7031000
2017-03-30 00:00:00+05:30,91.5,91.85,90.4,90.75,8351438
2017-03-31 00:00:00+05:30,90.05,92.0,90.05,91.45,7827606
2017-04-03 00:00:00+05:30,91.55,91.7,89.85,90.5,6097441
2017-04-05 00:00:00+05:30,90.85,91.5,90.1,91.0,6349552
2017-04-06 00:00:00+05:30,91.0,91.05,88.65,88.9,11782213
2017-04-07 00:00:00+05:30,88.7,89.65,87.0,87.85,10143140
2017-04-10 00:00:00+05:30,88.2,90.3,87.9,89.95,4237070
2017-04-11 00:00:00+05:30,90.55,92.35,90.1,92.0,8236314
2017-04-12 00:00:00+05:30,92.0,93.65,90.65,92.55,13239225
2017-04-13 00:00:00+05:30,92.6,93.4,92.35,92.6,5563407
2017-04-17 00:00:00+05:30,92.55,93.15,91.6,92.55,3660774
2017-04-18 00:00:00+05:30,93.0,94.35,91.35,91.95,7449732
2017-04-19 00:00:00+05:30,91.85,92.5,91.0,91.65,5784225
2017-04-20 00:00:00+05:30,92.0,92.95,91.5,92.55,4662182
2017-04-21 00:00:00+05:30,92.9,94.0,91.95,92.35,5605695
2017-04-24 00:00:00+05:30,92.7,93.4,92.35,92.9,3214216
2017-04-25 00:00:00+05:30,93.9,95.0,93.1,93.95,7145522
2017-04-26 00:00:00+05:30,94.8,95.65,93.1,94.45,9610803
2017-04-27 00:00:00+05:30,95.4,95.45,93.65,94.35,6952340
2017-04-28 00:00:00+05:30,94.9,109.0,94.55,107.6,75605938
2017-05-02 00:00:00+05:30,110.0,115.35,110.0,112.5,52498477
2017-05-03 00:00:00+05:30,113.7,113.85,110.15,112.05,22987164
2017-05-04 00:00:00+05:30,112.85,113.85,111.35,112.55,15770969
2017-05-05 00:00:00+05:30,113.5,120.0,112.5,116.4,60770643
2017-05-08 00:00:00+05:30,117.8,119.7,117.5,118.55,16344872
2017-05-09 00:00:00+05:30,118.85,118.95,115.5,118.05,10864570
2017-05-10 00:00:00+05:30,119.15,119.4,116.5,117.15,9361120
2017-05-11 00:00:00+05:30,118.25,118.25,115.3,116.0,12038623
2017-05-12 00:00:00+05:30,116.55,117.15,113.65,114.9,9838564
2017-05-15 00:00:00+05:30,115.35,117.55,114.9,117.25,7031563
2017-05-16 00:00:00+05:30,116.0,116.2,114.2,115.35,7183841
2017-05-17 00:00:00+05:30,115.2,116.4,114.5,114.8,3856772
2017-05-18 00:00:00+05:30,113.95,114.7,110.7,111.1,6190988
2017-05-19 00:00:00+05:30,111.95,114.4,110.05,112.35,8396256
2017-05-22 00:00:00+05:30,112.8,113.55,110.15,110.45,6050697
2017-05-23 00:00:00+05:30,110.6,110.85,104.45,107.85,10300344
2017-05-24 00:00:00+05:30,108.0,110.75,105.55,107.3,8820452
2017-05-25 00:00:00+05:30,107.85,111.25,107.15,110.85,11902049
2017-05-26 00:00:00+05:30,111.5,113.6,111.25,112.55,7319175
2017-05-29 00:00:00+05:30,112.6,112.75,108.4,108.75,5494488
2017-05-30 00:00:00+05:30,108.7,110.95,106.65,110.35,4843606
2017-05-31 00:00:00+05:30,110.75,112.0,110.05,111.45,7377724
2017-06-01 00:00:00+05:30,111.0,117.0,110.7,116.1,14581768
2017-06-02 00:00:00+05:30,117.0,117.2,113.85,114.3,8662159
2017-06-05 00:00:00+05:30,115.0,115.6,113.45,114.15,6186754
2017-06-06 00:00:00+05:30,114.4,114.6,111.4,112.5,4486524
2017-06-07 00:00:00+05:30,112.5,115.7,112.05,115.0,6310281
2017-06-08 00:00:00+05:30,116.3,116.95,114.05,116.3,12372472
2017-06-09 00:00:00+05:30,115.25,118.35,115.25,116.85,15284733
2017-06-12 00:00:00+05:30,116.15,116.3,113.75,114.1,5713884
2017-06-13 00:00:00+05:30,114.5,116.65,114.3,114.9,6918903
2017-06-14 00:00:00+05:30,114.7,117.2,114.1,116.3,9351622
2017-06-15 00:00:00+05:30,115.1,119.75,115.1,119.0,14699491
2017-06-16 00:00:00+05:30,120.0,122.4,119.8,120.9,25554992
2017-06-19 00:00:00+05:30,122.0,122.05,119.0,119.25,8649690
2017-06-20 00:00:00+05:30,119.95,120.75,118.2,118.75,5522575
2017-06-21 00:00:00+05:30,118.4,118.9,115.95,116.7,15779510
2017-06-22 00:00:00+05:30,117.5,119.55,117.05,117.5,10500032
2017-06-23 00:00:00+05:30,117.7,117.85,114.4,115.05,10950817
2017-06-27 00:00:00+05:30,115.3,115.3,111.3,112.6,8884104
2017-06-28 00:00:00+05:30,112.5,113.4,111.05,111.95,11606357
2017-06-29 00:00:00+05:30,112.55,114.9,112.35,113.0,17552939
2017-06-30 00:00:00+05:30,113.05,113.3,111.7,112.85,4641551
2017-07-03 00:00:00+05:30,112.8,113.45,111.7,112.3,4675335
2017-07-04 00:00:00+05:30,112.85,113.05,111.4,112.25,5006795
2017-07-05 00:00:00+05:30,111.6,115.4,111.6,114.85,7055376
2017-07-06 00:00:00+05:30,115.5,116.25,115.1,115.55,9718767
2017-07-07 00:00:00+05:30,115.7,116.3,115.1,115.9,6261995
2017-07-10 00:00:00+05:30,118.0,118.0,113.85,114.5,2826576
2017-07-11 00:00:00+05:30,115.5,115.5,113.75,113.95,5559727
2017-07-12 00:00:00+05:30,114.5,115.8,113.9,115.1,4976887
2017-07-13 00:00:00+05:30,115.5,116.5,114.95,115.15,5819992
2017-07-14 00:00:00+05:30,115.8,116.8,114.1,115.8,10842748
2017-07-17 00:00:00+05:30,116.0,116.25,113.55,114.1,8476012
2017-07-18 00:00:00+05:30,113.9,115.3,112.95,113.4,6250737
2017-07-19 00:00:00+05:30,116.5,116.65,114.45,115.5,9411277
2017-07-20 00:00:00+05:30,115.9,119.5,115.5,119.0,18359677
2017-07-21 00:00:00+05:30,119.5,120.45,116.55,117.4,14601788
2017-07-24 00:00:00+05:30,117.2,118.6,116.75,116.95,7711374
2017-07-25 00:00:00+05:30,117.4,119.8,117.0,119.35,10828431
2017-07-26 00:00:00+05:30,119.85,121.4,111.85,115.0,44404736
2017-07-27 00:00:00+05:30,115.95,115.95,112.5,113.1,22309046
2017-07-28 00:00:00+05:30,112.75,114.75,112.65,113.75,7181557
2017-07-31 00:00:00+05:30,114.0,115.95,113.95,115.25,10095171
2017-08-01 00:00:00+05:30,116.25,116.25,114.1,115.1,6973313
2017-08-02 00:00:00+05:30,115.45,115.65,114.05,114.8,5967479
2017-08-03 00:00:00+05:30,114.05,115.0,113.15,113.4,9066621
2017-08-04 00:00:00+05:30,113.35,114.9,112.25,114.25,7665047
2017-08-07 00:00:00+05:30,114.25,114.9,113.4,114.5,5649172
2017-08-08 00:00:00+05:30,115.4,115.4,112.0,112.3,9187466
2017-08-09 00:00:00+05:30,112.0,113.15,107.5,108.3,13541654
2017-08-10 00:00:00+05:30,107.0,107.75,102.1,104.7,8889947
2017-08-11 00:00:00+05:30,103.0,107.0,100.55,105.65,15087823
2017-08-14 00:00:00+05:30,107.1,109.45,106.8,108.8,5728396
2017-08-16 00:00:00+05:30,109.8,110.5,106.55,110.15,5493859
2017-08-17 00:00:00+05:30,110.3,111.65,109.3,110.05,4981114
2017-08-18 00:00:00+05:30,108.65,109.15,107.5,108.55,4152170
2017-08-21 00:00:00+05:30,108.6,109.55,105.55,106.0,3826756
2017-08-22 00:00:00+05:30,106.3,107.0,104.25,105.3,6070776
2017-08-23 00:00:00+05:30,106.05,106.85,104.95,106.65,5236293
2017-08-24 00:00:00+05:30,107.0,107.05,105.5,106.45,6102318
2017-08-28 00:00:00+05:30,106.9,110.0,106.7,109.65,4952851
2017-08-29 00:00:00+05:30,108.9,109.5,107.05,107.75,4854092
2017-08-30 00:00:00+05:30,109.1,109.7,108.4,108.7,4091593
2017-09-01 00:00:00+05:30,108.5,110.6,108.35,110.2,6858869
2017-09-04 00:00:00+05:30,110.95,112.85,109.65,111.7,8982361
2017-09-05 00:00:00+05:30,112.05,112.75,111.6,112.15,4770121
2017-09-06 00:00:00+05:30,111.0,111.7,110.5,111.45,4871558
2017-09-07 00:00:00+05:30,112.0,112.45,111.2,111.4,3031027
2017-09-08 00:00:00+05:30,111.95,112.25,110.75,111.45,2876688
2017-09-11 00:00:00+05:30,113.0,113.65,112.0,113.1,8028599
2017-09-12 00:00:00+05:30,113.3,115.0,113.3,114.55,8245763
2017-09-13 00:00:00+05:30,115.0,115.0,112.6,113.05,4364967
2017-09-14 00:00:00+05:30,113.15,115.0,113.15,114.55,4601352
2017-09-15 00:00:00+05:30,113.95,115.9,113.7,115.45,22364580
2017-09-18 00:00:00+05:30,115.5,117.4,115.5,116.85,5631336
2017-09-19 00:00:00+05:30,117.3,119.45,116.8,119.1,10909330
2017-09-20 00:00:00+05:30,120.0,121.15,117.85,120.25,11271822
2017-09-21 00:00:00+05:30,120.25,120.9,117.5,118.4,12404994
2017-09-22 00:00:00+05:30,117.5,117.85,113.5,113.85,10901358
2017-09-25 00:00:00+05:30,113.5,113.5,110.5,111.35,15459280
2017-09-26 00:00:00+05:30,111.2,112.55,109.6,112.35,8967109
2017-09-27 00:00:00+05:30,113.3,113.95,110.15,110.55,7037746
2017-09-28 00:00:00+05:30,110.75,112.05,110.05,111.3,6643501
2017-09-29 00:00:00+05:30,111.85,113.6,111.7,112.65,5616533
2017-10-03 00:00:00+05:30,113.25,114.75,112.1,112.5,4409832
2017-10-04 00:00:00+05:30,112.8,113.6,112.2,113.1,5566450
2017-10-05 00:00:00+05:30,113.5,114.5,113.0,114.15,3627732
2017-10-06 00:00:00+05:30,114.5,118.2,114.5,117.65,8389556
2017-10-09 00:00:00+05:30,118.4,118.9,116.35,117.0,6670446
2017-10-10 00:00:00+05:30,117.6,118.4,116.6,117.95,5953220
2017-10-11 00:00:00+05:30,119.0,119.95,116.2,117.1,10164126
2017-10-12 00:00:00+05:30,117.85,118.3,115.9,118.05,5949650
2017-10-13 00:00:00+05:30,118.25,118.3,116.0,117.2,15719020
2017-10-16 00:00:00+05:30,117.75,125.2,115.9,124.8,54772217
2017-10-17 00:00:00+05:30,126.0,127.65,125.0,125.95,36424916
2017-10-18 00:00:00+05:30,125.95,127.35,125.6,126.45,15712490
2017-10-19 00:00:00+05:30,126.4,126.4,123.5,124.2,2266162
2017-10-23 00:00:00+05:30,124.65,126.55,123.8,125.25,12068237
2017-10-24 00:00:00+05:30,125.65,125.85,124.2,124.65,4746836
2017-10-25 00:00:00+05:30,125.0,127.25,119.05,120.8,17802488
2017-10-26 00:00:00+05:30,120.05,122.4,118.55,119.45,12706889
2017-10-27 00:00:00+05:30,120.2,122.0,118.75,120.05,6203781
2017-10-30 00:00:00+05:30,121.0,123.3,120.5,122.15,6569741
2017-10-31 00:00:00+05:30,122.85,122.85,121.05,121.75,5798525
2017-11-01 00:00:00+05:30,122.5,123.6,119.9,120.55,10076073
2017-11-02 00:00:00+05:30,121.5,121.85,117.65,118.15,11572150
2017-11-03 00:00:00+05:30,118.5,119.2,115.4,115.9,13661178
2017-11-06 00:00:00+05:30,115.75,119.4,115.2,116.3,10112581
2017-11-07 00:00:00+05:30,117.0,117.15,112.8,113.9,10963839
2017-11-08 00:00:00+05:30,114.2,115.0,112.2,112.9,6970021
2017-11-09 00:00:00+05:30,113.5,115.0,112.25,114.6,5622999
2017-11-10 00:00:00+05:30,114.6,115.5,111.4,112.15,7070086
2017-11-13 00:00:00+05:30,113.1,115.3,112.55,114.6,9069042
2017-11-14 00:00:00+05:30,113.45,113.9,110.75,111.15,6297959
2017-11-15 00:00:00+05:30,111.0,112.6,110.1,110.6,6285904
2017-11-16 00:00:00+05:30,111.95,112.8,111.55,112.25,6120542
2017-11-17 00:00:00+05:30,113.9,114.2,112.2,112.4,5012915
2017-11-20 00:00:00+05:30,112.5,113.8,112.3,113.4,3274572
2017-11-21 00:00:00+05:30,114.3,114.3,111.0,111.85,7886362
2017-11-22 00:00:00+05:30,112.55,113.35,110.4,113.05,5845266
2017-11-23 00:00:00+05:30,113.6,113.6,112.1,113.05,3573889
2017-11-24 00:00:00+05:30,113.0,113.3,111.7,112.1,6391779
2017-11-27 00:00:00+05:30,111.7,112.8,111.3,112.25,5390783
2017-11-28 00:00:00+05:30,112.4,113.9,111.75,113.1,6879683
2017-11-29 00:00:00+05:30,112.95,113.55,112.05,112.4,4607800
2017-11-30 00:00:00+05:30,111.9,112.75,110.1,110.65,10408793
2017-12-01 00:00:00+05:30,110.9,111.95,108.1,108.5,10930602
2017-12-04 00:00:00+05:30,109.1,109.2,105.65,106.4,8587172
2017-12-05 00:00:00+05:30,106.0,109.4,105.1,108.05,9138509
2017-12-06 00:00:00+05:30,108.45,109.4,107.4,107.95,7374578
2017-12-07 00:00:00+05:30,108.4,110.25,108.2,109.7,5803073
2017-12-08 00:00:00+05:30,110.35,110.7,108.15,109.0,5943794
2017-12-11 00:00:00+05:30,110.0,110.0,108.0,108.3,5296686
2017-12-12 00:00:00+05:30,108.6,108.6,106.5,106.85,7287494
2017-12-13 00:00:00+05:30,106.55,107.85,104.3,105.0,9654903
2017-12-14 00:00:00+05:30,105.95,105.95,101.85,103.75,12063308
2017-12-15 00:00:00+05:30,105.0,108.1,104.5,107.75,10847939
2017-12-18 00:00:00+05:30,107.45,109.9,100.85,108.15,8675841
2017-12-19 00:00:00+05:30,108.7,109.95,108.5,109.6,4489286
2017-12-20 00:00:00+05:30,109.9,109.9,107.75,108.4,6064149
2017-12-21 00:00:00+05:30,108.3,108.75,106.85,107.95,5297593
2017-12-22 00:00:00+05:30,108.7,108.95,107.3,107.65,5258150
2017-12-26 00:00:00+05:30,108.0,110.0,107.45,109.55,4121073
2017-12-27 00:00:00+05:30,109.65,111.3,108.8,109.4,5521549
2017-12-28 00:00:00+05:30,108.9,110.6,108.35,109.0,7032422
2017-12-29 00:00:00+05:30,109.0,110.05,108.3,108.5,3375242
2018-01-01 00:00:00+05:30,109.5,109.9,108.3,108.7,2320304
2018-01-02 00:00:00+05:30,109.1,109.9,107.0,107.6,3315889
2018-01-03 00:00:00+05:30,107.5,108.4,107.3,107.7,2894282
2018-01-04 00:00:00+05:30,108.0,109.0,106.7,108.65,9282382
2018-01-05 00:00:00+05:30,109.35,113.0,108.9,112.1,11491142
2018-01-08 00:00:00+05:30,113.0,116.0,112.75,115.55,14341872
2018-01-09 00:00:00+05:30,116.0,116.45,113.6,115.15,6104764
2018-01-10 00:00:00+05:30,115.25,115.25,112.5,113.15,6205669
2018-01-11 00:00:00+05:30,113.6,115.0,113.5,114.0,5646154
2018-01-12 00:00:00+05:30,115.2,115.8,113.35,115.05,6357353
2018-01-15 00:00:00+05:30,116.25,116.25,109.65,113.6,15447421
2018-01-16 00:00:00+05:30,112.2,112.2,104.1,104.75,42036861
2018-01-17 00:00:00+05:30,104.9,106.2,103.25,105.1,15158325
2018-01-18 00:00:00+05:30,109.0,109.25,100.9,102.15,20355477
2018-01-19 00:00:00+05:30,102.0,104.25,101.15,103.15,13469524
2018-01-22 00:00:00+05:30,102.95,103.4,101.3,101.6,10433194
2018-01-23 00:00:00+05:30,102.45,104.05,102.1,103.25,21438591
2018-01-24 00:00:00+05:30,103.2,103.85,102.55,103.25,12286927
2018-01-25 00:00:00+05:30,103.8,103.8,100.75,101.15,8196841
2018-01-29 00:00:00+05:30,101.65,102.35,99.55,100.75,9816356
2018-01-30 00:00:00+05:30,99.7,101.5,97.3,100.65,14041181
2018-01-31 00:00:00+05:30,101.0,101.9,98.9,100.45,10362003
2018-02-01 00:00:00+05:30,101.05,101.3,97.3,97.55,10110370
2018-02-02 00:00:00+05:30,96.75,97.25,91.35,93.3,12597941
2018-02-05 00:00:00+05:30,91.15,94.65,89.15,94.2,8713749
2018-02-06 00:00:00+05:30,89.8,94.5,87.3,93.15,12481756
2018-02-07 00:00:00+05:30,95.95,95.95,93.0,93.4,11977108
2018-02-08 00:00:00+05:30,93.65,95.75,93.65,94.75,8196866
2018-02-09 00:00:00+05:30,93.0,95.35,91.9,94.85,5325441
2018-02-12 00:00:00+05:30,95.95,96.8,94.45,95.1,7199398
2018-02-14 00:00:00+05:30,96.0,96.15,94.4,95.15,6255001
2018-02-15 00:00:00+05:30,95.8,95.8,93.85,94.65,6699458
2018-02-16 00:00:00+05:30,94.9,96.9,94.9,96.2,10766835
2018-02-19 00:00:00+05:30,96.35,96.35,92.45,93.7,11645570
2018-02-20 00:00:00+05:30,92.95,94.4,91.55,91.85,8562578
2018-02-21 00:00:00+05:30,92.7,92.95,91.4,92.0,7095263
2018-02-22 00:00:00+05:30,91.8,92.2,89.1,89.75,8362437
2018-02-23 00:00:00+05:30,93.5,95.25,92.3,94.75,18729626
2018-02-26 00:00:00+05:30,95.7,97.4,94.55,96.35,7792301
2018-02-27 00:00:00+05:30,97.4,97.4,95.45,95.95,6795184
2018-02-28 00:00:00+05:30,95.5,95.5,93.15,94.25,8361771
2018-03-01 00:00:00+05:30,94.0,95.15,93.7,94.0,3975513
2018-03-05 00:00:00+05:30,95.4,95.4,92.0,92.8,5713193
2018-03-06 00:00:00+05:30,93.45,94.4,91.2,91.65,6345324
2018-03-07 00:00:00+05:30,91.0,91.1,89.5,89.8,8723192
2018-03-08 00:00:00+05:30,90.5,94.4,89.3,93.05,13119430
2018-03-09 00:00:00+05:30,93.7,94.5,92.25,94.0,14174536
2018-03-12 00:00:00+05:30,94.4,94.8,93.7,94.45,6349997
2018-03-13 00:00:00+05:30,94.0,97.35,93.6,96.35,13541557
2018-03-14 00:00:00+05:30,95.05,96.3,93.85,94.9,7971193
2018-03-15 00:00:00+05:30,94.9,95.6,93.4,93.65,5914770
2018-03-16 00:00:00+05:30,93.7,95.0,92.75,93.3,6435789
2018-03-19 00:00:00+05:30,93.9,94.05,90.4,90.7,5690125
2018-03-20 00:00:00+05:30,90.4,92.0,90.3,91.25,4040369
2018-03-21 00:00:00+05:30,92.4,92.55,90.6,90.95,5242669
2018-03-22 00:00:00+05:30,91.6,91.6,90.55,90.85,4401877
2018-03-23 00:00:00+05:30,90.0,91.0,88.4,90.65,8461138
2018-03-26 00:00:00+05:30,90.5,91.9,89.75,91.55,12901870
2018-03-27 00:00:00+05:30,92.25,92.95,90.6,90.9,19580894
2018-03-28 00:00:00+05:30,90.5,90.85,89.0,89.2,9473639
2018-04-02 00:00:00+05:30,90.05,90.9,89.4,90.2,8552730
2018-04-03 00:00:00+05:30,90.0,92.05,89.9,91.55,9150580
2018-04-04 00:00:00+05:30,92.25,93.95,91.25,91.4,11087955
2018-04-05 00:00:00+05:30,92.7,94.05,92.15,93.5,9312599
2018-04-06 00:00:00+05:30,93.5,97.9,92.5,97.25,15000463
2018-04-09 00:00:00+05:30,97.2,99.55,96.1,98.5,10241862
2018-04-10 00:00:00+05:30,101.2,101.2,96.2,96.75,18974579
2018-04-11 00:00:00+05:30,97.45,99.7,96.25,99.1,14770335
2018-04-12 00:00:00+05:30,98.7,100.0,97.85,98.65,12333485
2018-04-13 00:00:00+05:30,99.4,100.1,98.3,98.65,10223762
2018-04-16 00:00:00+05:30,98.3,99.2,97.7,98.4,5092715
2018-04-17 00:00:00+05:30,99.1,100.0,97.95,99.35,7775197
2018-04-18 00:00:00+05:30,100.0,101.6,99.0,99.2,12251759
2018-04-19 00:00:00+05:30,99.65,99.8,97.9,98.2,6355548
2018-04-20 00:00:00+05:30,98.3,98.35,96.4,96.8,6132094
2018-04-23 00:00:00+05:30,96.95,98.3,95.8,97.15,7381564
2018-04-24 00:00:00+05:30,97.45,99.5,97.0,97.45,6238667
2018-04-25 00:00:00+05:30,97.5,97.65,95.5,95.95,4620276
2018-04-26 00:00:00+05:30,96.15,97.85,95.75,97.1,10142685
2018-04-27 00:00:00+05:30,97.6,100.25,97.5,98.25,16678633
2018-04-30 00:00:00+05:30,98.9,99.8,98.0,98.3,7736082
2018-05-02 00:00:00+05:30,98.7,101.1,98.2,99.0,12653194
2018-05-03 00:00:00+05:30,99.0,99.0,96.8,97.55,9358255
2018-05-04 00:00:00+05:30,97.8,100.8,97.8,100.05,11310433
2018-05-07 00:00:00+05:30,100.55,103.0,100.55,101.2,9621459
2018-05-08 00:00:00+05:30,102.4,103.8,101.05,103.45,15408468
2018-05-09 00:00:00+05:30,104.1,105.0,98.3,101.15,22621665
2018-05-10 00:00:00+05:30,93.1,93.5,88.1,89.4,125525242
2018-05-11 00:00:00+05:30,90.0,90.7,89.2,90.05,25124920
2018-05-14 00:00:00+05:30,89.2,90.65,89.0,89.9,20250875
2018-05-15 00:00:00+05:30,88.7,90.4,85.5,86.4,24022495
2018-05-16 00:00:00+05:30,85.9,85.9,81.7,83.65,33619352
2018-05-17 00:00:00+05:30,84.3,84.4,81.45,82.6,21754474
2018-05-18 00:00:00+05:30,82.9,84.9,82.05,82.5,14890656
2018-05-21 00:00:00+05:30,82.55,82.95,80.1,80.9,12891814
2018-05-22 00:00:00+05:30,81.25,83.25,80.3,82.3,11009960
2018-05-23 00:00:00+05:30,82.3,83.6,82.0,82.25,8900678
2018-05-24 00:00:00+05:30,82.5,83.25,81.7,82.9,8162959
2018-05-25 00:00:00+05:30,83.0,84.8,82.8,84.4,7760261
2018-05-28 00:00:00+05:30,85.05,87.45,84.7,86.7,9672593
2018-05-29 00:00:00+05:30,86.65,87.4,86.0,86.8,7302674
2018-05-30 00:00:00+05:30,86.1,86.8,85.55,86.1,5070699
2018-05-31 00:00:00+05:30,86.45,86.45,84.15,84.8,9854325
2018-06-01 00:00:00+05:30,85.05,85.7,82.4,83.0,7855507
2018-06-04 00:00:00+05:30,83.15,83.25,80.55,81.2,8187190
2018-06-05 00:00:00+05:30,81.7,82.9,81.15,82.25,9387570
2018-06-06 00:00:00+05:30,82.2,83.6,81.65,83.25,6007670
2018-06-07 00:00:00+05:30,88.9,88.9,83.5,86.1,16367831
2018-06-08 00:00:00+05:30,85.95,87.15,84.65,86.6,9347268
2018-06-11 00:00:00+05:30,86.45,90.3,85.8,87.65,25291156
2018-06-12 00:00:00+05:30,87.85,89.5,86.25,88.45,15441501
2018-06-13 00:00:00+05:30,89.0,89.75,86.35,86.75,9756773
2018-06-14 00:00:00+05:30,86.0,86.55,85.3,85.75,5593424
2018-06-15 00:00:00+05:30,85.8,86.45,83.55,83.9,6828088
2018-06-18 00:00:00+05:30,83.75,85.0,82.55,84.0,5902192
2018-06-19 00:00:00+05:30,83.8,83.8,82.2,82.8,7006955
2018-06-20 00:00:00+05:30,83.0,84.4,82.8,83.5,8224663
2018-06-21 00:00:00+05:30,83.5,84.2,81.9,82.3,4732223
2018-06-22 00:00:00+05:30,82.85,83.3,82.0,82.9,7646920
2018-06-25 00:00:00+05:30,83.0,83.7,82.4,82.75,4133608
2018-06-26 00:00:00+05:30,82.25,83.8,82.25,83.5,3657624
2018-06-27 00:00:00+05:30,83.7,83.7,82.2,82.75,5999504
2018-06-28 00:00:00+05:30,82.85,82.85,78.05,78.6,19779857
2018-06-29 00:00:00+05:30,79.25,82.2,79.05,81.85,8810557
2018-07-02 00:00:00+05:30,81.85,81.95,79.9,81.3,3723743
2018-07-03 00:00:00+05:30,81.1,83.6,80.7,83.3,7727791
2018-07-04 00:00:00+05:30,83.8,83.9,82.35,83.5,7672119
2018-07-05 00:00:00+05:30,83.45,83.6,81.5,82.15,5589326
2018-07-06 00:00:00+05:30,81.9,82.45,80.75,81.5,8405594
2018-07-09 00:00:00+05:30,82.55,86.15,82.0,84.85,11526799
2018-07-10 00:00:00+05:30,85.55,85.55,83.05,83.45,7073700
2018-07-11 00:00:00+05:30,83.35,84.1,81.6,81.95,5722601
2018-07-12 00:00:00+05:30,82.55,83.5,79.5,79.9,19897612
2018-07-13 00:00:00+05:30,80.7,80.7,77.1,77.9,9553778
2018-07-16 00:00:00+05:30,78.0,78.65,73.8,74.15,11037842
2018-07-17 00:00:00+05:30,74.25,89.75,73.5,88.3,96614519
2018-07-18 00:00:00+05:30,90.35,90.6,84.2,85.95,55223899
2018-07-19 00:00:00+05:30,86.55,87.75,84.4,85.85,19565019
2018-07-20 00:00:00+05:30,85.3,87.0,85.0,85.75,9994551
2018-07-23 00:00:00+05:30,85.85,88.8,85.05,87.85,12749177
2018-07-24 00:00:00+05:30,87.6,89.35,86.7,87.7,11524139
2018-07-25 00:00:00+05:30,87.6,88.7,86.5,86.9,6604145
2018-07-26 00:00:00+05:30,86.7,88.75,85.5,88.25,22882812
2018-07-27 00:00:00+05:30,88.25,92.75,88.25,90.8,25875494
2018-07-30 00:00:00+05:30,90.8,91.8,89.9,90.3,10435054
2018-07-31 00:00:00+05:30,90.3,91.35,88.55,89.0,9506710
2018-08-01 00:00:00+05:30,89.15,89.7,86.8,87.6,8350317
2018-08-02 00:00:00+05:30,87.1,87.9,86.0,87.25,5153045
2018-08-03 00:00:00+05:30,87.75,89.7,86.7,87.25,10528106
2018-08-06 00:00:00+05:30,88.25,89.2,86.8,88.45,7793060
2018-08-07 00:00:00+05:30,89.0,89.0,87.0,87.4,5880361
2018-08-08 00:00:00+05:30,87.4,89.6,87.4,88.25,11834305
2018-08-09 00:00:00+05:30,88.4,90.7,88.3,89.55,15323256
2018-08-10 00:00:00+05:30,89.35,89.55,88.0,89.2,8670413
2018-08-13 00:00:00+05:30,88.0,89.2,87.2,87.65,8542665
2018-08-14 00:00:00+05:30,88.2,89.2,87.7,88.8,7131481
2018-08-16 00:00:00+05:30,88.2,90.45,88.1,89.7,8680197
2018-08-17 00:00:00+05:30,90.25,90.25,86.0,86.25,22887554
2018-08-20 00:00:00+05:30,86.3,86.3,80.7,81.5,65143396
2018-08-21 00:00:00+05:30,81.65,83.45,80.9,81.85,32536923
2018-08-23 00:00:00+05:30,82.5,82.7,81.0,81.5,17495555
2018-08-24 00:00:00+05:30,81.8,83.35,81.3,81.6,14644361
2018-08-27 00:00:00+05:30,82.1,82.5,79.4,79.9,14136581
2018-08-28 00:00:00+05:30,80.5,80.85,77.7,79.65,22030533
2018-08-29 00:00:00+05:30,80.55,81.45,79.6,80.85,21240072
2018-08-30 00:00:00+05:30,81.2,82.2,80.3,80.85,18823207
2018-08-31 00:00:00+05:30,80.25,81.4,79.85,81.1,9656302
2018-09-03 00:00:00+05:30,81.5,81.85,80.4,80.75,7172556
2018-09-04 00:00:00+05:30,81.0,81.15,76.2,77.0,16528254
2018-09-05 00:00:00+05:30,77.4,78.15,75.65,77.75,10489491
2018-09-06 00:00:00+05:30,78.5,78.5,76.7,77.35,6731974
2018-09-07 00:00:00+05:30,77.4,78.2,76.85,78.05,5845988
2018-09-10 00:00:00+05:30,78.0,78.0,75.0,75.55,14609990
2018-09-11 00:00:00+05:30,76.05,76.8,74.95,75.8,10878028
2018-09-12 00:00:00+05:30,76.0,76.65,74.3,76.25,10332455
2018-09-14 00:00:00+05:30,76.65,77.95,76.65,77.85,6976342
2018-09-17 00:00:00+05:30,77.7,78.7,76.55,77.65,6404481
2018-09-18 00:00:00+05:30,77.55,78.5,74.95,75.35,12132660
2018-09-19 00:00:00+05:30,76.0,76.65,74.7,75.15,6158931
2018-09-21 00:00:00+05:30,76.45,76.45,67.65,73.5,22303600
2018-09-24 00:00:00+05:30,73.5,73.6,70.85,71.9,10730837
2018-09-25 00:00:00+05:30,71.1,72.65,69.8,71.85,12403832
2018-09-26 00:00:00+05:30,72.9,72.95,70.35,71.5,8412363
2018-09-27 00:00:00+05:30,70.6,71.6,69.4,70.4,14903362
2018-09-28 00:00:00+05:30,71.25,71.5,69.55,70.7,16624485
2018-10-01 00:00:00+05:30,70.5,73.9,69.0,73.05,11542093
2018-10-03 00:00:00+05:30,72.7,73.3,70.0,70.2,10176791
2018-10-04 00:00:00+05:30,68.1,69.7,67.05,68.05,11738745
2018-10-05 00:00:00+05:30,68.0,70.1,67.1,68.3,10782812
2018-10-08 00:00:00+05:30,68.5,70.95,68.0,70.3,17040858
2018-10-09 00:00:00+05:30,70.85,71.3,68.5,70.75,16073326
2018-10-10 00:00:00+05:30,71.25,74.25,71.0,73.6,15676565
2018-10-11 00:00:00+05:30,71.25,72.65,70.5,71.3,11438644
2018-10-12 00:00:00+05:30,72.7,74.25,72.0,73.75,9748912
2018-10-15 00:00:00+05:30,74.35,76.45,73.1,75.8,14282075
2018-10-16 00:00:00+05:30,76.5,82.85,76.35,81.65,76207372
2018-10-17 00:00:00+05:30,83.0,83.55,78.25,78.5,22724327
2018-10-19 00:00:00+05:30,77.85,81.8,77.25,81.4,24487449
2018-10-22 00:00:00+05:30,82.5,82.5,79.4,79.8,12394337
2018-10-23 00:00:00+05:30,79.25,80.5,78.55,79.6,7305418
2018-10-24 00:00:00+05:30,80.5,82.6,79.8,81.85,15331012
2018-10-25 00:00:00+05:30,81.0,81.75,79.3,80.65,8919625
2018-10-26 00:00:00+05:30,80.7,81.45,79.0,79.45,8362475
2018-10-29 00:00:00+05:30,80.0,81.45,78.5,81.2,8639488
2018-10-30 00:00:00+05:30,81.2,85.55,81.0,83.15,20200119
2018-10-31 00:00:00+05:30,83.65,84.15,81.4,82.75,11922164
2018-11-01 00:00:00+05:30,82.75,83.45,81.8,82.65,8459069
2018-11-02 00:00:00+05:30,83.8,85.1,81.8,82.4,14123922
2018-11-05 00:00:00+05:30,82.35,82.5,79.7,80.25,9042078
2018-11-06 00:00:00+05:30,80.65,82.35,79.75,80.1,8391875
2018-11-07 00:00:00+05:30,81.4,81.4,80.7,80.95,1450154
2018-11-09 00:00:00+05:30,80.95,81.75,80.55,81.5,8340145
2018-11-12 00:00:00+05:30,80.65,81.95,79.7,80.1,4918706
2018-11-13 00:00:00+05:30,80.1,80.1,77.6,78.9,9333789
2018-11-14 00:00:00+05:30,80.4,80.4,78.2,78.5,10671940
2018-11-15 00:00:00+05:30,78.95,79.3,76.8,78.35,10635912
2018-11-16 00:00:00+05:30,77.75,80.55,77.75,79.9,9868714
2018-11-19 00:00:00+05:30,80.4,82.5,78.8,81.25,10404126
2018-11-20 00:00:00+05:30,81.15,81.9,78.9,80.0,9927482
2018-11-21 00:00:00+05:30,80.45,83.25,79.6,82.95,11107265
2018-11-22 00:00:00+05:30,83.4,83.65,80.0,80.7,9022064
2018-11-26 00:00:00+05:30,81.1,81.75,78.8,81.05,7602684
2018-11-27 00:00:00+05:30,80.85,81.5,79.85,81.25,7889171
2018-11-28 00:00:00+05:30,81.4,82.4,80.6,81.65,10994622
2018-11-29 00:00:00+05:30,82.0,85.8,81.55,85.25,23769539
2018-11-30 00:00:00+05:30,85.25,86.25,84.7,85.3,13368505
2018-12-03 00:00:00+05:30,85.4,87.15,83.55,84.4,12936290
2018-12-04 00:00:00+05:30,84.7,85.6,83.85,84.95,9490753
2018-12-05 00:00:00+05:30,84.2,85.4,82.7,84.0,10010681
2018-12-06 00:00:00+05:30,83.0,86.0,82.9,84.7,13693974
2018-12-07 00:00:00+05:30,84.85,85.4,81.3,83.5,15243220
2018-12-10 00:00:00+05:30,81.6,84.5,81.45,82.4,11938939
2018-12-11 00:00:00+05:30,81.1,84.45,81.1,83.65,13274575
2018-12-12 00:00:00+05:30,84.0,88.8,84.0,88.05,20375211
2018-12-13 00:00:00+05:30,88.95,91.55,88.35,89.4,21625763
2018-12-14 00:00:00+05:30,89.0,91.75,88.35,91.25,12481914
2018-12-17 00:00:00+05:30,91.3,93.15,90.1,92.8,14260853
2018-12-18 00:00:00+05:30,92.9,93.9,91.2,92.2,14144108
2018-12-19 00:00:00+05:30,92.55,95.0,91.35,94.85,16993787
2018-12-20 00:00:00+05:30,94.0,96.35,93.6,95.4,15374767
2018-12-21 00:00:00+05:30,95.4,96.0,91.8,92.5,15565770
2018-12-24 00:00:00+05:30,93.0,95.3,92.5,93.8,12717363
2018-12-26 00:00:00+05:30,93.85,93.85,91.3,92.45,13947969
2018-12-27 00:00:00+05:30,93.5,94.4,91.0,94.1,14686963
2018-12-28 00:00:00+05:30,94.1,94.7,92.8,93.25,7735577
2018-12-31 00:00:00+05:30,93.7,94.25,92.9,93.25,5026123
2019-01-01 00:00:00+05:30,93.75,93.75,92.1,93.0,6000894
2019-01-02 00:00:00+05:30,93.2,95.75,93.15,94.8,18353855
2019-01-03 00:00:00+05:30,95.3,95.3,91.45,92.0,12573160
2019-01-04 00:00:00+05:30,93.25,95.15,92.2,94.8,13600522
2019-01-07 00:00:00+05:30,95.25,95.75,94.0,94.6,6098289
2019-01-08 00:00:00+05:30,94.85,95.95,94.0,95.25,5586703
2019-01-09 00:00:00+05:30,95.55,97.5,94.4,96.9,16761351
2019-01-10 00:00:00+05:30,97.2,97.2,95.25,95.65,9038333
2019-01-11 00:00:00+05:30,96.35,96.35,95.0,95.4,4428970
2019-01-14 00:00:00+05:30,94.4,94.4,89.0,90.6,27982373
2019-01-15 00:00:00+05:30,90.6,91.65,90.6,91.0,14369266
2019-01-16 00:00:00+05:30,91.25,92.1,90.7,91.2,13241747
2019-01-17 00:00:00+05:30,91.9,92.75,86.4,88.5,52214012
2019-01-18 00:00:00+05:30,89.0,90.85,88.25,90.0,19374838
2019-01-21 00:00:00+05:30,90.45,90.8,88.4,88.7,8480926
2019-01-22 00:00:00+05:30,89.3,90.0,86.8,89.5,9770761
2019-01-23 00:00:00+05:30,89.8,90.25,88.05,88.5,10623427
2019-01-24 00:00:00+05:30,88.55,89.8,88.15,88.9,6256146
2019-01-25 00:00:00+05:30,89.1,89.35,85.7,86.5,9564881
2019-01-28 00:00:00+05:30,86.7,86.9,83.85,84.15,7823189
2019-01-29 00:00:00+05:30,84.0,86.85,83.85,86.5,10253514
2019-01-30 00:00:00+05:30,86.45,87.1,84.65,86.5,7628375
2019-01-31 00:00:00+05:30,87.2,87.25,85.1,85.9,16187111
2019-02-01 00:00:00+05:30,86.45,88.2,85.25,86.25,9968361
2019-02-04 00:00:00+05:30,86.35,88.35,84.7,88.05,7935374
2019-02-05 00:00:00+05:30,87.5,88.75,86.4,87.25,9005623
2019-02-06 00:00:00+05:30,87.35,87.5,84.55,85.5,7985584
2019-02-07 00:00:00+05:30,85.75,87.45,85.2,86.1,7226632
2019-02-08 00:00:00+05:30,85.8,86.25,83.8,84.15,7692422
2019-02-11 00:00:00+05:30,84.15,84.3,81.7,83.45,8381436
2019-02-12 00:00:00+05:30,83.5,84.35,82.4,82.8,7274666
2019-02-13 00:00:00+05:30,83.3,83.4,80.45,81.2,6494611
2019-02-14 00:00:00+05:30,81.5,82.15,80.0,80.3,11337342
2019-02-15 00:00:00+05:30,80.6,81.3,79.75,80.2,6556643
2019-02-18 00:00:00+05:30,80.35,81.6,79.9,80.0,8365802
2019-02-19 00:00:00+05:30,80.5,80.65,79.05,79.3,7873791
2019-02-20 00:00:00+05:30,79.8,80.4,79.0,79.65,9102119
2019-02-21 00:00:00+05:30,80.0,80.35,79.05,79.6,6410472
2019-02-22 00:00:00+05:30,79.6,80.0,78.2,79.45,12220941
2019-02-25 00:00:00+05:30,79.95,81.2,79.2,80.8,17750486
2019-02-26 00:00:00+05:30,80.5,82.3,79.0,81.7,14260601
2019-02-27 00:00:00+05:30,82.0,82.8,80.55,81.45,8818508
2019-02-28 00:00:00+05:30,81.7,84.4,81.2,83.85,9033902
2019-03-01 00:00:00+05:30,84.2,85.9,83.6,85.7,8006642
2019-03-05 00:00:00+05:30,85.7,89.25,85.05,88.95,11294000
2019-03-06 00:00:00+05:30,89.0,89.75,86.85,87.25,11922216
2019-03-07 00:00:00+05:30,87.5,89.15,86.55,87.95,9610511
2019-03-08 00:00:00+05:30,87.85,88.75,87.0,87.55,6353771
2019-03-11 00:00:00+05:30,87.75,92.3,87.75,91.25,15605663
2019-03-12 00:00:00+05:30,91.9,92.6,90.0,90.35,12933929
2019-03-13 00:00:00+05:30,90.3,91.6,88.9,91.05,10948105
2019-03-14 00:00:00+05:30,91.5,92.35,89.75,90.0,17519920
2019-03-15 00:00:00+05:30,90.15,92.8,90.05,91.4,23736072
2019-03-18 00:00:00+05:30,91.6,93.25,90.15,91.2,15459155
2019-03-19 00:00:00+05:30,91.7,94.3,91.1,93.8,11570259
2019-03-20 00:00:00+05:30,93.75,94.4,92.1,92.35,12241564
2019-03-22 00:00:00+05:30,92.8,94.0,90.1,90.45,9899007
2019-03-25 00:00:00+05:30,89.75,89.9,88.2,88.8,8179202
2019-03-26 00:00:00+05:30,88.9,91.2,88.9,90.7,9565348
2019-03-27 00:00:00+05:30,91.1,92.6,90.6,91.8,11512290
2019-03-28 00:00:00+05:30,92.0,94.3,91.3,93.65,14408292
2019-03-29 00:00:00+05:30,94.05,98.15,93.9,96.45,23330031
2019-04-01 00:00:00+05:30,96.95,99.2,96.35,98.1,28141460
2019-04-02 00:00:00+05:30,98.3,99.45,96.0,97.4,16523996
2019-04-03 00:00:00+05:30,97.6,98.45,94.8,95.2,10806272
2019-04-04 00:00:00+05:30,95.0,96.9,94.55,95.1,13779822
2019-04-05 00:00:00+05:30,95.45,100.0,95.3,98.75,17963075
2019-04-08 00:00:00+05:30,99.45,99.45,96.1,97.15,15036538
2019-04-09 00:00:00+05:30,97.3,98.6,95.4,98.15,8527703
2019-04-10 00:00:00+05:30,97.7,99.1,97.35,97.8,9769893
2019-04-11 00:00:00+05:30,97.7,98.15,95.9,96.45,11216329
2019-04-12 00:00:00+05:30,96.6,97.5,96.05,96.6,6860414
2019-04-15 00:00:00+05:30,96.95,98.15,96.6,97.4,5170594
2019-04-16 00:00:00+05:30,97.75,99.1,97.4,98.15,10578498
2019-04-18 00:00:00+05:30,98.0,98.2,95.3,97.0,9119727
2019-04-22 00:00:00+05:30,96.0,97.2,94.2,95.25,8898381
2019-04-23 00:00:00+05:30,95.3,97.45,94.05,95.05,10666808
2019-04-24 00:00:00+05:30,95.9,96.0,94.8,95.35,5636592
2019-04-25 00:00:00+05:30,95.05,96.8,95.05,95.45,6174361
2019-04-26 00:00:00+05:30,95.85,96.15,94.35,95.7,5751677
2019-04-30 00:00:00+05:30,95.9,95.9,92.0,92.75,8897966
2019-05-02 00:00:00+05:30,92.75,95.6,92.15,94.25,8475714
2019-05-03 00:00:00+05:30,94.7,98.55,94.5,97.65,17094264
2019-05-06 00:00:00+05:30,102.0,102.5,98.3,100.1,54516600
2019-05-07 00:00:00+05:30,100.95,101.8,98.0,98.7,27410464
2019-05-08 00:00:00+05:30,99.0,99.95,97.75,98.6,14451987
2019-05-09 00:00:00+05:30,98.55,98.75,97.0,97.25,16661532
2019-05-10 00:00:00+05:30,97.9,98.1,96.05,97.0,16757400
2019-05-13 00:00:00+05:30,97.0,98.85,96.05,96.5,13280289
2019-05-14 00:00:00+05:30,96.2,99.2,95.55,98.2,14312948
2019-05-15 00:00:00+05:30,98.65,98.8,97.0,97.4,9950430
2019-05-16 00:00:00+05:30,97.4,98.0,96.8,97.7,6952498
2019-05-17 00:00:00+05:30,97.7,99.7,96.2,98.6,14766410
2019-05-20 00:00:00+05:30,101.5,106.5,99.85,103.6,27737969
2019-05-21 00:00:00+05:30,104.0,104.55,100.7,101.3,10273419
2019-05-22 00:00:00+05:30,101.5,103.0,100.4,101.4,14228932
2019-05-23 00:00:00+05:30,104.25,106.95,101.8,102.35,30333215
2019-05-24 00:00:00+05:30,103.0,106.0,102.6,105.7,22328001
2019-05-27 00:00:00+05:30,105.95,108.35,105.2,108.05,14036734
2019-05-28 00:00:00+05:30,108.0,108.15,106.55,107.55,13109661
2019-05-29 00:00:00+05:30,106.2,109.0,106.2,107.65,14532478
2019-05-30 00:00:00+05:30,107.45,108.75,107.1,108.1,9577711
2019-05-31 00:00:00+05:30,108.3,109.0,106.4,107.35,12213688
2019-06-03 00:00:00+05:30,107.6,108.2,106.4,107.6,7162899
2019-06-04 00:00:00+05:30,108.0,109.65,107.5,107.8,9959995
2019-06-06 00:00:00+05:30,107.0,107.0,103.3,105.0,19073633
2019-06-07 00:00:00+05:30,105.1,106.8,104.1,105.9,12182457
2019-06-10 00:00:00+05:30,106.35,107.4,104.6,105.4,7814798
2019-06-11 00:00:00+05:30,105.9,107.85,104.3,107.5,9036863
2019-06-12 00:00:00+05:30,106.6,107.3,104.9,105.1,6590977
2019-06-13 00:00:00+05:30,105.05,107.0,104.5,106.7,8153167
2019-06-14 00:00:00+05:30,106.8,107.35,104.9,106.0,8919424
2019-06-17 00:00:00+05:30,106.35,106.9,104.65,106.05,8981871
2019-06-18 00:00:00+05:30,106.1,106.45,104.5,104.9,8333447
2019-06-19 00:00:00+05:30,106.35,106.35,103.8,104.05,8100479
2019-06-20 00:00:00+05:30,104.4,104.55,100.85,104.05,13827126
2019-06-21 00:00:00+05:30,103.5,103.8,101.2,102.85,11518126
2019-06-24 00:00:00+05:30,102.75,103.6,101.65,102.9,5347270
2019-06-25 00:00:00+05:30,102.3,104.5,102.05,103.95,5981041
2019-06-26 00:00:00+05:30,103.95,104.8,103.55,104.45,7543262
2019-06-27 00:00:00+05:30,104.45,109.8,104.35,108.55,18193472
2019-06-28 00:00:00+05:30,108.3,109.05,106.8,108.4,9031324
2019-07-01 00:00:00+05:30,108.6,109.55,107.65,109.05,5363709
2019-07-02 00:00:00+05:30,109.5,109.6,108.05,108.5,6863942
2019-07-03 00:00:00+05:30,108.5,110.4,108.1,109.8,7023758
2019-07-04 00:00:00+05:30,109.8,110.2,108.45,108.85,6318349
2019-07-05 00:00:00+05:30,109.45,109.7,107.0,107.35,7455559
2019-07-08 00:00:00+05:30,106.5,106.8,104.15,105.1,6127600
2019-07-09 00:00:00+05:30,104.9,107.25,103.55,106.75,6971536
2019-07-10 00:00:00+05:30,106.7,107.85,104.9,105.3,8044545
2019-07-11 00:00:00+05:30,105.7,106.1,104.5,104.85,6085217
2019-07-12 00:00:00+05:30,104.8,106.9,104.6,106.25,6183496
2019-07-15 00:00:00+05:30,106.8,107.15,103.4,106.7,7340517
2019-07-16 00:00:00+05:30,107.85,108.8,101.8,107.2,42945090
2019-07-17 00:00:00+05:30,106.75,106.75,102.0,103.15,26404194
2019-07-18 00:00:00+05:30,103.1,103.35,98.8,99.15,15869467
2019-07-19 00:00:00+05:30,99.95,99.95,98.3,98.8,13106559
2019-07-22 00:00:00+05:30,98.8,98.8,94.6,95.6,19164127
2019-07-23 00:00:00+05:30,95.95,96.75,93.6,94.15,11173894
2019-07-24 00:00:00+05:30,94.4,95.15,92.8,93.05,8180993
2019-07-25 00:00:00+05:30,93.0,93.65,91.65,92.45,11364230
2019-07-26 00:00:00+05:30,92.85,95.8,92.25,95.3,11115786
2019-07-29 00:00:00+05:30,95.75,95.9,93.1,93.55,8366820
2019-07-30 00:00:00+05:30,93.7,95.0,90.1,90.6,10533782
2019-07-31 00:00:00+05:30,90.0,92.75,89.2,92.4,11689874
2019-08-01 00:00:00+05:30,91.9,91.95,87.75,89.5,13254721
2019-08-02 00:00:00+05:30,89.35,90.3,86.9,87.3,13560591
2019-08-05 00:00:00+05:30,86.9,89.15,85.0,87.4,14302691
2019-08-06 00:00:00+05:30,87.0,88.8,86.75,88.15,9389820
2019-08-07 00:00:00+05:30,88.15,89.25,86.5,86.8,9260483
2019-08-08 00:00:00+05:30,87.2,88.0,85.25,87.3,12729824
2019-08-09 00:00:00+05:30,88.35,90.3,87.1,87.9,11961334
2019-08-13 00:00:00+05:30,88.45,88.45,83.0,83.3,13248595
2019-08-14 00:00:00+05:30,83.6,86.5,83.6,84.5,11654804
2019-08-16 00:00:00+05:30,84.5,85.6,83.65,85.3,4898875
2019-08-19 00:00:00+05:30,86.2,86.5,84.9,85.7,5618832
2019-08-20 00:00:00+05:30,85.7,85.7,83.6,84.75,5384367
2019-08-21 00:00:00+05:30,85.0,85.05,81.85,82.2,7378040
2019-08-22 00:00:00+05:30,82.0,82.5,79.8,80.4,9099476
2019-08-23 00:00:00+05:30,80.4,82.75,79.15,80.7,17420302
2019-08-26 00:00:00+05:30,83.0,84.0,79.6,83.0,24402869
2019-08-27 00:00:00+05:30,84.65,85.7,83.65,84.05,14514693
2019-08-28 00:00:00+05:30,84.5,85.25,81.5,81.85,12416532
2019-08-29 00:00:00+05:30,81.8,81.8,79.25,80.4,16278747
2019-08-30 00:00:00+05:30,80.95,83.35,80.15,82.9,11922234
2019-09-03 00:00:00+05:30,82.35,82.35,79.75,81.4,10941875
2019-09-04 00:00:00+05:30,80.9,82.45,80.0,81.95,8433799
2019-09-05 00:00:00+05:30,82.0,82.9,80.5,81.0,9040596
2019-09-06 00:00:00+05:30,81.95,83.4,80.9,83.15,7914489
2019-09-09 00:00:00+05:30,83.0,86.6,82.35,86.25,15428797
2019-09-11 00:00:00+05:30,86.4,86.75,84.8,85.7,9284318
2019-09-12 00:00:00+05:30,85.7,87.55,85.5,85.75,8941455
2019-09-13 00:00:00+05:30,85.95,87.65,84.55,87.15,9500240
2019-09-16 00:00:00+05:30,86.45,86.9,85.1,85.5,7834803
2019-09-17 00:00:00+05:30,85.4,86.2,83.4,83.75,6460883
2019-09-18 00:00:00+05:30,84.3,85.5,83.8,84.55,6520586
2019-09-19 00:00:00+05:30,84.5,84.9,82.55,83.45,5326008
2019-09-20 00:00:00+05:30,84.05,95.7,83.1,94.8,31665642
2019-09-23 00:00:00+05:30,95.85,98.55,91.5,95.9,31603154
2019-09-24 00:00:00+05:30,96.1,97.2,93.8,94.3,9230752
2019-09-25 00:00:00+05:30,93.1,94.25,91.6,92.1,8348656
2019-09-26 00:00:00+05:30,92.5,95.0,92.0,93.6,14489649
2019-09-27 00:00:00+05:30,93.95,95.5,92.3,93.6,10815034
2019-09-30 00:00:00+05:30,93.8,94.0,89.25,90.4,17693994
2019-10-01 00:00:00+05:30,91.0,93.25,80.0,87.75,20529595
2019-10-03 00:00:00+05:30,87.45,89.55,85.4,88.8,10668940
2019-10-04 00:00:00+05:30,89.35,89.7,84.35,85.75,15297600
2019-10-07 00:00:00+05:30,85.8,86.0,83.8,84.9,12809772
2019-10-09 00:00:00+05:30,85.25,86.45,84.0,85.9,12713788
2019-10-10 00:00:00+05:30,85.8,85.8,83.4,84.3,6218988
2019-10-11 00:00:00+05:30,84.85,85.45,83.4,84.15,12880443
2019-10-14 00:00:00+05:30,84.9,85.25,82.25,83.25,7823663
2019-10-15 00:00:00+05:30,82.55,85.9,81.7,84.95,9662559
2019-10-16 00:00:00+05:30,86.0,86.85,79.0,82.25,69563240
2019-10-17 00:00:00+05:30,82.3,84.9,81.7,84.35,23933766
2019-10-18 00:00:00+05:30,84.35,84.8,83.5,84.0,11094728
2019-10-22 00:00:00+05:30,84.5,84.95,83.15,83.55,12037083
2019-10-23 00:00:00+05:30,83.6,84.5,82.8,83.3,12081585
2019-10-24 00:00:00+05:30,83.45,83.9,80.35,81.0,21751109
2019-10-25 00:00:00+05:30,81.0,81.4,79.7,80.25,15135361
2019-10-27 00:00:00+05:30,81.25,81.75,80.6,80.85,1799905
2019-10-29 00:00:00+05:30,81.35,82.6,80.65,82.1,20074360
2019-10-30 00:00:00+05:30,82.45,82.85,81.75,82.05,9109830
2019-10-31 00:00:00+05:30,82.45,85.2,81.95,83.8,25192218
2019-11-01 00:00:00+05:30,84.1,86.45,83.4,86.05,25498852
2019-11-04 00:00:00+05:30,86.5,89.25,86.5,88.4,23388136
2019-11-05 00:00:00+05:30,88.85,88.85,84.15,84.4,19085828
2019-11-06 00:00:00+05:30,84.6,86.0,83.5,84.5,15554318
2019-11-07 00:00:00+05:30,84.9,85.45,83.5,83.95,10363401
2019-11-08 00:00:00+05:30,83.95,83.95,81.9,82.15,9558248
2019-11-11 00:00:00+05:30,82.0,83.65,81.4,83.15,9092063
2019-11-13 00:00:00+05:30,83.1,83.85,82.3,82.55,7169868
2019-11-14 00:00:00+05:30,82.5,85.2,82.25,84.5,11720303
2019-11-15 00:00:00+05:30,84.5,85.4,82.9,84.3,13130961
2019-11-18 00:00:00+05:30,84.45,87.4,84.3,86.9,13252237
2019-11-19 00:00:00+05:30,86.9,88.75,86.1,87.85,9710235
2019-11-20 00:00:00+05:30,88.3,89.6,87.25,88.65,17132882
2019-11-21 00:00:00+05:30,88.5,89.4,87.4,87.85,9720943
2019-11-22 00:00:00+05:30,88.3,88.6,87.3,87.8,7216267
2019-11-25 00:00:00+05:30,87.8,89.9,87.6,89.5,10708667
2019-11-26 00:00:00+05:30,90.0,92.1,87.05,87.65,18249759
2019-11-27 00:00:00+05:30,87.9,88.4,86.05,87.45,8263672
2019-11-28 00:00:00+05:30,88.0,91.3,87.75,90.9,18824318
2019-11-29 00:00:00+05:30,90.7,91.75,88.6,88.9,10912330
2019-12-02 00:00:00+05:30,88.9,89.85,87.0,87.25,10016383
2019-12-03 00:00:00+05:30,87.25,87.4,85.6,86.1,7159147
2019-12-04 00:00:00+05:30,85.9,88.35,84.35,87.9,17203633
2019-12-05 00:00:00+05:30,88.0,88.1,86.25,86.75,10295764
2019-12-06 00:00:00+05:30,87.0,87.5,83.5,84.15,9922640
2019-12-09 00:00:00+05:30,84.05,85.3,83.05,84.25,7626176
2019-12-10 00:00:00+05:30,84.35,85.25,83.0,83.6,8200669
2019-12-11 00:00:00+05:30,84.0,84.9,83.3,84.15,5526191
2019-12-12 00:00:00+05:30,84.8,85.75,84.4,85.3,7073603
2019-12-13 00:00:00+05:30,85.5,87.7,85.4,86.95,12159138
2019-12-16 00:00:00+05:30,87.1,87.2,85.35,86.0,5677081
2019-12-17 00:00:00+05:30,87.0,87.25,85.65,85.95,7852652
2019-12-18 00:00:00+05:30,86.25,86.8,85.25,86.0,6870094
2019-12-19 00:00:00+05:30,86.0,87.0,85.55,86.7,4720092
2019-12-20 00:00:00+05:30,86.7,88.15,86.6,87.5,5645352
2019-12-23 00:00:00+05:30,87.35,87.35,85.5,85.9,5531385
2019-12-24 00:00:00+05:30,86.0,86.5,85.5,85.65,3754033
2019-12-26 00:00:00+05:30,85.65,86.05,85.1,85.65,6960089
2019-12-27 00:00:00+05:30,86.0,88.7,85.5,88.2,9880674
2019-12-30 00:00:00+05:30,88.3,88.9,87.0,87.55,7194237
2019-12-31 00:00:00+05:30,87.55,89.1,86.9,87.95,6598385
2020-01-01 00:00:00+05:30,88.25,89.25,88.0,88.75,5890570
2020-01-02 00:00:00+05:30,88.55,92.8,88.55,92.25,13253695
2020-01-03 00:00:00+05:30,92.0,92.5,90.5,90.95,9418595
2020-01-06 00:00:00+05:30,90.4,90.4,86.85,87.1,7308783
2020-01-07 00:00:00+05:30,87.8,88.9,86.55,87.35,9285639
2020-01-08 00:00:00+05:30,86.4,87.3,85.6,86.95,7490919
2020-01-09 00:00:00+05:30,87.95,90.8,87.55,89.65,9989902
2020-01-10 00:00:00+05:30,89.95,90.4,88.45,88.8,7931965
2020-01-13 00:00:00+05:30,89.3,90.45,89.25,90.05,5987313
2020-01-14 00:00:00+05:30,90.0,91.75,89.6,91.2,7918121
2020-01-15 00:00:00+05:30,91.2,91.7,90.2,91.05,7347554
2020-01-16 00:00:00+05:30,91.0,94.15,90.75,92.95,16683768
2020-01-17 00:00:00+05:30,92.7,93.4,91.4,91.6,7405150
2020-01-20 00:00:00+05:30,92.4,94.5,88.05,93.75,43342551
2020-01-21 00:00:00+05:30,94.0,96.4,93.5,94.6,30451633
2020-01-22 00:00:00+05:30,95.15,95.65,93.3,93.75,13553520
2020-01-23 00:00:00+05:30,93.5,95.9,93.3,94.5,11965127
2020-01-24 00:00:00+05:30,94.5,96.95,94.2,96.0,9905227
2020-01-27 00:00:00+05:30,96.0,96.85,94.65,95.65,8860848
2020-01-28 00:00:00+05:30,95.85,96.25,94.65,95.3,5291973
2020-01-29 00:00:00+05:30,95.9,96.35,94.55,94.85,6316781
2020-01-30 00:00:00+05:30,94.7,94.8,91.1,93.0,8366185
2020-01-31 00:00:00+05:30,93.7,93.8,90.8,91.35,10270614
2020-02-01 00:00:00+05:30,91.2,91.95,87.3,88.25,6461277
2020-02-03 00:00:00+05:30,88.35,89.8,87.05,88.4,8298640
2020-02-04 00:00:00+05:30,89.1,90.3,87.75,89.75,10285159
2020-02-05 00:00:00+05:30,90.25,91.0,89.2,90.85,7382599
2020-02-06 00:00:00+05:30,91.4,93.7,90.5,92.5,12574922
2020-02-07 00:00:00+05:30,93.0,93.45,90.95,91.25,11509016
2020-02-10 00:00:00+05:30,91.55,91.55,90.0,90.05,5614924
2020-02-11 00:00:00+05:30,90.3,91.4,90.0,90.45,5188082
2020-02-12 00:00:00+05:30,91.3,91.3,89.5,90.4,4714961
2020-02-13 00:00:00+05:30,90.4,90.4,88.9,89.2,5533149
2020-02-14 00:00:00+05:30,89.55,89.95,86.75,87.15,7297847
2020-02-17 00:00:00+05:30,87.15,87.4,84.0,84.45,8590333
2020-02-18 00:00:00+05:30,84.4,84.4,81.0,81.85,12149745
2020-02-19 00:00:00+05:30,82.9,85.4,82.7,84.45,12570992
2020-02-20 00:00:00+05:30,85.25,88.0,85.0,87.5,12197037
2020-02-24 00:00:00+05:30,86.9,87.3,85.7,86.65,5429905
2020-02-25 00:00:00+05:30,87.0,88.0,86.0,86.4,4920055
2020-02-26 00:00:00+05:30,85.75,86.1,84.6,85.05,4161156
2020-02-27 00:00:00+05:30,85.3,89.7,84.65,88.85,20273653
2020-02-28 00:00:00+05:30,85.95,87.15,85.1,85.9,13359911
2020-03-02 00:00:00+05:30,87.95,88.2,81.65,82.8,12883824
2020-03-03 00:00:00+05:30,83.55,85.5,82.5,84.5,8678728
2020-03-04 00:00:00+05:30,84.4,84.75,82.1,83.45,7890014
2020-03-05 00:00:00+05:30,84.8,84.95,83.0,83.2,9188495
2020-03-06 00:00:00+05:30,78.7,81.25,76.3,80.05,10354678
2020-03-09 00:00:00+05:30,77.5,78.6,69.75,72.85,26933103
2020-03-11 00:00:00+05:30,72.9,75.2,71.0,71.35,21213682
2020-03-12 00:00:00+05:30,68.0,68.45,62.45,63.1,29022639
2020-03-13 00:00:00+05:30,56.8,69.25,53.65,68.5,22602120
2020-03-16 00:00:00+05:30,64.7,66.2,62.5,63.1,17226131
2020-03-17 00:00:00+05:30,63.05,64.0,57.0,58.3,15971068
2020-03-18 00:00:00+05:30,58.3,59.55,50.2,54.25,30070958
2020-03-19 00:00:00+05:30,50.0,56.9,49.65,52.4,21391348
2020-03-20 00:00:00+05:30,53.0,55.85,52.2,52.9,18061158
2020-03-23 00:00:00+05:30,47.65,47.65,39.8,40.1,14649753
2020-03-24 00:00:00+05:30,43.4,43.6,37.3,37.8,25432298
2020-03-25 00:00:00+05:30,37.0,41.5,35.7,38.3,20734813
2020-03-26 00:00:00+05:30,38.55,45.85,37.55,41.8,31120545
2020-03-27 00:00:00+05:30,44.0,47.75,42.6,44.45,42305101
2020-03-30 00:00:00+05:30,42.0,43.5,40.2,40.7,24888721
2020-03-31 00:00:00+05:30,42.1,42.4,40.75,41.05,14962190
2020-04-01 00:00:00+05:30,41.05,41.6,39.35,41.3,16801805
2020-04-03 00:00:00+05:30,41.2,41.3,39.5,39.9,13677277
2020-04-07 00:00:00+05:30,41.85,43.2,40.35,42.7,17485359
2020-04-08 00:00:00+05:30,42.5,45.35,40.5,40.85,38777869
2020-04-09 00:00:00+05:30,41.2,42.5,40.05,40.95,34422765
2020-04-13 00:00:00+05:30,40.9,41.6,39.7,40.65,20458011
2020-04-15 00:00:00+05:30,41.1,43.8,41.0,41.4,27800697
2020-04-16 00:00:00+05:30,41.3,42.6,40.55,42.2,15770006
2020-04-17 00:00:00+05:30,44.95,46.4,43.25,46.0,41150967
2020-04-20 00:00:00+05:30,47.5,47.5,45.3,46.05,31414511
2020-04-21 00:00:00+05:30,44.0,44.2,42.65,43.35,20824842
2020-04-22 00:00:00+05:30,43.95,44.35,42.0,44.05,24273868
2020-04-23 00:00:00+05:30,44.8,46.0,43.95,45.0,20802757
2020-04-24 00:00:00+05:30,44.0,44.2,42.9,43.1,14198625
2020-04-27 00:00:00+05:30,43.55,44.75,43.0,44.5,17959496
2020-04-28 00:00:00+05:30,45.2,48.0,44.4,46.75,25447452
2020-04-29 00:00:00+05:30,47.75,47.75,45.75,46.5,22205208
2020-04-30 00:00:00+05:30,47.05,50.75,46.6,48.8,60287266
2020-05-04 00:00:00+05:30,46.3,46.4,43.65,44.05,29622171
2020-05-05 00:00:00+05:30,45.05,45.35,42.7,42.95,22783288
2020-05-06 00:00:00+05:30,43.0,44.1,41.95,43.8,21471279
2020-05-07 00:00:00+05:30,43.4,44.8,42.75,43.15,20344168
2020-05-08 00:00:00+05:30,43.95,44.35,42.3,42.65,14969809
2020-05-11 00:00:00+05:30,43.0,44.65,42.75,43.1,27431771
2020-05-12 00:00:00+05:30,42.5,42.55,40.3,41.45,36707579
2020-05-13 00:00:00+05:30,45.0,45.0,42.25,43.15,40986828
2020-05-14 00:00:00+05:30,43.45,45.7,42.25,45.4,52425237
2020-05-15 00:00:00+05:30,45.4,45.4,43.55,43.75,18627066
2020-05-18 00:00:00+05:30,43.65,43.65,39.45,39.6,42177752
2020-05-19 00:00:00+05:30,40.4,40.7,37.75,38.25,34760862
2020-05-20 00:00:00+05:30,38.5,39.9,38.0,39.1,24765017
2020-05-21 00:00:00+05:30,39.25,39.9,38.9,39.3,19911623
2020-05-22 00:00:00+05:30,39.0,39.85,36.8,37.35,34962306
2020-05-26 00:00:00+05:30,37.85,38.75,37.55,38.45,24766540
2020-05-27 00:00:00+05:30,38.9,41.65,37.95,40.95,42961160
2020-05-28 00:00:00+05:30,41.6,43.3,40.65,42.8,65075577
2020-05-29 00:00:00+05:30,42.0,45.25,41.4,44.9,73906634
2020-06-01 00:00:00+05:30,45.85,47.2,45.65,46.65,39129781
2020-06-02 00:00:00+05:30,46.8,48.1,46.0,47.6,47522313
2020-06-03 00:00:00+05:30,48.6,48.85,46.6,47.1,36846844
2020-06-04 00:00:00+05:30,47.0,48.0,45.3,45.65,38527565
2020-06-05 00:00:00+05:30,45.75,47.6,45.75,47.35,32128167
2020-06-08 00:00:00+05:30,48.5,50.4,47.6,48.15,53975806
2020-06-09 00:00:00+05:30,48.2,50.0,46.8,48.45,52520554
2020-06-10 00:00:00+05:30,48.45,50.1,48.4,49.8,30571765
2020-06-11 00:00:00+05:30,49.95,50.7,47.75,48.0,52459706
2020-06-12 00:00:00+05:30,44.05,49.5,44.05,48.85,50052681
2020-06-15 00:00:00+05:30,48.85,48.85,46.3,46.55,34670017
2020-06-16 00:00:00+05:30,47.9,48.8,45.7,46.8,37886462
2020-06-17 00:00:00+05:30,46.4,47.55,45.7,46.7,30690832
2020-06-18 00:00:00+05:30,46.25,48.45,46.05,48.2,26042651
2020-06-19 00:00:00+05:30,48.15,51.2,47.9,50.95,61804616
2020-06-22 00:00:00+05:30,51.95,56.0,51.55,54.3,77507342
2020-06-23 00:00:00+05:30,55.0,57.0,54.5,56.45,53398275
2020-06-24 00:00:00+05:30,57.45,58.1,52.8,53.25,50155829
2020-06-25 00:00:00+05:30,53.0,53.75,51.1,52.2,50484809
2020-06-26 00:00:00+05:30,53.25,54.95,52.8,53.45,39174675
2020-06-29 00:00:00+05:30,52.95,52.95,51.25,51.55,24686967
2020-06-30 00:00:00+05:30,52.3,52.8,50.7,51.0,20969705
2020-07-01 00:00:00+05:30,51.05,53.35,50.9,53.2,26554225
2020-07-02 00:00:00+05:30,53.7,54.25,53.25,53.55,27301242
2020-07-03 00:00:00+05:30,53.9,53.95,52.55,53.0,16304999
2020-07-06 00:00:00+05:30,53.9,54.7,53.5,53.65,19060525
2020-07-07 00:00:00+05:30,53.8,56.25,52.25,55.95,46328747
2020-07-08 00:00:00+05:30,56.0,56.2,54.1,54.4,36908181
2020-07-09 00:00:00+05:30,54.8,55.6,54.5,55.2,21891259
2020-07-10 00:00:00+05:30,54.65,56.0,53.95,54.2,25569997
2020-07-13 00:00:00+05:30,54.8,54.9,52.75,53.05,20919444
2020-07-14 00:00:00+05:30,53.0,53.0,50.65,51.1,22211466
2020-07-15 00:00:00+05:30,51.7,53.0,49.2,49.8,45140957
2020-07-16 00:00:00+05:30,51.6,53.75,50.5,52.0,74247641
2020-07-17 00:00:00+05:30,53.3,53.6,51.2,52.05,43066955
2020-07-20 00:00:00+05:30,52.75,54.25,52.3,53.7,42463725
2020-07-21 00:00:00+05:30,54.6,54.6,53.75,54.45,26492151
2020-07-22 00:00:00+05:30,54.5,57.25,53.1,56.7,58376137
2020-07-23 00:00:00+05:30,57.0,57.7,56.3,57.1,46248378
2020-07-24 00:00:00+05:30,56.2,58.6,55.4,57.55,49023946
2020-07-27 00:00:00+05:30,57.55,57.65,55.05,55.9,37944040
2020-07-28 00:00:00+05:30,55.9,56.9,55.25,55.55,26640337
2020-07-29 00:00:00+05:30,55.9,56.9,55.2,55.8,25280006
2020-07-30 00:00:00+05:30,56.05,56.35,53.85,54.15,20356419
2020-07-31 00:00:00+05:30,54.2,54.65,53.1,53.9,23229970
2020-08-03 00:00:00+05:30,53.6,54.2,52.25,52.45,29215233
2020-08-04 00:00:00+05:30,52.5,53.1,52.05,52.3,21603529
2020-08-05 00:00:00+05:30,52.5,53.3,52.2,52.35,39703177
2020-08-06 00:00:00+05:30,52.9,53.25,51.65,52.45,68928508
2020-08-07 00:00:00+05:30,52.45,55.0,52.2,54.65,52186679
2020-08-10 00:00:00+05:30,54.95,55.25,53.65,53.85,27635791
2020-08-11 00:00:00+05:30,54.3,54.5,53.6,54.3,25479162
2020-08-12 00:00:00+05:30,54.0,54.45,53.45,54.0,21254187
2020-08-13 00:00:00+05:30,54.3,55.0,53.85,54.0,24143907
2020-08-14 00:00:00+05:30,54.35,54.45,52.0,52.6,26927934
2020-08-17 00:00:00+05:30,53.1,53.4,52.15,52.85,17076269
2020-08-18 00:00:00+05:30,53.1,53.75,52.5,53.5,21716642
2020-08-19 00:00:00+05:30,53.9,55.8,53.6,54.9,46677335
2020-08-20 00:00:00+05:30,54.45,54.8,53.9,54.6,29832820
2020-08-21 00:00:00+05:30,55.0,56.2,54.65,55.9,44841517
2020-08-24 00:00:00+05:30,56.5,57.1,56.0,56.7,44902264
2020-08-25 00:00:00+05:30,57.0,57.45,56.0,56.4,39867094
2020-08-26 00:00:00+05:30,56.8,57.05,56.3,56.7,21768815
2020-08-27 00:00:00+05:30,56.9,57.25,56.0,56.1,31911041
2020-08-28 00:00:00+05:30,56.5,61.15,56.25,60.45,131279166
2020-08-31 00:00:00+05:30,61.6,62.75,54.75,55.3,89955266
2020-09-01 00:00:00+05:30,55.3,56.8,53.35,54.65,60214650
2020-09-02 00:00:00+05:30,55.2,56.2,54.15,55.9,33946132
2020-09-03 00:00:00+05:30,56.45,56.7,55.3,55.7,22609267
2020-09-07 00:00:00+05:30,53.85,54.2,52.15,52.85,30459398
2020-09-08 00:00:00+05:30,53.0,53.2,51.75,52.1,24123711
2020-09-09 00:00:00+05:30,51.1,51.85,49.7,51.3,37725138
2020-09-10 00:00:00+05:30,52.1,52.5,50.6,51.25,32249538
2020-09-11 00:00:00+05:30,51.4,52.15,50.85,51.8,23114723
2020-09-14 00:00:00+05:30,52.4,55.0,52.3,53.35,48277630
2020-09-15 00:00:00+05:30,53.95,54.45,52.85,54.25,25098558
2020-09-16 00:00:00+05:30,54.35,54.35,52.9,53.55,29166385
2020-09-17 00:00:00+05:30,53.0,53.95,52.4,52.65,27926203
2020-09-18 00:00:00+05:30,53.3,53.4,51.0,51.9,33321564
2020-09-21 00:00:00+05:30,52.0,52.1,49.5,49.8,33481267
2020-09-22 00:00:00+05:30,50.0,50.15,47.55,48.85,37261285
2020-09-23 00:00:00+05:30,49.5,49.8,47.5,48.45,34958428
2020-09-24 00:00:00+05:30,47.4,47.9,45.5,45.75,41509055
2020-09-25 00:00:00+05:30,46.3,47.95,45.35,47.7,32271635
2020-09-28 00:00:00+05:30,48.7,50.65,48.0,50.5,28676719
2020-09-29 00:00:00+05:30,50.5,50.9,48.95,49.2,27538534
2020-09-30 00:00:00+05:30,49.5,49.6,48.5,48.6,21059470
2020-10-01 00:00:00+05:30,49.3,50.65,49.05,50.5,30741975
2020-10-05 00:00:00+05:30,51.3,52.35,50.2,50.8,37525155
2020-10-06 00:00:00+05:30,51.4,52.0,50.7,51.75,24411044
2020-10-07 00:00:00+05:30,51.9,51.9,50.75,51.45,21173409
2020-10-08 00:00:00+05:30,51.6,53.15,51.5,52.2,36017681
2020-10-09 00:00:00+05:30,52.15,53.15,51.75,52.95,29321305
2020-10-12 00:00:00+05:30,53.35,54.25,52.3,52.5,25904311
2020-10-13 00:00:00+05:30,52.35,53.0,51.85,52.45,14672810
2020-10-14 00:00:00+05:30,52.3,53.2,51.4,52.9,26184035
2020-10-15 00:00:00+05:30,53.25,54.0,51.45,51.75,39618659
2020-10-16 00:00:00+05:30,52.25,53.5,51.4,52.2,44188830
2020-10-19 00:00:00+05:30,53.55,56.6,53.2,56.2,93001569
2020-10-20 00:00:00+05:30,55.55,57.2,55.05,56.85,46062104
2020-10-21 00:00:00+05:30,56.85,58.8,55.75,57.0,54765746
2020-10-22 00:00:00+05:30,56.5,56.85,55.75,56.5,32543591
2020-10-23 00:00:00+05:30,57.0,57.15,55.9,56.0,27949730
2020-10-26 00:00:00+05:30,56.3,56.3,54.0,54.15,32691534
2020-10-27 00:00:00+05:30,54.7,54.7,53.1,54.05,37331777
2020-10-28 00:00:00+05:30,53.95,54.0,51.6,52.15,45781987
2020-10-29 00:00:00+05:30,51.9,51.9,50.25,51.0,39040125
2020-10-30 00:00:00+05:30,51.2,51.4,49.8,50.45,38980684
2020-11-02 00:00:00+05:30,51.05,52.5,50.05,51.65,44467732
2020-11-03 00:00:00+05:30,52.0,53.7,51.9,53.5,39874232
2020-11-04 00:00:00+05:30,53.0,53.4,51.25,52.7,41397509
2020-11-05 00:00:00+05:30,53.1,54.45,53.1,54.15,39135687
2020-11-06 00:00:00+05:30,54.1,55.3,53.35,54.75,42549793
2020-11-09 00:00:00+05:30,55.5,56.55,54.7,55.7,38980097
2020-11-10 00:00:00+05:30,56.2,59.0,56.15,58.65,67005996
2020-11-11 00:00:00+05:30,59.15,59.45,56.5,57.45,46546567
2020-11-12 00:00:00+05:30,57.5,57.55,56.2,56.3,25878902
2020-11-13 00:00:00+05:30,55.8,56.95,54.7,56.65,36216804
2020-11-17 00:00:00+05:30,57.0,58.55,56.9,58.05,34651878
2020-11-18 00:00:00+05:30,57.85,62.5,57.25,61.9,71799349
2020-11-19 00:00:00+05:30,61.35,61.9,58.1,58.6,54352436
2020-11-20 00:00:00+05:30,58.7,59.35,56.9,58.45,43773824
2020-11-23 00:00:00+05:30,59.1,59.55,57.85,58.3,29514760
2020-11-24 00:00:00+05:30,59.0,59.15,57.3,58.5,39158987
2020-11-25 00:00:00+05:30,59.0,61.55,58.8,59.2,62225629
2020-11-26 00:00:00+05:30,59.9,60.1,58.4,59.85,38323739
2020-11-27 00:00:00+05:30,60.0,63.5,59.85,62.8,71574923
2020-12-01 00:00:00+05:30,63.2,65.85,62.3,65.6,54097063
2020-12-02 00:00:00+05:30,65.75,66.95,63.8,65.05,52003516
2020-12-03 00:00:00+05:30,65.8,67.0,65.3,65.6,40295263
2020-12-04 00:00:00+05:30,66.25,67.0,64.4,66.0,38790878
2020-12-07 00:00:00+05:30,66.1,67.6,65.95,66.35,34167162
2020-12-08 00:00:00+05:30,66.8,67.2,64.8,65.5,38177971
2020-12-09 00:00:00+05:30,66.2,67.0,65.75,66.6,27130749
2020-12-10 00:00:00+05:30,66.4,66.5,64.85,65.5,38211390
2020-12-11 00:00:00+05:30,66.05,67.2,65.6,66.25,31794609
2020-12-14 00:00:00+05:30,66.55,69.1,66.55,68.4,48793541
2020-12-15 00:00:00+05:30,68.65,68.65,66.7,67.4,28751441
2020-12-16 00:00:00+05:30,68.25,68.5,67.5,67.75,19517091
2020-12-17 00:00:00+05:30,67.9,68.9,67.0,67.1,25152667
2020-12-18 00:00:00+05:30,67.5,67.65,65.3,66.35,21800372
2020-12-21 00:00:00+05:30,66.05,66.05,59.5,60.4,53156785
2020-12-22 00:00:00+05:30,60.45,62.15,57.65,61.8,67432435
2020-12-23 00:00:00+05:30,62.15,64.75,61.25,64.25,34846873
2020-12-24 00:00:00+05:30,64.3,66.05,64.3,65.2,27710195
2020-12-28 00:00:00+05:30,65.85,67.65,65.85,67.4,28798759
2020-12-29 00:00:00+05:30,67.7,68.25,66.35,67.4,29975598
2020-12-30 00:00:00+05:30,67.65,68.0,66.3,67.25,19485702
2020-12-31 00:00:00+05:30,67.2,67.2,66.25,66.7,17887701
2021-01-01 00:00:00+05:30,67.0,68.2,66.8,68.05,14461641
2021-01-04 00:00:00+05:30,69.0,71.4,68.8,70.55,45796174
2021-01-05 00:00:00+05:30,70.0,72.5,69.25,72.3,41814547
2021-01-06 00:00:00+05:30,73.1,74.2,71.45,72.7,42543093
2021-01-07 00:00:00+05:30,74.9,76.5,73.25,75.65,51315250
2021-01-08 00:00:00+05:30,76.4,76.8,75.4,75.75,25199203
2021-01-11 00:00:00+05:30,76.25,76.45,73.6,74.8,23277578
2021-01-12 00:00:00+05:30,74.0,76.85,73.5,76.2,29276070
2021-01-13 00:00:00+05:30,77.0,78.0,74.35,74.75,41759426
2021-01-14 00:00:00+05:30,75.2,75.9,74.25,75.05,21203477
2021-01-15 00:00:00+05:30,74.85,75.3,71.8,73.35,28968238
2021-01-18 00:00:00+05:30,72.95,73.4,71.1,71.3,23782577
2021-01-19 00:00:00+05:30,72.0,75.6,72.0,75.4,28249261
2021-01-20 00:00:00+05:30,75.8,78.0,74.65,77.3,71338045
2021-01-21 00:00:00+05:30,78.85,78.85,75.25,76.25,48992579
2021-01-22 00:00:00+05:30,76.3,77.0,72.9,73.3,37290152
2021-01-25 00:00:00+05:30,74.05,74.8,70.8,71.25,30204653
2021-01-27 00:00:00+05:30,71.25,71.9,69.4,69.8,35518446
2021-01-28 00:00:00+05:30,69.25,72.45,69.05,71.6,57086146
2021-01-29 00:00:00+05:30,72.6,74.55,71.85,72.3,52818552
2021-02-01 00:00:00+05:30,73.35,77.45,71.75,77.2,38812314
2021-02-02 00:00:00+05:30,77.85,81.85,77.6,80.25,52068284
2021-02-03 00:00:00+05:30,80.75,82.2,79.2,81.6,36219678
2021-02-04 00:00:00+05:30,81.35,85.8,80.55,85.35,43510417
2021-02-05 00:00:00+05:30,85.5,87.25,82.85,83.2,37886348
2021-02-08 00:00:00+05:30,83.95,84.95,82.4,82.85,16473678
2021-02-09 00:00:00+05:30,83.0,85.45,82.0,82.95,27014056
2021-02-10 00:00:00+05:30,83.0,83.75,81.8,82.85,20062704
2021-02-11 00:00:00+05:30,82.3,84.0,82.3,83.4,15234839
2021-02-12 00:00:00+05:30,83.7,84.15,82.65,83.15,12902407
2021-02-15 00:00:00+05:30,83.65,85.7,83.5,85.2,20970336
2021-02-16 00:00:00+05:30,86.2,87.25,84.15,85.4,27789239
2021-02-17 00:00:00+05:30,85.2,88.2,84.6,86.7,30105422
2021-02-18 00:00:00+05:30,87.25,87.5,85.55,86.8,21322347
2021-02-19 00:00:00+05:30,86.7,87.4,82.65,83.45,21992353
2021-02-22 00:00:00+05:30,83.75,84.15,79.5,79.95,22949528
2021-02-23 00:00:00+05:30,80.1,82.3,80.0,81.25,21163853
2021-02-24 00:00:00+05:30,81.95,85.1,81.15,84.7,13380943
2021-02-25 00:00:00+05:30,87.0,88.15,85.55,86.55,31745214
2021-02-26 00:00:00+05:30,84.9,85.25,82.1,83.55,26927324
2021-03-01 00:00:00+05:30,84.65,84.75,82.5,83.05,13012485
2021-03-02 00:00:00+05:30,83.5,84.75,82.05,83.3,17080592
2021-03-03 00:00:00+05:30,83.7,88.5,83.5,88.1,38164638
2021-03-04 00:00:00+05:30,86.7,92.5,85.8,90.7,53419081
2021-03-05 00:00:00+05:30,89.9,91.0,85.35,87.35,31006526
2021-03-08 00:00:00+05:30,88.2,89.2,85.9,86.3,20429517
2021-03-09 00:00:00+05:30,87.2,87.7,84.15,85.25,17148170
2021-03-10 00:00:00+05:30,86.0,87.2,84.9,86.3,17405315
2021-03-12 00:00:00+05:30,87.25,87.8,84.4,85.25,15239086
2021-03-15 00:00:00+05:30,85.65,85.65,81.3,83.75,25957704
2021-03-16 00:00:00+05:30,84.1,84.85,82.5,83.6,18993885
2021-03-17 00:00:00+05:30,83.65,83.75,79.7,80.2,20680901
2021-03-18 00:00:00+05:30,81.0,82.1,76.7,77.75,24056288
2021-03-19 00:00:00+05:30,77.3,79.5,74.4,77.9,29679829
2021-03-22 00:00:00+05:30,78.0,78.55,76.6,77.15,16324465
2021-03-23 00:00:00+05:30,77.5,79.6,77.3,78.2,17735025
2021-03-24 00:00:00+05:30,78.0,78.3,75.1,75.65,15152576
2021-03-25 00:00:00+05:30,75.2,77.4,72.6,76.3,31624804
2021-03-26 00:00:00+05:30,77.1,78.25,76.1,76.75,19258922
2021-03-30 00:00:00+05:30,78.0,78.2,75.55,75.8,20705538
2021-03-31 00:00:00+05:30,75.75,77.1,75.4,75.8,13977460
2021-04-01 00:00:00+05:30,76.45,79.5,76.3,78.95,17940660
2021-04-05 00:00:00+05:30,78.85,78.85,74.35,76.4,21408161
2021-04-06 00:00:00+05:30,77.0,77.9,75.75,76.85,13468830
2021-04-07 00:00:00+05:30,77.05,79.7,76.25,79.05,20906804
2021-04-08 00:00:00+05:30,79.15,80.35,77.5,77.8,22332127
2021-04-09 00:00:00+05:30,77.8,79.35,77.2,77.7,13319393
2021-04-12 00:00:00+05:30,75.0,76.1,70.35,71.2,33671366
2021-04-13 00:00:00+05:30,71.5,77.5,71.05,77.0,39856132
2021-04-15 00:00:00+05:30,75.0,77.25,74.1,75.85,22118203
2021-04-16 00:00:00+05:30,75.95,77.6,75.0,76.4,19510734
2021-04-19 00:00:00+05:30,73.75,74.0,71.05,71.95,31131304
2021-04-20 00:00:00+05:30,73.15,74.5,71.7,72.1,22444098
2021-04-22 00:00:00+05:30,70.2,72.6,70.2,71.75,25171926
2021-04-23 00:00:00+05:30,71.45,73.3,71.1,72.05,19717256
2021-04-26 00:00:00+05:30,72.75,75.25,72.75,73.95,26113329
2021-04-27 00:00:00+05:30,74.05,75.45,73.65,75.15,17171296
2021-04-28 00:00:00+05:30,75.15,78.1,75.1,77.85,25105227
2021-04-29 00:00:00+05:30,77.65,79.3,76.6,77.6,28598987
2021-04-30 00:00:00+05:30,77.05,82.9,76.25,80.1,64118787
2021-05-03 00:00:00+05:30,79.5,80.6,77.2,79.85,24275515
2021-05-04 00:00:00+05:30,80.6,82.8,79.0,79.45,35201620
2021-05-05 00:00:00+05:30,80.45,81.0,79.0,80.05,15528475
2021-05-06 00:00:00+05:30,80.5,80.85,78.3,78.6,17470448
2021-05-07 00:00:00+05:30,79.5,79.8,77.25,77.65,15171015
2021-05-10 00:00:00+05:30,78.3,80.2,77.9,79.55,16973924
2021-05-11 00:00:00+05:30,79.0,83.4,78.1,81.8,32404058
2021-05-12 00:00:00+05:30,82.3,84.0,80.6,81.6,36313327
2021-05-14 00:00:00+05:30,82.45,82.85,79.05,79.65,20935527
2021-05-17 00:00:00+05:30,80.8,83.5,77.65,81.55,97895734
2021-05-18 00:00:00+05:30,84.0,86.4,83.1,84.35,84531307
2021-05-19 00:00:00+05:30,84.3,85.4,83.3,84.4,26544621
2021-05-20 00:00:00+05:30,84.7,85.5,82.85,83.45,22469104
2021-05-21 00:00:00+05:30,84.05,85.5,83.4,85.15,24015512
2021-05-24 00:00:00+05:30,85.75,87.25,84.85,86.4,32710912
2021-05-25 00:00:00+05:30,86.85,87.65,85.6,86.85,28796836
2021-05-26 00:00:00+05:30,87.2,87.7,86.6,87.0,20839520
2021-05-27 00:00:00+05:30,87.0,88.7,86.25,88.05,22884881
2021-05-28 00:00:00+05:30,88.85,89.4,87.65,88.7,24889079
2021-05-31 00:00:00+05:30,88.8,89.35,87.0,87.25,19373209
2021-06-01 00:00:00+05:30,87.3,87.9,85.1,85.75,23666035
2021-06-02 00:00:00+05:30,85.75,87.9,85.25,87.6,15896293
2021-06-03 00:00:00+05:30,87.95,89.25,87.75,88.0,18192066
2021-06-04 00:00:00+05:30,88.1,88.5,86.9,87.85,13267525
2021-06-07 00:00:00+05:30,87.9,88.6,87.2,87.55,14269384
2021-06-08 00:00:00+05:30,87.6,87.9,86.05,86.2,12954499
2021-06-09 00:00:00+05:30,86.4,87.6,83.5,84.5,25069241
2021-06-10 00:00:00+05:30,85.0,86.75,84.55,86.45,16614719
2021-06-11 00:00:00+05:30,87.0,87.65,85.3,86.05,13387409
2021-06-14 00:00:00+05:30,86.05,86.05,83.35,85.3,15536883
2021-06-15 00:00:00+05:30,85.75,87.2,85.5,86.0,16123803
2021-06-16 00:00:00+05:30,86.0,86.7,84.75,84.95,13897764
2021-06-17 00:00:00+05:30,84.5,86.45,84.25,85.35,21180134
2021-06-18 00:00:00+05:30,85.75,86.0,81.25,83.85,20261227
2021-06-21 00:00:00+05:30,82.7,85.6,81.9,85.35,14827205
2021-06-22 00:00:00+05:30,85.8,86.6,84.3,84.6,17205150
2021-06-23 00:00:00+05:30,85.1,86.35,84.6,84.8,13559907
2021-06-24 00:00:00+05:30,85.25,85.4,84.05,84.85,12286540
2021-06-25 00:00:00+05:30,85.15,86.2,84.85,85.75,14215718
2021-06-28 00:00:00+05:30,86.2,88.1,85.9,87.35,17800816
2021-06-29 00:00:00+05:30,87.45,87.75,86.0,86.5,17097810
2021-06-30 00:00:00+05:30,87.0,87.55,86.45,87.1,14356947
2021-07-01 00:00:00+05:30,86.8,86.9,85.8,86.0,8642696
2021-07-02 00:00:00+05:30,86.2,86.3,84.9,85.3,10595866
2021-07-05 00:00:00+05:30,85.65,87.55,85.3,87.25,17003668
2021-07-06 00:00:00+05:30,87.4,88.5,86.5,86.9,19800605
2021-07-07 00:00:00+05:30,86.9,86.9,85.35,86.3,12466543
2021-07-08 00:00:00+05:30,86.5,87.8,85.5,86.05,14927914
2021-07-09 00:00:00+05:30,86.05,86.1,85.0,85.6,8474226
2021-07-12 00:00:00+05:30,88.45,90.9,87.1,89.5,66531761
2021-07-13 00:00:00+05:30,90.35,90.35,88.5,89.25,17588601
2021-07-14 00:00:00+05:30,89.5,90.3,88.75,89.85,17843922
2021-07-15 00:00:00+05:30,89.85,90.0,87.6,88.4,14632049
2021-07-16 00:00:00+05:30,88.6,88.9,87.6,87.9,10263533
2021-07-19 00:00:00+05:30,86.5,87.4,85.8,86.0,11724155
2021-07-20 00:00:00+05:30,86.0,86.35,82.95,83.75,15542613
2021-07-22 00:00:00+05:30,85.0,85.4,83.85,84.25,11981950
2021-07-23 00:00:00+05:30,84.95,87.0,83.7,85.4,52123465
2021-07-26 00:00:00+05:30,85.65,87.6,84.65,87.25,28978330
2021-07-27 00:00:00+05:30,87.5,88.45,86.05,86.3,25993046
2021-07-28 00:00:00+05:30,86.3,86.45,84.75,85.55,12224604
2021-07-29 00:00:00+05:30,85.95,86.4,85.0,85.9,12673281
2021-07-30 00:00:00+05:30,86.15,88.0,85.35,87.45,14456555
2021-08-02 00:00:00+05:30,87.9,88.1,86.3,86.55,10564287
2021-08-03 00:00:00+05:30,86.05,89.4,86.05,89.15,19906321
2021-08-04 00:00:00+05:30,89.15,90.0,87.25,87.75,22414475
2021-08-05 00:00:00+05:30,88.0,88.05,85.45,85.95,17695360
2021-08-06 00:00:00+05:30,86.0,87.4,85.8,87.15,16582952
2021-08-09 00:00:00+05:30,87.0,88.2,86.35,87.75,11443816
2021-08-10 00:00:00+05:30,87.8,88.15,85.5,86.4,16781025
2021-08-11 00:00:00+05:30,86.5,86.8,84.05,85.2,16619726
2021-08-12 00:00:00+05:30,85.2,86.25,85.1,85.6,10443600
2021-08-13 00:00:00+05:30,85.75,86.1,84.45,85.3,9740235
2021-08-16 00:00:00+05:30,85.3,85.5,84.6,84.8,6958502
2021-08-17 00:00:00+05:30,84.7,84.8,83.0,83.25,11228911
2021-08-18 00:00:00+05:30,83.65,84.15,82.4,83.25,11789254
2021-08-20 00:00:00+05:30,82.35,82.85,79.55,79.9,17753165
2021-08-23 00:00:00+05:30,80.5,80.85,77.85,78.25,9998875
2021-08-24 00:00:00+05:30,78.3,80.55,78.1,80.1,11212700
2021-08-25 00:00:00+05:30,80.45,80.95,80.1,80.45,14068568
2021-08-26 00:00:00+05:30,80.5,80.6,78.0,78.2,10575502
2021-08-27 00:00:00+05:30,78.0,78.65,77.5,77.95,9003787
2021-08-30 00:00:00+05:30,78.9,81.95,78.25,81.35,21810178
2021-08-31 00:00:00+05:30,81.3,81.75,80.1,81.25,13356776
2021-09-01 00:00:00+05:30,81.5,83.25,81.1,82.4,16310517
2021-09-02 00:00:00+05:30,82.8,83.35,82.4,82.8,6746469
2021-09-03 00:00:00+05:30,83.2,84.45,82.1,82.85,11703500
2021-09-06 00:00:00+05:30,83.5,83.5,82.3,82.4,6317125
2021-09-07 00:00:00+05:30,82.7,82.7,80.65,81.55,7586462
2021-09-08 00:00:00+05:30,81.8,83.45,81.25,83.1,9085081
2021-09-09 00:00:00+05:30,82.95,83.25,81.85,82.4,7302486
2021-09-13 00:00:00+05:30,82.4,82.65,81.65,82.1,4067786
2021-09-14 00:00:00+05:30,82.5,82.9,81.95,82.35,5706185
2021-09-15 00:00:00+05:30,82.3,84.2,81.85,83.65,9881509
2021-09-16 00:00:00+05:30,84.45,86.2,83.4,85.9,19475498
2021-09-17 00:00:00+05:30,86.5,86.7,83.1,83.3,19944073
2021-09-20 00:00:00+05:30,83.0,83.0,79.4,79.7,16863234
2021-09-21 00:00:00+05:30,79.5,80.5,78.15,80.05,15056016
2021-09-22 00:00:00+05:30,80.4,81.65,79.9,81.1,10697315
2021-09-23 00:00:00+05:30,82.0,82.5,81.25,81.85,13640424
2021-09-24 00:00:00+05:30,82.5,82.55,80.55,80.85,9330468
2021-09-27 00:00:00+05:30,81.4,82.0,81.0,81.6,5384060
2021-09-28 00:00:00+05:30,81.9,82.0,80.1,80.9,10618280
2021-09-29 00:00:00+05:30,80.7,82.25,79.5,81.35,23686048
2021-09-30 00:00:00+05:30,81.8,86.25,81.7,84.3,33472211
2021-10-01 00:00:00+05:30,83.95,84.3,82.7,83.15,10264738
2021-10-04 00:00:00+05:30,84.5,86.0,83.95,85.05,15602179
2021-10-05 00:00:00+05:30,85.15,86.2,84.5,85.75,13017163
2021-10-06 00:00:00+05:30,85.9,86.9,84.05,84.4,13315657
2021-10-07 00:00:00+05:30,85.7,86.45,84.8,85.45,11719207
2021-10-08 00:00:00+05:30,85.95,86.35,84.8,85.6,14090906
2021-10-11 00:00:00+05:30,86.5,87.5,85.8,86.25,12822354
2021-10-12 00:00:00+05:30,86.95,88.95,85.5,88.6,25448034
2021-10-13 00:00:00+05:30,89.05,94.0,88.5,93.6,54208636
2021-10-14 00:00:00+05:30,94.7,95.5,92.75,93.1,31082419
2021-10-18 00:00:00+05:30,95.0,96.5,94.0,95.3,28559068
2021-10-19 00:00:00+05:30,96.05,96.05,92.45,92.85,17698523
2021-10-20 00:00:00+05:30,92.85,94.4,91.0,94.0,20059712
2021-10-21 00:00:00+05:30,94.8,98.0,93.3,96.55,47242354
2021-10-22 00:00:00+05:30,97.2,105.7,93.6,103.9,128941859
2021-10-25 00:00:00+05:30,105.0,107.65,100.3,102.5,78995676
2021-10-26 00:00:00+05:30,103.0,104.7,101.65,102.0,25656807
2021-10-27 00:00:00+05:30,102.7,102.75,98.3,100.35,31075808
2021-10-28 00:00:00+05:30,100.35,101.6,97.05,97.8,21384254
2021-10-29 00:00:00+05:30,97.9,100.0,96.0,97.45,25060969
2021-11-01 00:00:00+05:30,98.0,99.25,96.85,98.0,21178532
2021-11-02 00:00:00+05:30,98.75,102.7,98.55,101.95,28222583
2021-11-03 00:00:00+05:30,102.65,102.65,99.0,100.2,24193925
2021-11-04 00:00:00+05:30,101.4,101.85,100.9,101.1,2912999
2021-11-08 00:00:00+05:30,101.6,102.2,100.2,101.55,15322183
2021-11-09 00:00:00+05:30,101.55,103.35,100.75,102.05,22350236
2021-11-10 00:00:00+05:30,102.05,102.8,100.05,100.35,16562694
2021-11-11 00:00:00+05:30,100.9,102.1,99.3,100.2,17144200
2021-11-12 00:00:00+05:30,100.95,101.05,99.75,100.1,13928829
2021-11-15 00:00:00+05:30,100.6,101.3,99.0,99.55,11527963
2021-11-16 00:00:00+05:30,99.75,99.75,97.05,97.4,11586459
2021-11-17 00:00:00+05:30,97.4,98.3,96.5,97.1,10725400
2021-11-18 00:00:00+05:30,97.15,98.1,94.0,94.7,16495647
2021-11-22 00:00:00+05:30,95.3,95.3,90.5,91.45,17323342
2021-11-23 00:00:00+05:30,91.0,93.2,90.75,92.75,17668580
2021-11-24 00:00:00+05:30,93.25,94.55,92.55,93.05,11974638
2021-11-25 00:00:00+05:30,93.05,94.4,92.05,92.9,10826969
2021-11-26 00:00:00+05:30,92.65,92.7,88.05,88.7,21088333
2021-11-29 00:00:00+05:30,88.0,88.55,84.7,87.05,18514448
2021-11-30 00:00:00+05:30,87.5,90.2,86.25,86.8,20266746
2021-12-01 00:00:00+05:30,87.5,88.75,87.1,88.55,14539590
2021-12-02 00:00:00+05:30,88.5,89.2,87.5,88.9,12932852
2021-12-03 00:00:00+05:30,89.1,90.0,88.8,89.2,12453387
2021-12-06 00:00:00+05:30,89.35,89.5,87.4,87.75,8944775
2021-12-07 00:00:00+05:30,88.75,89.95,88.15,89.65,11089664
2021-12-08 00:00:00+05:30,90.85,90.85,89.65,90.35,11330813
2021-12-09 00:00:00+05:30,90.5,91.4,90.1,90.8,8410945
2021-12-10 00:00:00+05:30,90.75,92.9,90.0,92.6,9658633
2021-12-13 00:00:00+05:30,93.35,93.4,91.65,91.95,14719726
2021-12-14 00:00:00+05:30,91.5,91.5,89.9,91.0,7786084
2021-12-15 00:00:00+05:30,91.25,91.45,89.05,89.3,10577697
2021-12-16 00:00:00+05:30,90.0,90.1,88.0,88.6,9936849
2021-12-17 00:00:00+05:30,88.2,88.55,84.8,85.2,19561652
2021-12-20 00:00:00+05:30,84.75,84.75,78.8,81.05,24015437
2021-12-21 00:00:00+05:30,81.95,82.25,79.85,80.55,14156976
2021-12-22 00:00:00+05:30,82.4,82.4,80.4,81.3,13374546
2021-12-23 00:00:00+05:30,82.0,83.1,81.6,82.15,12168815
2021-12-24 00:00:00+05:30,82.5,82.5,80.35,81.0,12195815
2021-12-27 00:00:00+05:30,80.25,81.9,78.6,81.25,9405458
2021-12-28 00:00:00+05:30,82.1,82.35,81.3,81.9,6676061
2021-12-29 00:00:00+05:30,81.75,82.5,81.4,81.95,6029362
2021-12-30 00:00:00+05:30,81.95,82.75,80.6,82.2,25636819
2021-12-31 00:00:00+05:30,82.2,83.5,82.1,83.0,7508345
2022-01-03 00:00:00+05:30,83.2,87.85,82.95,87.2,23076489
2022-01-04 00:00:00+05:30,88.0,88.9,86.9,88.5,17703948
2022-01-05 00:00:00+05:30,88.45,90.35,87.75,90.05,18419964
2022-01-06 00:00:00+05:30,89.7,90.6,89.0,90.05,16421121
2022-01-07 00:00:00+05:30,90.8,91.9,90.05,91.35,19019068
2022-01-10 00:00:00+05:30,91.85,95.9,91.6,95.55,29701899
2022-01-11 00:00:00+05:30,95.95,96.9,94.45,96.45,19146191
2022-01-12 00:00:00+05:30,98.7,99.5,97.7,98.5,22266577
2022-01-13 00:00:00+05:30,98.5,101.9,97.75,100.6,23810313
2022-01-14 00:00:00+05:30,100.45,101.0,98.8,99.5,11509042
2022-01-17 00:00:00+05:30,99.45,100.5,99.2,100.0,8373684
2022-01-18 00:00:00+05:30,100.2,101.0,97.8,98.3,16203943
2022-01-19 00:00:00+05:30,98.5,99.8,97.3,98.55,12924190
2022-01-20 00:00:00+05:30,98.4,99.2,97.4,97.85,10645612
2022-01-21 00:00:00+05:30,97.05,97.1,93.1,93.9,14711397
2022-01-24 00:00:00+05:30,93.9,94.75,90.25,92.0,16770551
2022-01-25 00:00:00+05:30,92.0,97.65,90.8,95.85,41665022
2022-01-27 00:00:00+05:30,95.4,100.5,94.0,100.1,31055664
2022-01-28 00:00:00+05:30,100.75,102.75,99.6,100.2,28438564
2022-01-31 00:00:00+05:30,101.5,101.7,99.8,100.6,14174495
2022-02-01 00:00:00+05:30,101.1,102.0,98.25,100.25,14525052
2022-02-02 00:00:00+05:30,101.0,102.2,100.3,101.4,12593978
2022-02-03 00:00:00+05:30,101.25,101.9,100.8,101.0,10269350
2022-02-04 00:00:00+05:30,101.0,101.2,98.25,98.9,9864599
2022-02-07 00:00:00+05:30,99.0,100.5,97.8,99.5,24264144
2022-02-08 00:00:00+05:30,99.85,100.05,97.0,99.0,9556428
2022-02-09 00:00:00+05:30,99.7,103.0,99.7,102.15,22966546
2022-02-10 00:00:00+05:30,102.5,105.0,100.9,104.45,30117303
2022-02-11 00:00:00+05:30,103.9,106.0,102.3,102.95,28714979
2022-02-14 00:00:00+05:30,100.0,100.45,95.45,96.2,23369759
2022-02-15 00:00:00+05:30,96.8,100.95,94.4,100.45,20803245
2022-02-16 00:00:00+05:30,101.0,101.5,98.95,99.6,16016476
2022-02-17 00:00:00+05:30,99.7,100.2,98.05,98.5,13437785
2022-02-18 00:00:00+05:30,97.0,98.95,96.95,97.9,10075699
2022-02-21 00:00:00+05:30,97.8,101.85,97.0,99.75,35843421
2022-02-22 00:00:00+05:30,97.75,100.05,96.15,99.45,25227553
2022-02-23 00:00:00+05:30,99.45,102.1,99.45,100.3,21482751
2022-02-24 00:00:00+05:30,97.0,97.55,92.6,93.85,39643527
2022-02-25 00:00:00+05:30,95.45,97.6,95.0,96.75,28249018
2022-02-28 00:00:00+05:30,96.1,97.3,95.0,97.0,14455709
2022-03-02 00:00:00+05:30,96.0,97.75,94.65,96.05,15548463
2022-03-03 00:00:00+05:30,97.45,97.5,95.3,95.75,12419175
2022-03-04 00:00:00+05:30,95.3,95.65,92.85,93.25,13385957
2022-03-07 00:00:00+05:30,92.0,92.5,86.0,87.4,24502834
2022-03-09 00:00:00+05:30,90.8,93.0,89.5,92.45,23549931
2022-03-10 00:00:00+05:30,95.2,97.25,93.75,94.7,25939107
2022-03-11 00:00:00+05:30,94.4,95.75,93.8,95.3,15023756
2022-03-14 00:00:00+05:30,95.35,96.0,93.8,94.9,15504240
2022-03-15 00:00:00+05:30,95.35,95.8,93.0,93.45,12684289
2022-03-16 00:00:00+05:30,94.95,98.7,94.55,98.35,23649366
2022-03-17 00:00:00+05:30,99.65,100.3,97.75,98.05,18789951
2022-03-21 00:00:00+05:30,98.45,98.45,96.8,97.35,10129862
2022-03-22 00:00:00+05:30,97.5,99.2,96.5,98.85,11871146
2022-03-23 00:00:00+05:30,99.0,100.0,98.15,98.55,11438626
2022-03-24 00:00:00+05:30,98.3,99.15,97.7,98.0,10320726
2022-03-25 00:00:00+05:30,98.1,98.7,97.1,97.5,7671535
2022-03-28 00:00:00+05:30,97.8,99.05,96.2,98.65,11144335
2022-03-29 00:00:00+05:30,99.65,99.8,97.3,97.55,11378953
2022-03-30 00:00:00+05:30,98.55,98.65,96.65,97.05,18410087
2022-03-31 00:00:00+05:30,97.2,98.4,96.9,97.4,10490975
2022-04-01 00:00:00+05:30,97.4,102.25,97.15,101.6,21163607
2022-04-04 00:00:00+05:30,102.0,104.0,101.25,102.5,25317872
2022-04-05 00:00:00+05:30,103.2,103.2,97.7,98.25,43539147
2022-04-06 00:00:00+05:30,98.25,100.3,97.5,99.3,15242800
2022-04-07 00:00:00+05:30,99.3,99.8,98.0,98.45,17796591
2022-04-08 00:00:00+05:30,99.5,100.9,99.0,100.2,15120901
2022-04-11 00:00:00+05:30,100.0,101.35,99.55,100.05,8635769
2022-04-12 00:00:00+05:30,100.05,100.05,97.25,98.45,12213669
2022-04-13 00:00:00+05:30,99.0,100.2,98.25,98.95,11604703
2022-04-18 00:00:00+05:30,98.7,98.7,96.15,96.95,9523135
2022-04-19 00:00:00+05:30,97.6,98.85,95.0,96.3,11897241
2022-04-20 00:00:00+05:30,96.95,97.8,95.75,96.1,10227110
2022-04-21 00:00:00+05:30,96.9,97.3,96.0,96.6,10130826
2022-04-22 00:00:00+05:30,96.5,96.7,95.4,95.75,11899685
2022-04-25 00:00:00+05:30,95.0,96.55,93.7,95.4,12393868
2022-04-26 00:00:00+05:30,96.8,97.75,96.25,97.5,10607557
2022-04-27 00:00:00+05:30,96.85,97.7,95.9,97.05,7410436
2022-04-28 00:00:00+05:30,97.2,98.0,96.3,97.65,6876170
2022-04-29 00:00:00+05:30,98.0,98.6,95.7,96.0,7943317
2022-05-02 00:00:00+05:30,94.0,96.55,93.5,94.55,9517127
2022-05-04 00:00:00+05:30,95.2,97.75,93.85,94.45,15628039
2022-05-05 00:00:00+05:30,95.3,96.9,93.9,94.15,16564829
2022-05-06 00:00:00+05:30,93.0,93.9,88.65,91.1,37190821
2022-05-09 00:00:00+05:30,91.65,94.9,89.35,93.8,29740740
2022-05-10 00:00:00+05:30,93.2,95.0,91.85,92.4,14752094
2022-05-11 00:00:00+05:30,93.55,93.55,89.3,90.7,16650244
2022-05-12 00:00:00+05:30,90.55,90.75,83.95,85.45,29157781
2022-05-13 00:00:00+05:30,87.85,87.85,83.2,83.5,17971518
2022-05-16 00:00:00+05:30,84.9,85.9,82.8,85.3,14916447
2022-05-17 00:00:00+05:30,85.6,87.0,84.4,86.7,12606291
2022-05-18 00:00:00+05:30,87.4,87.75,85.75,86.1,12264421
2022-05-19 00:00:00+05:30,84.0,85.0,82.7,83.45,12533024
2022-05-20 00:00:00+05:30,84.95,85.5,84.25,85.3,9026094
2022-05-23 00:00:00+05:30,86.2,86.55,84.8,85.1,8056677
2022-05-24 00:00:00+05:30,85.6,85.9,84.3,84.55,8238311
2022-05-25 00:00:00+05:30,84.9,85.5,83.05,83.5,8821604
2022-05-26 00:00:00+05:30,83.95,85.5,82.5,85.05,11661808
2022-05-27 00:00:00+05:30,85.55,87.45,85.55,86.9,10805008
2022-05-30 00:00:00+05:30,87.9,90.45,87.6,90.15,10333214
2022-05-31 00:00:00+05:30,89.95,90.6,88.15,88.85,7561081
2022-06-01 00:00:00+05:30,88.4,90.0,88.3,89.3,6377447
2022-06-02 00:00:00+05:30,89.7,92.25,89.3,92.0,14588418
2022-06-03 00:00:00+05:30,92.9,93.4,89.8,90.15,14520124
2022-06-06 00:00:00+05:30,90.55,91.15,88.5,90.8,11663917
2022-06-07 00:00:00+05:30,90.35,91.45,89.9,91.15,9194889
2022-06-08 00:00:00+05:30,90.75,92.85,90.5,91.1,9098083
2022-06-09 00:00:00+05:30,90.7,91.65,90.2,91.35,5384969
2022-06-10 00:00:00+05:30,90.4,92.05,90.15,91.7,5883324
2022-06-13 00:00:00+05:30,90.0,91.35,87.85,88.7,10712518
2022-06-14 00:00:00+05:30,88.65,91.4,88.5,89.9,10367840
2022-06-15 00:00:00+05:30,90.45,90.85,88.9,89.15,10060165
2022-06-16 00:00:00+05:30,90.7,90.75,86.3,86.9,10232041
2022-06-17 00:00:00+05:30,86.05,88.2,85.5,87.3,10344357
2022-06-20 00:00:00+05:30,87.5,88.1,84.0,84.8,9567545
2022-06-21 00:00:00+05:30,85.85,88.3,85.2,87.8,8029209
2022-06-22 00:00:00+05:30,87.7,87.7,86.35,86.8,4463288
2022-06-23 00:00:00+05:30,87.35,87.7,85.55,86.95,7559023
2022-06-24 00:00:00+05:30,87.8,89.65,87.3,89.35,9452966
2022-06-27 00:00:00+05:30,90.75,92.0,90.15,91.05,8739342
2022-06-28 00:00:00+05:30,90.1,92.15,90.05,91.8,6663872
2022-06-29 00:00:00+05:30,91.0,92.35,90.5,91.6,8629695
2022-06-30 00:00:00+05:30,91.2,92.1,90.0,90.2,6540849
2022-07-01 00:00:00+05:30,90.55,94.35,89.3,93.65,16073373
2022-07-04 00:00:00+05:30,94.25,95.5,93.15,95.2,13501261
2022-07-05 00:00:00+05:30,95.5,95.8,94.1,94.55,8291514
2022-07-06 00:00:00+05:30,94.2,95.8,93.8,95.55,9418380
2022-07-07 00:00:00+05:30,96.4,97.25,95.75,97.0,11404099
2022-07-08 00:00:00+05:30,97.3,98.25,96.3,97.5,6014287
2022-07-11 00:00:00+05:30,96.95,99.9,96.55,99.7,10419710
2022-07-12 00:00:00+05:30,99.5,100.7,98.2,98.45,11379873
2022-07-13 00:00:00+05:30,99.2,99.65,97.25,98.0,6843492
2022-07-14 00:00:00+05:30,98.2,99.05,96.15,97.2,13463788
2022-07-15 00:00:00+05:30,97.8,99.95,96.4,98.75,22353647
2022-07-18 00:00:00+05:30,100.0,103.2,99.7,103.0,27285612
2022-07-19 00:00:00+05:30,101.5,107.5,100.6,107.05,40561228
2022-07-20 00:00:00+05:30,108.45,109.45,104.6,105.15,30368364
2022-07-21 00:00:00+05:30,105.5,108.0,104.85,107.2,15882426
2022-07-22 00:00:00+05:30,107.85,108.35,106.45,107.2,11412216
2022-07-25 00:00:00+05:30,107.2,108.0,105.5,107.35,11501218
2022-07-26 00:00:00+05:30,107.45,107.55,105.35,105.7,6453931
2022-07-27 00:00:00+05:30,105.4,107.8,105.05,107.45,11256423
2022-07-28 00:00:00+05:30,108.05,109.25,106.5,107.3,13107296
2022-07-29 00:00:00+05:30,108.45,108.45,106.5,106.65,7924289
2022-08-01 00:00:00+05:30,106.75,107.85,105.75,106.9,9879875
2022-08-02 00:00:00+05:30,106.75,111.95,106.0,110.85,29942911
2022-08-03 00:00:00+05:30,110.65,111.2,108.05,109.0,11009613
2022-08-04 00:00:00+05:30,109.8,109.9,106.45,107.95,11534167
2022-08-05 00:00:00+05:30,108.3,110.65,107.55,108.95,11292168
2022-08-08 00:00:00+05:30,108.95,110.9,107.85,109.55,9773014
2022-08-10 00:00:00+05:30,109.95,110.75,109.05,109.75,8189141
2022-08-11 00:00:00+05:30,110.35,112.45,109.75,111.15,13837639
2022-08-12 00:00:00+05:30,111.25,111.9,110.5,110.8,6636131
2022-08-16 00:00:00+05:30,111.0,111.5,109.45,110.35,8722251
2022-08-17 00:00:00+05:30,110.6,110.95,108.8,109.8,10861481
2022-08-18 00:00:00+05:30,109.75,112.0,109.6,111.0,10108639
2022-08-19 00:00:00+05:30,111.0,111.25,106.85,107.55,10124478
2022-08-22 00:00:00+05:30,107.0,107.65,105.5,106.65,11627331
2022-08-23 00:00:00+05:30,105.55,110.2,105.2,109.85,9588455
2022-08-24 00:00:00+05:30,109.45,114.4,109.3,114.0,22320220
2022-08-25 00:00:00+05:30,114.75,116.1,113.5,113.9,26932836
2022-08-26 00:00:00+05:30,115.15,115.75,113.25,113.9,13976582
2022-08-29 00:00:00+05:30,110.0,113.6,108.6,113.1,10728791
2022-08-30 00:00:00+05:30,113.85,117.85,113.5,117.0,26075581
2022-09-01 00:00:00+05:30,115.05,119.1,115.05,118.75,19439481
2022-09-02 00:00:00+05:30,119.8,122.8,118.8,119.55,21690586
2022-09-05 00:00:00+05:30,120.4,129.75,120.1,123.55,60975341
2022-09-06 00:00:00+05:30,124.7,124.7,120.15,121.2,20078631
2022-09-07 00:00:00+05:30,120.95,122.2,118.55,118.75,14867573
2022-09-08 00:00:00+05:30,119.95,120.5,115.65,118.05,20119999
2022-09-09 00:00:00+05:30,119.2,122.7,118.0,119.55,24051083
2022-09-12 00:00:00+05:30,120.15,120.75,119.0,119.8,10118619
2022-09-13 00:00:00+05:30,120.4,120.5,118.35,119.15,8917803
2022-09-14 00:00:00+05:30,117.15,121.0,116.4,120.75,13514555
2022-09-15 00:00:00+05:30,121.75,124.35,120.65,122.05,16778431
2022-09-16 00:00:00+05:30,121.3,124.65,120.25,121.55,24092980
2022-09-19 00:00:00+05:30,121.55,123.6,120.8,122.6,9936299
2022-09-20 00:00:00+05:30,123.75,124.6,123.15,123.3,7434777
2022-09-21 00:00:00+05:30,123.1,123.9,121.0,122.75,8203770
2022-09-22 00:00:00+05:30,121.9,124.1,120.6,122.9,12016308
2022-09-23 00:00:00+05:30,123.0,123.3,115.9,116.75,14297159
2022-09-26 00:00:00+05:30,115.0,116.0,109.45,111.0,20996679
2022-09-27 00:00:00+05:30,111.6,115.3,110.6,114.4,16965986
2022-09-28 00:00:00+05:30,112.7,114.1,111.55,111.85,10117758
2022-09-29 00:00:00+05:30,113.5,114.55,111.0,113.0,12297128
2022-09-30 00:00:00+05:30,112.7,119.5,111.4,118.75,17967586
2022-10-03 00:00:00+05:30,119.35,121.5,115.9,116.3,20472816
2022-10-04 00:00:00+05:30,118.8,121.15,118.75,120.85,10508886
2022-10-06 00:00:00+05:30,121.45,122.2,120.4,120.85,9759463
2022-10-07 00:00:00+05:30,120.5,123.2,118.75,122.85,15445034
2022-10-10 00:00:00+05:30,121.0,122.0,120.1,121.35,8984969
2022-10-11 00:00:00+05:30,121.8,124.2,121.05,122.4,15548626
2022-10-12 00:00:00+05:30,123.3,125.9,121.8,125.6,17109702
2022-10-13 00:00:00+05:30,125.55,126.75,124.4,124.9,18586173
2022-10-14 00:00:00+05:30,127.0,132.2,125.1,130.35,64039701
2022-10-17 00:00:00+05:30,132.0,132.7,129.1,131.5,34811220
2022-10-18 00:00:00+05:30,132.8,133.8,131.75,132.3,19207421
2022-10-19 00:00:00+05:30,132.8,134.1,130.75,131.3,17193145
2022-10-20 00:00:00+05:30,130.6,131.45,129.3,130.3,11746561
2022-10-21 00:00:00+05:30,131.0,134.8,130.25,132.6,21538883
2022-10-24 00:00:00+05:30,135.05,135.25,134.1,134.75,5465816
2022-10-25 00:00:00+05:30,134.9,135.55,133.15,134.2,11564402
2022-10-27 00:00:00+05:30,135.1,136.0,133.55,134.6,12115548
2022-10-28 00:00:00+05:30,135.0,135.0,130.8,131.15,11829581
2022-10-31 00:00:00+05:30,131.95,132.6,129.6,131.5,14438166
2022-11-01 00:00:00+05:30,132.2,133.6,131.25,131.9,17414480
2022-11-02 00:00:00+05:30,132.35,133.75,131.9,133.2,9763446
2022-11-03 00:00:00+05:30,132.35,137.9,132.1,137.25,22727683
2022-11-04 00:00:00+05:30,137.5,138.85,135.4,136.35,12856041
2022-11-07 00:00:00+05:30,137.0,139.25,136.0,137.0,15492703
2022-11-09 00:00:00+05:30,138.0,139.0,136.85,138.1,10715177
2022-11-10 00:00:00+05:30,137.7,139.7,136.9,138.0,8518799
2022-11-11 00:00:00+05:30,139.95,139.95,134.0,135.05,18402794
2022-11-14 00:00:00+05:30,135.4,136.4,133.4,136.05,6765386
2022-11-15 00:00:00+05:30,136.35,136.75,135.25,136.1,6001310
2022-11-16 00:00:00+05:30,135.65,136.95,131.8,133.15,9853354
2022-11-17 00:00:00+05:30,133.0,135.6,132.8,134.95,7761508
2022-11-18 00:00:00+05:30,135.25,135.25,132.4,132.7,5861696
2022-11-21 00:00:00+05:30,132.3,133.0,131.4,132.4,4197089
2022-11-22 00:00:00+05:30,132.9,133.2,130.2,131.45,6352632
2022-11-23 00:00:00+05:30,132.15,134.95,131.65,134.35,8016223
2022-11-24 00:00:00+05:30,134.95,135.25,132.9,133.35,7432703
2022-11-25 00:00:00+05:30,134.0,135.1,132.0,132.55,7696765
2022-11-28 00:00:00+05:30,133.25,134.25,132.3,133.8,7327894
2022-11-29 00:00:00+05:30,133.75,134.7,132.05,132.45,6388537
2022-11-30 00:00:00+05:30,132.8,133.35,131.0,131.45,6326371
2022-12-01 00:00:00+05:30,132.15,134.9,131.25,132.7,10534000
2022-12-02 00:00:00+05:30,132.9,133.9,132.0,133.25,6906352
2022-12-05 00:00:00+05:30,133.8,137.65,133.05,137.3,14401160
2022-12-06 00:00:00+05:30,137.85,139.2,134.4,134.8,18534496
2022-12-07 00:00:00+05:30,135.0,135.7,131.2,132.1,12158160
2022-12-08 00:00:00+05:30,132.7,136.2,132.25,135.75,16920453
2022-12-09 00:00:00+05:30,136.4,138.2,132.6,133.85,12091269
2022-12-12 00:00:00+05:30,133.95,134.4,132.25,134.0,5389896
2022-12-13 00:00:00+05:30,134.6,137.4,134.1,136.25,10641948
2022-12-14 00:00:00+05:30,136.95,137.65,136.0,136.75,7409698
2022-12-15 00:00:00+05:30,136.75,142.2,136.25,137.85,30024890
2022-12-16 00:00:00+05:30,137.55,139.75,135.35,136.05,14599685
2022-12-19 00:00:00+05:30,136.25,137.75,134.4,136.85,10382407
2022-12-20 00:00:00+05:30,136.7,137.35,133.3,134.95,10005685
2022-12-21 00:00:00+05:30,135.6,136.25,130.35,130.9,13126062
2022-12-22 00:00:00+05:30,131.45,132.35,127.1,127.95,17643433
2022-12-23 00:00:00+05:30,126.1,126.95,121.45,122.45,13180957
2022-12-26 00:00:00+05:30,122.75,132.3,120.9,130.75,22990842
2022-12-27 00:00:00+05:30,131.75,133.35,129.8,132.95,12904975
2022-12-28 00:00:00+05:30,132.5,134.25,131.4,133.65,7348889
2022-12-29 00:00:00+05:30,133.15,139.9,132.0,137.65,30066392
2022-12-30 00:00:00+05:30,138.05,141.0,137.0,139.05,17160666
2023-01-02 00:00:00+05:30,139.75,140.7,137.15,137.7,11044858
2023-01-03 00:00:00+05:30,138.25,142.25,137.3,137.75,24559742
2023-01-04 00:00:00+05:30,138.25,138.5,134.9,136.4,10921191
2023-01-05 00:00:00+05:30,136.9,137.1,135.1,136.7,8313992
2023-01-06 00:00:00+05:30,137.0,137.45,133.35,134.6,11398532
2023-01-09 00:00:00+05:30,135.45,137.0,134.75,135.65,10116170
2023-01-10 00:00:00+05:30,135.95,136.0,133.2,135.25,9012962
2023-01-11 00:00:00+05:30,135.75,135.75,133.3,134.65,10832347
2023-01-12 00:00:00+05:30,135.25,136.2,133.6,135.05,9268341
2023-01-13 00:00:00+05:30,135.5,138.8,134.05,138.45,22395780
2023-01-16 00:00:00+05:30,139.25,143.4,137.15,140.3,58289006
2023-01-17 00:00:00+05:30,142.5,142.9,135.0,138.0,46001364
2023-01-18 00:00:00+05:30,138.7,138.75,134.75,136.7,19124929
2023-01-19 00:00:00+05:30,136.45,137.8,135.0,136.0,12287029
2023-01-20 00:00:00+05:30,136.0,137.2,133.5,134.25,11820995
2023-01-23 00:00:00+05:30,135.1,136.35,134.0,136.0,12409370
2023-01-24 00:00:00+05:30,136.7,136.85,134.05,135.0,9611256
2023-01-25 00:00:00+05:30,135.0,135.0,130.85,132.25,15133077
2023-01-27 00:00:00+05:30,132.95,133.3,129.4,132.0,13446595
2023-01-30 00:00:00+05:30,131.9,134.15,130.0,133.05,12277806
2023-01-31 00:00:00+05:30,133.7,135.2,131.65,134.45,12256476
2023-02-01 00:00:00+05:30,135.45,136.45,127.1,131.35,12078487
2023-02-02 00:00:00+05:30,128.55,134.05,128.55,133.3,11753340
2023-02-03 00:00:00+05:30,133.9,135.0,130.3,133.4,7881035
2023-02-06 00:00:00+05:30,130.0,134.25,130.0,132.9,7602276
2023-02-07 00:00:00+05:30,133.25,133.25,130.5,131.0,12025284
2023-02-08 00:00:00+05:30,131.45,131.85,130.15,131.35,6651377
2023-02-09 00:00:00+05:30,131.35,131.4,129.0,129.95,9128501
2023-02-10 00:00:00+05:30,129.65,132.3,129.5,131.45,7108094
2023-02-13 00:00:00+05:30,131.75,131.9,129.8,130.4,4384613
2023-02-14 00:00:00+05:30,130.8,130.8,127.9,129.75,7680733
2023-02-15 00:00:00+05:30,129.6,130.35,128.55,129.65,6266944
2023-02-16 00:00:00+05:30,130.75,132.05,129.9,130.25,10039227
2023-02-17 00:00:00+05:30,129.85,130.2,126.7,127.1,13966049
2023-02-20 00:00:00+05:30,127.1,127.4,125.3,126.0,9530070
2023-02-21 00:00:00+05:30,125.65,128.3,125.05,127.35,9155033
2023-02-22 00:00:00+05:30,126.8,127.35,124.8,125.2,5283351
2023-02-23 00:00:00+05:30,125.2,128.25,124.1,127.85,9981405
2023-02-24 00:00:00+05:30,128.6,129.0,126.75,127.15,6152834
2023-02-27 00:00:00+05:30,127.0,129.0,125.8,128.65,8137444
2023-02-28 00:00:00+05:30,128.75,130.0,127.6,129.15,8178756
2023-03-01 00:00:00+05:30,129.85,134.75,129.15,134.35,13898807
2023-03-02 00:00:00+05:30,134.1,135.4,132.45,133.35,10331343
2023-03-03 00:00:00+05:30,134.05,135.2,134.0,134.2,8335356
2023-03-06 00:00:00+05:30,135.4,135.95,133.7,134.0,10683880
2023-03-08 00:00:00+05:30,133.9,136.25,132.9,135.9,7826182
2023-03-09 00:00:00+05:30,136.2,136.45,133.85,134.2,6794768
2023-03-10 00:00:00+05:30,133.25,133.4,131.8,133.0,6662275
2023-03-13 00:00:00+05:30,131.95,133.45,128.75,129.5,7173815
2023-03-14 00:00:00+05:30,129.5,130.25,127.5,127.75,10242385
2023-03-15 00:00:00+05:30,129.5,129.7,126.05,126.6,7183386
2023-03-16 00:00:00+05:30,126.6,128.0,124.55,127.3,9318752
2023-03-17 00:00:00+05:30,127.8,129.05,127.8,128.4,8882157
2023-03-20 00:00:00+05:30,128.5,129.8,126.0,129.1,7021250
2023-03-21 00:00:00+05:30,129.75,129.75,127.6,128.8,7719147
2023-03-22 00:00:00+05:30,129.3,129.65,128.1,129.1,7040553
2023-03-23 00:00:00+05:30,128.9,129.7,126.65,127.0,6304832
2023-03-24 00:00:00+05:30,127.0,128.2,125.85,126.85,7844552
2023-03-27 00:00:00+05:30,126.85,127.2,125.0,125.45,6548681
2023-03-28 00:00:00+05:30,125.75,126.2,123.65,125.7,8491878
2023-03-29 00:00:00+05:30,125.6,130.0,125.5,129.1,11695464
2023-03-31 00:00:00+05:30,129.7,133.25,129.4,132.0,10338567
2023-04-03 00:00:00+05:30,133.0,134.7,132.3,133.15,16569148
2023-04-05 00:00:00+05:30,133.45,133.45,128.2,128.55,16377245
2023-04-06 00:00:00+05:30,128.5,129.2,126.75,127.05,10998494
2023-04-10 00:00:00+05:30,127.95,127.95,126.1,127.0,8949110
2023-04-11 00:00:00+05:30,127.95,128.75,127.15,128.3,7731256
2023-04-12 00:00:00+05:30,127.15,128.85,127.0,127.25,7489842
2023-04-13 00:00:00+05:30,127.25,128.55,126.0,128.1,9104287
2023-04-17 00:00:00+05:30,128.1,131.7,127.1,131.4,9706568
2023-04-18 00:00:00+05:30,131.35,132.65,130.5,131.65,8784799
2023-04-19 00:00:00+05:30,131.15,132.4,131.15,131.7,4627733
2023-04-20 00:00:00+05:30,131.7,132.9,131.4,132.3,7467299
2023-04-21 00:00:00+05:30,132.2,132.4,130.75,131.0,3868273
2023-04-24 00:00:00+05:30,131.1,132.9,130.55,132.1,6342651
2023-04-25 00:00:00+05:30,132.1,134.7,132.1,133.4,10237283
2023-04-26 00:00:00+05:30,133.15,135.25,132.55,135.0,8575324
2023-04-27 00:00:00+05:30,135.15,135.7,133.3,133.95,9193198
2023-04-28 00:00:00+05:30,134.35,136.4,134.2,134.95,9349394
2023-05-02 00:00:00+05:30,135.55,136.8,135.0,136.45,7107201
2023-05-03 00:00:00+05:30,135.9,138.3,135.55,137.7,8477131
2023-05-04 00:00:00+05:30,137.7,140.05,137.35,139.4,9125430
2023-05-05 00:00:00+05:30,140.0,140.3,127.0,127.75,52169855
2023-05-08 00:00:00+05:30,129.0,130.85,126.35,128.65,25677860
2023-05-09 00:00:00+05:30,129.0,131.1,128.1,128.55,12855303
2023-05-10 00:00:00+05:30,128.55,129.45,127.1,129.25,10099735
2023-05-11 00:00:00+05:30,129.75,130.15,127.5,127.8,11009051
2023-05-12 00:00:00+05:30,128.3,128.45,125.75,125.9,14452494
2023-05-15 00:00:00+05:30,125.9,128.05,123.9,127.5,20973726
2023-05-16 00:00:00+05:30,128.2,128.45,126.6,126.95,11003684
2023-05-17 00:00:00+05:30,127.1,128.15,126.05,127.65,11739989
2023-05-18 00:00:00+05:30,128.5,128.75,126.45,126.75,11018880
2023-05-19 00:00:00+05:30,127.2,127.6,124.5,126.15,9663592
2023-05-22 00:00:00+05:30,126.0,126.6,125.0,126.2,15934321
2023-05-23 00:00:00+05:30,126.5,126.95,125.45,125.65,6772658
2023-05-24 00:00:00+05:30,125.55,126.2,123.4,123.8,12562198
2023-05-25 00:00:00+05:30,123.55,123.9,122.3,123.25,15655834
2023-05-26 00:00:00+05:30,123.5,125.4,123.4,125.25,8744201
2023-05-29 00:00:00+05:30,125.8,126.4,125.2,125.5,8266954
2023-05-30 00:00:00+05:30,125.95,126.0,124.85,125.3,8917811
2023-05-31 00:00:00+05:30,125.25,126.1,124.5,125.25,9003220
2023-06-01 00:00:00+05:30,125.25,125.95,124.8,125.5,10982556
2023-06-02 00:00:00+05:30,125.95,126.95,125.8,126.15,10541446
2023-06-05 00:00:00+05:30,126.95,128.1,126.65,127.3,10321926
2023-06-06 00:00:00+05:30,127.5,127.5,125.7,126.15,6668953
2023-06-07 00:00:00+05:30,126.5,127.5,125.95,126.2,5556188
2023-06-08 00:00:00+05:30,126.25,127.6,125.9,126.1,9170429
2023-06-09 00:00:00+05:30,126.25,126.3,124.85,125.1,6445849
2023-06-12 00:00:00+05:30,125.0,125.8,124.6,125.2,3558036
2023-06-13 00:00:00+05:30,125.5,126.0,124.4,124.55,14180212
2023-06-14 00:00:00+05:30,124.8,125.2,123.5,124.4,15051429
2023-06-15 00:00:00+05:30,124.65,124.7,121.75,122.05,16997484
2023-06-16 00:00:00+05:30,122.7,124.35,122.15,123.75,7756609
2023-06-19 00:00:00+05:30,123.95,124.0,122.7,123.25,8440412
2023-06-20 00:00:00+05:30,123.1,123.6,122.9,123.5,4041124
2023-06-21 00:00:00+05:30,123.7,124.6,123.1,123.5,6368047
2023-06-22 00:00:00+05:30,123.7,124.4,123.15,123.85,7476854
2023-06-23 00:00:00+05:30,123.75,123.75,121.9,122.0,6569291
2023-06-26 00:00:00+05:30,122.15,122.25,121.0,121.5,5875685
2023-06-27 00:00:00+05:30,121.95,123.6,121.45,123.55,9752260
2023-06-28 00:00:00+05:30,124.0,124.05,121.65,122.5,27069327
2023-06-30 00:00:00+05:30,122.35,126.4,122.35,126.25,17502362
2023-07-03 00:00:00+05:30,127.2,128.45,126.5,127.65,14253913
2023-07-04 00:00:00+05:30,128.0,133.3,127.65,131.9,41050525
2023-07-05 00:00:00+05:30,132.75,134.1,131.75,133.4,22351858
2023-07-06 00:00:00+05:30,133.0,136.5,132.6,135.6,22959391
2023-07-07 00:00:00+05:30,135.95,136.2,133.3,134.8,13704944
2023-07-10 00:00:00+05:30,135.15,135.5,132.55,134.6,12678193
2023-07-11 00:00:00+05:30,135.1,135.45,133.7,135.2,7964597
2023-07-12 00:00:00+05:30,135.0,136.4,134.0,134.25,15426912
2023-07-13 00:00:00+05:30,135.0,135.15,126.45,127.05,72630904
2023-07-14 00:00:00+05:30,128.05,130.0,126.65,129.0,29981962
2023-07-17 00:00:00+05:30,131.0,133.7,129.95,132.2,29746522
2023-07-18 00:00:00+05:30,133.6,135.4,131.65,134.95,29852953
2023-07-19 00:00:00+05:30,136.1,136.85,133.45,135.6,24063310
2023-07-20 00:00:00+05:30,138.1,139.0,135.5,136.35,37898024
2023-07-21 00:00:00+05:30,136.8,136.85,133.05,134.55,21146226
2023-07-24 00:00:00+05:30,134.5,135.3,133.5,134.0,11389694
2023-07-25 00:00:00+05:30,134.6,134.75,131.75,132.95,12481546
2023-07-26 00:00:00+05:30,132.7,135.0,132.7,134.2,15734104
2023-07-27 00:00:00+05:30,134.3,135.5,133.65,134.25,20684236
2023-07-28 00:00:00+05:30,133.95,137.4,133.9,135.2,28017338
2023-07-31 00:00:00+05:30,135.95,136.6,134.9,135.9,11548143
2023-08-01 00:00:00+05:30,136.4,136.4,134.5,135.1,12253241
2023-08-02 00:00:00+05:30,134.8,134.8,130.85,132.6,19023347
2023-08-03 00:00:00+05:30,132.75,132.85,130.85,132.65,13575641
2023-08-04 00:00:00+05:30,132.95,135.5,131.7,134.75,16654909
2023-08-07 00:00:00+05:30,135.15,135.15,133.1,134.2,13205547
2023-08-08 00:00:00+05:30,134.65,136.3,134.2,135.55,12246237
2023-08-09 00:00:00+05:30,135.5,135.75,133.25,134.5,12724569
2023-08-10 00:00:00+05:30,134.3,135.25,133.5,134.5,15341710
2023-08-11 00:00:00+05:30,133.8,134.35,132.8,133.15,10371400
2023-08-14 00:00:00+05:30,133.4,133.4,130.65,132.8,6706148
2023-08-16 00:00:00+05:30,131.9,133.35,131.75,132.15,11293525
2023-08-17 00:00:00+05:30,132.6,134.95,132.05,134.5,14561251
2023-08-18 00:00:00+05:30,134.5,134.9,133.0,133.85,6418356
2023-08-21 00:00:00+05:30,134.15,135.0,133.65,134.45,11549021
2023-08-22 00:00:00+05:30,134.5,136.9,134.15,135.9,15581218
2023-08-23 00:00:00+05:30,136.55,142.2,136.0,141.75,31166585
2023-08-24 00:00:00+05:30,143.3,143.4,139.4,140.4,22227498
2023-08-25 00:00:00+05:30,140.0,142.3,138.75,140.7,14586127
2023-08-28 00:00:00+05:30,141.45,144.5,140.5,143.8,18959056
2023-08-29 00:00:00+05:30,144.8,146.45,144.0,144.6,17152970
2023-08-30 00:00:00+05:30,145.45,145.7,143.0,143.65,8115297
2023-08-31 00:00:00+05:30,143.35,144.5,142.0,144.0,19520798
2023-09-01 00:00:00+05:30,145.1,145.2,141.3,143.8,13687325
2023-09-04 00:00:00+05:30,143.85,144.5,142.5,143.05,11140979
2023-09-05 00:00:00+05:30,143.75,145.6,142.9,144.7,13833678
2023-09-06 00:00:00+05:30,144.0,145.5,142.85,143.8,17346713
2023-09-07 00:00:00+05:30,144.45,147.15,143.85,145.0,13131381
2023-09-08 00:00:00+05:30,145.85,148.3,145.05,147.5,18010921
2023-09-11 00:00:00+05:30,148.4,150.0,147.5,148.9,20273209
2023-09-12 00:00:00+05:30,149.9,149.9,141.85,142.6,17735490
2023-09-13 00:00:00+05:30,143.0,145.95,140.8,145.15,16236362
2023-09-14 00:00:00+05:30,146.4,147.9,145.5,147.5,10378267
2023-09-15 00:00:00+05:30,147.5,148.8,146.65,148.25,8614702
2023-09-18 00:00:00+05:30,147.15,147.7,145.65,146.1,11469599
2023-09-20 00:00:00+05:30,145.3,147.5,144.3,146.5,19554843
2023-09-21 00:00:00+05:30,146.5,148.75,145.45,145.8,14051863
2023-09-22 00:00:00+05:30,145.85,147.45,145.0,145.95,8086555
2023-09-25 00:00:00+05:30,145.9,147.8,144.15,147.1,14333389
2023-09-26 00:00:00+05:30,147.1,148.45,146.55,147.85,14100749
2023-09-27 00:00:00+05:30,148.0,151.5,147.4,150.55,20485056
2023-09-28 00:00:00+05:30,150.9,151.4,145.25,146.0,29980644
2023-09-29 00:00:00+05:30,148.75,148.75,146.3,147.2,8836942
2023-10-03 00:00:00+05:30,147.5,152.3,147.3,150.7,18267135
2023-10-04 00:00:00+05:30,150.3,150.45,146.2,147.25,22633122
2023-10-05 00:00:00+05:30,148.25,148.75,144.65,145.5,11157021
2023-10-06 00:00:00+05:30,146.3,147.0,144.05,146.5,9149275
2023-10-09 00:00:00+05:30,145.1,145.65,143.15,144.95,11349775
2023-10-10 00:00:00+05:30,145.5,148.5,145.2,147.95,8324817
2023-10-11 00:00:00+05:30,148.85,149.45,146.55,147.0,11961227
2023-10-12 00:00:00+05:30,147.7,150.85,146.8,149.3,11378622
2023-10-13 00:00:00+05:30,148.7,152.1,148.5,149.4,15602219
2023-10-16 00:00:00+05:30,151.55,152.6,146.7,148.55,32531561
2023-10-17 00:00:00+05:30,150.75,150.75,147.95,148.4,13265518
2023-10-18 00:00:00+05:30,149.0,149.55,145.8,146.55,20284169
2023-10-19 00:00:00+05:30,146.3,147.7,145.2,146.85,8868032
2023-10-20 00:00:00+05:30,146.7,148.25,145.25,145.85,10731136
2023-10-23 00:00:00+05:30,144.95,146.25,142.5,143.4,16900861
2023-10-25 00:00:00+05:30,143.3,144.25,141.5,141.85,13307403
2023-10-26 00:00:00+05:30,141.0,141.35,137.3,138.15,19469168
2023-10-27 00:00:00+05:30,139.1,141.9,138.75,139.55,11627544
2023-10-30 00:00:00+05:30,140.45,141.25,137.25,140.9,10041391
2023-10-31 00:00:00+05:30,141.3,141.75,139.7,140.65,6692752
2023-11-01 00:00:00+05:30,140.6,141.35,139.65,140.5,8303782
2023-11-02 00:00:00+05:30,141.15,143.25,141.05,141.45,6186723
2023-11-03 00:00:00+05:30,142.9,144.05,142.0,143.5,8768877
2023-11-06 00:00:00+05:30,144.2,145.1,143.0,144.1,11103173
2023-11-07 00:00:00+05:30,144.8,148.2,143.45,147.3,14254789
2023-11-08 00:00:00+05:30,147.8,149.95,146.05,147.05,19887689
2023-11-09 00:00:00+05:30,147.5,148.9,146.8,147.55,7550625
2023-11-10 00:00:00+05:30,147.5,150.0,147.3,149.85,8015794
2023-11-12 00:00:00+05:30,150.45,150.45,149.05,149.45,1079888
2023-11-13 00:00:00+05:30,149.4,153.55,149.1,152.9,19532510
2023-11-15 00:00:00+05:30,154.1,155.2,149.85,150.15,22224705
2023-11-16 00:00:00+05:30,150.1,151.2,149.4,150.2,9606277
2023-11-17 00:00:00+05:30,149.0,150.2,147.75,148.1,17556958
2023-11-20 00:00:00+05:30,148.0,148.75,146.75,147.4,9425725
2023-11-21 00:00:00+05:30,147.5,148.2,146.5,146.7,7748972
2023-11-22 00:00:00+05:30,146.95,147.2,145.2,145.45,7738354
2023-11-23 00:00:00+05:30,145.45,147.35,145.1,147.15,5139738
2023-11-24 00:00:00+05:30,147.55,148.05,146.35,147.4,6129389
2023-11-28 00:00:00+05:30,147.5,150.55,146.7,149.95,7168750
2023-11-29 00:00:00+05:30,150.35,150.5,149.15,150.25,7318824
2023-11-30 00:00:00+05:30,150.4,151.0,146.7,147.35,18371642
2023-12-01 00:00:00+05:30,148.75,150.3,148.0,148.75,12179761
2023-12-04 00:00:00+05:30,152.6,155.2,150.25,154.05,21781254
2023-12-05 00:00:00+05:30,156.0,159.0,154.45,156.55,18640322
2023-12-06 00:00:00+05:30,157.9,157.95,154.75,155.15,11309743
2023-12-07 00:00:00+05:30,155.85,155.9,153.45,154.65,7807482
2023-12-08 00:00:00+05:30,155.0,155.7,153.25,154.5,6969212
2023-12-11 00:00:00+05:30,154.6,157.2,153.6,154.15,10074791
2023-12-12 00:00:00+05:30,154.75,155.2,152.0,152.55,8884252
2023-12-13 00:00:00+05:30,152.8,153.3,151.7,152.35,10328622
2023-12-14 00:00:00+05:30,154.6,154.65,152.4,152.65,11126495
2023-12-15 00:00:00+05:30,153.5,158.05,153.1,157.05,14415539
2023-12-18 00:00:00+05:30,157.1,157.7,154.7,156.55,14540270
2023-12-19 00:00:00+05:30,156.6,159.0,156.15,157.4,12245375
2023-12-20 00:00:00+05:30,157.65,159.3,152.2,153.2,13005090
2023-12-21 00:00:00+05:30,151.3,154.5,149.35,153.95,13604825
2023-12-22 00:00:00+05:30,154.8,156.5,153.25,154.0,10356668
2023-12-26 00:00:00+05:30,154.05,155.4,153.25,153.95,5809256
2023-12-27 00:00:00+05:30,154.1,155.15,152.75,154.0,8811491
2023-12-28 00:00:00+05:30,155.0,157.1,154.3,155.5,15172431
2023-12-29 00:00:00+05:30,158.5,159.0,154.9,156.15,13041199
2024-01-01 00:00:00+05:30,156.2,157.2,155.9,156.55,6210375
2024-01-02 00:00:00+05:30,156.55,156.95,151.1,151.9,13182359
2024-01-03 00:00:00+05:30,153.2,153.2,151.05,151.75,10486168
2024-01-04 00:00:00+05:30,152.5,155.25,152.45,154.85,13766132
2024-01-05 00:00:00+05:30,155.95,155.95,153.05,154.6,7195693
2024-01-08 00:00:00+05:30,153.0,153.35,149.75,150.2,15037236
2024-01-09 00:00:00+05:30,151.65,152.8,151.0,151.45,10718241
2024-01-10 00:00:00+05:30,151.4,152.25,149.7,151.75,8429097
2024-01-11 00:00:00+05:30,152.2,152.6,149.6,150.35,10176583
2024-01-12 00:00:00+05:30,150.95,151.9,150.1,151.1,7828235
2024-01-15 00:00:00+05:30,152.95,153.3,151.3,152.95,13760399
2024-01-16 00:00:00+05:30,153.75,155.25,147.75,149.7,36969953
2024-01-17 00:00:00+05:30,149.5,149.5,143.85,145.9,48678947
2024-01-18 00:00:00+05:30,145.4,149.25,142.3,146.85,21044204
2024-01-19 00:00:00+05:30,148.9,148.9,145.65,146.55,10902628
2024-01-20 00:00:00+05:30,148.0,148.1,145.2,145.55,8929988
2024-01-23 00:00:00+05:30,148.35,148.35,139.4,140.25,15830801
2024-01-24 00:00:00+05:30,140.4,143.25,139.65,142.2,18178107
2024-01-25 00:00:00+05:30,142.6,143.5,140.55,141.8,18228649
2024-01-29 00:00:00+05:30,143.2,146.65,142.5,145.45,20336392
2024-01-30 00:00:00+05:30,146.45,146.5,144.5,145.1,7968976
2024-01-31 00:00:00+05:30,145.5,148.4,144.6,147.3,18544711
2024-02-01 00:00:00+05:30,148.15,148.15,145.0,146.85,12321655
2024-02-02 00:00:00+05:30,147.05,148.9,145.5,145.85,11258500
2024-02-05 00:00:00+05:30,145.85,147.6,144.05,147.25,15973650
2024-02-06 00:00:00+05:30,147.25,148.1,146.3,146.9,8693602
2024-02-07 00:00:00+05:30,147.9,149.9,147.3,149.2,16778158
2024-02-08 00:00:00+05:30,150.0,151.4,146.1,146.65,10083699
2024-02-09 00:00:00+05:30,147.0,147.65,143.35,147.3,10858532
2024-02-12 00:00:00+05:30,148.4,148.4,145.4,146.65,15243144
2024-02-13 00:00:00+05:30,146.2,148.3,144.25,147.7,8633927
2024-02-14 00:00:00+05:30,146.3,150.15,145.5,149.45,12223910
2024-02-15 00:00:00+05:30,150.0,157.2,149.4,156.6,29844812
2024-02-16 00:00:00+05:30,157.25,165.8,156.2,164.7,51750478
2024-02-19 00:00:00+05:30,165.95,166.35,162.35,162.95,14982976
2024-02-20 00:00:00+05:30,153.0,155.6,149.15,154.4,33045447
2024-02-21 00:00:00+05:30,156.1,156.1,153.25,153.75,14375228
2024-02-22 00:00:00+05:30,154.7,154.8,152.35,153.6,9963362
2024-02-23 00:00:00+05:30,154.9,154.9,152.0,152.45,21338955
2024-02-26 00:00:00+05:30,152.5,153.1,149.9,151.5,25950539
2024-02-27 00:00:00+05:30,152.7,154.75,151.05,154.2,15504425
2024-02-28 00:00:00+05:30,154.2,154.6,149.75,150.3,9726132
2024-02-29 00:00:00+05:30,150.9,151.2,148.1,150.4,12829211
2024-03-01 00:00:00+05:30,151.4,153.0,150.9,152.6,7683577
2024-03-02 00:00:00+05:30,153.35,154.5,152.75,153.4,644638
2024-03-04 00:00:00+05:30,154.3,154.3,152.15,153.6,11491625
2024-03-05 00:00:00+05:30,153.2,157.2,153.1,155.2,15097161
2024-03-06 00:00:00+05:30,155.45,158.55,152.7,157.25,28581350
2024-03-07 00:00:00+05:30,157.95,158.0,155.65,156.35,7038942
2024-03-11 00:00:00+05:30,156.35,157.2,154.65,155.4,12353089
2024-03-12 00:00:00+05:30,156.0,156.35,151.25,151.75,12926472
2024-03-13 00:00:00+05:30,152.35,152.75,146.75,148.5,12273615
2024-03-14 00:00:00+05:30,146.0,148.25,139.65,146.05,23395531
2024-03-15 00:00:00+05:30,146.75,151.15,146.0,150.45,18505435
2024-03-18 00:00:00+05:30,151.0,152.25,146.9,147.35,20703599
2024-03-19 00:00:00+05:30,148.0,148.5,145.65,147.5,8094302
2024-03-20 00:00:00+05:30,148.95,149.4,145.85,147.45,14058739
2024-03-21 00:00:00+05:30,149.0,150.25,147.0,149.95,6212045
2024-03-22 00:00:00+05:30,150.0,151.3,149.1,149.6,8409218
2024-03-26 00:00:00+05:30,149.6,151.5,148.65,149.8,7742995
2024-03-27 00:00:00+05:30,149.8,151.4,148.5,149.8,20853016
2024-03-28 00:00:00+05:30,150.95,151.0,149.05,150.2,7208707
2024-04-01 00:00:00+05:30,152.0,153.0,150.9,152.35,8748792
2024-04-02 00:00:00+05:30,153.4,154.55,152.6,154.05,8112500
2024-04-03 00:00:00+05:30,154.0,155.05,152.25,154.5,12129473
2024-04-04 00:00:00+05:30,156.75,156.75,152.25,152.45,16855917
2024-04-05 00:00:00+05:30,153.2,154.85,151.25,154.55,9900539
2024-04-08 00:00:00+05:30,155.55,155.55,151.35,154.4,13919010
2024-04-09 00:00:00+05:30,155.0,158.65,154.7,155.8,17300199
2024-04-10 00:00:00+05:30,157.0,159.5,153.6,159.0,40162551
2024-04-12 00:00:00+05:30,159.45,160.2,155.8,155.95,16558634
2024-04-15 00:00:00+05:30,153.95,156.0,152.85,155.0,18051649
2024-04-16 00:00:00+05:30,153.6,154.3,151.7,152.1,13947991
2024-04-18 00:00:00+05:30,152.4,155.5,151.9,152.15,12619744
2024-04-19 00:00:00+05:30,151.0,153.6,148.5,151.85,10378590
2024-04-22 00:00:00+05:30,152.55,154.7,152.4,153.5,12152983
2024-04-23 00:00:00+05:30,154.4,154.5,152.8,153.75,9181183
2024-04-24 00:00:00+05:30,154.1,154.45,152.95,153.6,7177359
2024-04-25 00:00:00+05:30,153.5,156.6,153.5,155.95,17911036
2024-04-26 00:00:00+05:30,156.3,158.55,156.05,157.1,15126683
2024-04-29 00:00:00+05:30,158.0,160.9,156.05,160.45,24049248
2024-04-30 00:00:00+05:30,161.4,164.65,159.55,162.6,32465189
2024-05-02 00:00:00+05:30,169.5,170.3,162.85,168.0,75875713
2024-05-03 00:00:00+05:30,168.5,169.5,164.0,165.95,17758980
2024-05-06 00:00:00+05:30,167.7,167.7,160.55,163.7,19660309
2024-05-07 00:00:00+05:30,164.0,164.5,159.1,159.75,11483902
2024-05-08 00:00:00+05:30,159.75,161.0,156.75,157.25,18895207
2024-05-09 00:00:00+05:30,158.0,160.15,156.35,157.05,8372049
2024-05-10 00:00:00+05:30,158.15,160.35,156.5,159.95,10878308
2024-05-13 00:00:00+05:30,160.95,162.55,158.25,161.7,16577995
2024-05-14 00:00:00+05:30,162.5,164.25,161.15,163.9,10674881
2024-05-15 00:00:00+05:30,163.9,164.4,161.8,162.75,11602958
2024-05-16 00:00:00+05:30,163.95,164.8,161.7,164.1,7523851
2024-05-17 00:00:00+05:30,164.0,164.9,163.2,163.85,8301634
2024-05-18 00:00:00+05:30,164.5,164.75,163.1,163.85,594527
2024-05-21 00:00:00+05:30,164.0,165.2,162.25,163.65,8380426
2024-05-22 00:00:00+05:30,163.6,163.85,161.3,162.4,15020638
2024-05-23 00:00:00+05:30,163.35,164.15,162.05,162.8,6626566
2024-05-24 00:00:00+05:30,162.55,164.45,162.35,163.45,6465598
2024-05-27 00:00:00+05:30,164.3,165.2,162.6,163.65,17962246
2024-05-28 00:00:00+05:30,164.15,164.3,159.5,160.0,5526636
2024-05-29 00:00:00+05:30,159.5,160.9,158.5,159.5,10114326
2024-05-30 00:00:00+05:30,159.95,162.0,159.35,160.3,8503177
2024-05-31 00:00:00+05:30,161.5,162.75,160.15,162.05,8705347
2024-06-03 00:00:00+05:30,165.25,167.0,163.55,164.35,20720708
2024-06-04 00:00:00+05:30,165.1,165.35,148.0,154.65,19975571
2024-06-05 00:00:00+05:30,156.0,167.05,150.9,166.05,39670558
2024-06-06 00:00:00+05:30,167.7,169.1,163.75,164.55,10103459
2024-06-07 00:00:00+05:30,165.0,167.05,164.25,165.05,9139816
2024-06-10 00:00:00+05:30,165.9,166.65,162.77,164.85,18888960
2024-06-11 00:00:00+05:30,166.01,168.54,164.45,167.59,11979407
2024-06-12 00:00:00+05:30,167.8,174.56,166.45,173.86,31959137
2024-06-13 00:00:00+05:30,175.01,175.1,171.6,172.26,11800445
2024-06-14 00:00:00+05:30,173.26,174.89,172.4,174.4,11108163
2024-06-18 00:00:00+05:30,174.9,176.2,173.25,175.09,10019555
2024-06-19 00:00:00+05:30,175.09,177.45,173.41,174.55,29598134
2024-06-20 00:00:00+05:30,175.95,179.46,175.0,178.88,13690057
2024-06-21 00:00:00+05:30,179.73,179.73,175.7,176.52,9510818
2024-06-24 00:00:00+05:30,175.74,177.0,172.13,175.84,16360199
2024-06-25 00:00:00+05:30,176.95,177.64,175.05,176.0,6501716
2024-06-26 00:00:00+05:30,176.0,179.19,174.6,177.17,10907675
2024-06-27 00:00:00+05:30,176.7,179.2,175.46,177.02,12594627
2024-06-28 00:00:00+05:30,178.0,179.4,176.8,177.25,5586121
2024-07-01 00:00:00+05:30,177.3,179.2,176.72,177.74,5278090
2024-07-02 00:00:00+05:30,178.35,178.5,173.91,175.02,6398642
2024-07-03 00:00:00+05:30,178.0,183.3,177.2,181.46,36051344
2024-07-04 00:00:00+05:30,182.95,182.95,178.0,180.97,9860769
2024-07-05 00:00:00+05:30,180.96,187.2,179.94,186.19,16844463
2024-07-08 00:00:00+05:30,187.1,189.3,185.27,188.06,17405153
2024-07-09 00:00:00+05:30,188.3,189.36,186.31,187.75,9869013
2024-07-10 00:00:00+05:30,187.75,189.34,184.5,188.66,16100830
2024-07-11 00:00:00+05:30,189.65,193.63,188.23,192.66,16408103
2024-07-12 00:00:00+05:30,196.42,197.19,193.71,195.48,24195859
2024-07-15 00:00:00+05:30,195.48,196.84,193.21,194.75,14486955
2024-07-16 00:00:00+05:30,194.75,195.93,193.42,195.35,8445700
2024-07-18 00:00:00+05:30,195.34,197.77,195.0,196.6,9065610
2024-07-19 00:00:00+05:30,197.0,197.0,190.84,191.47,10613495
2024-07-22 00:00:00+05:30,191.45,194.9,190.1,192.93,18442177
2024-07-23 00:00:00+05:30,203.0,203.44,195.86,197.96,48303121
2024-07-24 00:00:00+05:30,197.0,204.0,193.13,201.23,52568775
2024-07-25 00:00:00+05:30,199.7,205.15,197.85,204.67,26159847
2024-07-26 00:00:00+05:30,195.0,199.39,192.96,198.0,26611586
2024-07-29 00:00:00+05:30,199.21,202.19,198.14,201.01,21488147
2024-07-30 00:00:00+05:30,200.99,202.92,199.5,201.84,8784936
2024-07-31 00:00:00+05:30,202.0,202.2,197.76,201.39,17531393
2024-08-01 00:00:00+05:30,202.0,203.51,199.11,200.75,8241827
2024-08-02 00:00:00+05:30,197.5,200.3,197.1,197.71,5501380
2024-08-05 00:00:00+05:30,193.05,194.83,190.56,192.85,17772430
2024-08-06 00:00:00+05:30,194.0,195.49,190.7,191.37,7400639
2024-08-07 00:00:00+05:30,194.03,194.24,190.26,192.7,12297322
2024-08-08 00:00:00+05:30,193.0,195.27,192.27,193.78,5630502
2024-08-09 00:00:00+05:30,196.0,198.25,195.7,197.56,3959405
2024-08-12 00:00:00+05:30,195.0,201.7,195.0,201.24,14710865
2024-08-13 00:00:00+05:30,202.65,206.59,201.57,202.2,12610913
2024-08-14 00:00:00+05:30,201.76,204.38,201.76,202.73,9200992
2024-08-16 00:00:00+05:30,203.01,204.9,201.69,203.67,5776204
2024-08-19 00:00:00+05:30,205.2,205.7,202.12,202.69,11539502
2024-08-20 00:00:00+05:30,203.18,204.34,201.75,203.7,6524853
2024-08-21 00:00:00+05:30,203.7,204.1,200.81,203.25,11466995
2024-08-22 00:00:00+05:30,203.59,203.88,202.55,203.32,5362821
2024-08-23 00:00:00+05:30,203.14,203.14,199.0,199.56,9308243
2024-08-26 00:00:00+05:30,199.95,200.79,198.09,198.73,6050543
2024-08-27 00:00:00+05:30,199.01,199.61,196.5,196.92,6295365
2024-08-28 00:00:00+05:30,197.3,197.49,193.93,195.56,10580774
2024-08-29 00:00:00+05:30,196.2,196.88,194.5,195.92,5587549
2024-08-30 00:00:00+05:30,196.4,198.23,194.2,194.7,10597018
2024-09-02 00:00:00+05:30,197.5,197.5,193.67,194.72,7256241
2024-09-03 00:00:00+05:30,195.0,196.85,194.25,194.61,5279057
2024-09-04 00:00:00+05:30,191.0,191.75,186.75,187.87,16570778
2024-09-05 00:00:00+05:30,188.26,190.68,187.61,189.65,6187897
2024-09-06 00:00:00+05:30,188.0,189.98,182.41,183.45,7100505
2024-09-09 00:00:00+05:30,183.45,186.36,182.45,184.99,10193666
2024-09-10 00:00:00+05:30,186.29,186.68,184.51,185.37,4849579
2024-09-11 00:00:00+05:30,186.68,186.68,182.6,183.18,6817180
2024-09-12 00:00:00+05:30,184.17,184.79,181.73,183.58,5059255
2024-09-13 00:00:00+05:30,183.52,187.75,183.51,186.52,7965898
2024-09-16 00:00:00+05:30,186.72,188.09,184.2,184.69,8179164
2024-09-17 00:00:00+05:30,184.7,185.29,183.1,184.33,4896706
2024-09-18 00:00:00+05:30,184.33,187.35,183.71,185.91,11651012
2024-09-19 00:00:00+05:30,186.51,187.85,182.41,186.2,5766996
2024-09-20 00:00:00+05:30,189.0,189.0,184.6,185.04,8194605
2024-09-23 00:00:00+05:30,186.35,188.59,184.72,187.65,9605071
2024-09-24 00:00:00+05:30,187.6,192.0,186.2,190.71,8541648
2024-09-25 00:00:00+05:30,190.71,193.7,188.6,192.75,15026637
2024-09-26 00:00:00+05:30,192.75,194.2,191.05,192.57,9537810
2024-09-27 00:00:00+05:30,192.0,195.5,191.01,193.71,17024145
2024-09-30 00:00:00+05:30,193.85,197.7,192.9,196.69,12844802
2024-10-01 00:00:00+05:30,198.5,200.1,196.0,197.12,16206968
2024-10-03 00:00:00+05:30,193.3,197.49,191.06,193.8,19743283
2024-10-04 00:00:00+05:30,193.3,198.49,192.36,193.67,9625150
2024-10-07 00:00:00+05:30,196.0,196.48,182.65,184.2,26530545
2024-10-08 00:00:00+05:30,184.02,189.1,182.35,187.76,11599116
2024-10-09 00:00:00+05:30,188.5,188.91,184.6,185.84,17928394
2024-10-10 00:00:00+05:30,186.85,187.27,184.91,185.68,3798189
2024-10-11 00:00:00+05:30,185.7,189.3,185.7,187.55,5256494
2024-10-14 00:00:00+05:30,188.86,197.89,188.56,196.74,23696585
2024-10-15 00:00:00+05:30,198.0,199.81,195.6,198.62,12866991
2024-10-16 00:00:00+05:30,197.2,198.4,193.41,194.4,8161660
2024-10-17 00:00:00+05:30,194.4,195.2,192.35,193.61,6228921
2024-10-18 00:00:00+05:30,193.5,196.25,190.27,195.3,7308007
2024-10-21 00:00:00+05:30,195.25,197.25,192.75,193.39,9532877
2024-10-22 00:00:00+05:30,194.0,195.0,188.99,189.34,5731783
2024-10-23 00:00:00+05:30,189.9,191.38,187.6,188.72,5765355
2024-10-24 00:00:00+05:30,189.28,190.99,186.41,188.86,4639754
2024-10-25 00:00:00+05:30,188.9,190.32,182.7,186.24,7802725
2024-10-28 00:00:00+05:30,186.1,190.43,182.0,184.99,15752834
2024-10-29 00:00:00+05:30,193.95,201.42,192.25,200.7,67924331
2024-10-30 00:00:00+05:30,199.21,204.79,198.35,203.24,23886475
2024-10-31 00:00:00+05:30,203.99,205.66,201.02,203.91,13019192
2024-11-01 00:00:00+05:30,204.25,205.55,203.5,204.17,1541532
2024-11-04 00:00:00+05:30,204.17,207.6,202.61,204.29,23397597
2024-11-05 00:00:00+05:30,204.17,205.5,200.2,204.27,9979703
2024-11-06 00:00:00+05:30,206.9,206.9,202.8,204.74,10938474
2024-11-07 00:00:00+05:30,205.2,207.9,204.5,206.01,9253419
2024-11-08 00:00:00+05:30,205.98,207.93,204.51,206.77,8766446
2024-11-11 00:00:00+05:30,207.8,208.2,203.9,207.73,13015963
2024-11-12 00:00:00+05:30,208.29,209.77,206.06,207.27,8129987
2024-11-13 00:00:00+05:30,206.83,207.44,198.57,199.38,13381335
2024-11-14 00:00:00+05:30,199.2,201.7,196.0,196.98,9354472
2024-11-18 00:00:00+05:30,197.0,200.89,195.04,200.25,13133102
2024-11-19 00:00:00+05:30,202.0,210.6,201.21,206.65,22964708
2024-11-21 00:00:00+05:30,206.42,211.44,204.0,210.88,15482528
2024-11-22 00:00:00+05:30,211.48,212.0,208.38,209.37,13076979
2024-11-25 00:00:00+05:30,211.0,213.5,209.42,212.88,18553476
2024-11-26 00:00:00+05:30,212.88,214.0,210.6,213.64,8728077
2024-11-27 00:00:00+05:30,213.6,214.44,210.85,212.88,10096152
2024-11-28 00:00:00+05:30,212.88,213.01,210.4,211.05,10970713
2024-11-29 00:00:00+05:30,211.5,211.8,208.79,210.78,7279254
2024-12-02 00:00:00+05:30,210.78,211.19,206.34,209.08,7705204
2024-12-03 00:00:00+05:30,212.0,212.29,209.15,209.96,6355689
2024-12-04 00:00:00+05:30,209.96,216.28,209.27,215.44,12814059
2024-12-05 00:00:00+05:30,216.4,217.0,213.72,214.97,5002379
2024-12-06 00:00:00+05:30,215.0,215.2,211.26,213.4,9436594
2024-12-09 00:00:00+05:30,214.05,215.17,212.31,213.77,4922985
2024-12-10 00:00:00+05:30,213.88,214.8,212.52,214.34,3626922
2024-12-11 00:00:00+05:30,214.0,215.47,214.0,214.68,3817336
2024-12-12 00:00:00+05:30,214.68,215.7,212.35,212.68,4299148
2024-12-13 00:00:00+05:30,212.2,213.5,209.7,213.15,4333300
2024-12-16 00:00:00+05:30,213.15,214.44,212.5,213.4,4806881
2024-12-17 00:00:00+05:30,213.2,213.7,209.86,210.29,4722997
2024-12-18 00:00:00+05:30,210.29,211.0,198.5,200.03,14942335
2024-12-19 00:00:00+05:30,197.0,201.8,194.71,200.95,8834477
2024-12-20 00:00:00+05:30,200.4,201.3,190.55,194.46,10057259
2024-12-23 00:00:00+05:30,195.0,197.83,194.88,197.02,8006446
2024-12-24 00:00:00+05:30,197.02,197.83,194.85,196.72,7118698
2024-12-26 00:00:00+05:30,197.7,199.39,196.52,197.68,7075411
2024-12-27 00:00:00+05:30,197.45,199.61,196.31,196.73,4451218
2024-12-30 00:00:00+05:30,197.5,203.15,195.55,201.05,48698861
2024-12-31 00:00:00+05:30,196.5,200.5,196.3,200.02,8032394
2025-01-01 00:00:00+05:30,200.4,200.97,197.88,200.51,4148526
2025-01-02 00:00:00+05:30,200.5,206.6,199.56,206.14,9827756
2025-01-03 00:00:00+05:30,205.0,207.23,204.69,205.25,5485629
2025-01-06 00:00:00+05:30,205.3,205.64,195.66,197.53,7247076
2025-01-07 00:00:00+05:30,197.95,200.49,196.82,197.31,6619585
2025-01-08 00:00:00+05:30,197.35,197.6,192.1,195.5,8162449
2025-01-09 00:00:00+05:30,195.5,196.0,192.2,193.44,6131064
2025-01-10 00:00:00+05:30,193.6,193.6,187.06,189.1,7899382
2025-01-13 00:00:00+05:30,186.52,188.5,185.71,187.72,7575227
2025-01-14 00:00:00+05:30,189.0,194.28,188.61,192.56,5224795
2025-01-15 00:00:00+05:30,194.5,196.2,193.0,194.14,4521543
2025-01-16 00:00:00+05:30,196.0,197.84,194.98,195.42,5711244
2025-01-17 00:00:00+05:30,195.9,195.98,191.27,191.58,8047952
2025-01-20 00:00:00+05:30,193.44,195.05,190.7,194.03,5380998
2025-01-21 00:00:00+05:30,194.99,194.99,191.25,192.35,4833705
2025-01-22 00:00:00+05:30,193.2,193.44,186.53,190.1,9163217
2025-01-23 00:00:00+05:30,190.1,192.44,189.6,190.75,3960511
2025-01-24 00:00:00+05:30,191.33,191.88,187.3,188.11,7657794
2025-01-27 00:00:00+05:30,186.02,194.1,185.6,191.14,14535640
2025-01-28 00:00:00+05:30,187.9,187.9,178.09,184.1,43454549
2025-01-29 00:00:00+05:30,183.55,187.78,181.61,186.18,10013432
2025-01-30 00:00:00+05:30,186.2,187.22,184.2,184.96,14297599
2025-01-31 00:00:00+05:30,185.26,188.28,184.58,187.21,5772412
2025-02-01 00:00:00+05:30,188.24,188.94,182.5,184.09,4749102
2025-02-03 00:00:00+05:30,183.0,183.3,180.0,180.56,3886494
2025-02-04 00:00:00+05:30,181.9,183.89,180.5,181.23,5216085
2025-02-05 00:00:00+05:30,181.99,185.09,181.99,183.87,4286422
2025-02-06 00:00:00+05:30,185.35,186.0,182.81,183.62,3983013
2025-02-07 00:00:00+05:30,184.2,189.52,182.35,188.14,7298157
2025-02-10 00:00:00+05:30,188.85,189.42,185.97,186.56,9502645
2025-02-11 00:00:00+05:30,186.9,187.99,181.28,183.67,2332865
2025-02-12 00:00:00+05:30,183.49,185.17,177.11,183.95,4770520
2025-02-13 00:00:00+05:30,184.15,185.05,181.44,181.8,4044621
2025-02-14 00:00:00+05:30,182.02,183.25,178.49,181.01,3674337
2025-02-17 00:00:00+05:30,180.25,182.46,176.96,181.54,4678837
2025-02-18 00:00:00+05:30,181.82,182.44,178.71,180.69,4152347
2025-02-19 00:00:00+05:30,180.69,182.95,179.01,181.18,3020603
2025-02-20 00:00:00+05:30,180.55,184.9,179.2,184.38,3532472
2025-02-21 00:00:00+05:30,184.22,185.83,179.0,179.85,5491982
2025-02-24 00:00:00+05:30,180.0,183.4,179.05,181.24,13756156
2025-02-25 00:00:00+05:30,182.0,182.62,177.9,178.71,8344437
2025-02-27 00:00:00+05:30,179.0,180.84,177.55,178.71,12518738
2025-02-28 00:00:00+05:30,178.2,179.05,175.01,177.62,5614981
2025-03-03 00:00:00+05:30,177.81,179.98,172.66,179.48,10498910
2025-03-04 00:00:00+05:30,178.75,178.75,175.3,176.51,7378836
2025-03-05 00:00:00+05:30,176.9,181.85,176.51,181.51,6338076
2025-03-06 00:00:00+05:30,183.06,183.5,180.71,181.74,7595816
2025-03-07 00:00:00+05:30,181.34,182.95,179.95,180.51,6040527
2025-03-10 00:00:00+05:30,180.4,180.95,178.3,179.12,6397181
2025-03-11 00:00:00+05:30,177.9,180.25,175.5,179.12,5753482
2025-03-13 00:00:00+05:30,178.65,179.34,176.25,176.6,3060509
2025-03-17 00:00:00+05:30,177.48,178.25,175.55,177.34,3411602
2025-03-18 00:00:00+05:30,178.09,180.58,176.9,180.18,7024086
2025-03-19 00:00:00+05:30,181.8,186.95,180.56,186.19,11138888
2025-03-20 00:00:00+05:30,186.8,187.68,185.65,186.54,4488082
2025-03-21 00:00:00+05:30,187.0,188.31,185.8,187.3,6584799
2025-03-24 00:00:00+05:30,188.0,196.74,187.3,195.8,9174683
2025-03-25 00:00:00+05:30,196.74,197.3,193.4,194.85,6813212
2025-03-26 00:00:00+05:30,194.1,196.5,191.9,192.31,5584885
2025-03-27 00:00:00+05:30,192.09,200.0,191.56,197.58,25012772
2025-03-28 00:00:00+05:30,196.99,198.5,191.72,192.73,7248212
2025-04-01 00:00:00+05:30,191.72,196.0,191.0,192.43,6099041
2025-04-02 00:00:00+05:30,193.05,193.34,190.7,192.11,2745983
2025-04-03 00:00:00+05:30,190.42,195.3,188.83,194.14,7697462
2025-04-04 00:00:00+05:30,195.7,196.95,192.51,195.0,10170845
2025-04-07 00:00:00+05:30,188.3,193.32,186.51,190.81,12697165
2025-04-08 00:00:00+05:30,193.94,194.64,189.7,190.53,8769895
2025-04-09 00:00:00+05:30,190.5,191.95,186.92,189.96,6819642
2025-04-11 00:00:00+05:30,192.31,192.95,189.62,190.44,8325890
2025-04-15 00:00:00+05:30,193.0,193.0,189.0,191.9,7869328
2025-04-16 00:00:00+05:30,192.69,196.1,191.9,194.92,8520549
2025-04-17 00:00:00+05:30,194.01,196.2,193.25,194.85,9504482
2025-04-21 00:00:00+05:30,196.0,202.85,195.1,202.04,16250402
2025-04-22 00:00:00+05:30,202.7,205.5,200.65,201.64,15722852
2025-04-23 00:00:00+05:30,202.99,202.99,197.92,199.77,8092835
2025-04-24 00:00:00+05:30,199.75,204.38,199.29,201.9,16720717
2025-04-25 00:00:00+05:30,201.8,202.87,195.0,196.49,7977095
2025-04-28 00:00:00+05:30,197.74,201.0,196.51,199.83,7788146
2025-04-29 00:00:00+05:30,200.75,205.4,198.85,203.42,11997673
2025-04-30 00:00:00+05:30,203.6,203.75,196.0,196.68,11619893
2025-05-02 00:00:00+05:30,195.93,195.93,187.85,189.68,21275247
2025-05-05 00:00:00+05:30,190.9,192.67,189.92,191.51,6580183
2025-05-06 00:00:00+05:30,192.1,192.52,186.61,187.29,5927722
2025-05-07 00:00:00+05:30,183.15,191.66,183.15,191.17,9698741
2025-05-08 00:00:00+05:30,191.21,192.5,185.85,186.73,5655491
2025-05-09 00:00:00+05:30,183.6,187.89,183.6,187.38,4820032
2025-05-12 00:00:00+05:30,191.0,194.9,190.13,194.45,6284131
2025-05-13 00:00:00+05:30,194.8,198.99,194.01,198.09,6888878
2025-05-14 00:00:00+05:30,199.0,200.01,196.61,198.23,6176362
2025-05-15 00:00:00+05:30,199.0,199.74,197.44,198.84,3449592
2025-05-16 00:00:00+05:30,199.5,201.55,198.12,199.03,3753649
2025-05-19 00:00:00+05:30,201.05,203.25,198.94,201.9,8969305
2025-05-20 00:00:00+05:30,202.1,202.89,197.78,198.16,8802803
2025-05-21 00:00:00+05:30,198.6,201.8,197.3,200.82,8080241
2025-05-22 00:00:00+05:30,201.01,203.37,200.26,201.17,10212588
2025-05-23 00:00:00+05:30,201.25,204.55,199.87,203.43,8097368
2025-05-26 00:00:00+05:30,204.2,204.59,200.51,201.9,8540130
2025-05-27 00:00:00+05:30,202.25,203.4,201.3,202.48,10595637
2025-05-28 00:00:00+05:30,202.0,202.54,199.8,201.62,13661005
2025-05-29 00:00:00+05:30,202.5,203.69,199.6,201.09,15221151
2025-05-30 00:00:00+05:30,201.09,203.2,200.23,202.06,7261954
2025-06-02 00:00:00+05:30,202.2,207.15,201.71,206.25,12785341
2025-06-03 00:00:00+05:30,207.11,213.44,207.04,211.3,21745811
2025-06-04 00:00:00+05:30,211.3,212.45,207.34,210.97,13731212
2025-06-05 00:00:00+05:30,211.86,211.86,206.33,207.07,6847718
2025-06-06 00:00:00+05:30,207.07,212.51,203.69,207.78,17931531
2025-06-09 00:00:00+05:30,208.99,213.75,208.01,212.7,9749033
2025-06-10 00:00:00+05:30,213.1,214.45,210.42,211.01,11160547
2025-06-11 00:00:00+05:30,211.2,211.49,207.7,208.12,8873836
2025-06-12 00:00:00+05:30,208.6,208.6,205.87,206.46,4136067
2025-06-13 00:00:00+05:30,203.5,206.0,203.13,205.3,3620233
2025-06-16 00:00:00+05:30,205.3,206.0,202.34,205.61,3650155
2025-06-17 00:00:00+05:30,205.89,207.0,204.13,204.77,9087952
2025-06-18 00:00:00+05:30,204.77,208.4,204.6,207.08,7999769
2025-06-19 00:00:00+05:30,207.3,209.53,203.26,203.92,10671945
2025-06-20 00:00:00+05:30,204.75,208.0,203.55,207.51,9350809
2025-06-23 00:00:00+05:30,205.33,208.4,205.33,206.95,3500913
2025-06-24 00:00:00+05:30,208.49,209.95,207.4,209.22,4740437
2025-06-25 00:00:00+05:30,210.0,211.6,209.26,210.4,8025612
2025-06-26 00:00:00+05:30,211.68,211.68,205.76,210.02,12688408
2025-06-27 00:00:00+05:30,210.98,210.98,207.28,208.39,31963885
2025-06-30 00:00:00+05:30,211.5,214.4,210.01,213.12,13990271
2025-07-01 00:00:00+05:30,214.35,219.45,211.6,218.72,16637063
2025-07-02 00:00:00+05:30,220.0,220.0,216.17,217.75,11463228
2025-07-03 00:00:00+05:30,217.75,217.95,216.06,216.99,4618576
2025-07-04 00:00:00+05:30,216.99,218.25,214.05,215.32,5120183
2025-07-07 00:00:00+05:30,215.51,217.2,214.78,215.05,4643396
2025-07-08 00:00:00+05:30,215.5,215.6,213.03,213.5,5404402
2025-07-09 00:00:00+05:30,213.61,214.58,212.72,213.89,4586061
2025-07-10 00:00:00+05:30,213.15,214.68,210.2,210.98,3952305
2025-07-11 00:00:00+05:30,210.98,211.8,206.76,207.38,4009049
2025-07-14 00:00:00+05:30,207.0,211.4,206.39,210.57,5690671
2025-07-15 00:00:00+05:30,211.0,212.78,210.2,211.67,5149486
2025-07-16 00:00:00+05:30,211.67,215.4,211.67,214.69,8125748
2025-07-17 00:00:00+05:30,214.67,216.8,211.97,212.59,5632702
2025-07-18 00:00:00+05:30,212.58,213.32,211.1,212.47,6478635
2025-07-21 00:00:00+05:30,212.45,213.5,209.84,212.78,4607473
2025-07-22 00:00:00+05:30,213.25,214.0,211.61,212.4,5385123
2025-07-23 00:00:00+05:30,212.49,213.5,211.7,212.81,5401894
2025-07-24 00:00:00+05:30,212.97,215.18,212.22,212.7,6465529
2025-07-25 00:00:00+05:30,212.25,213.09,207.25,208.14,6563450
2025-07-28 00:00:00+05:30,207.9,210.43,205.7,206.0,8456565
2025-07-29 00:00:00+05:30,205.67,207.1,203.63,205.21,10354388
2025-07-30 00:00:00+05:30,205.21,205.76,202.76,204.68,5616031
2025-07-31 00:00:00+05:30,203.0,204.73,201.14,202.43,8617317
2025-08-01 00:00:00+05:30,202.68,202.92,194.41,196.06,10948324
2025-08-04 00:00:00+05:30,185.8,197.04,185.11,196.46,39513112
2025-08-05 00:00:00+05:30,195.48,196.9,194.08,196.04,5819712
2025-08-06 00:00:00+05:30,196.48,197.76,194.6,197.37,7011622
2025-08-07 00:00:00+05:30,195.61,199.27,195.0,198.63,6357907
2025-08-08 00:00:00+05:30,198.6,199.73,195.76,196.35,7038453
2025-08-11 00:00:00+05:30,196.35,198.0,195.65,196.69,8062362
2025-08-12 00:00:00+05:30,197.0,197.25,195.57,195.98,5218014
2025-08-13 00:00:00+05:30,197.0,197.9,195.44,196.19,6992167
2025-08-14 00:00:00+05:30,196.39,196.68,194.99,195.86,2679922
2025-08-18 00:00:00+05:30,197.4,197.65,194.84,195.79,6237845
2025-08-19 00:00:00+05:30,196.69,200.55,195.3,200.05,5129740
2025-08-20 00:00:00+05:30,200.5,201.24,199.22,199.71,5498900
2025-08-21 00:00:00+05:30,199.5,201.0,199.0,199.43,6033820
2025-08-22 00:00:00+05:30,198.99,199.42,196.0,196.34,2466153
2025-08-25 00:00:00+05:30,196.34,197.9,194.57,195.01,6443184
2025-08-26 00:00:00+05:30,194.79,195.99,191.91,192.46,6681812
2025-08-28 00:00:00+05:30,191.5,192.68,190.5,191.76,7746254
2025-08-29 00:00:00+05:30,191.3,193.86,191.12,191.71,4184028
2025-09-01 00:00:00+05:30,191.71,194.1,191.71,193.58,4546443
2025-09-02 00:00:00+05:30,193.58,195.41,193.04,193.56,3069260
2025-09-03 00:00:00+05:30,193.5,194.67,192.76,193.23,8091723
2025-09-04 00:00:00+05:30,194.47,194.67,188.4,189.9,7767020
2025-09-05 00:00:00+05:30,191.0,191.09,189.11,190.52,4068142
2025-09-08 00:00:00+05:30,190.0,191.97,189.28,190.62,9815612
2025-09-09 00:00:00+05:30,190.99,192.05,189.91,191.63,3712535
2025-09-10 00:00:00+05:30,192.0,196.9,191.72,196.08,5427537
2025-09-11 00:00:00+05:30,196.08,198.2,195.2,196.65,4449153
2025-09-12 00:00:00+05:30,196.65,196.96,193.88,194.36,4795808
2025-09-15 00:00:00+05:30,194.25,196.88,194.2,196.27,2036783
2025-09-16 00:00:00+05:30,196.0,197.27,195.55,196.41,3513785
2025-09-17 00:00:00+05:30,197.0,199.5,196.92,198.97,5372024
2025-09-18 00:00:00+05:30,200.0,200.47,197.81,198.43,6394641
2025-09-19 00:00:00+05:30,198.43,199.5,197.62,197.92,2693450
2025-09-22 00:00:00+05:30,197.99,198.56,194.55,195.0,5221899
2025-09-23 00:00:00+05:30,196.0,196.0,193.88,195.13,3435579
2025-09-24 00:00:00+05:30,195.2,196.82,193.3,193.58,2934434
2025-09-25 00:00:00+05:30,193.6,195.32,192.57,193.33,5665259
2025-09-26 00:00:00+05:30,192.6,194.14,190.28,191.82,3860755
2025-09-29 00:00:00+05:30,193.0,193.13,189.05,190.08,8268524
2025-09-30 00:00:00+05:30,190.8,194.0,190.56,192.93,7294473
2025-10-01 00:00:00+05:30,193.0,194.69,191.6,193.76,5901005
2025-10-03 00:00:00+05:30,193.61,195.5,192.21,192.37,6145378
2025-10-06 00:00:00+05:30,192.21,194.11,191.8,193.66,5036576
2025-10-07 00:00:00+05:30,194.1,199.92,194.1,199.17,12430510
2025-10-08 00:00:00+05:30,200.5,203.5,199.35,202.61,9371594
2025-10-09 00:00:00+05:30,203.5,207.91,202.15,207.34,13012847
2025-10-10 00:00:00+05:30,206.91,210.19,206.53,208.3,5126420
2025-10-13 00:00:00+05:30,208.1,213.5,207.32,213.02,15174980
2025-10-14 00:00:00+05:30,212.94,216.0,212.0,215.44,13286463
2025-10-15 00:00:00+05:30,215.1,217.18,214.1,216.33,7102306
2025-10-16 00:00:00+05:30,216.5,216.77,214.06,214.5,5674145
2025-10-17 00:00:00+05:30,214.59,215.27,211.52,212.38,9465410
2025-10-20 00:00:00+05:30,216.5,229.9,216.02,227.08,55614063
2025-10-21 00:00:00+05:30,228.39,229.3,227.0,227.44,2950169
2025-10-23 00:00:00+05:30,227.44,231.25,226.5,227.86,16833570
2025-10-24 00:00:00+05:30,228.0,232.2,226.89,227.4,25955732
2025-10-27 00:00:00+05:30,229.9,235.2,228.02,234.04,21764115
2025-10-28 00:00:00+05:30,234.0,236.63,232.35,235.78,15860246
2025-10-29 00:00:00+05:30,236.2,236.42,233.3,234.91,7589866
2025-10-30 00:00:00+05:30,235.01,237.44,234.4,234.81,11944357
2025-10-31 00:00:00+05:30,234.7,237.5,233.85,236.61,7758968
2025-11-03 00:00:00+05:30,236.62,238.89,236.27,237.89,7840791
2025-11-04 00:00:00+05:30,237.84,238.99,234.82,237.85,6499891
2025-11-06 00:00:00+05:30,237.98,238.34,235.05,235.83,4895857
2025-11-07 00:00:00+05:30,235.0,238.0,232.42,237.26,7026019
2025-11-10 00:00:00+05:30,237.25,238.89,236.56,238.46,7513078
2025-11-11 00:00:00+05:30,238.44,238.58,235.09,235.89,7025378
2025-11-12 00:00:00+05:30,236.0,239.91,233.48,238.94,8593960
2025-11-13 00:00:00+05:30,238.53,238.66,235.01,235.79,3764303
2025-11-14 00:00:00+05:30,235.4,237.19,235.08,236.26,3078306
2025-11-17 00:00:00+05:30,237.11,239.99,235.27,239.06,6245112
2025-11-18 00:00:00+05:30,239.44,246.75,239.0,244.51,24152192
2025-11-19 00:00:00+05:30,245.3,248.5,244.82,246.02,15310593
2025-11-20 00:00:00+05:30,246.51,246.88,243.85,244.93,4639649
2025-11-21 00:00:00+05:30,244.19,247.6,244.0,245.06,7135057
2025-11-24 00:00:00+05:30,245.08,251.22,244.46,248.17,16439268
2025-11-25 00:00:00+05:30,248.4,256.9,247.5,255.99,15576893
2025-11-26 00:00:00+05:30,255.5,258.8,253.74,256.37,10148728
2025-11-27 00:00:00+05:30,256.0,256.9,253.3,254.87,4560033
2025-11-28 00:00:00+05:30,255.35,258.24,253.86,257.92,5507931
2025-12-01 00:00:00+05:30,259.7,259.7,255.8,256.6,5687469
2025-12-02 00:00:00+05:30,256.6,262.0,256.6,258.45,8694935
2025-12-03 00:00:00+05:30,259.0,259.85,255.85,258.25,5218904
2025-12-04 00:00:00+05:30,259.0,261.2,257.05,258.65,5356973
2025-12-05 00:00:00+05:30,259.0,260.25,256.95,259.2,5002265
2025-12-08 00:00:00+05:30,259.2,259.9,255.35,257.45,5397988
2025-12-09 00:00:00+05:30,256.45,263.2,255.6,260.85,11474245
2025-12-10 00:00:00+05:30,260.8,262.0,258.35,259.6,8102670
2025-12-11 00:00:00+05:30,259.65,262.35,258.7,260.9,4776310
2025-12-12 00:00:00+05:30,261.5,263.6,259.95,261.35,8484790
2025-12-15 00:00:00+05:30,262.0,266.3,260.9,265.25,9935972
2025-12-16 00:00:00+05:30,265.4,265.75,261.05,262.2,6068364
2025-12-17 00:00:00+05:30,262.4,264.5,261.15,263.6,3437773
2025-12-18 00:00:00+05:30,264.0,266.75,263.05,265.4,7848032
2025-12-19 00:00:00+05:30,265.4,268.25,265.1,267.85,7746013
2025-12-22 00:00:00+05:30,267.85,271.1,267.85,269.15,7215889
2025-12-23 00:00:00+05:30,270.3,270.45,264.95,265.45,5290581
2025-12-24 00:00:00+05:30,267.0,267.25,261.2,261.75,5763276
2025-12-26 00:00:00+05:30,261.7,263.2,260.1,262.0,3931332
2025-12-29 00:00:00+05:30,261.55,264.0,260.25,262.9,4625001
2025-12-30 00:00:00+05:30,263.45,269.4,262.0,267.6,37037734
2025-12-31 00:00:00+05:30,267.5,269.1,264.15,267.1,6154254
2026-01-01 00:00:00+05:30,267.65,267.65,264.55,266.25,2846254
2026-01-02 00:00:00+05:30,267.5,268.75,265.85,266.95,3353300
2026-01-05 00:00:00+05:30,266.95,267.1,261.35,263.75,6650072
2026-01-06 00:00:00+05:30,264.0,265.0,254.8,256.7,10683533
2026-01-07 00:00:00+05:30,256.7,259.15,253.2,258.55,6991588
2026-01-08 00:00:00+05:30,258.5,259.15,253.8,255.75,8212373
2026-01-09 00:00:00+05:30,255.55,258.45,254.5,255.3,4731961
2026-01-12 00:00:00+05:30,254.1,256.4,250.45,252.9,7290684
2026-01-13 00:00:00+05:30,253.15,255.0,246.85,249.3,12045490
2026-01-14 00:00:00+05:30,248.5,248.5,242.3,246.85,11287769
2026-01-16 00:00:00+05:30,247.5,278.4,247.45,270.25,66836048
2026-01-19 00:00:00+05:30,271.45,280.25,270.25,279.7,31846487
2026-01-20 00:00:00+05:30,278.0,279.8,269.65,273.25,13733716
2026-01-21 00:00:00+05:30,271.1,276.6,268.95,276.1,12133282
2026-01-22 00:00:00+05:30,280.05,287.2,278.2,282.2,16816171
2026-01-23 00:00:00+05:30,283.2,284.85,277.55,278.55,12120387
2026-01-27 00:00:00+05:30,279.0,285.7,279.0,284.95,12030692
2026-01-28 00:00:00+05:30,286.45,286.45,282.2,284.45,10075884
2026-01-29 00:00:00+05:30,284.45,289.6,284.0,287.6,15848490
2026-01-30 00:00:00+05:30,286.65,288.65,282.5,287.75,4286394
2026-02-01 00:00:00+05:30,288.55,288.8,281.25,285.1,3155061
2026-02-02 00:00:00+05:30,284.8,284.8,276.0,281.3,7143698
2026-02-03 00:00:00+05:30,294.0,298.25,283.35,285.5,8832776
2026-02-04 00:00:00+05:30,285.5,288.3,282.7,287.4,3498764
2026-02-05 00:00:00+05:30,287.9,289.15,285.4,287.6,2481799
2026-02-06 00:00:00+05:30,289.0,289.15,284.35,286.8,5682140
2026-02-09 00:00:00+05:30,288.7,288.7,284.6,286.65,3613561
2026-02-10 00:00:00+05:30,286.5,288.1,281.1,282.25,5142766
2026-02-11 00:00:00+05:30,281.9,293.5,279.65,290.5,16329588
2026-02-12 00:00:00+05:30,292.6,293.2,286.1,287.1,9229784
2026-02-13 00:00:00+05:30,287.05,290.55,285.1,288.3,6202181
2026-02-16 00:00:00+05:30,287.15,289.75,285.35,289.0,4743148
2026-02-17 00:00:00+05:30,289.0,291.05,282.6,288.85,7052510
2026-02-18 00:00:00+05:30,289.0,293.0,287.85,290.85,5124162
2026-02-19 00:00:00+05:30,292.05,292.4,287.5,288.3,3644333
2026-02-20 00:00:00+05:30,289.55,293.2,287.05,292.6,5030819
2026-02-23 00:00:00+05:30,293.9,296.6,288.0,296.2,6561111
2026-02-24 00:00:00+05:30,296.45,300.0,295.0,295.65,9095061
2026-02-25 00:00:00+05:30,296.35,301.05,296.35,299.1,5928219
2026-02-26 00:00:00+05:30,299.8,301.7,297.05,299.5,12490528
2026-02-27 00:00:00+05:30,299.5,302.0,296.75,299.85,6871717
2026-03-02 00:00:00+05:30,290.0,299.35,289.05,294.95,6275477
2026-03-04 00:00:00+05:30,290.95,293.75,283.15,286.45,8763077
2026-03-05 00:00:00+05:30,287.75,291.6,285.2,289.7,6014011
2026-03-06 00:00:00+05:30,286.4,291.25,285.6,286.5,3826606
2026-03-09 00:00:00+05:30,280.0,280.75,268.7,273.3,12304998
2026-03-10 00:00:00+05:30,277.25,281.15,275.25,276.0,10974726
2026-03-11 00:00:00+05:30,276.7,277.0,268.7,269.45,9571287
2026-03-12 00:00:00+05:30,265.75,272.15,264.85,270.25,7972457
2026-03-13 00:00:00+05:30,268.65,269.75,262.15,263.05,7258500
2026-03-16 00:00:00+05:30,262.0,265.5,257.05,260.85,12531069
2026-03-17 00:00:00+05:30,260.85,266.5,255.8,264.55,12836887
2026-03-18 00:00:00+05:30,265.0,272.7,265.0,271.5,7002312
2026-03-19 00:00:00+05:30,266.45,269.15,262.35,265.9,9790533
2026-03-20 00:00:00+05:30,268.05,274.3,266.0,267.1,14660431
2026-03-23 00:00:00+05:30,263.0,263.3,253.3,254.35,13966492
2026-03-24 00:00:00+05:30,262.25,263.9,257.6,262.5,6880170
2026-03-25 00:00:00+05:30,265.5,273.9,264.8,270.95,9709681
2026-03-27 00:00:00+05:30,269.0,270.95,265.3,269.3,16383055
2026-03-30 00:00:00+05:30,268.0,268.0,257.15,259.4,10978564
2026-04-01 00:00:00+05:30,266.45,270.1,262.9,267.6,8296508
2026-04-02 00:00:00+05:30,263.9,266.95,256.5,265.55,5537579
2026-04-06 00:00:00+05:30,265.4,272.2,261.7,271.5,9297534
2026-04-07 00:00:00+05:30,270.0,276.9,266.45,275.15,8015264
2026-04-08 00:00:00+05:30,286.35,288.8,282.55,284.45,7811348
2026-04-09 00:00:00+05:30,284.1,286.0,281.6,283.3,4273025
2026-04-10 00:00:00+05:30,284.0,292.75,284.0,291.7,8640231
2026-04-13 00:00:00+05:30,284.7,290.35,283.5,288.2,7132285
2026-04-15 00:00:00+05:30,294.6,294.9,286.0,286.85,7778158
2026-04-16 00:00:00+05:30,289.5,289.8,281.6,284.4,10948325
2026-04-17 00:00:00+05:30,284.95,294.2,282.85,293.75,9241911
2026-04-20 00:00:00+05:30,293.5,298.0,292.3,294.35,11292785
2026-04-21 00:00:00+05:30,295.8,299.05,295.05,295.75,7746822
2026-04-22 00:00:00+05:30,295.75,298.45,295.0,296.45,6443950
2026-04-23 00:00:00+05:30,294.95,296.65,293.55,295.4,3657050
2026-04-24 00:00:00+05:30,296.0,298.3,291.25,293.0,7243806
2026-04-27 00:00:00+05:30,294.7,297.65,292.8,294.05,3880432
2026-04-28 00:00:00+05:30,292.85,295.85,290.0,290.6,6666139
2026-04-29 00:00:00+05:30,296.0,301.7,282.55,284.75,21186876
2026-04-30 00:00:00+05:30,284.7,287.95,280.0,286.95,13939720
2026-05-04 00:00:00+05:30,290.0,291.65,287.4,289.15,5494699
2026-05-05 00:00:00+05:30,289.35,295.0,286.6,292.6,5869785
2026-05-06 00:00:00+05:30,295.25,296.45,288.85,293.0,9998298
2026-05-07 00:00:00+05:30,294.5,297.75,290.0,297.05,6089681
2026-05-08 00:00:00+05:30,297.0,298.45,291.45,297.25,6129346
2026-05-11 00:00:00+05:30,295.0,297.4,291.15,292.45,11135956
2026-05-12 00:00:00+05:30,291.55,293.65,283.8,284.8,8461329
2026-05-13 00:00:00+05:30,285.9,285.9,277.1,280.05,15147738
2026-05-14 00:00:00+05:30,282.0,282.85,277.55,280.25,8574291
2026-05-15 00:00:00+05:30,281.95,284.7,278.3,281.3,6034270
2026-05-18 00:00:00+05:30,280.75,285.65,277.55,283.95,7212332
2026-05-19 00:00:00+05:30,284.8,287.8,283.75,286.6,6905213
2026-05-20 00:00:00+05:30,285.85,290.55,283.1,289.9,6657728
2026-05-21 00:00:00+05:30,290.5,292.5,283.05,283.75,6916472
2026-05-22 00:00:00+05:30,284.15,288.4,283.2,287.2,6756952
2026-05-25 00:00:00+05:30,289.0,292.5,286.8,289.25,9346757
2026-05-26 00:00:00+05:30,292.0,293.35,288.65,290.2,10983670
2026-05-27 00:00:00+05:30,289.5,293.0,287.85,288.9,3869975
2026-05-29 00:00:00+05:30,292.0,293.9,283.6,288.95,239376091
2026-06-01 00:00:00+05:30,290.0,292.4,285.5,288.2,6701913
2026-06-02 00:00:00+05:30,286.5,293.8,284.85,293.05,5900487
2026-06-03 00:00:00+05:30,293.95,302.85,290.3,301.05,15946881
2026-06-04 00:00:00+05:30,301.25,303.8,295.65,300.1,11947303
2026-06-05 00:00:00+05:30,300.5,305.4,295.75,304.15,9322801
2026-06-08 00:00:00+05:30,302.5,310.0,301.3,304.6,12112735
2026-06-09 00:00:00+05:30,306.7,315.9,306.35,315.1,14386417
2026-06-10 00:00:00+05:30,315.1,316.7,309.85,311.1,7015128
2026-06-11 00:00:00+05:30,309.0,311.7,307.05,309.75,7619065
2026-06-12 00:00:00+05:30,315.0,318.35,311.15,315.7,9052110
2026-06-15 00:00:00+05:30,320.7,320.7,312.75,317.1,8390759
2026-06-16 00:00:00+05:30,317.55,321.1,316.5,320.6,8921387
2026-06-17 00:00:00+05:30,320.65,323.6,319.3,322.7,9029691
2026-06-18 00:00:00+05:30,323.0,324.0,320.0,320.45,3885931
2026-06-19 00:00:00+05:30,320.0,324.9,319.05,323.95,7763307
2026-06-22 00:00:00+05:30,323.95,323.95,321.7,323.4,4903566
2026-06-23 00:00:00+05:30,323.4,324.3,319.0,319.9,5809450
2026-06-24 00:00:00+05:30,319.5,327.0,318.2,325.2,9481304
2026-06-25 00:00:00+05:30,326.7,326.7,322.65,324.05,6310533
2026-06-29 00:00:00+05:30,323.0,327.0,322.15,324.05,15193838
2026-06-30 00:00:00+05:30,324.8,331.8,323.7,330.05,15572784
2026-07-01 00:00:00+05:30,329.0,332.0,325.65,331.4,6386994
2026-07-02 00:00:00+05:30,331.75,332.35,329.3,331.0,7433230
2026-07-03 00:00:00+05:30,332.4,334.3,326.4,327.4,5420067
2026-07-06 00:00:00+05:30,327.8,333.45,325.5,330.3,3492183
2026-07-07 00:00:00+05:30,330.0,332.0,326.7,331.55,4018922
2026-07-08 00:00:00+05:30,330.45,330.9,323.0,326.55,4715547
2026-07-09 00:00:00+05:30,326.55,332.7,326.55,327.75,3699416
2026-07-10 00:00:00+05:30,330.3,332.5,327.85,329.85,5400203
2026-07-13 00:00:00+05:30,328.5,336.5,327.3,332.5,4617054
2026-07-14 00:00:00+05:30,331.0,332.8,326.15,327.5,3477293
2026-07-15 00:00:00+05:30,328.5,330.7,325.6,327.55,2909042
2026-07-16 00:00:00+05:30,328.55,329.95,324.0,326.6,9916604
2026-07-17 00:00:00+05:30,328.7,351.0,323.4,349.0,44155126
2026-07-20 00:00:00+05:30,341.5,352.2,341.5,350.75,10483345
2026-07-21 00:00:00+05:30,351.1,356.75,350.95,356.05,6342305
2026-07-22 00:00:00+05:30,354.1,357.25,351.5,353.25,4288304
2026-07-23 00:00:00+05:30,352.0,355.45,351.55,354.4,4025719
2026-07-24 00:00:00+05:30,352.1,354.9,349.9,354.3,3590425
2026-07-27 00:00:00+05:30,355.05,357.7,354.3,356.5,6585012
2026-07-28 00:00:00+05:30,357.0,358.7,354.5,357.25,6332047
2026-07-29 00:00:00+05:30,359.0,359.9,356.45,359.15,5713345
2026-07-30 00:00:00+05:30,359.05,359.35,352.85,354.15,6259452
2026-07-31 00:00:00+05:30,355.4,359.7,354.75,358.85,3907564
2026-08-03 00:00:00+05:30,359.45,371.7,357.3,371.7,4384044
2026-08-04 00:00:00+05:30,364.55,364.55,357.1,362.45,5569382
2026-08-05 00:00:00+05:30,361.95,361.95,354.2,356.45,5018889
2026-08-06 00:00:00+05:30,356.45,356.45,351.6,353.55,3780768
2026-08-07 00:00:00+05:30,353.2,359.8,350.85,356.25,4924276
2026-08-10 00:00:00+05:30,357.0,358.6,353.95,358.35,2848547
2026-08-11 00:00:00+05:30,357.2,357.2,352.2,354.55,4843398
2026-08-12 00:00:00+05:30,354.55,357.65,353.8,356.85,3369817
2026-08-13 00:00:00+05:30,356.5,356.5,352.0,352.45,2690529
2026-08-14 00:00:00+05:30,352.0,354.6,351.05,351.3,2420967
2026-08-17 00:00:00+05:30,351.25,356.45,349.65,354.1,3616352
2026-08-18 00:00:00+05:30,354.2,358.6,352.5,357.8,2828360
2026-08-19 00:00:00+05:30,357.8,360.0,355.15,358.8,2198228
2026-08-20 00:00:00+05:30,361.9,364.2,355.3,355.3,4349435
2026-08-21 00:00:00+05:30,356.3,361.0,355.15,361.0,4398375
