datetime,open,high,low,close,volume
2011-08-24 00:00:00+05:30,24.83,25.84,24.57,25.01,7350103
2011-08-25 00:00:00+05:30,25.14,25.31,22.82,23.12,11748649
2011-08-26 00:00:00+05:30,24.09,24.09,22.73,23.12,7067655
2011-08-29 00:00:00+05:30,23.34,23.96,23.34,23.65,4413707
2011-08-30 00:00:00+05:30,23.74,24.09,23.39,23.61,4520682
2011-09-02 00:00:00+05:30,23.56,24.35,23.43,23.78,6967635
2011-09-05 00:00:00+05:30,24.09,24.57,23.43,24.35,4762263
2011-09-06 00:00:00+05:30,24.35,25.05,24.17,24.96,4200285
2011-09-07 00:00:00+05:30,25.01,26.41,23.65,26.01,7616146
2011-09-08 00:00:00+05:30,27.42,27.42,26.01,26.19,5252545
2011-09-09 00:00:00+05:30,26.28,26.45,24.79,25.01,6235733
2011-09-12 00:00:00+05:30,25.31,25.31,23.91,24.26,4527686
2011-09-13 00:00:00+05:30,24.39,24.88,23.21,23.78,4232768
2011-09-14 00:00:00+05:30,24.09,24.44,23.52,24.22,4158977
2011-09-15 00:00:00+05:30,24.44,25.31,23.82,25.14,5349567
2011-09-16 00:00:00+05:30,25.49,25.71,24.83,25.09,7599700
2011-09-19 00:00:00+05:30,25.4,25.62,25.05,25.27,4660082
2011-09-20 00:00:00+05:30,25.62,26.28,25.14,26.1,4007430
2011-09-21 00:00:00+05:30,26.19,26.8,26.01,26.41,3733034
2011-09-22 00:00:00+05:30,25.97,26.15,24.61,24.83,3707899
2011-09-23 00:00:00+05:30,24.17,25.36,24.09,24.83,6113333
2011-09-26 00:00:00+05:30,25.09,25.14,23.3,23.56,3549193
2011-09-27 00:00:00+05:30,24.26,24.66,23.26,23.47,7458256
2011-09-28 00:00:00+05:30,23.65,23.91,23.17,23.26,3759032
2011-09-29 00:00:00+05:30,23.12,24.17,22.82,23.96,6257202
2011-09-30 00:00:00+05:30,24.04,24.09,23.39,23.69,2344970
2011-10-03 00:00:00+05:30,23.74,23.82,22.6,22.77,7267088
2011-10-04 00:00:00+05:30,22.99,22.99,21.99,22.38,4687561
2011-10-05 00:00:00+05:30,22.6,22.99,22.38,22.77,3181672
2011-10-07 00:00:00+05:30,23.47,23.47,22.34,22.82,5144886
2011-10-10 00:00:00+05:30,22.82,22.86,22.38,22.6,4885697
2011-10-11 00:00:00+05:30,22.77,22.86,22.16,22.25,5640225
2011-10-12 00:00:00+05:30,22.55,22.69,22.12,22.55,5341638
2011-10-13 00:00:00+05:30,22.6,22.82,22.47,22.69,3519631
2011-10-14 00:00:00+05:30,22.69,22.99,22.38,22.73,1990467
2011-10-17 00:00:00+05:30,22.95,23.17,22.34,22.51,3540612
2011-10-18 00:00:00+05:30,22.69,22.69,22.16,22.2,1601142
2011-10-19 00:00:00+05:30,22.25,22.51,22.07,22.16,2540861
2011-10-20 00:00:00+05:30,22.07,22.47,21.94,22.25,3601960
2011-10-21 00:00:00+05:30,22.16,22.9,22.03,22.47,6178434
2011-10-24 00:00:00+05:30,22.77,22.82,22.2,22.73,4643053
2011-10-25 00:00:00+05:30,22.77,22.99,21.85,22.34,8012572
2011-10-26 00:00:00+05:30,22.69,22.73,22.38,22.64,519773
2011-10-28 00:00:00+05:30,23.3,24.83,22.69,24.35,10001782
2011-10-31 00:00:00+05:30,24.44,24.88,24.0,24.31,6023653
2011-11-01 00:00:00+05:30,24.79,25.23,22.55,22.99,3814142
2011-11-02 00:00:00+05:30,23.08,23.39,22.77,22.86,2437713
2011-11-03 00:00:00+05:30,23.12,23.21,22.6,22.86,2455641
2011-11-04 00:00:00+05:30,23.08,23.61,22.95,23.12,3471092
2011-11-08 00:00:00+05:30,23.3,23.47,23.04,23.17,2522000
2011-11-09 00:00:00+05:30,23.56,23.56,22.12,22.42,2913549
2011-11-11 00:00:00+05:30,22.38,22.64,21.59,21.77,4297175
2011-11-14 00:00:00+05:30,22.07,22.51,20.58,20.76,4977171
2011-11-15 00:00:00+05:30,20.67,21.99,19.71,19.84,7462119
2011-11-16 00:00:00+05:30,19.88,20.41,18.44,18.7,7307379
2011-11-17 00:00:00+05:30,18.7,19.23,17.74,18.09,5750966
2011-11-18 00:00:00+05:30,17.96,18.35,17.34,17.96,15941561
2011-11-21 00:00:00+05:30,17.17,19.09,16.73,18.39,19135053
2011-11-22 00:00:00+05:30,18.39,18.83,17.87,18.61,6470555
2011-11-23 00:00:00+05:30,18.04,18.57,17.34,17.56,6129844
2011-11-24 00:00:00+05:30,17.17,18.66,16.99,18.13,12590318
2011-11-25 00:00:00+05:30,18.13,18.74,17.65,17.78,3289247
2011-11-28 00:00:00+05:30,18.22,18.57,17.96,18.31,3222276
2011-11-29 00:00:00+05:30,18.57,18.57,17.17,17.78,6361735
2011-11-30 00:00:00+05:30,17.78,18.48,17.21,18.04,7526420
2011-12-01 00:00:00+05:30,18.92,19.44,18.13,18.31,12894252
2011-12-02 00:00:00+05:30,17.56,18.79,17.56,18.61,5262303
2011-12-05 00:00:00+05:30,18.61,18.83,18.31,18.48,2904844
2011-12-07 00:00:00+05:30,18.48,18.96,18.39,18.48,4278828
2011-12-08 00:00:00+05:30,18.48,18.57,16.99,17.12,6431388
2011-12-09 00:00:00+05:30,16.86,16.9,16.2,16.42,5988827
2011-12-12 00:00:00+05:30,16.6,16.82,15.72,15.77,4314647
2011-12-13 00:00:00+05:30,15.77,16.77,15.42,16.6,7567485
2011-12-14 00:00:00+05:30,15.68,16.77,15.68,16.51,6140220
2011-12-15 00:00:00+05:30,16.51,17.39,15.85,17.08,6642841
2011-12-16 00:00:00+05:30,17.08,17.52,16.29,16.86,6966578
2011-12-19 00:00:00+05:30,16.64,16.73,15.81,16.64,4178067
2011-12-20 00:00:00+05:30,16.82,17.12,16.2,16.6,3790907
2011-12-21 00:00:00+05:30,16.86,17.04,16.42,16.82,2357941
2011-12-22 00:00:00+05:30,16.77,17.52,16.51,17.39,4121736
2011-12-23 00:00:00+05:30,17.65,17.91,17.08,17.12,3749883
2011-12-26 00:00:00+05:30,16.69,17.96,16.69,17.87,2850757
2011-12-27 00:00:00+05:30,18.04,18.35,17.08,17.21,3420012
2011-12-28 00:00:00+05:30,17.08,17.82,16.86,17.43,4767827
2011-12-29 00:00:00+05:30,17.43,18.04,16.9,17.61,14561030
2011-12-30 00:00:00+05:30,17.74,19.49,17.17,18.39,6484750
2012-01-02 00:00:00+05:30,19.27,19.36,17.39,17.74,5425316
2012-01-03 00:00:00+05:30,17.96,19.71,17.52,19.36,6332112
2012-01-04 00:00:00+05:30,19.49,20.06,18.83,19.84,7287161
2012-01-05 00:00:00+05:30,19.88,20.5,19.49,20.15,5577615
2012-01-06 00:00:00+05:30,19.49,20.06,19.36,19.75,3001763
2012-01-07 00:00:00+05:30,19.71,19.97,19.71,19.93,216840
2012-01-09 00:00:00+05:30,20.19,21.85,20.06,21.68,8000450
2012-01-10 00:00:00+05:30,22.25,22.69,21.77,22.42,10004721
2012-01-11 00:00:00+05:30,22.34,23.17,21.9,22.95,7539912
2012-01-12 00:00:00+05:30,23.04,24.74,22.6,24.22,10604858
2012-01-13 00:00:00+05:30,24.17,26.06,24.17,25.75,9349086
2012-01-16 00:00:00+05:30,25.49,25.88,24.22,25.18,7389473
2012-01-17 00:00:00+05:30,24.74,25.84,24.53,24.66,6156032
2012-01-18 00:00:00+05:30,24.53,24.88,23.56,23.69,6498389
2012-01-19 00:00:00+05:30,24.22,24.88,23.91,24.26,6369397
2012-01-20 00:00:00+05:30,24.53,24.61,23.3,23.91,6202720
2012-01-23 00:00:00+05:30,23.82,24.66,23.61,24.0,5384347
2012-01-24 00:00:00+05:30,24.13,25.97,24.0,25.36,23564871
2012-01-25 00:00:00+05:30,25.84,26.8,25.58,26.58,14617744
2012-01-27 00:00:00+05:30,27.15,27.42,25.71,26.01,7958234
2012-01-30 00:00:00+05:30,25.4,25.84,24.35,24.61,6303459
2012-01-31 00:00:00+05:30,24.61,25.8,24.09,25.66,6857209
2012-02-01 00:00:00+05:30,25.66,26.93,25.49,26.5,14268868
2012-02-02 00:00:00+05:30,26.76,27.33,25.53,26.32,13515172
2012-02-03 00:00:00+05:30,26.63,26.63,25.88,26.01,6517797
2012-02-06 00:00:00+05:30,26.28,27.07,25.66,26.28,6436340
2012-02-07 00:00:00+05:30,26.45,26.8,25.14,25.4,7033462
2012-02-08 00:00:00+05:30,22.07,27.72,22.07,27.28,25137694
2012-02-09 00:00:00+05:30,26.71,27.37,26.36,27.11,6964547
2012-02-10 00:00:00+05:30,26.98,28.07,25.75,26.15,10764107
2012-02-13 00:00:00+05:30,26.23,26.58,25.66,25.97,4075875
2012-02-14 00:00:00+05:30,26.19,28.38,25.93,28.03,12990979
2012-02-15 00:00:00+05:30,28.47,28.82,27.02,27.99,13728256
2012-02-16 00:00:00+05:30,28.03,29.08,27.55,28.25,9025065
2012-02-17 00:00:00+05:30,28.47,29.34,27.68,28.69,14253448
2012-02-21 00:00:00+05:30,28.55,29.12,28.25,28.55,7126002
2012-02-22 00:00:00+05:30,28.77,28.99,24.74,25.27,9450491
2012-02-23 00:00:00+05:30,24.61,26.19,23.43,24.04,13613548
2012-02-24 00:00:00+05:30,24.09,24.79,23.65,23.96,6159746
2012-02-27 00:00:00+05:30,23.96,24.35,22.38,22.69,9071498
2012-02-28 00:00:00+05:30,22.77,24.66,22.69,24.31,7763800
2012-02-29 00:00:00+05:30,25.4,25.4,24.17,25.01,8087688
2012-03-01 00:00:00+05:30,24.53,25.53,24.35,24.83,6122855
2012-03-02 00:00:00+05:30,25.71,25.97,24.88,25.01,13069910
2012-03-03 00:00:00+05:30,25.4,25.8,24.92,25.27,997151
2012-03-05 00:00:00+05:30,25.27,25.36,24.09,24.39,4237168
2012-03-06 00:00:00+05:30,24.17,25.05,23.26,23.47,7205557
2012-03-07 00:00:00+05:30,23.12,23.82,22.77,23.56,5694891
2012-03-09 00:00:00+05:30,23.78,24.88,23.74,24.61,5189726
2012-03-12 00:00:00+05:30,25.31,26.15,24.66,25.75,7608646
2012-03-13 00:00:00+05:30,26.23,29.39,25.8,28.9,26075589
2012-03-14 00:00:00+05:30,29.52,30.22,27.94,28.9,31119676
2012-03-15 00:00:00+05:30,28.9,28.9,26.63,26.98,14153902
2012-03-16 00:00:00+05:30,26.28,28.2,25.44,25.97,20148310
2012-03-19 00:00:00+05:30,25.53,26.71,25.27,25.97,12409734
2012-03-20 00:00:00+05:30,25.93,26.98,25.75,26.5,7410342
2012-03-21 00:00:00+05:30,26.54,27.2,26.28,27.11,8946614
2012-03-22 00:00:00+05:30,27.07,27.55,25.23,25.58,15843453
2012-03-23 00:00:00+05:30,25.75,26.06,25.05,25.71,7284686
2012-03-26 00:00:00+05:30,25.4,26.5,25.23,25.84,10839081
2012-03-27 00:00:00+05:30,26.28,27.24,26.15,27.11,12574953
2012-03-28 00:00:00+05:30,26.41,27.55,26.36,26.93,19390640
2012-03-29 00:00:00+05:30,26.71,27.77,26.28,26.93,16486255
2012-03-30 00:00:00+05:30,27.07,27.33,26.58,27.2,6574890
2012-04-02 00:00:00+05:30,27.28,27.81,27.11,27.33,5947937
2012-04-03 00:00:00+05:30,27.37,27.68,27.02,27.33,6426378
2012-04-04 00:00:00+05:30,27.33,27.33,26.15,26.5,3418319
2012-04-09 00:00:00+05:30,25.62,26.45,25.09,25.36,4625231
2012-04-10 00:00:00+05:30,25.4,25.66,24.61,25.27,5981509
2012-04-11 00:00:00+05:30,25.14,25.62,24.79,25.36,4278799
2012-04-12 00:00:00+05:30,25.66,26.19,25.4,25.58,3145376
2012-04-13 00:00:00+05:30,25.93,26.19,24.53,25.14,4975466
2012-04-16 00:00:00+05:30,25.05,25.71,24.57,25.44,2863292
2012-04-17 00:00:00+05:30,25.62,26.23,24.96,26.15,4567833
2012-04-18 00:00:00+05:30,26.28,27.81,26.15,26.41,17248724
2012-04-19 00:00:00+05:30,26.85,26.85,25.44,25.71,6638866
2012-04-20 00:00:00+05:30,25.66,25.8,24.96,25.18,5628279
2012-04-23 00:00:00+05:30,25.36,25.36,23.91,24.74,7569618
2012-04-24 00:00:00+05:30,24.79,24.92,24.04,24.7,4887289
2012-04-25 00:00:00+05:30,24.7,25.44,24.09,24.92,9690874
2012-04-26 00:00:00+05:30,25.05,25.14,23.12,23.3,9749373
2012-04-27 00:00:00+05:30,23.61,24.22,23.08,24.04,7894652
2012-04-28 00:00:00+05:30,24.44,24.48,23.91,24.26,465047
2012-04-30 00:00:00+05:30,24.48,24.74,22.6,23.34,7358671
2012-05-02 00:00:00+05:30,23.52,24.48,23.52,23.82,4902148
2012-05-03 00:00:00+05:30,23.65,23.82,23.04,23.52,6236739
2012-05-04 00:00:00+05:30,22.95,23.43,22.34,22.47,3630175
2012-05-07 00:00:00+05:30,22.34,22.95,21.55,22.73,4351072
2012-05-08 00:00:00+05:30,22.77,22.9,20.8,21.2,4492809
2012-05-09 00:00:00+05:30,21.28,21.28,19.53,19.71,7565197
2012-05-10 00:00:00+05:30,19.71,20.1,18.74,19.09,12008424
2012-05-11 00:00:00+05:30,19.09,19.18,18.0,18.39,12263131
2012-05-14 00:00:00+05:30,18.39,18.53,17.43,17.61,8324047
2012-05-15 00:00:00+05:30,17.65,18.31,17.12,18.17,10709167
2012-05-16 00:00:00+05:30,17.87,17.96,17.08,17.39,10939488
2012-05-17 00:00:00+05:30,17.56,18.04,17.08,17.3,7141755
2012-05-18 00:00:00+05:30,17.08,17.17,16.25,17.04,10990206
2012-05-21 00:00:00+05:30,17.17,17.65,16.99,17.34,10160338
2012-05-22 00:00:00+05:30,17.47,17.65,16.99,17.12,11338937
2012-05-23 00:00:00+05:30,16.77,18.17,16.29,17.82,13491795
2012-05-24 00:00:00+05:30,17.74,18.04,17.34,17.69,3999458
2012-05-25 00:00:00+05:30,17.74,18.13,17.56,17.91,4886131
2012-05-28 00:00:00+05:30,17.82,18.22,17.78,18.09,2498443
2012-05-29 00:00:00+05:30,18.35,18.57,17.96,18.13,4959667
2012-05-30 00:00:00+05:30,17.96,18.0,16.95,17.52,8873788
2012-05-31 00:00:00+05:30,17.39,18.26,17.12,18.04,8344763
2012-06-01 00:00:00+05:30,18.04,18.04,17.34,17.52,4719453
2012-06-04 00:00:00+05:30,17.52,17.52,16.95,17.21,4586991
2012-06-05 00:00:00+05:30,17.3,17.47,16.82,16.95,7076349
2012-06-06 00:00:00+05:30,17.08,19.14,16.99,18.92,17797960
2012-06-07 00:00:00+05:30,19.09,19.36,18.79,19.05,11061275
2012-06-08 00:00:00+05:30,18.83,19.4,18.44,19.18,6883359
2012-06-11 00:00:00+05:30,19.44,20.36,18.66,18.96,16583649
2012-06-12 00:00:00+05:30,18.88,20.01,18.53,19.84,10883655
2012-06-13 00:00:00+05:30,19.93,20.28,19.62,19.88,7666609
2012-06-14 00:00:00+05:30,20.01,20.06,18.79,18.92,6693468
2012-06-15 00:00:00+05:30,19.05,19.8,19.01,19.58,7592829
2012-06-18 00:00:00+05:30,19.97,20.58,19.18,19.66,13045853
2012-06-19 00:00:00+05:30,19.71,19.97,19.36,19.49,6774699
2012-06-20 00:00:00+05:30,19.71,20.06,19.4,19.75,5348975
2012-06-21 00:00:00+05:30,19.36,20.1,19.31,19.93,7093597
2012-06-22 00:00:00+05:30,19.44,20.01,19.44,19.88,6694297
2012-06-25 00:00:00+05:30,20.06,20.54,19.66,19.84,7752061
2012-06-26 00:00:00+05:30,19.88,20.1,19.49,19.53,4970298
2012-06-27 00:00:00+05:30,19.71,19.84,19.53,19.66,3124313
2012-06-28 00:00:00+05:30,19.58,20.54,19.53,20.23,6587248
2012-06-29 00:00:00+05:30,20.36,22.25,20.15,21.99,20739287
2012-07-02 00:00:00+05:30,22.34,22.64,21.81,22.47,9142395
2012-07-03 00:00:00+05:30,22.6,23.04,21.33,22.03,14731287
2012-07-04 00:00:00+05:30,21.9,22.99,21.77,22.64,8575983
2012-07-05 00:00:00+05:30,22.6,23.74,22.34,23.52,8870760
2012-07-06 00:00:00+05:30,23.61,23.87,22.86,23.04,5743928
2012-07-09 00:00:00+05:30,22.47,22.51,21.42,21.72,10567650
2012-07-10 00:00:00+05:30,21.63,22.69,21.5,22.38,7948626
2012-07-11 00:00:00+05:30,22.55,22.6,21.9,21.99,5069191
2012-07-12 00:00:00+05:30,21.9,22.51,21.46,22.29,7939465
2012-07-13 00:00:00+05:30,22.29,22.47,21.37,21.46,6858450
2012-07-16 00:00:00+05:30,21.68,21.68,20.67,20.8,5909452
2012-07-17 00:00:00+05:30,21.02,21.28,19.8,19.93,10315130
2012-07-18 00:00:00+05:30,20.23,21.15,19.58,20.93,14607483
2012-07-19 00:00:00+05:30,21.2,21.94,21.07,21.85,10883738
2012-07-20 00:00:00+05:30,21.55,21.77,21.28,21.37,4243735
2012-07-23 00:00:00+05:30,21.28,21.28,20.28,20.45,7063872
2012-07-24 00:00:00+05:30,20.5,21.28,20.5,21.02,7779379
2012-07-25 00:00:00+05:30,20.58,20.89,20.41,20.54,4202050
2012-07-26 00:00:00+05:30,20.63,20.76,20.01,20.15,4789152
2012-07-27 00:00:00+05:30,20.45,20.85,19.58,19.62,5049209
2012-07-30 00:00:00+05:30,19.84,21.24,19.75,21.07,7300096
2012-07-31 00:00:00+05:30,21.11,21.24,20.1,20.36,6949193
2012-08-01 00:00:00+05:30,20.28,20.8,20.06,20.45,3596330
2012-08-02 00:00:00+05:30,20.32,20.93,20.32,20.41,4427498
2012-08-03 00:00:00+05:30,20.41,20.41,19.36,20.06,4320144
2012-08-06 00:00:00+05:30,20.41,20.58,20.15,20.23,4508783
2012-08-07 00:00:00+05:30,20.67,20.67,20.15,20.28,3810175
2012-08-08 00:00:00+05:30,20.32,20.45,19.58,19.62,5137733
2012-08-09 00:00:00+05:30,19.49,19.66,19.01,19.53,7411558
2012-08-10 00:00:00+05:30,19.53,19.53,18.66,18.88,9183049
2012-08-13 00:00:00+05:30,19.18,19.31,18.48,18.79,6862890
2012-08-14 00:00:00+05:30,19.09,19.09,18.53,18.92,6063701
2012-08-16 00:00:00+05:30,19.01,19.01,18.48,18.57,5312803
2012-08-17 00:00:00+05:30,18.53,18.83,17.78,18.0,10555103
2012-08-21 00:00:00+05:30,17.87,18.17,17.69,18.0,6879756
2012-08-22 00:00:00+05:30,18.0,18.09,17.61,17.69,3310611
2012-08-23 00:00:00+05:30,17.74,17.91,17.17,17.34,8469824
2012-08-24 00:00:00+05:30,17.12,17.3,16.64,16.99,7607397
2012-08-27 00:00:00+05:30,16.77,17.08,15.72,16.03,9515388
2012-08-28 00:00:00+05:30,16.16,16.51,15.55,16.25,12741640
2012-08-29 00:00:00+05:30,16.6,16.6,15.72,16.07,11273644
2012-08-30 00:00:00+05:30,16.12,17.56,15.85,16.82,12757237
2012-08-31 00:00:00+05:30,16.99,17.3,15.46,15.94,17921757
2012-09-03 00:00:00+05:30,15.94,16.47,15.85,16.29,5868166
2012-09-04 00:00:00+05:30,16.25,16.9,16.03,16.64,7996642
2012-09-05 00:00:00+05:30,16.73,17.34,16.47,17.12,7233387
2012-09-06 00:00:00+05:30,16.38,17.26,15.33,16.9,3803146
2012-09-07 00:00:00+05:30,17.26,17.47,16.9,17.21,4758971
2012-09-08 00:00:00+05:30,17.17,17.34,17.12,17.21,226359
2012-09-10 00:00:00+05:30,17.26,17.56,17.08,17.12,2337859
2012-09-11 00:00:00+05:30,16.9,17.61,16.86,17.47,4475613
2012-09-12 00:00:00+05:30,17.52,17.82,17.34,17.78,4015401
2012-09-13 00:00:00+05:30,17.78,17.78,17.3,17.47,3225103
2012-09-14 00:00:00+05:30,17.96,18.61,17.47,18.48,8700868
2012-09-17 00:00:00+05:30,18.48,21.11,18.39,20.76,19306176
2012-09-18 00:00:00+05:30,20.76,21.28,20.5,20.89,13350644
2012-09-20 00:00:00+05:30,20.63,20.63,19.62,19.75,7662547
2012-09-21 00:00:00+05:30,19.84,22.12,19.84,21.94,21392890
2012-09-24 00:00:00+05:30,22.73,23.12,21.28,21.59,20878653
2012-09-25 00:00:00+05:30,21.81,22.25,20.98,21.55,9787943
2012-09-26 00:00:00+05:30,21.55,21.94,20.72,21.11,9575434
2012-09-27 00:00:00+05:30,21.24,21.72,21.02,21.11,12643032
2012-09-28 00:00:00+05:30,21.37,22.25,21.37,21.72,14758137
2012-10-01 00:00:00+05:30,21.63,21.9,21.07,21.72,5645802
2012-10-03 00:00:00+05:30,21.72,22.51,21.59,22.25,10966708
2012-10-04 00:00:00+05:30,22.29,23.65,22.03,22.69,22651921
2012-10-05 00:00:00+05:30,22.86,23.56,22.03,22.9,14180275
2012-10-08 00:00:00+05:30,23.04,23.3,22.51,22.64,7028618
2012-10-09 00:00:00+05:30,22.64,23.08,22.25,22.38,5920816
2012-10-10 00:00:00+05:30,22.25,22.25,20.19,20.41,18063536
2012-10-11 00:00:00+05:30,20.58,21.33,19.71,21.07,22846129
2012-10-12 00:00:00+05:30,20.32,22.6,20.32,21.15,10158600
2012-10-15 00:00:00+05:30,21.42,21.42,20.8,20.93,3992766
2012-10-16 00:00:00+05:30,22.77,22.77,20.01,20.1,6137324
2012-10-17 00:00:00+05:30,19.71,20.36,18.88,19.58,12121337
2012-10-18 00:00:00+05:30,19.93,20.32,19.44,20.15,6350433
2012-10-19 00:00:00+05:30,20.23,20.36,19.44,19.75,6004731
2012-10-22 00:00:00+05:30,19.53,19.66,19.09,19.23,6031622
2012-10-23 00:00:00+05:30,18.83,19.27,18.44,18.57,5717662
2012-10-25 00:00:00+05:30,18.57,18.7,17.87,18.35,13586940
2012-10-26 00:00:00+05:30,18.39,18.39,17.43,17.52,7342668
2012-10-29 00:00:00+05:30,17.69,18.09,17.65,17.91,4882549
2012-10-30 00:00:00+05:30,18.17,18.22,17.43,17.65,6974137
2012-10-31 00:00:00+05:30,17.52,17.91,17.21,17.56,5482073
2012-11-01 00:00:00+05:30,17.65,18.0,17.34,17.82,4889799
2012-11-02 00:00:00+05:30,17.96,18.35,17.69,17.91,7227151
2012-11-05 00:00:00+05:30,18.13,18.17,17.56,17.69,3351928
2012-11-06 00:00:00+05:30,17.69,17.96,17.52,17.78,3895745
2012-11-07 00:00:00+05:30,18.0,18.88,17.52,18.7,9107173
2012-11-08 00:00:00+05:30,18.39,18.61,18.0,18.22,8133627
2012-11-09 00:00:00+05:30,18.44,18.57,17.74,17.82,6322228
2012-11-12 00:00:00+05:30,17.91,18.0,17.65,17.74,3160091
2012-11-13 00:00:00+05:30,17.74,17.87,17.52,17.74,1135110
2012-11-15 00:00:00+05:30,17.61,17.61,16.73,16.99,13700942
2012-11-16 00:00:00+05:30,17.96,17.96,16.42,16.64,11300022
2012-11-19 00:00:00+05:30,16.73,16.9,16.2,16.34,10579232
2012-11-20 00:00:00+05:30,16.6,16.73,15.63,15.85,16389912
2012-11-21 00:00:00+05:30,16.07,16.07,15.55,15.81,18229730
2012-11-22 00:00:00+05:30,15.9,16.12,15.33,15.46,18724646
2012-11-23 00:00:00+05:30,15.42,16.03,15.42,15.63,25070530
2012-11-26 00:00:00+05:30,15.5,15.85,15.42,15.55,14140487
2012-11-27 00:00:00+05:30,15.68,15.9,15.55,15.72,14159248
2012-11-29 00:00:00+05:30,15.24,15.63,14.67,15.5,30132344
2012-11-30 00:00:00+05:30,15.55,16.77,15.37,16.29,93353376
2012-12-03 00:00:00+05:30,16.55,17.34,16.2,17.17,40133168
2012-12-04 00:00:00+05:30,16.82,17.26,16.64,16.86,16209968
2012-12-05 00:00:00+05:30,17.04,17.69,16.86,17.56,23201655
2012-12-06 00:00:00+05:30,17.78,17.82,16.82,17.34,28541538
2012-12-07 00:00:00+05:30,17.08,17.34,16.64,16.82,18367698
2012-12-10 00:00:00+05:30,16.86,17.17,16.77,16.86,11150073
2012-12-11 00:00:00+05:30,16.86,17.12,16.12,16.29,14608318
2012-12-12 00:00:00+05:30,16.29,16.42,16.03,16.16,10627252
2012-12-13 00:00:00+05:30,16.55,16.55,15.85,15.94,11420494
2012-12-14 00:00:00+05:30,16.16,16.16,15.9,16.03,6007841
2012-12-17 00:00:00+05:30,16.07,16.42,16.03,16.12,7654534
2012-12-18 00:00:00+05:30,16.03,16.42,15.94,16.2,10544674
2012-12-19 00:00:00+05:30,16.2,16.47,16.16,16.29,8793289
2012-12-20 00:00:00+05:30,16.69,16.77,16.29,16.64,11352857
2012-12-21 00:00:00+05:30,16.73,16.86,16.03,16.16,10319802
2012-12-24 00:00:00+05:30,16.2,16.38,16.03,16.25,6981785
2012-12-26 00:00:00+05:30,16.47,16.51,16.25,16.42,8035326
2012-12-27 00:00:00+05:30,16.34,16.51,16.07,16.16,17753717
2012-12-28 00:00:00+05:30,16.16,16.6,16.03,16.47,6897596
2012-12-31 00:00:00+05:30,16.47,17.34,16.25,16.95,10287558
2013-01-01 00:00:00+05:30,17.12,17.96,16.99,17.78,15607788
2013-01-02 00:00:00+05:30,18.31,19.05,17.56,17.87,14537632
2013-01-03 00:00:00+05:30,18.0,18.04,17.47,17.78,10710807
2013-01-04 00:00:00+05:30,17.78,17.87,17.3,17.47,11132757
2013-01-07 00:00:00+05:30,17.47,18.26,17.47,18.0,11243366
2013-01-08 00:00:00+05:30,17.78,18.53,17.52,18.39,16402569
2013-01-09 00:00:00+05:30,18.48,18.92,18.09,18.44,24312104
2013-01-10 00:00:00+05:30,18.44,18.66,18.0,18.17,11679736
2013-01-11 00:00:00+05:30,17.52,18.44,17.52,17.87,11577452
2013-01-14 00:00:00+05:30,17.96,18.26,17.69,18.17,9431620
2013-01-15 00:00:00+05:30,18.31,18.53,17.87,18.0,11377814
2013-01-16 00:00:00+05:30,18.0,18.17,17.47,17.56,5838677
2013-01-17 00:00:00+05:30,17.69,17.78,17.26,17.52,9123652
2013-01-18 00:00:00+05:30,17.69,17.69,17.26,17.34,4814551
2013-01-21 00:00:00+05:30,17.43,17.78,17.12,17.65,6698224
2013-01-22 00:00:00+05:30,17.74,17.82,17.17,17.26,7541520
2013-01-23 00:00:00+05:30,17.12,17.47,16.55,16.77,7008765
2013-01-24 00:00:00+05:30,16.95,16.95,15.68,15.85,14400560
2013-01-25 00:00:00+05:30,15.81,16.64,15.63,16.42,11404367
2013-01-28 00:00:00+05:30,16.9,16.9,16.16,16.47,9231977
2013-01-29 00:00:00+05:30,16.42,16.95,16.29,16.34,10155982
2013-01-30 00:00:00+05:30,16.6,16.77,16.34,16.69,9073240
2013-01-31 00:00:00+05:30,16.6,16.82,16.42,16.51,10066717
2013-02-01 00:00:00+05:30,16.55,18.04,16.55,17.74,19255236
2013-02-04 00:00:00+05:30,17.78,17.91,16.77,16.9,10701395
2013-02-05 00:00:00+05:30,16.9,17.17,16.38,16.95,7550259
2013-02-06 00:00:00+05:30,16.95,17.43,16.95,17.34,11403212
2013-02-07 00:00:00+05:30,17.3,17.74,16.73,16.9,10722541
2013-02-08 00:00:00+05:30,17.08,17.17,16.47,16.6,7374699
2013-02-11 00:00:00+05:30,16.51,16.51,16.03,16.25,7911589
2013-02-12 00:00:00+05:30,16.25,16.34,15.81,15.9,8375763
2013-02-13 00:00:00+05:30,16.12,16.29,15.72,15.81,7071592
2013-02-14 00:00:00+05:30,16.03,16.12,15.33,15.59,9088607
2013-02-15 00:00:00+05:30,15.94,16.03,15.15,15.42,8852824
2013-02-18 00:00:00+05:30,15.72,16.25,15.59,16.07,7779557
2013-02-19 00:00:00+05:30,15.77,16.38,15.72,16.25,4971706
2013-02-20 00:00:00+05:30,16.29,16.51,16.16,16.38,5871660
2013-02-21 00:00:00+05:30,16.25,16.25,15.85,15.9,5382413
2013-02-22 00:00:00+05:30,15.81,16.12,15.81,15.9,5583626
2013-02-25 00:00:00+05:30,16.12,16.12,15.81,15.99,5806244
2013-02-26 00:00:00+05:30,15.99,16.2,15.77,15.99,7311519
2013-02-27 00:00:00+05:30,16.03,16.42,15.94,16.2,8164035
2013-02-28 00:00:00+05:30,16.38,16.6,14.76,15.46,29670417
2013-03-01 00:00:00+05:30,15.77,15.94,15.46,15.81,3425153
2013-03-04 00:00:00+05:30,15.77,16.73,15.46,16.42,12829879
2013-03-05 00:00:00+05:30,16.64,17.43,16.64,17.04,18463590
2013-03-06 00:00:00+05:30,17.26,17.43,16.95,17.04,6304115
2013-03-07 00:00:00+05:30,17.12,17.17,16.86,17.12,4168362
2013-03-08 00:00:00+05:30,17.12,17.26,16.86,17.08,4135353
2013-03-11 00:00:00+05:30,17.12,17.61,17.12,17.52,6577323
2013-03-12 00:00:00+05:30,17.52,17.69,17.21,17.47,5536594
2013-03-13 00:00:00+05:30,17.43,18.0,17.3,17.65,8152576
2013-03-14 00:00:00+05:30,17.82,17.96,17.43,17.82,6151305
2013-03-15 00:00:00+05:30,17.74,18.13,17.69,17.78,5717791
2013-03-18 00:00:00+05:30,17.74,18.79,17.43,18.53,14249870
2013-03-19 00:00:00+05:30,18.39,18.92,18.04,18.17,14066566
2013-03-20 00:00:00+05:30,17.78,18.22,17.3,17.52,12992857
2013-03-21 00:00:00+05:30,19.27,19.27,17.34,17.56,8127591
2013-03-22 00:00:00+05:30,17.47,17.82,17.04,17.47,15372917
2013-03-25 00:00:00+05:30,17.65,20.15,17.65,19.14,39873251
2013-03-26 00:00:00+05:30,19.05,19.49,18.17,18.26,24921179
2013-03-28 00:00:00+05:30,18.09,19.23,17.96,18.92,28643280
2013-04-01 00:00:00+05:30,18.92,20.19,18.83,19.84,9434663
2013-04-02 00:00:00+05:30,19.88,20.23,19.71,19.8,6744391
2013-04-03 00:00:00+05:30,19.8,20.19,19.14,19.27,6805607
2013-04-04 00:00:00+05:30,18.92,19.71,18.61,18.83,7827391
2013-04-05 00:00:00+05:30,18.79,19.97,18.79,19.4,9033404
2013-04-08 00:00:00+05:30,19.27,19.71,19.05,19.27,4986834
2013-04-09 00:00:00+05:30,18.88,19.49,18.39,18.48,7684062
2013-04-10 00:00:00+05:30,18.61,18.79,18.17,18.57,5723323
2013-04-11 00:00:00+05:30,18.66,18.96,18.35,18.61,5597360
2013-04-12 00:00:00+05:30,18.39,18.88,18.04,18.74,5025984
2013-04-15 00:00:00+05:30,18.66,19.09,18.57,18.88,3322567
2013-04-16 00:00:00+05:30,18.88,19.71,18.88,19.49,6249591
2013-04-17 00:00:00+05:30,19.71,19.97,19.01,19.14,6068135
2013-04-18 00:00:00+05:30,19.27,19.93,19.14,19.62,6685867
2013-04-22 00:00:00+05:30,19.62,19.84,19.18,19.53,9694023
2013-04-23 00:00:00+05:30,19.53,19.75,19.23,19.49,7928555
2013-04-25 00:00:00+05:30,19.36,19.71,19.14,19.36,8257951
2013-04-26 00:00:00+05:30,19.27,19.49,18.48,18.66,4643607
2013-04-29 00:00:00+05:30,18.79,18.79,18.35,18.48,3822276
2013-04-30 00:00:00+05:30,18.39,18.66,17.52,17.82,8394600
2013-05-02 00:00:00+05:30,18.04,18.92,17.87,18.74,7210673
2013-05-03 00:00:00+05:30,18.83,18.88,18.04,18.35,8055776
2013-05-06 00:00:00+05:30,18.39,18.96,18.0,18.83,8280967
2013-05-07 00:00:00+05:30,18.83,19.53,18.7,19.4,9824026
2013-05-08 00:00:00+05:30,19.4,19.62,18.96,19.09,5626942
2013-05-09 00:00:00+05:30,19.36,19.62,18.83,18.92,6791398
2013-05-10 00:00:00+05:30,19.01,19.49,18.74,19.44,5656612
2013-05-11 00:00:00+05:30,19.18,19.53,19.18,19.44,513888
2013-05-13 00:00:00+05:30,19.31,19.53,18.53,18.66,5155875
2013-05-14 00:00:00+05:30,18.61,19.01,18.48,18.7,3465350
2013-05-15 00:00:00+05:30,18.44,20.89,18.44,20.01,21554922
2013-05-16 00:00:00+05:30,19.97,20.72,19.66,20.28,14306567
2013-05-17 00:00:00+05:30,20.15,21.9,19.97,21.2,22009044
2013-05-20 00:00:00+05:30,21.28,21.72,20.41,20.8,13359826
2013-05-21 00:00:00+05:30,20.98,21.15,20.23,20.36,9330953
2013-05-22 00:00:00+05:30,20.45,20.63,19.93,20.1,7387566
2013-05-23 00:00:00+05:30,19.84,20.06,18.13,18.31,15492239
2013-05-24 00:00:00+05:30,18.61,19.27,18.39,19.05,12324242
2013-05-27 00:00:00+05:30,19.01,19.18,18.7,19.05,6244379
2013-05-28 00:00:00+05:30,19.18,19.62,19.01,19.18,9649852
2013-05-29 00:00:00+05:30,19.05,19.18,18.35,18.53,8123664
2013-05-30 00:00:00+05:30,18.57,18.57,17.65,17.87,14655082
2013-05-31 00:00:00+05:30,17.96,19.18,17.69,18.26,17490707
2013-06-03 00:00:00+05:30,18.39,18.53,17.87,18.17,7029943
2013-06-04 00:00:00+05:30,18.17,18.66,18.09,18.13,6941051
2013-06-05 00:00:00+05:30,18.13,18.44,18.13,18.31,3820706
2013-06-06 00:00:00+05:30,18.22,18.61,18.04,18.31,4149560
2013-06-07 00:00:00+05:30,18.53,18.79,18.04,18.13,6716307
2013-06-10 00:00:00+05:30,18.13,18.44,17.74,17.96,4417336
2013-06-11 00:00:00+05:30,17.69,18.0,17.34,17.43,6532702
2013-06-12 00:00:00+05:30,17.34,17.65,17.12,17.26,6561536
2013-06-13 00:00:00+05:30,17.21,17.34,16.95,17.04,5653096
2013-06-14 00:00:00+05:30,17.17,17.52,17.17,17.3,3892277
2013-06-17 00:00:00+05:30,17.3,18.22,16.95,17.74,7243334
2013-06-18 00:00:00+05:30,17.91,17.91,17.26,17.43,7729281
2013-06-19 00:00:00+05:30,17.52,17.65,17.3,17.43,5269141
2013-06-20 00:00:00+05:30,17.26,17.26,16.42,16.51,5795511
2013-06-21 00:00:00+05:30,16.34,16.86,15.9,16.42,8060870
2013-06-24 00:00:00+05:30,16.47,16.51,15.55,15.68,5414591
2013-06-25 00:00:00+05:30,15.55,15.81,14.72,15.2,8189048
2013-06-26 00:00:00+05:30,15.28,15.55,14.98,15.02,6273791
2013-06-27 00:00:00+05:30,15.15,15.5,14.72,14.85,15510315
2013-06-28 00:00:00+05:30,15.2,15.59,14.98,15.42,4689354
2013-07-01 00:00:00+05:30,15.46,16.2,15.42,16.12,6977895
2013-07-02 00:00:00+05:30,16.2,16.25,15.72,15.81,4881102
2013-07-03 00:00:00+05:30,15.72,15.72,15.2,15.33,4218878
2013-07-04 00:00:00+05:30,15.46,15.77,15.28,15.55,2825225
2013-07-05 00:00:00+05:30,15.77,15.85,15.28,15.46,2338004
2013-07-08 00:00:00+05:30,15.2,15.63,15.07,15.5,2438221
2013-07-09 00:00:00+05:30,15.55,15.72,15.37,15.59,3253902
2013-07-10 00:00:00+05:30,15.72,15.72,15.24,15.33,2010591
2013-07-11 00:00:00+05:30,15.42,15.9,15.42,15.55,3910844
2013-07-12 00:00:00+05:30,15.72,15.72,15.33,15.5,2417450
2013-07-15 00:00:00+05:30,15.55,15.55,15.11,15.33,3928449
2013-07-16 00:00:00+05:30,14.93,15.2,14.8,14.89,4091627
2013-07-17 00:00:00+05:30,14.98,15.24,13.75,14.01,6770370
2013-07-18 00:00:00+05:30,14.15,14.36,13.97,14.15,8835284
2013-07-19 00:00:00+05:30,14.23,14.32,13.84,14.01,4766263
2013-07-22 00:00:00+05:30,14.01,15.2,14.01,15.02,13464283
2013-07-23 00:00:00+05:30,15.15,15.24,14.72,15.07,8895266
2013-07-24 00:00:00+05:30,14.89,14.93,14.45,14.72,9938774
2013-07-25 00:00:00+05:30,14.72,14.72,13.62,13.75,16517739
2013-07-26 00:00:00+05:30,13.97,14.1,13.36,13.62,6524394
2013-07-29 00:00:00+05:30,13.62,13.62,12.66,12.88,7205144
2013-07-30 00:00:00+05:30,13.05,13.36,11.82,12.13,11120659
2013-07-31 00:00:00+05:30,11.91,12.0,10.99,11.26,12626722
2013-08-01 00:00:00+05:30,11.43,11.74,10.77,11.08,12537816
2013-08-02 00:00:00+05:30,11.04,11.12,10.12,10.47,11115180
2013-08-05 00:00:00+05:30,10.42,10.86,10.16,10.69,8062802
2013-08-06 00:00:00+05:30,10.55,10.6,9.28,10.07,14269159
2013-08-07 00:00:00+05:30,10.03,10.55,9.46,10.42,16026418
2013-08-08 00:00:00+05:30,10.42,11.26,10.07,11.08,8960145
2013-08-12 00:00:00+05:30,11.26,11.56,10.55,11.3,8353870
2013-08-13 00:00:00+05:30,11.21,11.65,11.04,11.26,5905363
2013-08-14 00:00:00+05:30,11.17,12.0,10.86,11.69,9307276
2013-08-16 00:00:00+05:30,11.43,11.43,10.77,11.17,13641405
2013-08-19 00:00:00+05:30,10.99,11.3,10.12,11.21,13602076
2013-08-20 00:00:00+05:30,10.95,11.69,10.29,11.21,10416630
2013-08-21 00:00:00+05:30,11.43,11.61,10.64,10.82,10290465
2013-08-22 00:00:00+05:30,10.77,11.26,10.55,11.04,8073254
2013-08-23 00:00:00+05:30,11.04,11.56,10.86,11.3,11689520
2013-08-26 00:00:00+05:30,11.26,12.04,11.17,11.96,13480781
2013-08-27 00:00:00+05:30,11.91,12.35,11.61,11.78,16764230
2013-08-28 00:00:00+05:30,11.61,12.0,10.64,11.82,23181913
2013-08-29 00:00:00+05:30,11.87,12.13,11.34,11.61,42727486
2013-08-30 00:00:00+05:30,11.65,12.35,11.47,12.0,22254685
2013-09-02 00:00:00+05:30,12.0,12.44,11.82,12.26,12025495
2013-09-03 00:00:00+05:30,12.26,12.53,11.87,12.18,17484949
2013-09-04 00:00:00+05:30,12.22,12.39,12.0,12.31,9378561
2013-09-05 00:00:00+05:30,12.31,13.14,12.31,13.01,15741069
2013-09-06 00:00:00+05:30,13.14,13.58,12.96,13.49,17336323
2013-09-10 00:00:00+05:30,13.53,14.67,12.22,14.41,19244981
2013-09-11 00:00:00+05:30,14.45,16.03,14.28,15.77,17327194
2013-09-12 00:00:00+05:30,15.99,15.99,15.28,15.63,9144703
2013-09-13 00:00:00+05:30,15.63,16.77,15.55,16.51,16264011
2013-09-16 00:00:00+05:30,16.69,17.3,16.25,16.6,11689969
2013-09-17 00:00:00+05:30,16.51,17.26,16.12,16.95,15698929
2013-09-18 00:00:00+05:30,17.08,17.52,16.9,17.34,17539977
2013-09-19 00:00:00+05:30,17.69,18.44,17.61,18.31,14735149
2013-09-20 00:00:00+05:30,18.22,19.09,17.39,18.88,21228382
2013-09-23 00:00:00+05:30,18.48,19.01,18.26,18.53,14788637
2013-09-24 00:00:00+05:30,18.39,19.27,18.26,19.14,8842601
2013-09-25 00:00:00+05:30,19.14,19.27,18.53,19.01,8561248
2013-09-26 00:00:00+05:30,18.92,20.01,18.61,19.4,26631248
2013-09-27 00:00:00+05:30,19.62,19.75,19.14,19.4,13077296
2013-09-30 00:00:00+05:30,19.09,19.53,18.53,19.01,12260128
2013-10-01 00:00:00+05:30,19.05,19.8,18.57,19.58,13633494
2013-10-03 00:00:00+05:30,19.58,19.97,19.31,19.66,10630401
2013-10-04 00:00:00+05:30,19.49,19.88,19.4,19.62,13125476
2013-10-07 00:00:00+05:30,19.49,19.66,19.14,19.58,5508736
2013-10-08 00:00:00+05:30,19.71,20.15,19.58,19.8,9592222
2013-10-09 00:00:00+05:30,19.88,20.06,19.44,19.93,5669540
2013-10-10 00:00:00+05:30,19.8,20.06,19.75,19.97,3233056
2013-10-11 00:00:00+05:30,20.06,20.15,19.27,19.58,3716691
2013-10-14 00:00:00+05:30,19.36,19.66,19.01,19.44,3869531
2013-10-15 00:00:00+05:30,19.36,19.8,19.18,19.62,7683863
2013-10-17 00:00:00+05:30,19.53,19.88,18.88,19.18,7706622
2013-10-18 00:00:00+05:30,19.18,20.15,19.01,19.88,10198927
2013-10-21 00:00:00+05:30,19.97,20.19,19.49,19.66,9373740
2013-10-22 00:00:00+05:30,19.58,19.75,19.23,19.53,7996438
2013-10-23 00:00:00+05:30,19.49,19.88,19.05,19.66,7817866
2013-10-24 00:00:00+05:30,19.88,20.45,19.44,19.93,7974703
2013-10-25 00:00:00+05:30,19.8,20.01,19.53,19.75,4228992
2013-10-28 00:00:00+05:30,19.58,19.8,19.05,19.18,2834925
2013-10-29 00:00:00+05:30,19.18,19.66,18.22,19.58,9099114
2013-10-30 00:00:00+05:30,19.62,19.97,19.31,19.4,3585733
2013-10-31 00:00:00+05:30,19.27,19.8,18.96,19.31,15284524
2013-11-01 00:00:00+05:30,19.05,20.5,18.79,20.23,12760940
2013-11-03 00:00:00+05:30,20.28,20.41,20.06,20.23,1265209
2013-11-05 00:00:00+05:30,19.75,20.76,19.75,20.32,6203727
2013-11-06 00:00:00+05:30,20.36,20.8,20.1,20.32,9817068
2013-11-07 00:00:00+05:30,20.15,20.67,19.27,19.53,6129940
2013-11-08 00:00:00+05:30,19.27,20.8,19.27,20.54,9787101
2013-11-11 00:00:00+05:30,20.32,20.67,19.18,19.49,8734400
2013-11-12 00:00:00+05:30,19.4,19.58,18.92,19.27,6547459
2013-11-13 00:00:00+05:30,19.14,19.18,18.04,18.26,9313132
2013-11-14 00:00:00+05:30,18.48,19.53,18.26,19.36,9767682
2013-11-18 00:00:00+05:30,19.27,19.75,19.09,19.58,5556063
2013-11-19 00:00:00+05:30,19.53,20.23,19.36,19.88,6817684
2013-11-20 00:00:00+05:30,19.8,20.06,18.92,19.23,5077654
2013-11-21 00:00:00+05:30,19.23,19.23,18.88,18.96,4695712
2013-11-22 00:00:00+05:30,19.01,19.4,18.96,19.09,5943923
2013-11-25 00:00:00+05:30,19.23,19.27,19.01,19.14,3177360
2013-11-26 00:00:00+05:30,19.14,19.23,18.61,18.83,4007534
2013-11-27 00:00:00+05:30,18.83,19.01,17.61,18.57,9479094
2013-11-28 00:00:00+05:30,18.66,18.92,17.12,17.47,29083117
2013-11-29 00:00:00+05:30,17.69,18.17,17.69,17.91,5847977
2013-12-02 00:00:00+05:30,17.96,18.53,17.96,18.17,2938208
2013-12-03 00:00:00+05:30,18.17,18.39,18.0,18.13,2475269
2013-12-04 00:00:00+05:30,18.35,18.57,17.52,17.96,5916813
2013-12-05 00:00:00+05:30,18.44,18.92,18.13,18.48,7786184
2013-12-06 00:00:00+05:30,18.66,18.74,18.31,18.61,4496808
2013-12-09 00:00:00+05:30,19.27,19.31,18.79,18.96,4942082
2013-12-10 00:00:00+05:30,18.61,19.49,18.35,19.18,5243932
2013-12-11 00:00:00+05:30,19.14,19.66,18.88,19.18,8242425
2013-12-12 00:00:00+05:30,18.92,19.71,18.88,19.44,8965398
2013-12-13 00:00:00+05:30,19.53,19.66,18.88,19.01,10231979
2013-12-16 00:00:00+05:30,19.36,19.36,18.44,18.79,4998797
2013-12-17 00:00:00+05:30,18.7,19.09,18.53,18.74,3772045
2013-12-18 00:00:00+05:30,18.53,19.09,18.53,18.83,3370433
2013-12-19 00:00:00+05:30,19.23,19.23,18.61,18.83,4882578
2013-12-20 00:00:00+05:30,18.92,20.41,18.83,20.19,12827341
2013-12-23 00:00:00+05:30,20.32,21.33,20.28,20.85,17333102
2013-12-24 00:00:00+05:30,21.9,21.9,20.85,20.93,17399889
2013-12-26 00:00:00+05:30,21.15,21.81,21.02,21.42,16218887
2013-12-27 00:00:00+05:30,21.42,21.81,21.33,21.5,8146678
2013-12-30 00:00:00+05:30,21.55,21.68,21.15,21.33,3539319
2013-12-31 00:00:00+05:30,21.55,22.16,21.37,21.72,9072602
2014-01-01 00:00:00+05:30,21.77,22.2,21.68,21.77,7095810
2014-01-02 00:00:00+05:30,21.94,22.03,20.23,20.67,10096242
2014-01-03 00:00:00+05:30,20.23,21.02,20.23,20.76,5903417
2014-01-06 00:00:00+05:30,20.76,20.89,20.45,20.54,6017032
2014-01-07 00:00:00+05:30,20.54,20.76,19.75,19.84,7189854
2014-01-08 00:00:00+05:30,20.06,20.36,19.8,19.97,3913475
2014-01-09 00:00:00+05:30,20.06,20.1,19.18,19.31,5819437
2014-01-10 00:00:00+05:30,19.4,19.97,19.01,19.18,8615641
2014-01-13 00:00:00+05:30,19.23,19.88,18.96,19.53,5619625
2014-01-14 00:00:00+05:30,19.53,19.97,19.36,19.66,5095086
2014-01-15 00:00:00+05:30,19.66,20.01,19.58,19.84,9176492
2014-01-16 00:00:00+05:30,19.97,20.19,19.71,19.88,5471444
2014-01-17 00:00:00+05:30,19.62,20.23,19.62,20.1,5763079
2014-01-20 00:00:00+05:30,19.71,20.72,19.71,20.54,6026587
2014-01-21 00:00:00+05:30,20.36,21.07,20.36,20.8,6722479
2014-01-22 00:00:00+05:30,20.8,20.8,20.45,20.54,4776984
2014-01-23 00:00:00+05:30,20.67,20.67,20.15,20.54,4446732
2014-01-24 00:00:00+05:30,20.28,20.45,19.84,20.15,3801146
2014-01-27 00:00:00+05:30,19.71,19.71,17.74,18.0,8094860
2014-01-28 00:00:00+05:30,18.0,18.48,17.52,18.31,6055056
2014-01-29 00:00:00+05:30,18.31,18.66,18.31,18.35,3095410
2014-01-30 00:00:00+05:30,18.17,18.17,16.6,17.12,18714685
2014-01-31 00:00:00+05:30,17.26,17.87,16.99,17.78,6765561
2014-02-03 00:00:00+05:30,17.78,17.78,16.77,17.12,4944221
2014-02-04 00:00:00+05:30,16.64,17.52,16.47,17.3,7504396
2014-02-05 00:00:00+05:30,17.3,17.65,16.86,17.43,3477404
2014-02-06 00:00:00+05:30,17.43,17.65,17.12,17.39,2631712
2014-02-07 00:00:00+05:30,17.47,17.65,17.34,17.52,1697992
2014-02-10 00:00:00+05:30,17.56,17.82,17.34,17.61,2397673
2014-02-11 00:00:00+05:30,17.78,17.78,17.17,17.26,2921624
2014-02-12 00:00:00+05:30,17.17,17.52,16.99,17.3,5305197
2014-02-13 00:00:00+05:30,17.39,17.43,16.82,16.99,2788447
2014-02-14 00:00:00+05:30,16.99,17.3,16.9,17.17,897642
2014-02-17 00:00:00+05:30,17.26,17.39,17.04,17.08,1083720
2014-02-18 00:00:00+05:30,17.08,17.3,16.9,17.08,2102645
2014-02-19 00:00:00+05:30,17.26,17.34,17.08,17.21,1490402
2014-02-20 00:00:00+05:30,17.12,17.56,17.04,17.43,2740950
2014-02-21 00:00:00+05:30,17.56,17.96,17.39,17.82,3240985
2014-02-24 00:00:00+05:30,17.87,18.0,17.56,17.82,3303124
2014-02-25 00:00:00+05:30,17.82,17.87,17.39,17.61,5893426
2014-02-26 00:00:00+05:30,17.43,18.48,17.26,18.04,17937753
2014-02-28 00:00:00+05:30,18.17,18.44,17.96,18.22,4361076
2014-03-03 00:00:00+05:30,18.22,18.35,17.82,17.96,10688849
2014-03-04 00:00:00+05:30,17.96,18.48,17.87,18.22,9018553
2014-03-05 00:00:00+05:30,18.35,18.44,17.96,18.31,2943371
2014-03-06 00:00:00+05:30,18.35,18.53,18.04,18.17,19644357
2014-03-07 00:00:00+05:30,18.39,19.88,18.31,19.14,17475374
2014-03-10 00:00:00+05:30,19.44,19.84,18.7,19.31,27699717
2014-03-11 00:00:00+05:30,19.49,20.23,19.23,19.88,14673472
2014-03-12 00:00:00+05:30,19.84,19.97,19.4,19.71,9764020
2014-03-13 00:00:00+05:30,19.8,19.97,18.13,18.57,5523171
2014-03-14 00:00:00+05:30,18.48,19.18,17.96,18.96,7730026
2014-03-18 00:00:00+05:30,18.96,19.36,18.74,19.23,6179706
2014-03-19 00:00:00+05:30,19.27,19.27,18.92,19.14,3921746
2014-03-20 00:00:00+05:30,18.96,19.31,18.7,18.92,3954862
2014-03-21 00:00:00+05:30,19.18,19.27,18.88,18.96,3020437
2014-03-22 00:00:00+05:30,19.09,19.27,18.96,19.09,352768
2014-03-24 00:00:00+05:30,19.09,19.31,18.96,19.27,4202200
2014-03-25 00:00:00+05:30,19.18,19.27,18.92,19.05,3605878
2014-03-26 00:00:00+05:30,19.01,19.53,18.83,19.05,6619918
2014-03-27 00:00:00+05:30,19.05,19.27,18.44,18.66,13574298
2014-03-28 00:00:00+05:30,19.01,19.09,18.66,18.92,5005216
2014-03-31 00:00:00+05:30,19.88,20.01,18.92,19.14,9680028
2014-04-01 00:00:00+05:30,19.49,20.06,18.92,19.75,6095491
2014-04-02 00:00:00+05:30,20.06,20.58,19.44,20.5,8289009
2014-04-03 00:00:00+05:30,20.76,20.76,19.84,20.23,8035912
2014-04-04 00:00:00+05:30,20.28,20.63,20.01,20.32,6699278
2014-04-07 00:00:00+05:30,20.98,21.59,20.19,21.46,16180490
2014-04-09 00:00:00+05:30,21.46,22.77,21.37,22.69,19337629
2014-04-10 00:00:00+05:30,22.73,23.52,22.16,22.51,16436942
2014-04-11 00:00:00+05:30,22.42,22.95,22.12,22.55,8216299
2014-04-15 00:00:00+05:30,22.55,22.77,21.81,22.16,5447333
2014-04-16 00:00:00+05:30,22.16,22.34,20.89,21.15,5545361
2014-04-17 00:00:00+05:30,21.28,22.51,21.07,22.25,7579162
2014-04-21 00:00:00+05:30,22.42,22.69,22.25,22.42,4512724
2014-04-22 00:00:00+05:30,22.29,22.73,21.9,22.12,6973658
2014-04-23 00:00:00+05:30,22.34,22.55,21.99,22.25,14228130
2014-04-25 00:00:00+05:30,22.25,22.69,21.81,22.51,9303543
2014-04-28 00:00:00+05:30,22.64,23.56,22.42,23.08,13685632
2014-04-29 00:00:00+05:30,22.86,22.99,22.03,22.25,15810512
2014-04-30 00:00:00+05:30,22.47,22.86,21.11,21.77,12744150
2014-05-02 00:00:00+05:30,22.47,22.47,21.77,22.03,6611843
2014-05-05 00:00:00+05:30,22.07,22.29,21.77,21.9,3648877
2014-05-06 00:00:00+05:30,21.99,22.2,21.63,22.07,3949793
2014-05-07 00:00:00+05:30,21.99,22.25,21.81,21.94,3907543
2014-05-08 00:00:00+05:30,21.99,22.25,21.81,21.94,4884522
2014-05-09 00:00:00+05:30,21.9,22.64,21.85,22.51,6735937
2014-05-12 00:00:00+05:30,22.51,23.3,22.42,22.99,12245906
2014-05-13 00:00:00+05:30,23.3,26.28,23.04,25.23,38413927
2014-05-14 00:00:00+05:30,25.49,26.19,24.66,25.01,24363615
2014-05-15 00:00:00+05:30,24.96,25.66,24.04,24.44,18777227
2014-05-16 00:00:00+05:30,25.4,26.19,24.22,24.74,51038013
2014-05-19 00:00:00+05:30,25.31,29.69,24.96,29.17,52477693
2014-05-20 00:00:00+05:30,30.66,30.74,28.47,28.73,55350570
2014-05-21 00:00:00+05:30,28.9,29.43,27.2,29.08,22714970
2014-05-22 00:00:00+05:30,29.43,31.01,28.99,29.82,31860438
2014-05-23 00:00:00+05:30,30.44,31.18,30.13,31.01,23364481
2014-05-26 00:00:00+05:30,31.53,33.28,28.16,29.87,47247581
2014-05-27 00:00:00+05:30,29.82,30.13,27.85,29.26,38970700
2014-05-28 00:00:00+05:30,29.43,29.87,28.55,29.47,22440059
2014-05-29 00:00:00+05:30,29.34,30.04,28.9,29.17,12974417
2014-05-30 00:00:00+05:30,29.61,30.79,28.9,29.21,29911082
2014-06-02 00:00:00+05:30,29.78,30.57,29.3,29.87,26234413
2014-06-03 00:00:00+05:30,29.96,31.44,29.96,31.14,26968292
2014-06-04 00:00:00+05:30,31.14,31.4,29.91,30.48,32978265
2014-06-05 00:00:00+05:30,30.61,31.58,30.13,31.01,46737052
2014-06-06 00:00:00+05:30,31.36,31.53,30.39,30.7,37166447
2014-06-09 00:00:00+05:30,31.01,32.15,30.04,31.84,54496384
2014-06-10 00:00:00+05:30,32.32,33.5,30.96,32.98,66568655
2014-06-11 00:00:00+05:30,33.28,33.5,30.88,31.23,43873132
2014-06-12 00:00:00+05:30,31.23,31.53,30.26,30.96,19010873
2014-06-13 00:00:00+05:30,30.7,31.18,28.16,29.04,23548444
2014-06-16 00:00:00+05:30,28.73,29.3,26.98,29.08,25691797
2014-06-17 00:00:00+05:30,29.34,30.09,28.9,30.0,19319559
2014-06-18 00:00:00+05:30,29.69,30.39,28.03,28.77,21033339
2014-06-19 00:00:00+05:30,28.95,30.13,28.42,28.77,59975101
2014-06-20 00:00:00+05:30,29.08,29.3,28.34,28.47,24181960
2014-06-23 00:00:00+05:30,28.2,28.73,27.81,27.94,15315223
2014-06-24 00:00:00+05:30,27.99,29.21,27.99,29.08,32837023
2014-06-25 00:00:00+05:30,29.12,29.39,29.04,29.26,14486279
2014-06-26 00:00:00+05:30,29.43,29.78,28.55,28.86,30638011
2014-06-27 00:00:00+05:30,29.12,29.91,28.47,29.65,28171499
2014-06-30 00:00:00+05:30,29.78,30.35,29.74,30.17,25947907
2014-07-01 00:00:00+05:30,30.26,30.48,29.82,30.22,13348791
2014-07-02 00:00:00+05:30,30.48,30.57,29.3,29.56,45156448
2014-07-03 00:00:00+05:30,29.69,29.74,26.98,27.28,78324052
2014-07-04 00:00:00+05:30,27.46,27.99,27.15,27.77,31604274
2014-07-07 00:00:00+05:30,27.94,28.2,27.42,27.55,16265073
2014-07-08 00:00:00+05:30,27.63,27.72,24.83,25.23,32077010
2014-07-09 00:00:00+05:30,25.23,25.84,22.86,24.74,64104017
2014-07-10 00:00:00+05:30,24.88,26.63,23.65,24.92,49343075
2014-07-11 00:00:00+05:30,24.96,25.49,22.55,22.86,63156440
2014-07-14 00:00:00+05:30,22.82,23.65,22.47,23.17,30565812
2014-07-15 00:00:00+05:30,23.61,24.17,23.43,23.82,38664130
2014-07-16 00:00:00+05:30,24.22,24.66,24.09,24.48,51762399
2014-07-17 00:00:00+05:30,24.57,24.92,23.69,24.0,27827956
2014-07-18 00:00:00+05:30,23.96,23.96,22.95,23.08,49226707
2014-07-21 00:00:00+05:30,23.34,23.56,22.9,23.04,19163658
2014-07-22 00:00:00+05:30,23.17,23.34,22.34,22.51,21723721
2014-07-23 00:00:00+05:30,22.73,23.65,22.64,23.17,50075070
2014-07-24 00:00:00+05:30,23.26,23.47,22.55,22.69,25811971
2014-07-25 00:00:00+05:30,22.69,22.86,21.55,22.2,53579903
2014-07-28 00:00:00+05:30,21.99,22.29,21.85,22.12,30167906
2014-07-30 00:00:00+05:30,21.9,22.9,21.77,22.64,26823027
2014-07-31 00:00:00+05:30,22.69,23.78,22.69,23.43,114655538
2014-08-01 00:00:00+05:30,23.34,26.15,23.21,25.14,122765119
2014-08-04 00:00:00+05:30,25.62,25.84,25.01,25.53,35289660
2014-08-05 00:00:00+05:30,25.49,25.58,24.53,25.14,34405467
2014-08-06 00:00:00+05:30,24.96,25.58,24.09,24.35,26844582
2014-08-07 00:00:00+05:30,24.44,24.7,23.65,23.87,23403957
2014-08-08 00:00:00+05:30,23.61,23.61,22.64,22.77,18184444
2014-08-11 00:00:00+05:30,23.17,23.34,22.12,22.38,27671513
2014-08-12 00:00:00+05:30,22.55,22.82,22.03,22.16,31016901
2014-08-13 00:00:00+05:30,22.07,22.16,21.02,21.81,54984025
2014-08-14 00:00:00+05:30,21.81,22.55,21.11,22.38,36166839
2014-08-18 00:00:00+05:30,22.07,23.21,21.99,23.08,23129333
2014-08-19 00:00:00+05:30,23.17,23.74,22.99,23.61,26624331
2014-08-20 00:00:00+05:30,23.52,23.69,22.86,22.99,19891447
2014-08-21 00:00:00+05:30,22.86,23.52,22.38,22.64,22389219
2014-08-22 00:00:00+05:30,22.73,22.86,21.63,21.94,23563767
2014-08-25 00:00:00+05:30,22.07,22.6,21.42,21.9,32239618
2014-08-26 00:00:00+05:30,21.72,22.47,21.55,22.03,25167206
2014-08-28 00:00:00+05:30,22.12,22.51,21.5,22.2,45254344
2014-09-01 00:00:00+05:30,22.38,22.69,22.2,22.6,16881623
2014-09-02 00:00:00+05:30,22.55,23.47,22.47,23.39,27242833
2014-09-03 00:00:00+05:30,23.61,23.82,23.12,23.21,18531608
2014-09-04 00:00:00+05:30,23.21,23.21,21.15,21.77,33651871
2014-09-05 00:00:00+05:30,21.94,21.99,20.23,21.5,57587650
2014-09-08 00:00:00+05:30,22.07,22.07,21.42,21.85,21375572
2014-09-09 00:00:00+05:30,21.81,22.34,21.5,22.2,19295452
2014-09-10 00:00:00+05:30,22.12,22.51,21.81,21.94,15373089
2014-09-11 00:00:00+05:30,21.81,22.29,21.68,22.03,14577472
2014-09-12 00:00:00+05:30,22.42,22.6,21.9,22.07,16545136
2014-09-15 00:00:00+05:30,21.77,21.99,21.59,21.77,9088358
2014-09-16 00:00:00+05:30,21.9,22.03,19.14,19.49,55857184
2014-09-17 00:00:00+05:30,19.71,19.88,18.74,19.58,33305576
2014-09-18 00:00:00+05:30,20.06,20.5,19.66,20.1,27282394
2014-09-19 00:00:00+05:30,20.23,20.54,19.62,20.15,19449931
2014-09-22 00:00:00+05:30,20.19,20.19,19.62,19.84,11573843
2014-09-23 00:00:00+05:30,20.1,20.1,18.96,19.09,18652694
2014-09-24 00:00:00+05:30,18.96,19.27,16.38,16.9,50246135
2014-09-25 00:00:00+05:30,16.9,17.12,15.33,16.25,90117550
2014-09-26 00:00:00+05:30,16.38,17.08,16.25,16.9,27675381
2014-09-29 00:00:00+05:30,17.08,17.26,15.99,16.16,36315611
2014-09-30 00:00:00+05:30,16.12,16.29,15.02,15.37,66735966
2014-10-01 00:00:00+05:30,15.46,15.9,15.33,15.59,38526725
2014-10-07 00:00:00+05:30,15.46,17.87,15.46,17.39,58102089
2014-10-08 00:00:00+05:30,17.47,17.74,16.99,17.52,28084480
2014-10-09 00:00:00+05:30,17.61,18.83,17.61,18.44,27205298
2014-10-10 00:00:00+05:30,18.04,19.71,17.87,19.14,40094007
2014-10-13 00:00:00+05:30,19.14,19.44,18.66,19.23,17153930
2014-10-14 00:00:00+05:30,19.05,19.58,19.05,19.31,14885082
2014-10-16 00:00:00+05:30,19.09,19.27,17.43,17.78,44357719
2014-10-17 00:00:00+05:30,18.22,18.53,17.96,18.39,25567223
2014-10-20 00:00:00+05:30,18.74,19.23,18.44,19.09,29218704
2014-10-21 00:00:00+05:30,19.01,19.27,18.44,18.7,23615611
2014-10-22 00:00:00+05:30,18.96,19.18,18.48,18.7,22379560
2014-10-23 00:00:00+05:30,18.79,18.79,18.48,18.74,2710465
2014-10-27 00:00:00+05:30,18.79,18.88,17.78,17.96,20913197
2014-10-28 00:00:00+05:30,18.04,18.17,17.87,18.04,8367977
2014-10-29 00:00:00+05:30,18.35,18.44,18.13,18.26,14728580
2014-10-30 00:00:00+05:30,18.31,18.74,17.87,18.48,32666601
2014-10-31 00:00:00+05:30,18.7,19.14,18.57,18.96,22596219
2014-11-03 00:00:00+05:30,19.31,19.93,19.18,19.8,25816840
2014-11-05 00:00:00+05:30,20.1,20.32,19.58,19.71,18799604
2014-11-07 00:00:00+05:30,19.8,19.97,18.7,18.79,18145773
2014-11-10 00:00:00+05:30,19.01,19.01,17.78,17.96,16586659
2014-11-11 00:00:00+05:30,18.13,18.17,17.43,17.82,27822034
2014-11-12 00:00:00+05:30,17.91,18.0,17.47,17.56,12670830
2014-11-13 00:00:00+05:30,17.61,17.91,17.21,17.56,19520373
2014-11-14 00:00:00+05:30,17.61,17.78,17.34,17.61,16347884
2014-11-17 00:00:00+05:30,17.43,17.91,16.95,17.78,32122818
2014-11-18 00:00:00+05:30,17.65,18.13,17.65,17.96,17981521
2014-11-19 00:00:00+05:30,17.87,18.31,17.52,17.91,20191108
2014-11-20 00:00:00+05:30,18.04,18.13,17.47,17.61,11565720
2014-11-21 00:00:00+05:30,17.61,17.96,17.43,17.69,12740364
2014-11-24 00:00:00+05:30,17.65,17.87,17.52,17.56,6724662
2014-11-25 00:00:00+05:30,17.39,17.91,16.86,17.61,20282642
2014-11-26 00:00:00+05:30,18.31,18.31,17.56,17.65,15159953
2014-11-27 00:00:00+05:30,17.69,17.74,17.26,17.39,33730073
2014-11-28 00:00:00+05:30,17.39,17.43,16.69,16.99,27375421
2014-12-01 00:00:00+05:30,16.82,17.08,16.42,16.69,25887490
2014-12-02 00:00:00+05:30,16.55,16.64,15.81,16.12,28490983
2014-12-03 00:00:00+05:30,15.99,16.9,15.99,16.6,50595471
2014-12-04 00:00:00+05:30,16.64,16.95,16.42,16.86,20051929
2014-12-05 00:00:00+05:30,16.9,17.34,16.69,17.21,22681670
2014-12-08 00:00:00+05:30,17.08,17.43,16.51,16.69,20465011
2014-12-09 00:00:00+05:30,16.69,16.99,16.42,16.86,18006675
2014-12-10 00:00:00+05:30,16.73,16.95,16.55,16.86,21441936
2014-12-11 00:00:00+05:30,16.73,16.86,16.34,16.6,22330607
2014-12-12 00:00:00+05:30,16.69,16.77,15.55,15.81,19655962
2014-12-15 00:00:00+05:30,15.68,15.68,14.8,14.93,25275415
2014-12-16 00:00:00+05:30,14.85,15.15,12.96,14.36,57650563
2014-12-17 00:00:00+05:30,14.45,14.85,14.1,14.32,40416631
2014-12-18 00:00:00+05:30,14.58,15.11,14.54,14.89,21807181
2014-12-19 00:00:00+05:30,15.59,15.59,14.58,14.76,22955211
2014-12-22 00:00:00+05:30,14.67,14.98,14.58,14.89,18551444
2014-12-23 00:00:00+05:30,15.02,15.2,14.63,15.15,28702139
2014-12-24 00:00:00+05:30,15.07,15.42,14.45,14.63,53987724
2014-12-26 00:00:00+05:30,14.67,14.93,14.54,14.8,12120016
2014-12-29 00:00:00+05:30,14.98,15.11,14.76,14.89,11724615
2014-12-30 00:00:00+05:30,14.89,15.11,14.67,14.89,11656342
2014-12-31 00:00:00+05:30,14.85,15.07,14.72,15.02,10020305
2015-01-01 00:00:00+05:30,14.93,15.9,14.93,15.77,17061961
2015-01-02 00:00:00+05:30,15.9,16.03,15.63,15.81,13423816
2015-01-05 00:00:00+05:30,15.68,16.16,15.68,15.72,10606817
2015-01-06 00:00:00+05:30,15.68,15.77,15.07,15.2,16064485
2015-01-07 00:00:00+05:30,15.11,15.33,14.72,14.85,17580078
2015-01-08 00:00:00+05:30,14.89,15.2,14.85,14.98,12203564
2015-01-09 00:00:00+05:30,15.07,15.46,15.02,15.07,18442064
2015-01-12 00:00:00+05:30,15.11,15.24,14.98,15.11,11834893
2015-01-13 00:00:00+05:30,15.07,15.24,14.54,14.76,19171960
2015-01-14 00:00:00+05:30,14.72,14.85,14.32,14.45,18012281
2015-01-15 00:00:00+05:30,14.89,15.37,14.89,15.24,45439728
2015-01-16 00:00:00+05:30,15.15,15.2,14.89,14.93,17367978
2015-01-19 00:00:00+05:30,15.07,15.2,14.76,14.8,14258186
2015-01-20 00:00:00+05:30,14.89,14.98,14.67,14.8,14532156
2015-01-21 00:00:00+05:30,14.8,14.85,14.63,14.67,11723194
2015-01-22 00:00:00+05:30,14.67,15.24,14.63,14.85,24251572
2015-01-23 00:00:00+05:30,15.07,15.15,14.45,14.72,20254475
2015-01-27 00:00:00+05:30,14.89,14.89,14.5,14.58,20451028
2015-01-28 00:00:00+05:30,15.07,15.07,14.63,14.76,15615676
2015-01-29 00:00:00+05:30,14.76,15.28,14.58,15.15,31635217
2015-01-30 00:00:00+05:30,15.33,17.17,15.2,16.9,62154992
2015-02-02 00:00:00+05:30,16.99,18.09,16.77,17.52,32775284
2015-02-03 00:00:00+05:30,17.65,17.65,16.29,16.77,32140401
2015-02-04 00:00:00+05:30,16.73,17.65,16.42,17.08,27114938
2015-02-05 00:00:00+05:30,17.17,17.26,15.02,15.85,19347698
2015-02-06 00:00:00+05:30,15.63,15.99,15.07,15.46,17027155
2015-02-09 00:00:00+05:30,15.42,15.55,14.8,14.85,12605423
2015-02-10 00:00:00+05:30,14.8,15.28,14.36,14.63,16383182
2015-02-11 00:00:00+05:30,14.76,15.9,14.67,15.77,20714429
2015-02-12 00:00:00+05:30,15.94,16.55,15.59,16.12,21214245
2015-02-13 00:00:00+05:30,16.16,16.55,15.68,16.12,18669696
2015-02-16 00:00:00+05:30,16.2,16.55,15.9,16.03,22494646
2015-02-18 00:00:00+05:30,16.03,16.73,15.94,16.29,21371510
2015-02-19 00:00:00+05:30,16.29,16.55,15.42,16.16,19044400
2015-02-20 00:00:00+05:30,16.29,16.47,16.07,16.2,10744069
2015-02-23 00:00:00+05:30,16.38,16.6,15.81,15.99,14438691
2015-02-24 00:00:00+05:30,16.07,16.16,15.68,15.77,12573943
2015-02-25 00:00:00+05:30,15.77,15.94,15.55,15.72,21486107
2015-02-26 00:00:00+05:30,15.85,16.12,15.68,15.77,20591958
2015-02-27 00:00:00+05:30,15.94,17.3,15.85,17.17,43957401
2015-02-28 00:00:00+05:30,17.47,18.13,15.63,16.42,72627601
2015-03-02 00:00:00+05:30,16.64,16.77,15.28,15.5,39630506
2015-03-03 00:00:00+05:30,15.63,15.77,15.15,15.28,25993452
2015-03-04 00:00:00+05:30,15.63,15.77,14.98,15.07,23985618
2015-03-05 00:00:00+05:30,15.11,15.55,15.11,15.46,19120791
2015-03-09 00:00:00+05:30,15.5,15.55,15.07,15.2,19248595
2015-03-10 00:00:00+05:30,15.24,15.42,14.58,14.72,22391608
2015-03-11 00:00:00+05:30,15.13,15.13,14.81,14.94,18139705
2015-03-12 00:00:00+05:30,14.99,15.31,14.94,15.22,10456643
2015-03-13 00:00:00+05:30,15.35,15.44,14.72,14.81,10927321
2015-03-16 00:00:00+05:30,14.76,14.9,14.45,14.72,12960774
2015-03-17 00:00:00+05:30,14.85,14.94,14.4,14.45,25286140
2015-03-18 00:00:00+05:30,14.49,14.54,14.04,14.13,17132710
2015-03-19 00:00:00+05:30,14.36,14.36,13.41,13.54,22672540
2015-03-20 00:00:00+05:30,13.54,13.77,13.23,13.41,41432209
2015-03-23 00:00:00+05:30,13.5,14.09,13.23,13.77,19417123
2015-03-24 00:00:00+05:30,13.91,14.0,13.68,13.86,11798578
2015-03-25 00:00:00+05:30,14.0,14.18,13.73,13.82,17891613
2015-03-26 00:00:00+05:30,13.86,14.0,13.68,13.77,24469809
2015-03-27 00:00:00+05:30,13.82,14.18,13.68,14.04,17320777
2015-03-30 00:00:00+05:30,14.27,14.31,14.04,14.22,12629500
2015-03-31 00:00:00+05:30,14.27,15.31,14.13,14.99,32313463
2015-04-01 00:00:00+05:30,14.99,15.31,14.72,15.22,15677846
2015-04-06 00:00:00+05:30,15.31,15.4,14.81,15.26,17092600
2015-04-07 00:00:00+05:30,15.44,16.07,15.03,15.98,26376801
2015-04-08 00:00:00+05:30,16.07,16.25,15.58,15.67,23261207
2015-04-09 00:00:00+05:30,15.76,15.94,15.53,15.62,8518816
2015-04-10 00:00:00+05:30,15.76,17.11,15.58,16.98,39770094
2015-04-13 00:00:00+05:30,16.98,17.38,16.48,16.8,22340306
2015-04-15 00:00:00+05:30,16.75,17.07,15.8,16.21,15712846
2015-04-16 00:00:00+05:30,16.25,16.39,15.85,15.98,10722896
2015-04-17 00:00:00+05:30,16.03,16.12,15.44,15.53,10164519
2015-04-20 00:00:00+05:30,14.76,15.4,14.63,14.9,19716379
2015-04-21 00:00:00+05:30,15.03,15.13,14.45,14.54,16468854
2015-04-22 00:00:00+05:30,14.63,14.76,14.09,14.54,29379467
2015-04-23 00:00:00+05:30,14.81,14.85,14.18,14.22,17050475
2015-04-24 00:00:00+05:30,14.36,14.36,13.64,13.77,20991354
2015-04-27 00:00:00+05:30,13.82,13.95,13.41,13.45,19217238
2015-04-28 00:00:00+05:30,13.5,13.77,13.27,13.59,23130799
2015-04-29 00:00:00+05:30,13.68,13.82,13.54,13.64,12472431
2015-04-30 00:00:00+05:30,13.64,13.68,13.23,13.32,58162096
2015-05-04 00:00:00+05:30,13.41,14.45,13.32,14.4,29400741
2015-05-05 00:00:00+05:30,14.4,14.4,13.86,14.0,18351326
2015-05-06 00:00:00+05:30,13.91,14.0,13.32,13.36,22322404
2015-05-07 00:00:00+05:30,13.36,13.54,13.0,13.27,30963000
2015-05-08 00:00:00+05:30,13.54,13.82,13.41,13.54,15128615
2015-05-11 00:00:00+05:30,13.77,14.0,13.59,13.73,10914247
2015-05-12 00:00:00+05:30,13.95,14.0,13.45,13.5,14228074
2015-05-13 00:00:00+05:30,13.73,13.95,13.54,13.68,26079545
2015-05-14 00:00:00+05:30,13.54,13.91,13.45,13.64,20652092
2015-05-15 00:00:00+05:30,13.77,13.82,13.45,13.5,7858152
2015-05-18 00:00:00+05:30,13.59,13.86,13.59,13.64,8686450
2015-05-19 00:00:00+05:30,13.73,13.82,13.45,13.54,12400694
2015-05-20 00:00:00+05:30,13.54,13.73,13.41,13.45,9684171
2015-05-21 00:00:00+05:30,13.54,13.59,13.05,13.14,18689629
2015-05-22 00:00:00+05:30,13.23,13.27,12.82,12.91,11301016
2015-05-25 00:00:00+05:30,12.91,13.27,12.73,13.09,12952442
2015-05-26 00:00:00+05:30,13.05,13.41,13.0,13.09,11011668
2015-05-27 00:00:00+05:30,13.0,13.14,12.91,12.91,11453231
2015-05-28 00:00:00+05:30,13.0,13.27,12.69,13.05,20386627
2015-05-29 00:00:00+05:30,13.14,13.32,12.69,12.78,19993406
2015-06-01 00:00:00+05:30,12.78,12.96,12.69,12.87,11441934
2015-06-02 00:00:00+05:30,12.87,12.87,12.24,12.28,13946288
2015-06-03 00:00:00+05:30,12.42,12.64,9.84,11.69,56188493
2015-06-04 00:00:00+05:30,11.87,12.01,11.11,11.78,19068665
2015-06-05 00:00:00+05:30,11.74,11.92,11.47,11.78,9899055
2015-06-08 00:00:00+05:30,11.74,11.83,11.24,11.65,10189289
2015-06-09 00:00:00+05:30,11.65,11.74,11.24,11.65,8963886
2015-06-10 00:00:00+05:30,11.6,11.96,11.56,11.74,7969947
2015-06-11 00:00:00+05:30,11.78,12.05,11.2,11.29,15618612
2015-06-12 00:00:00+05:30,11.42,11.56,10.79,11.33,15499917
2015-06-15 00:00:00+05:30,11.38,11.65,11.2,11.56,9512890
2015-06-16 00:00:00+05:30,11.65,11.78,11.42,11.69,9761077
2015-06-17 00:00:00+05:30,11.69,11.78,11.47,11.6,9216801
2015-06-18 00:00:00+05:30,11.56,11.74,11.56,11.69,7014349
2015-06-19 00:00:00+05:30,11.74,12.15,11.69,12.01,6265053
2015-06-22 00:00:00+05:30,12.05,13.27,12.05,13.09,20049761
2015-06-23 00:00:00+05:30,13.14,13.32,12.64,12.87,12370970
2015-06-24 00:00:00+05:30,13.09,13.27,12.55,12.64,18337966
2015-06-25 00:00:00+05:30,12.6,14.0,12.42,13.77,40250849
2015-06-26 00:00:00+05:30,13.77,13.91,12.91,13.14,25932630
2015-06-29 00:00:00+05:30,12.51,12.73,12.24,12.64,12235419
2015-06-30 00:00:00+05:30,12.64,12.82,12.33,12.64,12806073
2015-07-01 00:00:00+05:30,12.64,13.36,12.64,13.27,16832751
2015-07-02 00:00:00+05:30,13.27,13.41,13.05,13.18,10821846
2015-07-03 00:00:00+05:30,13.09,13.23,12.87,12.96,9440853
2015-07-06 00:00:00+05:30,12.69,13.18,12.46,13.09,11840450
2015-07-07 00:00:00+05:30,13.09,13.27,12.91,13.09,7045907
2015-07-08 00:00:00+05:30,12.96,12.96,12.51,12.82,11502772
2015-07-09 00:00:00+05:30,12.91,12.96,12.69,12.87,5053775
2015-07-10 00:00:00+05:30,13.09,13.09,12.69,12.82,6742006
2015-07-13 00:00:00+05:30,12.87,13.36,12.78,13.32,6450461
2015-07-14 00:00:00+05:30,13.5,13.77,13.36,13.41,12804785
2015-07-15 00:00:00+05:30,13.41,13.59,13.23,13.45,4811984
2015-07-16 00:00:00+05:30,13.45,13.64,13.41,13.59,6528697
2015-07-17 00:00:00+05:30,13.64,13.86,13.36,13.64,11969000
2015-07-20 00:00:00+05:30,13.68,13.77,13.41,13.54,3821164
2015-07-21 00:00:00+05:30,13.32,13.5,12.78,12.91,8241737
2015-07-22 00:00:00+05:30,13.0,13.18,12.78,13.05,14755423
2015-07-23 00:00:00+05:30,13.0,14.0,12.91,13.73,16646539
2015-07-24 00:00:00+05:30,13.82,13.86,13.14,13.18,5119380
2015-07-27 00:00:00+05:30,13.14,13.64,12.51,12.64,11932480
2015-07-28 00:00:00+05:30,12.69,12.87,12.33,12.42,9086049
2015-07-29 00:00:00+05:30,12.51,12.73,11.96,12.1,12240246
2015-07-30 00:00:00+05:30,12.15,13.27,12.1,12.91,27262949
2015-07-31 00:00:00+05:30,12.96,13.0,12.46,12.64,9541675
2015-08-03 00:00:00+05:30,12.64,13.23,12.64,12.87,11192131
2015-08-04 00:00:00+05:30,12.91,12.96,12.55,12.64,5956483
2015-08-05 00:00:00+05:30,12.69,13.14,12.64,12.73,12357969
2015-08-06 00:00:00+05:30,12.82,12.91,12.55,12.69,7149339
2015-08-07 00:00:00+05:30,12.64,12.78,12.55,12.6,4980179
2015-08-10 00:00:00+05:30,12.55,12.78,12.37,12.42,4869757
2015-08-11 00:00:00+05:30,12.51,12.64,12.1,12.24,7195417
2015-08-12 00:00:00+05:30,12.19,12.28,11.92,12.01,10771464
2015-08-13 00:00:00+05:30,12.1,12.19,11.38,11.65,15141765
2015-08-14 00:00:00+05:30,11.92,12.19,11.74,11.92,10422373
2015-08-17 00:00:00+05:30,12.01,12.1,11.56,11.65,5570137
2015-08-18 00:00:00+05:30,11.65,11.87,11.65,11.69,4723941
2015-08-19 00:00:00+05:30,11.69,11.83,11.51,11.69,5404712
2015-08-20 00:00:00+05:30,11.65,11.69,11.38,11.42,8454648
2015-08-21 00:00:00+05:30,11.29,11.38,10.97,11.33,10823164
2015-08-24 00:00:00+05:30,10.84,10.97,9.12,9.75,34682871
2015-08-25 00:00:00+05:30,10.02,10.56,8.85,10.2,41046813
2015-08-26 00:00:00+05:30,10.2,10.97,9.89,10.79,30339325
2015-08-27 00:00:00+05:30,11.2,11.2,10.47,11.06,26750273
2015-08-28 00:00:00+05:30,11.2,11.33,10.43,10.52,13546890
2015-08-31 00:00:00+05:30,10.61,10.88,10.25,10.52,7545489
2015-09-01 00:00:00+05:30,10.43,10.52,9.98,10.2,7172871
2015-09-02 00:00:00+05:30,10.34,10.43,9.93,10.11,7345977
2015-09-03 00:00:00+05:30,10.11,10.38,10.02,10.11,15534088
2015-09-04 00:00:00+05:30,10.11,10.38,8.85,10.07,26454632
2015-09-07 00:00:00+05:30,10.25,10.25,9.53,9.93,11468127
2015-09-08 00:00:00+05:30,9.93,10.47,9.75,10.34,10239337
2015-09-09 00:00:00+05:30,10.61,11.06,10.47,10.93,7581634
2015-09-10 00:00:00+05:30,10.75,10.93,10.43,10.88,7240254
2015-09-11 00:00:00+05:30,10.93,11.06,10.75,10.93,10504928
2015-09-14 00:00:00+05:30,10.93,11.47,10.88,11.24,16777238
2015-09-15 00:00:00+05:30,11.29,11.33,11.06,11.15,7212876
2015-09-16 00:00:00+05:30,11.2,11.38,11.06,11.06,2665117
2015-09-18 00:00:00+05:30,11.38,11.65,11.11,11.29,10271471
2015-09-21 00:00:00+05:30,11.29,11.92,11.06,11.78,6942075
2015-09-22 00:00:00+05:30,11.96,12.01,11.38,11.51,7213467
2015-09-23 00:00:00+05:30,11.38,12.51,11.24,12.15,15128095
2015-09-24 00:00:00+05:30,11.74,12.19,11.69,11.83,23318578
2015-09-28 00:00:00+05:30,11.92,12.28,11.78,11.87,10744062
2015-09-29 00:00:00+05:30,11.74,12.33,11.56,12.01,12540327
2015-09-30 00:00:00+05:30,12.01,12.33,12.01,12.24,11207323
2015-10-01 00:00:00+05:30,12.24,12.46,11.87,11.92,8266827
2015-10-05 00:00:00+05:30,12.01,12.37,11.96,12.33,10121232
2015-10-06 00:00:00+05:30,12.42,12.6,12.15,12.24,7622972
2015-10-07 00:00:00+05:30,12.28,12.91,12.1,12.64,19082066
2015-10-08 00:00:00+05:30,12.73,13.09,12.42,12.6,13276275
2015-10-09 00:00:00+05:30,12.82,12.82,12.28,12.37,11501437
2015-10-12 00:00:00+05:30,12.78,12.78,12.24,12.42,17387506
2015-10-13 00:00:00+05:30,12.42,12.51,12.19,12.24,12113971
2015-10-14 00:00:00+05:30,12.28,12.6,12.19,12.24,11032508
2015-10-15 00:00:00+05:30,12.42,12.64,12.37,12.42,8920082
2015-10-16 00:00:00+05:30,12.46,12.6,12.37,12.46,8035008
2015-10-19 00:00:00+05:30,12.51,12.6,12.37,12.46,7848437
2015-10-20 00:00:00+05:30,12.51,13.32,12.46,12.64,32183817
2015-10-21 00:00:00+05:30,12.73,12.82,11.92,12.24,15141006
2015-10-23 00:00:00+05:30,12.37,12.51,11.92,12.01,14211641
2015-10-26 00:00:00+05:30,12.19,12.28,11.83,11.92,8268660
2015-10-27 00:00:00+05:30,11.83,12.42,11.74,12.24,32392301
2015-10-28 00:00:00+05:30,12.1,12.28,11.83,11.96,33685940
2015-10-29 00:00:00+05:30,12.01,12.24,11.83,11.92,44139391
2015-10-30 00:00:00+05:30,12.01,12.28,11.69,11.83,12526475
2015-11-02 00:00:00+05:30,11.78,11.92,11.47,11.51,8815978
2015-11-03 00:00:00+05:30,11.6,11.74,11.42,11.47,6400881
2015-11-04 00:00:00+05:30,11.56,11.65,11.33,11.38,3908087
2015-11-05 00:00:00+05:30,11.29,11.42,10.84,10.88,11931477
2015-11-06 00:00:00+05:30,10.84,11.02,10.52,10.66,20401463
2015-11-09 00:00:00+05:30,10.34,10.84,10.11,10.79,6176936
2015-11-10 00:00:00+05:30,10.79,10.88,10.47,10.52,5218371
2015-11-11 00:00:00+05:30,10.61,10.79,10.61,10.75,1433904
2015-11-13 00:00:00+05:30,10.7,10.93,10.56,10.75,4542225
2015-11-16 00:00:00+05:30,11.11,12.28,11.02,12.1,35900959
2015-11-17 00:00:00+05:30,12.1,12.6,11.92,12.01,23160271
2015-11-18 00:00:00+05:30,12.19,13.41,12.05,12.87,69522815
2015-11-19 00:00:00+05:30,13.54,13.59,12.87,13.0,31229139
2015-11-20 00:00:00+05:30,13.09,13.32,12.6,12.73,23890360
2015-11-23 00:00:00+05:30,12.87,12.91,12.64,12.78,10138601
2015-11-24 00:00:00+05:30,12.87,13.54,12.73,13.41,51540891
2015-11-26 00:00:00+05:30,13.5,14.49,13.36,14.22,74373668
2015-11-27 00:00:00+05:30,14.13,15.03,13.95,14.27,79576394
2015-11-30 00:00:00+05:30,14.36,15.22,14.27,14.94,53264003
2015-12-01 00:00:00+05:30,15.13,15.44,14.67,14.85,29157342
2015-12-02 00:00:00+05:30,15.03,16.12,14.94,15.94,62608237
2015-12-03 00:00:00+05:30,16.07,16.75,15.85,16.34,64205119
2015-12-04 00:00:00+05:30,16.48,16.57,13.41,13.95,129628953
2015-12-07 00:00:00+05:30,14.63,15.13,14.09,14.63,83877233
2015-12-08 00:00:00+05:30,14.63,14.85,13.59,13.86,57676278
2015-12-09 00:00:00+05:30,13.68,13.91,13.23,13.5,46119332
2015-12-10 00:00:00+05:30,13.73,14.4,13.32,14.27,49553334
2015-12-11 00:00:00+05:30,14.36,14.49,13.41,13.68,38365536
2015-12-14 00:00:00+05:30,13.73,14.22,13.41,13.68,41360477
2015-12-15 00:00:00+05:30,13.77,13.82,13.36,13.54,24061163
2015-12-16 00:00:00+05:30,13.77,13.91,13.41,13.54,29190187
2015-12-17 00:00:00+05:30,13.77,14.09,13.59,14.0,21992803
2015-12-18 00:00:00+05:30,13.91,14.0,13.64,13.73,21137437
2015-12-21 00:00:00+05:30,13.77,13.95,13.68,13.82,14354287
2015-12-22 00:00:00+05:30,13.91,14.72,13.91,14.04,46337104
2015-12-23 00:00:00+05:30,14.22,14.45,14.0,14.04,19902265
2015-12-24 00:00:00+05:30,14.18,14.63,14.04,14.49,31019401
2015-12-28 00:00:00+05:30,14.58,14.81,14.4,14.54,28073758
2015-12-29 00:00:00+05:30,14.81,14.9,14.45,14.58,29353246
2015-12-30 00:00:00+05:30,14.67,14.72,14.36,14.45,21326279
2015-12-31 00:00:00+05:30,14.49,14.99,14.31,14.81,34077372
2016-01-01 00:00:00+05:30,14.76,14.99,14.49,14.85,22015699
2016-01-04 00:00:00+05:30,14.76,15.13,14.22,14.4,34340919
2016-01-05 00:00:00+05:30,14.49,14.58,14.31,14.4,15605814
2016-01-06 00:00:00+05:30,14.45,14.72,14.31,14.36,14292997
2016-01-07 00:00:00+05:30,14.18,14.18,13.23,13.41,19244089
2016-01-08 00:00:00+05:30,13.54,13.86,13.41,13.77,12475005
2016-01-11 00:00:00+05:30,13.54,13.82,13.27,13.64,12207224
2016-01-12 00:00:00+05:30,13.73,13.82,13.27,13.41,12073476
2016-01-13 00:00:00+05:30,13.68,13.68,12.37,12.87,26837446
2016-01-14 00:00:00+05:30,12.51,12.78,12.28,12.55,12709457
2016-01-15 00:00:00+05:30,12.55,12.78,11.92,12.01,15405418
2016-01-18 00:00:00+05:30,12.05,12.15,11.33,11.42,21978438
2016-01-19 00:00:00+05:30,11.51,12.01,11.29,11.74,21027020
2016-01-20 00:00:00+05:30,11.65,11.65,11.02,11.2,17790589
2016-01-21 00:00:00+05:30,11.42,11.65,11.24,11.38,15635619
2016-01-22 00:00:00+05:30,11.65,11.92,11.56,11.74,19537344
2016-01-25 00:00:00+05:30,11.87,12.1,11.38,11.47,15580726
2016-01-27 00:00:00+05:30,11.69,11.78,11.47,11.65,13558361
2016-01-28 00:00:00+05:30,11.78,11.78,11.2,11.38,21660059
2016-01-29 00:00:00+05:30,11.47,11.78,11.24,11.74,25028531
2016-02-01 00:00:00+05:30,11.83,11.87,11.6,11.69,9172847
2016-02-02 00:00:00+05:30,11.6,12.19,11.33,11.47,27028844
2016-02-03 00:00:00+05:30,11.24,11.24,10.79,10.88,15252294
2016-02-04 00:00:00+05:30,11.11,11.15,10.61,10.79,10348856
2016-02-05 00:00:00+05:30,10.93,11.24,10.75,11.11,9902376
2016-02-08 00:00:00+05:30,11.33,11.6,11.2,11.29,12014630
2016-02-09 00:00:00+05:30,11.11,11.24,10.97,11.11,10258083
2016-02-10 00:00:00+05:30,11.11,11.15,10.79,10.84,10417063
2016-02-11 00:00:00+05:30,11.11,11.29,8.8,9.48,41335255
2016-02-12 00:00:00+05:30,9.48,10.07,8.98,9.93,39573132
2016-02-15 00:00:00+05:30,10.2,10.56,10.16,10.34,12475980
2016-02-16 00:00:00+05:30,10.47,10.52,9.8,9.89,10690429
2016-02-17 00:00:00+05:30,9.98,10.11,9.3,10.02,22647783
2016-02-18 00:00:00+05:30,10.2,10.34,9.8,10.02,7890220
2016-02-19 00:00:00+05:30,9.84,10.34,9.84,10.11,14275037
2016-02-22 00:00:00+05:30,10.2,10.25,9.98,10.02,7762712
2016-02-23 00:00:00+05:30,10.11,10.29,9.98,10.16,14919291
2016-02-24 00:00:00+05:30,10.11,11.65,9.98,10.56,50587640
2016-02-25 00:00:00+05:30,10.7,10.75,9.93,10.11,44458031
2016-02-26 00:00:00+05:30,10.29,10.29,9.98,10.07,18446430
2016-02-29 00:00:00+05:30,10.02,10.2,9.3,9.84,30841966
2016-03-01 00:00:00+05:30,9.98,10.43,9.89,10.29,24753993
2016-03-02 00:00:00+05:30,10.43,10.61,10.34,10.43,29865671
2016-03-03 00:00:00+05:30,10.56,10.56,10.34,10.47,18539622
2016-03-04 00:00:00+05:30,10.61,10.97,10.43,10.7,24258657
2016-03-08 00:00:00+05:30,10.75,10.93,10.61,10.84,25251520
2016-03-09 00:00:00+05:30,10.79,11.06,10.66,10.97,11015061
2016-03-10 00:00:00+05:30,11.02,11.06,10.56,10.7,10213912
2016-03-11 00:00:00+05:30,10.66,10.88,10.61,10.7,7749636
2016-03-14 00:00:00+05:30,10.7,10.84,10.34,10.43,7904020
2016-03-15 00:00:00+05:30,10.47,10.56,10.25,10.47,10484221
2016-03-16 00:00:00+05:30,10.66,10.79,10.38,10.52,14404314
2016-03-17 00:00:00+05:30,10.61,10.7,10.34,10.43,14907927
2016-03-18 00:00:00+05:30,10.52,10.61,10.34,10.43,14334775
2016-03-21 00:00:00+05:30,10.61,10.75,10.56,10.66,10057201
2016-03-22 00:00:00+05:30,10.66,10.88,10.56,10.84,7036745
2016-03-23 00:00:00+05:30,10.88,10.88,10.56,10.61,9415628
2016-03-28 00:00:00+05:30,10.88,10.97,10.2,10.29,10235545
2016-03-29 00:00:00+05:30,10.29,10.43,10.11,10.2,9931536
2016-03-30 00:00:00+05:30,10.43,10.47,10.2,10.38,11928761
2016-03-31 00:00:00+05:30,10.43,10.66,10.34,10.47,52515079
2016-04-01 00:00:00+05:30,10.47,10.93,10.38,10.84,17424697
2016-04-04 00:00:00+05:30,10.84,10.97,10.7,10.79,9155078
2016-04-05 00:00:00+05:30,10.7,10.75,10.25,10.29,11676846
2016-04-06 00:00:00+05:30,10.38,10.43,10.2,10.34,8822764
2016-04-07 00:00:00+05:30,10.47,10.52,10.2,10.25,6200276
2016-04-08 00:00:00+05:30,10.25,10.34,10.16,10.29,4483795
2016-04-11 00:00:00+05:30,10.2,10.52,10.2,10.47,5386129
2016-04-12 00:00:00+05:30,10.43,10.61,10.38,10.43,8760090
2016-04-13 00:00:00+05:30,10.52,10.84,10.47,10.7,12424766
2016-04-18 00:00:00+05:30,10.7,10.79,10.56,10.7,11189623
2016-04-20 00:00:00+05:30,10.79,11.38,10.75,11.24,23500177
2016-04-21 00:00:00+05:30,11.38,11.47,11.02,11.06,9593769
2016-04-22 00:00:00+05:30,10.88,11.11,10.88,10.97,6499509
2016-04-25 00:00:00+05:30,11.15,11.2,10.97,11.02,7172418
2016-04-26 00:00:00+05:30,11.02,11.2,10.93,11.15,8036531
2016-04-27 00:00:00+05:30,11.02,11.29,11.02,11.24,7306763
2016-04-28 00:00:00+05:30,11.24,11.24,10.75,10.84,17661412
2016-04-29 00:00:00+05:30,10.97,11.47,10.84,11.38,20537645
2016-05-02 00:00:00+05:30,11.47,11.69,11.15,11.47,15841243
2016-05-03 00:00:00+05:30,11.56,11.56,11.06,11.11,15456287
2016-05-04 00:00:00+05:30,11.06,11.15,10.66,10.75,9430700
2016-05-05 00:00:00+05:30,10.79,10.93,10.61,10.79,7498766
2016-05-06 00:00:00+05:30,10.84,11.24,10.52,11.15,15109131
2016-05-09 00:00:00+05:30,11.29,11.69,11.24,11.29,26921069
2016-05-10 00:00:00+05:30,11.47,11.51,11.06,11.15,14147795
2016-05-11 00:00:00+05:30,11.11,11.11,10.75,10.79,9230269
2016-05-12 00:00:00+05:30,10.75,10.88,10.7,10.84,7296802
2016-05-13 00:00:00+05:30,10.79,10.84,10.43,10.52,13534088
2016-05-16 00:00:00+05:30,10.7,10.75,10.47,10.52,8809670
2016-05-17 00:00:00+05:30,10.66,10.84,10.56,10.61,7827337
2016-05-18 00:00:00+05:30,10.52,10.66,10.47,10.61,5344784
2016-05-19 00:00:00+05:30,10.7,10.79,10.25,10.34,7948157
2016-05-20 00:00:00+05:30,10.38,10.43,10.11,10.16,11938088
2016-05-23 00:00:00+05:30,10.16,10.25,9.84,9.89,14877459
2016-05-24 00:00:00+05:30,9.93,9.98,9.66,9.75,12473244
2016-05-25 00:00:00+05:30,9.89,10.16,9.84,10.11,14140113
2016-05-26 00:00:00+05:30,10.11,10.47,10.07,10.25,21531763
2016-05-27 00:00:00+05:30,10.29,10.52,10.11,10.34,10519049
2016-05-30 00:00:00+05:30,10.47,10.52,10.25,10.38,5977154
2016-05-31 00:00:00+05:30,10.38,10.38,9.8,10.16,28795878
2016-06-01 00:00:00+05:30,10.2,10.43,10.11,10.16,13086233
2016-06-02 00:00:00+05:30,10.16,10.2,9.93,10.07,6498312
2016-06-03 00:00:00+05:30,10.11,10.16,9.93,10.02,6002100
2016-06-06 00:00:00+05:30,10.02,10.2,9.84,10.11,10639237
2016-06-07 00:00:00+05:30,10.11,10.43,10.07,10.38,13108384
2016-06-08 00:00:00+05:30,10.75,10.84,10.61,10.7,21782347
2016-06-09 00:00:00+05:30,10.79,10.79,10.56,10.7,7037217
2016-06-10 00:00:00+05:30,10.7,11.15,10.56,10.93,17899091
2016-06-13 00:00:00+05:30,10.88,11.47,10.43,11.15,15850848
2016-06-14 00:00:00+05:30,11.6,11.65,11.06,11.24,26033039
2016-06-15 00:00:00+05:30,11.38,11.74,11.29,11.33,24472600
2016-06-16 00:00:00+05:30,11.38,11.83,11.24,11.51,34811953
2016-06-17 00:00:00+05:30,11.87,11.92,11.47,11.56,29899224
2016-06-20 00:00:00+05:30,11.51,11.65,11.33,11.56,11201112
2016-06-21 00:00:00+05:30,11.65,11.74,11.47,11.56,11968252
2016-06-22 00:00:00+05:30,11.56,11.6,11.11,11.24,17364017
2016-06-23 00:00:00+05:30,11.29,11.47,11.06,11.33,13861215
2016-06-24 00:00:00+05:30,10.66,11.11,10.52,10.84,19687734
2016-06-27 00:00:00+05:30,10.79,11.42,10.7,11.24,19663931
2016-06-28 00:00:00+05:30,11.29,11.51,11.29,11.47,11510398
2016-06-29 00:00:00+05:30,11.51,11.6,11.42,11.47,11200847
2016-06-30 00:00:00+05:30,11.6,12.19,11.51,12.05,44070083
2016-07-01 00:00:00+05:30,12.28,12.51,11.78,11.87,35114788
2016-07-04 00:00:00+05:30,11.92,12.24,11.92,12.01,18030753
2016-07-05 00:00:00+05:30,12.05,13.18,11.96,12.6,57774638
2016-07-07 00:00:00+05:30,12.64,12.78,12.33,12.42,21344963
2016-07-08 00:00:00+05:30,12.46,12.51,12.1,12.15,11191430
2016-07-11 00:00:00+05:30,12.37,12.51,12.24,12.37,11832215
2016-07-12 00:00:00+05:30,12.51,12.91,11.83,12.73,29834943
2016-07-13 00:00:00+05:30,12.78,13.59,12.55,13.36,55032460
2016-07-14 00:00:00+05:30,13.27,13.59,13.0,13.23,31282127
2016-07-15 00:00:00+05:30,13.27,13.5,12.91,13.0,24641522
2016-07-18 00:00:00+05:30,13.09,13.32,12.69,12.78,13605956
2016-07-19 00:00:00+05:30,12.82,12.96,12.6,12.69,13554462
2016-07-20 00:00:00+05:30,12.69,13.0,12.6,12.82,12435034
2016-07-21 00:00:00+05:30,12.96,13.18,12.64,12.69,11895396
2016-07-22 00:00:00+05:30,12.78,13.05,12.55,12.87,11144273
2016-07-25 00:00:00+05:30,12.87,13.36,12.82,13.14,21704020
2016-07-26 00:00:00+05:30,13.14,13.27,12.82,12.91,13024162
2016-07-27 00:00:00+05:30,12.87,13.14,12.6,12.82,20047905
2016-07-28 00:00:00+05:30,12.91,13.36,12.87,13.18,24849592
2016-07-29 00:00:00+05:30,13.32,13.45,12.78,12.91,14415351
2016-08-01 00:00:00+05:30,13.0,13.09,12.51,12.6,12910290
2016-08-02 00:00:00+05:30,12.64,12.73,12.33,12.37,10178100
2016-08-03 00:00:00+05:30,12.42,12.6,12.15,12.28,11111940
2016-08-04 00:00:00+05:30,12.42,12.55,12.28,12.42,7841047
2016-08-05 00:00:00+05:30,12.55,12.69,12.46,12.55,11117946
2016-08-08 00:00:00+05:30,12.6,13.0,12.42,12.87,10663425
2016-08-09 00:00:00+05:30,12.87,12.96,12.6,12.64,6859505
2016-08-10 00:00:00+05:30,12.64,12.64,11.69,11.78,17694367
2016-08-11 00:00:00+05:30,11.96,12.1,11.65,11.87,9638181
2016-08-12 00:00:00+05:30,11.92,12.1,11.78,11.83,4475945
2016-08-16 00:00:00+05:30,11.92,12.01,11.51,11.65,7328054
2016-08-17 00:00:00+05:30,11.6,11.87,11.6,11.69,4475828
2016-08-18 00:00:00+05:30,11.78,11.87,11.65,11.78,4843486
2016-08-19 00:00:00+05:30,11.83,12.01,11.74,11.87,4391640
2016-08-22 00:00:00+05:30,11.92,11.96,11.69,11.78,4362124
2016-08-23 00:00:00+05:30,11.78,12.1,11.69,12.1,6126675
2016-08-24 00:00:00+05:30,12.15,12.33,12.01,12.15,8761433
2016-08-25 00:00:00+05:30,12.24,12.33,11.87,11.96,31825310
2016-08-26 00:00:00+05:30,11.96,12.28,11.78,11.87,13855884
2016-08-29 00:00:00+05:30,13.0,13.0,11.92,12.01,25384903
2016-08-30 00:00:00+05:30,12.01,12.19,11.96,12.01,9204560
2016-08-31 00:00:00+05:30,12.01,12.69,11.96,12.28,26137820
2016-09-01 00:00:00+05:30,12.28,12.51,11.83,11.92,16695363
2016-09-02 00:00:00+05:30,12.01,12.33,11.96,12.19,10260290
2016-09-06 00:00:00+05:30,12.37,12.64,12.33,12.6,15109205
2016-09-07 00:00:00+05:30,12.64,12.91,12.37,12.64,17077676
2016-09-08 00:00:00+05:30,12.73,14.09,12.64,13.64,58963417
2016-09-09 00:00:00+05:30,13.64,14.0,13.32,13.45,26415860
2016-09-12 00:00:00+05:30,13.05,13.18,12.69,12.73,17558255
2016-09-14 00:00:00+05:30,12.82,13.27,12.73,13.14,17079213
2016-09-15 00:00:00+05:30,13.14,13.23,12.73,12.91,9959067
2016-09-16 00:00:00+05:30,12.87,13.14,12.28,12.42,16224103
2016-09-19 00:00:00+05:30,12.46,12.73,12.37,12.6,15772802
2016-09-20 00:00:00+05:30,12.69,12.73,12.37,12.46,6848874
2016-09-21 00:00:00+05:30,12.6,12.64,12.24,12.33,7521278
2016-09-22 00:00:00+05:30,12.46,12.73,12.37,12.64,14331977
2016-09-23 00:00:00+05:30,12.73,12.78,12.37,12.51,6961803
2016-09-26 00:00:00+05:30,12.46,12.55,12.24,12.28,6514370
2016-09-27 00:00:00+05:30,12.42,12.46,12.1,12.15,8549979
2016-09-28 00:00:00+05:30,12.19,12.51,12.15,12.42,8653092
2016-09-29 00:00:00+05:30,12.46,12.55,11.02,11.15,29092411
2016-09-30 00:00:00+05:30,11.15,11.6,11.11,11.47,19192066
2016-10-03 00:00:00+05:30,11.65,11.92,11.51,11.87,9055718
2016-10-04 00:00:00+05:30,11.92,12.01,11.74,11.87,7223331
2016-10-05 00:00:00+05:30,11.92,11.96,11.69,11.78,5125665
2016-10-06 00:00:00+05:30,11.83,12.1,11.56,11.6,10194739
2016-10-07 00:00:00+05:30,11.65,11.74,11.56,11.6,4048710
2016-10-10 00:00:00+05:30,11.65,11.78,11.56,11.6,3094971
2016-10-13 00:00:00+05:30,11.56,11.6,10.93,11.29,8697350
2016-10-14 00:00:00+05:30,11.33,11.47,11.11,11.42,6349781
2016-10-17 00:00:00+05:30,11.47,11.6,11.11,11.2,8129261
2016-10-18 00:00:00+05:30,11.24,11.51,11.24,11.47,3848507
2016-10-19 00:00:00+05:30,11.56,11.74,11.38,11.56,9091395
2016-10-20 00:00:00+05:30,11.74,11.87,11.65,11.78,9427921
2016-10-21 00:00:00+05:30,11.78,11.92,11.65,11.83,5857768
2016-10-24 00:00:00+05:30,11.87,12.15,11.83,12.1,8905827
2016-10-25 00:00:00+05:30,12.15,12.19,11.83,11.92,6859865
2016-10-26 00:00:00+05:30,11.92,12.64,11.87,12.51,23926577
2016-10-27 00:00:00+05:30,12.51,12.51,11.92,12.28,54539495
2016-10-28 00:00:00+05:30,12.87,13.0,12.24,12.37,37498764
2016-10-30 00:00:00+05:30,12.6,12.64,12.37,12.42,2942218
2016-11-01 00:00:00+05:30,12.46,12.55,12.33,12.46,7006830
2016-11-02 00:00:00+05:30,12.37,12.37,11.87,11.96,12406515
2016-11-03 00:00:00+05:30,11.92,12.05,11.56,11.65,8842907
2016-11-04 00:00:00+05:30,11.65,11.74,11.02,11.15,13273610
2016-11-07 00:00:00+05:30,11.42,11.51,11.33,11.42,11173823
2016-11-08 00:00:00+05:30,11.42,11.51,11.33,11.47,6106816
2016-11-09 00:00:00+05:30,10.66,10.88,9.21,10.79,44279440
2016-11-10 00:00:00+05:30,11.11,11.38,10.88,11.2,11054952
2016-11-11 00:00:00+05:30,11.06,11.11,10.56,10.66,8164846
2016-11-15 00:00:00+05:30,10.7,10.7,9.98,10.25,11568165
2016-11-16 00:00:00+05:30,10.56,10.56,10.02,10.07,6160164
2016-11-17 00:00:00+05:30,10.02,10.34,10.02,10.16,6918627
2016-11-18 00:00:00+05:30,10.11,10.47,10.11,10.29,5306573
2016-11-21 00:00:00+05:30,10.43,10.47,9.84,9.93,9754706
2016-11-22 00:00:00+05:30,10.02,10.11,9.84,9.98,7684427
2016-11-23 00:00:00+05:30,10.11,10.25,9.98,10.16,12720380
2016-11-24 00:00:00+05:30,10.2,10.25,9.93,9.98,14755828
2016-11-25 00:00:00+05:30,10.07,10.29,9.98,10.2,10074758
2016-11-28 00:00:00+05:30,10.2,10.38,10.07,10.29,6413194
2016-11-29 00:00:00+05:30,10.38,10.56,10.34,10.38,5466988
2016-11-30 00:00:00+05:30,10.38,10.97,10.38,10.84,16095627
2016-12-01 00:00:00+05:30,10.88,10.93,10.52,10.61,9842089
2016-12-02 00:00:00+05:30,10.61,10.88,10.47,10.66,6244889
2016-12-05 00:00:00+05:30,10.7,10.88,10.61,10.75,2949940
2016-12-06 00:00:00+05:30,10.84,10.93,10.79,10.84,2304258
2016-12-07 00:00:00+05:30,10.97,11.06,10.52,10.61,9242617
2016-12-08 00:00:00+05:30,10.61,10.88,10.43,10.79,7289493
2016-12-09 00:00:00+05:30,10.79,10.79,10.61,10.66,5527046
2016-12-12 00:00:00+05:30,10.52,10.66,10.47,10.61,3855554
2016-12-13 00:00:00+05:30,10.56,10.7,10.52,10.61,2969733
2016-12-14 00:00:00+05:30,10.56,10.79,10.56,10.66,3587853
2016-12-15 00:00:00+05:30,10.56,10.79,10.52,10.56,4352563
2016-12-16 00:00:00+05:30,10.56,10.66,10.43,10.61,5049058
2016-12-19 00:00:00+05:30,10.66,10.88,10.56,10.7,7067970
2016-12-20 00:00:00+05:30,10.7,10.84,10.47,10.56,4965732
2016-12-21 00:00:00+05:30,10.61,10.84,10.61,10.61,6664361
2016-12-22 00:00:00+05:30,10.56,10.61,10.43,10.47,3549292
2016-12-23 00:00:00+05:30,10.47,10.7,10.38,10.56,8508876
2016-12-26 00:00:00+05:30,10.47,10.52,10.16,10.2,4281489
2016-12-27 00:00:00+05:30,10.16,10.43,10.02,10.38,5719456
2016-12-28 00:00:00+05:30,10.43,10.52,10.2,10.29,6771955
2016-12-29 00:00:00+05:30,10.29,10.66,10.25,10.47,14074878
2016-12-30 00:00:00+05:30,10.56,10.88,10.56,10.7,7741140
2017-01-02 00:00:00+05:30,10.75,10.97,10.7,10.88,10134375
2017-01-03 00:00:00+05:30,10.97,11.15,10.84,11.06,10090608
2017-01-04 00:00:00+05:30,11.06,11.65,11.06,11.51,15322278
2017-01-05 00:00:00+05:30,11.56,11.74,11.38,11.51,10687290
2017-01-06 00:00:00+05:30,11.51,11.65,11.24,11.29,6855908
2017-01-09 00:00:00+05:30,11.33,11.42,11.24,11.29,4563997
2017-01-10 00:00:00+05:30,11.38,11.51,11.24,11.42,4756100
2017-01-11 00:00:00+05:30,11.51,11.56,11.38,11.47,6029718
2017-01-12 00:00:00+05:30,11.47,11.51,11.33,11.42,5886378
2017-01-13 00:00:00+05:30,11.47,11.51,11.2,11.33,4746027
2017-01-16 00:00:00+05:30,11.38,11.47,11.24,11.38,5116260
2017-01-17 00:00:00+05:30,11.42,11.42,11.24,11.33,11224849
2017-01-18 00:00:00+05:30,11.33,11.56,11.2,11.33,13425357
2017-01-19 00:00:00+05:30,11.29,11.51,11.24,11.42,10494331
2017-01-20 00:00:00+05:30,11.51,11.83,11.38,11.47,28558356
2017-01-23 00:00:00+05:30,11.51,11.65,11.24,11.33,21354356
2017-01-24 00:00:00+05:30,11.42,11.69,11.38,11.56,19300122
2017-01-25 00:00:00+05:30,11.6,11.69,11.38,11.51,47095705
2017-01-27 00:00:00+05:30,11.56,12.01,11.51,11.87,19695742
2017-01-30 00:00:00+05:30,11.92,11.96,11.56,11.6,12157759
2017-01-31 00:00:00+05:30,11.65,11.96,11.42,11.47,21534226
2017-02-01 00:00:00+05:30,11.56,11.87,11.33,11.83,22601931
2017-02-02 00:00:00+05:30,11.78,11.78,11.51,11.6,12717263
2017-02-03 00:00:00+05:30,11.6,12.55,11.6,12.37,43464777
2017-02-06 00:00:00+05:30,12.51,13.23,12.42,12.87,47704623
2017-02-07 00:00:00+05:30,12.87,12.91,12.19,12.42,20994311
2017-02-08 00:00:00+05:30,12.46,12.69,12.33,12.6,14552337
2017-02-09 00:00:00+05:30,12.69,13.18,12.19,13.0,33337198
2017-02-10 00:00:00+05:30,13.05,13.73,12.73,13.27,37906823
2017-02-13 00:00:00+05:30,13.36,13.41,12.55,12.91,28774514
2017-02-14 00:00:00+05:30,12.64,12.96,12.33,12.87,18906279
2017-02-15 00:00:00+05:30,12.73,12.96,12.28,12.42,11436236
2017-02-16 00:00:00+05:30,12.37,12.78,12.24,12.64,8765622
2017-02-17 00:00:00+05:30,12.73,13.14,12.55,12.96,18803755
2017-02-20 00:00:00+05:30,13.0,14.22,12.82,13.95,63009830
2017-02-21 00:00:00+05:30,13.82,13.95,13.27,13.5,25754112
2017-02-22 00:00:00+05:30,13.5,13.77,13.27,13.5,22387011
2017-02-23 00:00:00+05:30,13.5,13.68,13.36,13.45,11533909
2017-02-27 00:00:00+05:30,13.64,14.45,13.59,13.91,31850400
2017-02-28 00:00:00+05:30,13.95,14.58,13.73,14.36,31005433
2017-03-01 00:00:00+05:30,14.36,14.67,14.18,14.27,22674058
2017-03-02 00:00:00+05:30,14.4,15.62,14.18,14.31,67640450
2017-03-03 00:00:00+05:30,14.31,14.94,14.09,14.72,28106254
2017-03-06 00:00:00+05:30,14.9,15.17,14.67,14.81,18286888
2017-03-07 00:00:00+05:30,14.85,15.03,14.58,14.76,20521295
2017-03-08 00:00:00+05:30,14.76,15.22,14.63,14.72,29843782
2017-03-09 00:00:00+05:30,14.72,14.81,14.45,14.63,14519087
2017-03-10 00:00:00+05:30,14.81,14.85,14.27,14.36,14008439
2017-03-14 00:00:00+05:30,14.72,14.99,14.49,14.72,14999239
2017-03-15 00:00:00+05:30,14.76,14.9,14.58,14.76,17919117
2017-03-16 00:00:00+05:30,14.9,15.67,14.81,15.53,46571130
2017-03-17 00:00:00+05:30,15.62,15.71,14.85,15.08,28223220
2017-03-20 00:00:00+05:30,15.22,15.22,14.85,15.08,12404485
2017-03-21 00:00:00+05:30,15.08,15.13,14.63,14.9,21260591
2017-03-22 00:00:00+05:30,14.72,14.76,14.45,14.49,10307138
2017-03-23 00:00:00+05:30,14.49,14.9,14.45,14.76,10490806
2017-03-24 00:00:00+05:30,14.85,14.99,14.76,14.85,8447003
2017-03-27 00:00:00+05:30,14.81,14.99,14.72,14.72,12612899
2017-03-28 00:00:00+05:30,14.72,14.99,14.72,14.9,17620886
2017-03-29 00:00:00+05:30,14.94,14.99,14.72,14.81,14066228
2017-03-30 00:00:00+05:30,14.85,15.03,14.63,14.76,44733445
2017-03-31 00:00:00+05:30,14.76,14.85,14.36,14.45,14454708
2017-04-03 00:00:00+05:30,14.54,14.81,14.45,14.72,9224493
2017-04-05 00:00:00+05:30,14.76,15.03,14.58,14.94,15253489
2017-04-06 00:00:00+05:30,14.9,14.99,14.76,14.85,10907283
2017-04-07 00:00:00+05:30,14.72,14.85,14.27,14.36,12460883
2017-04-10 00:00:00+05:30,14.45,14.58,14.22,14.27,7399832
2017-04-11 00:00:00+05:30,14.27,14.49,14.13,14.36,7216125
2017-04-12 00:00:00+05:30,14.31,14.49,13.86,14.13,14515745
2017-04-13 00:00:00+05:30,14.09,14.22,14.0,14.09,5516386
2017-04-17 00:00:00+05:30,14.09,14.76,13.86,14.54,14805013
2017-04-18 00:00:00+05:30,14.54,15.26,14.09,14.22,28520870
2017-04-19 00:00:00+05:30,14.18,14.4,13.95,14.18,8653027
2017-04-20 00:00:00+05:30,14.18,15.03,14.18,14.85,19442863
2017-04-21 00:00:00+05:30,14.99,16.07,14.9,15.85,67479034
2017-04-24 00:00:00+05:30,16.34,16.84,16.12,16.48,75059379
2017-04-25 00:00:00+05:30,16.48,16.8,15.98,16.12,56958244
2017-04-26 00:00:00+05:30,16.12,16.43,15.03,15.49,78707245
2017-04-27 00:00:00+05:30,15.58,16.03,15.35,15.85,43861534
2017-04-28 00:00:00+05:30,15.89,16.16,15.44,15.58,21519599
2017-05-02 00:00:00+05:30,15.67,15.71,14.99,15.49,28005964
2017-05-03 00:00:00+05:30,15.49,15.58,15.03,15.22,16553175
2017-05-04 00:00:00+05:30,15.35,15.71,15.17,15.22,24525431
2017-05-05 00:00:00+05:30,15.17,15.17,14.36,14.63,21455951
2017-05-08 00:00:00+05:30,14.63,15.4,14.58,15.08,15879804
2017-05-09 00:00:00+05:30,15.49,15.8,15.17,15.49,34764846
2017-05-10 00:00:00+05:30,15.53,15.67,15.26,15.35,15577665
2017-05-11 00:00:00+05:30,15.35,15.49,14.99,15.08,17264541
2017-05-12 00:00:00+05:30,15.17,15.22,14.63,14.99,14640864
2017-05-15 00:00:00+05:30,15.08,15.98,15.08,15.85,57582760
2017-05-16 00:00:00+05:30,15.89,15.98,15.4,15.71,20816595
2017-05-17 00:00:00+05:30,15.71,15.98,15.58,15.62,16263920
2017-05-18 00:00:00+05:30,15.49,15.58,15.03,15.13,18881820
2017-05-19 00:00:00+05:30,15.22,15.67,14.99,15.31,24452445
2017-05-22 00:00:00+05:30,15.44,15.58,15.03,15.17,14510694
2017-05-23 00:00:00+05:30,15.08,15.13,14.09,14.36,30652369
2017-05-24 00:00:00+05:30,14.36,14.45,12.87,13.14,37995429
2017-05-25 00:00:00+05:30,13.27,13.91,13.05,13.73,32967571
2017-05-26 00:00:00+05:30,13.82,14.49,13.68,14.4,19807879
2017-05-29 00:00:00+05:30,14.45,14.58,13.27,13.36,21895310
2017-05-30 00:00:00+05:30,13.05,13.68,12.82,13.54,25259323
2017-05-31 00:00:00+05:30,13.54,13.82,13.32,13.59,22684341
2017-06-01 00:00:00+05:30,13.77,13.77,13.18,13.5,6940389
2017-06-02 00:00:00+05:30,13.59,17.2,13.5,15.26,352163485
2017-06-05 00:00:00+05:30,15.4,15.94,14.58,15.08,132283149
2017-06-06 00:00:00+05:30,15.13,15.26,14.54,14.63,34803988
2017-06-07 00:00:00+05:30,14.72,15.4,14.72,15.03,60247480
2017-06-08 00:00:00+05:30,15.08,15.17,14.9,14.99,24765355
2017-06-09 00:00:00+05:30,15.08,15.44,14.63,15.35,25954019
2017-06-12 00:00:00+05:30,15.31,16.43,15.13,16.03,96990797
2017-06-13 00:00:00+05:30,16.21,17.61,16.16,17.02,162174139
2017-06-14 00:00:00+05:30,17.02,17.83,16.39,17.43,117411651
2017-06-15 00:00:00+05:30,17.34,18.15,17.2,17.83,109256157
2017-06-16 00:00:00+05:30,17.7,18.2,17.38,17.56,60096675
2017-06-19 00:00:00+05:30,17.56,17.79,17.29,17.43,32719437
2017-06-20 00:00:00+05:30,17.43,18.24,17.29,18.06,63491211
2017-06-21 00:00:00+05:30,18.15,19.55,17.92,19.28,146972294
2017-06-22 00:00:00+05:30,19.32,19.91,18.42,18.78,87466584
2017-06-23 00:00:00+05:30,18.65,19.64,18.38,19.28,75417107
2017-06-27 00:00:00+05:30,19.5,19.87,16.52,17.38,90627128
2017-06-28 00:00:00+05:30,17.34,18.47,16.98,17.43,71059108
2017-06-29 00:00:00+05:30,17.74,17.88,16.89,17.16,131818300
2017-06-30 00:00:00+05:30,17.29,18.15,17.16,17.74,73570110
2017-07-03 00:00:00+05:30,17.92,18.29,17.61,17.7,35939576
2017-07-04 00:00:00+05:30,17.16,17.83,16.52,16.75,64867319
2017-07-05 00:00:00+05:30,16.84,17.29,16.66,17.07,55619385
2017-07-06 00:00:00+05:30,17.34,17.47,16.84,17.16,36792667
2017-07-07 00:00:00+05:30,17.16,17.61,16.71,17.43,44631266
2017-07-10 00:00:00+05:30,17.43,19.14,17.02,17.16,11649012
2017-07-11 00:00:00+05:30,17.34,17.43,16.52,16.66,28836050
2017-07-12 00:00:00+05:30,16.71,17.02,15.94,16.3,88553833
2017-07-13 00:00:00+05:30,16.43,16.57,16.07,16.21,35498345
2017-07-14 00:00:00+05:30,16.34,16.84,16.07,16.25,84066817
2017-07-17 00:00:00+05:30,16.57,16.75,16.21,16.3,31206866
2017-07-18 00:00:00+05:30,16.21,16.43,15.89,15.98,18477980
2017-07-19 00:00:00+05:30,16.07,16.43,16.03,16.34,22444794
2017-07-20 00:00:00+05:30,16.43,16.43,16.03,16.07,14711297
2017-07-21 00:00:00+05:30,15.71,16.39,15.53,16.25,57318207
2017-07-24 00:00:00+05:30,16.48,17.38,16.39,16.84,98818056
2017-07-25 00:00:00+05:30,17.02,17.11,16.48,16.98,44904491
2017-07-26 00:00:00+05:30,16.98,17.56,16.93,17.29,55808954
2017-07-27 00:00:00+05:30,17.52,17.79,17.11,17.43,71354673
2017-07-28 00:00:00+05:30,17.38,17.83,16.89,17.07,72607930
2017-07-31 00:00:00+05:30,17.25,17.29,16.71,16.98,22934655
2017-08-01 00:00:00+05:30,17.11,17.2,16.8,16.89,22468943
2017-08-02 00:00:00+05:30,17.02,17.11,16.43,16.71,25598635
2017-08-03 00:00:00+05:30,16.75,16.75,16.03,16.16,31871954
2017-08-04 00:00:00+05:30,16.21,16.3,15.85,15.94,27047747
2017-08-07 00:00:00+05:30,16.12,16.93,16.03,16.75,28305514
2017-08-08 00:00:00+05:30,16.89,16.89,15.85,15.98,27936727
2017-08-09 00:00:00+05:30,15.85,15.89,15.03,15.31,33658879
2017-08-10 00:00:00+05:30,15.26,15.53,14.09,14.36,39556135
2017-08-11 00:00:00+05:30,14.0,14.63,13.64,14.0,37324967
2017-08-14 00:00:00+05:30,14.18,14.85,14.18,14.49,25791670
2017-08-16 00:00:00+05:30,14.72,15.08,14.49,14.9,25140672
2017-08-17 00:00:00+05:30,15.22,17.29,14.81,16.75,168185033
2017-08-18 00:00:00+05:30,16.57,16.98,16.21,16.48,55893271
2017-08-21 00:00:00+05:30,16.48,16.66,15.67,15.8,28761528
2017-08-22 00:00:00+05:30,16.03,16.16,15.26,15.35,37385732
2017-08-23 00:00:00+05:30,15.62,15.71,15.35,15.53,21788120
2017-08-24 00:00:00+05:30,15.62,15.94,15.44,15.58,20660119
2017-08-28 00:00:00+05:30,15.58,16.16,15.53,15.76,36504258
2017-08-29 00:00:00+05:30,15.62,15.71,15.13,15.22,22132610
2017-08-30 00:00:00+05:30,15.35,15.71,15.17,15.53,25561250
2017-09-01 00:00:00+05:30,15.58,16.07,15.49,15.98,44215041
2017-09-04 00:00:00+05:30,15.98,15.98,15.17,15.53,37034905
2017-09-05 00:00:00+05:30,15.8,16.03,15.4,15.44,41223370
2017-09-06 00:00:00+05:30,15.35,15.62,15.22,15.53,20501422
2017-09-07 00:00:00+05:30,15.98,16.12,15.71,15.8,35510757
2017-09-08 00:00:00+05:30,15.8,15.94,15.4,15.58,19066211
2017-09-11 00:00:00+05:30,15.71,15.94,15.49,15.62,15567298
2017-09-12 00:00:00+05:30,15.76,15.89,15.58,15.67,21161066
2017-09-13 00:00:00+05:30,15.8,16.75,15.67,16.16,64366360
2017-09-14 00:00:00+05:30,16.21,16.66,16.16,16.25,40279927
2017-09-15 00:00:00+05:30,16.16,16.48,15.98,16.16,24532901
2017-09-18 00:00:00+05:30,16.3,16.71,16.25,16.39,35514769
2017-09-19 00:00:00+05:30,16.43,16.52,16.21,16.3,19739757
2017-09-20 00:00:00+05:30,16.34,16.39,16.07,16.12,14048991
2017-09-21 00:00:00+05:30,16.21,16.25,15.4,15.8,25933056
2017-09-22 00:00:00+05:30,15.85,15.85,15.03,15.13,33842623
2017-09-25 00:00:00+05:30,15.22,15.26,14.49,14.85,27222719
2017-09-26 00:00:00+05:30,14.99,15.13,14.67,14.94,20077202
2017-09-27 00:00:00+05:30,15.08,15.26,14.27,14.4,33256807
2017-09-28 00:00:00+05:30,14.4,14.54,13.91,14.4,45351408
2017-09-29 00:00:00+05:30,14.54,14.99,14.45,14.81,30445527
2017-10-03 00:00:00+05:30,15.08,15.31,14.72,14.85,17136306
2017-10-04 00:00:00+05:30,14.9,14.99,14.67,14.76,18053247
2017-10-05 00:00:00+05:30,14.76,14.85,14.54,14.63,8574482
2017-10-06 00:00:00+05:30,14.76,14.99,14.58,14.9,21634789
2017-10-09 00:00:00+05:30,14.9,15.03,14.63,14.67,15167389
2017-10-10 00:00:00+05:30,14.67,14.99,14.63,14.81,16588249
2017-10-11 00:00:00+05:30,14.94,15.03,13.91,14.22,23772315
2017-10-12 00:00:00+05:30,14.27,14.72,14.09,14.63,15998386
2017-10-13 00:00:00+05:30,14.63,14.85,14.45,14.54,17533159
2017-10-16 00:00:00+05:30,14.63,14.67,14.31,14.49,13922875
2017-10-17 00:00:00+05:30,14.49,14.63,14.36,14.49,9639415
2017-10-18 00:00:00+05:30,14.58,14.58,14.36,14.49,10840771
2017-10-19 00:00:00+05:30,14.58,14.58,14.13,14.4,3237297
2017-10-23 00:00:00+05:30,14.49,15.71,14.36,15.58,37236358
2017-10-24 00:00:00+05:30,15.71,15.85,15.44,15.71,35764487
2017-10-25 00:00:00+05:30,16.12,17.11,15.71,16.66,71800667
2017-10-26 00:00:00+05:30,16.71,17.07,16.3,16.66,42566506
2017-10-27 00:00:00+05:30,16.71,16.93,16.03,16.3,29649027
2017-10-30 00:00:00+05:30,16.43,16.48,16.25,16.43,19196168
2017-10-31 00:00:00+05:30,16.52,17.79,16.52,17.34,95648471
2017-11-01 00:00:00+05:30,17.61,17.92,17.11,17.2,38306571
2017-11-02 00:00:00+05:30,17.34,17.34,16.75,17.02,22599354
2017-11-03 00:00:00+05:30,17.16,17.74,16.93,17.16,51712682
2017-11-06 00:00:00+05:30,16.98,17.2,16.52,16.62,20304683
2017-11-07 00:00:00+05:30,16.62,16.71,15.71,15.8,33849492
2017-11-08 00:00:00+05:30,15.89,16.34,15.62,15.71,27919226
2017-11-09 00:00:00+05:30,15.85,16.21,15.62,16.07,29662023
2017-11-10 00:00:00+05:30,16.07,16.25,15.8,15.98,20397361
2017-11-13 00:00:00+05:30,15.98,16.39,15.71,16.03,17242514
2017-11-14 00:00:00+05:30,16.07,16.48,15.89,16.12,21076550
2017-11-15 00:00:00+05:30,15.8,15.94,14.13,14.76,54354176
2017-11-16 00:00:00+05:30,14.76,15.4,14.58,15.31,25320533
2017-11-17 00:00:00+05:30,15.49,15.8,15.26,15.35,16463322
2017-11-20 00:00:00+05:30,15.26,15.67,15.17,15.53,16413443
2017-11-21 00:00:00+05:30,15.62,15.76,15.4,15.58,13810721
2017-11-22 00:00:00+05:30,15.53,15.62,15.22,15.35,11562839
2017-11-23 00:00:00+05:30,15.31,15.53,15.17,15.31,13635927
2017-11-24 00:00:00+05:30,15.31,17.25,15.26,16.84,56047644
2017-11-27 00:00:00+05:30,16.75,17.7,16.48,17.07,77580661
2017-11-28 00:00:00+05:30,17.38,17.52,16.21,16.39,45827046
2017-11-29 00:00:00+05:30,16.39,17.02,16.21,16.66,46948566
2017-11-30 00:00:00+05:30,16.52,17.02,16.34,16.57,33602554
2017-12-01 00:00:00+05:30,16.71,16.8,15.71,15.89,24214382
2017-12-04 00:00:00+05:30,15.98,16.12,15.44,15.58,28751322
2017-12-05 00:00:00+05:30,15.49,15.62,15.22,15.53,23917424
2017-12-06 00:00:00+05:30,15.4,15.85,15.03,15.17,27120412
2017-12-07 00:00:00+05:30,15.17,15.62,15.17,15.49,18515206
2017-12-08 00:00:00+05:30,15.58,16.03,15.49,15.94,15482260
2017-12-11 00:00:00+05:30,16.12,16.34,15.85,15.94,21415497
2017-12-12 00:00:00+05:30,15.94,16.03,15.4,15.44,13450890
2017-12-13 00:00:00+05:30,15.49,15.67,15.26,15.4,13026192
2017-12-14 00:00:00+05:30,15.13,15.4,14.94,15.22,21330909
2017-12-15 00:00:00+05:30,15.44,15.94,15.44,15.53,24773120
2017-12-18 00:00:00+05:30,15.31,15.76,14.72,15.53,20947689
2017-12-19 00:00:00+05:30,15.58,16.12,15.58,16.03,23167604
2017-12-20 00:00:00+05:30,16.03,16.71,15.94,16.52,37024460
2017-12-21 00:00:00+05:30,16.66,18.65,16.52,17.92,143234105
2017-12-22 00:00:00+05:30,18.01,18.24,17.43,17.65,43735493
2017-12-26 00:00:00+05:30,17.65,18.38,17.38,17.65,68385538
2017-12-27 00:00:00+05:30,17.65,18.06,17.07,17.2,51345516
2017-12-28 00:00:00+05:30,17.29,18.69,17.2,18.29,164152328
2017-12-29 00:00:00+05:30,18.87,20.59,18.69,20.27,207683776
2018-01-01 00:00:00+05:30,20.5,21.27,20.0,20.14,115637375
2018-01-02 00:00:00+05:30,20.32,20.68,18.92,19.55,97715752
2018-01-03 00:00:00+05:30,19.46,20.14,19.37,19.69,51698820
2018-01-04 00:00:00+05:30,19.82,19.91,18.92,19.01,58988533
2018-01-05 00:00:00+05:30,19.14,19.55,18.96,19.14,40905235
2018-01-08 00:00:00+05:30,19.28,20.54,19.05,19.87,86789910
2018-01-09 00:00:00+05:30,20.0,20.09,18.96,19.14,53434095
2018-01-10 00:00:00+05:30,19.19,20.41,19.19,20.14,74166387
2018-01-11 00:00:00+05:30,20.32,20.54,19.5,19.64,65115174
2018-01-12 00:00:00+05:30,19.59,19.82,18.6,18.96,67160589
2018-01-15 00:00:00+05:30,19.23,20.18,19.05,19.96,81173082
2018-01-16 00:00:00+05:30,20.14,21.31,19.73,20.32,157355094
2018-01-17 00:00:00+05:30,20.63,22.03,20.18,21.76,265978087
2018-01-18 00:00:00+05:30,22.03,22.62,20.14,20.54,187588235
2018-01-19 00:00:00+05:30,20.68,21.08,20.0,20.45,75913160
2018-01-22 00:00:00+05:30,20.5,21.18,20.36,20.72,49466844
2018-01-23 00:00:00+05:30,21.04,21.9,20.99,21.54,110918352
2018-01-24 00:00:00+05:30,21.63,21.81,20.77,20.86,69532432
2018-01-25 00:00:00+05:30,21.08,21.13,20.18,20.54,61849484
2018-01-29 00:00:00+05:30,20.54,21.18,20.32,20.5,55504994
2018-01-30 00:00:00+05:30,20.36,20.54,19.78,19.91,34495349
2018-01-31 00:00:00+05:30,19.87,20.32,19.46,19.64,45011491
2018-02-01 00:00:00+05:30,19.69,21.58,19.01,20.54,115729617
2018-02-02 00:00:00+05:30,20.23,20.23,15.98,17.38,163594594
2018-02-05 00:00:00+05:30,16.98,18.42,16.39,18.2,94694769
2018-02-06 00:00:00+05:30,16.43,17.79,16.43,17.47,77547273
2018-02-07 00:00:00+05:30,17.88,18.24,17.16,17.25,66601822
2018-02-08 00:00:00+05:30,17.25,17.79,17.16,17.47,37948705
2018-02-09 00:00:00+05:30,17.16,17.97,16.75,17.65,38636043
2018-02-12 00:00:00+05:30,17.92,18.56,17.74,18.1,52796039
2018-02-14 00:00:00+05:30,17.92,18.33,17.61,17.83,38149711
2018-02-15 00:00:00+05:30,17.79,17.88,16.57,16.89,36669733
2018-02-16 00:00:00+05:30,17.07,17.25,16.39,16.52,39259556
2018-02-19 00:00:00+05:30,16.66,16.8,15.62,16.12,38912615
2018-02-20 00:00:00+05:30,15.89,16.57,15.8,15.94,32738027
2018-02-21 00:00:00+05:30,16.03,16.21,15.53,15.62,33604675
2018-02-22 00:00:00+05:30,15.58,16.16,15.58,15.85,52926207
2018-02-23 00:00:00+05:30,15.98,17.16,15.89,16.93,58138431
2018-02-26 00:00:00+05:30,17.61,17.61,16.93,17.2,35089914
2018-02-27 00:00:00+05:30,17.34,17.34,16.8,16.93,31077037
2018-02-28 00:00:00+05:30,16.8,17.52,16.66,17.11,41465499
2018-03-01 00:00:00+05:30,17.07,17.34,16.71,16.8,24418745
2018-03-05 00:00:00+05:30,16.84,17.02,16.25,16.75,30903290
2018-03-06 00:00:00+05:30,16.93,17.07,15.94,16.25,31179975
2018-03-07 00:00:00+05:30,16.21,16.39,15.53,15.67,45117243
2018-03-08 00:00:00+05:30,15.8,16.03,15.17,15.67,34208358
2018-03-09 00:00:00+05:30,15.62,15.8,15.35,15.44,28409629
2018-03-12 00:00:00+05:30,15.62,15.89,15.13,15.76,33848465
2018-03-13 00:00:00+05:30,15.62,16.03,15.53,15.85,29343931
2018-03-14 00:00:00+05:30,15.76,16.43,15.67,16.25,28319146
2018-03-15 00:00:00+05:30,16.21,16.84,16.16,16.66,39527400
2018-03-16 00:00:00+05:30,16.8,16.93,15.98,16.21,43897484
2018-03-19 00:00:00+05:30,16.43,16.52,15.76,15.89,35525271
2018-03-20 00:00:00+05:30,15.85,16.25,15.67,16.07,23775782
2018-03-21 00:00:00+05:30,16.21,16.39,16.03,16.21,22123990
2018-03-22 00:00:00+05:30,16.21,16.34,15.62,15.8,30815878
2018-03-23 00:00:00+05:30,15.35,15.49,14.72,15.08,48155250
2018-03-26 00:00:00+05:30,15.22,15.44,14.9,15.35,38246980
2018-03-27 00:00:00+05:30,15.58,15.98,15.49,15.85,29300990
2018-03-28 00:00:00+05:30,15.76,15.89,15.08,15.22,73183262
2018-04-02 00:00:00+05:30,15.58,15.8,15.4,15.76,19849494
2018-04-03 00:00:00+05:30,15.58,16.89,15.53,16.75,44668008
2018-04-04 00:00:00+05:30,16.75,17.38,16.34,16.48,57762621
2018-04-05 00:00:00+05:30,16.98,17.25,16.84,17.02,32163753
2018-04-06 00:00:00+05:30,16.98,18.29,16.8,18.15,128049971
2018-04-09 00:00:00+05:30,18.06,18.96,17.97,18.65,73940377
2018-04-10 00:00:00+05:30,18.83,18.96,18.29,18.78,57240706
2018-04-11 00:00:00+05:30,18.96,19.32,18.56,18.74,72814596
2018-04-12 00:00:00+05:30,18.69,18.92,17.74,17.83,76729999
2018-04-13 00:00:00+05:30,17.92,18.38,17.79,18.24,50029374
2018-04-16 00:00:00+05:30,18.1,18.51,17.83,18.29,37750326
2018-04-17 00:00:00+05:30,18.2,18.38,17.97,18.1,23743525
2018-04-18 00:00:00+05:30,18.1,18.24,17.7,17.79,23795980
2018-04-19 00:00:00+05:30,17.92,18.2,17.65,18.01,22874241
2018-04-20 00:00:00+05:30,17.88,17.97,17.43,17.61,25561519
2018-04-23 00:00:00+05:30,17.61,18.1,17.47,17.74,26013986
2018-04-24 00:00:00+05:30,17.83,19.01,17.56,18.92,71819350
2018-04-25 00:00:00+05:30,19.01,19.19,18.15,18.38,53859925
2018-04-26 00:00:00+05:30,18.2,18.51,17.74,18.33,44154294
2018-04-27 00:00:00+05:30,18.47,18.6,18.1,18.38,27649886
2018-04-30 00:00:00+05:30,18.51,18.69,18.2,18.51,22343143
2018-05-02 00:00:00+05:30,18.47,18.92,17.88,18.06,30286677
2018-05-03 00:00:00+05:30,18.2,18.24,17.61,17.97,25165477
2018-05-04 00:00:00+05:30,17.92,18.1,17.65,17.74,15148761
2018-05-07 00:00:00+05:30,17.88,18.06,17.65,17.74,12379864
2018-05-08 00:00:00+05:30,17.83,18.1,17.65,17.97,20214885
2018-05-09 00:00:00+05:30,17.83,17.97,17.56,17.61,9616104
2018-05-10 00:00:00+05:30,17.7,17.74,16.71,16.93,20694877
2018-05-11 00:00:00+05:30,16.84,17.02,16.57,16.84,20030781
2018-05-14 00:00:00+05:30,16.84,16.98,16.12,16.34,18654031
2018-05-15 00:00:00+05:30,16.3,17.02,15.89,16.16,30375623
2018-05-16 00:00:00+05:30,15.89,16.71,15.71,16.48,23375645
2018-05-17 00:00:00+05:30,16.62,16.89,16.16,16.71,19526435
2018-05-18 00:00:00+05:30,16.84,16.84,15.53,15.67,40196947
2018-05-21 00:00:00+05:30,15.71,15.94,15.22,15.35,22695851
2018-05-22 00:00:00+05:30,15.35,15.85,14.81,15.67,31585183
2018-05-23 00:00:00+05:30,15.62,15.76,15.22,15.31,20164305
2018-05-24 00:00:00+05:30,15.44,15.76,15.17,15.53,21995857
2018-05-25 00:00:00+05:30,15.71,16.3,15.58,16.16,29072631
2018-05-28 00:00:00+05:30,16.34,16.93,16.25,16.62,27916908
2018-05-29 00:00:00+05:30,16.62,16.8,16.16,16.43,22264973
2018-05-30 00:00:00+05:30,16.34,16.89,16.25,16.48,25665116
2018-05-31 00:00:00+05:30,16.48,16.62,15.8,16.39,75104353
2018-06-01 00:00:00+05:30,16.16,16.16,13.14,15.13,171578593
2018-06-04 00:00:00+05:30,14.9,15.62,14.54,14.76,45620162
2018-06-05 00:00:00+05:30,14.76,14.85,13.59,14.36,59624288
2018-06-06 00:00:00+05:30,14.45,14.9,14.18,14.67,31288151
2018-06-07 00:00:00+05:30,14.9,15.58,14.85,15.22,50388672
2018-06-08 00:00:00+05:30,15.13,15.13,14.54,14.76,27440412
2018-06-11 00:00:00+05:30,14.81,14.94,14.54,14.67,23598575
2018-06-12 00:00:00+05:30,14.9,15.13,14.72,14.94,26674391
2018-06-13 00:00:00+05:30,14.99,15.03,14.54,14.67,24390097
2018-06-14 00:00:00+05:30,14.67,14.76,14.49,14.54,12820840
2018-06-15 00:00:00+05:30,14.58,14.63,14.13,14.36,19526405
2018-06-18 00:00:00+05:30,14.31,14.67,14.09,14.36,24681350
2018-06-19 00:00:00+05:30,14.18,14.31,13.91,14.04,33379923
2018-06-20 00:00:00+05:30,14.09,14.49,14.04,14.22,20570676
2018-06-21 00:00:00+05:30,14.36,14.54,14.13,14.4,18512600
2018-06-22 00:00:00+05:30,14.45,14.67,14.31,14.45,17774305
2018-06-25 00:00:00+05:30,14.4,14.67,14.18,14.4,25371938
2018-06-26 00:00:00+05:30,14.4,15.08,14.31,14.67,63336103
2018-06-27 00:00:00+05:30,14.45,14.54,13.91,14.09,41676660
2018-06-28 00:00:00+05:30,14.0,14.27,13.59,13.77,101818463
2018-06-29 00:00:00+05:30,14.0,14.18,13.68,13.82,31274480
2018-07-02 00:00:00+05:30,13.91,14.45,13.68,14.27,40635100
2018-07-03 00:00:00+05:30,14.22,14.54,14.0,14.45,35827312
2018-07-04 00:00:00+05:30,14.45,14.99,14.4,14.9,31788806
2018-07-05 00:00:00+05:30,14.9,14.99,14.4,14.49,19487240
2018-07-06 00:00:00+05:30,14.58,14.81,14.45,14.67,19377392
2018-07-09 00:00:00+05:30,14.76,14.9,14.58,14.72,23396907
2018-07-10 00:00:00+05:30,14.76,15.49,14.76,15.4,47191492
2018-07-11 00:00:00+05:30,15.4,15.76,15.13,15.4,45210398
2018-07-12 00:00:00+05:30,15.67,16.93,15.44,16.25,85061501
2018-07-13 00:00:00+05:30,16.43,16.48,15.67,16.07,51478816
2018-07-16 00:00:00+05:30,16.07,16.34,15.71,15.85,42939898
2018-07-17 00:00:00+05:30,15.85,16.52,15.76,16.43,31794418
2018-07-18 00:00:00+05:30,16.52,16.62,15.94,16.25,48830454
2018-07-19 00:00:00+05:30,16.3,16.52,15.98,16.25,39077202
2018-07-20 00:00:00+05:30,16.3,16.48,16.07,16.12,49659462
2018-07-23 00:00:00+05:30,16.12,16.66,16.07,16.52,80252089
2018-07-24 00:00:00+05:30,16.62,17.61,16.34,16.89,73637841
2018-07-25 00:00:00+05:30,16.89,16.93,16.25,16.34,22804896
2018-07-26 00:00:00+05:30,16.34,16.75,15.98,16.12,39748536
2018-07-27 00:00:00+05:30,16.12,16.57,16.12,16.25,22060592
2018-07-30 00:00:00+05:30,16.25,16.43,16.16,16.25,25957305
2018-07-31 00:00:00+05:30,16.3,16.39,15.62,16.03,29276712
2018-08-01 00:00:00+05:30,16.16,16.48,15.98,16.25,28081433
2018-08-02 00:00:00+05:30,16.25,16.75,16.12,16.48,32895308
2018-08-03 00:00:00+05:30,16.52,16.71,16.03,16.21,34915877
2018-08-06 00:00:00+05:30,16.3,16.43,16.16,16.25,10578235
2018-08-07 00:00:00+05:30,16.3,16.39,15.85,16.21,20852240
2018-08-08 00:00:00+05:30,16.25,16.34,16.03,16.12,10810779
2018-08-09 00:00:00+05:30,16.16,17.11,16.07,16.8,54288935
2018-08-10 00:00:00+05:30,16.8,16.93,16.03,16.16,33137372
2018-08-13 00:00:00+05:30,16.03,16.21,15.8,16.03,15658476
2018-08-14 00:00:00+05:30,16.07,16.21,16.03,16.12,15051973
2018-08-16 00:00:00+05:30,15.85,16.52,15.58,15.94,40067400
2018-08-17 00:00:00+05:30,16.03,17.47,16.03,17.25,110310135
2018-08-20 00:00:00+05:30,17.34,18.42,17.25,18.1,70584738
2018-08-21 00:00:00+05:30,18.2,18.29,17.61,17.83,31878632
2018-08-23 00:00:00+05:30,17.79,18.15,17.43,17.56,17009669
2018-08-24 00:00:00+05:30,17.61,17.7,17.07,17.29,19834763
2018-08-27 00:00:00+05:30,17.34,17.52,17.02,17.34,15608620
2018-08-28 00:00:00+05:30,17.29,17.52,16.8,17.2,39347597
2018-08-29 00:00:00+05:30,17.16,18.06,17.07,17.83,51951299
2018-08-30 00:00:00+05:30,17.97,18.29,17.65,18.06,39775925
2018-08-31 00:00:00+05:30,18.06,19.19,17.83,19.05,63216635
2018-09-03 00:00:00+05:30,19.01,19.41,18.1,18.29,47590686
2018-09-04 00:00:00+05:30,18.15,18.38,17.2,17.38,34750699
2018-09-05 00:00:00+05:30,17.52,17.79,16.98,17.65,37547110
2018-09-06 00:00:00+05:30,17.61,17.83,17.25,17.38,16855856
2018-09-07 00:00:00+05:30,17.34,17.7,17.07,17.47,17434171
2018-09-10 00:00:00+05:30,17.38,17.56,16.75,16.84,19615264
2018-09-11 00:00:00+05:30,16.84,17.11,16.25,16.3,16311348
2018-09-12 00:00:00+05:30,16.34,16.43,15.71,16.25,21333613
2018-09-14 00:00:00+05:30,16.25,16.75,16.25,16.71,11890307
2018-09-17 00:00:00+05:30,16.71,17.2,16.39,16.66,15823016
2018-09-18 00:00:00+05:30,16.71,16.89,15.89,15.98,18052804
2018-09-19 00:00:00+05:30,16.16,16.39,15.89,16.03,17214979
2018-09-21 00:00:00+05:30,16.07,16.21,13.64,14.63,56140124
2018-09-24 00:00:00+05:30,15.13,15.89,14.49,15.08,57755523
2018-09-25 00:00:00+05:30,15.17,15.67,14.76,15.22,55528023
2018-09-26 00:00:00+05:30,15.35,15.94,15.13,15.85,63943214
2018-09-27 00:00:00+05:30,15.71,15.8,15.03,15.17,34956639
2018-09-28 00:00:00+05:30,15.35,15.4,14.27,14.63,54154635
2018-10-01 00:00:00+05:30,14.58,15.53,13.77,15.4,50492468
2018-10-03 00:00:00+05:30,15.35,15.85,14.72,15.08,39524252
2018-10-04 00:00:00+05:30,14.76,15.22,14.4,14.67,55957110
2018-10-05 00:00:00+05:30,14.67,15.03,14.22,14.4,29996966
2018-10-08 00:00:00+05:30,14.54,14.76,13.77,14.22,47689203
2018-10-09 00:00:00+05:30,14.4,14.63,14.0,14.18,24746462
2018-10-10 00:00:00+05:30,14.27,14.94,14.22,14.81,28095162
2018-10-11 00:00:00+05:30,14.4,14.9,14.22,14.31,27863020
2018-10-12 00:00:00+05:30,14.4,15.22,14.4,14.99,29555005
2018-10-15 00:00:00+05:30,14.94,15.08,14.67,14.99,13383058
2018-10-16 00:00:00+05:30,14.94,15.17,14.81,14.9,18123655
2018-10-17 00:00:00+05:30,14.99,15.26,14.04,14.18,28759821
2018-10-19 00:00:00+05:30,14.31,14.45,13.82,14.18,29891840
2018-10-22 00:00:00+05:30,14.4,14.54,14.09,14.31,34254995
2018-10-23 00:00:00+05:30,14.22,14.58,13.91,14.45,41808997
2018-10-24 00:00:00+05:30,14.58,14.63,14.27,14.4,15993923
2018-10-25 00:00:00+05:30,14.31,14.72,14.0,14.13,36720591
2018-10-26 00:00:00+05:30,14.13,14.27,13.68,14.0,32351719
2018-10-29 00:00:00+05:30,14.18,14.67,13.91,14.58,19785972
2018-10-30 00:00:00+05:30,14.63,15.03,14.49,14.85,22323387
2018-10-31 00:00:00+05:30,14.99,15.35,14.67,15.22,27333516
2018-11-01 00:00:00+05:30,15.22,15.53,15.08,15.4,21145748
2018-11-02 00:00:00+05:30,15.53,16.03,15.17,15.31,41003499
2018-11-05 00:00:00+05:30,15.31,15.58,14.94,15.31,29570043
2018-11-06 00:00:00+05:30,15.4,15.44,14.72,14.81,27236743
2018-11-07 00:00:00+05:30,14.99,15.03,14.9,14.99,1021526
2018-11-09 00:00:00+05:30,15.08,15.35,14.81,15.17,14118769
2018-11-12 00:00:00+05:30,15.26,15.31,14.54,14.58,28603812
2018-11-13 00:00:00+05:30,14.49,14.72,14.13,14.4,30888262
2018-11-14 00:00:00+05:30,14.54,14.85,14.36,14.63,18051996
2018-11-15 00:00:00+05:30,14.63,14.72,14.22,14.58,13553024
2018-11-16 00:00:00+05:30,14.63,14.81,14.45,14.49,13237094
2018-11-19 00:00:00+05:30,14.49,14.99,14.45,14.85,12576836
2018-11-20 00:00:00+05:30,15.08,15.44,14.58,14.67,27363716
2018-11-21 00:00:00+05:30,14.67,15.49,14.63,14.85,30734302
2018-11-22 00:00:00+05:30,15.03,15.13,14.49,14.54,23348758
2018-11-26 00:00:00+05:30,14.58,14.67,14.22,14.58,22757404
2018-11-27 00:00:00+05:30,14.58,14.85,14.4,14.81,19845108
2018-11-28 00:00:00+05:30,14.81,14.9,14.36,14.45,21650061
2018-11-29 00:00:00+05:30,14.58,14.72,14.31,14.45,28763654
2018-11-30 00:00:00+05:30,14.49,14.63,14.36,14.54,13731718
2018-12-03 00:00:00+05:30,14.63,14.94,14.45,14.81,14958307
2018-12-04 00:00:00+05:30,14.76,14.81,14.45,14.54,8900836
2018-12-05 00:00:00+05:30,14.49,14.49,13.95,14.04,17459349
2018-12-06 00:00:00+05:30,14.09,14.13,13.64,13.95,31663505
2018-12-07 00:00:00+05:30,13.91,13.91,13.68,13.73,8835073
2018-12-10 00:00:00+05:30,13.54,13.68,13.32,13.41,11627247
2018-12-11 00:00:00+05:30,13.27,13.59,13.23,13.32,17199003
2018-12-12 00:00:00+05:30,13.45,14.18,13.45,13.95,24691234
2018-12-13 00:00:00+05:30,14.0,14.13,13.86,14.0,15559366
2018-12-14 00:00:00+05:30,13.91,14.27,13.82,14.22,12673262
2018-12-17 00:00:00+05:30,14.18,14.27,14.09,14.18,4985734
2018-12-18 00:00:00+05:30,14.09,14.31,14.09,14.18,6897724
2018-12-19 00:00:00+05:30,14.22,15.03,14.13,14.85,26468069
2018-12-20 00:00:00+05:30,14.76,14.94,14.67,14.81,8492800
2018-12-21 00:00:00+05:30,14.9,15.03,14.31,14.36,13502685
2018-12-24 00:00:00+05:30,14.4,14.4,13.95,14.22,11072085
2018-12-26 00:00:00+05:30,14.22,14.72,13.95,14.63,21189339
2018-12-27 00:00:00+05:30,14.72,14.94,14.31,14.4,17451941
2018-12-28 00:00:00+05:30,14.49,14.81,14.49,14.67,7710277
2018-12-31 00:00:00+05:30,14.67,14.9,14.63,14.81,12644061
2019-01-01 00:00:00+05:30,14.9,14.94,14.67,14.81,5914109
2019-01-02 00:00:00+05:30,14.81,14.85,14.31,14.4,10089515
2019-01-03 00:00:00+05:30,14.4,14.54,14.09,14.13,12259220
2019-01-04 00:00:00+05:30,14.18,14.4,13.91,14.31,11220533
2019-01-07 00:00:00+05:30,14.45,14.58,14.18,14.31,7057999
2019-01-08 00:00:00+05:30,14.4,14.58,14.27,14.49,9003555
2019-01-09 00:00:00+05:30,14.54,15.35,14.54,15.22,38946834
2019-01-10 00:00:00+05:30,15.26,15.58,14.99,15.13,24433661
2019-01-11 00:00:00+05:30,15.13,15.26,14.9,15.08,11947254
2019-01-14 00:00:00+05:30,14.99,14.99,14.76,14.81,6268018
2019-01-15 00:00:00+05:30,14.9,15.03,14.76,14.9,8775519
2019-01-16 00:00:00+05:30,14.94,15.08,14.85,14.94,6147515
2019-01-17 00:00:00+05:30,14.99,15.08,14.67,14.76,7250326
2019-01-18 00:00:00+05:30,14.81,14.9,14.54,14.67,12714523
2019-01-21 00:00:00+05:30,14.76,14.76,14.45,14.49,6258562
2019-01-22 00:00:00+05:30,14.54,14.67,14.31,14.58,8774109
2019-01-23 00:00:00+05:30,14.63,14.85,14.45,14.58,11394144
2019-01-24 00:00:00+05:30,14.58,14.67,14.31,14.4,7414828
2019-01-25 00:00:00+05:30,14.45,14.54,14.09,14.13,10994447
2019-01-28 00:00:00+05:30,14.13,14.18,13.54,13.91,23664936
2019-01-29 00:00:00+05:30,13.77,14.22,13.77,14.04,13475490
2019-01-30 00:00:00+05:30,14.04,14.18,13.82,14.04,18999533
2019-01-31 00:00:00+05:30,14.09,14.18,13.54,13.73,48441045
2019-02-01 00:00:00+05:30,13.86,14.09,13.54,13.59,22937611
2019-02-04 00:00:00+05:30,13.59,13.64,13.23,13.54,27550067
2019-02-05 00:00:00+05:30,13.59,13.86,11.69,13.32,91107199
2019-02-06 00:00:00+05:30,13.54,14.0,13.14,13.68,46098783
2019-02-07 00:00:00+05:30,13.59,13.91,13.54,13.73,13826705
2019-02-08 00:00:00+05:30,13.68,13.82,13.41,13.5,11915621
2019-02-11 00:00:00+05:30,13.45,13.5,12.69,13.36,32832397
2019-02-12 00:00:00+05:30,13.27,13.68,13.05,13.27,34570227
2019-02-13 00:00:00+05:30,13.32,13.41,12.82,13.18,29698343
2019-02-14 00:00:00+05:30,13.0,13.54,12.78,13.36,33357799
2019-02-15 00:00:00+05:30,13.14,13.77,12.82,13.41,41093190
2019-02-18 00:00:00+05:30,13.36,13.68,13.05,13.36,37548670
2019-02-19 00:00:00+05:30,13.41,14.31,13.36,14.09,35580871
2019-02-20 00:00:00+05:30,14.13,14.27,13.95,14.13,20758123
2019-02-21 00:00:00+05:30,14.13,14.67,14.0,14.58,32898720
2019-02-22 00:00:00+05:30,14.58,15.03,14.49,14.85,28703171
2019-02-25 00:00:00+05:30,14.94,14.99,14.67,14.81,9636130
2019-02-26 00:00:00+05:30,14.72,14.81,14.36,14.67,19510852
2019-02-27 00:00:00+05:30,14.99,15.03,14.4,14.63,26334973
2019-02-28 00:00:00+05:30,14.63,14.76,14.49,14.63,11048939
2019-03-01 00:00:00+05:30,14.67,15.08,14.67,15.03,18317796
2019-03-05 00:00:00+05:30,14.94,15.4,14.81,15.35,24182630
2019-03-06 00:00:00+05:30,15.49,15.49,14.94,15.26,30945743
2019-03-07 00:00:00+05:30,15.26,15.89,15.03,15.26,40940328
2019-03-08 00:00:00+05:30,15.22,15.4,15.08,15.22,9372349
2019-03-11 00:00:00+05:30,15.31,15.58,15.26,15.53,10897871
2019-03-12 00:00:00+05:30,15.8,15.89,15.44,15.58,13128758
2019-03-13 00:00:00+05:30,15.53,15.53,15.17,15.31,12108327
2019-03-14 00:00:00+05:30,15.22,15.62,15.08,15.49,25113345
2019-03-15 00:00:00+05:30,15.53,15.53,15.08,15.31,54514152
2019-03-18 00:00:00+05:30,15.4,15.62,15.4,15.49,26559271
2019-03-19 00:00:00+05:30,15.49,15.94,15.31,15.76,25915291
2019-03-20 00:00:00+05:30,15.76,15.85,15.26,15.35,31680084
2019-03-22 00:00:00+05:30,15.44,15.85,15.4,15.71,36426005
2019-03-25 00:00:00+05:30,15.49,15.85,15.31,15.44,37127326
2019-03-26 00:00:00+05:30,15.44,17.88,15.44,17.56,138326851
2019-03-27 00:00:00+05:30,19.28,19.28,17.38,17.61,154165403
2019-03-28 00:00:00+05:30,17.79,18.47,17.52,18.06,59224796
2019-03-29 00:00:00+05:30,18.2,18.42,17.7,17.88,53144984
2019-04-01 00:00:00+05:30,17.65,17.97,17.47,17.61,27011039
2019-04-02 00:00:00+05:30,17.65,18.01,17.38,17.47,24709739
2019-04-03 00:00:00+05:30,17.47,17.52,16.71,16.8,39462591
2019-04-04 00:00:00+05:30,16.84,17.47,16.71,17.2,27285530
2019-04-05 00:00:00+05:30,17.25,17.29,16.8,16.93,12611362
2019-04-08 00:00:00+05:30,16.93,17.2,16.3,16.48,15840371
2019-04-09 00:00:00+05:30,16.62,17.07,16.34,16.98,18997310
2019-04-10 00:00:00+05:30,16.98,17.07,16.34,16.66,17233819
2019-04-11 00:00:00+05:30,16.8,17.47,16.75,16.89,29589983
2019-04-12 00:00:00+05:30,16.89,17.02,16.57,16.84,16114787
2019-04-15 00:00:00+05:30,16.84,17.11,16.71,16.8,9553215
2019-04-16 00:00:00+05:30,16.8,16.98,16.62,16.75,10729988
2019-04-18 00:00:00+05:30,16.75,16.84,16.25,16.57,17369988
2019-04-22 00:00:00+05:30,16.52,16.52,16.03,16.07,11942821
2019-04-23 00:00:00+05:30,16.21,16.25,15.62,15.71,22926080
2019-04-24 00:00:00+05:30,15.89,15.98,15.67,15.71,15700990
2019-04-25 00:00:00+05:30,15.8,16.03,15.31,15.4,25268020
2019-04-26 00:00:00+05:30,15.49,15.53,15.17,15.31,15974932
2019-04-30 00:00:00+05:30,15.4,15.44,14.85,15.03,9527301
2019-05-02 00:00:00+05:30,14.99,15.31,14.94,15.13,11635900
2019-05-03 00:00:00+05:30,14.94,15.26,14.85,14.9,12703768
2019-05-06 00:00:00+05:30,14.85,14.99,14.67,14.81,6861232
2019-05-07 00:00:00+05:30,14.9,15.22,14.27,14.45,17668296
2019-05-08 00:00:00+05:30,14.45,14.58,14.18,14.31,10561619
2019-05-09 00:00:00+05:30,14.31,14.67,14.13,14.49,10318526
2019-05-10 00:00:00+05:30,14.45,14.72,14.31,14.54,8532915
2019-05-13 00:00:00+05:30,14.54,14.54,13.68,13.82,12635173
2019-05-14 00:00:00+05:30,13.77,14.36,13.45,14.27,30832934
2019-05-15 00:00:00+05:30,14.31,14.31,13.82,13.91,10898105
2019-05-16 00:00:00+05:30,13.95,14.0,13.68,13.86,15514523
2019-05-17 00:00:00+05:30,13.95,14.09,13.68,13.77,15200514
2019-05-20 00:00:00+05:30,14.04,14.54,14.04,14.18,23526492
2019-05-21 00:00:00+05:30,14.36,14.36,13.77,13.91,14025827
2019-05-22 00:00:00+05:30,13.95,14.04,13.73,13.91,11761501
2019-05-23 00:00:00+05:30,14.18,15.13,14.09,14.31,40501093
2019-05-24 00:00:00+05:30,14.4,15.26,14.31,15.17,17207618
2019-05-27 00:00:00+05:30,15.31,15.76,15.22,15.35,22356596
2019-05-28 00:00:00+05:30,15.44,15.53,14.94,15.03,22737711
2019-05-29 00:00:00+05:30,14.99,15.03,14.36,14.49,16709650
2019-05-30 00:00:00+05:30,14.49,14.9,14.18,14.49,26387763
2019-05-31 00:00:00+05:30,14.49,14.63,13.86,14.0,16013602
2019-06-03 00:00:00+05:30,14.04,14.13,13.73,13.91,12752977
2019-06-04 00:00:00+05:30,13.91,14.13,13.77,13.82,10083373
2019-06-06 00:00:00+05:30,13.91,13.91,13.36,13.5,22035761
2019-06-07 00:00:00+05:30,13.54,13.59,13.09,13.32,12307594
2019-06-10 00:00:00+05:30,13.36,13.5,13.18,13.32,15362441
2019-06-11 00:00:00+05:30,13.41,13.64,13.18,13.54,14382527
2019-06-12 00:00:00+05:30,13.54,13.73,13.41,13.5,10594527
2019-06-13 00:00:00+05:30,13.54,13.64,13.18,13.59,16295911
2019-06-14 00:00:00+05:30,13.64,13.64,13.27,13.36,13850271
2019-06-17 00:00:00+05:30,13.41,13.77,13.14,13.59,23452325
2019-06-18 00:00:00+05:30,13.5,13.73,13.23,13.41,14823818
2019-06-19 00:00:00+05:30,13.54,13.59,12.69,13.36,72822693
2019-06-20 00:00:00+05:30,13.18,13.91,13.14,13.82,22754284
2019-06-21 00:00:00+05:30,13.82,14.09,13.64,14.0,12689158
2019-06-24 00:00:00+05:30,13.95,14.09,13.77,13.86,6152811
2019-06-25 00:00:00+05:30,13.82,13.95,13.54,13.64,16468730
2019-06-26 00:00:00+05:30,13.73,14.18,13.68,13.86,21956657
2019-06-27 00:00:00+05:30,13.91,14.09,13.73,13.82,15272002
2019-06-28 00:00:00+05:30,13.82,13.82,13.27,13.45,23638697
2019-07-01 00:00:00+05:30,13.59,13.82,13.32,13.64,11789024
2019-07-02 00:00:00+05:30,13.68,13.68,13.36,13.59,15754949
2019-07-03 00:00:00+05:30,13.59,13.77,13.5,13.64,6046029
2019-07-04 00:00:00+05:30,13.64,13.77,13.59,13.64,5518117
2019-07-05 00:00:00+05:30,14.27,14.49,13.54,13.64,43409921
2019-07-08 00:00:00+05:30,13.54,13.64,13.14,13.59,18523260
2019-07-09 00:00:00+05:30,13.45,13.91,13.36,13.82,9413280
2019-07-10 00:00:00+05:30,13.91,13.91,13.54,13.59,6864698
2019-07-11 00:00:00+05:30,13.64,13.77,13.45,13.64,5201653
2019-07-12 00:00:00+05:30,13.64,13.77,13.54,13.64,5211365
2019-07-15 00:00:00+05:30,13.68,13.77,13.45,13.54,3959933
2019-07-16 00:00:00+05:30,13.54,13.64,13.5,13.59,3201312
2019-07-17 00:00:00+05:30,13.54,13.73,13.5,13.59,5348401
2019-07-18 00:00:00+05:30,13.54,13.68,13.27,13.41,10262877
2019-07-19 00:00:00+05:30,13.5,13.5,13.18,13.36,11098927
2019-07-22 00:00:00+05:30,13.32,13.41,13.14,13.32,8519111
2019-07-23 00:00:00+05:30,13.32,13.45,13.23,13.36,6327296
2019-07-24 00:00:00+05:30,13.36,13.41,13.0,13.09,21506223
2019-07-25 00:00:00+05:30,13.14,13.45,13.09,13.18,13876449
2019-07-26 00:00:00+05:30,13.18,13.32,13.09,13.23,9279663
2019-07-29 00:00:00+05:30,13.18,13.32,12.96,13.23,15940707
2019-07-30 00:00:00+05:30,13.18,13.36,12.91,13.05,36299010
2019-07-31 00:00:00+05:30,13.05,13.59,13.0,13.5,43270386
2019-08-01 00:00:00+05:30,13.5,13.77,13.36,13.54,28201214
2019-08-02 00:00:00+05:30,13.45,13.73,13.36,13.64,18676966
2019-08-05 00:00:00+05:30,13.41,13.54,13.18,13.32,26164496
2019-08-06 00:00:00+05:30,13.32,13.54,13.32,13.41,7719812
2019-08-07 00:00:00+05:30,13.36,13.5,13.23,13.32,5974763
2019-08-08 00:00:00+05:30,13.32,13.45,13.23,13.41,6760619
2019-08-09 00:00:00+05:30,13.45,14.0,13.41,13.68,11803524
2019-08-13 00:00:00+05:30,13.68,13.95,13.45,13.5,8976355
2019-08-14 00:00:00+05:30,13.54,13.64,13.27,13.59,7567492
2019-08-16 00:00:00+05:30,13.54,13.91,13.36,13.77,9160910
2019-08-19 00:00:00+05:30,13.77,14.63,13.64,14.36,22742351
2019-08-20 00:00:00+05:30,14.36,14.45,13.64,13.68,13183687
2019-08-21 00:00:00+05:30,13.73,13.77,13.18,13.27,14457590
2019-08-22 00:00:00+05:30,13.36,13.59,13.05,13.27,39073427
2019-08-23 00:00:00+05:30,13.32,13.64,13.05,13.5,26639095
2019-08-26 00:00:00+05:30,13.54,13.82,13.23,13.73,12467401
2019-08-27 00:00:00+05:30,13.77,14.18,13.73,13.95,20577288
2019-08-28 00:00:00+05:30,13.95,14.09,13.68,13.77,7157672
2019-08-29 00:00:00+05:30,13.73,13.82,13.32,13.64,28739724
2019-08-30 00:00:00+05:30,13.68,13.86,13.45,13.59,13238283
2019-09-03 00:00:00+05:30,13.54,13.54,13.27,13.36,21023166
2019-09-04 00:00:00+05:30,13.36,13.41,13.14,13.27,9123187
2019-09-05 00:00:00+05:30,13.32,13.54,13.27,13.45,11825131
2019-09-06 00:00:00+05:30,13.5,14.13,13.5,14.04,11174073
2019-09-09 00:00:00+05:30,14.09,14.31,13.91,14.27,7891291
2019-09-11 00:00:00+05:30,14.27,15.35,14.13,15.26,20376014
2019-09-12 00:00:00+05:30,15.31,15.44,14.85,15.08,54227517
2019-09-13 00:00:00+05:30,15.13,15.49,14.76,15.4,39525402
2019-09-16 00:00:00+05:30,15.31,15.58,15.03,15.13,31068708
2019-09-17 00:00:00+05:30,15.13,15.17,14.36,14.45,22841830
2019-09-18 00:00:00+05:30,14.49,15.03,14.31,14.9,23014857
2019-09-19 00:00:00+05:30,14.9,14.9,14.22,14.36,16704575
2019-09-20 00:00:00+05:30,14.36,15.22,14.13,14.99,57405392
2019-09-23 00:00:00+05:30,15.26,15.62,14.94,15.03,27643174
2019-09-24 00:00:00+05:30,15.03,15.71,14.94,15.53,22905723
2019-09-25 00:00:00+05:30,15.85,16.03,14.9,15.22,42979703
2019-09-26 00:00:00+05:30,15.31,15.53,15.03,15.4,22903091
2019-09-27 00:00:00+05:30,15.44,16.03,15.13,15.49,37821718
2019-09-30 00:00:00+05:30,15.44,15.53,15.03,15.35,22085711
2019-10-01 00:00:00+05:30,15.44,15.62,14.58,14.76,19303462
2019-10-03 00:00:00+05:30,14.81,15.35,14.81,15.26,13769867
2019-10-04 00:00:00+05:30,15.31,15.4,14.81,14.9,11846588
2019-10-07 00:00:00+05:30,15.03,15.08,14.72,14.81,12108628
2019-10-09 00:00:00+05:30,14.9,15.71,14.81,15.62,20939226
2019-10-10 00:00:00+05:30,15.58,15.94,15.44,15.53,10317989
2019-10-11 00:00:00+05:30,15.62,15.8,15.26,15.53,13421826
2019-10-14 00:00:00+05:30,15.58,15.76,15.4,15.44,8144605
2019-10-15 00:00:00+05:30,15.53,15.67,15.35,15.62,9311384
2019-10-16 00:00:00+05:30,15.62,15.76,15.44,15.67,7174249
2019-10-17 00:00:00+05:30,15.85,15.94,15.53,15.85,9005447
2019-10-18 00:00:00+05:30,15.85,17.29,15.76,17.25,33447153
2019-10-22 00:00:00+05:30,17.16,17.74,16.93,17.25,16573465
2019-10-23 00:00:00+05:30,17.16,17.88,16.84,17.79,15632924
2019-10-24 00:00:00+05:30,17.88,18.47,17.7,18.01,27998560
2019-10-25 00:00:00+05:30,17.88,18.51,17.7,17.92,18004445
2019-10-27 00:00:00+05:30,17.92,18.2,17.83,17.97,2827602
2019-10-29 00:00:00+05:30,18.06,19.5,17.97,18.78,33107004
2019-10-30 00:00:00+05:30,18.92,18.92,18.29,18.65,14953030
2019-10-31 00:00:00+05:30,18.74,19.28,18.65,18.74,31783113
2019-11-01 00:00:00+05:30,18.69,19.05,18.56,18.78,13086186
2019-11-04 00:00:00+05:30,18.92,19.14,18.74,18.83,11042184
2019-11-05 00:00:00+05:30,18.83,19.01,18.29,18.65,7526148
2019-11-06 00:00:00+05:30,18.74,20.5,18.51,19.96,55706900
2019-11-07 00:00:00+05:30,20.0,20.36,19.69,20.14,25448964
2019-11-08 00:00:00+05:30,20.05,20.36,19.41,19.55,18743673
2019-11-11 00:00:00+05:30,19.19,19.87,19.19,19.73,13308331
2019-11-13 00:00:00+05:30,19.69,19.91,18.78,19.01,22502530
2019-11-14 00:00:00+05:30,19.01,19.37,18.65,18.96,17721526
2019-11-15 00:00:00+05:30,18.92,19.91,18.78,19.55,25359926
2019-11-18 00:00:00+05:30,19.41,19.73,19.19,19.23,13968566
2019-11-19 00:00:00+05:30,19.23,19.28,18.56,18.69,21510570
2019-11-20 00:00:00+05:30,18.78,19.14,18.51,18.69,15764443
2019-11-21 00:00:00+05:30,19.01,19.28,18.56,18.69,15964178
2019-11-22 00:00:00+05:30,18.78,18.78,18.2,18.56,15602528
2019-11-25 00:00:00+05:30,18.56,18.87,18.29,18.74,8647526
2019-11-26 00:00:00+05:30,18.87,19.73,18.56,18.69,39942066
2019-11-27 00:00:00+05:30,18.78,19.32,18.47,19.23,17774323
2019-11-28 00:00:00+05:30,19.32,20.0,19.14,19.82,22375745
2019-11-29 00:00:00+05:30,19.96,20.27,19.46,19.78,19387682
2019-12-02 00:00:00+05:30,19.32,19.82,18.83,19.28,20243835
2019-12-03 00:00:00+05:30,19.32,19.37,18.6,18.92,17906063
2019-12-04 00:00:00+05:30,18.51,19.41,18.42,19.32,17885079
2019-12-05 00:00:00+05:30,19.37,19.41,18.69,18.87,8007671
2019-12-06 00:00:00+05:30,18.96,18.96,18.24,18.38,8988550
2019-12-09 00:00:00+05:30,18.29,19.05,18.1,18.69,8786895
2019-12-10 00:00:00+05:30,18.78,18.78,18.06,18.2,8465543
2019-12-11 00:00:00+05:30,18.2,18.74,18.01,18.42,13393749
2019-12-12 00:00:00+05:30,18.29,19.05,18.29,18.83,8032212
2019-12-13 00:00:00+05:30,18.87,19.28,18.78,19.05,17059243
2019-12-16 00:00:00+05:30,19.28,19.28,18.96,19.14,19112947
2019-12-17 00:00:00+05:30,19.1,19.91,18.96,19.73,25087830
2019-12-18 00:00:00+05:30,19.69,19.82,19.01,19.19,20596640
2019-12-19 00:00:00+05:30,19.01,19.55,18.92,19.37,16155248
2019-12-20 00:00:00+05:30,19.37,19.87,19.1,19.73,26275529
2019-12-23 00:00:00+05:30,19.64,19.82,19.23,19.37,10809981
2019-12-24 00:00:00+05:30,19.32,19.64,19.05,19.28,11447243
2019-12-26 00:00:00+05:30,19.23,19.46,19.05,19.14,13136494
2019-12-27 00:00:00+05:30,19.19,19.32,18.96,19.01,7877551
2019-12-30 00:00:00+05:30,19.05,19.14,18.74,18.83,13177787
2019-12-31 00:00:00+05:30,18.78,19.1,18.65,18.96,4924475
2020-01-01 00:00:00+05:30,19.01,19.1,18.74,18.87,4333330
2020-01-02 00:00:00+05:30,18.92,19.73,18.83,19.59,10369919
2020-01-03 00:00:00+05:30,19.55,21.08,19.41,20.45,56022937
2020-01-06 00:00:00+05:30,20.32,20.9,19.73,20.41,43309196
2020-01-07 00:00:00+05:30,20.59,21.45,20.59,21.04,50886610
2020-01-08 00:00:00+05:30,20.63,22.3,20.59,21.81,66388757
2020-01-09 00:00:00+05:30,22.26,22.3,21.58,21.76,37807092
2020-01-10 00:00:00+05:30,22.03,22.21,21.36,21.58,29996862
2020-01-13 00:00:00+05:30,21.72,21.85,21.31,21.4,16822217
2020-01-14 00:00:00+05:30,21.36,21.99,21.22,21.27,16111397
2020-01-15 00:00:00+05:30,21.27,21.85,21.22,21.63,25331224
2020-01-16 00:00:00+05:30,21.72,22.57,21.45,21.58,45050510
2020-01-17 00:00:00+05:30,21.67,21.81,21.18,21.22,12590502
2020-01-20 00:00:00+05:30,21.31,21.54,20.77,20.95,20467526
2020-01-21 00:00:00+05:30,20.77,21.08,20.68,20.86,9591924
2020-01-22 00:00:00+05:30,20.86,21.08,20.72,20.81,8512168
2020-01-23 00:00:00+05:30,20.9,21.67,20.77,21.58,32277880
2020-01-24 00:00:00+05:30,21.67,21.99,21.45,21.85,11887425
2020-01-27 00:00:00+05:30,21.67,22.17,21.36,21.49,20683580
2020-01-28 00:00:00+05:30,21.67,21.76,21.31,21.36,9595481
2020-01-29 00:00:00+05:30,21.45,21.72,21.4,21.49,8147789
2020-01-30 00:00:00+05:30,21.49,21.63,20.81,20.99,11248998
2020-01-31 00:00:00+05:30,21.13,21.18,20.23,20.63,11707281
2020-02-01 00:00:00+05:30,20.45,20.99,18.92,19.23,18665070
2020-02-03 00:00:00+05:30,19.14,19.69,19.01,19.41,14343530
2020-02-04 00:00:00+05:30,19.64,20.14,19.37,19.87,11745504
2020-02-05 00:00:00+05:30,20.09,20.77,19.96,20.68,9827442
2020-02-06 00:00:00+05:30,20.86,21.18,20.54,21.04,11688404
2020-02-07 00:00:00+05:30,21.08,21.36,20.95,21.22,9598814
2020-02-10 00:00:00+05:30,21.08,21.27,20.9,21.04,7038250
2020-02-11 00:00:00+05:30,21.22,21.4,20.77,20.81,6874909
2020-02-12 00:00:00+05:30,20.9,21.04,20.54,20.72,8761728
2020-02-13 00:00:00+05:30,20.81,21.67,20.68,21.45,23356643
2020-02-14 00:00:00+05:30,21.58,21.67,20.59,20.86,26515899
2020-02-17 00:00:00+05:30,20.9,21.08,20.23,20.36,9517890
2020-02-18 00:00:00+05:30,20.72,20.86,19.87,20.36,7930839
2020-02-19 00:00:00+05:30,20.54,20.95,20.36,20.81,13513802
2020-02-20 00:00:00+05:30,21.13,21.58,20.77,21.36,33068180
2020-02-24 00:00:00+05:30,23.48,23.93,21.94,22.98,84066425
2020-02-25 00:00:00+05:30,23.16,23.88,22.94,23.07,70848517
2020-02-26 00:00:00+05:30,22.98,22.98,21.85,22.03,42749611
2020-02-27 00:00:00+05:30,22.12,22.12,20.45,20.59,33776783
2020-02-28 00:00:00+05:30,19.55,19.59,17.83,18.06,68704879
2020-03-02 00:00:00+05:30,18.69,19.14,17.7,18.1,64627619
2020-03-03 00:00:00+05:30,18.6,18.78,17.83,18.24,24981779
2020-03-04 00:00:00+05:30,18.38,18.65,17.38,18.15,47784047
2020-03-05 00:00:00+05:30,18.38,18.51,17.88,18.29,29792849
2020-03-06 00:00:00+05:30,16.71,17.88,16.57,17.61,47771954
2020-03-09 00:00:00+05:30,17.07,17.25,16.34,16.84,44078072
2020-03-11 00:00:00+05:30,16.84,17.34,16.34,16.62,27073053
2020-03-12 00:00:00+05:30,15.98,16.12,13.82,14.31,105664849
2020-03-13 00:00:00+05:30,13.27,15.62,12.73,15.08,64380704
2020-03-16 00:00:00+05:30,14.45,15.13,14.31,14.9,58921055
2020-03-17 00:00:00+05:30,15.03,15.35,14.54,14.99,37426346
2020-03-18 00:00:00+05:30,15.08,15.26,14.27,14.63,34781030
2020-03-19 00:00:00+05:30,14.27,14.72,13.59,14.45,70092466
2020-03-20 00:00:00+05:30,14.76,15.89,14.4,15.49,33392381
2020-03-23 00:00:00+05:30,14.0,14.67,13.59,14.36,44306001
2020-03-24 00:00:00+05:30,14.67,14.85,13.95,14.45,15397443
2020-03-25 00:00:00+05:30,13.91,14.81,13.82,14.67,15576290
2020-03-26 00:00:00+05:30,14.67,15.22,14.27,14.67,17922404
2020-03-27 00:00:00+05:30,14.72,15.35,14.09,14.36,18030801
2020-03-30 00:00:00+05:30,14.18,14.54,13.91,14.36,18238895
2020-03-31 00:00:00+05:30,14.76,14.9,14.36,14.76,17284949
2020-04-01 00:00:00+05:30,14.67,14.76,14.49,14.63,4598882
2020-04-03 00:00:00+05:30,14.49,14.76,14.36,14.45,17253999
2020-04-07 00:00:00+05:30,14.67,15.26,14.4,15.13,25015211
2020-04-08 00:00:00+05:30,14.99,15.76,14.85,14.99,17448549
2020-04-09 00:00:00+05:30,15.22,15.35,14.9,15.08,8254427
2020-04-13 00:00:00+05:30,14.99,15.35,14.76,15.13,8911988
2020-04-15 00:00:00+05:30,15.26,16.03,15.22,15.35,35910812
2020-04-16 00:00:00+05:30,15.26,15.67,15.08,15.44,12348350
2020-04-17 00:00:00+05:30,15.8,16.25,15.53,16.07,16340476
2020-04-20 00:00:00+05:30,16.25,16.39,15.8,15.94,18155887
2020-04-21 00:00:00+05:30,15.62,15.62,15.22,15.4,6807586
2020-04-22 00:00:00+05:30,15.4,15.67,15.22,15.62,5140543
2020-04-23 00:00:00+05:30,15.67,15.89,15.62,15.8,5496376
2020-04-24 00:00:00+05:30,15.8,15.8,15.35,15.49,4387245
2020-04-27 00:00:00+05:30,15.58,15.62,15.13,15.35,5912497
2020-04-28 00:00:00+05:30,15.4,15.58,15.22,15.35,2650831
2020-04-29 00:00:00+05:30,15.31,15.53,15.22,15.31,5229922
2020-04-30 00:00:00+05:30,15.53,15.89,15.35,15.44,12291903
2020-05-04 00:00:00+05:30,15.13,15.26,14.72,14.99,8218819
2020-05-05 00:00:00+05:30,15.17,15.26,14.9,14.99,11720559
2020-05-06 00:00:00+05:30,15.22,15.49,14.81,15.35,13775341
2020-05-07 00:00:00+05:30,15.35,15.8,15.17,15.58,13439885
2020-05-08 00:00:00+05:30,15.67,16.07,15.44,15.94,18781756
2020-05-11 00:00:00+05:30,16.03,16.43,15.94,16.16,12020671
2020-05-12 00:00:00+05:30,16.16,16.21,15.8,15.98,10836578
2020-05-13 00:00:00+05:30,16.43,16.66,15.98,16.34,14108085
2020-05-14 00:00:00+05:30,16.21,16.52,16.07,16.34,7730148
2020-05-15 00:00:00+05:30,16.48,16.52,16.25,16.34,6912893
2020-05-18 00:00:00+05:30,16.48,16.52,15.67,15.76,5279705
2020-05-19 00:00:00+05:30,15.76,15.94,15.53,15.58,3758248
2020-05-20 00:00:00+05:30,15.53,15.76,15.26,15.62,6343239
2020-05-21 00:00:00+05:30,15.89,15.98,15.62,15.71,5704424
2020-05-22 00:00:00+05:30,15.62,15.71,15.35,15.44,3589574
2020-05-26 00:00:00+05:30,15.44,15.71,15.35,15.58,5722535
2020-05-27 00:00:00+05:30,15.67,15.85,15.35,15.58,3899881
2020-05-28 00:00:00+05:30,15.62,16.25,15.49,16.07,7751067
2020-05-29 00:00:00+05:30,15.58,18.42,15.58,17.11,45165807
2020-06-01 00:00:00+05:30,17.38,17.79,17.07,17.2,13077060
2020-06-02 00:00:00+05:30,17.29,18.15,17.07,17.88,13031098
2020-06-03 00:00:00+05:30,18.51,18.92,17.7,17.79,16005167
2020-06-04 00:00:00+05:30,17.7,18.24,17.47,17.56,8129878
2020-06-05 00:00:00+05:30,17.7,18.47,17.7,18.2,12203918
2020-06-08 00:00:00+05:30,18.6,19.01,17.65,18.2,16495126
2020-06-09 00:00:00+05:30,18.33,19.82,17.97,19.05,35354418
2020-06-10 00:00:00+05:30,19.19,19.69,18.96,19.19,14127488
2020-06-11 00:00:00+05:30,19.19,19.5,18.51,18.74,12230240
2020-06-12 00:00:00+05:30,17.74,18.74,17.74,18.65,9537370
2020-06-15 00:00:00+05:30,18.87,19.28,18.38,18.6,11195191
2020-06-16 00:00:00+05:30,18.87,19.01,18.06,18.38,12662684
2020-06-17 00:00:00+05:30,18.29,18.56,17.92,18.06,5867214
2020-06-18 00:00:00+05:30,17.97,18.47,17.92,18.38,6400560
2020-06-19 00:00:00+05:30,18.51,19.82,18.33,19.5,32465999
2020-06-22 00:00:00+05:30,19.69,19.82,18.92,19.05,15183199
2020-06-23 00:00:00+05:30,19.19,19.69,19.01,19.55,12363645
2020-06-24 00:00:00+05:30,19.69,19.69,18.56,18.65,14706085
2020-06-25 00:00:00+05:30,18.47,18.92,18.38,18.47,11801663
2020-06-26 00:00:00+05:30,18.74,18.78,18.38,18.42,9013055
2020-06-29 00:00:00+05:30,18.38,18.65,17.97,18.1,9873374
2020-06-30 00:00:00+05:30,18.29,18.47,17.83,18.1,13468717
2020-07-01 00:00:00+05:30,18.2,18.69,17.88,18.56,13378902
2020-07-02 00:00:00+05:30,18.56,19.32,18.42,19.05,16623122
2020-07-03 00:00:00+05:30,19.23,19.55,18.74,19.41,20750318
2020-07-06 00:00:00+05:30,19.46,20.23,19.19,19.23,22619232
2020-07-07 00:00:00+05:30,19.46,19.46,18.83,19.14,13088544
2020-07-08 00:00:00+05:30,19.5,19.59,18.74,18.87,19167378
2020-07-09 00:00:00+05:30,18.96,19.14,18.56,18.65,7378615
2020-07-10 00:00:00+05:30,18.56,18.65,18.15,18.24,9270009
2020-07-13 00:00:00+05:30,18.2,18.47,17.97,18.01,8394928
2020-07-14 00:00:00+05:30,17.92,18.29,17.38,17.97,20696100
2020-07-15 00:00:00+05:30,17.79,18.15,17.43,17.65,13968864
2020-07-16 00:00:00+05:30,17.7,18.29,17.47,18.1,13408391
2020-07-17 00:00:00+05:30,18.15,18.6,17.79,18.01,23412079
2020-07-20 00:00:00+05:30,18.15,18.6,17.97,18.01,12171655
2020-07-21 00:00:00+05:30,18.15,18.24,17.88,17.97,7377841
2020-07-22 00:00:00+05:30,18.06,19.32,17.83,18.74,31944027
2020-07-23 00:00:00+05:30,18.69,20.0,18.38,19.55,25881361
2020-07-24 00:00:00+05:30,19.5,20.45,19.01,20.18,36725573
2020-07-27 00:00:00+05:30,19.96,20.18,19.19,19.46,12468360
2020-07-28 00:00:00+05:30,19.23,21.67,19.19,21.18,58086983
2020-07-29 00:00:00+05:30,21.08,21.72,20.09,20.32,31230189
2020-07-30 00:00:00+05:30,20.45,20.68,19.55,20.09,26803246
2020-07-31 00:00:00+05:30,20.68,20.86,19.37,19.64,25998755
2020-08-03 00:00:00+05:30,19.64,19.78,19.05,19.19,27392695
2020-08-04 00:00:00+05:30,19.28,19.46,18.87,19.19,12203817
2020-08-05 00:00:00+05:30,19.23,19.64,18.92,18.96,15135162
2020-08-06 00:00:00+05:30,18.96,19.19,18.65,18.83,9500165
2020-08-07 00:00:00+05:30,18.74,19.28,18.6,19.1,10037634
2020-08-10 00:00:00+05:30,19.19,19.73,19.05,19.37,9343408
2020-08-11 00:00:00+05:30,19.32,19.87,19.05,19.1,7960547
2020-08-12 00:00:00+05:30,19.14,19.5,18.96,19.37,7717260
2020-08-13 00:00:00+05:30,19.55,19.78,19.05,19.37,12545707
2020-08-14 00:00:00+05:30,19.46,19.55,18.74,18.92,10608577
2020-08-17 00:00:00+05:30,19.05,19.19,18.74,18.87,6750413
2020-08-18 00:00:00+05:30,18.92,19.32,18.78,19.19,7850046
2020-08-19 00:00:00+05:30,19.37,19.46,18.92,19.1,12662225
2020-08-20 00:00:00+05:30,18.96,20.14,18.96,20.05,25297437
2020-08-21 00:00:00+05:30,20.32,22.71,20.14,21.94,112826026
2020-08-24 00:00:00+05:30,22.21,23.61,22.21,22.85,67246688
2020-08-25 00:00:00+05:30,23.48,23.75,21.9,22.44,30116307
2020-08-26 00:00:00+05:30,22.71,23.88,22.21,23.34,43390031
2020-08-27 00:00:00+05:30,23.48,24.11,22.85,23.21,70884157
2020-08-28 00:00:00+05:30,25.1,25.51,22.94,23.25,130037981
2020-08-31 00:00:00+05:30,23.48,23.48,20.99,21.27,41944130
2020-09-01 00:00:00+05:30,21.27,21.94,20.81,21.31,23805550
2020-09-02 00:00:00+05:30,21.54,22.26,21.22,21.9,22036119
2020-09-03 00:00:00+05:30,21.99,22.12,21.54,21.67,11465422
2020-09-07 00:00:00+05:30,21.67,21.67,21.04,21.27,12324324
2020-09-08 00:00:00+05:30,21.27,21.36,20.23,20.41,12900000
2020-09-09 00:00:00+05:30,20.18,21.04,19.91,20.95,19569671
2020-09-10 00:00:00+05:30,20.99,21.45,20.5,20.86,12987371
2020-09-11 00:00:00+05:30,20.86,21.27,20.68,21.13,10279379
2020-09-14 00:00:00+05:30,21.36,21.9,21.22,21.4,15282083
2020-09-15 00:00:00+05:30,21.4,21.85,21.18,21.58,11483254
2020-09-16 00:00:00+05:30,21.54,21.76,21.31,21.54,7782042
2020-09-17 00:00:00+05:30,21.27,21.58,21.18,21.49,8432339
2020-09-18 00:00:00+05:30,21.4,22.12,21.4,21.63,22705251
2020-09-21 00:00:00+05:30,21.58,21.9,20.59,20.81,20843182
2020-09-22 00:00:00+05:30,20.77,20.77,19.5,19.64,25682501
2020-09-23 00:00:00+05:30,19.87,20.0,19.1,19.32,13065260
2020-09-24 00:00:00+05:30,19.28,19.96,18.78,19.1,30074645
2020-09-25 00:00:00+05:30,19.59,21.81,19.41,21.22,56887810
2020-09-28 00:00:00+05:30,21.18,21.63,20.86,21.49,18162326
2020-09-29 00:00:00+05:30,21.36,21.99,20.54,20.77,25335779
2020-09-30 00:00:00+05:30,20.77,21.45,20.45,20.81,29274752
2020-10-01 00:00:00+05:30,20.9,22.08,20.9,21.4,29423989
2020-10-05 00:00:00+05:30,21.45,21.54,21.04,21.08,15728519
2020-10-06 00:00:00+05:30,21.13,21.49,20.95,21.13,4317817
2020-10-07 00:00:00+05:30,21.31,21.81,21.22,21.36,16394927
2020-10-08 00:00:00+05:30,21.36,21.63,20.95,21.49,10890882
2020-10-09 00:00:00+05:30,21.36,21.45,21.13,21.22,3696648
2020-10-12 00:00:00+05:30,21.27,22.3,21.22,21.85,22881019
2020-10-13 00:00:00+05:30,21.81,22.21,21.36,21.49,16669648
2020-10-14 00:00:00+05:30,21.45,21.72,21.18,21.4,8520867
2020-10-15 00:00:00+05:30,21.45,21.63,20.95,21.08,5506041
2020-10-16 00:00:00+05:30,21.13,21.58,20.86,21.45,5839164
2020-10-19 00:00:00+05:30,21.45,21.76,21.08,21.22,13353805
2020-10-20 00:00:00+05:30,21.27,21.45,21.08,21.22,3558329
2020-10-21 00:00:00+05:30,21.13,21.63,21.13,21.4,5845682
2020-10-22 00:00:00+05:30,21.4,21.67,21.27,21.45,3962516
2020-10-23 00:00:00+05:30,21.72,22.08,21.54,21.94,11614969
2020-10-26 00:00:00+05:30,21.94,21.99,21.08,21.22,6735849
2020-10-27 00:00:00+05:30,21.31,21.9,20.99,21.72,10636572
2020-10-28 00:00:00+05:30,21.72,21.85,21.31,21.36,8948891
2020-10-29 00:00:00+05:30,21.22,22.17,20.86,21.04,22175515
2020-10-30 00:00:00+05:30,21.18,21.45,20.95,21.13,7060545
2020-11-02 00:00:00+05:30,21.13,21.45,20.99,21.08,4086956
2020-11-03 00:00:00+05:30,21.22,21.31,20.77,20.9,3320428
2020-11-04 00:00:00+05:30,20.9,21.27,20.72,20.81,12196887
2020-11-05 00:00:00+05:30,21.08,21.99,20.9,21.81,8982035
2020-11-06 00:00:00+05:30,21.81,21.94,21.49,21.72,5564185
2020-11-09 00:00:00+05:30,21.85,21.94,21.4,21.81,5028237
2020-11-10 00:00:00+05:30,21.85,22.94,21.67,22.26,17315909
2020-11-11 00:00:00+05:30,21.94,22.3,21.58,22.12,10024618
2020-11-12 00:00:00+05:30,21.85,22.39,21.85,22.03,10614002
2020-11-13 00:00:00+05:30,22.03,22.3,21.85,22.17,6546280
2020-11-14 00:00:00+05:30,22.12,22.3,21.76,21.99,1039870
2020-11-17 00:00:00+05:30,22.21,22.44,21.76,21.99,10807146
2020-11-18 00:00:00+05:30,22.08,23.3,22.03,23.12,20253839
2020-11-19 00:00:00+05:30,22.85,23.75,22.48,22.67,23633092
2020-11-20 00:00:00+05:30,22.8,23.03,22.62,22.71,8236584
2020-11-23 00:00:00+05:30,22.8,24.34,22.71,23.88,32578667
2020-11-24 00:00:00+05:30,24.29,24.61,22.53,23.12,43483266
2020-11-25 00:00:00+05:30,23.34,23.66,22.94,23.07,11634201
2020-11-26 00:00:00+05:30,23.03,23.43,22.76,23.34,10289289
2020-11-27 00:00:00+05:30,23.48,24.56,23.3,24.2,48001420
2020-12-01 00:00:00+05:30,24.38,24.38,23.48,23.66,11370594
2020-12-02 00:00:00+05:30,23.84,24.02,23.48,23.79,15451112
2020-12-03 00:00:00+05:30,24.11,24.25,23.75,24.11,7388503
2020-12-04 00:00:00+05:30,24.38,24.56,23.3,23.48,17260218
2020-12-07 00:00:00+05:30,23.61,24.06,23.48,23.79,12169016
2020-12-08 00:00:00+05:30,24.02,24.11,23.34,23.93,11774497
2020-12-09 00:00:00+05:30,23.93,25.46,23.84,24.83,48989839
2020-12-10 00:00:00+05:30,24.79,24.88,23.93,24.15,13266274
2020-12-11 00:00:00+05:30,24.25,24.47,23.61,24.02,12865655
2020-12-14 00:00:00+05:30,24.11,24.65,23.79,24.52,13802972
2020-12-15 00:00:00+05:30,24.47,26.28,23.97,26.05,52628133
2020-12-16 00:00:00+05:30,26.01,26.5,25.1,25.28,32358832
2020-12-17 00:00:00+05:30,25.33,25.51,24.7,24.83,13304779
2020-12-18 00:00:00+05:30,24.83,25.01,24.06,24.25,14852953
2020-12-21 00:00:00+05:30,24.11,24.43,21.76,22.12,25973217
2020-12-22 00:00:00+05:30,22.12,22.71,21.4,22.53,22968417
2020-12-23 00:00:00+05:30,22.76,23.61,22.48,23.52,12808912
2020-12-24 00:00:00+05:30,23.84,23.84,22.98,23.3,15091010
2020-12-28 00:00:00+05:30,23.3,23.61,23.12,23.43,9680374
2020-12-29 00:00:00+05:30,23.52,24.52,23.12,23.84,51119198
2020-12-30 00:00:00+05:30,24.38,25.37,23.75,24.74,161808207
2020-12-31 00:00:00+05:30,24.34,24.65,23.79,23.93,70670554
2021-01-01 00:00:00+05:30,23.93,24.34,23.75,24.02,12414541
2021-01-04 00:00:00+05:30,24.2,24.61,23.61,24.43,22046835
2021-01-05 00:00:00+05:30,24.2,24.74,23.97,24.56,23730002
2021-01-06 00:00:00+05:30,24.56,24.7,23.84,24.15,17204395
2021-01-07 00:00:00+05:30,24.38,25.06,24.15,24.52,22821558
2021-01-08 00:00:00+05:30,24.79,25.55,24.25,24.97,40343173
2021-01-11 00:00:00+05:30,25.06,25.19,24.02,24.29,21645456
2021-01-12 00:00:00+05:30,24.25,24.7,24.11,24.47,12261214
2021-01-13 00:00:00+05:30,24.74,24.83,24.06,24.43,17917549
2021-01-14 00:00:00+05:30,24.38,24.61,24.2,24.43,9219833
2021-01-15 00:00:00+05:30,24.34,24.47,23.7,24.06,15290304
2021-01-18 00:00:00+05:30,24.06,24.11,22.98,23.52,18970843
2021-01-19 00:00:00+05:30,23.61,24.56,23.57,24.43,16677433
2021-01-20 00:00:00+05:30,24.52,24.7,24.2,24.38,10686552
2021-01-21 00:00:00+05:30,24.38,24.56,23.52,23.75,9871775
2021-01-22 00:00:00+05:30,23.79,23.97,22.85,23.57,19903201
2021-01-25 00:00:00+05:30,23.7,23.84,22.85,23.43,18323887
2021-01-27 00:00:00+05:30,23.43,23.57,22.71,23.03,17984708
2021-01-28 00:00:00+05:30,22.8,22.89,21.9,22.35,26982130
2021-01-29 00:00:00+05:30,22.71,22.71,21.4,21.54,18472662
2021-02-01 00:00:00+05:30,21.72,22.57,21.22,22.44,20359360
2021-02-02 00:00:00+05:30,22.76,22.89,22.03,22.48,22671531
2021-02-03 00:00:00+05:30,22.48,24.7,22.35,23.75,73800543
2021-02-04 00:00:00+05:30,23.79,24.83,23.57,24.11,26986766
2021-02-05 00:00:00+05:30,24.34,24.47,23.48,23.61,20285293
2021-02-08 00:00:00+05:30,23.61,24.43,23.61,23.93,11079703
2021-02-09 00:00:00+05:30,23.75,24.43,23.7,23.88,15891813
2021-02-10 00:00:00+05:30,23.75,24.25,23.48,23.75,10386441
2021-02-11 00:00:00+05:30,23.7,24.02,23.3,23.48,10602032
2021-02-12 00:00:00+05:30,23.52,23.93,23.34,23.57,7939714
2021-02-15 00:00:00+05:30,23.21,23.48,22.85,23.07,15633105
2021-02-16 00:00:00+05:30,22.85,23.39,22.62,22.8,11127611
2021-02-17 00:00:00+05:30,22.67,22.98,22.57,22.62,7703729
2021-02-18 00:00:00+05:30,22.71,23.88,22.44,23.43,23489258
2021-02-19 00:00:00+05:30,23.57,23.79,22.44,22.76,17984249
2021-02-22 00:00:00+05:30,22.76,22.76,22.12,22.62,21731894
2021-02-23 00:00:00+05:30,22.44,23.25,22.44,22.94,13204754
2021-02-24 00:00:00+05:30,22.85,23.48,22.8,23.16,5052171
2021-02-25 00:00:00+05:30,23.16,24.65,23.16,24.25,31254472
2021-02-26 00:00:00+05:30,23.93,24.34,23.39,23.52,37796302
2021-03-01 00:00:00+05:30,23.84,23.93,23.34,23.66,10274100
2021-03-02 00:00:00+05:30,23.7,25.37,23.57,24.92,62788948
2021-03-03 00:00:00+05:30,25.24,25.83,24.83,25.06,24714630
2021-03-04 00:00:00+05:30,24.65,27.04,24.43,26.23,62016636
2021-03-05 00:00:00+05:30,26.23,26.37,24.47,24.97,37653779
2021-03-08 00:00:00+05:30,25.19,25.87,24.88,25.28,19549967
2021-03-09 00:00:00+05:30,25.28,25.96,24.79,25.01,21763027
2021-03-10 00:00:00+05:30,25.06,25.6,24.7,25.19,14166197
2021-03-12 00:00:00+05:30,25.37,25.55,24.47,24.7,14252166
2021-03-15 00:00:00+05:30,24.92,25.01,23.79,24.38,16164460
2021-03-16 00:00:00+05:30,24.52,24.74,23.88,24.11,11909638
2021-03-17 00:00:00+05:30,24.11,24.92,23.48,23.66,30813927
2021-03-18 00:00:00+05:30,24.02,24.2,22.35,22.89,26975013
2021-03-19 00:00:00+05:30,22.57,23.16,22.3,22.85,24119505
2021-03-22 00:00:00+05:30,23.07,23.39,22.3,23.12,21370580
2021-03-23 00:00:00+05:30,23.16,23.3,22.57,23.07,21583036
2021-03-24 00:00:00+05:30,22.94,22.94,22.17,22.35,45308126
2021-03-25 00:00:00+05:30,22.35,22.48,21.22,21.58,33978010
2021-03-26 00:00:00+05:30,21.85,22.62,21.72,21.85,19379357
2021-03-30 00:00:00+05:30,22.21,24.02,21.94,22.03,19001962
2021-03-31 00:00:00+05:30,22.03,22.3,21.85,21.94,31229326
2021-04-01 00:00:00+05:30,22.26,22.71,21.76,22.57,21289112
2021-04-05 00:00:00+05:30,22.67,22.85,21.45,21.72,25336039
2021-04-06 00:00:00+05:30,22.08,22.08,21.54,21.9,11598759
2021-04-07 00:00:00+05:30,21.9,22.12,21.58,21.99,15143956
2021-04-08 00:00:00+05:30,21.99,22.35,21.81,22.03,14994491
2021-04-09 00:00:00+05:30,21.99,22.57,21.85,22.44,15205786
2021-04-12 00:00:00+05:30,21.99,22.03,20.59,21.13,29059942
2021-04-13 00:00:00+05:30,21.13,22.03,20.99,21.9,16217257
2021-04-15 00:00:00+05:30,21.49,21.85,21.4,21.67,12041413
2021-04-16 00:00:00+05:30,21.67,21.81,21.4,21.63,11460842
2021-04-19 00:00:00+05:30,20.99,21.36,20.68,20.9,12369953
2021-04-20 00:00:00+05:30,20.77,21.31,20.54,20.81,14361141
2021-04-22 00:00:00+05:30,20.45,20.95,20.45,20.77,11785207
2021-04-23 00:00:00+05:30,20.72,20.86,20.59,20.68,11390223
2021-04-26 00:00:00+05:30,20.68,20.86,20.54,20.68,11480272
2021-04-27 00:00:00+05:30,20.5,21.81,20.5,21.27,15580281
2021-04-28 00:00:00+05:30,21.45,21.45,20.72,20.9,16589126
2021-04-29 00:00:00+05:30,20.9,21.04,20.41,20.63,16435068
2021-04-30 00:00:00+05:30,20.63,20.81,20.32,20.72,18419888
2021-05-03 00:00:00+05:30,20.45,21.31,20.36,21.13,18456234
2021-05-04 00:00:00+05:30,21.13,21.22,20.68,20.77,10140226
2021-05-05 00:00:00+05:30,20.77,21.54,20.77,21.45,10750979
2021-05-06 00:00:00+05:30,21.4,22.12,21.22,21.94,16315306
2021-05-07 00:00:00+05:30,21.72,21.94,21.4,21.72,11914168
2021-05-10 00:00:00+05:30,21.9,22.67,21.58,22.48,14038980
2021-05-11 00:00:00+05:30,22.21,23.52,22.08,23.07,20470407
2021-05-12 00:00:00+05:30,23.12,23.25,22.44,22.62,9153363
2021-05-14 00:00:00+05:30,22.76,23.12,22.35,22.71,13376478
2021-05-17 00:00:00+05:30,22.8,23.84,22.62,23.66,29835126
2021-05-18 00:00:00+05:30,23.93,24.11,23.48,23.7,14150432
2021-05-19 00:00:00+05:30,23.66,24.47,23.52,24.2,20793343
2021-05-20 00:00:00+05:30,23.93,24.25,23.39,23.57,13850383
2021-05-21 00:00:00+05:30,23.57,24.06,23.34,23.84,19913844
2021-05-24 00:00:00+05:30,23.93,24.47,23.79,24.25,16390686
2021-05-25 00:00:00+05:30,24.25,24.74,24.02,24.34,40081901
2021-05-26 00:00:00+05:30,24.34,25.06,23.97,24.56,64079816
2021-05-27 00:00:00+05:30,24.61,24.83,23.97,24.2,41704950
2021-05-28 00:00:00+05:30,24.2,24.29,23.52,23.61,14594525
2021-05-31 00:00:00+05:30,23.61,23.84,23.43,23.52,10269086
2021-06-01 00:00:00+05:30,23.66,23.66,22.98,23.21,12052025
2021-06-02 00:00:00+05:30,23.21,24.11,23.03,23.66,18121413
2021-06-03 00:00:00+05:30,23.7,24.06,23.52,23.61,10919527
2021-06-04 00:00:00+05:30,23.61,23.79,23.48,23.66,7515152
2021-06-07 00:00:00+05:30,23.66,24.74,23.66,24.11,19590444
2021-06-08 00:00:00+05:30,24.11,24.56,23.61,24.11,15363222
2021-06-09 00:00:00+05:30,24.11,24.83,23.66,23.84,16037438
2021-06-10 00:00:00+05:30,23.84,24.47,23.84,24.25,7681027
2021-06-11 00:00:00+05:30,24.29,24.61,24.11,24.43,11427207
2021-06-14 00:00:00+05:30,24.34,24.34,23.52,24.15,11652688
2021-06-15 00:00:00+05:30,24.25,28.35,24.02,27.63,174422078
2021-06-16 00:00:00+05:30,27.86,27.95,26.46,26.77,91268495
2021-06-17 00:00:00+05:30,26.55,27.13,25.74,25.96,45527012
2021-06-18 00:00:00+05:30,26.19,26.32,24.74,25.46,37625983
2021-06-21 00:00:00+05:30,25.46,29.03,25.01,27.9,138861345
2021-06-22 00:00:00+05:30,28.17,29.93,27.09,29.35,167993862
2021-06-23 00:00:00+05:30,29.8,30.61,29.03,29.26,117738014
2021-06-24 00:00:00+05:30,29.39,30.02,28.31,28.67,56575497
2021-06-25 00:00:00+05:30,28.49,29.3,28.17,28.62,41020175
2021-06-28 00:00:00+05:30,28.67,28.99,28.08,28.22,30665475
2021-06-29 00:00:00+05:30,28.22,28.58,27.54,27.72,57639784
2021-06-30 00:00:00+05:30,27.99,29.26,27.5,28.72,77334139
2021-07-01 00:00:00+05:30,29.03,29.62,28.58,28.81,47038445
2021-07-02 00:00:00+05:30,28.99,29.53,28.62,29.44,50384217
2021-07-05 00:00:00+05:30,29.57,29.93,29.26,29.44,28334489
2021-07-06 00:00:00+05:30,29.39,29.75,28.49,28.62,22065008
2021-07-07 00:00:00+05:30,28.62,28.85,28.35,28.72,11258271
2021-07-08 00:00:00+05:30,28.72,29.93,28.58,29.03,37465867
2021-07-09 00:00:00+05:30,28.94,29.21,28.62,28.9,24627949
2021-07-12 00:00:00+05:30,28.81,29.35,28.35,28.44,18647545
2021-07-13 00:00:00+05:30,28.81,28.85,28.4,28.49,10575482
2021-07-14 00:00:00+05:30,28.53,28.67,27.99,28.08,12084444
2021-07-15 00:00:00+05:30,28.08,28.17,27.68,27.86,12774710
2021-07-16 00:00:00+05:30,27.99,28.44,27.81,28.08,12530471
2021-07-19 00:00:00+05:30,27.77,27.86,27.23,27.32,11435471
2021-07-20 00:00:00+05:30,27.32,27.41,26.14,26.37,22816378
2021-07-22 00:00:00+05:30,26.41,26.68,26.37,26.55,11674458
2021-07-23 00:00:00+05:30,26.64,26.73,25.87,26.19,17178355
2021-07-26 00:00:00+05:30,25.83,26.05,25.28,25.51,32223933
2021-07-27 00:00:00+05:30,25.6,25.83,25.1,25.24,20326775
2021-07-28 00:00:00+05:30,25.28,25.33,24.7,24.88,17054129
2021-07-29 00:00:00+05:30,25.06,25.55,24.88,25.33,18677104
2021-07-30 00:00:00+05:30,25.42,25.78,25.19,25.64,17750892
2021-08-02 00:00:00+05:30,25.83,26.5,25.74,26.19,24916362
2021-08-03 00:00:00+05:30,26.05,26.19,25.37,25.87,18941159
2021-08-04 00:00:00+05:30,25.83,26.19,25.1,25.55,18458156
2021-08-05 00:00:00+05:30,25.51,26.23,25.01,26.01,16152729
2021-08-06 00:00:00+05:30,25.87,26.32,25.74,26.05,14521689
2021-08-09 00:00:00+05:30,26.05,26.19,25.42,25.51,9936398
2021-08-10 00:00:00+05:30,25.51,25.96,25.01,25.24,15983294
2021-08-11 00:00:00+05:30,25.42,25.51,24.83,25.24,10395901
2021-08-12 00:00:00+05:30,25.28,25.69,25.24,25.42,8332841
2021-08-13 00:00:00+05:30,25.69,25.92,25.1,25.33,10721677
2021-08-16 00:00:00+05:30,25.15,26.19,25.15,26.05,15178757
2021-08-17 00:00:00+05:30,26.05,27.0,25.83,26.19,28762015
2021-08-18 00:00:00+05:30,26.19,26.95,25.87,26.05,21786870
2021-08-20 00:00:00+05:30,25.87,26.01,24.7,24.88,9910846
2021-08-23 00:00:00+05:30,25.19,25.37,24.74,24.88,14028712
2021-08-24 00:00:00+05:30,25.24,25.69,24.97,25.55,13430192
2021-08-25 00:00:00+05:30,25.69,26.32,25.55,26.1,10164771
2021-08-26 00:00:00+05:30,26.05,26.28,25.83,25.96,6706372
2021-08-27 00:00:00+05:30,25.87,26.55,25.83,26.32,8433629
2021-08-30 00:00:00+05:30,26.46,26.73,26.32,26.55,7486905
2021-08-31 00:00:00+05:30,26.59,26.68,26.1,26.23,5445849
2021-09-01 00:00:00+05:30,26.37,27.68,26.1,27.36,12716579
2021-09-02 00:00:00+05:30,27.63,27.99,27.36,27.5,14376671
2021-09-03 00:00:00+05:30,27.59,27.86,27.18,27.5,8036397
2021-09-06 00:00:00+05:30,27.59,28.44,27.5,27.86,13993076
2021-09-07 00:00:00+05:30,27.99,28.13,27.41,27.63,7643597
2021-09-08 00:00:00+05:30,27.63,27.81,27.18,27.54,5632482
2021-09-09 00:00:00+05:30,27.5,27.63,27.04,27.18,5320516
2021-09-13 00:00:00+05:30,27.09,27.27,26.73,27.09,6430059
2021-09-14 00:00:00+05:30,27.27,27.36,26.91,27.09,4797849
2021-09-15 00:00:00+05:30,27.18,29.39,27.13,29.17,35972240
2021-09-16 00:00:00+05:30,29.21,29.48,28.58,29.03,16803694
2021-09-17 00:00:00+05:30,29.26,29.89,28.31,28.49,26543723
2021-09-20 00:00:00+05:30,28.31,32.69,27.86,30.75,99074341
2021-09-21 00:00:00+05:30,30.97,32.19,30.21,31.88,56158988
2021-09-22 00:00:00+05:30,32.06,32.91,31.24,32.73,54171892
2021-09-23 00:00:00+05:30,32.87,33.23,32.19,32.51,49497695
2021-09-24 00:00:00+05:30,32.64,34.45,32.46,32.78,59616613
2021-09-27 00:00:00+05:30,32.78,33.41,32.06,32.96,104648542
2021-09-28 00:00:00+05:30,33.14,33.5,32.1,32.37,38609330
2021-09-29 00:00:00+05:30,32.15,35.58,32.06,34.31,73611536
2021-09-30 00:00:00+05:30,34.86,35.58,34.45,34.63,38004961
2021-10-01 00:00:00+05:30,34.58,37.61,33.86,37.02,128316505
2021-10-04 00:00:00+05:30,37.34,37.7,36.39,36.8,42326491
2021-10-05 00:00:00+05:30,36.84,37.65,36.48,36.62,27505433
2021-10-06 00:00:00+05:30,36.66,37.02,35.26,35.49,31913650
2021-10-07 00:00:00+05:30,35.8,36.98,35.71,36.03,21907310
2021-10-08 00:00:00+05:30,36.44,36.48,35.4,35.58,15339159
2021-10-11 00:00:00+05:30,35.89,40.63,35.76,38.87,86572413
2021-10-12 00:00:00+05:30,39.23,39.42,38.29,38.83,28709618
2021-10-13 00:00:00+05:30,38.83,41.63,38.74,40.18,58206190
2021-10-14 00:00:00+05:30,40.54,41.13,39.01,39.19,23468768
2021-10-18 00:00:00+05:30,39.37,40.14,38.56,38.83,21627250
2021-10-19 00:00:00+05:30,38.92,40.09,37.47,37.7,26690752
2021-10-20 00:00:00+05:30,37.97,38.47,36.48,37.88,25401134
2021-10-21 00:00:00+05:30,38.24,38.65,36.93,37.43,24520689
2021-10-22 00:00:00+05:30,37.47,37.7,35.76,35.98,21923246
2021-10-25 00:00:00+05:30,36.16,37.11,35.04,36.84,21286454
2021-10-26 00:00:00+05:30,37.11,37.56,36.66,37.2,13600209
2021-10-27 00:00:00+05:30,37.56,38.06,36.48,36.75,13916345
2021-10-28 00:00:00+05:30,36.62,37.07,35.67,35.89,18917507
2021-10-29 00:00:00+05:30,35.98,38.02,35.49,36.62,22761688
2021-11-01 00:00:00+05:30,36.75,38.33,36.48,38.15,25141037
2021-11-02 00:00:00+05:30,38.24,38.29,37.7,37.88,12892271
2021-11-03 00:00:00+05:30,38.02,38.87,36.89,37.07,30059995
2021-11-04 00:00:00+05:30,37.29,37.61,36.57,37.2,3131268
2021-11-08 00:00:00+05:30,37.34,38.56,37.16,38.06,16542774
2021-11-09 00:00:00+05:30,38.15,38.51,37.88,38.15,8574653
2021-11-10 00:00:00+05:30,38.11,38.87,37.61,37.74,19489326
2021-11-11 00:00:00+05:30,37.84,39.14,37.29,38.87,23632931
2021-11-12 00:00:00+05:30,39.14,39.14,37.52,37.97,24042215
2021-11-15 00:00:00+05:30,37.84,38.2,36.03,36.57,20371097
2021-11-16 00:00:00+05:30,36.57,37.65,36.57,36.84,12761669
2021-11-17 00:00:00+05:30,36.84,36.89,35.76,35.89,17000809
2021-11-18 00:00:00+05:30,36.16,36.48,35.22,35.44,17065819
2021-11-22 00:00:00+05:30,35.04,35.22,32.73,33.82,38562168
2021-11-23 00:00:00+05:30,33.82,35.89,33.64,35.58,31722656
2021-11-24 00:00:00+05:30,35.76,36.26,35.26,35.58,20554360
2021-11-25 00:00:00+05:30,35.44,36.26,35.13,35.58,24483862
2021-11-26 00:00:00+05:30,35.22,35.67,33.68,34.95,23257043
2021-11-29 00:00:00+05:30,34.31,35.22,33.14,33.82,19106396
2021-11-30 00:00:00+05:30,33.82,35.58,33.73,33.95,26349946
2021-12-01 00:00:00+05:30,34.09,34.95,33.64,34.72,12311469
2021-12-02 00:00:00+05:30,34.72,37.7,34.54,37.29,49388412
2021-12-03 00:00:00+05:30,37.16,38.69,36.98,38.33,27288766
2021-12-06 00:00:00+05:30,38.47,39.05,37.52,37.79,21322637
2021-12-07 00:00:00+05:30,38.06,38.78,37.88,38.69,15531002
2021-12-08 00:00:00+05:30,39.28,39.37,38.15,38.47,15840089
2021-12-09 00:00:00+05:30,38.69,40.14,38.29,39.6,27071306
2021-12-10 00:00:00+05:30,39.6,40.32,39.33,39.6,20107275
2021-12-13 00:00:00+05:30,39.91,40.05,38.65,38.87,14921890
2021-12-14 00:00:00+05:30,38.78,39.23,37.7,38.96,19581536
2021-12-15 00:00:00+05:30,39.01,39.28,38.02,38.11,9619674
2021-12-16 00:00:00+05:30,38.29,38.78,37.93,38.56,9525794
2021-12-17 00:00:00+05:30,38.51,38.51,37.25,37.43,18546502
2021-12-20 00:00:00+05:30,36.89,37.02,34.81,35.85,15717426
2021-12-21 00:00:00+05:30,36.07,36.89,35.8,35.98,13079293
2021-12-22 00:00:00+05:30,36.39,38.92,36.35,38.69,27910162
2021-12-23 00:00:00+05:30,39.64,39.64,38.29,38.47,38613585
2021-12-24 00:00:00+05:30,38.74,38.83,38.06,38.51,24985994
2021-12-27 00:00:00+05:30,38.51,43.8,38.24,41.67,113950096
2021-12-28 00:00:00+05:30,41.76,42.67,41.22,41.85,49460958
2021-12-29 00:00:00+05:30,41.72,43.48,41.58,42.58,49740815
2021-12-30 00:00:00+05:30,42.31,42.71,41.72,42.12,25132245
2021-12-31 00:00:00+05:30,42.35,42.62,41.09,41.31,24185819
2022-01-03 00:00:00+05:30,42.03,43.52,41.09,42.8,43243540
2022-01-04 00:00:00+05:30,42.98,44.02,41.81,43.52,44214709
2022-01-05 00:00:00+05:30,43.61,44.38,42.44,42.71,37225142
2022-01-06 00:00:00+05:30,42.44,44.34,42.21,43.61,47008792
2022-01-07 00:00:00+05:30,43.98,44.07,40.23,41.36,146073671
2022-01-10 00:00:00+05:30,41.9,44.29,41.0,43.75,128630659
2022-01-11 00:00:00+05:30,43.75,46.7,43.15,44.85,58181562
2022-01-12 00:00:00+05:30,45.0,45.4,43.95,45.1,23224952
2022-01-13 00:00:00+05:30,45.1,45.2,44.3,44.55,15851805
2022-01-14 00:00:00+05:30,44.5,45.95,44.25,45.35,23324620
2022-01-17 00:00:00+05:30,45.35,46.1,44.6,44.85,21995345
2022-01-18 00:00:00+05:30,45.2,45.2,43.1,43.4,16301907
2022-01-19 00:00:00+05:30,43.5,44.2,42.1,44.05,15624047
2022-01-20 00:00:00+05:30,44.0,44.4,43.05,43.35,15511799
2022-01-21 00:00:00+05:30,43.35,43.7,42.0,42.3,8765751
2022-01-24 00:00:00+05:30,42.3,42.75,39.6,39.95,11945896
2022-01-25 00:00:00+05:30,39.75,40.8,39.0,40.4,12643024
2022-01-27 00:00:00+05:30,40.3,40.3,39.05,40.0,16724976
2022-01-28 00:00:00+05:30,40.25,41.5,40.15,40.55,12378345
2022-01-31 00:00:00+05:30,41.05,42.4,40.8,42.1,16348373
2022-02-01 00:00:00+05:30,42.8,43.75,41.7,42.4,35041530
2022-02-02 00:00:00+05:30,42.7,44.2,42.7,43.8,29735952
2022-02-03 00:00:00+05:30,43.85,44.5,43.45,44.15,18409475
2022-02-04 00:00:00+05:30,44.15,44.15,42.95,43.15,12039836
2022-02-07 00:00:00+05:30,43.0,43.2,41.8,42.4,12543665
2022-02-08 00:00:00+05:30,42.55,42.85,41.3,42.6,20925822
2022-02-09 00:00:00+05:30,43.1,43.75,42.15,43.15,19589633
2022-02-10 00:00:00+05:30,44.0,44.0,42.25,42.55,22025673
2022-02-11 00:00:00+05:30,42.0,43.15,41.8,42.35,14180502
2022-02-14 00:00:00+05:30,41.1,41.4,39.0,39.2,22010298
2022-02-15 00:00:00+05:30,39.4,41.25,38.95,41.1,30187537
2022-02-16 00:00:00+05:30,41.25,41.45,40.5,40.65,10503655
2022-02-17 00:00:00+05:30,40.8,41.1,39.9,40.35,25686456
2022-02-18 00:00:00+05:30,40.1,40.8,39.8,39.95,8122542
2022-02-21 00:00:00+05:30,39.8,39.95,38.95,39.1,9207101
2022-02-22 00:00:00+05:30,37.6,38.45,37.4,38.1,13105892
2022-02-23 00:00:00+05:30,38.35,39.45,38.25,38.65,9393129
2022-02-24 00:00:00+05:30,37.15,37.5,33.85,34.5,18505953
2022-02-25 00:00:00+05:30,35.75,37.8,35.6,37.5,31393404
2022-02-28 00:00:00+05:30,36.8,38.2,36.2,37.9,13214229
2022-03-02 00:00:00+05:30,37.8,38.35,36.95,38.05,9916970
2022-03-03 00:00:00+05:30,38.6,38.95,37.95,38.4,10886063
2022-03-04 00:00:00+05:30,38.0,38.15,37.0,37.3,7970558
2022-03-07 00:00:00+05:30,36.95,36.95,35.7,36.4,7584430
2022-03-09 00:00:00+05:30,38.1,39.95,38.0,39.65,16570605
2022-03-10 00:00:00+05:30,40.85,40.85,38.9,39.2,15544953
2022-03-11 00:00:00+05:30,39.0,39.6,38.7,39.35,35053659
2022-03-14 00:00:00+05:30,39.3,39.5,38.15,38.75,14545197
2022-03-15 00:00:00+05:30,38.9,39.05,37.4,37.6,9946649
2022-03-16 00:00:00+05:30,38.15,38.65,38.0,38.5,19650499
2022-03-17 00:00:00+05:30,39.25,39.25,38.0,38.15,35106874
2022-03-21 00:00:00+05:30,38.4,38.4,37.3,37.4,12932689
2022-03-22 00:00:00+05:30,37.5,38.15,36.75,38.05,16687586
2022-03-23 00:00:00+05:30,38.3,38.45,37.05,37.2,17675444
2022-03-24 00:00:00+05:30,37.1,37.2,36.75,36.85,12203143
2022-03-25 00:00:00+05:30,37.0,37.25,36.45,36.7,17302323
2022-03-28 00:00:00+05:30,36.7,36.8,35.7,35.9,36688989
2022-03-29 00:00:00+05:30,36.0,37.0,35.45,36.7,16891895
2022-03-30 00:00:00+05:30,36.95,37.6,36.6,37.1,9158273
2022-03-31 00:00:00+05:30,37.05,37.6,36.35,36.95,14694242
2022-04-01 00:00:00+05:30,36.9,39.3,36.6,38.9,15793675
2022-04-04 00:00:00+05:30,39.2,39.8,38.7,39.1,10241970
2022-04-05 00:00:00+05:30,39.1,40.05,38.95,39.5,20297181
2022-04-06 00:00:00+05:30,39.3,41.0,39.1,40.9,14368197
2022-04-07 00:00:00+05:30,40.8,41.3,39.85,40.25,11801778
2022-04-08 00:00:00+05:30,40.4,40.85,39.65,40.5,11480007
2022-04-11 00:00:00+05:30,40.4,41.0,39.75,40.0,8233912
2022-04-12 00:00:00+05:30,39.8,40.0,38.8,39.4,8712759
2022-04-13 00:00:00+05:30,39.6,39.75,38.8,38.95,5616753
2022-04-18 00:00:00+05:30,38.95,38.95,37.9,38.6,6329602
2022-04-19 00:00:00+05:30,38.85,38.95,36.5,37.15,6178874
2022-04-20 00:00:00+05:30,37.45,37.6,36.65,36.8,10742658
2022-04-21 00:00:00+05:30,37.0,38.15,37.0,38.0,8419032
2022-04-22 00:00:00+05:30,37.95,38.5,37.45,37.5,9196414
2022-04-25 00:00:00+05:30,37.0,37.2,36.4,37.0,9058577
2022-04-26 00:00:00+05:30,37.25,38.0,37.15,37.9,6225683
2022-04-27 00:00:00+05:30,37.75,37.85,36.8,37.1,5953207
2022-04-28 00:00:00+05:30,37.3,37.55,36.45,37.25,9462863
2022-04-29 00:00:00+05:30,37.5,38.5,37.45,37.65,7998805
2022-05-02 00:00:00+05:30,37.45,38.1,36.65,37.75,6556068
2022-05-04 00:00:00+05:30,37.95,37.95,35.65,36.1,9019333
2022-05-05 00:00:00+05:30,36.5,36.95,35.85,36.0,4540022
2022-05-06 00:00:00+05:30,35.4,35.6,34.7,35.15,6533719
2022-05-09 00:00:00+05:30,35.15,35.15,33.65,33.85,8739459
2022-05-10 00:00:00+05:30,33.85,34.8,33.4,33.55,6244642
2022-05-11 00:00:00+05:30,33.85,34.1,31.85,33.35,14373142
2022-05-12 00:00:00+05:30,33.0,33.15,31.75,32.45,10389381
2022-05-13 00:00:00+05:30,32.5,34.15,32.5,33.45,8994513
2022-05-16 00:00:00+05:30,33.4,35.0,33.2,34.85,7519764
2022-05-17 00:00:00+05:30,34.6,36.65,34.6,36.4,9110122
2022-05-18 00:00:00+05:30,36.0,36.4,35.15,35.9,11517497
2022-05-19 00:00:00+05:30,35.15,35.6,34.8,35.35,5759916
2022-05-20 00:00:00+05:30,35.75,36.95,35.6,36.6,6277156
2022-05-23 00:00:00+05:30,36.95,37.5,36.45,36.65,10715402
2022-05-24 00:00:00+05:30,36.95,37.5,36.55,37.0,283444290
2022-05-25 00:00:00+05:30,37.4,37.65,36.15,36.25,5882363
2022-05-26 00:00:00+05:30,36.65,37.45,35.45,36.9,6890668
2022-05-27 00:00:00+05:30,37.05,38.05,36.75,37.9,11738020
2022-05-30 00:00:00+05:30,38.0,38.85,37.9,38.4,7655983
2022-05-31 00:00:00+05:30,38.4,39.0,37.65,38.0,13388328
2022-06-01 00:00:00+05:30,38.4,38.75,38.1,38.6,6964281
2022-06-02 00:00:00+05:30,38.45,38.7,38.1,38.55,3928757
2022-06-03 00:00:00+05:30,38.7,38.9,37.05,37.25,6274012
2022-06-06 00:00:00+05:30,37.25,37.6,36.65,37.15,3640868
2022-06-07 00:00:00+05:30,37.0,37.45,36.35,36.75,4893891
2022-06-08 00:00:00+05:30,36.7,37.3,36.2,36.3,4559023
2022-06-09 00:00:00+05:30,36.35,36.75,35.85,36.5,7390869
2022-06-10 00:00:00+05:30,36.05,37.6,35.95,37.3,12695295
2022-06-13 00:00:00+05:30,36.75,36.8,35.3,35.7,12669173
2022-06-14 00:00:00+05:30,35.3,36.4,35.3,35.8,5239412
2022-06-15 00:00:00+05:30,35.8,36.15,35.5,35.85,3855428
2022-06-16 00:00:00+05:30,36.45,36.45,33.75,34.3,17534150
2022-06-17 00:00:00+05:30,34.0,34.45,33.25,34.15,11925300
2022-06-20 00:00:00+05:30,34.05,34.45,32.3,33.4,14776160
2022-06-21 00:00:00+05:30,33.6,35.6,33.55,35.05,7187200
2022-06-22 00:00:00+05:30,34.6,34.7,33.05,33.5,5521869
2022-06-23 00:00:00+05:30,33.55,34.25,33.35,33.9,5678741
2022-06-24 00:00:00+05:30,34.15,34.9,34.1,34.8,2966980
2022-06-27 00:00:00+05:30,35.25,35.5,34.55,34.9,3693611
2022-06-28 00:00:00+05:30,34.9,35.2,34.7,34.9,8836669
2022-06-29 00:00:00+05:30,34.75,34.95,34.5,34.65,3199376
2022-06-30 00:00:00+05:30,34.65,35.0,33.9,34.1,5553842
2022-07-01 00:00:00+05:30,34.0,34.75,33.6,34.5,4338629
2022-07-04 00:00:00+05:30,34.45,34.65,33.45,33.95,7255330
2022-07-05 00:00:00+05:30,34.15,34.4,33.45,33.55,4844618
2022-07-06 00:00:00+05:30,33.75,34.25,33.25,34.15,5771798
2022-07-07 00:00:00+05:30,34.3,34.95,34.0,34.7,4356864
2022-07-08 00:00:00+05:30,34.95,35.1,34.35,34.8,4084470
2022-07-11 00:00:00+05:30,34.8,35.55,34.45,35.3,4673120
2022-07-12 00:00:00+05:30,35.1,35.3,34.8,34.9,2719360
2022-07-13 00:00:00+05:30,35.3,35.3,34.45,34.85,5090865
2022-07-14 00:00:00+05:30,35.0,35.1,34.1,34.55,5252987
2022-07-15 00:00:00+05:30,34.7,35.05,34.35,34.95,4017648
2022-07-18 00:00:00+05:30,35.05,35.35,34.8,35.25,3560766
2022-07-19 00:00:00+05:30,35.2,35.2,34.5,34.75,7899923
2022-07-20 00:00:00+05:30,35.15,35.2,34.4,34.6,9498764
2022-07-21 00:00:00+05:30,34.6,35.5,34.3,35.3,9654460
2022-07-22 00:00:00+05:30,35.5,35.7,34.7,35.25,6208053
2022-07-25 00:00:00+05:30,35.4,36.15,34.8,35.8,8259851
2022-07-26 00:00:00+05:30,35.75,35.95,35.0,35.1,11045425
2022-07-27 00:00:00+05:30,34.9,35.7,34.6,35.5,6682239
2022-07-28 00:00:00+05:30,35.7,36.15,35.3,35.45,5351953
2022-07-29 00:00:00+05:30,35.9,38.05,35.6,37.5,20297259
2022-08-01 00:00:00+05:30,37.5,37.5,35.9,36.05,10872016
2022-08-02 00:00:00+05:30,35.5,35.8,34.6,35.5,14393975
2022-08-03 00:00:00+05:30,35.6,35.95,35.0,35.25,5114899
2022-08-04 00:00:00+05:30,35.35,35.65,34.55,34.8,5520806
2022-08-05 00:00:00+05:30,34.75,35.05,34.5,34.65,4493935
2022-08-08 00:00:00+05:30,34.7,34.95,34.2,34.3,4252122
2022-08-10 00:00:00+05:30,34.25,35.0,34.15,34.65,4503117
2022-08-11 00:00:00+05:30,34.95,35.1,34.55,34.7,3366632
2022-08-12 00:00:00+05:30,34.75,34.85,34.4,34.5,2895542
2022-08-16 00:00:00+05:30,34.6,35.15,34.4,35.0,4295418
2022-08-17 00:00:00+05:30,35.0,35.55,35.0,35.35,3889170
2022-08-18 00:00:00+05:30,35.35,35.75,35.05,35.5,4217236
2022-08-19 00:00:00+05:30,35.4,35.85,34.6,34.8,4589832
2022-08-22 00:00:00+05:30,34.75,34.85,33.75,34.2,8561603
2022-08-23 00:00:00+05:30,34.0,34.45,33.65,34.05,5358632
2022-08-24 00:00:00+05:30,34.05,34.25,33.35,33.7,10534300
2022-08-25 00:00:00+05:30,33.95,35.35,33.9,34.6,25825291
2022-08-26 00:00:00+05:30,35.25,35.5,35.0,35.2,5582333
2022-08-29 00:00:00+05:30,34.65,34.8,34.0,34.55,8692297
2022-08-30 00:00:00+05:30,35.1,36.4,34.9,35.95,13249240
2022-09-01 00:00:00+05:30,35.75,38.7,35.7,38.4,33026289
2022-09-02 00:00:00+05:30,38.6,40.75,38.0,39.4,40696289
2022-09-05 00:00:00+05:30,39.65,40.1,38.85,39.2,12654752
2022-09-06 00:00:00+05:30,39.3,39.8,39.0,39.1,7221148
2022-09-07 00:00:00+05:30,38.8,40.2,38.7,39.75,10014064
2022-09-08 00:00:00+05:30,39.95,40.1,39.35,39.6,5492603
2022-09-09 00:00:00+05:30,40.0,40.75,39.35,39.5,10870076
2022-09-12 00:00:00+05:30,39.55,39.9,39.05,39.3,5421279
2022-09-13 00:00:00+05:30,39.55,40.65,39.35,40.45,10298441
2022-09-14 00:00:00+05:30,39.7,40.35,39.4,40.0,10457974
2022-09-15 00:00:00+05:30,40.25,41.8,40.0,40.2,20212296
2022-09-16 00:00:00+05:30,40.2,40.25,38.2,38.4,15846607
2022-09-19 00:00:00+05:30,38.5,39.35,37.85,38.8,8084411
2022-09-20 00:00:00+05:30,39.0,39.35,38.15,38.25,9321735
2022-09-21 00:00:00+05:30,38.15,38.6,38.0,38.15,8186862
2022-09-22 00:00:00+05:30,38.2,38.4,37.55,37.95,6193871
2022-09-23 00:00:00+05:30,37.95,38.05,36.8,37.2,14294347
2022-09-26 00:00:00+05:30,36.7,36.75,35.05,35.6,13148397
2022-09-27 00:00:00+05:30,35.8,36.2,35.3,35.75,10975805
2022-09-28 00:00:00+05:30,35.65,36.1,35.0,35.25,6025937
2022-09-29 00:00:00+05:30,35.6,36.15,34.35,35.45,11259414
2022-09-30 00:00:00+05:30,35.15,35.9,34.5,35.55,16282366
2022-10-03 00:00:00+05:30,35.75,35.9,34.55,34.7,9884721
2022-10-04 00:00:00+05:30,35.15,35.75,35.0,35.65,4872993
2022-10-06 00:00:00+05:30,35.85,36.2,35.75,35.85,4142572
2022-10-07 00:00:00+05:30,35.9,35.9,35.1,35.45,4846881
2022-10-10 00:00:00+05:30,35.05,35.25,34.65,35.15,3648024
2022-10-11 00:00:00+05:30,35.3,35.35,34.75,34.8,4894829
2022-10-12 00:00:00+05:30,35.05,35.6,34.7,35.5,8077507
2022-10-13 00:00:00+05:30,35.55,35.85,34.3,34.6,7267888
2022-10-14 00:00:00+05:30,35.15,35.3,34.6,34.7,5253810
2022-10-17 00:00:00+05:30,34.8,35.1,34.1,34.85,4341823
2022-10-18 00:00:00+05:30,35.05,35.6,35.0,35.4,3987554
2022-10-19 00:00:00+05:30,35.5,35.65,34.85,34.9,4766651
2022-10-20 00:00:00+05:30,34.85,35.05,34.4,34.85,5542253
2022-10-21 00:00:00+05:30,34.9,35.15,34.35,34.9,8143167
2022-10-24 00:00:00+05:30,35.15,35.15,34.8,34.9,759628
2022-10-25 00:00:00+05:30,34.95,35.8,34.55,35.55,5656596
2022-10-27 00:00:00+05:30,35.7,38.75,35.35,37.6,24510172
2022-10-28 00:00:00+05:30,37.85,37.9,36.7,36.9,7118759
2022-10-31 00:00:00+05:30,37.05,37.6,36.75,37.45,6264864
2022-11-01 00:00:00+05:30,37.7,37.8,37.05,37.5,5550059
2022-11-02 00:00:00+05:30,37.45,37.65,36.95,37.15,3311347
2022-11-03 00:00:00+05:30,37.0,37.55,36.95,37.45,4244920
2022-11-04 00:00:00+05:30,37.45,38.3,37.4,38.05,9113717
2022-11-07 00:00:00+05:30,38.1,38.55,37.5,38.2,9098139
2022-11-09 00:00:00+05:30,38.4,38.5,37.55,37.7,6606030
2022-11-10 00:00:00+05:30,37.7,38.3,37.35,38.0,6122100
2022-11-11 00:00:00+05:30,38.3,38.7,37.85,38.15,8572928
2022-11-14 00:00:00+05:30,38.25,38.85,37.8,38.6,11493492
2022-11-15 00:00:00+05:30,38.5,38.5,36.5,37.0,16647288
2022-11-16 00:00:00+05:30,37.0,37.3,36.15,36.4,7228899
2022-11-17 00:00:00+05:30,36.5,37.9,35.6,37.35,18776912
2022-11-18 00:00:00+05:30,37.55,37.55,36.9,37.35,6573908
2022-11-21 00:00:00+05:30,37.4,37.8,36.95,37.6,5538509
2022-11-22 00:00:00+05:30,37.8,37.9,37.2,37.8,5484203
2022-11-23 00:00:00+05:30,37.85,39.45,37.6,39.0,17944675
2022-11-24 00:00:00+05:30,39.25,39.4,38.55,39.05,9725699
2022-11-25 00:00:00+05:30,38.95,41.05,38.8,40.7,28771828
2022-11-28 00:00:00+05:30,41.0,41.15,40.05,40.35,11501562
2022-11-29 00:00:00+05:30,40.35,41.35,39.9,40.6,13662505
2022-11-30 00:00:00+05:30,40.6,43.2,40.5,42.9,45231360
2022-12-01 00:00:00+05:30,43.2,43.25,42.5,42.75,17635114
2022-12-02 00:00:00+05:30,42.75,43.65,42.6,42.9,14430406
2022-12-05 00:00:00+05:30,42.95,43.6,42.7,43.4,16374367
2022-12-06 00:00:00+05:30,43.6,44.15,43.15,43.35,16304243
2022-12-07 00:00:00+05:30,43.4,43.6,42.35,43.2,15698951
2022-12-08 00:00:00+05:30,43.15,44.1,42.85,43.85,14322445
2022-12-09 00:00:00+05:30,44.05,44.3,42.15,42.7,13292092
2022-12-12 00:00:00+05:30,42.7,43.4,42.25,43.15,9936536
2022-12-13 00:00:00+05:30,43.4,43.65,43.1,43.4,7868325
2022-12-14 00:00:00+05:30,43.6,44.3,43.1,43.35,14894126
2022-12-15 00:00:00+05:30,43.2,43.65,42.0,42.4,11352722
2022-12-16 00:00:00+05:30,42.2,42.75,41.25,41.45,13831903
2022-12-19 00:00:00+05:30,41.8,43.1,41.1,42.85,14673272
2022-12-20 00:00:00+05:30,42.75,43.1,41.9,42.65,10387321
2022-12-21 00:00:00+05:30,42.95,42.95,40.6,40.9,10925207
2022-12-22 00:00:00+05:30,41.0,41.4,39.6,40.0,11818160
2022-12-23 00:00:00+05:30,39.4,39.65,37.45,37.8,15565540
2022-12-26 00:00:00+05:30,38.0,39.0,37.15,38.7,8863821
2022-12-27 00:00:00+05:30,38.9,39.35,38.45,39.15,10689901
2022-12-28 00:00:00+05:30,39.1,39.45,38.75,39.0,7510693
2022-12-29 00:00:00+05:30,39.0,40.15,38.5,39.4,22903405
2022-12-30 00:00:00+05:30,39.9,40.1,39.45,39.75,9135104
2023-01-02 00:00:00+05:30,40.0,41.05,39.9,40.75,15383996
2023-01-03 00:00:00+05:30,40.7,41.1,40.6,40.8,6138079
2023-01-04 00:00:00+05:30,40.75,41.0,39.7,39.9,10825925
2023-01-05 00:00:00+05:30,40.2,40.5,39.7,40.4,8074807
2023-01-06 00:00:00+05:30,40.5,40.65,39.85,40.15,12696901
2023-01-09 00:00:00+05:30,40.3,40.8,40.0,40.65,21414107
2023-01-10 00:00:00+05:30,40.7,40.95,39.95,40.3,8725686
2023-01-11 00:00:00+05:30,40.45,40.75,40.1,40.4,14329791
2023-01-12 00:00:00+05:30,40.45,40.75,40.2,40.4,7557886
2023-01-13 00:00:00+05:30,40.4,41.35,40.2,41.1,20821760
2023-01-16 00:00:00+05:30,41.0,41.15,40.3,40.35,4563216
2023-01-17 00:00:00+05:30,40.5,40.5,39.9,40.15,5134556
2023-01-18 00:00:00+05:30,40.2,40.7,40.0,40.6,4451416
2023-01-19 00:00:00+05:30,40.45,40.5,40.15,40.3,3580608
2023-01-20 00:00:00+05:30,40.3,40.4,39.7,39.8,5824125
2023-01-23 00:00:00+05:30,39.95,40.5,39.4,40.15,5300712
2023-01-24 00:00:00+05:30,40.2,40.4,39.75,39.85,4482402
2023-01-25 00:00:00+05:30,39.85,39.95,38.65,38.9,8963391
2023-01-27 00:00:00+05:30,39.0,39.05,36.0,36.95,21890672
2023-01-30 00:00:00+05:30,36.95,37.65,36.45,37.0,7717632
2023-01-31 00:00:00+05:30,37.4,38.5,36.95,38.35,6037935
2023-02-01 00:00:00+05:30,38.4,39.3,36.65,37.55,12266304
2023-02-02 00:00:00+05:30,37.45,37.9,36.65,37.2,9416237
2023-02-03 00:00:00+05:30,37.75,37.8,36.4,37.55,17133484
2023-02-06 00:00:00+05:30,37.65,38.15,37.35,37.7,10647560
2023-02-07 00:00:00+05:30,37.85,38.2,37.45,38.05,11446799
2023-02-08 00:00:00+05:30,38.25,38.9,37.9,38.8,10364584
2023-02-09 00:00:00+05:30,38.7,38.9,38.3,38.75,4650203
2023-02-10 00:00:00+05:30,38.7,39.0,38.5,38.75,4137026
2023-02-13 00:00:00+05:30,38.8,39.0,38.2,38.45,3282490
2023-02-14 00:00:00+05:30,38.7,38.7,38.05,38.15,3824544
2023-02-15 00:00:00+05:30,38.25,39.1,38.1,38.4,10137218
2023-02-16 00:00:00+05:30,38.75,40.05,38.4,39.5,10513744
2023-02-17 00:00:00+05:30,39.45,39.75,39.1,39.6,9720405
2023-02-20 00:00:00+05:30,39.75,39.75,39.05,39.15,6419565
2023-02-21 00:00:00+05:30,39.2,39.45,38.75,38.9,9035581
2023-02-22 00:00:00+05:30,38.85,39.05,38.2,38.5,10373931
2023-02-23 00:00:00+05:30,38.4,38.4,37.4,37.5,8954009
2023-02-24 00:00:00+05:30,37.65,37.85,37.1,37.2,4336804
2023-02-27 00:00:00+05:30,37.2,37.55,36.8,37.45,4564380
2023-02-28 00:00:00+05:30,37.5,38.0,37.45,37.9,5779017
2023-03-01 00:00:00+05:30,37.85,38.4,37.75,38.3,2331797
2023-03-02 00:00:00+05:30,38.15,38.8,38.15,38.6,3854002
2023-03-03 00:00:00+05:30,38.8,38.95,38.5,38.7,3864794
2023-03-06 00:00:00+05:30,38.75,39.35,38.7,38.95,3695969
2023-03-08 00:00:00+05:30,38.5,39.7,38.5,39.5,4762455
2023-03-09 00:00:00+05:30,39.4,39.7,38.95,39.05,4063388
2023-03-10 00:00:00+05:30,38.8,39.65,38.6,39.45,8699541
2023-03-13 00:00:00+05:30,39.65,39.75,38.6,38.85,5941315
2023-03-14 00:00:00+05:30,39.1,40.1,38.7,39.45,10983444
2023-03-15 00:00:00+05:30,40.0,42.05,39.7,41.35,34395611
2023-03-16 00:00:00+05:30,41.45,42.25,40.4,41.75,17398425
2023-03-17 00:00:00+05:30,42.15,42.85,41.85,42.7,21467064
2023-03-20 00:00:00+05:30,42.75,43.25,40.85,41.25,12181412
2023-03-21 00:00:00+05:30,41.45,41.45,39.75,39.85,7212707
2023-03-22 00:00:00+05:30,39.65,40.35,39.65,39.7,5188187
2023-03-23 00:00:00+05:30,39.75,39.95,39.3,39.45,3210363
2023-03-24 00:00:00+05:30,39.5,39.65,38.6,38.75,4841603
2023-03-27 00:00:00+05:30,38.75,38.85,38.25,38.45,16251087
2023-03-28 00:00:00+05:30,38.25,38.35,37.2,37.5,9335014
2023-03-29 00:00:00+05:30,37.7,39.65,37.5,39.2,12099847
2023-03-31 00:00:00+05:30,39.4,40.7,39.15,40.45,12943982
2023-04-03 00:00:00+05:30,40.7,43.7,40.6,43.45,33646731
2023-04-05 00:00:00+05:30,43.05,44.05,42.85,43.7,15843285
2023-04-06 00:00:00+05:30,43.6,44.6,43.15,43.95,17931876
2023-04-10 00:00:00+05:30,43.9,44.1,43.1,43.6,7234232
2023-04-11 00:00:00+05:30,43.2,44.1,43.2,43.35,6046339
2023-04-12 00:00:00+05:30,43.35,43.95,42.9,43.7,7293959
2023-04-13 00:00:00+05:30,43.65,44.7,43.5,43.9,11308500
2023-04-17 00:00:00+05:30,43.55,44.9,43.45,44.4,11896617
2023-04-18 00:00:00+05:30,44.75,44.85,43.75,44.3,9063509
2023-04-19 00:00:00+05:30,44.4,44.8,44.1,44.35,7420010
2023-04-20 00:00:00+05:30,44.35,45.1,44.25,44.4,10637417
2023-04-21 00:00:00+05:30,44.55,44.65,43.95,44.45,6213569
2023-04-24 00:00:00+05:30,44.7,44.75,44.1,44.6,9107250
2023-04-25 00:00:00+05:30,44.6,45.4,44.2,44.8,13522196
2023-04-26 00:00:00+05:30,44.85,45.15,44.65,44.8,8563719
2023-04-27 00:00:00+05:30,44.8,46.15,44.7,45.1,19626606
2023-04-28 00:00:00+05:30,45.45,45.7,45.25,45.65,9432892
2023-05-02 00:00:00+05:30,45.65,46.15,45.4,45.8,10257295
2023-05-03 00:00:00+05:30,45.65,46.9,45.5,46.25,13862360
2023-05-04 00:00:00+05:30,46.2,46.9,46.0,46.45,8160122
2023-05-05 00:00:00+05:30,46.25,46.8,45.45,45.6,6882807
2023-05-08 00:00:00+05:30,46.95,46.95,45.9,46.55,6608306
2023-05-09 00:00:00+05:30,46.65,46.9,45.7,45.8,12418355
2023-05-10 00:00:00+05:30,45.8,46.85,45.7,46.75,11097821
2023-05-11 00:00:00+05:30,46.9,47.35,46.45,46.5,8536136
2023-05-12 00:00:00+05:30,46.85,46.85,46.0,46.1,8533066
2023-05-15 00:00:00+05:30,46.1,46.55,45.6,46.05,18043618
2023-05-16 00:00:00+05:30,46.1,46.3,45.3,45.4,4916050
2023-05-17 00:00:00+05:30,45.4,45.7,45.05,45.6,4715032
2023-05-18 00:00:00+05:30,45.65,45.85,44.9,45.0,4768281
2023-05-19 00:00:00+05:30,45.05,45.25,44.45,45.15,6679270
2023-05-22 00:00:00+05:30,45.0,45.5,44.7,45.35,8466292
2023-05-23 00:00:00+05:30,45.45,45.65,44.95,45.3,6388824
2023-05-24 00:00:00+05:30,45.05,45.3,44.65,44.9,4547387
2023-05-25 00:00:00+05:30,44.6,45.5,44.6,44.95,4923087
2023-05-26 00:00:00+05:30,45.2,45.65,44.5,45.0,12922098
2023-05-29 00:00:00+05:30,43.9,44.05,40.0,40.55,45150830
2023-05-30 00:00:00+05:30,40.75,41.55,40.4,40.85,19190583
2023-05-31 00:00:00+05:30,40.95,41.25,40.3,40.5,14188091
2023-06-01 00:00:00+05:30,40.8,41.2,40.65,40.8,6279111
2023-06-02 00:00:00+05:30,41.1,41.5,40.85,41.3,7489861
2023-06-05 00:00:00+05:30,41.5,42.0,41.1,41.55,8170749
2023-06-06 00:00:00+05:30,41.5,42.1,41.35,41.65,7807290
2023-06-07 00:00:00+05:30,42.15,42.65,41.75,42.2,12417151
2023-06-08 00:00:00+05:30,42.45,42.75,42.0,42.1,7149602
2023-06-09 00:00:00+05:30,42.15,42.6,41.85,42.35,9354290
2023-06-12 00:00:00+05:30,42.5,42.6,42.1,42.35,5306624
2023-06-13 00:00:00+05:30,42.5,42.55,41.95,42.05,4959560
2023-06-14 00:00:00+05:30,42.25,43.3,42.05,43.2,9470571
2023-06-15 00:00:00+05:30,43.45,43.7,43.15,43.25,7642550
2023-06-16 00:00:00+05:30,43.5,43.5,43.0,43.05,4687175
2023-06-19 00:00:00+05:30,43.2,43.3,42.5,42.6,7719811
2023-06-20 00:00:00+05:30,42.55,43.2,42.35,43.15,3001467
2023-06-21 00:00:00+05:30,43.2,43.55,42.65,43.5,7644402
2023-06-22 00:00:00+05:30,43.7,43.7,41.85,42.4,10792477
2023-06-23 00:00:00+05:30,42.45,42.75,41.9,42.2,8096010
2023-06-26 00:00:00+05:30,42.25,42.85,41.75,42.4,11516479
2023-06-27 00:00:00+05:30,42.4,43.05,42.35,42.7,10484158
2023-06-28 00:00:00+05:30,42.9,43.25,42.4,42.75,13636486
2023-06-30 00:00:00+05:30,42.65,44.1,42.65,43.75,14644599
2023-07-03 00:00:00+05:30,43.9,44.25,43.6,43.9,6490975
2023-07-04 00:00:00+05:30,44.0,44.3,43.15,43.6,13770522
2023-07-05 00:00:00+05:30,43.6,44.0,43.4,43.8,3014798
2023-07-06 00:00:00+05:30,43.75,44.8,43.55,44.65,12053395
2023-07-07 00:00:00+05:30,44.75,45.45,44.5,45.05,9836094
2023-07-10 00:00:00+05:30,45.3,45.3,44.2,44.3,4083157
2023-07-11 00:00:00+05:30,44.35,45.1,44.35,44.65,2851644
2023-07-12 00:00:00+05:30,44.95,45.8,44.6,45.4,8694692
2023-07-13 00:00:00+05:30,45.5,45.65,44.0,44.35,9115697
2023-07-14 00:00:00+05:30,44.5,45.1,44.1,45.1,6080651
2023-07-17 00:00:00+05:30,45.25,45.3,44.85,45.0,3810795
2023-07-18 00:00:00+05:30,45.3,45.3,44.4,44.55,3229077
2023-07-19 00:00:00+05:30,44.6,44.9,44.5,44.7,2387723
2023-07-20 00:00:00+05:30,44.85,45.15,44.3,44.4,6049030
2023-07-21 00:00:00+05:30,44.3,44.65,44.0,44.3,3911538
2023-07-24 00:00:00+05:30,44.6,46.75,44.6,46.55,19929326
2023-07-25 00:00:00+05:30,47.0,48.8,46.7,48.15,40620928
2023-07-26 00:00:00+05:30,48.6,49.2,47.95,48.35,21727341
2023-07-27 00:00:00+05:30,48.8,49.75,48.55,49.2,24315357
2023-07-28 00:00:00+05:30,49.4,50.8,49.3,50.65,22640244
2023-07-31 00:00:00+05:30,50.85,52.0,50.8,51.65,14916079
2023-08-01 00:00:00+05:30,51.75,52.25,50.85,51.4,11248846
2023-08-02 00:00:00+05:30,51.4,51.85,50.25,51.15,10947409
2023-08-03 00:00:00+05:30,51.15,51.5,50.4,50.95,5377649
2023-08-04 00:00:00+05:30,50.8,51.65,50.7,51.45,7226302
2023-08-07 00:00:00+05:30,51.5,51.7,50.9,51.6,4739082
2023-08-08 00:00:00+05:30,51.85,52.5,51.4,52.25,9181766
2023-08-09 00:00:00+05:30,52.35,52.7,51.8,52.5,5905249
2023-08-10 00:00:00+05:30,52.4,54.5,52.2,53.5,16997956
2023-08-11 00:00:00+05:30,53.6,54.7,53.4,54.1,10918656
2023-08-14 00:00:00+05:30,54.2,54.2,52.1,53.0,8382880
2023-08-16 00:00:00+05:30,53.8,53.8,51.65,52.85,13557203
2023-08-17 00:00:00+05:30,53.1,53.75,52.85,53.65,5951352
2023-08-18 00:00:00+05:30,53.75,54.35,52.75,53.1,9904020
2023-08-21 00:00:00+05:30,53.95,55.7,53.45,55.7,19039780
2023-08-22 00:00:00+05:30,55.9,58.2,55.75,58.0,32063838
2023-08-23 00:00:00+05:30,58.1,60.15,58.1,59.4,30730068
2023-08-24 00:00:00+05:30,59.7,66.5,59.7,64.65,135696147
2023-08-25 00:00:00+05:30,63.95,66.7,61.4,61.7,72059479
2023-08-28 00:00:00+05:30,62.45,62.55,60.3,60.45,34511761
2023-08-29 00:00:00+05:30,60.8,63.0,60.6,61.25,28185720
2023-08-30 00:00:00+05:30,61.55,62.35,59.6,60.5,34091719
2023-08-31 00:00:00+05:30,60.65,62.65,59.6,62.1,50104365
2023-09-01 00:00:00+05:30,62.15,63.2,61.3,62.95,27651099
2023-09-04 00:00:00+05:30,63.45,64.9,63.0,63.35,16652913
2023-09-05 00:00:00+05:30,63.6,64.6,62.65,63.9,11812824
2023-09-06 00:00:00+05:30,64.1,64.1,62.2,62.85,7567262
2023-09-07 00:00:00+05:30,62.85,63.9,62.0,63.1,7631288
2023-09-08 00:00:00+05:30,63.45,64.25,63.1,63.8,8480182
2023-09-11 00:00:00+05:30,63.95,65.0,63.4,64.35,9991587
2023-09-12 00:00:00+05:30,64.75,64.75,59.25,59.5,19092349
2023-09-13 00:00:00+05:30,59.55,60.95,58.35,60.55,12937631
2023-09-14 00:00:00+05:30,61.0,61.5,60.5,61.1,7223461
2023-09-15 00:00:00+05:30,61.3,61.6,60.2,60.65,6556647
2023-09-18 00:00:00+05:30,60.55,61.0,59.65,59.85,4245604
2023-09-20 00:00:00+05:30,58.55,60.8,58.55,59.75,9459462
2023-09-21 00:00:00+05:30,60.0,60.4,58.5,59.0,7266479
2023-09-22 00:00:00+05:30,59.2,59.65,56.7,58.55,12703977
2023-09-25 00:00:00+05:30,58.65,58.9,57.65,58.5,6707147
2023-09-26 00:00:00+05:30,58.45,59.05,57.8,58.8,6050395
2023-09-27 00:00:00+05:30,58.75,59.35,58.3,59.0,5725577
2023-09-28 00:00:00+05:30,59.1,59.55,57.6,57.95,6242994
2023-09-29 00:00:00+05:30,58.3,60.0,58.3,59.55,10110709
2023-10-03 00:00:00+05:30,59.4,59.75,58.85,59.45,5841614
2023-10-04 00:00:00+05:30,59.1,59.9,57.9,58.7,5335769
2023-10-05 00:00:00+05:30,58.9,60.3,58.8,59.4,5036675
2023-10-06 00:00:00+05:30,59.65,61.85,59.3,61.6,12142486
2023-10-09 00:00:00+05:30,60.8,60.8,57.5,57.75,11462883
2023-10-10 00:00:00+05:30,58.0,59.5,58.0,59.05,6429882
2023-10-11 00:00:00+05:30,59.35,60.2,59.15,59.3,5579181
2023-10-12 00:00:00+05:30,59.6,59.8,58.85,59.05,5355501
2023-10-13 00:00:00+05:30,59.0,60.1,58.85,59.3,5048585
2023-10-16 00:00:00+05:30,59.0,59.4,58.6,58.75,3460194
2023-10-17 00:00:00+05:30,59.0,59.35,58.45,58.65,3601087
2023-10-18 00:00:00+05:30,58.85,58.95,57.5,57.8,4283287
2023-10-19 00:00:00+05:30,57.15,57.35,55.95,56.65,5939595
2023-10-20 00:00:00+05:30,56.2,56.65,55.0,55.9,7835932
2023-10-23 00:00:00+05:30,54.55,56.15,54.0,54.3,6068669
2023-10-25 00:00:00+05:30,54.0,55.6,53.1,54.05,4699445
2023-10-26 00:00:00+05:30,53.9,54.0,52.0,53.5,7448507
2023-10-27 00:00:00+05:30,54.2,55.1,54.05,54.85,4130005
2023-10-30 00:00:00+05:30,55.1,55.4,54.05,54.65,5157734
2023-10-31 00:00:00+05:30,54.95,55.7,54.45,54.6,5247975
2023-11-01 00:00:00+05:30,55.0,55.5,54.1,54.25,2619387
2023-11-02 00:00:00+05:30,55.0,56.5,54.5,56.0,4133434
2023-11-03 00:00:00+05:30,56.3,57.1,55.8,56.05,4793564
2023-11-06 00:00:00+05:30,56.5,57.0,55.95,56.5,3777488
2023-11-07 00:00:00+05:30,56.35,56.5,55.5,56.0,2832431
2023-11-08 00:00:00+05:30,56.05,57.0,56.0,56.65,3951807
2023-11-09 00:00:00+05:30,56.9,56.9,56.1,56.2,3474550
2023-11-10 00:00:00+05:30,56.5,58.4,55.7,57.65,15351937
2023-11-12 00:00:00+05:30,58.0,59.4,57.75,58.3,2357539
2023-11-13 00:00:00+05:30,58.3,58.3,57.0,57.25,3608807
2023-11-15 00:00:00+05:30,57.55,58.45,57.15,58.0,4153475
2023-11-16 00:00:00+05:30,58.2,58.35,57.5,57.6,3804394
2023-11-17 00:00:00+05:30,57.85,59.5,57.5,58.7,14167071
2023-11-20 00:00:00+05:30,59.0,59.0,57.25,57.7,7744798
2023-11-21 00:00:00+05:30,58.0,58.25,57.15,57.55,3556117
2023-11-22 00:00:00+05:30,57.65,58.05,56.4,57.35,6761170
2023-11-23 00:00:00+05:30,57.55,57.85,57.0,57.1,4213485
2023-11-24 00:00:00+05:30,57.25,60.9,57.05,60.35,22678150
2023-11-28 00:00:00+05:30,61.65,61.9,59.65,60.25,24275975
2023-11-29 00:00:00+05:30,60.55,61.5,60.2,60.3,46270600
2023-11-30 00:00:00+05:30,60.45,61.05,59.2,59.8,19272526
2023-12-01 00:00:00+05:30,60.2,61.35,60.2,60.9,14246978
2023-12-04 00:00:00+05:30,61.8,63.0,61.45,62.3,34976851
2023-12-05 00:00:00+05:30,62.55,63.9,61.1,62.1,27713959
2023-12-06 00:00:00+05:30,62.4,62.7,61.2,61.35,8068930
2023-12-07 00:00:00+05:30,61.55,63.25,60.65,61.7,25752912
2023-12-08 00:00:00+05:30,59.85,70.4,58.75,68.9,487219557
2023-12-11 00:00:00+05:30,71.45,74.4,69.55,73.1,165979376
2023-12-12 00:00:00+05:30,73.5,74.3,71.0,71.85,52604713
2023-12-13 00:00:00+05:30,72.1,78.1,71.85,77.15,139161372
2023-12-14 00:00:00+05:30,77.85,78.9,76.4,77.15,105827318
2023-12-15 00:00:00+05:30,77.7,78.2,76.05,77.5,49693156
2023-12-18 00:00:00+05:30,77.5,78.55,76.0,78.3,20331390
2023-12-19 00:00:00+05:30,78.35,79.5,74.65,75.7,19698623
2023-12-20 00:00:00+05:30,76.35,77.0,70.5,71.3,23442670
2023-12-21 00:00:00+05:30,70.9,74.05,69.6,73.4,20851861
2023-12-22 00:00:00+05:30,75.3,77.8,73.7,74.65,27907280
2023-12-26 00:00:00+05:30,75.05,75.6,73.65,73.95,13691736
2023-12-27 00:00:00+05:30,74.15,75.0,73.1,73.3,13530197
2023-12-28 00:00:00+05:30,73.7,77.1,72.95,76.3,44621995
2023-12-29 00:00:00+05:30,76.3,81.5,75.7,80.55,78284106
2024-01-01 00:00:00+05:30,80.9,82.3,79.85,80.35,37830090
2024-01-02 00:00:00+05:30,80.75,80.75,77.25,79.6,28625842
2024-01-03 00:00:00+05:30,79.95,83.0,78.85,81.8,36193954
2024-01-04 00:00:00+05:30,82.2,84.95,81.75,84.45,91736436
2024-01-05 00:00:00+05:30,84.8,85.25,81.9,83.9,40706295
2024-01-08 00:00:00+05:30,80.0,88.7,80.0,86.9,202570408
2024-01-09 00:00:00+05:30,87.6,88.25,84.1,84.8,48744140
2024-01-10 00:00:00+05:30,85.25,87.0,84.55,86.3,39105541
2024-01-11 00:00:00+05:30,86.6,87.25,83.3,85.3,80080582
2024-01-12 00:00:00+05:30,85.7,85.7,84.1,84.3,30674302
2024-01-15 00:00:00+05:30,84.8,85.3,82.8,83.25,22379230
2024-01-16 00:00:00+05:30,83.65,86.5,82.5,84.35,41718790
2024-01-17 00:00:00+05:30,84.35,85.7,82.7,83.4,31240324
2024-01-18 00:00:00+05:30,83.35,84.4,80.15,83.7,23950513
2024-01-19 00:00:00+05:30,83.0,84.55,81.85,82.5,38979778
2024-01-20 00:00:00+05:30,83.0,84.5,81.1,81.9,34168130
2024-01-23 00:00:00+05:30,82.5,83.0,74.25,75.5,43604317
2024-01-24 00:00:00+05:30,75.5,76.6,73.6,75.7,35773435
2024-01-25 00:00:00+05:30,76.05,79.1,75.5,77.05,56040749
2024-01-29 00:00:00+05:30,78.1,80.35,76.9,78.2,44502382
2024-01-30 00:00:00+05:30,78.85,81.7,78.15,78.8,37994594
2024-01-31 00:00:00+05:30,78.8,79.25,77.35,78.35,26944356
2024-02-01 00:00:00+05:30,76.15,79.95,76.05,79.1,39919389
2024-02-02 00:00:00+05:30,79.75,87.0,79.65,85.2,124563723
2024-02-05 00:00:00+05:30,85.7,89.75,85.5,87.35,84036591
2024-02-06 00:00:00+05:30,87.85,89.65,85.55,88.15,28893814
2024-02-07 00:00:00+05:30,88.65,91.3,88.05,90.8,63741860
2024-02-08 00:00:00+05:30,91.2,92.55,89.8,90.15,44963439
2024-02-09 00:00:00+05:30,90.3,90.55,84.2,88.85,35007959
2024-02-12 00:00:00+05:30,89.25,89.3,84.75,85.6,25142104
2024-02-13 00:00:00+05:30,89.45,91.15,85.8,89.85,85283123
2024-02-14 00:00:00+05:30,88.25,90.8,87.8,89.85,34239889
2024-02-15 00:00:00+05:30,90.6,91.7,89.1,90.35,31048461
2024-02-16 00:00:00+05:30,90.85,91.2,88.65,89.25,38111593
2024-02-19 00:00:00+05:30,89.8,92.85,87.75,92.1,51843868
2024-02-20 00:00:00+05:30,92.6,94.35,89.85,90.6,56491851
2024-02-21 00:00:00+05:30,90.9,90.9,84.55,86.25,63802448
2024-02-22 00:00:00+05:30,86.85,88.3,84.75,87.65,29169629
2024-02-23 00:00:00+05:30,88.25,89.65,87.75,88.35,25843128
2024-02-26 00:00:00+05:30,88.8,89.6,87.1,87.65,39761640
2024-02-27 00:00:00+05:30,87.9,88.4,85.4,85.75,75427795
2024-02-28 00:00:00+05:30,86.25,87.5,84.0,84.4,47472979
2024-02-29 00:00:00+05:30,84.8,85.35,82.6,84.0,341649737
2024-03-01 00:00:00+05:30,84.5,86.2,84.25,85.55,26544078
2024-03-02 00:00:00+05:30,85.7,86.75,85.5,85.8,4326231
2024-03-04 00:00:00+05:30,86.35,87.5,85.65,86.65,24955290
2024-03-05 00:00:00+05:30,86.55,87.65,86.0,86.75,16913400
2024-03-06 00:00:00+05:30,86.75,86.95,80.8,82.7,24841782
2024-03-07 00:00:00+05:30,83.15,85.15,82.65,84.5,14135199
2024-03-11 00:00:00+05:30,85.35,85.4,82.4,82.7,16717842
2024-03-12 00:00:00+05:30,82.95,83.4,80.55,80.95,19702229
2024-03-13 00:00:00+05:30,81.0,81.15,73.6,75.15,34943703
2024-03-14 00:00:00+05:30,76.35,78.6,74.5,78.05,30451300
2024-03-15 00:00:00+05:30,78.0,78.75,74.8,77.3,19455715
2024-03-18 00:00:00+05:30,77.3,78.2,76.25,77.1,9153822
2024-03-19 00:00:00+05:30,77.25,77.5,75.05,75.3,11022369
2024-03-20 00:00:00+05:30,76.0,76.3,73.0,74.65,15111132
2024-03-21 00:00:00+05:30,75.9,79.3,75.6,79.1,18986015
2024-03-22 00:00:00+05:30,79.15,79.6,78.0,78.65,9769561
2024-03-26 00:00:00+05:30,78.6,79.75,77.75,79.05,12905284
2024-03-27 00:00:00+05:30,81.4,81.4,79.4,79.8,26320881
2024-03-28 00:00:00+05:30,80.9,82.25,80.25,81.6,24357737
2024-04-01 00:00:00+05:30,82.4,84.0,82.3,83.55,14429781
2024-04-02 00:00:00+05:30,83.0,85.6,83.0,85.0,16799176
2024-04-03 00:00:00+05:30,85.25,85.4,83.8,84.05,15811657
2024-04-04 00:00:00+05:30,84.5,85.7,83.55,84.4,11970580
2024-04-05 00:00:00+05:30,84.4,86.7,83.85,85.65,33992152
2024-04-08 00:00:00+05:30,86.05,86.4,85.15,85.7,10248393
2024-04-09 00:00:00+05:30,85.95,86.5,84.45,84.8,10438396
2024-04-10 00:00:00+05:30,85.05,85.95,84.6,85.1,8040522
2024-04-12 00:00:00+05:30,85.1,85.55,83.45,83.7,15288438
2024-04-15 00:00:00+05:30,81.4,83.15,80.0,80.65,39207669
2024-04-16 00:00:00+05:30,80.5,81.1,79.4,80.5,13449634
2024-04-18 00:00:00+05:30,81.0,82.45,79.6,80.0,13758049
2024-04-19 00:00:00+05:30,78.7,81.25,78.25,80.65,17239317
2024-04-22 00:00:00+05:30,81.4,81.75,80.55,81.05,13243769
2024-04-23 00:00:00+05:30,81.5,83.0,80.65,82.35,18800097
2024-04-24 00:00:00+05:30,82.75,83.45,82.1,82.45,10812226
2024-04-25 00:00:00+05:30,82.65,85.5,82.15,85.15,29717351
2024-04-26 00:00:00+05:30,85.9,92.4,85.6,90.75,121203082
2024-04-29 00:00:00+05:30,91.75,91.9,86.9,87.4,69094550
2024-04-30 00:00:00+05:30,87.9,88.2,84.85,85.15,46391574
2024-05-02 00:00:00+05:30,85.75,88.8,83.5,88.15,69372247
2024-05-03 00:00:00+05:30,89.0,89.85,84.55,85.6,59484779
2024-05-06 00:00:00+05:30,85.95,85.95,81.7,83.3,23811979
2024-05-07 00:00:00+05:30,83.45,83.45,78.5,79.0,43376425
2024-05-08 00:00:00+05:30,79.6,82.1,77.6,80.6,28202896
2024-05-09 00:00:00+05:30,80.7,81.65,78.1,78.55,20898249
2024-05-10 00:00:00+05:30,79.25,80.95,77.85,80.1,15680082
2024-05-13 00:00:00+05:30,80.3,82.55,78.65,82.35,16718497
2024-05-14 00:00:00+05:30,82.85,83.75,82.3,83.45,12609063
2024-05-15 00:00:00+05:30,83.55,84.25,83.05,83.75,9378427
2024-05-16 00:00:00+05:30,84.0,85.0,82.45,82.95,9418488
2024-05-17 00:00:00+05:30,83.2,86.65,82.7,86.05,24862680
2024-05-18 00:00:00+05:30,86.3,86.9,85.8,86.0,3524295
2024-05-21 00:00:00+05:30,86.2,86.3,84.5,85.55,18753436
2024-05-22 00:00:00+05:30,85.95,87.85,83.9,87.5,49986916
2024-05-23 00:00:00+05:30,87.9,88.2,86.45,87.2,41608099
2024-05-24 00:00:00+05:30,87.0,88.15,85.65,86.95,34875202
2024-05-27 00:00:00+05:30,88.35,89.75,87.05,88.2,64829380
2024-05-28 00:00:00+05:30,88.7,89.1,86.55,87.5,41133318
2024-05-29 00:00:00+05:30,87.5,87.9,86.35,87.0,40724431
2024-05-30 00:00:00+05:30,88.75,88.8,80.25,81.05,97495544
2024-05-31 00:00:00+05:30,82.5,85.1,82.5,84.6,81926700
2024-06-03 00:00:00+05:30,88.85,88.95,87.15,88.3,58456620
2024-06-04 00:00:00+05:30,88.0,88.0,70.65,76.6,115226707
2024-06-05 00:00:00+05:30,78.0,82.5,73.35,81.75,71682102
2024-06-06 00:00:00+05:30,82.3,86.4,82.0,84.3,61875083
2024-06-07 00:00:00+05:30,83.9,87.0,83.8,86.7,26367119
2024-06-10 00:00:00+05:30,87.0,88.3,86.4,86.93,26759808
2024-06-11 00:00:00+05:30,87.5,93.23,87.36,90.95,140719522
2024-06-12 00:00:00+05:30,92.25,92.8,89.2,90.13,48775636
2024-06-13 00:00:00+05:30,91.3,92.5,89.35,91.73,46860712
2024-06-14 00:00:00+05:30,92.88,94.55,91.76,93.92,92400158
2024-06-18 00:00:00+05:30,95.1,98.0,95.05,97.84,115730997
2024-06-19 00:00:00+05:30,98.6,100.7,95.5,97.88,120276067
2024-06-20 00:00:00+05:30,98.31,99.1,96.41,96.99,32609865
2024-06-21 00:00:00+05:30,97.2,99.68,96.1,97.97,52096986
2024-06-24 00:00:00+05:30,97.3,98.87,95.95,96.91,26259521
2024-06-25 00:00:00+05:30,97.1,97.69,94.61,95.07,23217837
2024-06-26 00:00:00+05:30,95.5,99.6,94.86,98.28,63535658
2024-06-27 00:00:00+05:30,98.5,101.25,97.49,99.24,60678698
2024-06-28 00:00:00+05:30,99.5,99.6,95.74,96.57,38975155
2024-07-01 00:00:00+05:30,96.0,97.95,95.26,97.62,20727809
2024-07-02 00:00:00+05:30,97.3,98.49,95.16,95.87,30125285
2024-07-03 00:00:00+05:30,96.4,96.9,95.72,96.54,11316517
2024-07-04 00:00:00+05:30,96.9,98.2,96.5,96.83,13921325
2024-07-05 00:00:00+05:30,96.5,97.39,95.89,96.23,11040422
2024-07-08 00:00:00+05:30,96.23,99.4,95.0,98.9,24269090
2024-07-09 00:00:00+05:30,99.6,100.62,97.8,98.57,22715631
2024-07-10 00:00:00+05:30,98.8,99.53,94.57,97.55,21356245
2024-07-11 00:00:00+05:30,98.0,99.7,97.71,98.72,15328902
2024-07-12 00:00:00+05:30,98.99,100.57,97.2,97.74,36609764
2024-07-15 00:00:00+05:30,98.0,98.75,96.15,98.09,14466846
2024-07-16 00:00:00+05:30,98.0,100.0,96.6,96.91,27348929
2024-07-18 00:00:00+05:30,97.02,98.0,94.75,95.93,18804375
2024-07-19 00:00:00+05:30,95.93,95.93,91.56,91.94,24364590
2024-07-22 00:00:00+05:30,92.5,94.37,90.71,94.0,27658139
2024-07-23 00:00:00+05:30,94.0,96.4,88.73,94.13,47125296
2024-07-24 00:00:00+05:30,94.2,95.85,93.81,95.29,16610113
2024-07-25 00:00:00+05:30,94.69,94.93,93.26,94.1,10902252
2024-07-26 00:00:00+05:30,93.9,97.69,93.89,97.27,20947325
2024-07-29 00:00:00+05:30,97.76,99.0,96.25,97.25,21968001
2024-07-30 00:00:00+05:30,97.6,101.5,96.9,99.97,28982515
2024-07-31 00:00:00+05:30,102.5,103.75,101.48,101.73,47293326
2024-08-01 00:00:00+05:30,102.0,102.53,99.55,101.52,18419300
2024-08-02 00:00:00+05:30,97.55,100.73,97.36,98.0,28298007
2024-08-05 00:00:00+05:30,95.0,95.8,90.1,92.5,40083603
2024-08-06 00:00:00+05:30,93.29,95.87,91.7,92.09,24599252
2024-08-07 00:00:00+05:30,94.45,97.31,93.71,96.98,23761549
2024-08-08 00:00:00+05:30,96.98,100.2,96.36,98.69,31402322
2024-08-09 00:00:00+05:30,99.9,100.49,98.96,99.48,18097097
2024-08-12 00:00:00+05:30,99.48,99.49,97.7,98.02,16492152
2024-08-13 00:00:00+05:30,97.5,98.48,94.4,94.81,14108542
2024-08-14 00:00:00+05:30,94.0,94.7,92.31,92.73,15858298
2024-08-16 00:00:00+05:30,94.4,96.29,93.12,95.87,10705031
2024-08-19 00:00:00+05:30,97.4,97.73,96.01,96.29,28104301
2024-08-20 00:00:00+05:30,96.4,96.82,95.35,95.55,19092986
2024-08-21 00:00:00+05:30,95.7,96.15,94.8,94.92,16780064
2024-08-22 00:00:00+05:30,96.45,96.83,94.79,95.01,21874232
2024-08-23 00:00:00+05:30,95.15,98.1,93.77,95.85,95397103
2024-08-26 00:00:00+05:30,96.34,96.71,94.9,95.94,22016952
2024-08-27 00:00:00+05:30,96.0,96.88,95.02,95.5,18564985
2024-08-28 00:00:00+05:30,95.5,96.76,94.17,94.66,60839359
2024-08-29 00:00:00+05:30,94.75,94.97,92.84,94.11,26954557
2024-08-30 00:00:00+05:30,95.0,95.25,93.73,94.48,28561801
2024-09-02 00:00:00+05:30,95.0,95.25,92.54,93.38,12416497
2024-09-03 00:00:00+05:30,93.6,94.35,93.34,94.08,8327582
2024-09-04 00:00:00+05:30,93.66,94.8,93.07,93.42,8262756
2024-09-05 00:00:00+05:30,93.75,96.9,92.5,95.77,123773625
2024-09-06 00:00:00+05:30,95.77,96.17,90.68,91.03,39150062
2024-09-09 00:00:00+05:30,90.6,91.35,89.21,90.89,16636538
2024-09-10 00:00:00+05:30,92.75,93.27,91.77,92.58,22804252
2024-09-11 00:00:00+05:30,93.0,94.4,92.2,92.54,20636627
2024-09-12 00:00:00+05:30,94.0,94.3,92.7,93.89,13560571
2024-09-13 00:00:00+05:30,94.8,96.8,94.39,96.03,26520675
2024-09-16 00:00:00+05:30,97.0,97.94,96.21,97.13,18632178
2024-09-17 00:00:00+05:30,97.69,98.23,95.5,95.68,16020892
2024-09-18 00:00:00+05:30,95.99,96.3,93.68,94.05,12812312
2024-09-19 00:00:00+05:30,94.65,95.52,90.88,92.65,22329080
2024-09-20 00:00:00+05:30,93.5,95.4,92.82,94.53,82880399
2024-09-23 00:00:00+05:30,95.02,95.87,94.49,95.29,45222207
2024-09-24 00:00:00+05:30,95.9,96.0,94.79,95.36,23003532
2024-09-25 00:00:00+05:30,95.3,95.5,93.7,94.52,9382737
2024-09-26 00:00:00+05:30,94.3,94.49,92.74,94.11,14245128
2024-09-27 00:00:00+05:30,94.1,95.84,93.89,95.09,17892851
2024-09-30 00:00:00+05:30,94.9,95.51,93.4,93.99,27031606
2024-10-01 00:00:00+05:30,94.0,94.93,93.55,93.93,6427524
2024-10-03 00:00:00+05:30,92.5,93.19,88.21,88.63,30507677
2024-10-04 00:00:00+05:30,88.7,90.84,87.9,89.94,44536329
2024-10-07 00:00:00+05:30,90.09,90.48,84.57,85.27,19453347
2024-10-08 00:00:00+05:30,86.84,87.81,85.0,87.2,24641127
2024-10-09 00:00:00+05:30,88.85,89.55,86.93,87.69,56656765
2024-10-10 00:00:00+05:30,89.0,90.78,88.57,88.85,16067072
2024-10-11 00:00:00+05:30,89.0,89.17,87.92,88.42,5711389
2024-10-14 00:00:00+05:30,88.35,89.25,88.21,88.95,5903276
2024-10-15 00:00:00+05:30,89.4,89.75,88.78,89.54,7812014
2024-10-16 00:00:00+05:30,89.52,89.83,88.61,89.36,10230032
2024-10-17 00:00:00+05:30,90.0,90.14,86.15,86.59,16629384
2024-10-18 00:00:00+05:30,86.0,86.43,84.68,85.76,11983548
2024-10-21 00:00:00+05:30,85.0,85.74,82.51,82.96,15886550
2024-10-22 00:00:00+05:30,84.25,84.51,79.76,80.39,34980173
2024-10-23 00:00:00+05:30,81.0,82.85,79.45,82.23,24982283
2024-10-24 00:00:00+05:30,83.01,83.65,82.16,82.52,14325395
2024-10-25 00:00:00+05:30,79.5,81.21,77.67,78.82,26995746
2024-10-28 00:00:00+05:30,80.4,80.4,76.1,77.94,23819510
2024-10-29 00:00:00+05:30,78.01,79.86,76.45,79.48,24154169
2024-10-30 00:00:00+05:30,79.5,81.52,78.69,80.77,20826727
2024-10-31 00:00:00+05:30,80.84,80.94,78.85,79.32,16681311
2024-11-01 00:00:00+05:30,79.57,80.48,79.35,79.99,2173451
2024-11-04 00:00:00+05:30,80.0,80.14,76.62,77.94,15366033
2024-11-05 00:00:00+05:30,77.21,78.9,76.12,78.46,13676142
2024-11-06 00:00:00+05:30,79.0,81.92,78.93,81.62,22714681
2024-11-07 00:00:00+05:30,81.85,82.27,80.65,80.89,15655489
2024-11-08 00:00:00+05:30,80.46,81.79,79.7,80.29,9328340
2024-11-11 00:00:00+05:30,79.5,80.39,78.73,79.49,7182092
2024-11-12 00:00:00+05:30,79.59,80.22,77.75,78.22,6872819
2024-11-13 00:00:00+05:30,77.93,78.37,75.41,76.01,9038751
2024-11-14 00:00:00+05:30,76.12,77.45,75.73,76.81,12842078
2024-11-18 00:00:00+05:30,77.0,78.99,75.95,78.01,17220570
2024-11-19 00:00:00+05:30,80.5,82.4,79.15,80.53,43057112
2024-11-21 00:00:00+05:30,80.37,80.37,74.12,76.85,72676903
2024-11-22 00:00:00+05:30,77.99,79.64,76.85,79.16,14612979
2024-11-25 00:00:00+05:30,82.35,82.35,79.73,80.05,31694346
2024-11-26 00:00:00+05:30,80.0,81.1,79.33,80.19,9168793
2024-11-27 00:00:00+05:30,80.65,82.04,79.93,81.81,12574153
2024-11-28 00:00:00+05:30,82.05,82.94,81.53,82.49,35219816
2024-11-29 00:00:00+05:30,82.62,83.91,82.16,83.21,22669084
2024-12-02 00:00:00+05:30,83.2,83.65,82.29,83.34,14744874
2024-12-03 00:00:00+05:30,83.5,84.18,83.3,83.61,17166826
2024-12-04 00:00:00+05:30,83.71,84.24,83.15,83.89,10260533
2024-12-05 00:00:00+05:30,83.87,84.42,83.06,84.03,6818799
2024-12-06 00:00:00+05:30,84.35,85.28,84.08,84.5,7902560
2024-12-09 00:00:00+05:30,84.5,87.19,84.36,86.2,19140139
2024-12-10 00:00:00+05:30,86.2,86.4,84.51,85.13,7434198
2024-12-11 00:00:00+05:30,84.75,85.84,84.75,85.44,5476910
2024-12-12 00:00:00+05:30,85.7,85.7,84.2,84.56,7381845
2024-12-13 00:00:00+05:30,83.81,84.47,81.92,83.95,7881359
2024-12-16 00:00:00+05:30,84.05,84.44,83.65,83.9,4526525
2024-12-17 00:00:00+05:30,85.4,85.76,83.0,83.44,13065340
2024-12-18 00:00:00+05:30,83.0,83.16,81.58,82.15,7559892
2024-12-19 00:00:00+05:30,80.2,81.49,80.2,80.63,4878495
2024-12-20 00:00:00+05:30,81.6,81.6,78.0,78.82,10082347
2024-12-23 00:00:00+05:30,79.18,80.64,78.55,79.3,19622227
2024-12-24 00:00:00+05:30,79.49,80.48,78.66,79.15,6303126
2024-12-26 00:00:00+05:30,79.15,79.75,78.56,79.04,10679581
2024-12-27 00:00:00+05:30,79.8,80.14,78.92,79.05,10133639
2024-12-30 00:00:00+05:30,79.24,79.75,76.71,77.32,16632173
2024-12-31 00:00:00+05:30,77.05,78.81,76.96,78.56,14038476
2025-01-01 00:00:00+05:30,78.99,79.05,77.8,78.59,3400151
2025-01-02 00:00:00+05:30,78.74,79.05,78.03,78.69,4945975
2025-01-03 00:00:00+05:30,78.41,79.92,78.26,78.68,6224506
2025-01-06 00:00:00+05:30,78.99,78.99,75.93,76.42,19299307
2025-01-07 00:00:00+05:30,76.3,77.57,76.11,76.64,6456372
2025-01-08 00:00:00+05:30,76.49,77.22,75.0,76.81,9678431
2025-01-09 00:00:00+05:30,77.36,77.36,75.86,76.08,5515487
2025-01-10 00:00:00+05:30,76.09,76.3,74.0,74.53,11314699
2025-01-13 00:00:00+05:30,73.0,73.98,69.27,69.7,18419378
2025-01-14 00:00:00+05:30,70.99,73.13,70.34,72.2,23038361
2025-01-15 00:00:00+05:30,72.5,74.69,72.5,74.32,9958755
2025-01-16 00:00:00+05:30,74.91,75.65,74.49,74.68,13439651
2025-01-17 00:00:00+05:30,74.68,76.49,74.14,76.07,8571378
2025-01-20 00:00:00+05:30,75.89,77.35,75.62,76.77,8011477
2025-01-21 00:00:00+05:30,77.01,77.3,74.11,74.36,10210742
2025-01-22 00:00:00+05:30,74.57,74.7,70.85,72.98,14826279
2025-01-23 00:00:00+05:30,73.2,73.74,72.33,73.5,6441341
2025-01-24 00:00:00+05:30,73.5,74.01,71.1,71.49,10814737
2025-01-27 00:00:00+05:30,70.89,71.03,69.66,70.51,12784262
2025-01-28 00:00:00+05:30,70.81,72.0,68.9,71.06,13779506
2025-01-29 00:00:00+05:30,73.0,73.71,70.76,71.26,25973856
2025-01-30 00:00:00+05:30,72.19,72.49,70.76,71.2,19604319
2025-01-31 00:00:00+05:30,71.3,73.08,70.73,72.67,14887641
2025-02-01 00:00:00+05:30,72.99,75.05,72.13,73.78,20661157
2025-02-03 00:00:00+05:30,73.45,73.88,71.64,73.48,12042878
2025-02-04 00:00:00+05:30,73.9,75.19,72.75,74.54,11094557
2025-02-05 00:00:00+05:30,74.87,76.6,74.79,75.45,11174536
2025-02-06 00:00:00+05:30,75.65,76.05,74.0,74.68,12500383
2025-02-07 00:00:00+05:30,75.25,75.32,73.25,74.53,8991765
2025-02-10 00:00:00+05:30,74.49,74.89,72.85,73.67,6258171
2025-02-11 00:00:00+05:30,73.35,73.61,71.26,71.91,11227846
2025-02-12 00:00:00+05:30,71.63,72.48,69.4,72.06,12117986
2025-02-13 00:00:00+05:30,72.79,73.79,72.25,72.61,6707272
2025-02-14 00:00:00+05:30,72.65,73.0,68.71,70.48,17831038
2025-02-17 00:00:00+05:30,70.05,70.67,68.34,70.26,24818366
2025-02-18 00:00:00+05:30,71.25,71.9,68.67,70.79,14300469
2025-02-19 00:00:00+05:30,70.78,71.43,69.45,70.27,20210142
2025-02-20 00:00:00+05:30,70.3,71.71,69.41,71.33,13866438
2025-02-21 00:00:00+05:30,70.55,71.92,69.44,69.93,7232594
2025-02-24 00:00:00+05:30,69.1,70.08,67.81,69.63,11087449
2025-02-25 00:00:00+05:30,69.6,70.3,69.35,69.77,3943887
2025-02-27 00:00:00+05:30,69.95,70.34,69.0,69.29,9102396
2025-02-28 00:00:00+05:30,68.95,69.75,67.75,69.47,22302860
2025-03-03 00:00:00+05:30,70.3,70.3,68.35,69.82,9150104
2025-03-04 00:00:00+05:30,69.5,71.6,69.0,71.2,8454397
2025-03-05 00:00:00+05:30,70.53,74.4,70.53,74.15,11847842
2025-03-06 00:00:00+05:30,74.31,74.87,73.47,73.71,6972387
2025-03-07 00:00:00+05:30,73.06,74.52,72.25,72.82,7258727
2025-03-10 00:00:00+05:30,72.9,74.18,71.35,71.79,5552361
2025-03-11 00:00:00+05:30,71.35,74.7,70.54,74.11,11741836
2025-03-13 00:00:00+05:30,73.99,74.69,73.0,74.33,8234957
2025-03-17 00:00:00+05:30,74.8,75.19,73.8,74.17,8310284
2025-03-18 00:00:00+05:30,74.74,75.3,74.35,74.95,6809908
2025-03-19 00:00:00+05:30,75.5,76.98,74.79,76.68,6798346
2025-03-20 00:00:00+05:30,77.0,77.49,75.91,76.65,9665287
2025-03-21 00:00:00+05:30,76.7,77.75,76.35,77.36,9877735
2025-03-24 00:00:00+05:30,78.0,78.75,77.56,77.92,7652689
2025-03-25 00:00:00+05:30,78.6,78.6,75.39,75.68,5077844
2025-03-26 00:00:00+05:30,75.69,77.25,75.4,76.24,20718143
2025-03-27 00:00:00+05:30,75.9,76.74,74.96,75.94,27995886
2025-03-28 00:00:00+05:30,76.4,77.45,75.35,75.73,29733998
2025-04-01 00:00:00+05:30,76.8,78.14,75.9,77.36,14007197
2025-04-02 00:00:00+05:30,77.49,79.1,75.83,78.84,14793006
2025-04-03 00:00:00+05:30,78.26,83.2,78.11,82.7,24331046
2025-04-04 00:00:00+05:30,83.15,84.08,80.31,80.74,29180057
2025-04-07 00:00:00+05:30,77.0,83.0,76.66,82.22,57951987
2025-04-08 00:00:00+05:30,83.92,85.85,81.87,85.38,23365934
2025-04-09 00:00:00+05:30,85.65,86.55,84.5,85.85,14444164
2025-04-11 00:00:00+05:30,86.1,87.14,85.07,85.72,31659595
2025-04-15 00:00:00+05:30,87.0,87.07,85.71,86.03,28056085
2025-04-16 00:00:00+05:30,86.0,86.55,84.8,85.64,7446581
2025-04-17 00:00:00+05:30,85.5,87.5,85.49,86.53,8528599
2025-04-21 00:00:00+05:30,87.2,87.4,86.03,86.75,9542428
2025-04-22 00:00:00+05:30,86.98,87.95,86.2,86.65,12081653
2025-04-23 00:00:00+05:30,87.0,87.9,85.71,87.57,7867039
2025-04-24 00:00:00+05:30,87.75,89.5,87.3,89.0,16901230
2025-04-25 00:00:00+05:30,89.72,90.19,83.86,85.5,18253042
2025-04-28 00:00:00+05:30,85.0,88.97,84.86,88.17,15728517
2025-04-29 00:00:00+05:30,88.17,90.08,88.06,89.4,40899069
2025-04-30 00:00:00+05:30,89.2,89.77,86.64,87.19,21631744
2025-05-02 00:00:00+05:30,87.15,88.88,87.02,87.22,6521005
2025-05-05 00:00:00+05:30,87.39,88.68,87.27,88.09,5839967
2025-05-06 00:00:00+05:30,88.08,88.36,85.96,86.42,5035966
2025-05-07 00:00:00+05:30,84.5,87.57,84.5,87.02,7743072
2025-05-08 00:00:00+05:30,87.02,87.55,84.05,84.82,6727434
2025-05-09 00:00:00+05:30,82.2,84.5,80.5,84.2,9617387
2025-05-12 00:00:00+05:30,88.0,89.06,87.06,88.06,19514300
2025-05-13 00:00:00+05:30,88.06,88.39,86.93,87.19,5097283
2025-05-14 00:00:00+05:30,87.69,88.29,87.15,87.61,4455214
2025-05-15 00:00:00+05:30,88.25,89.82,87.78,89.14,10063479
2025-05-16 00:00:00+05:30,90.1,91.75,88.51,91.07,17512752
2025-05-19 00:00:00+05:30,91.65,91.72,87.2,87.43,13853534
2025-05-20 00:00:00+05:30,87.98,88.12,85.65,85.81,7335499
2025-05-21 00:00:00+05:30,84.7,87.75,84.7,87.63,8434940
2025-05-22 00:00:00+05:30,87.55,89.31,87.05,88.95,11246188
2025-05-23 00:00:00+05:30,89.7,89.7,86.6,86.86,14874983
2025-05-26 00:00:00+05:30,87.4,87.4,85.81,86.51,7586067
2025-05-27 00:00:00+05:30,86.4,87.27,86.07,86.79,9011624
2025-05-28 00:00:00+05:30,87.0,87.1,86.12,86.28,4888292
2025-05-29 00:00:00+05:30,86.51,86.69,85.63,86.48,5258085
2025-05-30 00:00:00+05:30,86.75,86.75,83.4,84.08,22217071
2025-06-02 00:00:00+05:30,84.05,85.85,83.66,85.54,7079328
2025-06-03 00:00:00+05:30,85.75,86.02,84.76,85.34,7063568
2025-06-04 00:00:00+05:30,85.34,85.6,83.9,83.99,9835009
2025-06-05 00:00:00+05:30,84.36,85.5,83.99,84.91,7124566
2025-06-06 00:00:00+05:30,85.0,86.54,84.74,86.26,7098507
2025-06-09 00:00:00+05:30,86.69,87.17,86.01,86.37,6525950
2025-06-10 00:00:00+05:30,86.35,86.43,84.95,85.08,8154804
2025-06-11 00:00:00+05:30,85.05,85.94,84.15,84.45,4614887
2025-06-12 00:00:00+05:30,84.5,85.2,81.33,81.91,8031240
2025-06-13 00:00:00+05:30,80.4,81.65,79.92,80.9,20850809
2025-06-16 00:00:00+05:30,81.8,83.86,80.9,83.57,11215638
2025-06-17 00:00:00+05:30,83.59,84.19,82.41,82.76,6610310
2025-06-18 00:00:00+05:30,83.23,83.55,82.53,82.75,6693801
2025-06-19 00:00:00+05:30,82.8,83.05,80.25,80.55,12955527
2025-06-20 00:00:00+05:30,80.55,81.7,80.38,80.97,71820397
2025-06-23 00:00:00+05:30,80.88,82.0,80.38,81.39,7720298
2025-06-24 00:00:00+05:30,82.0,83.8,81.81,83.2,11982995
2025-06-25 00:00:00+05:30,83.8,83.8,82.96,83.58,13168294
2025-06-26 00:00:00+05:30,83.8,85.0,83.44,84.87,14072936
2025-06-27 00:00:00+05:30,85.1,85.64,83.29,84.76,11946465
2025-06-30 00:00:00+05:30,85.04,85.39,84.36,85.19,8827649
2025-07-01 00:00:00+05:30,85.31,86.5,85.01,86.01,14033352
2025-07-02 00:00:00+05:30,86.39,88.8,86.21,88.4,26797812
2025-07-03 00:00:00+05:30,90.0,90.28,88.01,88.47,22497196
2025-07-04 00:00:00+05:30,88.56,90.06,88.36,89.91,17133306
2025-07-07 00:00:00+05:30,90.0,90.6,89.34,90.07,8695402
2025-07-08 00:00:00+05:30,90.07,91.55,89.93,91.24,16788875
2025-07-09 00:00:00+05:30,91.5,93.96,91.44,92.8,23779994
2025-07-10 00:00:00+05:30,92.9,93.19,91.65,92.3,7332739
2025-07-11 00:00:00+05:30,92.0,92.45,90.25,90.61,6945089
2025-07-14 00:00:00+05:30,90.3,92.39,89.65,91.66,9763399
2025-07-15 00:00:00+05:30,91.93,92.24,90.75,91.88,11959963
2025-07-16 00:00:00+05:30,91.88,94.0,91.55,93.89,12770323
2025-07-17 00:00:00+05:30,94.4,95.36,94.0,94.68,16447532
2025-07-18 00:00:00+05:30,95.1,97.0,93.96,94.32,18646049
2025-07-21 00:00:00+05:30,94.5,94.53,93.16,93.44,4922563
2025-07-22 00:00:00+05:30,93.8,93.83,91.75,91.92,7543460
2025-07-23 00:00:00+05:30,92.06,92.25,90.6,91.38,9993200
2025-07-24 00:00:00+05:30,91.3,92.34,91.14,91.83,6559443
2025-07-25 00:00:00+05:30,91.14,91.8,89.62,89.93,4900239
2025-07-28 00:00:00+05:30,89.5,91.57,89.04,89.65,9324951
2025-07-29 00:00:00+05:30,89.7,90.71,89.05,90.22,7188716
2025-07-30 00:00:00+05:30,91.89,92.43,89.43,89.84,9985594
2025-07-31 00:00:00+05:30,88.3,90.96,88.3,90.06,10254931
2025-08-01 00:00:00+05:30,90.06,91.21,89.01,89.42,12775865
2025-08-04 00:00:00+05:30,89.42,91.66,88.68,91.47,16647076
2025-08-05 00:00:00+05:30,91.55,93.0,91.2,92.81,13454598
2025-08-06 00:00:00+05:30,93.4,93.4,90.74,91.39,13230869
2025-08-07 00:00:00+05:30,90.8,91.16,89.0,90.63,11333128
2025-08-08 00:00:00+05:30,90.6,91.09,89.0,89.19,5554641
2025-08-11 00:00:00+05:30,89.2,89.95,88.47,89.32,3493527
2025-08-12 00:00:00+05:30,89.1,89.43,87.57,88.26,5637915
2025-08-13 00:00:00+05:30,88.38,89.32,87.92,88.65,13947975
2025-08-14 00:00:00+05:30,88.74,90.9,88.74,90.77,7283392
2025-08-18 00:00:00+05:30,91.02,91.42,89.5,90.2,5097534
2025-08-19 00:00:00+05:30,91.29,91.29,90.07,90.44,5846344
2025-08-20 00:00:00+05:30,90.4,91.69,89.98,91.01,6498605
2025-08-21 00:00:00+05:30,91.1,91.31,88.85,88.96,5796455
2025-08-22 00:00:00+05:30,90.0,90.11,89.13,89.55,7729819
2025-08-25 00:00:00+05:30,89.55,90.24,88.65,88.84,7007338
2025-08-26 00:00:00+05:30,88.2,89.1,87.3,88.7,9583336
2025-08-28 00:00:00+05:30,88.49,88.6,86.2,86.43,10380000
2025-08-29 00:00:00+05:30,86.0,87.33,85.7,86.07,10303831
2025-09-01 00:00:00+05:30,86.14,87.42,86.07,87.03,9371787
2025-09-02 00:00:00+05:30,87.39,88.06,86.81,87.04,4217959
2025-09-03 00:00:00+05:30,86.99,87.5,86.68,87.37,3802856
2025-09-04 00:00:00+05:30,87.4,88.75,86.45,86.55,4469534
2025-09-05 00:00:00+05:30,86.1,87.12,84.93,85.95,6483794
2025-09-08 00:00:00+05:30,86.14,86.85,85.81,86.28,5384432
2025-09-09 00:00:00+05:30,86.36,88.55,86.35,86.82,14512873
2025-09-10 00:00:00+05:30,87.32,87.68,86.89,87.13,5854988
2025-09-11 00:00:00+05:30,87.49,88.63,86.86,87.25,97395891
2025-09-12 00:00:00+05:30,88.4,89.07,87.21,88.13,81124952
2025-09-15 00:00:00+05:30,88.41,89.79,87.99,89.17,15155024
2025-09-16 00:00:00+05:30,89.49,93.41,89.26,92.84,32438451
2025-09-17 00:00:00+05:30,93.0,93.49,91.53,91.88,9066947
2025-09-18 00:00:00+05:30,92.09,92.49,91.0,91.77,4742266
2025-09-19 00:00:00+05:30,91.76,93.78,91.75,92.53,18989198
2025-09-22 00:00:00+05:30,92.53,92.84,90.72,91.17,4486135
2025-09-23 00:00:00+05:30,90.84,91.39,89.93,90.53,5911961
2025-09-24 00:00:00+05:30,90.49,90.85,88.9,89.05,4269311
2025-09-25 00:00:00+05:30,89.49,90.24,88.92,89.12,7859387
2025-09-26 00:00:00+05:30,88.7,89.29,86.94,87.28,7715812
2025-09-29 00:00:00+05:30,87.22,87.65,86.02,86.9,8378717
2025-09-30 00:00:00+05:30,86.92,87.95,86.08,87.2,13143816
2025-10-01 00:00:00+05:30,87.2,89.95,87.2,89.34,5199508
2025-10-03 00:00:00+05:30,89.4,90.27,89.05,89.28,6940845
2025-10-06 00:00:00+05:30,89.18,89.47,87.5,88.7,7601497
2025-10-07 00:00:00+05:30,88.77,89.15,88.21,88.39,3176718
2025-10-08 00:00:00+05:30,88.38,88.45,86.95,87.59,6861831
2025-10-09 00:00:00+05:30,87.15,91.1,87.07,90.71,12062943
2025-10-10 00:00:00+05:30,90.71,91.16,89.85,90.35,4874972
2025-10-13 00:00:00+05:30,89.9,90.49,88.58,89.85,4918636
2025-10-14 00:00:00+05:30,90.5,90.88,88.3,88.84,3991563
2025-10-15 00:00:00+05:30,89.1,90.54,88.5,90.16,4646050
2025-10-16 00:00:00+05:30,89.96,91.15,89.79,90.87,6688742
2025-10-17 00:00:00+05:30,90.81,90.82,89.6,90.15,5675574
2025-10-20 00:00:00+05:30,90.1,92.14,89.97,91.96,8623578
2025-10-21 00:00:00+05:30,92.5,92.58,91.6,92.01,1659032
2025-10-23 00:00:00+05:30,91.3,93.35,91.3,92.31,22751127
2025-10-24 00:00:00+05:30,92.35,94.68,92.19,93.2,27201354
2025-10-27 00:00:00+05:30,94.0,94.0,91.87,92.34,9440624
2025-10-28 00:00:00+05:30,92.34,93.59,92.18,92.69,11137106
2025-10-29 00:00:00+05:30,92.65,93.58,91.73,92.97,15092548
2025-10-30 00:00:00+05:30,93.21,95.5,93.2,94.47,26516655
2025-10-31 00:00:00+05:30,95.2,95.94,93.7,93.97,12371529
2025-11-03 00:00:00+05:30,93.97,94.1,93.03,93.5,3907119
2025-11-04 00:00:00+05:30,94.01,96.22,94.0,95.16,16023424
2025-11-06 00:00:00+05:30,94.1,96.43,94.1,94.45,11103563
2025-11-07 00:00:00+05:30,94.3,96.3,94.0,95.66,17206733
2025-11-10 00:00:00+05:30,95.11,96.72,95.11,95.65,10726731
2025-11-11 00:00:00+05:30,95.5,95.8,94.45,95.49,6227895
2025-11-12 00:00:00+05:30,95.99,96.27,94.64,95.5,10526450
2025-11-13 00:00:00+05:30,95.25,96.2,95.09,95.49,10602571
2025-11-14 00:00:00+05:30,97.65,99.19,94.65,95.67,28366853
2025-11-17 00:00:00+05:30,97.46,98.08,96.42,97.68,16152779
2025-11-18 00:00:00+05:30,97.66,104.85,97.5,103.72,103946808
2025-11-19 00:00:00+05:30,104.2,104.7,102.52,102.92,24782245
2025-11-20 00:00:00+05:30,102.92,104.44,102.6,103.27,22471259
2025-11-21 00:00:00+05:30,103.25,105.49,102.55,104.05,36366106
2025-11-24 00:00:00+05:30,104.68,104.7,102.89,103.76,30916627
2025-11-25 00:00:00+05:30,103.49,105.99,103.32,104.21,27430965
2025-11-26 00:00:00+05:30,104.98,107.07,104.61,106.76,27688034
2025-11-27 00:00:00+05:30,107.2,107.21,106.23,106.69,13820784
2025-11-28 00:00:00+05:30,106.2,109.07,106.0,108.35,25821928
2025-12-01 00:00:00+05:30,108.9,109.6,106.83,107.64,40681263
2025-12-02 00:00:00+05:30,107.2,110.36,106.43,106.63,57495746
2025-12-03 00:00:00+05:30,107.39,107.91,104.9,105.35,36117634
2025-12-04 00:00:00+05:30,105.0,105.84,102.84,103.06,23135574
2025-12-05 00:00:00+05:30,102.56,103.97,101.0,103.51,30961152
2025-12-08 00:00:00+05:30,103.51,103.74,97.93,98.71,15105989
2025-12-09 00:00:00+05:30,98.0,100.99,98.0,100.41,22493544
2025-12-10 00:00:00+05:30,100.85,100.85,97.9,98.54,8694060
2025-12-11 00:00:00+05:30,98.54,98.66,96.95,98.16,8604476
2025-12-12 00:00:00+05:30,98.9,104.74,98.23,104.34,71679432
2025-12-15 00:00:00+05:30,103.95,106.9,103.24,104.88,42888244
2025-12-16 00:00:00+05:30,104.9,105.99,102.65,103.52,13369715
2025-12-17 00:00:00+05:30,103.2,104.0,100.4,100.95,11526107
2025-12-18 00:00:00+05:30,100.99,101.05,99.26,100.59,7539349
2025-12-19 00:00:00+05:30,100.64,102.19,100.48,101.53,32492470
2025-12-22 00:00:00+05:30,102.05,103.34,101.6,102.17,9042603
2025-12-23 00:00:00+05:30,102.45,105.27,101.21,104.89,15810413
2025-12-24 00:00:00+05:30,105.22,105.69,102.96,103.08,12397732
2025-12-26 00:00:00+05:30,103.1,104.25,102.12,102.45,7845932
2025-12-29 00:00:00+05:30,102.45,102.9,100.91,101.96,13106422
2025-12-30 00:00:00+05:30,101.86,103.66,101.08,102.86,52546038
2025-12-31 00:00:00+05:30,103.1,105.05,102.6,104.37,13535325
2026-01-01 00:00:00+05:30,104.38,105.78,103.78,105.5,8598840
2026-01-02 00:00:00+05:30,105.7,106.2,105.2,105.77,7760926
2026-01-05 00:00:00+05:30,106.0,108.02,104.7,105.74,11284687
2026-01-06 00:00:00+05:30,105.74,105.77,103.37,104.52,5695438
2026-01-07 00:00:00+05:30,103.5,105.3,103.38,104.51,11690565
2026-01-08 00:00:00+05:30,104.11,104.99,102.15,102.51,5256346
2026-01-09 00:00:00+05:30,102.03,103.08,99.62,99.89,8529385
2026-01-12 00:00:00+05:30,99.5,100.62,97.72,99.88,13213014
2026-01-13 00:00:00+05:30,99.8,100.5,98.55,99.27,6978211
2026-01-14 00:00:00+05:30,98.54,100.13,98.16,99.7,19678439
2026-01-16 00:00:00+05:30,99.99,102.47,99.69,99.9,15001263
2026-01-19 00:00:00+05:30,99.9,101.2,99.21,100.23,5955988
2026-01-20 00:00:00+05:30,100.8,100.8,95.42,95.93,10626100
2026-01-21 00:00:00+05:30,96.22,96.35,93.36,93.84,13017979
2026-01-22 00:00:00+05:30,94.99,96.44,94.6,95.1,4884886
2026-01-23 00:00:00+05:30,95.23,95.39,90.98,91.21,9986400
2026-01-27 00:00:00+05:30,91.31,93.11,89.35,92.64,40547468
2026-01-28 00:00:00+05:30,93.1,94.25,92.08,93.91,20849768
2026-01-29 00:00:00+05:30,93.91,94.49,92.91,94.18,8994967
2026-01-30 00:00:00+05:30,92.9,94.4,92.9,93.89,20963609
2026-02-01 00:00:00+05:30,94.0,94.3,88.01,89.8,6682227
2026-02-02 00:00:00+05:30,89.87,94.31,89.12,94.01,26494437
2026-02-03 00:00:00+05:30,96.01,97.58,94.34,95.22,15238593
2026-02-04 00:00:00+05:30,95.2,98.83,94.71,98.08,20822852
2026-02-05 00:00:00+05:30,98.57,98.57,96.81,97.43,8004097
2026-02-06 00:00:00+05:30,97.0,97.72,95.91,97.51,10911384
2026-02-09 00:00:00+05:30,98.26,98.62,97.49,97.98,21209846
2026-02-10 00:00:00+05:30,98.15,98.57,96.92,97.81,7299407
2026-02-11 00:00:00+05:30,97.94,97.96,96.15,96.81,4881186
2026-02-12 00:00:00+05:30,96.81,97.33,95.8,96.33,5746310
2026-02-13 00:00:00+05:30,95.6,96.0,93.53,94.03,7836032
2026-02-16 00:00:00+05:30,95.15,101.4,95.15,100.52,50976360
2026-02-17 00:00:00+05:30,99.87,102.55,99.12,99.8,25514687
2026-02-18 00:00:00+05:30,99.8,101.64,99.12,100.36,12811121
2026-02-19 00:00:00+05:30,100.7,100.99,98.8,99.06,10000773
2026-02-20 00:00:00+05:30,99.01,100.39,98.68,99.75,6998470
2026-02-23 00:00:00+05:30,100.89,101.5,99.93,100.84,7231415
2026-02-24 00:00:00+05:30,100.5,102.5,99.65,101.7,7047232
2026-02-25 00:00:00+05:30,102.78,103.03,101.5,102.27,10916245
2026-02-26 00:00:00+05:30,101.81,103.0,101.51,102.26,4703063
2026-02-27 00:00:00+05:30,101.76,102.29,99.57,100.63,19213349
2026-03-02 00:00:00+05:30,96.1,99.08,95.05,96.49,11996476
2026-03-04 00:00:00+05:30,93.97,96.1,92.5,95.2,13937168
2026-03-05 00:00:00+05:30,95.5,98.79,95.5,97.98,22736777
2026-03-06 00:00:00+05:30,97.41,99.5,94.84,95.06,18335854
2026-03-09 00:00:00+05:30,93.19,93.31,90.64,92.07,13164377
2026-03-10 00:00:00+05:30,94.0,97.0,93.2,95.53,14065830
2026-03-11 00:00:00+05:30,95.53,97.15,93.56,93.79,4362786
2026-03-12 00:00:00+05:30,93.01,95.08,92.08,93.29,17490118
2026-03-13 00:00:00+05:30,93.0,93.01,88.85,89.26,10707023
2026-03-16 00:00:00+05:30,90.0,92.05,88.77,90.5,15405960
2026-03-17 00:00:00+05:30,90.9,91.1,89.66,90.3,6931780
2026-03-18 00:00:00+05:30,90.5,92.63,89.77,92.02,9315459
2026-03-19 00:00:00+05:30,90.75,91.1,87.33,88.45,12568247
2026-03-20 00:00:00+05:30,89.0,92.95,89.0,90.56,24147369
2026-03-23 00:00:00+05:30,90.15,90.15,84.49,84.77,10647285
2026-03-24 00:00:00+05:30,88.0,90.34,86.95,89.02,15094837
2026-03-25 00:00:00+05:30,89.5,91.53,89.31,90.06,20843793
2026-03-27 00:00:00+05:30,90.12,90.19,87.59,89.09,9727084
2026-03-30 00:00:00+05:30,87.0,87.99,84.11,84.75,64917485
2026-04-01 00:00:00+05:30,86.86,90.85,85.85,89.29,18020403
2026-04-02 00:00:00+05:30,88.36,89.17,85.71,88.87,8419680
2026-04-06 00:00:00+05:30,89.0,91.47,87.4,91.2,14013744
2026-04-07 00:00:00+05:30,90.7,91.34,89.05,90.93,12369685
2026-04-08 00:00:00+05:30,94.05,96.5,93.85,95.82,14529232
2026-04-09 00:00:00+05:30,95.81,95.82,93.92,94.53,11784121
2026-04-10 00:00:00+05:30,94.99,96.0,94.39,95.25,19062866
2026-04-13 00:00:00+05:30,92.15,95.34,91.6,94.92,15006282
2026-04-15 00:00:00+05:30,97.6,100.0,97.06,99.22,21552860
2026-04-16 00:00:00+05:30,99.3,99.73,96.4,96.75,11144653
2026-04-17 00:00:00+05:30,96.75,97.93,95.8,96.85,11386763
2026-04-20 00:00:00+05:30,97.31,98.75,95.81,97.45,10712271
2026-04-21 00:00:00+05:30,97.39,98.95,97.03,97.24,15749965
2026-04-22 00:00:00+05:30,97.0,98.06,96.94,97.39,11305254
2026-04-23 00:00:00+05:30,96.99,97.2,95.41,96.44,11238685
2026-04-24 00:00:00+05:30,95.84,96.56,93.99,94.49,11935153
2026-04-27 00:00:00+05:30,95.2,96.75,95.19,95.74,10479798
2026-04-28 00:00:00+05:30,95.62,98.26,95.5,97.86,16047591
2026-04-29 00:00:00+05:30,98.5,98.5,96.11,96.43,12312794
2026-04-30 00:00:00+05:30,96.2,96.84,94.05,96.43,9110130
2026-05-04 00:00:00+05:30,96.4,100.42,96.22,98.9,20672000
2026-05-05 00:00:00+05:30,98.2,98.32,95.81,96.97,15164607
2026-05-06 00:00:00+05:30,97.8,99.75,95.95,99.23,15376427
2026-05-07 00:00:00+05:30,99.11,101.18,99.1,100.66,22959362
2026-05-08 00:00:00+05:30,100.66,101.79,100.0,101.32,19610249
2026-05-11 00:00:00+05:30,99.0,99.98,97.02,98.1,18005309
2026-05-12 00:00:00+05:30,97.58,98.3,94.36,94.69,16547639
2026-05-13 00:00:00+05:30,95.46,97.5,94.25,96.87,11641680
2026-05-14 00:00:00+05:30,97.5,97.5,94.85,96.79,7736117
2026-05-15 00:00:00+05:30,96.79,98.5,96.32,96.59,7829425
2026-05-18 00:00:00+05:30,95.99,96.18,92.3,95.04,13679973
2026-05-19 00:00:00+05:30,94.91,95.56,93.9,94.21,8224327
2026-05-20 00:00:00+05:30,93.22,95.3,93.15,94.5,48818204
2026-05-21 00:00:00+05:30,95.0,97.11,94.81,96.87,13703695
2026-05-22 00:00:00+05:30,97.5,97.5,95.5,95.85,9542349
2026-05-25 00:00:00+05:30,96.46,97.36,96.25,96.9,6664583
2026-05-26 00:00:00+05:30,97.2,97.2,95.78,96.23,9727707
2026-05-27 00:00:00+05:30,96.26,98.6,96.26,97.84,10776154
2026-05-29 00:00:00+05:30,102.0,104.14,99.56,100.37,131030009
2026-06-01 00:00:00+05:30,101.0,102.23,96.7,97.06,16277504
2026-06-02 00:00:00+05:30,96.0,98.96,95.47,98.13,13932866
2026-06-03 00:00:00+05:30,99.05,101.0,97.23,98.78,19689823
2026-06-04 00:00:00+05:30,98.01,104.0,97.26,101.99,43377542
2026-06-05 00:00:00+05:30,102.98,103.95,101.56,102.03,21055639
2026-06-08 00:00:00+05:30,101.45,103.07,99.9,100.32,44277987
2026-06-09 00:00:00+05:30,100.94,103.23,100.78,102.61,19675384
2026-06-10 00:00:00+05:30,103.0,103.29,100.6,100.92,16309179
2026-06-11 00:00:00+05:30,100.25,101.21,99.1,100.1,20140330
2026-06-12 00:00:00+05:30,102.1,103.9,101.1,103.65,19549334
2026-06-15 00:00:00+05:30,107.0,107.98,105.68,106.66,23906470
2026-06-16 00:00:00+05:30,107.86,110.5,107.15,107.51,30369058
2026-06-17 00:00:00+05:30,107.96,109.56,107.17,109.32,13734304
2026-06-18 00:00:00+05:30,109.49,111.15,108.37,110.55,16084104
2026-06-19 00:00:00+05:30,110.32,110.32,108.21,108.83,23639680
2026-06-22 00:00:00+05:30,109.42,109.6,107.58,108.18,5834609
2026-06-23 00:00:00+05:30,108.05,110.1,107.01,107.37,9163127
2026-06-24 00:00:00+05:30,107.4,108.98,106.37,108.07,70499514
2026-06-25 00:00:00+05:30,108.6,109.85,108.2,108.44,22781637
2026-06-29 00:00:00+05:30,108.44,111.59,108.44,109.42,70291664
2026-06-30 00:00:00+05:30,110.0,113.36,109.75,112.09,37519820
2026-07-01 00:00:00+05:30,112.74,114.65,112.3,113.53,20998345
2026-07-02 00:00:00+05:30,113.8,114.19,111.23,111.79,22065247
2026-07-03 00:00:00+05:30,112.0,113.87,110.4,112.8,33419995
2026-07-06 00:00:00+05:30,112.96,114.25,112.8,113.45,6823902
2026-07-07 00:00:00+05:30,113.47,115.64,113.46,114.98,23993812
2026-07-08 00:00:00+05:30,113.99,114.99,110.31,111.01,31233729
2026-07-09 00:00:00+05:30,111.01,113.2,111.01,111.83,19447181
2026-07-10 00:00:00+05:30,112.64,113.2,112.0,112.51,10389470
2026-07-13 00:00:00+05:30,112.0,114.99,111.6,114.68,14980179
2026-07-14 00:00:00+05:30,113.63,114.15,112.29,113.38,13560314
2026-07-15 00:00:00+05:30,113.5,114.5,111.37,111.82,17318514
2026-07-16 00:00:00+05:30,112.05,112.15,109.2,111.94,19306856
2026-07-17 00:00:00+05:30,111.99,112.0,110.22,110.54,16838250
2026-07-20 00:00:00+05:30,110.29,111.7,109.69,111.54,26130679
2026-07-21 00:00:00+05:30,112.0,112.4,110.53,111.48,17517437
2026-07-22 00:00:00+05:30,111.0,112.02,109.51,109.83,18683019
2026-07-23 00:00:00+05:30,109.02,109.9,107.02,107.37,21242997
2026-07-24 00:00:00+05:30,106.7,107.39,105.55,107.12,7913951
2026-07-27 00:00:00+05:30,107.8,108.7,107.0,108.0,10608220
2026-07-28 00:00:00+05:30,108.0,108.75,107.17,107.96,10535537
2026-07-29 00:00:00+05:30,108.0,108.45,106.36,107.1,10241822
2026-07-30 00:00:00+05:30,107.0,107.06,103.26,103.91,9216229
2026-07-31 00:00:00+05:30,104.0,106.01,103.86,105.26,13437582
2026-08-03 00:00:00+05:30,106.87,106.87,104.88,105.55,5825312
2026-08-04 00:00:00+05:30,105.55,106.89,105.03,106.56,6839743
2026-08-05 00:00:00+05:30,107.36,107.89,105.89,107.0,8452825
2026-08-06 00:00:00+05:30,106.99,106.99,105.45,106.59,5850034
2026-08-07 00:00:00+05:30,106.5,107.42,105.7,107.2,7114277
2026-08-10 00:00:00+05:30,107.62,107.62,105.77,106.3,4292976
2026-08-11 00:00:00+05:30,106.3,106.47,104.61,105.11,10991427
2026-08-12 00:00:00+05:30,105.11,106.29,102.15,104.55,18618816
2026-08-13 00:00:00+05:30,106.86,106.9,102.32,103.0,15866371
2026-08-14 00:00:00+05:30,103.07,103.47,101.51,101.51,8232504
2026-08-17 00:00:00+05:30,101.79,102.72,100.84,101.31,8980717
2026-08-18 00:00:00+05:30,102.02,102.56,101.05,101.39,6639327
2026-08-19 00:00:00+05:30,102.0,103.45,101.3,102.5,13282311
2026-08-20 00:00:00+05:30,103.02,103.38,100.41,100.41,7419821
2026-08-21 00:00:00+05:30,101.3,101.4,99.5,99.63,9125448
