datetime,open,high,low,close,volume
2011-08-24 00:00:00+05:30,56.88,58.15,56.61,57.41,3810672
2011-08-25 00:00:00+05:30,57.36,57.58,55.11,55.53,5221962
2011-08-26 00:00:00+05:30,55.26,56.58,55.13,55.57,3906576
2011-08-29 00:00:00+05:30,55.62,56.85,55.39,55.85,2899522
2011-08-30 00:00:00+05:30,56.31,56.31,55.11,55.33,7272780
2011-09-02 00:00:00+05:30,55.28,56.45,54.96,56.28,1468773
2011-09-05 00:00:00+05:30,57.18,57.51,56.31,56.79,2258077
2011-09-06 00:00:00+05:30,56.89,57.87,56.89,57.59,5462208
2011-09-07 00:00:00+05:30,57.65,58.13,57.04,58.05,5297535
2011-09-08 00:00:00+05:30,56.89,56.89,55.14,55.29,5093955
2011-09-09 00:00:00+05:30,55.49,55.65,52.98,53.45,7579467
2011-09-12 00:00:00+05:30,53.71,54.54,52.89,54.15,6826389
2011-09-13 00:00:00+05:30,54.22,54.48,53.27,53.68,5828449
2011-09-14 00:00:00+05:30,53.94,54.51,53.51,54.38,4285845
2011-09-15 00:00:00+05:30,54.45,56.12,54.45,55.96,3689218
2011-09-16 00:00:00+05:30,57.04,57.63,54.52,55.57,10240647
2011-09-19 00:00:00+05:30,55.85,55.97,54.37,54.71,3730576
2011-09-20 00:00:00+05:30,54.76,54.89,54.25,54.73,1834488
2011-09-21 00:00:00+05:30,56.87,56.87,54.45,54.84,4601400
2011-09-22 00:00:00+05:30,54.84,55.71,54.81,55.31,3932212
2011-09-23 00:00:00+05:30,54.81,56.06,54.69,55.07,3737164
2011-09-26 00:00:00+05:30,55.33,55.41,53.79,54.83,2293015
2011-09-27 00:00:00+05:30,55.11,55.25,53.99,54.52,3107665
2011-09-28 00:00:00+05:30,54.62,54.79,53.11,53.34,3345427
2011-09-29 00:00:00+05:30,53.84,54.89,52.79,54.27,6608863
2011-09-30 00:00:00+05:30,54.11,54.73,53.66,54.31,1278712
2011-10-03 00:00:00+05:30,54.53,56.45,54.26,55.99,6201690
2011-10-04 00:00:00+05:30,56.43,57.11,55.13,55.8,4262989
2011-10-05 00:00:00+05:30,55.89,56.25,54.49,54.96,2760864
2011-10-07 00:00:00+05:30,54.07,54.74,54.07,54.49,2861811
2011-10-10 00:00:00+05:30,54.29,54.62,53.72,54.45,7299888
2011-10-11 00:00:00+05:30,54.36,54.67,53.09,53.35,7043847
2011-10-12 00:00:00+05:30,53.48,53.61,52.81,53.29,4858548
2011-10-13 00:00:00+05:30,46.73,53.69,46.73,51.81,4766985
2011-10-14 00:00:00+05:30,51.57,52.27,51.33,51.68,8720784
2011-10-17 00:00:00+05:30,51.78,53.19,49.86,49.99,8701053
2011-10-18 00:00:00+05:30,50.07,50.91,50.07,50.82,5336185
2011-10-19 00:00:00+05:30,51.22,51.26,50.38,51.11,4208341
2011-10-20 00:00:00+05:30,50.73,51.11,49.95,50.48,4839507
2011-10-21 00:00:00+05:30,50.36,51.15,50.36,50.81,3910537
2011-10-24 00:00:00+05:30,51.09,51.11,50.16,50.42,6514741
2011-10-25 00:00:00+05:30,50.09,51.13,49.65,50.55,3810043
2011-10-26 00:00:00+05:30,50.67,51.41,50.67,51.03,402691
2011-10-28 00:00:00+05:30,51.11,51.54,49.72,50.09,10260270
2011-10-31 00:00:00+05:30,50.37,50.55,49.02,49.35,5279418
2011-11-01 00:00:00+05:30,49.19,50.47,48.38,49.72,15696261
2011-11-02 00:00:00+05:30,49.78,50.66,49.72,50.32,5739693
2011-11-03 00:00:00+05:30,50.59,50.78,49.57,50.44,5690938
2011-11-04 00:00:00+05:30,51.09,51.67,50.07,50.32,4857111
2011-11-08 00:00:00+05:30,50.06,50.08,48.79,49.24,6221724
2011-11-09 00:00:00+05:30,48.75,49.35,46.55,46.78,6015262
2011-11-11 00:00:00+05:30,46.65,47.11,45.33,46.18,6678153
2011-11-14 00:00:00+05:30,46.22,46.81,44.93,45.48,5359357
2011-11-15 00:00:00+05:30,45.48,45.48,44.29,44.69,4586955
2011-11-16 00:00:00+05:30,43.72,43.85,40.59,42.4,15860583
2011-11-17 00:00:00+05:30,42.22,42.67,40.74,41.49,6394956
2011-11-18 00:00:00+05:30,41.48,44.43,41.48,44.13,6542673
2011-11-21 00:00:00+05:30,44.29,44.53,42.74,43.04,3041043
2011-11-22 00:00:00+05:30,41.78,44.23,41.78,43.96,2668531
2011-11-23 00:00:00+05:30,43.59,43.85,42.41,42.85,2264382
2011-11-24 00:00:00+05:30,43.09,43.35,41.13,41.51,9596785
2011-11-25 00:00:00+05:30,41.48,42.22,40.66,41.65,7177828
2011-11-28 00:00:00+05:30,41.56,42.89,41.33,42.75,3299818
2011-11-29 00:00:00+05:30,42.22,42.51,40.78,40.96,4446009
2011-11-30 00:00:00+05:30,40.74,41.29,40.29,40.96,5524227
2011-12-01 00:00:00+05:30,41.35,41.75,40.48,41.01,6916407
2011-12-02 00:00:00+05:30,40.81,43.79,40.61,43.23,8173656
2011-12-05 00:00:00+05:30,42.24,43.05,41.99,42.53,3284428
2011-12-07 00:00:00+05:30,42.67,44.0,42.26,43.35,5505144
2011-12-08 00:00:00+05:30,42.33,43.4,42.33,42.69,1997803
2011-12-09 00:00:00+05:30,42.91,43.85,42.37,43.65,3831373
2011-12-12 00:00:00+05:30,43.84,43.84,42.09,42.31,1083955
2011-12-13 00:00:00+05:30,41.67,43.25,41.56,42.94,2318698
2011-12-14 00:00:00+05:30,42.79,43.13,40.68,41.12,5285958
2011-12-15 00:00:00+05:30,41.19,42.37,41.14,41.96,3739776
2011-12-16 00:00:00+05:30,42.19,42.63,38.24,39.05,11077465
2011-12-19 00:00:00+05:30,39.23,39.81,38.37,38.89,2403694
2011-12-20 00:00:00+05:30,38.89,39.53,37.05,37.34,3232729
2011-12-21 00:00:00+05:30,37.63,39.69,36.91,39.27,3310125
2011-12-22 00:00:00+05:30,38.21,39.99,38.21,39.74,2178946
2011-12-23 00:00:00+05:30,39.71,39.93,38.54,38.96,957541
2011-12-26 00:00:00+05:30,38.96,39.41,38.41,38.58,1535584
2011-12-27 00:00:00+05:30,38.69,39.26,38.26,38.62,1633459
2011-12-28 00:00:00+05:30,38.26,38.53,37.23,37.65,1228027
2011-12-29 00:00:00+05:30,37.91,38.33,36.37,36.66,3670096
2011-12-30 00:00:00+05:30,37.05,38.05,36.33,37.47,3786567
2012-01-02 00:00:00+05:30,37.49,38.31,37.12,37.45,2744623
2012-01-03 00:00:00+05:30,37.04,37.69,36.67,37.44,2994394
2012-01-04 00:00:00+05:30,36.69,37.41,36.24,36.53,3452220
2012-01-05 00:00:00+05:30,36.29,36.58,35.33,35.51,4817251
2012-01-06 00:00:00+05:30,35.41,36.27,35.31,35.79,6017955
2012-01-07 00:00:00+05:30,35.85,36.0,35.27,35.85,223276
2012-01-09 00:00:00+05:30,35.85,36.08,35.41,35.75,1804531
2012-01-10 00:00:00+05:30,36.15,36.51,36.07,36.39,1585851
2012-01-11 00:00:00+05:30,36.33,37.87,36.33,37.47,3923227
2012-01-12 00:00:00+05:30,37.07,37.76,36.65,37.06,8360340
2012-01-13 00:00:00+05:30,37.48,38.13,37.19,37.63,4360756
2012-01-16 00:00:00+05:30,37.48,37.85,37.19,37.53,1908130
2012-01-17 00:00:00+05:30,37.77,38.81,37.65,38.59,3953400
2012-01-18 00:00:00+05:30,38.72,39.74,37.73,38.21,4780720
2012-01-19 00:00:00+05:30,38.39,39.23,38.15,38.93,2473699
2012-01-20 00:00:00+05:30,39.11,39.93,38.74,39.77,4039152
2012-01-23 00:00:00+05:30,39.85,40.93,39.74,40.05,3936511
2012-01-24 00:00:00+05:30,39.98,40.81,39.44,40.43,2217672
2012-01-25 00:00:00+05:30,40.67,42.81,40.45,42.42,8952045
2012-01-27 00:00:00+05:30,42.22,43.05,41.68,42.87,5707252
2012-01-30 00:00:00+05:30,42.65,42.95,41.74,42.07,5499379
2012-01-31 00:00:00+05:30,42.24,44.23,41.59,43.73,5518738
2012-02-01 00:00:00+05:30,43.69,43.79,42.22,42.67,2328358
2012-02-02 00:00:00+05:30,42.82,43.24,41.67,42.07,5837379
2012-02-03 00:00:00+05:30,42.37,43.19,42.01,42.44,5727961
2012-02-06 00:00:00+05:30,42.53,43.48,42.22,42.39,4857192
2012-02-07 00:00:00+05:30,42.39,43.79,41.57,41.84,4690918
2012-02-08 00:00:00+05:30,41.08,42.57,41.08,42.41,3112006
2012-02-09 00:00:00+05:30,37.07,48.86,37.07,42.61,4717912
2012-02-10 00:00:00+05:30,44.45,45.89,43.33,43.55,22593303
2012-02-13 00:00:00+05:30,43.85,44.0,41.95,42.13,5218795
2012-02-14 00:00:00+05:30,42.43,42.89,42.16,42.33,3515190
2012-02-15 00:00:00+05:30,42.37,43.48,42.22,42.95,7202034
2012-02-16 00:00:00+05:30,42.81,43.39,42.37,43.25,3383518
2012-02-17 00:00:00+05:30,42.39,43.89,41.93,42.97,4959022
2012-02-21 00:00:00+05:30,42.84,43.09,42.37,42.54,3566079
2012-02-22 00:00:00+05:30,42.68,45.07,42.13,42.64,14530569
2012-02-23 00:00:00+05:30,42.83,45.39,42.67,44.09,14081013
2012-02-24 00:00:00+05:30,44.31,45.04,41.79,42.62,7939977
2012-02-27 00:00:00+05:30,42.53,44.38,41.32,44.11,17962560
2012-02-28 00:00:00+05:30,44.58,44.81,43.49,44.45,5843481
2012-02-29 00:00:00+05:30,44.61,46.67,44.55,46.46,12214725
2012-03-01 00:00:00+05:30,46.89,46.89,45.48,46.06,4086706
2012-03-02 00:00:00+05:30,46.21,46.47,45.19,45.69,4621204
2012-03-03 00:00:00+05:30,45.78,46.95,45.78,46.61,1682275
2012-03-05 00:00:00+05:30,46.83,46.98,45.11,45.67,5539063
2012-03-06 00:00:00+05:30,45.93,46.95,45.64,46.18,8774608
2012-03-07 00:00:00+05:30,46.21,46.33,43.73,44.24,5469666
2012-03-09 00:00:00+05:30,44.32,44.95,43.74,44.59,7765732
2012-03-12 00:00:00+05:30,45.04,45.04,44.03,44.27,2434069
2012-03-13 00:00:00+05:30,44.31,45.31,44.29,44.79,5411062
2012-03-14 00:00:00+05:30,44.91,45.15,44.24,44.71,4086517
2012-03-15 00:00:00+05:30,44.31,44.98,43.33,43.72,3748950
2012-03-16 00:00:00+05:30,43.82,45.47,42.59,44.29,14310181
2012-03-19 00:00:00+05:30,42.55,44.28,42.45,42.99,4950733
2012-03-20 00:00:00+05:30,42.98,43.93,42.86,43.4,5549134
2012-03-21 00:00:00+05:30,43.24,44.52,43.11,44.02,5813397
2012-03-22 00:00:00+05:30,44.01,44.24,42.67,43.01,2088267
2012-03-23 00:00:00+05:30,43.11,43.29,42.05,42.22,5628817
2012-03-26 00:00:00+05:30,42.36,42.54,41.94,42.13,3245757
2012-03-27 00:00:00+05:30,42.29,42.66,41.78,42.09,2813494
2012-03-28 00:00:00+05:30,42.21,42.37,41.41,41.6,3340311
2012-03-29 00:00:00+05:30,41.41,42.22,41.25,41.93,6082674
2012-03-30 00:00:00+05:30,42.31,45.19,42.31,44.98,11908363
2012-04-02 00:00:00+05:30,44.31,44.95,43.51,43.97,5621683
2012-04-03 00:00:00+05:30,44.15,44.74,43.63,44.6,3776098
2012-04-04 00:00:00+05:30,44.46,44.58,43.88,44.01,1959801
2012-04-09 00:00:00+05:30,43.69,43.69,42.22,42.34,2383215
2012-04-10 00:00:00+05:30,42.38,42.43,41.39,41.53,2297767
2012-04-11 00:00:00+05:30,41.53,42.53,41.19,41.74,3174922
2012-04-12 00:00:00+05:30,42.07,42.35,41.75,42.06,2321682
2012-04-13 00:00:00+05:30,41.79,42.33,41.23,41.49,3606963
2012-04-16 00:00:00+05:30,41.51,42.35,41.27,41.95,2549211
2012-04-17 00:00:00+05:30,42.11,43.09,41.82,42.98,6359262
2012-04-18 00:00:00+05:30,43.27,43.99,43.04,43.51,5324716
2012-04-19 00:00:00+05:30,43.42,44.58,43.27,44.39,4036573
2012-04-20 00:00:00+05:30,44.32,45.76,43.81,45.15,8897026
2012-04-23 00:00:00+05:30,45.2,45.63,43.43,43.61,5883286
2012-04-24 00:00:00+05:30,43.71,45.19,43.27,44.36,5655601
2012-04-25 00:00:00+05:30,44.47,45.44,44.45,45.22,6462463
2012-04-26 00:00:00+05:30,45.49,45.49,43.14,43.58,9822127
2012-04-27 00:00:00+05:30,43.71,44.44,43.35,43.83,2317321
2012-04-28 00:00:00+05:30,44.01,44.46,43.85,44.34,174655
2012-04-30 00:00:00+05:30,43.71,44.8,43.68,44.66,1713123
2012-05-02 00:00:00+05:30,44.79,45.04,43.99,44.16,2287972
2012-05-03 00:00:00+05:30,45.33,45.33,43.65,43.87,5442511
2012-05-04 00:00:00+05:30,38.55,44.84,38.55,44.39,7392802
2012-05-07 00:00:00+05:30,44.45,46.22,44.45,45.49,11064457
2012-05-08 00:00:00+05:30,45.64,46.07,44.27,44.76,7533027
2012-05-09 00:00:00+05:30,44.61,45.61,44.0,44.56,3468325
2012-05-10 00:00:00+05:30,44.59,45.66,44.24,44.69,4247113
2012-05-11 00:00:00+05:30,44.89,45.31,44.01,44.35,2777179
2012-05-14 00:00:00+05:30,44.74,45.33,44.24,45.13,4530303
2012-05-15 00:00:00+05:30,45.18,45.47,44.51,44.84,9024391
2012-05-16 00:00:00+05:30,44.99,46.77,44.67,45.18,13175925
2012-05-17 00:00:00+05:30,45.49,46.55,45.04,45.23,8038891
2012-05-18 00:00:00+05:30,45.33,45.73,44.86,45.44,3427777
2012-05-21 00:00:00+05:30,45.52,46.15,45.13,45.35,4566084
2012-05-22 00:00:00+05:30,45.55,46.21,45.05,45.46,7633716
2012-05-23 00:00:00+05:30,45.93,46.59,45.25,45.89,4346500
2012-05-24 00:00:00+05:30,47.29,48.55,44.99,45.38,21466356
2012-05-25 00:00:00+05:30,45.35,45.35,44.15,44.55,6742575
2012-05-28 00:00:00+05:30,44.59,44.86,43.93,44.11,4467615
2012-05-29 00:00:00+05:30,44.14,44.14,43.39,43.73,4954519
2012-05-30 00:00:00+05:30,42.96,43.68,42.72,42.92,5721192
2012-05-31 00:00:00+05:30,42.68,43.62,42.13,43.03,6164781
2012-06-01 00:00:00+05:30,42.99,44.45,42.81,44.03,3409168
2012-06-04 00:00:00+05:30,43.87,46.08,43.71,45.98,10270017
2012-06-05 00:00:00+05:30,45.93,45.93,45.11,45.31,2183584
2012-06-06 00:00:00+05:30,45.05,45.49,44.22,44.53,4327849
2012-06-07 00:00:00+05:30,44.36,44.49,43.53,43.73,6147298
2012-06-08 00:00:00+05:30,43.87,45.12,43.87,44.92,4877347
2012-06-11 00:00:00+05:30,45.04,45.55,44.47,45.04,4768591
2012-06-12 00:00:00+05:30,45.01,45.48,44.55,45.29,4122865
2012-06-13 00:00:00+05:30,45.2,45.92,44.45,44.67,3447487
2012-06-14 00:00:00+05:30,44.67,45.05,44.21,44.84,3837246
2012-06-15 00:00:00+05:30,44.86,45.41,44.15,44.36,2725177
2012-06-18 00:00:00+05:30,44.29,45.04,44.16,44.75,3768504
2012-06-19 00:00:00+05:30,44.67,47.71,44.61,47.41,25082689
2012-06-20 00:00:00+05:30,47.71,48.08,46.91,47.78,13892626
2012-06-21 00:00:00+05:30,47.85,50.98,47.85,49.79,33617059
2012-06-22 00:00:00+05:30,49.78,50.98,49.27,49.46,11699707
2012-06-25 00:00:00+05:30,49.62,50.05,48.67,48.75,7139029
2012-06-26 00:00:00+05:30,48.89,50.37,48.65,50.09,7904614
2012-06-27 00:00:00+05:30,50.29,50.36,49.36,49.79,5073252
2012-06-28 00:00:00+05:30,49.66,50.4,49.13,49.81,9597115
2012-06-29 00:00:00+05:30,48.61,49.88,48.61,49.66,3558924
2012-07-02 00:00:00+05:30,49.49,49.66,48.62,49.27,3265426
2012-07-03 00:00:00+05:30,49.33,51.88,49.14,51.38,11566489
2012-07-04 00:00:00+05:30,51.27,51.27,50.15,50.53,5609553
2012-07-05 00:00:00+05:30,50.39,50.88,49.95,50.61,4941816
2012-07-06 00:00:00+05:30,50.47,51.55,50.47,51.05,3767620
2012-07-09 00:00:00+05:30,51.09,51.63,50.85,51.48,3357766
2012-07-10 00:00:00+05:30,51.55,52.05,50.55,50.97,5037315
2012-07-11 00:00:00+05:30,51.03,51.55,50.68,50.88,2410803
2012-07-12 00:00:00+05:30,50.83,52.67,50.49,52.53,7473721
2012-07-13 00:00:00+05:30,52.46,52.83,51.41,51.92,5942025
2012-07-16 00:00:00+05:30,50.81,51.83,50.63,50.81,2405800
2012-07-17 00:00:00+05:30,50.96,51.82,49.89,51.52,5719308
2012-07-18 00:00:00+05:30,51.41,51.69,50.19,51.09,5462956
2012-07-19 00:00:00+05:30,51.27,52.27,50.96,51.73,12161953
2012-07-20 00:00:00+05:30,51.97,51.97,50.27,50.59,4834261
2012-07-23 00:00:00+05:30,50.48,50.89,49.88,50.13,3611628
2012-07-24 00:00:00+05:30,50.09,51.52,49.71,51.29,7001605
2012-07-25 00:00:00+05:30,51.02,51.09,50.39,50.69,5991043
2012-07-26 00:00:00+05:30,50.53,51.05,48.35,49.29,6124032
2012-07-27 00:00:00+05:30,49.79,50.36,49.19,49.55,3692161
2012-07-30 00:00:00+05:30,49.53,50.19,48.35,49.55,2981083
2012-07-31 00:00:00+05:30,49.81,51.55,49.55,50.92,5286586
2012-08-01 00:00:00+05:30,51.11,51.11,49.87,50.06,3957660
2012-08-02 00:00:00+05:30,49.92,49.94,48.67,48.98,3141388
2012-08-03 00:00:00+05:30,48.89,49.71,47.95,49.53,7164571
2012-08-06 00:00:00+05:30,49.33,49.85,48.04,48.67,6761413
2012-08-07 00:00:00+05:30,48.45,48.45,46.96,47.21,8294454
2012-08-08 00:00:00+05:30,47.11,48.05,46.95,47.71,3902337
2012-08-09 00:00:00+05:30,47.71,47.78,46.37,46.52,2817612
2012-08-10 00:00:00+05:30,46.29,47.98,45.89,47.67,6227677
2012-08-13 00:00:00+05:30,47.59,48.09,46.67,47.69,2896978
2012-08-14 00:00:00+05:30,47.56,47.89,46.94,47.13,2584764
2012-08-16 00:00:00+05:30,47.26,47.26,45.63,45.82,5101710
2012-08-17 00:00:00+05:30,45.81,46.48,45.51,46.11,4702009
2012-08-21 00:00:00+05:30,46.23,46.41,45.87,46.22,4107259
2012-08-22 00:00:00+05:30,46.09,47.52,45.72,47.34,5136966
2012-08-23 00:00:00+05:30,47.11,47.55,39.34,47.41,5756662
2012-08-24 00:00:00+05:30,47.45,48.0,47.0,47.25,2604595
2012-08-27 00:00:00+05:30,47.27,47.33,46.71,46.87,2064358
2012-08-28 00:00:00+05:30,47.05,47.26,46.22,46.48,2375331
2012-08-29 00:00:00+05:30,46.74,47.15,45.8,45.95,2780412
2012-08-30 00:00:00+05:30,45.14,46.37,43.83,45.51,13946667
2012-08-31 00:00:00+05:30,46.29,47.04,43.78,44.13,2902729
2012-09-03 00:00:00+05:30,44.45,44.45,43.27,43.51,3195010
2012-09-04 00:00:00+05:30,43.43,44.69,43.21,44.53,7122006
2012-09-05 00:00:00+05:30,45.02,45.39,44.59,45.0,4327681
2012-09-06 00:00:00+05:30,45.07,45.93,44.81,45.79,3451747
2012-09-07 00:00:00+05:30,46.31,46.52,44.29,44.89,10775929
2012-09-08 00:00:00+05:30,44.89,45.26,44.61,45.12,358242
2012-09-10 00:00:00+05:30,45.19,45.33,44.63,44.86,1528267
2012-09-11 00:00:00+05:30,45.32,46.47,45.19,46.01,11549061
2012-09-12 00:00:00+05:30,45.71,45.81,45.19,45.33,2777301
2012-09-13 00:00:00+05:30,45.45,46.34,45.33,45.61,5205640
2012-09-14 00:00:00+05:30,47.59,48.15,44.08,44.48,32612146
2012-09-17 00:00:00+05:30,44.45,45.27,42.47,42.66,29237835
2012-09-18 00:00:00+05:30,42.88,43.41,42.31,42.41,21663753
2012-09-20 00:00:00+05:30,42.05,44.25,42.04,43.92,19076377
2012-09-21 00:00:00+05:30,43.71,44.67,43.49,44.29,12455524
2012-09-24 00:00:00+05:30,44.05,45.57,44.05,45.19,10260864
2012-09-25 00:00:00+05:30,45.19,45.81,44.63,45.49,4564464
2012-09-26 00:00:00+05:30,45.63,46.56,45.2,46.17,6740617
2012-09-27 00:00:00+05:30,46.49,46.59,44.83,45.22,7332336
2012-09-28 00:00:00+05:30,45.41,45.91,44.67,45.61,8192272
2012-10-01 00:00:00+05:30,45.77,46.37,45.4,46.21,5006845
2012-10-03 00:00:00+05:30,46.21,46.49,45.88,46.15,7153912
2012-10-04 00:00:00+05:30,46.52,48.85,46.52,47.63,17605633
2012-10-05 00:00:00+05:30,47.71,47.71,45.48,46.83,5022000
2012-10-08 00:00:00+05:30,47.11,48.02,46.34,46.59,7039392
2012-10-09 00:00:00+05:30,46.81,47.4,46.12,47.13,8646931
2012-10-10 00:00:00+05:30,46.89,46.89,45.67,45.95,5365224
2012-10-11 00:00:00+05:30,45.81,46.51,45.81,46.04,2230753
2012-10-12 00:00:00+05:30,46.0,46.64,45.41,45.66,3713823
2012-10-15 00:00:00+05:30,45.71,46.01,45.13,45.34,2851537
2012-10-16 00:00:00+05:30,45.56,45.61,44.37,44.53,4597236
2012-10-17 00:00:00+05:30,44.6,45.04,44.41,44.57,2395534
2012-10-18 00:00:00+05:30,44.69,44.88,44.31,44.64,3691783
2012-10-19 00:00:00+05:30,44.51,44.91,44.31,44.47,2473557
2012-10-22 00:00:00+05:30,44.59,44.8,44.23,44.41,3002392
2012-10-23 00:00:00+05:30,44.58,44.96,44.46,44.59,1644462
2012-10-25 00:00:00+05:30,44.74,45.12,44.53,44.81,6213780
2012-10-26 00:00:00+05:30,44.83,45.36,44.75,44.87,1536205
2012-10-29 00:00:00+05:30,44.96,44.96,44.23,44.33,760563
2012-10-30 00:00:00+05:30,44.45,44.63,43.85,44.14,2494651
2012-10-31 00:00:00+05:30,44.25,44.56,43.79,44.25,2449669
2012-11-01 00:00:00+05:30,44.25,44.49,44.15,44.29,2243989
2012-11-02 00:00:00+05:30,44.59,45.13,44.4,44.54,6676749
2012-11-05 00:00:00+05:30,44.69,45.09,44.69,44.93,1788642
2012-11-06 00:00:00+05:30,44.75,44.89,44.09,44.29,4256488
2012-11-07 00:00:00+05:30,44.47,44.54,44.08,44.36,2676834
2012-11-08 00:00:00+05:30,44.47,45.85,44.46,45.55,6608763
2012-11-09 00:00:00+05:30,45.51,45.88,44.46,44.67,1669888
2012-11-12 00:00:00+05:30,44.74,45.21,44.47,44.61,2071615
2012-11-13 00:00:00+05:30,44.74,44.93,44.59,44.72,180852
2012-11-15 00:00:00+05:30,44.74,44.81,43.72,43.86,5860093
2012-11-16 00:00:00+05:30,43.99,44.19,43.45,43.71,2847183
2012-11-19 00:00:00+05:30,43.38,43.75,42.43,42.51,7282189
2012-11-20 00:00:00+05:30,42.67,42.79,41.78,42.13,2513025
2012-11-21 00:00:00+05:30,42.22,42.41,41.93,42.18,1494801
2012-11-22 00:00:00+05:30,42.35,42.37,41.59,41.71,3737386
2012-11-23 00:00:00+05:30,41.77,41.97,41.37,41.43,3183063
2012-11-26 00:00:00+05:30,41.86,41.86,40.81,40.86,2790186
2012-11-27 00:00:00+05:30,40.89,41.6,40.79,41.08,5422942
2012-11-29 00:00:00+05:30,41.41,42.39,41.19,42.22,4992948
2012-11-30 00:00:00+05:30,42.37,42.83,42.0,42.51,2529333
2012-12-03 00:00:00+05:30,42.51,43.09,41.89,42.87,2483284
2012-12-04 00:00:00+05:30,42.8,43.34,41.98,42.11,7237606
2012-12-05 00:00:00+05:30,42.22,42.73,41.84,42.49,6982551
2012-12-06 00:00:00+05:30,42.49,42.93,42.13,42.67,2620761
2012-12-07 00:00:00+05:30,42.81,43.68,42.81,42.97,3385185
2012-12-10 00:00:00+05:30,43.09,43.32,42.51,42.69,1490217
2012-12-11 00:00:00+05:30,42.81,43.0,42.03,42.21,4335187
2012-12-12 00:00:00+05:30,42.21,42.33,41.49,41.64,2324889
2012-12-13 00:00:00+05:30,41.75,41.93,41.38,41.79,4183021
2012-12-14 00:00:00+05:30,41.71,42.0,41.52,41.72,2929843
2012-12-17 00:00:00+05:30,41.78,42.09,41.24,41.58,3292582
2012-12-18 00:00:00+05:30,41.73,41.89,41.26,41.48,4717143
2012-12-19 00:00:00+05:30,41.48,42.38,41.48,42.04,6601816
2012-12-20 00:00:00+05:30,42.0,42.27,41.61,41.86,2117488
2012-12-21 00:00:00+05:30,41.76,41.87,41.08,41.31,1609071
2012-12-24 00:00:00+05:30,41.19,41.75,41.19,41.54,3834357
2012-12-26 00:00:00+05:30,41.54,41.87,41.41,41.55,3131689
2012-12-27 00:00:00+05:30,41.55,42.05,41.41,41.65,6556983
2012-12-28 00:00:00+05:30,41.78,43.65,41.78,43.41,10486050
2012-12-31 00:00:00+05:30,43.41,43.85,42.89,43.09,3712392
2013-01-01 00:00:00+05:30,43.09,43.31,42.73,42.93,4111101
2013-01-02 00:00:00+05:30,43.09,44.37,43.08,43.97,5061379
2013-01-03 00:00:00+05:30,44.07,44.34,43.48,44.16,3129151
2013-01-04 00:00:00+05:30,44.27,46.67,43.94,46.49,13763701
2013-01-07 00:00:00+05:30,46.52,49.61,46.52,48.75,22232373
2013-01-08 00:00:00+05:30,48.86,49.11,47.27,47.89,11680524
2013-01-09 00:00:00+05:30,51.85,51.85,48.05,49.76,15295540
2013-01-10 00:00:00+05:30,50.47,51.18,48.29,48.93,19265850
2013-01-11 00:00:00+05:30,49.19,49.19,47.71,48.29,8894265
2013-01-14 00:00:00+05:30,48.29,49.03,47.65,48.88,9513544
2013-01-15 00:00:00+05:30,49.04,49.99,48.46,49.05,14272038
2013-01-16 00:00:00+05:30,49.17,49.45,47.97,48.33,8914326
2013-01-17 00:00:00+05:30,48.65,53.0,48.25,50.95,77338093
2013-01-18 00:00:00+05:30,51.19,56.54,51.15,53.69,98434260
2013-01-21 00:00:00+05:30,53.99,55.58,52.79,55.23,37306623
2013-01-22 00:00:00+05:30,54.66,55.85,53.42,53.87,15193197
2013-01-23 00:00:00+05:30,53.97,54.27,51.44,52.81,11068879
2013-01-24 00:00:00+05:30,53.24,53.47,50.8,51.15,11117263
2013-01-25 00:00:00+05:30,51.19,52.94,50.8,51.93,10306129
2013-01-28 00:00:00+05:30,52.0,52.27,49.82,50.51,12414538
2013-01-29 00:00:00+05:30,50.59,50.95,48.75,49.32,12566805
2013-01-30 00:00:00+05:30,49.33,50.34,48.21,49.27,20503071
2013-01-31 00:00:00+05:30,49.19,50.13,48.47,48.69,17443336
2013-02-01 00:00:00+05:30,46.22,50.59,46.22,50.13,8838010
2013-02-04 00:00:00+05:30,50.39,50.87,48.61,48.74,6407896
2013-02-05 00:00:00+05:30,48.67,49.33,48.02,49.09,8759137
2013-02-06 00:00:00+05:30,49.19,49.93,48.65,49.06,5461627
2013-02-07 00:00:00+05:30,49.03,49.32,47.11,47.36,5823555
2013-02-08 00:00:00+05:30,47.42,47.93,47.01,47.4,4958496
2013-02-11 00:00:00+05:30,47.71,48.06,46.58,47.29,4471624
2013-02-12 00:00:00+05:30,47.33,48.61,47.06,48.35,6368368
2013-02-13 00:00:00+05:30,48.01,48.87,46.52,46.91,11049108
2013-02-14 00:00:00+05:30,46.91,47.78,46.22,46.51,6169756
2013-02-15 00:00:00+05:30,46.8,47.26,44.91,45.98,7416117
2013-02-18 00:00:00+05:30,46.67,47.21,46.01,46.21,6364000
2013-02-19 00:00:00+05:30,46.27,46.55,45.63,46.11,3634719
2013-02-20 00:00:00+05:30,46.29,47.35,46.24,47.07,6498184
2013-02-21 00:00:00+05:30,46.22,47.47,45.91,46.49,7827927
2013-02-22 00:00:00+05:30,46.54,47.19,46.07,46.91,4414567
2013-02-25 00:00:00+05:30,46.85,47.11,45.98,46.32,2140836
2013-02-26 00:00:00+05:30,46.04,46.51,44.39,44.51,5187408
2013-02-27 00:00:00+05:30,44.93,45.78,44.23,45.08,9291766
2013-02-28 00:00:00+05:30,45.19,45.75,42.52,42.93,27322171
2013-03-01 00:00:00+05:30,42.99,45.11,42.99,44.8,11045004
2013-03-04 00:00:00+05:30,45.19,45.56,44.01,44.16,5170276
2013-03-05 00:00:00+05:30,44.22,44.81,43.65,44.57,3673909
2013-03-06 00:00:00+05:30,44.52,45.11,44.37,44.53,3361303
2013-03-07 00:00:00+05:30,44.74,45.31,44.36,44.85,4200498
2013-03-08 00:00:00+05:30,45.11,46.33,44.89,46.02,6395253
2013-03-11 00:00:00+05:30,46.07,46.51,45.39,45.59,2478357
2013-03-12 00:00:00+05:30,45.48,45.99,44.92,45.46,5621541
2013-03-13 00:00:00+05:30,45.19,45.47,44.35,44.48,2595178
2013-03-14 00:00:00+05:30,44.45,45.57,44.29,45.25,5044524
2013-03-15 00:00:00+05:30,45.6,45.89,44.79,45.11,9640215
2013-03-18 00:00:00+05:30,44.89,44.89,44.15,44.64,1861123
2013-03-19 00:00:00+05:30,44.75,45.01,42.88,43.51,5428863
2013-03-20 00:00:00+05:30,43.45,43.82,42.96,43.31,8443770
2013-03-21 00:00:00+05:30,43.33,43.84,41.89,42.14,3485889
2013-03-22 00:00:00+05:30,42.13,42.59,41.07,42.08,3960798
2013-03-25 00:00:00+05:30,43.26,43.54,41.46,41.8,6630457
2013-03-26 00:00:00+05:30,41.78,42.31,41.33,41.63,2755761
2013-03-28 00:00:00+05:30,41.49,42.66,41.26,42.25,4074670
2013-04-01 00:00:00+05:30,42.05,42.29,41.59,41.93,1784139
2013-04-02 00:00:00+05:30,41.93,42.74,41.62,42.37,2461117
2013-04-03 00:00:00+05:30,41.93,42.67,41.64,41.91,3900412
2013-04-04 00:00:00+05:30,41.86,42.25,41.33,41.41,2850120
2013-04-05 00:00:00+05:30,41.41,42.21,41.33,42.09,4072780
2013-04-08 00:00:00+05:30,42.22,43.29,42.12,42.99,4425036
2013-04-09 00:00:00+05:30,43.26,44.19,42.62,42.99,9943836
2013-04-10 00:00:00+05:30,43.26,43.77,42.71,43.33,3964369
2013-04-11 00:00:00+05:30,43.45,43.82,42.97,43.11,1865686
2013-04-12 00:00:00+05:30,43.26,44.32,43.11,44.05,4110445
2013-04-15 00:00:00+05:30,44.45,46.89,44.45,46.22,13568842
2013-04-16 00:00:00+05:30,46.39,47.22,46.19,46.69,7044165
2013-04-17 00:00:00+05:30,46.81,46.81,45.32,45.6,5303367
2013-04-18 00:00:00+05:30,46.09,47.01,46.07,46.74,6558616
2013-04-22 00:00:00+05:30,47.26,47.72,46.16,47.01,4795449
2013-04-23 00:00:00+05:30,46.81,46.89,45.65,46.43,2208613
2013-04-25 00:00:00+05:30,46.48,46.62,45.49,45.92,6838951
2013-04-26 00:00:00+05:30,45.92,46.81,45.58,45.76,2825118
2013-04-29 00:00:00+05:30,45.78,46.66,45.72,46.45,1514476
2013-04-30 00:00:00+05:30,46.37,46.43,44.21,45.48,5811607
2013-05-02 00:00:00+05:30,45.78,47.16,45.78,46.26,6583848
2013-05-03 00:00:00+05:30,46.26,46.27,44.91,45.12,3216408
2013-05-06 00:00:00+05:30,44.89,45.01,44.59,44.88,2645182
2013-05-07 00:00:00+05:30,45.04,45.26,44.74,45.09,2563791
2013-05-08 00:00:00+05:30,45.04,45.63,44.96,45.15,3805839
2013-05-09 00:00:00+05:30,45.04,45.78,44.78,45.49,5318284
2013-05-10 00:00:00+05:30,45.48,46.59,45.42,46.37,5877873
2013-05-11 00:00:00+05:30,46.96,47.11,46.45,46.88,1324464
2013-05-13 00:00:00+05:30,47.02,47.04,45.04,45.44,3645667
2013-05-14 00:00:00+05:30,45.71,46.41,45.19,45.42,3380406
2013-05-15 00:00:00+05:30,45.63,46.47,45.43,46.09,3565701
2013-05-16 00:00:00+05:30,46.21,48.15,46.01,46.97,5448700
2013-05-17 00:00:00+05:30,46.95,47.18,45.85,46.19,3687733
2013-05-20 00:00:00+05:30,46.08,46.16,44.82,45.09,4118991
2013-05-21 00:00:00+05:30,45.04,45.6,45.0,45.31,5428734
2013-05-22 00:00:00+05:30,45.48,45.48,42.37,43.11,14067519
2013-05-23 00:00:00+05:30,43.09,43.54,41.95,42.19,5394835
2013-05-24 00:00:00+05:30,42.34,43.26,42.15,42.73,2731002
2013-05-27 00:00:00+05:30,42.81,43.26,41.93,42.32,3139755
2013-05-28 00:00:00+05:30,42.81,43.19,42.37,42.8,7667142
2013-05-29 00:00:00+05:30,42.96,43.38,42.15,42.27,6305910
2013-05-30 00:00:00+05:30,42.45,42.78,42.02,42.34,5809266
2013-05-31 00:00:00+05:30,42.66,42.71,41.6,41.73,4039557
2013-06-03 00:00:00+05:30,42.07,42.34,41.59,42.01,5450239
2013-06-04 00:00:00+05:30,42.15,42.43,41.97,42.11,1784085
2013-06-05 00:00:00+05:30,42.22,42.29,41.79,42.01,1922757
2013-06-06 00:00:00+05:30,42.07,42.08,41.48,41.55,2335176
2013-06-07 00:00:00+05:30,41.63,41.99,41.33,41.48,2231887
2013-06-10 00:00:00+05:30,41.78,41.79,40.0,40.4,5971056
2013-06-11 00:00:00+05:30,40.02,40.46,37.86,38.49,14593473
2013-06-12 00:00:00+05:30,38.67,39.46,38.12,38.74,5189737
2013-06-13 00:00:00+05:30,38.52,38.87,37.64,37.91,2517675
2013-06-14 00:00:00+05:30,38.09,39.25,38.09,38.81,2733148
2013-06-17 00:00:00+05:30,39.26,39.31,38.13,38.47,3003837
2013-06-18 00:00:00+05:30,38.46,38.55,38.13,38.28,2484216
2013-06-19 00:00:00+05:30,38.09,38.34,37.71,38.19,3261606
2013-06-20 00:00:00+05:30,37.79,37.94,37.07,37.35,2972686
2013-06-21 00:00:00+05:30,37.48,37.77,36.75,36.86,1907866
2013-06-24 00:00:00+05:30,36.74,36.95,35.71,35.79,2162241
2013-06-25 00:00:00+05:30,35.55,36.65,35.54,35.98,3566571
2013-06-26 00:00:00+05:30,36.29,36.44,35.81,35.96,3371989
2013-06-27 00:00:00+05:30,36.22,36.55,35.88,36.15,5134252
2013-06-28 00:00:00+05:30,36.37,38.29,36.37,37.49,8207533
2013-07-01 00:00:00+05:30,37.78,38.33,37.39,38.22,2110177
2013-07-02 00:00:00+05:30,38.45,38.79,37.69,37.8,3100362
2013-07-03 00:00:00+05:30,37.41,37.41,36.22,36.35,3782773
2013-07-04 00:00:00+05:30,36.59,37.19,35.8,36.99,2688943
2013-07-05 00:00:00+05:30,37.43,37.43,36.45,36.73,1413774
2013-07-08 00:00:00+05:30,36.55,36.55,34.72,35.31,9735018
2013-07-09 00:00:00+05:30,35.55,35.82,34.96,35.09,5274436
2013-07-10 00:00:00+05:30,35.29,35.32,33.78,33.87,10335228
2013-07-11 00:00:00+05:30,34.52,34.58,33.87,34.16,3920008
2013-07-12 00:00:00+05:30,34.52,34.6,33.95,34.38,1910884
2013-07-15 00:00:00+05:30,34.52,34.8,34.24,34.52,3145851
2013-07-16 00:00:00+05:30,34.29,35.25,34.22,34.87,3168558
2013-07-17 00:00:00+05:30,34.91,35.2,33.34,33.63,5727678
2013-07-18 00:00:00+05:30,33.63,34.11,33.39,33.81,2317585
2013-07-19 00:00:00+05:30,33.85,34.28,33.28,33.55,2041503
2013-07-22 00:00:00+05:30,33.46,34.06,33.39,33.66,4153510
2013-07-23 00:00:00+05:30,33.65,34.52,33.63,34.18,6461815
2013-07-24 00:00:00+05:30,34.37,34.51,33.2,33.53,7894428
2013-07-25 00:00:00+05:30,33.78,35.07,32.93,34.13,29445619
2013-07-26 00:00:00+05:30,34.37,35.07,34.08,34.49,5106111
2013-07-29 00:00:00+05:30,34.39,34.44,32.98,33.19,2742741
2013-07-30 00:00:00+05:30,32.89,33.19,28.91,29.52,18995775
2013-07-31 00:00:00+05:30,29.55,31.56,28.25,31.35,15537952
2013-08-01 00:00:00+05:30,31.84,31.85,29.24,29.68,10612666
2013-08-02 00:00:00+05:30,29.19,29.63,27.92,28.49,7195965
2013-08-05 00:00:00+05:30,28.59,28.88,27.71,28.15,3997809
2013-08-06 00:00:00+05:30,28.04,28.54,26.07,26.44,8237368
2013-08-07 00:00:00+05:30,26.36,27.84,26.07,27.37,5188218
2013-08-08 00:00:00+05:30,27.29,28.09,26.67,27.8,3652498
2013-08-12 00:00:00+05:30,27.86,28.45,27.55,28.15,6077922
2013-08-13 00:00:00+05:30,27.93,28.45,27.43,28.13,7850182
2013-08-14 00:00:00+05:30,27.11,28.51,27.11,28.34,17063574
2013-08-16 00:00:00+05:30,28.15,28.19,26.81,26.89,5354248
2013-08-19 00:00:00+05:30,26.92,27.16,25.67,26.31,4344057
2013-08-20 00:00:00+05:30,25.93,27.14,25.63,26.89,4664121
2013-08-21 00:00:00+05:30,27.25,27.77,25.79,26.18,8190315
2013-08-22 00:00:00+05:30,26.07,27.27,25.63,27.05,6088303
2013-08-23 00:00:00+05:30,27.41,27.65,26.53,27.47,6307516
2013-08-26 00:00:00+05:30,27.49,28.13,26.96,27.53,9169962
2013-08-27 00:00:00+05:30,27.42,27.57,26.25,26.39,3756745
2013-08-28 00:00:00+05:30,25.37,25.64,23.41,24.27,12543714
2013-08-29 00:00:00+05:30,24.74,25.09,24.01,24.16,26441478
2013-08-30 00:00:00+05:30,24.89,25.07,24.29,24.85,11700091
2013-09-02 00:00:00+05:30,25.43,25.48,24.82,25.16,15079986
2013-09-03 00:00:00+05:30,25.44,25.63,23.93,24.49,12272545
2013-09-04 00:00:00+05:30,24.38,25.47,24.15,25.15,15758448
2013-09-05 00:00:00+05:30,25.48,26.11,25.39,25.78,12404232
2013-09-06 00:00:00+05:30,26.09,27.67,25.56,27.32,18469350
2013-09-10 00:00:00+05:30,27.85,27.95,26.87,27.11,10300999
2013-09-11 00:00:00+05:30,27.19,28.69,27.14,28.21,10371361
2013-09-12 00:00:00+05:30,28.15,28.89,26.96,27.15,19701765
2013-09-13 00:00:00+05:30,27.26,27.85,26.81,27.69,8346853
2013-09-16 00:00:00+05:30,28.41,29.27,27.95,28.93,17652627
2013-09-17 00:00:00+05:30,29.03,29.19,28.48,28.94,10789314
2013-09-18 00:00:00+05:30,28.94,29.61,28.78,29.43,10289274
2013-09-19 00:00:00+05:30,29.82,30.8,29.41,30.48,11800120
2013-09-20 00:00:00+05:30,30.79,31.19,29.34,30.84,12793936
2013-09-23 00:00:00+05:30,30.47,30.79,28.76,29.09,9994380
2013-09-24 00:00:00+05:30,28.75,29.52,28.52,28.67,6293146
2013-09-25 00:00:00+05:30,27.72,28.29,27.58,27.76,11519185
2013-09-26 00:00:00+05:30,27.85,28.25,27.56,27.65,8511553
2013-09-27 00:00:00+05:30,27.78,29.19,27.78,28.18,17662906
2013-09-30 00:00:00+05:30,28.28,28.67,28.06,28.47,13657416
2013-10-01 00:00:00+05:30,28.29,28.48,27.79,28.26,4792357
2013-10-03 00:00:00+05:30,28.0,28.71,27.98,28.23,8678670
2013-10-04 00:00:00+05:30,28.03,29.01,28.03,28.45,10267371
2013-10-07 00:00:00+05:30,28.37,28.77,28.22,28.61,8749423
2013-10-08 00:00:00+05:30,28.81,29.07,28.09,28.25,5591179
2013-10-09 00:00:00+05:30,28.15,28.57,28.02,28.33,5409963
2013-10-10 00:00:00+05:30,28.33,28.66,28.07,28.24,3686518
2013-10-11 00:00:00+05:30,28.36,28.45,27.91,28.13,2737732
2013-10-14 00:00:00+05:30,28.15,28.53,28.02,28.11,3430809
2013-10-15 00:00:00+05:30,28.22,28.33,27.19,27.34,8287083
2013-10-17 00:00:00+05:30,27.41,27.8,27.32,27.52,3931881
2013-10-18 00:00:00+05:30,27.71,28.45,27.71,28.27,9024823
2013-10-21 00:00:00+05:30,28.49,28.69,28.05,28.28,5149081
2013-10-22 00:00:00+05:30,28.29,29.58,28.25,29.38,11251710
2013-10-23 00:00:00+05:30,29.67,29.99,28.99,29.54,9202429
2013-10-24 00:00:00+05:30,29.77,29.85,29.09,29.21,6621553
2013-10-25 00:00:00+05:30,29.05,29.27,28.22,28.35,6017428
2013-10-28 00:00:00+05:30,28.45,28.81,28.22,28.31,4200099
2013-10-29 00:00:00+05:30,28.51,29.49,28.42,29.27,10027023
2013-10-30 00:00:00+05:30,29.33,30.07,29.02,29.73,7673197
2013-10-31 00:00:00+05:30,29.99,30.06,29.55,29.83,8295088
2013-11-01 00:00:00+05:30,29.83,30.65,29.69,30.52,10347925
2013-11-03 00:00:00+05:30,30.84,31.91,30.84,31.63,3824739
2013-11-05 00:00:00+05:30,31.64,33.29,30.99,33.05,14208439
2013-11-06 00:00:00+05:30,33.33,34.22,32.98,33.79,18976254
2013-11-07 00:00:00+05:30,33.74,33.93,31.71,31.95,9015589
2013-11-08 00:00:00+05:30,31.78,33.01,31.71,32.43,5534581
2013-11-11 00:00:00+05:30,32.01,32.12,31.11,31.23,3219337
2013-11-12 00:00:00+05:30,31.11,32.4,30.92,31.29,12591409
2013-11-13 00:00:00+05:30,30.82,31.45,30.64,31.23,6114750
2013-11-14 00:00:00+05:30,31.55,31.97,30.99,31.11,9360744
2013-11-18 00:00:00+05:30,31.83,31.83,30.81,31.34,8203618
2013-11-19 00:00:00+05:30,31.47,32.28,31.21,31.79,6608917
2013-11-20 00:00:00+05:30,31.85,32.46,31.11,31.35,9642240
2013-11-21 00:00:00+05:30,31.54,31.61,29.75,29.93,6277135
2013-11-22 00:00:00+05:30,29.79,30.49,29.42,29.99,8580667
2013-11-25 00:00:00+05:30,30.83,32.12,30.83,31.69,13430947
2013-11-26 00:00:00+05:30,31.69,31.71,30.05,30.22,9082900
2013-11-27 00:00:00+05:30,30.22,30.67,30.09,30.36,4924813
2013-11-28 00:00:00+05:30,30.51,30.95,30.38,30.75,5474094
2013-11-29 00:00:00+05:30,30.72,32.09,30.72,31.85,9794877
2013-12-02 00:00:00+05:30,32.07,32.29,31.88,32.17,6437893
2013-12-03 00:00:00+05:30,32.01,32.28,31.53,31.73,4160592
2013-12-04 00:00:00+05:30,31.71,31.76,30.91,31.25,4356342
2013-12-05 00:00:00+05:30,31.71,33.31,31.71,33.09,15252873
2013-12-06 00:00:00+05:30,33.13,33.41,32.41,33.09,5369760
2013-12-09 00:00:00+05:30,33.88,34.93,33.41,34.74,13783378
2013-12-10 00:00:00+05:30,34.87,35.0,33.64,34.11,3985227
2013-12-11 00:00:00+05:30,33.78,33.99,33.19,33.56,2388460
2013-12-12 00:00:00+05:30,33.22,33.78,32.93,33.09,2839960
2013-12-13 00:00:00+05:30,33.11,33.11,32.22,32.34,4859230
2013-12-16 00:00:00+05:30,32.29,32.59,31.45,31.65,3169873
2013-12-17 00:00:00+05:30,31.41,32.12,31.35,31.45,2567160
2013-12-18 00:00:00+05:30,31.56,33.31,31.48,32.96,6704929
2013-12-19 00:00:00+05:30,33.33,33.42,31.92,32.61,6011293
2013-12-20 00:00:00+05:30,32.59,34.37,32.32,34.11,6774124
2013-12-23 00:00:00+05:30,34.11,34.89,33.81,34.24,5887782
2013-12-24 00:00:00+05:30,34.22,35.34,34.21,35.15,7252537
2013-12-26 00:00:00+05:30,35.15,36.33,34.93,35.11,11976768
2013-12-27 00:00:00+05:30,35.18,36.0,35.18,35.54,8621929
2013-12-30 00:00:00+05:30,35.57,35.62,34.87,34.99,6612090
2013-12-31 00:00:00+05:30,35.11,35.63,34.84,35.15,6886647
2014-01-01 00:00:00+05:30,35.25,35.95,35.04,35.49,4364388
2014-01-02 00:00:00+05:30,35.95,35.99,34.28,34.43,8944458
2014-01-03 00:00:00+05:30,34.28,34.67,33.41,33.64,5356684
2014-01-06 00:00:00+05:30,34.18,34.44,33.24,33.41,7138738
2014-01-07 00:00:00+05:30,33.24,33.59,32.63,32.84,7327549
2014-01-08 00:00:00+05:30,32.67,33.13,32.0,32.17,4970044
2014-01-09 00:00:00+05:30,32.03,32.95,31.78,32.63,7508997
2014-01-10 00:00:00+05:30,32.73,33.23,32.33,32.69,4315456
2014-01-13 00:00:00+05:30,32.76,33.11,32.25,32.66,4403430
2014-01-14 00:00:00+05:30,32.53,33.0,32.29,32.38,1884883
2014-01-15 00:00:00+05:30,32.29,33.17,32.29,32.91,4390219
2014-01-16 00:00:00+05:30,32.95,33.73,32.74,33.49,4412413
2014-01-17 00:00:00+05:30,33.63,35.25,33.63,35.08,11252391
2014-01-20 00:00:00+05:30,34.89,34.94,34.11,34.62,4658370
2014-01-21 00:00:00+05:30,34.67,34.93,33.67,34.62,6476260
2014-01-22 00:00:00+05:30,34.59,35.45,34.22,35.24,3219925
2014-01-23 00:00:00+05:30,35.19,35.37,34.67,34.89,4825521
2014-01-24 00:00:00+05:30,34.67,35.45,34.23,34.41,4490856
2014-01-27 00:00:00+05:30,34.08,34.21,33.52,33.79,3435034
2014-01-28 00:00:00+05:30,33.71,34.33,33.42,33.63,5430658
2014-01-29 00:00:00+05:30,33.78,36.39,33.55,35.61,14794791
2014-01-30 00:00:00+05:30,35.41,35.54,34.33,34.49,8429413
2014-01-31 00:00:00+05:30,34.59,36.39,34.52,36.19,8586667
2014-02-03 00:00:00+05:30,36.19,36.37,35.08,36.21,8769835
2014-02-04 00:00:00+05:30,35.71,36.02,35.29,35.58,5692281
2014-02-05 00:00:00+05:30,35.69,35.84,34.98,35.55,6442732
2014-02-06 00:00:00+05:30,35.55,36.28,35.41,35.95,5617323
2014-02-07 00:00:00+05:30,36.16,36.29,35.59,35.75,2988933
2014-02-10 00:00:00+05:30,35.85,36.11,35.49,35.89,1997068
2014-02-11 00:00:00+05:30,36.03,37.21,35.62,36.99,7155667
2014-02-12 00:00:00+05:30,36.99,36.99,35.75,36.41,6233719
2014-02-13 00:00:00+05:30,36.46,36.51,34.67,34.8,3851685
2014-02-14 00:00:00+05:30,34.95,35.22,34.4,35.01,2786001
2014-02-17 00:00:00+05:30,35.18,35.62,34.37,35.28,1940328
2014-02-18 00:00:00+05:30,35.23,35.74,35.12,35.57,3875086
2014-02-19 00:00:00+05:30,35.53,35.68,34.93,35.53,2410951
2014-02-20 00:00:00+05:30,35.34,36.07,35.01,35.88,3612721
2014-02-21 00:00:00+05:30,35.88,37.71,35.54,37.55,8493841
2014-02-24 00:00:00+05:30,37.63,38.2,36.99,37.38,5814922
2014-02-25 00:00:00+05:30,37.48,38.36,37.35,37.95,5534190
2014-02-26 00:00:00+05:30,37.33,39.32,37.33,38.92,11875051
2014-02-28 00:00:00+05:30,39.33,39.39,38.23,39.22,8489907
2014-03-03 00:00:00+05:30,39.15,40.17,38.61,40.01,11771709
2014-03-04 00:00:00+05:30,39.84,40.59,39.29,40.23,5482890
2014-03-05 00:00:00+05:30,40.45,41.11,39.95,40.72,7002018
2014-03-06 00:00:00+05:30,40.96,42.35,40.74,41.99,10104958
2014-03-07 00:00:00+05:30,42.33,43.26,42.11,43.03,9835512
2014-03-10 00:00:00+05:30,42.67,43.19,42.0,42.8,15999795
2014-03-11 00:00:00+05:30,42.53,43.39,41.86,42.48,12810420
2014-03-12 00:00:00+05:30,42.24,42.29,41.24,41.61,7840975
2014-03-13 00:00:00+05:30,41.48,46.06,41.33,43.08,37179264
2014-03-14 00:00:00+05:30,42.95,43.81,41.53,42.25,16274283
2014-03-18 00:00:00+05:30,42.41,44.29,42.41,43.73,16444984
2014-03-19 00:00:00+05:30,44.15,44.25,43.03,43.25,13631415
2014-03-20 00:00:00+05:30,42.38,43.03,41.73,42.52,16479334
2014-03-21 00:00:00+05:30,42.65,43.23,40.96,41.2,13806477
2014-03-22 00:00:00+05:30,41.19,41.63,41.06,41.21,1033708
2014-03-24 00:00:00+05:30,41.19,42.4,40.91,41.96,10958037
2014-03-25 00:00:00+05:30,42.07,43.55,41.62,42.99,14775607
2014-03-26 00:00:00+05:30,43.26,44.17,43.07,43.33,10482277
2014-03-27 00:00:00+05:30,43.55,45.69,43.34,43.99,21077299
2014-03-28 00:00:00+05:30,44.0,45.93,43.94,45.45,9998640
2014-03-31 00:00:00+05:30,45.45,46.78,45.19,45.89,7658164
2014-04-01 00:00:00+05:30,45.19,46.03,44.56,44.96,12295846
2014-04-02 00:00:00+05:30,45.26,45.99,45.07,45.56,7424419
2014-04-03 00:00:00+05:30,45.57,45.79,44.15,44.53,11313972
2014-04-04 00:00:00+05:30,43.95,48.13,43.59,46.57,17336166
2014-04-07 00:00:00+05:30,46.59,47.41,45.34,45.53,7545339
2014-04-09 00:00:00+05:30,45.63,46.71,45.63,46.49,6324027
2014-04-10 00:00:00+05:30,46.53,47.41,45.52,47.19,14411196
2014-04-11 00:00:00+05:30,46.96,48.05,45.88,46.05,9595725
2014-04-15 00:00:00+05:30,46.0,47.04,45.41,46.55,8376459
2014-04-16 00:00:00+05:30,46.33,46.33,44.49,44.87,7446916
2014-04-17 00:00:00+05:30,45.04,46.65,44.19,46.21,10334358
2014-04-21 00:00:00+05:30,46.22,47.6,45.73,47.25,8848872
2014-04-22 00:00:00+05:30,47.41,49.35,47.0,48.55,14880361
2014-04-23 00:00:00+05:30,48.75,49.63,48.02,48.37,13574223
2014-04-25 00:00:00+05:30,48.31,48.55,46.49,46.68,13388766
2014-04-28 00:00:00+05:30,46.47,47.59,45.97,47.13,7061113
2014-04-29 00:00:00+05:30,46.75,47.6,46.75,47.18,6201738
2014-04-30 00:00:00+05:30,47.55,48.45,46.24,47.68,13617807
2014-05-02 00:00:00+05:30,47.99,49.04,47.79,48.81,5791122
2014-05-05 00:00:00+05:30,49.19,50.29,48.81,49.64,6992155
2014-05-06 00:00:00+05:30,49.78,51.11,49.78,50.59,8971006
2014-05-07 00:00:00+05:30,50.88,52.19,50.31,51.51,10856713
2014-05-08 00:00:00+05:30,51.81,52.01,50.68,51.74,6387720
2014-05-09 00:00:00+05:30,51.74,54.06,50.93,53.76,9881047
2014-05-12 00:00:00+05:30,53.78,56.74,53.78,55.77,17798554
2014-05-13 00:00:00+05:30,56.93,57.78,55.35,56.01,20412492
2014-05-14 00:00:00+05:30,56.01,56.57,54.81,55.77,8863857
2014-05-15 00:00:00+05:30,55.47,56.45,54.85,55.63,7014106
2014-05-16 00:00:00+05:30,58.07,61.03,57.12,59.93,20937034
2014-05-19 00:00:00+05:30,60.73,65.15,60.6,64.34,24145951
2014-05-20 00:00:00+05:30,64.89,66.37,62.99,63.92,15673081
2014-05-21 00:00:00+05:30,64.45,64.45,61.87,62.88,12009700
2014-05-22 00:00:00+05:30,63.26,64.66,63.26,63.95,4209751
2014-05-23 00:00:00+05:30,64.89,66.15,63.67,64.4,7997508
2014-05-26 00:00:00+05:30,65.19,67.94,62.87,64.66,9285988
2014-05-27 00:00:00+05:30,65.55,65.55,61.84,63.01,7615153
2014-05-28 00:00:00+05:30,62.56,62.81,59.97,60.49,10080531
2014-05-29 00:00:00+05:30,62.91,62.95,60.53,60.91,14974179
2014-05-30 00:00:00+05:30,61.59,61.93,59.02,59.35,10545093
2014-06-02 00:00:00+05:30,60.0,63.21,59.75,62.73,13890973
2014-06-03 00:00:00+05:30,62.75,64.17,62.19,62.84,11802820
2014-06-04 00:00:00+05:30,63.26,63.75,61.95,62.85,7946106
2014-06-05 00:00:00+05:30,63.41,66.96,62.93,66.15,26867019
2014-06-06 00:00:00+05:30,66.8,68.58,65.84,67.53,22520206
2014-06-09 00:00:00+05:30,68.15,68.45,65.29,65.76,14116464
2014-06-10 00:00:00+05:30,65.76,66.07,63.07,63.79,16875958
2014-06-11 00:00:00+05:30,63.99,66.09,63.05,63.39,13932708
2014-06-12 00:00:00+05:30,63.41,64.77,62.98,63.48,6514620
2014-06-13 00:00:00+05:30,62.67,62.93,57.35,58.26,20664118
2014-06-16 00:00:00+05:30,57.63,60.73,56.45,60.41,15920974
2014-06-17 00:00:00+05:30,60.31,63.11,59.33,62.69,11670445
2014-06-18 00:00:00+05:30,62.37,63.99,59.01,59.58,18031896
2014-06-19 00:00:00+05:30,59.63,60.67,56.94,57.66,15462670
2014-06-20 00:00:00+05:30,57.05,58.89,56.89,57.48,9460306
2014-06-23 00:00:00+05:30,57.51,58.63,55.94,57.93,11883124
2014-06-24 00:00:00+05:30,58.8,62.75,58.52,62.12,18386865
2014-06-25 00:00:00+05:30,62.8,62.8,60.46,61.67,10670602
2014-06-26 00:00:00+05:30,59.13,60.22,58.31,59.01,26091876
2014-06-27 00:00:00+05:30,59.39,60.28,58.59,58.85,8709450
2014-06-30 00:00:00+05:30,59.14,62.07,59.14,61.66,10233883
2014-07-01 00:00:00+05:30,62.96,63.04,60.74,61.21,15361515
2014-07-02 00:00:00+05:30,61.99,62.21,60.91,61.81,14210208
2014-07-03 00:00:00+05:30,62.47,62.81,61.19,61.39,7168074
2014-07-04 00:00:00+05:30,61.51,62.96,60.89,62.44,11442249
2014-07-07 00:00:00+05:30,62.19,62.19,60.31,60.51,8080147
2014-07-08 00:00:00+05:30,61.03,61.44,56.73,57.27,11339263
2014-07-09 00:00:00+05:30,58.22,60.15,57.26,59.05,13967889
2014-07-10 00:00:00+05:30,59.23,60.89,56.52,58.68,18779977
2014-07-11 00:00:00+05:30,58.74,58.96,55.2,55.84,15173007
2014-07-14 00:00:00+05:30,57.02,58.31,56.33,57.32,13536483
2014-07-15 00:00:00+05:30,57.93,59.67,57.42,59.41,9716152
2014-07-16 00:00:00+05:30,59.71,60.65,59.49,60.15,8064063
2014-07-17 00:00:00+05:30,59.93,60.94,59.19,60.48,4195441
2014-07-18 00:00:00+05:30,59.28,59.89,58.31,58.59,9175153
2014-07-21 00:00:00+05:30,58.89,59.23,57.49,57.72,5444718
2014-07-22 00:00:00+05:30,58.35,58.59,57.07,57.31,6816156
2014-07-23 00:00:00+05:30,57.64,59.32,57.39,58.54,10281289
2014-07-24 00:00:00+05:30,58.96,59.25,57.81,58.27,5603148
2014-07-25 00:00:00+05:30,57.78,58.75,56.59,56.95,6726064
2014-07-28 00:00:00+05:30,56.95,57.66,56.15,56.79,7102930
2014-07-30 00:00:00+05:30,56.45,58.19,56.45,57.67,8595375
2014-07-31 00:00:00+05:30,58.22,60.07,58.11,59.15,34685368
2014-08-01 00:00:00+05:30,59.38,60.74,58.95,59.65,14472391
2014-08-04 00:00:00+05:30,60.03,63.26,60.03,62.69,19915794
2014-08-05 00:00:00+05:30,63.26,63.32,61.17,61.62,21152812
2014-08-06 00:00:00+05:30,61.79,62.51,59.71,59.87,14327151
2014-08-07 00:00:00+05:30,60.29,62.59,60.22,61.93,15002320
2014-08-08 00:00:00+05:30,60.63,60.74,58.22,59.05,14017285
2014-08-11 00:00:00+05:30,60.01,60.74,59.88,60.61,5904616
2014-08-12 00:00:00+05:30,58.74,60.15,57.65,59.99,12325708
2014-08-13 00:00:00+05:30,60.35,62.07,60.27,61.51,24702556
2014-08-14 00:00:00+05:30,61.48,61.71,60.67,61.38,7105401
2014-08-18 00:00:00+05:30,61.55,65.93,61.55,65.27,19130836
2014-08-19 00:00:00+05:30,66.58,68.29,66.12,66.91,24881424
2014-08-20 00:00:00+05:30,67.63,68.89,66.08,66.35,20272740
2014-08-21 00:00:00+05:30,66.39,69.84,66.31,69.25,18655690
2014-08-22 00:00:00+05:30,70.03,70.2,67.72,67.91,21896925
2014-08-25 00:00:00+05:30,68.51,69.04,67.11,67.37,11039490
2014-08-26 00:00:00+05:30,67.41,68.06,64.69,66.25,15874150
2014-08-28 00:00:00+05:30,67.87,68.87,67.34,67.85,19453236
2014-09-01 00:00:00+05:30,68.28,69.37,67.36,69.11,13925242
2014-09-02 00:00:00+05:30,69.04,70.13,68.16,69.81,13733671
2014-09-03 00:00:00+05:30,71.86,72.16,70.37,70.68,22376506
2014-09-04 00:00:00+05:30,70.08,70.21,68.99,69.42,7722297
2014-09-05 00:00:00+05:30,69.99,71.85,69.78,70.33,13114170
2014-09-08 00:00:00+05:30,71.78,74.31,70.67,73.47,21112089
2014-09-09 00:00:00+05:30,74.21,74.59,72.59,73.24,19591462
2014-09-10 00:00:00+05:30,72.89,73.71,71.47,71.88,10538059
2014-09-11 00:00:00+05:30,72.59,74.45,72.05,73.93,16092378
2014-09-12 00:00:00+05:30,73.67,74.93,72.89,73.11,11133382
2014-09-15 00:00:00+05:30,73.33,74.37,72.88,73.85,9321169
2014-09-16 00:00:00+05:30,74.18,74.18,69.28,69.49,14437966
2014-09-17 00:00:00+05:30,70.35,71.04,68.28,70.09,12575634
2014-09-18 00:00:00+05:30,69.84,72.59,69.34,72.16,10593787
2014-09-19 00:00:00+05:30,72.87,72.87,70.53,70.73,7585143
2014-09-22 00:00:00+05:30,70.65,71.84,70.25,71.56,7833529
2014-09-23 00:00:00+05:30,71.39,72.01,70.03,70.35,6776257
2014-09-24 00:00:00+05:30,70.25,71.31,67.91,70.96,8173257
2014-09-25 00:00:00+05:30,70.39,71.82,67.21,67.99,11483781
2014-09-26 00:00:00+05:30,67.41,70.96,66.69,70.31,8515624
2014-09-29 00:00:00+05:30,69.79,71.52,68.95,69.56,8096733
2014-09-30 00:00:00+05:30,68.87,72.13,68.47,71.43,12527587
2014-10-01 00:00:00+05:30,72.59,73.14,71.48,72.36,10000887
2014-10-07 00:00:00+05:30,73.32,73.47,71.47,71.86,14270937
2014-10-08 00:00:00+05:30,72.45,76.21,71.75,75.85,20932344
2014-10-09 00:00:00+05:30,76.45,77.19,75.13,75.81,15264037
2014-10-10 00:00:00+05:30,76.64,77.25,75.11,75.35,15037480
2014-10-13 00:00:00+05:30,75.41,76.11,73.91,75.35,12026043
2014-10-14 00:00:00+05:30,75.53,75.85,73.47,73.73,10409532
2014-10-16 00:00:00+05:30,74.35,76.73,72.74,73.51,14987139
2014-10-17 00:00:00+05:30,73.93,74.45,72.22,72.85,11618262
2014-10-20 00:00:00+05:30,78.83,79.25,76.51,78.22,52803348
2014-10-21 00:00:00+05:30,78.22,78.22,76.49,76.91,14253448
2014-10-22 00:00:00+05:30,77.41,78.07,76.54,77.44,10596210
2014-10-23 00:00:00+05:30,77.78,78.32,77.58,78.01,1248283
2014-10-27 00:00:00+05:30,78.21,78.47,75.86,76.42,9182287
2014-10-28 00:00:00+05:30,76.52,77.75,75.76,76.76,9851158
2014-10-29 00:00:00+05:30,77.38,78.18,76.64,77.01,11020393
2014-10-30 00:00:00+05:30,77.04,77.63,76.13,77.35,11196015
2014-10-31 00:00:00+05:30,77.48,79.44,77.07,78.58,12916638
2014-11-03 00:00:00+05:30,79.11,80.44,78.55,79.33,8258112
2014-11-05 00:00:00+05:30,80.45,81.78,80.13,80.93,14457399
2014-11-07 00:00:00+05:30,80.93,86.26,80.89,84.61,23760721
2014-11-10 00:00:00+05:30,85.17,86.92,84.47,85.73,18604815
2014-11-11 00:00:00+05:30,86.29,86.72,84.81,85.56,14193217
2014-11-12 00:00:00+05:30,86.07,87.33,85.33,85.73,11442579
2014-11-13 00:00:00+05:30,85.61,85.61,79.84,80.34,26341267
2014-11-14 00:00:00+05:30,82.96,84.0,81.31,82.25,29096766
2014-11-17 00:00:00+05:30,82.45,83.33,79.74,81.46,10896666
2014-11-18 00:00:00+05:30,80.98,82.18,79.32,79.6,8874387
2014-11-19 00:00:00+05:30,79.85,81.73,78.79,79.45,10559079
2014-11-20 00:00:00+05:30,79.82,80.41,78.05,79.08,5523174
2014-11-21 00:00:00+05:30,78.89,80.59,78.88,79.19,7483393
2014-11-24 00:00:00+05:30,78.87,79.69,77.78,78.37,6390528
2014-11-25 00:00:00+05:30,78.22,79.53,77.65,78.17,8300677
2014-11-26 00:00:00+05:30,78.52,79.17,77.95,78.49,6441646
2014-11-27 00:00:00+05:30,78.45,81.78,78.45,81.12,20753056
2014-11-28 00:00:00+05:30,83.55,93.01,83.41,88.38,57938829
2014-12-01 00:00:00+05:30,91.13,91.41,88.74,89.41,26099307
2014-12-02 00:00:00+05:30,88.15,88.65,85.64,87.8,17484814
2014-12-03 00:00:00+05:30,87.67,88.25,85.45,85.82,11827869
2014-12-04 00:00:00+05:30,85.93,87.26,85.05,86.36,7133791
2014-12-05 00:00:00+05:30,86.81,87.05,83.51,84.42,3917970
2014-12-08 00:00:00+05:30,85.03,86.21,83.76,84.15,8514388
2014-12-09 00:00:00+05:30,84.89,88.0,84.61,86.31,26987796
2014-12-10 00:00:00+05:30,86.8,87.05,84.84,85.08,8974489
2014-12-11 00:00:00+05:30,85.92,87.05,84.06,84.53,11560447
2014-12-12 00:00:00+05:30,85.26,85.78,82.67,83.29,8863384
2014-12-15 00:00:00+05:30,83.19,84.43,79.74,80.19,9812650
2014-12-16 00:00:00+05:30,80.15,83.73,79.85,81.67,18938008
2014-12-17 00:00:00+05:30,82.19,82.96,80.29,81.42,12518475
2014-12-18 00:00:00+05:30,81.65,86.42,81.65,85.33,16226190
2014-12-19 00:00:00+05:30,85.99,86.52,84.37,84.62,11885508
2014-12-22 00:00:00+05:30,84.62,85.02,83.8,84.76,8230909
2014-12-23 00:00:00+05:30,84.87,85.76,83.55,83.82,4877658
2014-12-24 00:00:00+05:30,83.81,84.19,80.75,81.37,19482066
2014-12-26 00:00:00+05:30,81.85,82.01,79.31,80.17,8798328
2014-12-29 00:00:00+05:30,80.59,81.49,80.16,80.62,5603553
2014-12-30 00:00:00+05:30,81.47,82.01,80.51,81.47,4563424
2014-12-31 00:00:00+05:30,81.05,81.74,80.18,81.11,5440546
2015-01-01 00:00:00+05:30,81.48,82.49,80.83,81.56,5162224
2015-01-02 00:00:00+05:30,81.04,82.21,80.59,80.93,5051389
2015-01-05 00:00:00+05:30,80.46,83.55,80.46,83.21,9285940
2015-01-06 00:00:00+05:30,84.19,85.39,81.29,82.39,21061093
2015-01-07 00:00:00+05:30,82.86,84.93,81.65,84.24,12801165
2015-01-08 00:00:00+05:30,85.33,89.26,84.68,88.6,18902328
2015-01-09 00:00:00+05:30,89.77,89.77,86.46,87.27,8993571
2015-01-12 00:00:00+05:30,88.11,88.11,86.02,86.67,6645178
2015-01-13 00:00:00+05:30,87.49,88.99,86.53,87.13,10523337
2015-01-14 00:00:00+05:30,87.48,87.78,84.59,84.92,8933145
2015-01-15 00:00:00+05:30,85.85,87.67,84.32,85.93,7886733
2015-01-16 00:00:00+05:30,86.22,86.75,84.46,84.76,7752415
2015-01-19 00:00:00+05:30,83.71,84.45,82.19,82.89,12988377
2015-01-20 00:00:00+05:30,83.05,84.59,83.05,83.71,8044920
2015-01-21 00:00:00+05:30,83.55,84.69,83.47,84.05,9135868
2015-01-22 00:00:00+05:30,83.79,84.8,82.59,82.87,7258572
2015-01-23 00:00:00+05:30,83.71,86.59,82.85,85.57,15667060
2015-01-27 00:00:00+05:30,85.93,86.29,84.09,84.83,13092003
2015-01-28 00:00:00+05:30,84.89,88.8,84.64,88.47,12569823
2015-01-29 00:00:00+05:30,89.19,94.93,89.04,94.31,32924172
2015-01-30 00:00:00+05:30,95.19,98.59,93.93,97.47,19790425
2015-02-02 00:00:00+05:30,95.71,98.33,92.64,93.15,15728356
2015-02-03 00:00:00+05:30,93.78,93.78,88.13,88.81,17072748
2015-02-04 00:00:00+05:30,88.51,90.33,86.49,89.22,22758252
2015-02-05 00:00:00+05:30,89.73,93.19,88.41,89.67,14254629
2015-02-06 00:00:00+05:30,89.14,90.35,85.79,86.46,8627269
2015-02-09 00:00:00+05:30,85.78,87.55,84.17,85.15,12911265
2015-02-10 00:00:00+05:30,84.72,86.99,84.45,86.41,8843539
2015-02-11 00:00:00+05:30,87.41,89.27,86.12,88.62,7814467
2015-02-12 00:00:00+05:30,89.63,90.89,87.89,88.51,6575850
2015-02-13 00:00:00+05:30,88.74,93.79,87.35,92.74,16043217
2015-02-16 00:00:00+05:30,92.74,95.35,87.92,88.46,18648825
2015-02-18 00:00:00+05:30,88.52,89.32,86.35,87.35,15594606
2015-02-19 00:00:00+05:30,88.15,89.19,86.74,88.13,12340842
2015-02-20 00:00:00+05:30,88.25,90.11,87.41,89.11,15034437
2015-02-23 00:00:00+05:30,89.55,90.37,87.15,88.25,7495327
2015-02-24 00:00:00+05:30,88.75,90.29,87.85,89.99,7605811
2015-02-25 00:00:00+05:30,90.37,91.93,89.31,91.0,13308070
2015-02-26 00:00:00+05:30,91.11,91.19,87.11,88.13,19480897
2015-02-27 00:00:00+05:30,88.74,90.22,87.42,89.75,7330581
2015-02-28 00:00:00+05:30,90.12,92.73,86.98,91.93,11809306
2015-03-02 00:00:00+05:30,93.33,97.78,93.33,96.95,18889186
2015-03-03 00:00:00+05:30,97.28,98.67,95.85,97.2,7791390
2015-03-04 00:00:00+05:30,97.77,99.25,93.59,94.48,12114892
2015-03-05 00:00:00+05:30,94.39,96.37,94.07,95.27,8296290
2015-03-09 00:00:00+05:30,95.46,95.63,93.51,93.81,4755948
2015-03-10 00:00:00+05:30,94.12,95.69,93.45,94.23,9811698
2015-03-11 00:00:00+05:30,94.52,95.39,91.2,91.74,5701042
2015-03-12 00:00:00+05:30,91.69,93.19,91.55,92.47,6239403
2015-03-13 00:00:00+05:30,93.04,95.06,91.59,92.28,8365005
2015-03-16 00:00:00+05:30,93.22,94.12,92.04,92.96,6405453
2015-03-17 00:00:00+05:30,94.65,95.33,93.19,93.81,10545369
2015-03-18 00:00:00+05:30,94.51,98.44,94.07,96.81,11826573
2015-03-19 00:00:00+05:30,97.48,98.22,94.81,95.63,10779634
2015-03-20 00:00:00+05:30,95.85,95.85,92.45,93.05,6778174
2015-03-23 00:00:00+05:30,93.29,94.21,91.87,92.34,6957906
2015-03-24 00:00:00+05:30,92.07,94.29,92.0,93.72,8738664
2015-03-25 00:00:00+05:30,93.78,95.17,92.41,93.21,11057221
2015-03-26 00:00:00+05:30,92.89,94.52,90.68,91.16,8859988
2015-03-27 00:00:00+05:30,91.82,92.38,89.63,91.79,4713693
2015-03-30 00:00:00+05:30,92.86,94.89,92.47,92.94,7666839
2015-03-31 00:00:00+05:30,93.6,97.81,93.05,96.27,14089105
2015-04-01 00:00:00+05:30,96.61,98.47,95.76,96.8,7727865
2015-04-06 00:00:00+05:30,97.78,98.06,96.29,97.05,5215299
2015-04-07 00:00:00+05:30,96.74,97.01,94.95,95.33,6082593
2015-04-08 00:00:00+05:30,95.71,100.58,95.06,99.67,15426801
2015-04-09 00:00:00+05:30,100.89,101.39,98.25,98.71,10963552
2015-04-10 00:00:00+05:30,98.95,100.35,97.98,98.19,8238975
2015-04-13 00:00:00+05:30,98.85,99.01,96.72,96.95,7728007
2015-04-15 00:00:00+05:30,96.95,98.4,95.11,95.97,9979543
2015-04-16 00:00:00+05:30,95.85,95.85,93.33,93.86,11717865
2015-04-17 00:00:00+05:30,93.91,95.29,93.51,94.25,7084779
2015-04-20 00:00:00+05:30,94.15,95.25,92.89,94.09,10713525
2015-04-21 00:00:00+05:30,94.52,95.36,92.52,93.26,8266960
2015-04-22 00:00:00+05:30,93.6,96.29,93.39,95.95,13808886
2015-04-23 00:00:00+05:30,96.74,97.29,94.84,95.59,8838388
2015-04-24 00:00:00+05:30,95.11,95.99,91.88,92.56,5781483
2015-04-27 00:00:00+05:30,92.62,93.04,86.67,88.17,10268983
2015-04-28 00:00:00+05:30,88.86,92.58,88.47,92.0,11061238
2015-04-29 00:00:00+05:30,91.55,92.29,90.52,91.63,4596588
2015-04-30 00:00:00+05:30,91.11,94.64,90.37,92.61,15374016
2015-05-04 00:00:00+05:30,94.07,94.45,91.18,93.33,5358541
2015-05-05 00:00:00+05:30,93.33,94.22,92.15,93.15,4624371
2015-05-06 00:00:00+05:30,92.19,92.56,87.33,88.01,8612757
2015-05-07 00:00:00+05:30,87.78,89.01,82.38,83.73,11608156
2015-05-08 00:00:00+05:30,85.78,89.47,85.63,87.63,11436585
2015-05-11 00:00:00+05:30,88.15,90.37,87.79,89.71,6151855
2015-05-12 00:00:00+05:30,89.79,90.05,86.25,86.87,10399144
2015-05-13 00:00:00+05:30,87.35,87.65,83.71,86.54,7911019
2015-05-14 00:00:00+05:30,87.19,89.21,85.86,88.75,9046599
2015-05-15 00:00:00+05:30,89.63,90.07,88.33,89.45,6221994
2015-05-18 00:00:00+05:30,91.11,93.76,90.42,93.08,9872610
2015-05-19 00:00:00+05:30,92.91,93.75,91.85,93.13,6105165
2015-05-20 00:00:00+05:30,94.07,95.38,92.74,93.35,5394478
2015-05-21 00:00:00+05:30,93.02,93.55,90.93,91.2,7684584
2015-05-22 00:00:00+05:30,90.81,92.45,90.52,90.82,4129542
2015-05-25 00:00:00+05:30,90.81,93.09,90.74,92.06,5216197
2015-05-26 00:00:00+05:30,92.52,92.53,90.07,91.24,4213525
2015-05-27 00:00:00+05:30,91.85,93.62,91.26,93.33,8577157
2015-05-28 00:00:00+05:30,93.91,95.23,92.69,94.2,17608779
2015-05-29 00:00:00+05:30,97.95,100.59,96.59,99.98,18911893
2015-06-01 00:00:00+05:30,99.99,103.37,98.07,102.89,11669737
2015-06-02 00:00:00+05:30,102.56,103.65,100.49,100.88,8912673
2015-06-03 00:00:00+05:30,100.93,102.95,97.72,99.95,10485901
2015-06-04 00:00:00+05:30,100.73,101.13,98.78,100.54,11753991
2015-06-05 00:00:00+05:30,101.33,102.51,100.09,101.18,9270348
2015-06-08 00:00:00+05:30,101.17,102.15,99.01,99.28,4493008
2015-06-09 00:00:00+05:30,99.26,103.91,98.99,103.36,11650924
2015-06-10 00:00:00+05:30,103.08,104.8,102.25,103.46,8446126
2015-06-11 00:00:00+05:30,103.41,104.54,101.93,102.38,7222608
2015-06-12 00:00:00+05:30,101.65,103.67,100.84,102.08,5254200
2015-06-15 00:00:00+05:30,102.55,103.82,102.05,102.61,6073110
2015-06-16 00:00:00+05:30,102.92,105.33,102.72,104.14,16108375
2015-06-17 00:00:00+05:30,104.48,104.89,102.43,102.8,5688204
2015-06-18 00:00:00+05:30,103.32,106.65,103.32,105.86,8001766
2015-06-19 00:00:00+05:30,106.22,109.19,105.23,108.6,11424010
2015-06-22 00:00:00+05:30,109.19,109.63,107.96,108.85,8045452
2015-06-23 00:00:00+05:30,109.46,110.49,108.01,109.25,6909198
2015-06-24 00:00:00+05:30,109.33,110.15,107.14,107.53,6530590
2015-06-25 00:00:00+05:30,107.29,109.39,107.21,107.68,7709505
2015-06-26 00:00:00+05:30,107.71,109.41,107.2,108.31,5167144
2015-06-29 00:00:00+05:30,107.55,109.93,106.09,108.01,12136371
2015-06-30 00:00:00+05:30,108.15,109.6,107.53,108.02,6097032
2015-07-01 00:00:00+05:30,108.89,110.06,107.86,109.41,6000526
2015-07-02 00:00:00+05:30,110.53,116.07,110.41,115.65,23706573
2015-07-03 00:00:00+05:30,115.69,116.42,113.92,114.35,7945195
2015-07-06 00:00:00+05:30,114.96,119.41,114.89,118.52,13511718
2015-07-07 00:00:00+05:30,120.03,122.95,118.64,122.15,23933589
2015-07-08 00:00:00+05:30,122.07,125.63,121.29,121.95,18759478
2015-07-09 00:00:00+05:30,122.22,122.8,118.31,119.27,11216143
2015-07-10 00:00:00+05:30,119.02,120.73,116.86,119.15,12439386
2015-07-13 00:00:00+05:30,120.07,122.07,119.29,121.61,7058589
2015-07-14 00:00:00+05:30,121.93,127.01,121.74,125.75,13170735
2015-07-15 00:00:00+05:30,125.75,126.78,123.77,125.78,8822188
2015-07-16 00:00:00+05:30,126.07,129.44,126.07,128.72,9268843
2015-07-17 00:00:00+05:30,128.89,130.55,127.69,128.68,6983245
2015-07-20 00:00:00+05:30,129.78,130.53,128.81,130.09,7347861
2015-07-21 00:00:00+05:30,130.39,130.93,128.59,129.24,9396951
2015-07-22 00:00:00+05:30,128.89,134.67,128.81,133.6,14556583
2015-07-23 00:00:00+05:30,134.67,136.0,133.32,133.98,11461986
2015-07-24 00:00:00+05:30,134.65,137.19,134.14,135.31,12641265
2015-07-27 00:00:00+05:30,135.31,137.39,135.21,136.36,13280652
2015-07-28 00:00:00+05:30,137.19,139.01,136.46,138.56,13530901
2015-07-29 00:00:00+05:30,138.95,140.21,136.13,137.86,12389476
2015-07-30 00:00:00+05:30,137.93,140.0,136.24,139.11,15943716
2015-07-31 00:00:00+05:30,139.26,139.99,135.59,136.54,9934123
2015-08-03 00:00:00+05:30,138.81,138.81,133.22,134.69,14058279
2015-08-04 00:00:00+05:30,136.23,136.95,134.25,135.55,10270395
2015-08-05 00:00:00+05:30,136.29,136.8,133.29,134.45,6768609
2015-08-06 00:00:00+05:30,134.16,136.26,133.93,134.62,5395990
2015-08-07 00:00:00+05:30,135.13,145.11,134.91,143.77,19324926
2015-08-10 00:00:00+05:30,144.87,146.81,141.78,142.79,13668196
2015-08-11 00:00:00+05:30,143.99,144.71,137.09,141.33,17028703
2015-08-12 00:00:00+05:30,141.48,142.25,129.36,130.67,34531299
2015-08-13 00:00:00+05:30,130.95,132.4,127.29,130.13,17562520
2015-08-14 00:00:00+05:30,131.84,132.09,128.95,129.61,9566626
2015-08-17 00:00:00+05:30,130.33,132.07,127.45,128.27,21350938
2015-08-18 00:00:00+05:30,128.99,132.96,128.47,131.57,11332567
2015-08-19 00:00:00+05:30,131.76,133.18,129.29,129.99,7041991
2015-08-20 00:00:00+05:30,131.71,132.56,127.68,128.73,11185417
2015-08-21 00:00:00+05:30,126.81,128.53,122.12,127.47,8733426
2015-08-24 00:00:00+05:30,123.99,124.52,112.67,114.39,15526134
2015-08-25 00:00:00+05:30,116.89,124.07,111.48,121.67,20650018
2015-08-26 00:00:00+05:30,121.63,124.67,119.18,119.71,8861859
2015-08-27 00:00:00+05:30,121.48,124.41,120.51,123.15,24272959
2015-08-28 00:00:00+05:30,122.77,125.17,121.0,122.83,16570270
2015-08-31 00:00:00+05:30,122.53,125.78,121.04,124.96,13365985
2015-09-01 00:00:00+05:30,124.72,124.72,119.15,120.72,9040707
2015-09-02 00:00:00+05:30,119.55,120.15,116.16,116.94,7397398
2015-09-03 00:00:00+05:30,118.07,119.41,114.64,118.36,8656240
2015-09-04 00:00:00+05:30,118.07,119.11,113.78,116.04,7540944
2015-09-07 00:00:00+05:30,116.27,117.78,113.34,113.98,6025933
2015-09-08 00:00:00+05:30,114.95,114.95,110.52,113.2,10253026
2015-09-09 00:00:00+05:30,114.67,118.13,114.32,116.24,11023006
2015-09-10 00:00:00+05:30,116.03,119.07,114.85,116.99,9990513
2015-09-11 00:00:00+05:30,118.21,118.87,115.75,116.8,5362975
2015-09-14 00:00:00+05:30,118.07,120.29,117.56,119.53,6451197
2015-09-15 00:00:00+05:30,119.88,121.04,118.22,119.53,5754772
2015-09-16 00:00:00+05:30,119.91,120.48,114.37,114.93,7270957
2015-09-18 00:00:00+05:30,116.45,116.45,111.65,112.56,13105023
2015-09-21 00:00:00+05:30,112.59,114.22,111.55,113.64,6549693
2015-09-22 00:00:00+05:30,114.67,116.22,112.36,113.57,10197325
2015-09-23 00:00:00+05:30,112.29,117.41,112.27,116.87,9395709
2015-09-24 00:00:00+05:30,117.33,118.27,114.45,115.02,12146908
2015-09-28 00:00:00+05:30,115.54,115.92,113.23,115.11,7393369
2015-09-29 00:00:00+05:30,114.22,114.38,111.41,113.41,7040263
2015-09-30 00:00:00+05:30,114.09,116.75,113.42,114.66,10832055
2015-10-01 00:00:00+05:30,115.71,117.15,113.91,115.03,7754703
2015-10-05 00:00:00+05:30,115.85,116.29,113.93,116.06,6582768
2015-10-06 00:00:00+05:30,116.29,120.51,116.13,119.54,9976675
2015-10-07 00:00:00+05:30,118.81,119.05,116.01,117.19,7287961
2015-10-08 00:00:00+05:30,117.76,118.36,115.89,116.95,6791410
2015-10-09 00:00:00+05:30,117.04,117.33,113.2,113.89,8000613
2015-10-12 00:00:00+05:30,114.06,115.25,112.59,113.11,7344708
2015-10-13 00:00:00+05:30,114.21,115.25,113.59,114.2,7371972
2015-10-14 00:00:00+05:30,114.67,114.67,112.82,113.18,6311884
2015-10-15 00:00:00+05:30,114.0,117.21,113.63,116.35,8757321
2015-10-16 00:00:00+05:30,117.75,120.12,117.2,119.21,12017895
2015-10-19 00:00:00+05:30,119.71,121.41,119.14,120.86,8257518
2015-10-20 00:00:00+05:30,121.78,122.81,121.0,121.97,9581698
2015-10-21 00:00:00+05:30,122.22,122.73,118.0,118.78,7330230
2015-10-23 00:00:00+05:30,119.55,120.11,117.29,118.15,6221272
2015-10-26 00:00:00+05:30,118.52,118.96,114.49,114.66,7964817
2015-10-27 00:00:00+05:30,114.67,115.99,114.31,115.35,6233415
2015-10-28 00:00:00+05:30,116.29,116.29,113.33,113.6,7347496
2015-10-29 00:00:00+05:30,112.87,113.18,111.87,112.15,15716166
2015-10-30 00:00:00+05:30,112.59,115.21,112.29,113.85,9091635
2015-11-02 00:00:00+05:30,114.09,116.43,114.03,116.04,7459155
2015-11-03 00:00:00+05:30,116.0,117.04,114.73,116.29,5030208
2015-11-04 00:00:00+05:30,115.59,119.71,115.59,117.21,11260045
2015-11-05 00:00:00+05:30,117.76,117.85,114.98,116.65,6029194
2015-11-06 00:00:00+05:30,116.15,118.07,116.15,116.85,2997951
2015-11-09 00:00:00+05:30,114.81,118.49,113.07,117.81,6834232
2015-11-10 00:00:00+05:30,115.88,117.53,107.71,108.74,18940338
2015-11-11 00:00:00+05:30,110.0,110.52,108.89,110.15,1096011
2015-11-13 00:00:00+05:30,110.37,113.62,109.48,113.18,12685929
2015-11-16 00:00:00+05:30,113.35,115.81,113.26,115.23,8915548
2015-11-17 00:00:00+05:30,115.85,116.0,113.45,114.25,4024936
2015-11-18 00:00:00+05:30,114.47,115.04,113.25,113.63,3623352
2015-11-19 00:00:00+05:30,114.81,117.81,113.65,117.39,5553522
2015-11-20 00:00:00+05:30,116.89,119.61,116.18,118.62,7753266
2015-11-23 00:00:00+05:30,118.62,120.13,117.31,118.24,3625093
2015-11-24 00:00:00+05:30,118.51,121.09,117.35,120.02,6108445
2015-11-26 00:00:00+05:30,119.71,121.17,118.6,119.07,7213644
2015-11-27 00:00:00+05:30,119.41,120.89,118.78,120.33,5652847
2015-11-30 00:00:00+05:30,120.74,125.74,120.47,124.46,10381365
2015-12-01 00:00:00+05:30,124.76,126.07,124.29,125.52,7346085
2015-12-02 00:00:00+05:30,125.93,126.93,124.09,125.03,7037590
2015-12-03 00:00:00+05:30,125.63,125.78,123.31,123.65,4536580
2015-12-04 00:00:00+05:30,122.99,123.69,121.39,121.67,4347837
2015-12-07 00:00:00+05:30,122.96,125.63,122.96,124.34,5170776
2015-12-08 00:00:00+05:30,125.33,126.05,122.85,123.61,4610337
2015-12-09 00:00:00+05:30,123.54,123.55,119.48,119.91,4499833
2015-12-10 00:00:00+05:30,119.41,123.53,118.15,122.87,7043118
2015-12-11 00:00:00+05:30,122.98,124.89,121.11,122.33,8319502
2015-12-14 00:00:00+05:30,122.95,122.99,120.21,120.93,4383679
2015-12-15 00:00:00+05:30,120.89,122.71,119.81,120.21,7269702
2015-12-16 00:00:00+05:30,122.22,124.61,121.48,122.75,8226306
2015-12-17 00:00:00+05:30,123.71,124.43,122.39,123.0,5332425
2015-12-18 00:00:00+05:30,123.09,125.13,122.67,123.07,6153171
2015-12-21 00:00:00+05:30,123.07,124.0,122.45,123.32,3753472
2015-12-22 00:00:00+05:30,123.42,124.41,122.67,123.26,3808782
2015-12-23 00:00:00+05:30,123.71,125.33,123.0,125.04,3566949
2015-12-24 00:00:00+05:30,125.45,125.89,124.48,125.28,3840750
2015-12-28 00:00:00+05:30,125.33,125.61,124.21,124.88,3628597
2015-12-29 00:00:00+05:30,126.07,126.74,124.59,124.95,4470153
2015-12-30 00:00:00+05:30,124.74,125.47,123.21,123.61,3360115
2015-12-31 00:00:00+05:30,123.69,125.04,123.19,123.88,19767510
2016-01-01 00:00:00+05:30,124.45,127.14,124.25,126.49,3421588
2016-01-04 00:00:00+05:30,125.02,127.69,123.91,126.88,5729352
2016-01-05 00:00:00+05:30,126.91,127.6,124.81,126.91,7706292
2016-01-06 00:00:00+05:30,126.37,131.21,126.37,130.61,11930091
2016-01-07 00:00:00+05:30,130.22,131.59,126.26,127.21,7605042
2016-01-08 00:00:00+05:30,127.85,132.89,127.84,131.49,5686651
2016-01-11 00:00:00+05:30,131.85,131.91,129.19,129.86,4461702
2016-01-12 00:00:00+05:30,129.64,131.11,128.29,128.66,5586961
2016-01-13 00:00:00+05:30,129.25,130.63,124.89,129.13,6061951
2016-01-14 00:00:00+05:30,127.35,133.58,126.53,131.18,8401245
2016-01-15 00:00:00+05:30,131.97,134.81,130.59,131.31,8509893
2016-01-18 00:00:00+05:30,130.37,132.39,120.25,121.84,9792265
2016-01-19 00:00:00+05:30,122.74,124.15,119.2,122.13,6323851
2016-01-20 00:00:00+05:30,121.66,121.78,115.95,119.36,6104659
2016-01-21 00:00:00+05:30,120.85,121.33,115.65,117.85,5993236
2016-01-22 00:00:00+05:30,118.07,121.52,117.73,118.29,5819931
2016-01-25 00:00:00+05:30,118.89,119.26,115.19,117.01,4221280
2016-01-27 00:00:00+05:30,117.48,120.59,117.24,118.09,7248109
2016-01-28 00:00:00+05:30,118.47,122.67,117.67,121.04,25087339
2016-01-29 00:00:00+05:30,120.33,123.31,120.15,120.88,9613747
2016-02-01 00:00:00+05:30,120.61,121.24,118.52,119.49,6597793
2016-02-02 00:00:00+05:30,119.48,120.35,115.81,116.21,8287353
2016-02-03 00:00:00+05:30,115.55,117.13,113.05,113.93,9547510
2016-02-04 00:00:00+05:30,114.35,114.35,106.37,108.53,16893144
2016-02-05 00:00:00+05:30,109.48,112.76,108.45,110.87,9380772
2016-02-08 00:00:00+05:30,110.87,111.61,109.08,109.96,5477314
2016-02-09 00:00:00+05:30,109.47,110.89,107.26,107.66,4492111
2016-02-10 00:00:00+05:30,106.85,108.43,105.37,107.09,5557591
2016-02-11 00:00:00+05:30,105.92,105.92,100.53,101.22,8489197
2016-02-12 00:00:00+05:30,103.11,103.11,96.64,102.15,14565852
2016-02-15 00:00:00+05:30,106.67,111.25,106.67,107.94,8926597
2016-02-16 00:00:00+05:30,108.15,108.49,101.34,102.43,7014160
2016-02-17 00:00:00+05:30,102.99,105.32,100.64,104.97,8878065
2016-02-18 00:00:00+05:30,105.33,106.36,101.51,103.75,6817270
2016-02-19 00:00:00+05:30,103.55,103.67,97.85,98.53,10692708
2016-02-22 00:00:00+05:30,99.01,100.74,97.05,100.24,8136105
2016-02-23 00:00:00+05:30,100.59,100.59,94.52,95.35,8027038
2016-02-24 00:00:00+05:30,95.85,98.16,95.04,96.77,11987169
2016-02-25 00:00:00+05:30,97.32,97.32,94.09,95.09,20577529
2016-02-26 00:00:00+05:30,96.89,98.41,94.81,97.98,8660242
2016-02-29 00:00:00+05:30,97.63,105.39,95.32,101.92,20488936
2016-03-01 00:00:00+05:30,102.0,107.26,101.19,106.86,11071936
2016-03-02 00:00:00+05:30,107.41,111.54,106.95,108.26,14014720
2016-03-03 00:00:00+05:30,109.57,109.57,106.31,108.23,7384060
2016-03-04 00:00:00+05:30,108.45,111.39,107.71,110.84,6953121
2016-03-08 00:00:00+05:30,111.39,113.6,108.89,111.33,9103461
2016-03-09 00:00:00+05:30,110.37,111.63,108.59,109.72,6579225
2016-03-10 00:00:00+05:30,109.78,110.89,106.37,106.68,7648593
2016-03-11 00:00:00+05:30,107.26,109.27,107.02,107.93,5451880
2016-03-14 00:00:00+05:30,108.43,109.16,106.35,107.09,5518152
2016-03-15 00:00:00+05:30,107.41,110.12,106.84,109.69,9559207
2016-03-16 00:00:00+05:30,109.32,109.32,107.61,108.75,6374538
2016-03-17 00:00:00+05:30,110.11,113.33,109.63,112.39,13051428
2016-03-18 00:00:00+05:30,112.78,112.78,110.16,110.75,5863407
2016-03-21 00:00:00+05:30,111.71,113.8,111.05,113.14,6286396
2016-03-22 00:00:00+05:30,113.0,115.71,112.29,113.79,8811666
2016-03-23 00:00:00+05:30,114.07,114.34,110.52,110.89,6132340
2016-03-28 00:00:00+05:30,111.35,113.02,109.66,111.16,5790912
2016-03-29 00:00:00+05:30,111.26,115.15,111.26,113.99,9535717
2016-03-30 00:00:00+05:30,114.37,118.47,113.78,116.49,11966913
2016-03-31 00:00:00+05:30,117.78,119.38,115.87,116.71,10971105
2016-04-01 00:00:00+05:30,116.15,118.19,114.89,117.61,5244823
2016-04-04 00:00:00+05:30,118.35,118.51,116.45,117.15,4015878
2016-04-05 00:00:00+05:30,118.52,120.69,117.29,118.25,9954933
2016-04-06 00:00:00+05:30,119.26,121.76,117.05,121.05,7395090
2016-04-07 00:00:00+05:30,120.89,122.64,120.15,121.05,5113482
2016-04-08 00:00:00+05:30,121.05,121.53,119.53,120.91,3938544
2016-04-11 00:00:00+05:30,120.16,124.2,120.15,123.89,3853662
2016-04-12 00:00:00+05:30,124.45,125.36,122.64,123.31,3952111
2016-04-13 00:00:00+05:30,123.78,126.93,122.74,125.98,6011334
2016-04-18 00:00:00+05:30,127.41,129.37,126.18,128.73,4711486
2016-04-20 00:00:00+05:30,128.89,129.04,124.31,125.32,9677380
2016-04-21 00:00:00+05:30,125.89,129.04,125.21,126.87,7369642
2016-04-22 00:00:00+05:30,126.52,127.69,125.49,126.19,5130999
2016-04-25 00:00:00+05:30,125.93,127.91,125.04,127.49,2574895
2016-04-26 00:00:00+05:30,127.11,128.47,126.67,126.95,3292137
2016-04-27 00:00:00+05:30,126.52,128.81,126.13,127.12,2778516
2016-04-28 00:00:00+05:30,126.67,127.94,122.76,123.16,6096889
2016-04-29 00:00:00+05:30,122.45,124.87,120.83,123.52,5345074
2016-05-02 00:00:00+05:30,125.04,125.59,123.27,124.62,3726735
2016-05-03 00:00:00+05:30,125.48,125.48,122.47,123.72,5531071
2016-05-04 00:00:00+05:30,123.04,125.09,122.72,123.09,3846750
2016-05-05 00:00:00+05:30,123.4,123.48,119.73,121.35,4122198
2016-05-06 00:00:00+05:30,120.74,124.89,120.39,124.48,5313997
2016-05-09 00:00:00+05:30,125.19,125.19,120.74,123.19,4258993
2016-05-10 00:00:00+05:30,124.29,125.07,122.26,122.94,3548907
2016-05-11 00:00:00+05:30,122.22,124.51,120.43,124.05,5872452
2016-05-12 00:00:00+05:30,124.41,124.85,121.71,122.95,6374166
2016-05-13 00:00:00+05:30,123.11,124.45,122.32,123.31,6860484
2016-05-16 00:00:00+05:30,122.96,124.15,121.48,123.85,5350846
2016-05-17 00:00:00+05:30,124.89,126.96,124.45,124.83,9559174
2016-05-18 00:00:00+05:30,124.45,125.93,123.42,124.86,3934291
2016-05-19 00:00:00+05:30,124.45,126.15,123.57,124.18,3420778
2016-05-20 00:00:00+05:30,124.34,125.07,122.09,123.29,2991201
2016-05-23 00:00:00+05:30,123.71,125.0,121.13,122.84,3455425
2016-05-24 00:00:00+05:30,122.07,123.97,118.64,119.64,6305944
2016-05-25 00:00:00+05:30,120.89,125.15,119.33,124.59,6156256
2016-05-26 00:00:00+05:30,124.45,126.47,122.31,125.87,5374053
2016-05-27 00:00:00+05:30,128.15,141.33,127.85,138.02,42515058
2016-05-30 00:00:00+05:30,138.96,140.01,134.82,135.32,14810221
2016-05-31 00:00:00+05:30,135.55,137.44,134.01,134.29,9732304
2016-06-01 00:00:00+05:30,136.29,136.59,133.49,134.19,6606771
2016-06-02 00:00:00+05:30,134.19,136.23,133.48,135.19,4674550
2016-06-03 00:00:00+05:30,136.29,139.26,135.42,138.38,10604553
2016-06-06 00:00:00+05:30,137.48,139.78,136.28,136.63,6149499
2016-06-07 00:00:00+05:30,137.61,137.63,133.78,134.21,4532881
2016-06-08 00:00:00+05:30,134.96,135.44,133.47,133.88,5189541
2016-06-09 00:00:00+05:30,134.71,135.51,132.81,133.41,4916916
2016-06-10 00:00:00+05:30,133.93,134.52,131.73,132.31,3230023
2016-06-13 00:00:00+05:30,132.29,134.21,131.43,133.06,7154730
2016-06-14 00:00:00+05:30,133.89,133.97,130.88,131.51,3869214
2016-06-15 00:00:00+05:30,132.11,136.58,132.05,136.15,7976407
2016-06-16 00:00:00+05:30,136.74,137.01,134.25,135.96,6027291
2016-06-17 00:00:00+05:30,136.59,137.18,135.26,136.51,3671568
2016-06-20 00:00:00+05:30,135.6,137.47,134.6,136.54,4302598
2016-06-21 00:00:00+05:30,136.29,138.28,135.85,138.01,6871743
2016-06-22 00:00:00+05:30,138.37,138.67,135.91,137.11,4175785
2016-06-23 00:00:00+05:30,137.48,141.84,136.89,141.27,7992586
2016-06-24 00:00:00+05:30,137.78,141.33,137.04,138.59,6260401
2016-06-27 00:00:00+05:30,138.95,145.81,138.89,144.34,8617150
2016-06-28 00:00:00+05:30,144.89,147.84,144.79,147.22,9595239
2016-06-29 00:00:00+05:30,147.41,148.88,145.41,146.22,6782346
2016-06-30 00:00:00+05:30,146.22,148.29,145.67,147.59,10152202
2016-07-01 00:00:00+05:30,147.13,152.74,147.13,151.31,9472321
2016-07-04 00:00:00+05:30,151.79,154.65,151.79,153.42,14651083
2016-07-05 00:00:00+05:30,152.96,155.71,152.15,153.01,6462976
2016-07-07 00:00:00+05:30,153.63,154.4,151.8,153.05,3477120
2016-07-08 00:00:00+05:30,154.07,154.35,151.82,152.45,5245452
2016-07-11 00:00:00+05:30,153.93,156.99,152.74,156.45,8728627
2016-07-12 00:00:00+05:30,157.02,162.81,156.31,157.87,24402978
2016-07-13 00:00:00+05:30,156.68,159.23,155.02,155.4,6368698
2016-07-14 00:00:00+05:30,155.97,159.15,155.15,158.65,5688765
2016-07-15 00:00:00+05:30,159.11,159.97,156.91,158.27,3975507
2016-07-18 00:00:00+05:30,158.27,161.48,156.51,157.09,6374497
2016-07-19 00:00:00+05:30,157.77,165.44,157.33,164.22,9987967
2016-07-20 00:00:00+05:30,164.16,168.12,164.16,166.07,9136476
2016-07-21 00:00:00+05:30,180.0,180.0,170.52,171.84,28136829
2016-07-22 00:00:00+05:30,172.74,174.22,169.89,173.38,9828789
2016-07-25 00:00:00+05:30,175.12,181.44,175.12,180.4,13582282
2016-07-26 00:00:00+05:30,180.74,182.19,178.69,179.32,7375582
2016-07-27 00:00:00+05:30,180.04,185.67,180.04,184.29,11397003
2016-07-28 00:00:00+05:30,183.64,185.04,180.75,182.13,16554969
2016-07-29 00:00:00+05:30,182.2,189.27,182.03,186.92,15315048
2016-08-01 00:00:00+05:30,188.59,190.22,185.2,187.85,8701519
2016-08-02 00:00:00+05:30,189.55,189.62,182.97,184.05,8684239
2016-08-03 00:00:00+05:30,183.33,183.41,179.01,180.68,8440233
2016-08-04 00:00:00+05:30,181.66,182.22,175.38,178.67,13069606
2016-08-05 00:00:00+05:30,180.74,186.98,179.65,186.33,12566961
2016-08-08 00:00:00+05:30,188.89,195.84,188.43,194.88,15251773
2016-08-09 00:00:00+05:30,195.55,196.74,188.01,188.63,14518251
2016-08-10 00:00:00+05:30,189.71,190.95,180.47,181.48,18338284
2016-08-11 00:00:00+05:30,182.22,185.58,174.39,179.66,24891400
2016-08-12 00:00:00+05:30,179.91,182.14,176.29,177.56,12813822
2016-08-16 00:00:00+05:30,177.48,183.85,176.53,181.03,12322819
2016-08-17 00:00:00+05:30,179.74,182.95,179.41,180.49,8809714
2016-08-18 00:00:00+05:30,182.07,182.22,179.61,181.91,7805848
2016-08-19 00:00:00+05:30,181.48,184.43,180.07,183.66,7698469
2016-08-22 00:00:00+05:30,184.74,185.39,178.53,180.02,10644108
2016-08-23 00:00:00+05:30,179.26,179.26,169.04,170.47,36833845
2016-08-24 00:00:00+05:30,172.19,174.19,169.42,173.53,17531430
2016-08-25 00:00:00+05:30,174.81,174.96,172.15,173.33,18517537
2016-08-26 00:00:00+05:30,173.65,175.73,173.32,174.87,7706494
2016-08-29 00:00:00+05:30,174.87,175.96,174.07,175.29,5350671
2016-08-30 00:00:00+05:30,176.0,177.15,175.56,176.19,6092947
2016-08-31 00:00:00+05:30,176.97,182.11,176.09,180.55,10552194
2016-09-01 00:00:00+05:30,182.81,183.07,178.4,179.32,7532703
2016-09-02 00:00:00+05:30,180.43,182.96,178.49,182.47,8859880
2016-09-06 00:00:00+05:30,183.71,186.36,182.23,185.69,11089770
2016-09-07 00:00:00+05:30,186.37,187.85,183.87,185.17,10139586
2016-09-08 00:00:00+05:30,185.91,186.89,184.46,185.49,13760002
2016-09-09 00:00:00+05:30,185.19,188.27,184.53,185.29,15725062
2016-09-12 00:00:00+05:30,183.09,183.77,175.89,177.74,21174459
2016-09-14 00:00:00+05:30,179.53,181.49,175.89,177.42,13431349
2016-09-15 00:00:00+05:30,178.18,179.11,173.11,176.38,7792782
2016-09-16 00:00:00+05:30,178.4,179.98,174.47,177.93,15179281
2016-09-19 00:00:00+05:30,178.45,179.95,177.33,179.31,5060757
2016-09-20 00:00:00+05:30,179.55,180.45,177.6,178.65,4387267
2016-09-21 00:00:00+05:30,179.51,182.11,177.8,179.47,7832103
2016-09-22 00:00:00+05:30,180.85,183.78,180.42,183.29,7391755
2016-09-23 00:00:00+05:30,183.69,188.0,183.22,185.95,7912563
2016-09-26 00:00:00+05:30,186.22,191.11,183.78,190.65,9523461
2016-09-27 00:00:00+05:30,192.45,193.25,187.65,188.93,7966996
2016-09-28 00:00:00+05:30,190.25,192.15,188.35,189.95,5687902
2016-09-29 00:00:00+05:30,189.8,191.75,182.05,184.31,10646344
2016-09-30 00:00:00+05:30,184.45,190.09,182.22,188.42,5309512
2016-10-03 00:00:00+05:30,189.25,193.11,189.25,192.22,4785391
2016-10-04 00:00:00+05:30,193.33,195.0,191.4,193.02,5343357
2016-10-05 00:00:00+05:30,191.8,194.38,188.95,193.38,5991765
2016-10-06 00:00:00+05:30,194.45,204.45,193.82,200.69,12316852
2016-10-07 00:00:00+05:30,203.47,205.73,195.65,197.18,9478222
2016-10-10 00:00:00+05:30,199.07,199.98,193.49,194.73,5123734
2016-10-13 00:00:00+05:30,194.73,199.33,187.33,191.35,8354671
2016-10-14 00:00:00+05:30,192.89,196.25,190.47,194.78,6347347
2016-10-17 00:00:00+05:30,196.89,197.98,192.18,194.2,6411981
2016-10-18 00:00:00+05:30,196.4,196.4,192.33,195.29,4998867
2016-10-19 00:00:00+05:30,196.62,198.87,192.98,197.95,7296465
2016-10-20 00:00:00+05:30,199.53,199.53,195.6,197.18,5457297
2016-10-21 00:00:00+05:30,197.29,200.6,196.82,199.82,5029399
2016-10-24 00:00:00+05:30,201.11,203.75,198.91,203.2,5263120
2016-10-25 00:00:00+05:30,203.11,206.22,200.69,205.78,5662533
2016-10-26 00:00:00+05:30,205.25,206.02,202.47,204.07,4443829
2016-10-27 00:00:00+05:30,203.69,205.13,198.75,201.42,5672040
2016-10-28 00:00:00+05:30,201.78,209.53,200.89,207.29,4654018
2016-10-30 00:00:00+05:30,207.11,209.51,207.11,207.67,603187
2016-11-01 00:00:00+05:30,208.89,209.2,205.11,206.6,5507184
2016-11-02 00:00:00+05:30,204.0,204.67,200.35,201.33,3185008
2016-11-03 00:00:00+05:30,203.27,204.18,193.49,194.33,5393593
2016-11-04 00:00:00+05:30,194.67,196.62,187.4,193.4,5783115
2016-11-07 00:00:00+05:30,196.89,201.75,196.89,197.75,5050231
2016-11-08 00:00:00+05:30,198.67,201.0,197.78,200.45,4322014
2016-11-09 00:00:00+05:30,184.89,200.45,182.67,200.02,11570986
2016-11-10 00:00:00+05:30,202.22,207.53,200.45,205.6,8600509
2016-11-11 00:00:00+05:30,200.22,203.33,195.38,199.47,11081064
2016-11-15 00:00:00+05:30,199.47,203.47,179.53,197.45,32004669
2016-11-16 00:00:00+05:30,199.11,203.73,196.6,197.31,11869536
2016-11-17 00:00:00+05:30,198.78,201.75,195.8,197.13,10013527
2016-11-18 00:00:00+05:30,198.13,205.93,197.35,204.53,13084158
2016-11-21 00:00:00+05:30,205.45,206.91,194.02,196.42,9843513
2016-11-22 00:00:00+05:30,198.22,202.07,196.69,200.49,9373080
2016-11-23 00:00:00+05:30,200.45,203.11,197.27,201.85,8562039
2016-11-24 00:00:00+05:30,200.29,202.98,195.78,200.95,15381858
2016-11-25 00:00:00+05:30,201.78,206.67,201.13,205.35,6015229
2016-11-28 00:00:00+05:30,206.0,214.85,205.6,213.69,13357807
2016-11-29 00:00:00+05:30,213.82,216.18,209.02,211.27,14197411
2016-11-30 00:00:00+05:30,212.45,212.93,206.89,209.42,101155063
2016-12-01 00:00:00+05:30,204.93,206.78,196.51,198.67,15345825
2016-12-02 00:00:00+05:30,196.45,197.73,191.65,193.85,10943196
2016-12-05 00:00:00+05:30,192.98,195.78,189.78,192.02,6972832
2016-12-06 00:00:00+05:30,193.31,197.05,192.75,194.8,6999897
2016-12-07 00:00:00+05:30,196.27,199.95,195.55,199.05,8404678
2016-12-08 00:00:00+05:30,201.71,202.22,198.8,201.45,4002303
2016-12-09 00:00:00+05:30,202.93,204.71,196.69,201.91,9012967
2016-12-12 00:00:00+05:30,199.2,199.51,191.73,192.69,8350113
2016-12-13 00:00:00+05:30,193.6,195.98,192.33,195.4,4659292
2016-12-14 00:00:00+05:30,196.09,197.27,192.45,192.89,4862557
2016-12-15 00:00:00+05:30,192.87,196.25,186.11,189.78,12451146
2016-12-16 00:00:00+05:30,187.6,190.33,185.65,189.29,9601230
2016-12-19 00:00:00+05:30,190.89,192.91,187.78,188.67,8756826
2016-12-20 00:00:00+05:30,188.89,190.27,186.49,187.75,5343940
2016-12-21 00:00:00+05:30,187.91,189.11,185.09,187.53,5323213
2016-12-22 00:00:00+05:30,187.91,188.18,184.49,185.8,3340855
2016-12-23 00:00:00+05:30,185.6,188.78,185.07,186.91,4023537
2016-12-26 00:00:00+05:30,186.67,187.15,182.22,183.69,4783282
2016-12-27 00:00:00+05:30,183.82,189.27,183.38,188.65,4451005
2016-12-28 00:00:00+05:30,188.89,191.95,185.8,186.47,7398084
2016-12-29 00:00:00+05:30,186.67,192.69,186.49,190.89,11311989
2016-12-30 00:00:00+05:30,191.8,196.98,190.15,196.13,6549855
2017-01-02 00:00:00+05:30,197.31,201.18,196.33,200.0,6430195
2017-01-03 00:00:00+05:30,200.0,208.2,200.0,206.35,9081840
2017-01-04 00:00:00+05:30,205.55,207.91,200.65,204.87,6622401
2017-01-05 00:00:00+05:30,204.78,210.87,204.45,210.2,5592261
2017-01-06 00:00:00+05:30,208.89,211.98,206.05,207.42,4101747
2017-01-09 00:00:00+05:30,207.11,207.98,202.78,205.78,3815290
2017-01-10 00:00:00+05:30,208.93,214.22,208.93,213.0,7597765
2017-01-11 00:00:00+05:30,214.22,219.55,212.0,218.09,5767273
2017-01-12 00:00:00+05:30,217.82,221.82,215.78,219.62,5470320
2017-01-13 00:00:00+05:30,220.89,221.07,214.11,217.29,4846512
2017-01-16 00:00:00+05:30,219.2,219.45,216.0,217.58,4173307
2017-01-17 00:00:00+05:30,217.58,218.65,212.75,214.38,5126691
2017-01-18 00:00:00+05:30,214.51,217.42,213.07,216.89,3355509
2017-01-19 00:00:00+05:30,218.07,221.33,218.07,220.02,4887771
2017-01-20 00:00:00+05:30,219.78,221.11,217.42,219.0,3899850
2017-01-23 00:00:00+05:30,218.71,228.13,217.82,227.51,6760420
2017-01-24 00:00:00+05:30,227.55,231.82,227.15,230.2,6186454
2017-01-25 00:00:00+05:30,230.13,243.45,228.22,241.98,17914816
2017-01-27 00:00:00+05:30,241.13,244.67,236.62,237.82,5654598
2017-01-30 00:00:00+05:30,237.69,238.89,233.53,234.71,3615094
2017-01-31 00:00:00+05:30,234.62,238.87,229.18,231.71,6299841
2017-02-01 00:00:00+05:30,232.4,241.33,231.33,239.49,5476566
2017-02-02 00:00:00+05:30,239.95,246.67,239.95,245.35,5843431
2017-02-03 00:00:00+05:30,244.85,245.25,239.87,241.71,4473532
2017-02-06 00:00:00+05:30,243.11,246.45,242.53,244.98,3979086
2017-02-07 00:00:00+05:30,245.05,253.25,244.02,248.51,7774696
2017-02-08 00:00:00+05:30,249.51,259.11,248.89,254.73,7218484
2017-02-09 00:00:00+05:30,255.95,258.67,254.4,256.4,5087436
2017-02-10 00:00:00+05:30,256.85,257.0,250.11,254.07,6246267
2017-02-13 00:00:00+05:30,255.07,258.65,252.93,257.02,4256934
2017-02-14 00:00:00+05:30,257.78,257.78,240.18,242.73,13946424
2017-02-15 00:00:00+05:30,242.67,244.33,230.78,233.4,13376424
2017-02-16 00:00:00+05:30,234.67,238.42,231.55,235.65,7624828
2017-02-17 00:00:00+05:30,237.78,242.42,234.55,241.33,5917863
2017-02-20 00:00:00+05:30,242.73,248.33,241.13,247.65,5182990
2017-02-21 00:00:00+05:30,248.45,253.13,247.8,249.95,5883208
2017-02-22 00:00:00+05:30,251.11,252.62,244.62,246.13,6094950
2017-02-23 00:00:00+05:30,246.67,254.89,246.22,253.78,11971239
2017-02-27 00:00:00+05:30,253.78,255.55,247.2,248.75,7130292
2017-02-28 00:00:00+05:30,249.22,249.33,235.82,239.0,19097061
2017-03-01 00:00:00+05:30,231.42,234.0,226.27,230.47,15927429
2017-03-02 00:00:00+05:30,232.89,234.2,224.33,225.58,13359958
2017-03-03 00:00:00+05:30,226.6,233.07,222.69,232.53,12821542
2017-03-06 00:00:00+05:30,233.42,234.65,228.22,231.29,6592692
2017-03-07 00:00:00+05:30,231.55,235.27,230.75,234.58,7274374
2017-03-08 00:00:00+05:30,234.2,236.0,227.78,228.91,6391434
2017-03-09 00:00:00+05:30,231.15,232.69,228.6,229.2,6710383
2017-03-10 00:00:00+05:30,231.11,231.11,226.18,228.02,6707167
2017-03-14 00:00:00+05:30,231.75,234.15,229.13,230.65,6266838
2017-03-15 00:00:00+05:30,231.09,232.22,227.95,229.07,6253635
2017-03-16 00:00:00+05:30,230.33,232.22,228.27,231.25,9246382
2017-03-17 00:00:00+05:30,232.0,232.25,226.91,228.15,13338403
2017-03-20 00:00:00+05:30,229.29,229.29,226.67,227.27,7690624
2017-03-21 00:00:00+05:30,227.95,228.89,224.0,224.53,6316476
2017-03-22 00:00:00+05:30,222.62,228.45,221.6,227.09,8158809
2017-03-23 00:00:00+05:30,231.2,234.15,230.02,231.89,14146534
2017-03-24 00:00:00+05:30,230.13,230.78,228.11,230.27,5888400
2017-03-27 00:00:00+05:30,230.65,232.0,229.07,230.35,3509445
2017-03-28 00:00:00+05:30,230.22,232.0,229.22,230.49,2691633
2017-03-29 00:00:00+05:30,230.53,232.6,229.65,231.0,3776398
2017-03-30 00:00:00+05:30,230.55,231.87,228.45,229.91,10551313
2017-03-31 00:00:00+05:30,231.11,235.27,230.0,233.62,6099211
2017-04-03 00:00:00+05:30,232.85,233.62,229.55,230.49,2780373
2017-04-05 00:00:00+05:30,231.2,233.33,229.11,232.6,5436925
2017-04-06 00:00:00+05:30,230.67,234.07,230.27,233.13,3342009
2017-04-07 00:00:00+05:30,232.45,240.8,231.82,238.13,9687898
2017-04-10 00:00:00+05:30,239.91,243.02,239.11,240.98,7457352
2017-04-11 00:00:00+05:30,241.78,242.38,238.87,239.33,3513873
2017-04-12 00:00:00+05:30,239.58,242.85,232.25,241.09,6195846
2017-04-13 00:00:00+05:30,241.51,250.65,239.05,248.53,8854876
2017-04-17 00:00:00+05:30,251.49,251.87,246.0,247.49,4156066
2017-04-18 00:00:00+05:30,249.85,251.53,244.55,245.91,6239793
2017-04-19 00:00:00+05:30,244.09,248.27,241.31,246.18,6274636
2017-04-20 00:00:00+05:30,247.91,248.27,244.45,245.98,4533433
2017-04-21 00:00:00+05:30,246.67,248.67,245.55,247.6,4107601
2017-04-24 00:00:00+05:30,247.91,249.73,243.71,247.33,2192331
2017-04-25 00:00:00+05:30,248.0,252.89,247.38,248.71,8093460
2017-04-26 00:00:00+05:30,248.89,250.33,236.0,238.15,14041414
2017-04-27 00:00:00+05:30,239.89,242.85,237.2,241.11,8906781
2017-04-28 00:00:00+05:30,242.22,242.98,237.55,238.29,3290935
2017-05-02 00:00:00+05:30,239.91,246.18,239.2,245.6,5533912
2017-05-03 00:00:00+05:30,247.11,247.89,235.18,235.65,10582077
2017-05-04 00:00:00+05:30,237.33,237.53,232.53,236.2,4089538
2017-05-05 00:00:00+05:30,239.69,239.69,231.73,232.67,3807577
2017-05-08 00:00:00+05:30,232.85,236.85,232.02,236.05,3415035
2017-05-09 00:00:00+05:30,237.78,237.78,232.89,234.38,4026198
2017-05-10 00:00:00+05:30,235.55,236.67,233.38,235.2,2670019
2017-05-11 00:00:00+05:30,234.89,237.29,232.69,234.2,3782163
2017-05-12 00:00:00+05:30,234.45,239.69,233.47,238.09,4794058
2017-05-15 00:00:00+05:30,239.09,239.47,236.05,238.73,2279382
2017-05-16 00:00:00+05:30,237.33,242.2,236.8,240.89,2772336
2017-05-17 00:00:00+05:30,241.33,244.4,240.02,241.58,5256979
2017-05-18 00:00:00+05:30,241.55,241.55,234.02,237.09,4598778
2017-05-19 00:00:00+05:30,236.69,238.4,230.13,231.71,3925837
2017-05-22 00:00:00+05:30,232.45,232.71,225.42,226.95,4302907
2017-05-23 00:00:00+05:30,227.11,227.93,218.69,222.05,7501737
2017-05-24 00:00:00+05:30,220.0,223.11,219.33,222.09,5374752
2017-05-25 00:00:00+05:30,222.67,227.47,220.73,226.13,10416804
2017-05-26 00:00:00+05:30,225.6,254.62,220.25,252.27,28487851
2017-05-29 00:00:00+05:30,253.45,255.47,241.38,243.22,9534430
2017-05-30 00:00:00+05:30,242.89,248.45,238.22,246.25,4847128
2017-05-31 00:00:00+05:30,246.53,247.51,242.73,246.31,6587013
2017-06-01 00:00:00+05:30,246.22,246.22,238.29,240.53,5377722
2017-06-02 00:00:00+05:30,241.35,243.22,237.89,238.55,4807095
2017-06-05 00:00:00+05:30,239.55,243.87,239.55,240.98,2452506
2017-06-06 00:00:00+05:30,240.29,245.55,239.4,242.33,4736134
2017-06-07 00:00:00+05:30,244.18,244.18,238.78,240.09,3350568
2017-06-08 00:00:00+05:30,242.18,242.25,238.0,239.49,3090270
2017-06-09 00:00:00+05:30,239.73,240.49,235.58,239.85,2682951
2017-06-12 00:00:00+05:30,240.0,244.31,238.91,242.22,4801996
2017-06-13 00:00:00+05:30,242.2,244.6,239.65,240.27,5589415
2017-06-14 00:00:00+05:30,238.27,243.82,238.27,242.98,6230809
2017-06-15 00:00:00+05:30,243.55,245.02,228.89,230.47,11556736
2017-06-16 00:00:00+05:30,231.13,238.4,231.13,235.62,9284776
2017-06-19 00:00:00+05:30,237.31,237.31,234.22,235.8,3527134
2017-06-20 00:00:00+05:30,235.58,238.4,235.58,237.82,3902389
2017-06-21 00:00:00+05:30,238.15,238.65,233.89,235.25,3487183
2017-06-22 00:00:00+05:30,233.42,236.45,226.93,227.58,6389953
2017-06-23 00:00:00+05:30,228.45,228.91,223.69,225.98,5018563
2017-06-27 00:00:00+05:30,226.67,227.11,218.05,223.27,6269469
2017-06-28 00:00:00+05:30,224.45,229.38,224.13,227.89,5071155
2017-06-29 00:00:00+05:30,226.67,231.07,225.29,225.87,6030478
2017-06-30 00:00:00+05:30,225.91,230.53,222.42,226.82,6328209
2017-07-03 00:00:00+05:30,227.6,233.33,227.11,229.75,3871954
2017-07-04 00:00:00+05:30,230.22,231.87,227.11,227.51,3311182
2017-07-05 00:00:00+05:30,228.11,230.62,225.78,229.55,2698453
2017-07-06 00:00:00+05:30,229.95,231.55,224.89,226.27,7307557
2017-07-07 00:00:00+05:30,224.49,227.42,221.95,222.87,7496724
2017-07-10 00:00:00+05:30,228.42,235.47,223.47,227.82,2257894
2017-07-11 00:00:00+05:30,226.7,230.0,224.0,226.93,5598925
2017-07-12 00:00:00+05:30,228.67,240.3,225.93,239.5,10562526
2017-07-13 00:00:00+05:30,244.27,254.67,240.83,250.07,18277224
2017-07-14 00:00:00+05:30,250.5,261.33,245.83,258.27,8646729
2017-07-17 00:00:00+05:30,255.6,259.3,247.5,251.9,6742027
2017-07-18 00:00:00+05:30,250.6,255.83,243.77,245.47,6646084
2017-07-19 00:00:00+05:30,248.97,259.67,246.67,255.8,9042859
2017-07-20 00:00:00+05:30,246.0,250.97,242.53,245.23,10523281
2017-07-21 00:00:00+05:30,245.67,247.63,238.0,245.33,6410655
2017-07-24 00:00:00+05:30,247.33,252.33,244.87,246.2,6738637
2017-07-25 00:00:00+05:30,246.2,250.0,243.8,249.33,4684581
2017-07-26 00:00:00+05:30,249.93,250.3,245.93,247.03,3993397
2017-07-27 00:00:00+05:30,246.67,249.87,242.4,244.8,5714268
2017-07-28 00:00:00+05:30,245.33,250.2,244.8,249.63,5820166
2017-07-31 00:00:00+05:30,250.67,256.17,247.63,255.47,6141528
2017-08-01 00:00:00+05:30,255.47,261.23,254.27,257.83,6699744
2017-08-02 00:00:00+05:30,258.0,258.67,254.03,256.67,3521140
2017-08-03 00:00:00+05:30,258.6,271.67,257.03,264.53,14941090
2017-08-04 00:00:00+05:30,264.73,294.67,261.87,288.4,21909400
2017-08-07 00:00:00+05:30,285.33,308.27,283.37,305.4,16694877
2017-08-08 00:00:00+05:30,301.6,303.67,288.1,290.77,11525643
2017-08-09 00:00:00+05:30,284.93,298.13,279.9,286.43,11483370
2017-08-10 00:00:00+05:30,282.37,287.6,266.67,274.97,9620839
2017-08-11 00:00:00+05:30,272.67,291.8,265.4,286.03,14725588
2017-08-14 00:00:00+05:30,289.67,295.1,283.07,292.4,6447579
2017-08-16 00:00:00+05:30,290.8,296.0,287.4,290.93,5009496
2017-08-17 00:00:00+05:30,292.0,295.77,288.03,289.3,5680911
2017-08-18 00:00:00+05:30,288.67,300.53,286.53,294.93,9195718
2017-08-21 00:00:00+05:30,298.2,301.63,287.03,289.2,6523320
2017-08-22 00:00:00+05:30,289.87,302.77,289.87,299.8,12409968
2017-08-23 00:00:00+05:30,303.33,308.4,298.13,305.27,5724184
2017-08-24 00:00:00+05:30,304.0,313.93,302.03,310.8,7084710
2017-08-28 00:00:00+05:30,312.07,313.23,304.8,308.87,7114873
2017-08-29 00:00:00+05:30,311.6,317.0,310.4,311.3,7526347
2017-08-30 00:00:00+05:30,314.0,327.57,312.27,323.97,10796385
2017-09-01 00:00:00+05:30,327.6,327.6,319.17,321.6,6958470
2017-09-04 00:00:00+05:30,321.37,323.43,313.33,317.67,3184789
2017-09-05 00:00:00+05:30,318.33,322.0,314.37,321.27,3606330
2017-09-06 00:00:00+05:30,319.33,319.33,316.07,317.67,3466270
2017-09-07 00:00:00+05:30,319.33,319.8,312.33,312.93,4058595
2017-09-08 00:00:00+05:30,311.57,316.2,306.0,307.97,4723081
2017-09-11 00:00:00+05:30,311.33,314.17,277.33,310.0,3566557
2017-09-12 00:00:00+05:30,312.0,322.6,311.07,321.47,4373596
2017-09-13 00:00:00+05:30,322.63,323.6,295.8,305.0,11484099
2017-09-14 00:00:00+05:30,316.03,318.63,300.0,306.0,11139879
2017-09-15 00:00:00+05:30,306.0,309.27,300.07,302.0,7192302
2017-09-18 00:00:00+05:30,305.23,305.7,294.13,299.33,5409685
2017-09-19 00:00:00+05:30,299.2,310.0,296.23,307.53,5904277
2017-09-20 00:00:00+05:30,308.4,308.4,299.03,301.33,4055478
2017-09-21 00:00:00+05:30,301.43,305.33,298.2,301.53,5491824
2017-09-22 00:00:00+05:30,300.83,301.33,290.4,292.4,6289963
2017-09-25 00:00:00+05:30,291.93,293.03,279.73,283.5,6212062
2017-09-26 00:00:00+05:30,282.0,284.93,267.33,277.07,9100195
2017-09-27 00:00:00+05:30,279.87,283.97,276.23,278.03,5672800
2017-09-28 00:00:00+05:30,277.33,278.6,264.43,277.4,26451636
2017-09-29 00:00:00+05:30,279.8,289.63,276.07,284.53,9753343
2017-10-03 00:00:00+05:30,290.23,292.2,281.17,289.73,6496740
2017-10-04 00:00:00+05:30,298.43,300.9,291.8,296.1,12159907
2017-10-05 00:00:00+05:30,296.93,297.33,288.67,290.43,4623453
2017-10-06 00:00:00+05:30,290.87,298.83,290.0,296.97,5182806
2017-10-09 00:00:00+05:30,296.97,297.83,291.43,293.33,3973101
2017-10-10 00:00:00+05:30,294.0,294.6,289.67,291.03,4602225
2017-10-11 00:00:00+05:30,292.0,308.47,291.13,303.33,14366040
2017-10-12 00:00:00+05:30,305.3,305.93,300.47,304.2,4304626
2017-10-13 00:00:00+05:30,304.3,307.27,300.03,306.4,4092717
2017-10-16 00:00:00+05:30,307.33,309.87,304.97,306.97,4536031
2017-10-17 00:00:00+05:30,306.67,315.93,304.67,313.87,6963424
2017-10-18 00:00:00+05:30,313.33,313.37,306.87,308.87,3720061
2017-10-19 00:00:00+05:30,310.0,310.3,305.63,306.9,493344
2017-10-23 00:00:00+05:30,306.67,313.33,304.37,306.07,4686415
2017-10-24 00:00:00+05:30,307.33,312.77,302.07,310.67,4116037
2017-10-25 00:00:00+05:30,312.17,313.8,307.43,308.33,3528637
2017-10-26 00:00:00+05:30,309.33,322.9,308.13,320.8,8313279
2017-10-27 00:00:00+05:30,320.67,321.37,302.67,304.03,7504398
2017-10-30 00:00:00+05:30,305.33,311.27,302.3,303.2,3685272
2017-10-31 00:00:00+05:30,304.0,306.3,295.47,298.1,9058170
2017-11-01 00:00:00+05:30,301.33,301.33,294.4,295.53,5358735
2017-11-02 00:00:00+05:30,298.87,300.6,295.4,296.9,5622546
2017-11-03 00:00:00+05:30,298.2,298.5,293.4,297.1,3542805
2017-11-06 00:00:00+05:30,295.37,296.6,287.23,289.37,4686180
2017-11-07 00:00:00+05:30,288.67,298.27,279.0,296.47,13911352
2017-11-08 00:00:00+05:30,299.3,299.8,287.17,289.83,5208868
2017-11-09 00:00:00+05:30,293.0,297.67,281.77,287.7,13584943
2017-11-10 00:00:00+05:30,288.67,290.27,276.57,277.9,9240855
2017-11-13 00:00:00+05:30,278.93,282.93,270.83,280.07,6781686
2017-11-14 00:00:00+05:30,281.8,281.8,272.53,274.13,6591432
2017-11-15 00:00:00+05:30,275.33,281.83,274.37,275.87,5323305
2017-11-16 00:00:00+05:30,278.0,279.63,273.33,275.0,3950950
2017-11-17 00:00:00+05:30,278.0,280.53,274.0,276.53,6819309
2017-11-20 00:00:00+05:30,277.0,278.53,273.17,277.03,3091717
2017-11-21 00:00:00+05:30,278.07,281.83,277.33,279.13,3092919
2017-11-22 00:00:00+05:30,279.73,280.57,275.0,279.67,4109125
2017-11-23 00:00:00+05:30,279.27,286.07,276.97,283.3,5948316
2017-11-24 00:00:00+05:30,284.67,289.6,280.67,286.87,6104793
2017-11-27 00:00:00+05:30,285.0,285.63,280.0,282.47,4133361
2017-11-28 00:00:00+05:30,282.33,283.07,277.47,278.43,3848998
2017-11-29 00:00:00+05:30,279.77,280.4,275.23,277.57,4841946
2017-11-30 00:00:00+05:30,276.27,280.33,273.73,277.8,9345882
2017-12-01 00:00:00+05:30,278.67,279.93,271.0,273.03,3751500
2017-12-04 00:00:00+05:30,273.33,276.0,266.67,274.93,4847391
2017-12-05 00:00:00+05:30,275.63,278.67,273.4,274.67,4189222
2017-12-06 00:00:00+05:30,274.67,274.67,270.0,270.67,4351611
2017-12-07 00:00:00+05:30,272.47,276.0,271.07,275.1,3858753
2017-12-08 00:00:00+05:30,277.13,286.67,272.9,285.63,8057448
2017-12-11 00:00:00+05:30,288.0,290.83,285.5,288.37,4233474
2017-12-12 00:00:00+05:30,286.0,286.83,275.33,276.63,6713584
2017-12-13 00:00:00+05:30,276.83,285.0,276.83,282.23,7678749
2017-12-14 00:00:00+05:30,284.97,292.33,283.33,291.5,8714425
2017-12-15 00:00:00+05:30,295.33,297.77,292.77,295.87,7336392
2017-12-18 00:00:00+05:30,293.33,296.67,283.6,291.87,4736259
2017-12-19 00:00:00+05:30,293.33,293.83,287.67,290.9,3676342
2017-12-20 00:00:00+05:30,290.77,291.23,285.67,287.63,3370585
2017-12-21 00:00:00+05:30,288.63,289.3,283.87,284.53,3679375
2017-12-22 00:00:00+05:30,284.0,287.83,283.67,286.2,3134572
2017-12-26 00:00:00+05:30,286.07,288.47,284.8,287.0,3171213
2017-12-27 00:00:00+05:30,285.33,286.4,282.23,283.9,2919280
2017-12-28 00:00:00+05:30,283.13,285.67,279.33,281.77,5200027
2017-12-29 00:00:00+05:30,281.33,283.33,276.87,279.07,3179734
2018-01-01 00:00:00+05:30,279.33,280.8,274.93,275.83,3130578
2018-01-02 00:00:00+05:30,276.67,276.8,267.33,270.93,5421162
2018-01-03 00:00:00+05:30,272.27,277.97,270.6,273.97,4510429
2018-01-04 00:00:00+05:30,274.2,280.63,272.33,279.23,4302084
2018-01-05 00:00:00+05:30,280.0,281.27,274.27,276.67,5393860
2018-01-08 00:00:00+05:30,278.33,282.4,277.87,280.77,3221578
2018-01-09 00:00:00+05:30,280.0,280.27,276.07,278.17,3903997
2018-01-10 00:00:00+05:30,276.3,285.27,275.5,283.03,5370945
2018-01-11 00:00:00+05:30,282.1,282.33,278.47,280.63,3246181
2018-01-12 00:00:00+05:30,280.07,286.0,279.4,283.93,5242831
2018-01-15 00:00:00+05:30,284.0,290.0,283.57,284.03,4438422
2018-01-16 00:00:00+05:30,284.0,286.37,273.07,273.6,8333223
2018-01-17 00:00:00+05:30,272.0,281.37,272.0,280.2,5451823
2018-01-18 00:00:00+05:30,282.0,282.0,272.8,274.5,4371583
2018-01-19 00:00:00+05:30,275.93,279.97,273.03,277.47,4212366
2018-01-22 00:00:00+05:30,270.0,276.43,265.57,267.87,14538862
2018-01-23 00:00:00+05:30,269.87,270.67,261.33,263.93,7813974
2018-01-24 00:00:00+05:30,264.67,264.9,256.83,259.43,13064598
2018-01-25 00:00:00+05:30,260.0,263.9,254.97,256.1,13110019
2018-01-29 00:00:00+05:30,256.17,257.03,248.9,250.1,21222934
2018-01-30 00:00:00+05:30,248.07,266.0,248.07,262.0,13462153
2018-01-31 00:00:00+05:30,263.0,267.1,258.8,265.13,10463500
2018-02-01 00:00:00+05:30,264.87,273.2,260.13,261.57,7391547
2018-02-02 00:00:00+05:30,258.0,260.67,247.33,249.67,5838256
2018-02-05 00:00:00+05:30,246.0,258.53,243.47,255.9,8200666
2018-02-06 00:00:00+05:30,246.7,254.33,245.8,251.73,8087403
2018-02-07 00:00:00+05:30,256.63,272.6,255.0,264.23,14466637
2018-02-08 00:00:00+05:30,268.0,272.87,264.67,266.53,10151086
2018-02-09 00:00:00+05:30,261.7,270.13,258.17,263.8,17717926
2018-02-12 00:00:00+05:30,265.33,265.8,259.53,260.97,6785032
2018-02-14 00:00:00+05:30,262.67,263.83,253.73,255.1,6008016
2018-02-15 00:00:00+05:30,256.53,262.0,252.27,260.6,4042515
2018-02-16 00:00:00+05:30,262.93,262.93,257.47,257.97,2159697
2018-02-19 00:00:00+05:30,258.67,259.07,250.13,253.2,3268791
2018-02-20 00:00:00+05:30,254.67,256.67,251.73,253.9,2176545
2018-02-21 00:00:00+05:30,254.67,258.67,251.13,257.93,4183654
2018-02-22 00:00:00+05:30,256.67,257.67,253.13,256.07,6322648
2018-02-23 00:00:00+05:30,256.13,257.93,253.5,257.4,3038880
2018-02-26 00:00:00+05:30,259.33,262.5,257.2,261.17,4464328
2018-02-27 00:00:00+05:30,263.1,263.57,258.67,261.0,4222402
2018-02-28 00:00:00+05:30,250.67,254.93,248.73,253.43,6612582
2018-03-01 00:00:00+05:30,251.33,255.4,250.53,251.17,3531741
2018-03-05 00:00:00+05:30,251.33,251.83,243.47,244.5,2616484
2018-03-06 00:00:00+05:30,246.93,250.97,242.23,243.73,4844296
2018-03-07 00:00:00+05:30,242.67,244.4,236.73,238.53,4533595
2018-03-08 00:00:00+05:30,239.4,242.9,235.83,240.37,2775019
2018-03-09 00:00:00+05:30,241.47,242.93,237.13,238.03,3578367
2018-03-12 00:00:00+05:30,240.07,245.67,238.7,244.5,2895123
2018-03-13 00:00:00+05:30,244.73,257.0,244.67,255.3,9030964
2018-03-14 00:00:00+05:30,255.2,255.2,249.33,250.27,4256176
2018-03-15 00:00:00+05:30,251.27,251.27,246.87,247.7,2734489
2018-03-16 00:00:00+05:30,248.0,248.0,239.5,243.17,8356731
2018-03-19 00:00:00+05:30,244.1,244.57,233.93,234.9,3408477
2018-03-20 00:00:00+05:30,233.33,239.87,232.33,236.57,3697581
2018-03-21 00:00:00+05:30,237.33,239.83,232.97,235.53,2709895
2018-03-22 00:00:00+05:30,234.37,235.87,227.4,228.57,5717344
2018-03-23 00:00:00+05:30,225.33,227.97,222.0,226.0,4220208
2018-03-26 00:00:00+05:30,225.33,226.67,215.67,222.2,7499343
2018-03-27 00:00:00+05:30,224.17,232.2,223.97,231.27,6060507
2018-03-28 00:00:00+05:30,229.83,232.53,226.33,229.9,7363006
2018-04-02 00:00:00+05:30,231.33,233.13,226.03,229.67,3015774
2018-04-03 00:00:00+05:30,231.67,238.0,231.67,235.83,4124406
2018-04-04 00:00:00+05:30,236.13,236.6,228.8,229.47,3175233
2018-04-05 00:00:00+05:30,230.67,233.33,230.0,232.23,2753176
2018-04-06 00:00:00+05:30,234.6,237.83,232.7,235.97,3383977
2018-04-09 00:00:00+05:30,236.8,246.17,236.33,244.53,7467574
2018-04-10 00:00:00+05:30,246.67,246.67,239.37,243.1,3321826
2018-04-11 00:00:00+05:30,239.73,241.53,223.0,224.47,22306503
2018-04-12 00:00:00+05:30,220.73,227.27,216.83,224.83,18473313
2018-04-13 00:00:00+05:30,226.53,228.47,220.27,222.5,5725026
2018-04-16 00:00:00+05:30,220.43,224.33,218.2,220.93,5248170
2018-04-17 00:00:00+05:30,221.0,221.83,218.5,220.03,5624701
2018-04-18 00:00:00+05:30,220.0,220.57,212.27,213.07,10263634
2018-04-19 00:00:00+05:30,209.43,209.5,198.67,201.0,22322026
2018-04-20 00:00:00+05:30,199.93,205.33,198.07,199.37,14995771
2018-04-23 00:00:00+05:30,201.87,205.73,201.2,202.87,10698412
2018-04-24 00:00:00+05:30,202.0,205.67,201.27,204.0,6712645
2018-04-25 00:00:00+05:30,204.67,206.83,198.0,198.7,8791794
2018-04-26 00:00:00+05:30,198.23,198.6,193.37,197.57,21003760
2018-04-27 00:00:00+05:30,200.0,207.67,198.3,203.97,10457917
2018-04-30 00:00:00+05:30,204.4,205.9,201.67,203.0,3988363
2018-05-02 00:00:00+05:30,205.0,205.7,197.47,198.27,4011324
2018-05-03 00:00:00+05:30,197.67,200.57,195.4,196.57,3552121
2018-05-04 00:00:00+05:30,195.67,198.77,192.83,196.57,9146944
2018-05-07 00:00:00+05:30,194.83,200.57,192.33,198.0,9142368
2018-05-08 00:00:00+05:30,196.67,205.33,195.6,204.67,11470446
2018-05-09 00:00:00+05:30,200.13,205.5,193.43,203.5,21530566
2018-05-10 00:00:00+05:30,203.33,206.63,199.53,205.27,9738612
2018-05-11 00:00:00+05:30,205.87,214.33,205.7,212.5,14352165
2018-05-14 00:00:00+05:30,214.63,220.1,211.1,214.0,12111933
2018-05-15 00:00:00+05:30,214.97,220.0,209.8,215.63,9392455
2018-05-16 00:00:00+05:30,214.0,215.33,208.7,212.27,5123326
2018-05-17 00:00:00+05:30,211.63,213.83,208.17,211.67,5391075
2018-05-18 00:00:00+05:30,210.0,215.07,207.0,208.0,6233220
2018-05-21 00:00:00+05:30,209.33,210.9,206.0,208.57,5378706
2018-05-22 00:00:00+05:30,208.33,211.33,202.17,207.9,9401805
2018-05-23 00:00:00+05:30,202.67,207.1,189.03,191.33,24697710
2018-05-24 00:00:00+05:30,191.5,192.6,181.53,188.83,17920726
2018-05-25 00:00:00+05:30,190.0,198.27,185.9,196.8,13581084
2018-05-28 00:00:00+05:30,206.67,210.27,204.33,208.73,17984280
2018-05-29 00:00:00+05:30,209.67,213.23,207.37,210.03,8262937
2018-05-30 00:00:00+05:30,209.87,210.0,203.17,204.57,10330431
2018-05-31 00:00:00+05:30,204.33,208.67,200.03,207.9,14464165
2018-06-01 00:00:00+05:30,209.33,211.23,206.03,208.1,7199374
2018-06-04 00:00:00+05:30,210.07,212.67,201.83,208.13,11104798
2018-06-05 00:00:00+05:30,209.07,211.8,206.9,209.83,9015568
2018-06-06 00:00:00+05:30,210.67,211.2,206.0,207.2,9227890
2018-06-07 00:00:00+05:30,208.0,210.6,207.37,210.0,6238596
2018-06-08 00:00:00+05:30,208.0,209.3,205.0,207.53,4390924
2018-06-11 00:00:00+05:30,206.07,211.77,206.07,209.63,5236063
2018-06-12 00:00:00+05:30,211.87,212.63,209.6,211.27,4445346
2018-06-13 00:00:00+05:30,212.67,213.0,208.07,209.27,5457997
2018-06-14 00:00:00+05:30,208.47,208.47,204.7,206.5,5133004
2018-06-15 00:00:00+05:30,207.13,207.13,202.2,204.23,7041546
2018-06-18 00:00:00+05:30,209.4,216.9,208.73,214.73,14957748
2018-06-19 00:00:00+05:30,212.57,212.57,206.7,208.67,8809482
2018-06-20 00:00:00+05:30,209.4,210.0,204.17,205.27,4787245
2018-06-21 00:00:00+05:30,206.27,212.27,201.0,210.13,13722777
2018-06-22 00:00:00+05:30,210.2,211.23,204.8,207.43,11005456
2018-06-25 00:00:00+05:30,206.83,208.5,198.0,199.3,9797307
2018-06-26 00:00:00+05:30,198.33,203.07,197.33,199.4,6811788
2018-06-27 00:00:00+05:30,196.43,196.43,182.37,184.4,15763911
2018-06-28 00:00:00+05:30,181.33,183.67,172.97,174.23,22600962
2018-06-29 00:00:00+05:30,175.33,178.33,171.03,172.8,14400504
2018-07-02 00:00:00+05:30,173.6,176.87,172.07,173.13,6797854
2018-07-03 00:00:00+05:30,174.0,175.33,171.67,172.57,6482101
2018-07-04 00:00:00+05:30,173.2,173.2,167.07,168.2,9792430
2018-07-05 00:00:00+05:30,168.67,171.67,168.67,170.97,6614616
2018-07-06 00:00:00+05:30,172.5,181.23,172.07,178.7,15538821
2018-07-09 00:00:00+05:30,179.33,183.67,177.4,181.83,11041959
2018-07-10 00:00:00+05:30,182.33,182.6,178.17,178.87,4321093
2018-07-11 00:00:00+05:30,179.27,180.97,171.77,176.77,9603927
2018-07-12 00:00:00+05:30,187.33,188.0,178.73,179.53,17274120
2018-07-13 00:00:00+05:30,181.33,182.47,175.7,180.13,10888281
2018-07-16 00:00:00+05:30,179.67,181.33,175.5,176.23,5162479
2018-07-17 00:00:00+05:30,180.67,189.0,180.0,187.53,21253666
2018-07-18 00:00:00+05:30,188.6,191.9,188.33,190.73,10193197
2018-07-19 00:00:00+05:30,189.27,190.67,182.87,189.6,8377131
2018-07-20 00:00:00+05:30,186.07,187.57,182.9,183.6,6086502
2018-07-23 00:00:00+05:30,186.0,188.2,184.0,185.93,5656186
2018-07-24 00:00:00+05:30,186.13,191.7,185.93,190.73,5362539
2018-07-25 00:00:00+05:30,188.07,189.67,185.83,187.97,6551155
2018-07-26 00:00:00+05:30,186.0,188.4,184.0,184.53,6559930
2018-07-27 00:00:00+05:30,185.0,190.23,183.47,189.07,4589956
2018-07-30 00:00:00+05:30,189.5,195.73,188.87,191.73,8074785
2018-07-31 00:00:00+05:30,188.67,191.33,186.9,189.87,4519140
2018-08-01 00:00:00+05:30,192.6,197.67,182.07,191.57,12408423
2018-08-02 00:00:00+05:30,194.67,197.0,193.53,195.0,6037162
2018-08-03 00:00:00+05:30,192.2,196.0,192.2,195.07,4798888
2018-08-06 00:00:00+05:30,195.07,197.23,193.67,196.07,3782385
2018-08-07 00:00:00+05:30,195.33,197.47,191.53,192.4,3380782
2018-08-08 00:00:00+05:30,193.3,194.13,187.43,188.47,6372187
2018-08-09 00:00:00+05:30,194.77,195.27,185.0,186.97,12258499
2018-08-10 00:00:00+05:30,187.33,193.87,184.47,190.77,11994091
2018-08-13 00:00:00+05:30,189.97,189.97,181.1,182.07,9502848
2018-08-14 00:00:00+05:30,183.27,183.27,178.23,180.03,5761360
2018-08-16 00:00:00+05:30,182.53,182.57,176.83,177.43,7645074
2018-08-17 00:00:00+05:30,178.8,180.5,177.1,178.37,4201623
2018-08-20 00:00:00+05:30,179.77,182.53,179.37,180.0,5338126
2018-08-21 00:00:00+05:30,180.17,180.67,177.33,177.9,4311298
2018-08-23 00:00:00+05:30,177.13,177.33,172.2,173.07,7576345
2018-08-24 00:00:00+05:30,173.43,174.67,171.4,172.67,5371719
2018-08-27 00:00:00+05:30,173.33,175.33,173.2,174.7,2981575
2018-08-28 00:00:00+05:30,175.13,176.13,170.57,171.27,6819256
2018-08-29 00:00:00+05:30,171.47,173.33,170.57,171.8,5038705
2018-08-30 00:00:00+05:30,171.8,171.8,167.73,168.7,16280656
2018-08-31 00:00:00+05:30,168.53,170.73,167.13,169.2,8522706
2018-09-03 00:00:00+05:30,170.6,173.83,169.4,171.67,5848629
2018-09-04 00:00:00+05:30,170.67,170.67,166.27,166.83,7067103
2018-09-05 00:00:00+05:30,166.67,167.93,163.1,165.2,7901058
2018-09-06 00:00:00+05:30,167.27,168.57,165.1,167.9,5770747
2018-09-07 00:00:00+05:30,168.67,170.4,167.4,168.73,4525135
2018-09-10 00:00:00+05:30,169.33,169.33,164.0,164.43,5440873
2018-09-11 00:00:00+05:30,164.4,168.93,162.17,162.47,9412258
2018-09-12 00:00:00+05:30,161.97,162.0,155.63,160.27,12764497
2018-09-14 00:00:00+05:30,163.33,169.6,163.0,168.43,10546108
2018-09-17 00:00:00+05:30,166.73,173.63,165.33,172.23,11163420
2018-09-18 00:00:00+05:30,172.33,174.43,165.4,166.27,7501693
2018-09-19 00:00:00+05:30,166.8,170.33,165.03,167.57,4816093
2018-09-21 00:00:00+05:30,172.4,173.63,164.67,172.0,15484090
2018-09-24 00:00:00+05:30,170.67,176.23,163.63,165.43,9855714
2018-09-25 00:00:00+05:30,163.93,163.93,159.33,162.1,10352434
2018-09-26 00:00:00+05:30,165.33,165.93,161.03,165.33,10340719
2018-09-27 00:00:00+05:30,165.77,168.67,162.53,166.23,7918891
2018-09-28 00:00:00+05:30,167.33,170.17,166.23,167.63,8379658
2018-10-01 00:00:00+05:30,166.7,167.33,158.2,162.1,6562179
2018-10-03 00:00:00+05:30,158.67,171.3,158.53,167.43,10579293
2018-10-04 00:00:00+05:30,166.0,169.53,127.33,144.77,24850749
2018-10-05 00:00:00+05:30,130.3,130.3,108.67,110.07,130352622
2018-10-08 00:00:00+05:30,112.5,120.63,110.1,119.47,59404021
2018-10-09 00:00:00+05:30,120.6,121.33,113.33,114.17,16949295
2018-10-10 00:00:00+05:30,115.1,123.33,114.33,120.47,19559370
2018-10-11 00:00:00+05:30,118.23,144.27,117.43,138.63,67229434
2018-10-12 00:00:00+05:30,143.67,148.0,142.2,145.6,28290210
2018-10-15 00:00:00+05:30,145.67,145.87,136.3,141.67,27947562
2018-10-16 00:00:00+05:30,142.93,144.6,138.7,141.43,18399091
2018-10-17 00:00:00+05:30,142.0,142.97,136.33,138.2,11526022
2018-10-19 00:00:00+05:30,141.33,144.67,139.07,143.93,18510616
2018-10-22 00:00:00+05:30,144.4,145.63,139.83,140.4,7284954
2018-10-23 00:00:00+05:30,139.33,146.83,134.33,145.27,14995218
2018-10-24 00:00:00+05:30,151.27,158.27,148.1,155.17,22368054
2018-10-25 00:00:00+05:30,153.0,157.47,149.47,150.93,13507339
2018-10-26 00:00:00+05:30,150.87,151.83,145.4,150.2,9471867
2018-10-29 00:00:00+05:30,149.33,155.27,146.8,153.67,7790695
2018-10-30 00:00:00+05:30,151.5,152.33,145.57,146.63,8743528
2018-10-31 00:00:00+05:30,146.67,150.1,146.0,149.43,7532019
2018-11-01 00:00:00+05:30,150.93,156.5,150.93,153.0,8818882
2018-11-02 00:00:00+05:30,158.0,163.27,153.5,160.13,22006969
2018-11-05 00:00:00+05:30,161.27,161.27,153.33,155.47,7045065
2018-11-06 00:00:00+05:30,155.93,156.67,149.13,150.87,8752719
2018-11-07 00:00:00+05:30,152.6,154.0,152.0,153.07,1130545
2018-11-09 00:00:00+05:30,156.0,161.33,155.33,160.87,14898561
2018-11-12 00:00:00+05:30,159.17,159.23,148.77,150.03,17472007
2018-11-13 00:00:00+05:30,153.07,157.33,153.07,155.2,17027049
2018-11-14 00:00:00+05:30,161.33,174.43,160.83,162.47,44661004
2018-11-15 00:00:00+05:30,162.67,167.27,159.07,166.07,13656658
2018-11-16 00:00:00+05:30,164.2,167.77,159.4,162.43,8457222
2018-11-19 00:00:00+05:30,162.0,164.63,157.77,162.87,8321656
2018-11-20 00:00:00+05:30,164.0,168.33,161.07,162.17,10731063
2018-11-21 00:00:00+05:30,170.5,174.53,163.37,163.97,20241663
2018-11-22 00:00:00+05:30,164.67,165.33,159.67,161.9,10496119
2018-11-26 00:00:00+05:30,167.73,169.1,163.13,164.23,14614815
2018-11-27 00:00:00+05:30,163.0,165.87,160.67,163.93,10796595
2018-11-28 00:00:00+05:30,164.33,164.9,157.2,159.27,7438171
2018-11-29 00:00:00+05:30,162.67,164.33,159.43,161.93,10358901
2018-11-30 00:00:00+05:30,161.97,164.2,153.53,154.9,14901348
2018-12-03 00:00:00+05:30,153.2,153.2,148.53,149.93,12350601
2018-12-04 00:00:00+05:30,148.93,153.8,148.07,152.13,11946294
2018-12-05 00:00:00+05:30,152.1,154.67,150.1,151.1,7456636
2018-12-06 00:00:00+05:30,149.33,152.17,148.37,150.23,7745605
2018-12-07 00:00:00+05:30,153.13,153.53,149.0,149.87,5694847
2018-12-10 00:00:00+05:30,144.0,152.37,144.0,151.13,10046370
2018-12-11 00:00:00+05:30,150.53,150.93,144.8,146.73,12147390
2018-12-12 00:00:00+05:30,147.33,147.53,144.4,146.2,12060147
2018-12-13 00:00:00+05:30,147.6,151.33,147.33,150.1,8912736
2018-12-14 00:00:00+05:30,149.33,153.0,148.07,151.53,9568213
2018-12-17 00:00:00+05:30,153.2,153.2,150.13,152.3,8151825
2018-12-18 00:00:00+05:30,154.13,154.83,152.07,154.23,9990775
2018-12-19 00:00:00+05:30,157.17,159.2,155.6,157.43,13054413
2018-12-20 00:00:00+05:30,156.2,164.0,155.33,162.97,11790705
2018-12-21 00:00:00+05:30,164.07,168.03,161.67,166.7,19812694
2018-12-24 00:00:00+05:30,167.33,169.23,163.17,164.2,9259012
2018-12-26 00:00:00+05:30,166.87,167.23,163.2,165.9,11374261
2018-12-27 00:00:00+05:30,164.0,169.17,161.03,168.47,27766980
2018-12-28 00:00:00+05:30,169.0,171.33,167.33,170.6,9323527
2018-12-31 00:00:00+05:30,170.6,172.4,168.27,168.83,6372771
2019-01-01 00:00:00+05:30,169.07,172.23,168.33,171.13,4244490
2019-01-02 00:00:00+05:30,170.57,172.33,163.13,171.03,16000410
2019-01-03 00:00:00+05:30,168.87,169.27,164.8,165.53,10528918
2019-01-04 00:00:00+05:30,164.67,167.5,164.23,165.47,8365015
2019-01-07 00:00:00+05:30,166.0,167.93,165.43,166.53,3411024
2019-01-08 00:00:00+05:30,166.33,166.47,164.27,165.3,2991007
2019-01-09 00:00:00+05:30,164.0,165.1,158.67,159.33,8416927
2019-01-10 00:00:00+05:30,157.7,158.63,154.13,155.27,11426053
2019-01-11 00:00:00+05:30,154.67,156.87,154.2,155.67,4784341
2019-01-14 00:00:00+05:30,156.83,157.53,155.07,155.97,3963127
2019-01-15 00:00:00+05:30,156.6,161.97,156.2,161.03,7341045
2019-01-16 00:00:00+05:30,161.03,163.1,159.47,160.4,4081804
2019-01-17 00:00:00+05:30,160.6,164.27,160.5,162.8,6359596
2019-01-18 00:00:00+05:30,162.57,163.57,158.83,159.67,4035306
2019-01-21 00:00:00+05:30,157.8,161.27,157.8,159.1,3276193
2019-01-22 00:00:00+05:30,159.27,162.3,158.9,161.33,4818715
2019-01-23 00:00:00+05:30,161.5,162.93,159.53,161.23,4988806
2019-01-24 00:00:00+05:30,161.33,163.67,160.83,162.07,6980734
2019-01-25 00:00:00+05:30,162.43,165.53,160.33,161.2,6352378
2019-01-28 00:00:00+05:30,161.53,162.3,158.9,159.47,3502437
2019-01-29 00:00:00+05:30,160.0,161.67,156.07,156.87,6260848
2019-01-30 00:00:00+05:30,156.4,156.93,151.23,154.1,6427114
2019-01-31 00:00:00+05:30,153.7,158.17,152.7,155.67,8868439
2019-02-01 00:00:00+05:30,156.47,157.7,153.07,156.0,4139160
2019-02-04 00:00:00+05:30,154.33,154.93,149.8,151.0,9656205
2019-02-05 00:00:00+05:30,150.1,152.1,149.37,150.1,7596426
2019-02-06 00:00:00+05:30,151.03,156.6,151.0,155.93,14794429
2019-02-07 00:00:00+05:30,155.6,158.33,154.67,157.9,4257198
2019-02-08 00:00:00+05:30,158.0,159.53,153.03,153.57,3502908
2019-02-11 00:00:00+05:30,153.53,155.67,149.87,154.4,5404722
2019-02-12 00:00:00+05:30,154.17,158.63,154.0,156.03,5930220
2019-02-13 00:00:00+05:30,156.0,156.23,149.67,150.07,7217736
2019-02-14 00:00:00+05:30,144.8,148.4,142.23,147.13,12977037
2019-02-15 00:00:00+05:30,146.4,147.4,143.33,144.23,5842803
2019-02-18 00:00:00+05:30,144.0,144.23,140.8,141.77,4062705
2019-02-19 00:00:00+05:30,141.03,145.13,141.03,143.2,3560128
2019-02-20 00:00:00+05:30,143.57,147.93,143.43,147.3,5745477
2019-02-21 00:00:00+05:30,146.0,149.33,145.27,148.63,5580009
2019-02-22 00:00:00+05:30,149.17,155.2,148.87,153.97,8910169
2019-02-25 00:00:00+05:30,154.43,154.67,150.67,152.1,5276211
2019-02-26 00:00:00+05:30,149.93,152.7,147.6,150.57,10103020
2019-02-27 00:00:00+05:30,151.4,152.9,147.07,148.43,4740193
2019-02-28 00:00:00+05:30,149.87,150.43,147.7,148.9,5994888
2019-03-01 00:00:00+05:30,149.67,156.0,148.9,155.13,5823567
2019-03-05 00:00:00+05:30,154.9,165.47,154.23,164.5,12952434
2019-03-06 00:00:00+05:30,165.6,170.23,162.23,164.3,11524003
2019-03-07 00:00:00+05:30,165.4,169.13,164.33,166.0,14020257
2019-03-08 00:00:00+05:30,165.8,167.6,163.8,166.57,5670390
2019-03-11 00:00:00+05:30,167.3,177.87,166.83,175.6,23023413
2019-03-12 00:00:00+05:30,177.27,181.73,173.73,174.57,17477982
2019-03-13 00:00:00+05:30,174.67,179.33,170.67,178.57,12168292
2019-03-14 00:00:00+05:30,177.3,179.33,175.37,178.1,5798064
2019-03-15 00:00:00+05:30,178.73,186.67,176.93,184.63,17861112
2019-03-18 00:00:00+05:30,185.57,191.83,184.37,191.2,15983535
2019-03-19 00:00:00+05:30,192.0,194.67,190.5,193.83,10375561
2019-03-20 00:00:00+05:30,192.67,193.33,182.67,183.4,14153553
2019-03-22 00:00:00+05:30,183.33,185.47,177.7,178.9,11442915
2019-03-25 00:00:00+05:30,178.0,183.73,177.5,182.83,7416618
2019-03-26 00:00:00+05:30,183.37,186.67,181.5,184.7,8084908
2019-03-27 00:00:00+05:30,184.0,184.67,178.93,179.47,8807431
2019-03-28 00:00:00+05:30,179.43,186.3,179.43,181.63,32615011
2019-03-29 00:00:00+05:30,183.4,190.67,183.2,189.23,13428513
2019-04-01 00:00:00+05:30,189.33,192.6,186.4,189.2,6886183
2019-04-02 00:00:00+05:30,187.0,189.93,181.8,182.63,11783656
2019-04-03 00:00:00+05:30,183.33,183.63,173.13,173.67,16855930
2019-04-04 00:00:00+05:30,174.57,175.77,171.0,172.5,8223354
2019-04-05 00:00:00+05:30,173.43,176.9,172.83,175.9,5847777
2019-04-08 00:00:00+05:30,173.6,174.3,167.67,168.53,7989189
2019-04-09 00:00:00+05:30,165.67,172.0,164.7,170.73,10264806
2019-04-10 00:00:00+05:30,170.73,173.2,169.87,170.63,5705908
2019-04-11 00:00:00+05:30,170.67,174.57,170.1,173.63,6775113
2019-04-12 00:00:00+05:30,173.33,176.23,172.33,173.43,4849668
2019-04-15 00:00:00+05:30,173.43,174.6,170.7,171.4,6885651
2019-04-16 00:00:00+05:30,173.4,176.93,173.4,176.43,8830425
2019-04-18 00:00:00+05:30,176.67,179.67,172.1,177.73,14095719
2019-04-22 00:00:00+05:30,172.07,172.57,165.33,166.6,12259726
2019-04-23 00:00:00+05:30,166.67,170.83,164.0,169.9,12861859
2019-04-24 00:00:00+05:30,170.7,180.63,170.7,179.2,13662270
2019-04-25 00:00:00+05:30,179.67,186.0,177.4,183.37,22885758
2019-04-26 00:00:00+05:30,183.33,189.33,183.33,188.6,10329690
2019-04-30 00:00:00+05:30,189.87,196.57,186.23,194.17,14710330
2019-05-02 00:00:00+05:30,194.5,195.27,186.77,187.97,10031026
2019-05-03 00:00:00+05:30,191.33,193.63,187.8,190.7,10044760
2019-05-06 00:00:00+05:30,189.7,195.8,189.03,194.83,11136591
2019-05-07 00:00:00+05:30,193.37,194.0,185.0,190.0,11097460
2019-05-08 00:00:00+05:30,191.53,191.53,187.07,187.93,5163973
2019-05-09 00:00:00+05:30,188.6,189.13,183.67,184.47,5880249
2019-05-10 00:00:00+05:30,183.33,183.33,179.87,181.43,7420695
2019-05-13 00:00:00+05:30,179.33,184.5,174.17,175.17,8553072
2019-05-14 00:00:00+05:30,174.67,180.03,173.33,178.8,6554661
2019-05-15 00:00:00+05:30,179.67,182.6,177.3,178.27,7131115
2019-05-16 00:00:00+05:30,175.63,190.0,174.67,187.4,10040497
2019-05-17 00:00:00+05:30,186.3,186.3,181.33,183.13,7075944
2019-05-20 00:00:00+05:30,188.67,201.23,188.33,195.67,16760509
2019-05-21 00:00:00+05:30,201.0,201.23,185.8,189.7,15865930
2019-05-22 00:00:00+05:30,190.97,197.27,190.73,192.5,9102606
2019-05-23 00:00:00+05:30,195.93,204.0,191.8,193.1,18264822
2019-05-24 00:00:00+05:30,199.3,205.27,198.07,201.5,21625293
2019-05-27 00:00:00+05:30,200.67,211.93,199.67,211.03,11829400
2019-05-28 00:00:00+05:30,211.03,215.67,208.97,212.17,15980523
2019-05-29 00:00:00+05:30,212.6,212.67,205.73,209.03,9340651
2019-05-30 00:00:00+05:30,210.0,212.33,208.83,211.77,9659992
2019-05-31 00:00:00+05:30,216.67,221.33,212.37,216.17,21190042
2019-06-03 00:00:00+05:30,222.2,222.33,214.2,216.5,14519544
2019-06-04 00:00:00+05:30,216.37,216.5,211.33,211.9,10148107
2019-06-06 00:00:00+05:30,211.67,213.53,202.5,205.4,11944971
2019-06-07 00:00:00+05:30,204.07,208.0,202.07,207.6,5576610
2019-06-10 00:00:00+05:30,205.73,207.4,199.53,203.73,6613887
2019-06-11 00:00:00+05:30,203.33,206.9,201.13,205.77,6680778
2019-06-12 00:00:00+05:30,204.67,207.33,200.43,201.43,5703693
2019-06-13 00:00:00+05:30,204.3,207.33,202.67,206.43,12093064
2019-06-14 00:00:00+05:30,205.5,207.07,203.53,204.3,4857118
2019-06-17 00:00:00+05:30,203.8,203.8,195.43,196.37,5349984
2019-06-18 00:00:00+05:30,197.83,202.4,196.77,201.13,5175088
2019-06-19 00:00:00+05:30,201.23,202.0,194.13,197.17,5931544
2019-06-20 00:00:00+05:30,198.0,199.73,192.83,195.1,8094754
2019-06-21 00:00:00+05:30,190.67,196.97,190.2,194.6,7731385
2019-06-24 00:00:00+05:30,193.17,194.6,188.9,192.4,5390308
2019-06-25 00:00:00+05:30,192.5,198.23,192.1,197.0,8047695
2019-06-26 00:00:00+05:30,194.53,195.87,190.43,191.9,6808510
2019-06-27 00:00:00+05:30,192.67,195.0,191.6,192.87,7799685
2019-06-28 00:00:00+05:30,192.6,194.87,191.37,193.37,3838554
2019-07-01 00:00:00+05:30,193.0,194.33,186.67,188.37,8991894
2019-07-02 00:00:00+05:30,190.0,191.33,188.57,190.57,4678719
2019-07-03 00:00:00+05:30,193.33,195.8,191.03,191.97,7306239
2019-07-04 00:00:00+05:30,193.0,193.1,191.1,192.43,3453270
2019-07-05 00:00:00+05:30,192.5,195.93,181.57,191.67,18678867
2019-07-08 00:00:00+05:30,189.33,190.0,184.2,188.73,6217225
2019-07-09 00:00:00+05:30,187.6,193.2,187.4,191.93,5960046
2019-07-10 00:00:00+05:30,191.27,194.83,187.83,191.13,9040621
2019-07-11 00:00:00+05:30,189.27,193.3,188.9,191.07,7273138
2019-07-12 00:00:00+05:30,191.6,192.8,187.17,187.67,4949736
2019-07-15 00:00:00+05:30,188.0,192.23,187.03,190.83,7360104
2019-07-16 00:00:00+05:30,192.0,197.97,191.4,197.13,5432784
2019-07-17 00:00:00+05:30,199.2,200.83,196.53,198.0,7881834
2019-07-18 00:00:00+05:30,198.0,198.87,193.77,194.13,4113264
2019-07-19 00:00:00+05:30,195.53,196.4,192.7,194.83,5520307
2019-07-22 00:00:00+05:30,193.23,196.5,190.2,195.8,5029819
2019-07-23 00:00:00+05:30,195.53,195.97,192.67,193.53,4754763
2019-07-24 00:00:00+05:30,192.2,192.57,184.43,185.73,7813381
2019-07-25 00:00:00+05:30,185.87,186.93,176.8,177.83,6477349
2019-07-26 00:00:00+05:30,177.2,184.4,171.83,183.57,8839873
2019-07-29 00:00:00+05:30,183.4,184.0,177.6,179.27,3270168
2019-07-30 00:00:00+05:30,180.43,180.43,171.47,172.2,4361361
2019-07-31 00:00:00+05:30,170.93,178.3,166.63,177.37,7784860
2019-08-01 00:00:00+05:30,176.33,177.33,172.13,175.6,5839657
2019-08-02 00:00:00+05:30,176.63,177.67,168.37,168.93,11953161
2019-08-05 00:00:00+05:30,168.0,173.0,163.13,170.33,8268762
2019-08-06 00:00:00+05:30,170.0,172.67,167.53,169.03,4342462
2019-08-07 00:00:00+05:30,170.63,170.63,162.13,162.97,8315452
2019-08-08 00:00:00+05:30,164.1,167.8,160.87,166.93,6621829
2019-08-09 00:00:00+05:30,167.67,169.5,164.4,164.73,4903603
2019-08-13 00:00:00+05:30,165.33,167.8,159.4,160.47,4613533
2019-08-14 00:00:00+05:30,160.0,166.17,159.73,164.4,3979722
2019-08-16 00:00:00+05:30,163.93,166.93,161.1,163.67,5293674
2019-08-19 00:00:00+05:30,164.07,165.33,160.87,163.13,3159973
2019-08-20 00:00:00+05:30,162.33,163.07,159.5,161.07,4329838
2019-08-21 00:00:00+05:30,160.67,162.5,158.4,159.17,5176215
2019-08-22 00:00:00+05:30,158.7,159.27,150.0,150.97,4596766
2019-08-23 00:00:00+05:30,151.33,161.67,149.17,158.87,8609067
2019-08-26 00:00:00+05:30,160.13,169.33,156.37,168.3,8360847
2019-08-27 00:00:00+05:30,167.67,174.47,167.67,173.17,9502951
2019-08-28 00:00:00+05:30,172.1,179.07,170.17,176.7,7389754
2019-08-29 00:00:00+05:30,175.47,179.47,173.67,177.27,6842139
2019-08-30 00:00:00+05:30,176.67,176.67,168.37,173.43,9071853
2019-09-03 00:00:00+05:30,171.57,175.03,167.57,171.2,6740848
2019-09-04 00:00:00+05:30,170.33,172.3,166.1,171.47,6802825
2019-09-05 00:00:00+05:30,170.0,183.33,169.87,176.7,13403773
2019-09-06 00:00:00+05:30,176.2,177.33,172.17,174.6,7604857
2019-09-09 00:00:00+05:30,172.73,176.0,172.27,174.63,4265446
2019-09-11 00:00:00+05:30,173.7,178.27,173.07,177.33,6909231
2019-09-12 00:00:00+05:30,178.23,183.0,174.13,175.1,8804131
2019-09-13 00:00:00+05:30,176.43,181.93,173.0,180.77,11442123
2019-09-16 00:00:00+05:30,173.33,173.33,166.93,170.43,18714066
2019-09-17 00:00:00+05:30,170.0,170.43,162.83,163.93,20737462
2019-09-18 00:00:00+05:30,168.37,171.53,165.83,170.03,15793977
2019-09-19 00:00:00+05:30,171.33,172.63,165.73,167.33,7921585
2019-09-20 00:00:00+05:30,166.7,190.6,164.83,184.83,25899132
2019-09-23 00:00:00+05:30,185.33,195.6,184.8,192.3,13362442
2019-09-24 00:00:00+05:30,192.3,198.83,186.73,188.57,19219695
2019-09-25 00:00:00+05:30,189.63,192.5,185.37,190.27,12710670
2019-09-26 00:00:00+05:30,193.2,204.57,192.47,203.1,23365746
2019-09-27 00:00:00+05:30,203.1,208.47,201.33,203.9,16804074
2019-09-30 00:00:00+05:30,203.8,207.27,197.73,201.13,11696661
2019-10-01 00:00:00+05:30,206.67,214.73,200.2,206.3,24213792
2019-10-03 00:00:00+05:30,207.0,218.3,207.0,215.3,19163079
2019-10-04 00:00:00+05:30,218.5,219.17,208.8,213.8,11214019
2019-10-07 00:00:00+05:30,210.8,211.9,204.2,204.9,9854494
2019-10-09 00:00:00+05:30,205.3,213.2,201.4,209.67,9148536
2019-10-10 00:00:00+05:30,209.33,211.03,205.07,207.43,5330994
2019-10-11 00:00:00+05:30,206.87,209.3,201.4,205.63,7737462
2019-10-14 00:00:00+05:30,206.63,213.8,205.6,207.0,8198538
2019-10-15 00:00:00+05:30,208.3,210.1,206.43,207.37,5734605
2019-10-16 00:00:00+05:30,210.33,214.6,206.17,208.77,10108263
2019-10-17 00:00:00+05:30,209.97,210.0,204.37,209.3,7324009
2019-10-18 00:00:00+05:30,208.67,214.9,207.1,209.23,10055706
2019-10-22 00:00:00+05:30,211.3,213.63,208.2,211.27,9257709
2019-10-23 00:00:00+05:30,210.17,212.3,205.33,205.8,6371035
2019-10-24 00:00:00+05:30,204.0,206.33,198.77,199.4,8660809
2019-10-25 00:00:00+05:30,198.8,204.27,198.77,200.7,6348568
2019-10-27 00:00:00+05:30,201.33,202.43,201.33,201.8,265990
2019-10-29 00:00:00+05:30,206.2,209.1,203.8,206.7,8958235
2019-10-30 00:00:00+05:30,208.53,215.33,207.33,212.27,10757443
2019-10-31 00:00:00+05:30,214.0,218.67,213.4,216.83,12040351
2019-11-01 00:00:00+05:30,214.77,218.3,209.33,213.97,8655453
2019-11-04 00:00:00+05:30,212.47,217.13,212.07,212.73,4469505
2019-11-05 00:00:00+05:30,211.67,215.3,207.43,208.33,5556414
2019-11-06 00:00:00+05:30,207.33,211.0,206.87,209.3,3892542
2019-11-07 00:00:00+05:30,211.3,211.3,204.4,206.97,8840302
2019-11-08 00:00:00+05:30,206.67,207.6,194.6,195.97,12723457
2019-11-11 00:00:00+05:30,195.6,200.57,194.8,199.13,4924137
2019-11-13 00:00:00+05:30,197.93,199.67,192.0,194.2,8766861
2019-11-14 00:00:00+05:30,194.17,194.7,189.53,192.37,8425692
2019-11-15 00:00:00+05:30,191.83,195.3,190.9,193.47,3859557
2019-11-18 00:00:00+05:30,195.93,197.63,191.4,193.43,10282351
2019-11-19 00:00:00+05:30,194.27,195.23,192.1,193.47,3054991
2019-11-20 00:00:00+05:30,197.37,201.67,195.53,197.27,11619442
2019-11-21 00:00:00+05:30,201.33,201.33,189.9,191.2,11589952
2019-11-22 00:00:00+05:30,189.97,194.4,189.2,193.57,5298390
2019-11-25 00:00:00+05:30,192.67,198.2,191.6,197.07,5231470
2019-11-26 00:00:00+05:30,197.33,198.73,191.13,192.93,8827231
2019-11-27 00:00:00+05:30,191.33,194.0,190.07,191.0,4545375
2019-11-28 00:00:00+05:30,191.87,195.63,189.57,193.8,6019266
2019-11-29 00:00:00+05:30,194.6,195.0,187.03,188.4,8538685
2019-12-02 00:00:00+05:30,188.4,189.3,185.53,187.87,4184329
2019-12-03 00:00:00+05:30,188.63,189.27,181.1,182.93,5032453
2019-12-04 00:00:00+05:30,181.03,181.67,177.67,179.87,8378619
2019-12-05 00:00:00+05:30,179.0,181.67,176.67,177.27,5942869
2019-12-06 00:00:00+05:30,176.67,179.33,174.67,175.33,5705016
2019-12-09 00:00:00+05:30,175.33,179.97,174.83,179.27,5304996
2019-12-10 00:00:00+05:30,178.93,179.83,173.33,173.63,4492098
2019-12-11 00:00:00+05:30,173.63,177.6,172.17,175.1,7767145
2019-12-12 00:00:00+05:30,176.83,178.73,176.0,177.47,4329516
2019-12-13 00:00:00+05:30,177.47,179.2,175.6,178.27,3534352
2019-12-16 00:00:00+05:30,178.13,179.0,175.5,177.87,5570427
2019-12-17 00:00:00+05:30,177.8,179.1,175.73,176.6,3543586
2019-12-18 00:00:00+05:30,176.03,177.0,174.8,175.87,4299333
2019-12-19 00:00:00+05:30,175.33,177.3,174.9,176.57,2730364
2019-12-20 00:00:00+05:30,176.6,178.47,175.17,175.93,3090088
2019-12-23 00:00:00+05:30,176.23,179.1,176.13,177.3,3373650
2019-12-24 00:00:00+05:30,176.67,177.63,174.0,174.97,2983384
2019-12-26 00:00:00+05:30,174.0,176.43,171.9,172.4,4153261
2019-12-27 00:00:00+05:30,172.67,178.53,172.27,177.73,4623514
2019-12-30 00:00:00+05:30,177.3,178.6,175.37,178.13,2835807
2019-12-31 00:00:00+05:30,177.9,180.4,176.0,176.33,4013211
2020-01-01 00:00:00+05:30,176.6,177.7,175.73,177.0,1147566
2020-01-02 00:00:00+05:30,177.67,180.43,176.37,179.67,3504331
2020-01-03 00:00:00+05:30,176.6,177.43,174.33,175.8,6165123
2020-01-06 00:00:00+05:30,170.8,173.97,162.63,163.1,18107158
2020-01-07 00:00:00+05:30,166.67,169.13,159.53,161.43,18111280
2020-01-08 00:00:00+05:30,156.67,162.23,156.67,161.13,12440160
2020-01-09 00:00:00+05:30,166.67,169.33,164.33,168.63,11913597
2020-01-10 00:00:00+05:30,169.67,170.33,166.87,168.9,8036503
2020-01-13 00:00:00+05:30,168.8,171.27,167.9,168.23,4269496
2020-01-14 00:00:00+05:30,170.0,171.87,169.07,169.67,4279615
2020-01-15 00:00:00+05:30,169.67,171.63,168.4,170.63,3258400
2020-01-16 00:00:00+05:30,170.83,171.57,166.27,166.8,5985481
2020-01-17 00:00:00+05:30,165.33,168.47,164.57,166.43,5857824
2020-01-20 00:00:00+05:30,166.67,169.67,164.7,165.83,5132638
2020-01-21 00:00:00+05:30,165.9,167.9,165.33,166.3,3393972
2020-01-22 00:00:00+05:30,167.57,168.2,162.6,163.43,4020241
2020-01-23 00:00:00+05:30,165.33,167.5,162.87,164.53,7076526
2020-01-24 00:00:00+05:30,165.6,166.27,162.67,163.2,5724832
2020-01-27 00:00:00+05:30,163.67,164.4,160.0,160.67,5236429
2020-01-28 00:00:00+05:30,161.33,163.47,160.8,161.57,5034670
2020-01-29 00:00:00+05:30,162.0,165.5,160.9,163.8,5654596
2020-01-30 00:00:00+05:30,164.0,164.63,158.8,160.07,5809462
2020-01-31 00:00:00+05:30,161.33,161.43,154.23,154.97,6893380
2020-02-01 00:00:00+05:30,154.2,157.9,147.87,149.8,4876392
2020-02-03 00:00:00+05:30,150.0,153.67,147.73,148.93,6474361
2020-02-04 00:00:00+05:30,150.87,155.77,150.73,154.47,7520353
2020-02-05 00:00:00+05:30,155.4,159.43,155.0,157.97,7483666
2020-02-06 00:00:00+05:30,156.03,163.33,155.33,162.27,9884338
2020-02-07 00:00:00+05:30,161.33,162.27,157.73,160.7,5959459
2020-02-10 00:00:00+05:30,160.67,162.7,158.53,159.23,5068299
2020-02-11 00:00:00+05:30,160.8,162.3,159.7,160.0,3942301
2020-02-12 00:00:00+05:30,160.4,161.4,155.23,155.7,3647616
2020-02-13 00:00:00+05:30,155.8,157.47,154.87,156.7,2517714
2020-02-14 00:00:00+05:30,156.93,158.9,155.43,155.9,3493005
2020-02-17 00:00:00+05:30,156.0,156.47,152.77,153.33,1923714
2020-02-18 00:00:00+05:30,152.47,153.47,148.17,149.97,8068624
2020-02-19 00:00:00+05:30,150.67,151.33,149.0,150.97,4187377
2020-02-20 00:00:00+05:30,149.67,152.0,148.0,148.27,7364107
2020-02-24 00:00:00+05:30,148.13,148.4,142.6,144.13,5897107
2020-02-25 00:00:00+05:30,144.67,145.57,138.53,140.7,5436640
2020-02-26 00:00:00+05:30,140.67,140.87,138.1,139.23,7603815
2020-02-27 00:00:00+05:30,139.33,141.13,135.43,136.27,7606249
2020-02-28 00:00:00+05:30,135.3,135.33,129.67,131.7,10237215
2020-03-02 00:00:00+05:30,133.8,136.17,128.7,129.97,5456683
2020-03-03 00:00:00+05:30,130.7,138.57,130.67,137.03,9291829
2020-03-04 00:00:00+05:30,138.0,138.6,134.17,137.4,6201603
2020-03-05 00:00:00+05:30,137.97,140.53,135.4,135.8,6674194
2020-03-06 00:00:00+05:30,132.0,136.07,127.4,134.1,11729649
2020-03-09 00:00:00+05:30,137.43,151.23,136.4,141.73,37047214
2020-03-11 00:00:00+05:30,138.67,142.97,135.8,140.7,12577473
2020-03-12 00:00:00+05:30,136.43,136.43,120.2,122.8,17811471
2020-03-13 00:00:00+05:30,119.6,134.6,100.0,131.73,15946342
2020-03-16 00:00:00+05:30,127.9,143.67,122.67,136.53,21634081
2020-03-17 00:00:00+05:30,137.33,147.93,133.5,144.7,17854138
2020-03-18 00:00:00+05:30,146.0,148.1,134.67,136.87,7992574
2020-03-19 00:00:00+05:30,128.73,135.0,120.0,126.73,13485673
2020-03-20 00:00:00+05:30,130.27,141.63,126.4,139.0,11804115
2020-03-23 00:00:00+05:30,130.47,131.93,118.4,122.53,8431885
2020-03-24 00:00:00+05:30,127.17,129.33,119.17,123.03,8870457
2020-03-25 00:00:00+05:30,120.0,124.37,116.67,118.27,10087791
2020-03-26 00:00:00+05:30,119.33,122.6,116.67,118.2,7822225
2020-03-27 00:00:00+05:30,119.43,122.33,111.7,113.5,10149777
2020-03-30 00:00:00+05:30,113.4,116.27,109.53,111.93,6589999
2020-03-31 00:00:00+05:30,114.0,128.0,113.3,126.73,21409231
2020-04-01 00:00:00+05:30,126.73,130.27,120.57,122.67,10930807
2020-04-03 00:00:00+05:30,122.67,128.53,117.03,122.8,14263633
2020-04-07 00:00:00+05:30,128.67,137.27,123.5,133.4,15442419
2020-04-08 00:00:00+05:30,133.27,136.47,130.3,133.0,8858068
2020-04-09 00:00:00+05:30,134.67,141.2,131.6,138.57,14771767
2020-04-13 00:00:00+05:30,139.33,141.13,132.97,136.97,7402273
2020-04-15 00:00:00+05:30,139.33,146.67,137.2,138.97,11229849
2020-04-16 00:00:00+05:30,140.53,145.47,138.87,142.57,7310887
2020-04-17 00:00:00+05:30,146.6,146.6,142.03,145.13,5837652
2020-04-20 00:00:00+05:30,147.2,152.33,145.5,151.6,8411448
2020-04-21 00:00:00+05:30,151.3,151.63,143.0,143.9,10367626
2020-04-22 00:00:00+05:30,144.63,145.0,137.63,141.8,7210122
2020-04-23 00:00:00+05:30,141.8,145.57,138.6,139.67,8211841
2020-04-24 00:00:00+05:30,139.17,139.17,133.33,134.27,5428569
2020-04-27 00:00:00+05:30,134.93,142.73,134.93,138.83,13782529
2020-04-28 00:00:00+05:30,140.17,145.33,139.2,140.6,14515863
2020-04-29 00:00:00+05:30,140.8,141.37,137.8,138.9,10054069
2020-04-30 00:00:00+05:30,140.7,149.6,137.8,146.87,15096123
2020-05-04 00:00:00+05:30,140.67,143.5,136.5,138.53,10685011
2020-05-05 00:00:00+05:30,141.33,146.67,140.23,143.07,12759390
2020-05-06 00:00:00+05:30,133.73,136.67,124.47,135.0,30269634
2020-05-07 00:00:00+05:30,134.0,136.57,132.7,133.93,11183863
2020-05-08 00:00:00+05:30,135.33,136.63,130.37,131.3,6810555
2020-05-11 00:00:00+05:30,132.0,134.13,127.87,128.43,7089096
2020-05-12 00:00:00+05:30,128.0,130.03,124.67,126.63,5846749
2020-05-13 00:00:00+05:30,130.33,131.3,126.37,128.2,9103588
2020-05-14 00:00:00+05:30,125.67,128.5,125.5,126.83,5381916
2020-05-15 00:00:00+05:30,127.33,129.73,125.3,126.07,9902236
2020-05-18 00:00:00+05:30,126.33,126.97,113.83,115.0,16944393
2020-05-19 00:00:00+05:30,117.7,120.53,113.57,114.23,12310266
2020-05-20 00:00:00+05:30,114.67,120.6,113.97,119.23,10305711
2020-05-21 00:00:00+05:30,120.0,121.27,116.73,120.5,8415127
2020-05-22 00:00:00+05:30,120.4,124.33,118.87,121.47,9395563
2020-05-26 00:00:00+05:30,122.0,123.2,118.87,119.53,6708478
2020-05-27 00:00:00+05:30,120.67,124.33,119.2,123.83,5756128
2020-05-28 00:00:00+05:30,124.63,125.87,122.47,123.9,5194267
2020-05-29 00:00:00+05:30,123.1,131.77,122.63,129.7,17141155
2020-06-01 00:00:00+05:30,130.87,133.67,129.83,130.47,9062599
2020-06-02 00:00:00+05:30,130.67,131.27,128.2,129.17,5153806
2020-06-03 00:00:00+05:30,129.87,134.5,129.33,131.37,9606099
2020-06-04 00:00:00+05:30,129.53,133.2,128.9,130.17,11643667
2020-06-05 00:00:00+05:30,131.2,136.97,130.2,136.4,13918929
2020-06-08 00:00:00+05:30,139.73,148.33,138.93,144.3,16471792
2020-06-09 00:00:00+05:30,145.53,147.9,139.33,141.1,8419072
2020-06-10 00:00:00+05:30,142.5,142.83,137.47,138.57,5927142
2020-06-11 00:00:00+05:30,139.23,145.67,132.9,136.83,11953894
2020-06-12 00:00:00+05:30,133.4,142.47,133.03,140.57,15342771
2020-06-15 00:00:00+05:30,139.23,141.4,136.23,137.8,7449757
2020-06-16 00:00:00+05:30,140.67,143.2,137.47,139.87,13147299
2020-06-17 00:00:00+05:30,136.67,145.87,136.53,142.73,26298078
2020-06-18 00:00:00+05:30,142.83,149.67,142.33,148.6,15060796
2020-06-19 00:00:00+05:30,148.33,150.6,146.07,149.1,16025751
2020-06-22 00:00:00+05:30,150.63,160.67,149.57,159.07,23937093
2020-06-23 00:00:00+05:30,159.33,161.4,155.4,158.4,11499760
2020-06-24 00:00:00+05:30,158.67,159.33,151.07,152.27,8593458
2020-06-25 00:00:00+05:30,152.3,154.6,147.23,147.9,9621262
2020-06-26 00:00:00+05:30,151.3,157.23,149.7,154.17,11161591
2020-06-29 00:00:00+05:30,151.8,153.97,147.0,150.13,9499080
2020-06-30 00:00:00+05:30,151.4,152.63,144.07,144.5,11712615
2020-07-01 00:00:00+05:30,145.47,148.8,143.0,148.23,13925935
2020-07-02 00:00:00+05:30,144.17,146.17,142.73,143.43,12956274
2020-07-03 00:00:00+05:30,145.0,145.2,142.0,143.9,5976970
2020-07-06 00:00:00+05:30,145.17,147.03,142.5,143.73,10215588
2020-07-07 00:00:00+05:30,143.93,144.17,140.47,140.77,7584907
2020-07-08 00:00:00+05:30,140.77,143.87,140.23,141.2,6735874
2020-07-09 00:00:00+05:30,141.2,142.53,136.53,136.9,11882952
2020-07-10 00:00:00+05:30,136.67,140.67,136.03,139.93,11503339
2020-07-13 00:00:00+05:30,140.03,143.3,139.47,140.53,9764722
2020-07-14 00:00:00+05:30,141.0,143.0,139.67,140.3,7984768
2020-07-15 00:00:00+05:30,142.0,142.27,134.4,135.1,7493250
2020-07-16 00:00:00+05:30,136.23,141.2,133.67,139.87,10793809
2020-07-17 00:00:00+05:30,140.33,151.47,140.07,149.33,34999146
2020-07-20 00:00:00+05:30,149.33,153.0,148.7,151.4,12563776
2020-07-21 00:00:00+05:30,151.47,158.67,148.4,156.17,24804201
2020-07-22 00:00:00+05:30,157.6,157.6,150.17,152.13,10043119
2020-07-23 00:00:00+05:30,151.67,158.4,150.43,154.7,14418042
2020-07-24 00:00:00+05:30,154.33,155.8,149.0,152.27,9750684
2020-07-27 00:00:00+05:30,153.6,160.47,148.93,154.53,18478779
2020-07-28 00:00:00+05:30,154.83,157.67,152.17,155.3,9022651
2020-07-29 00:00:00+05:30,155.27,156.8,151.37,152.23,7045908
2020-07-30 00:00:00+05:30,150.33,151.53,145.77,148.7,12851077
2020-07-31 00:00:00+05:30,148.63,150.5,142.53,143.33,9682479
2020-08-03 00:00:00+05:30,143.33,147.93,141.53,145.1,10815543
2020-08-04 00:00:00+05:30,145.4,147.23,139.07,143.33,14035254
2020-08-05 00:00:00+05:30,144.0,146.9,141.33,141.97,10555162
2020-08-06 00:00:00+05:30,142.67,146.53,142.27,144.07,14058679
2020-08-07 00:00:00+05:30,148.67,148.67,141.6,142.4,28183938
2020-08-10 00:00:00+05:30,143.87,145.27,142.43,143.5,11410218
2020-08-11 00:00:00+05:30,144.0,146.2,142.33,143.5,12747166
2020-08-12 00:00:00+05:30,143.33,143.8,140.83,141.23,9278514
2020-08-13 00:00:00+05:30,141.5,143.1,139.93,141.57,11976168
2020-08-14 00:00:00+05:30,142.67,143.0,138.47,139.1,9812287
2020-08-17 00:00:00+05:30,140.0,141.93,136.97,140.7,11816967
2020-08-18 00:00:00+05:30,141.87,141.97,139.47,139.9,8172589
2020-08-19 00:00:00+05:30,140.33,142.47,139.97,140.53,8738382
2020-08-20 00:00:00+05:30,139.33,143.87,138.77,143.13,19137648
2020-08-21 00:00:00+05:30,144.67,144.8,141.33,141.63,9529588
2020-08-24 00:00:00+05:30,142.33,143.2,140.83,141.1,6385072
2020-08-25 00:00:00+05:30,141.33,142.77,140.47,140.83,8397778
2020-08-26 00:00:00+05:30,141.33,141.57,139.33,139.63,7573614
2020-08-27 00:00:00+05:30,140.07,140.73,138.17,138.93,12150124
2020-08-28 00:00:00+05:30,139.67,141.43,139.53,139.73,5911695
2020-08-31 00:00:00+05:30,141.53,143.2,133.67,134.37,24815682
2020-09-01 00:00:00+05:30,133.33,136.53,129.87,133.1,16631326
2020-09-02 00:00:00+05:30,133.67,134.97,132.53,133.83,5772232
2020-09-03 00:00:00+05:30,135.0,136.33,132.43,133.2,7176871
2020-09-07 00:00:00+05:30,133.33,134.6,130.53,131.63,6652620
2020-09-08 00:00:00+05:30,132.4,135.07,131.3,132.47,10615993
2020-09-09 00:00:00+05:30,132.3,132.47,127.2,129.17,11065636
2020-09-10 00:00:00+05:30,130.0,134.8,129.67,134.13,15659647
2020-09-11 00:00:00+05:30,135.0,136.17,131.47,132.77,10909077
2020-09-14 00:00:00+05:30,133.27,134.1,130.1,130.7,6827386
2020-09-15 00:00:00+05:30,131.33,133.3,129.83,132.17,6512193
2020-09-16 00:00:00+05:30,131.9,132.8,129.23,130.27,6985620
2020-09-17 00:00:00+05:30,130.0,131.6,128.77,131.23,8495505
2020-09-18 00:00:00+05:30,132.6,132.67,128.93,129.37,9503043
2020-09-21 00:00:00+05:30,129.67,132.33,125.5,126.13,14904106
2020-09-22 00:00:00+05:30,126.67,127.23,119.1,120.27,16170120
2020-09-23 00:00:00+05:30,121.93,122.07,116.0,118.23,13070196
2020-09-24 00:00:00+05:30,116.83,117.93,113.9,114.87,10053241
2020-09-25 00:00:00+05:30,115.83,119.8,114.87,119.07,10405407
2020-09-28 00:00:00+05:30,120.2,123.33,119.73,122.67,6379198
2020-09-29 00:00:00+05:30,123.3,124.33,121.17,123.2,8934439
2020-09-30 00:00:00+05:30,123.13,123.9,116.87,120.43,20638896
2020-10-01 00:00:00+05:30,120.93,121.83,116.6,117.0,14837505
2020-10-05 00:00:00+05:30,117.93,118.07,115.33,117.07,12841111
2020-10-06 00:00:00+05:30,117.5,118.0,115.67,115.8,7770943
2020-10-07 00:00:00+05:30,116.2,116.47,113.73,114.03,7176355
2020-10-08 00:00:00+05:30,114.23,116.0,113.1,113.97,7211251
2020-10-09 00:00:00+05:30,114.13,118.17,113.77,117.33,12724395
2020-10-12 00:00:00+05:30,118.0,118.1,113.83,114.27,6758173
2020-10-13 00:00:00+05:30,114.7,115.33,113.17,113.6,9191781
2020-10-14 00:00:00+05:30,113.6,113.6,110.13,112.4,9798849
2020-10-15 00:00:00+05:30,112.27,114.8,108.6,109.37,10845576
2020-10-16 00:00:00+05:30,109.63,113.23,108.93,112.87,10063255
2020-10-19 00:00:00+05:30,113.33,117.93,113.33,117.23,9654859
2020-10-20 00:00:00+05:30,116.5,117.77,114.4,114.9,6659961
2020-10-21 00:00:00+05:30,116.03,119.87,116.03,118.43,12527164
2020-10-22 00:00:00+05:30,117.63,119.97,116.87,119.57,7512925
2020-10-23 00:00:00+05:30,119.87,122.67,119.73,121.7,8036610
2020-10-26 00:00:00+05:30,121.33,122.5,115.67,116.3,10010131
2020-10-27 00:00:00+05:30,116.53,117.07,113.53,115.7,9036661
2020-10-28 00:00:00+05:30,115.67,117.2,114.23,114.6,8467597
2020-10-29 00:00:00+05:30,113.93,120.5,113.67,119.73,15079287
2020-10-30 00:00:00+05:30,123.0,126.4,121.77,125.1,38975482
2020-11-02 00:00:00+05:30,125.33,126.0,123.8,124.87,8951340
2020-11-03 00:00:00+05:30,126.0,127.63,122.77,123.77,11378826
2020-11-04 00:00:00+05:30,124.27,125.4,120.77,124.5,9931138
2020-11-05 00:00:00+05:30,132.67,137.47,129.53,136.83,72043455
2020-11-06 00:00:00+05:30,137.33,138.17,134.87,136.9,15313824
2020-11-09 00:00:00+05:30,137.3,139.93,136.07,138.7,11529856
2020-11-10 00:00:00+05:30,138.67,142.53,138.33,141.67,13357911
2020-11-11 00:00:00+05:30,142.0,144.93,139.4,143.13,13605480
2020-11-12 00:00:00+05:30,143.27,144.13,141.73,142.4,5629056
2020-11-13 00:00:00+05:30,141.7,143.83,139.83,143.1,7969603
2020-11-17 00:00:00+05:30,147.33,148.93,143.77,145.13,12210546
2020-11-18 00:00:00+05:30,144.47,144.5,141.07,142.5,13771527
2020-11-19 00:00:00+05:30,142.0,145.5,141.33,142.23,11365365
2020-11-20 00:00:00+05:30,142.73,144.0,140.97,142.7,7010560
2020-11-23 00:00:00+05:30,143.33,144.17,142.07,143.6,8246932
2020-11-24 00:00:00+05:30,144.0,144.2,142.2,142.97,7121830
2020-11-25 00:00:00+05:30,143.0,143.97,140.5,141.37,8392617
2020-11-26 00:00:00+05:30,141.63,142.57,138.73,142.1,9796437
2020-11-27 00:00:00+05:30,142.33,143.87,137.67,139.57,25168525
2020-12-01 00:00:00+05:30,140.0,141.67,139.2,141.07,6027756
2020-12-02 00:00:00+05:30,141.93,146.27,141.47,143.13,14479128
2020-12-03 00:00:00+05:30,143.9,147.27,143.0,146.83,13791681
2020-12-04 00:00:00+05:30,147.47,148.77,143.33,144.43,11645295
2020-12-07 00:00:00+05:30,145.33,146.53,143.43,144.47,10915315
2020-12-08 00:00:00+05:30,145.4,145.77,142.67,143.9,8918244
2020-12-09 00:00:00+05:30,145.23,146.83,143.77,145.53,11959104
2020-12-10 00:00:00+05:30,146.0,146.0,141.73,143.7,9411705
2020-12-11 00:00:00+05:30,144.0,148.67,143.2,144.9,16553761
2020-12-14 00:00:00+05:30,146.27,153.17,145.37,152.47,31222897
2020-12-15 00:00:00+05:30,152.73,153.23,149.5,150.97,9658920
2020-12-16 00:00:00+05:30,152.6,156.27,152.37,153.73,14118679
2020-12-17 00:00:00+05:30,155.13,155.13,149.77,150.63,12157872
2020-12-18 00:00:00+05:30,150.67,151.33,148.2,149.6,8575680
2020-12-21 00:00:00+05:30,148.33,148.97,136.37,139.57,15206802
2020-12-22 00:00:00+05:30,140.13,141.0,135.93,140.57,14066943
2020-12-23 00:00:00+05:30,140.57,140.97,138.9,140.2,12514383
2020-12-24 00:00:00+05:30,140.97,143.67,140.7,142.43,8416626
2020-12-28 00:00:00+05:30,142.93,144.33,142.5,143.47,5054329
2020-12-29 00:00:00+05:30,144.0,144.3,142.3,143.6,6469837
2020-12-30 00:00:00+05:30,143.47,144.6,142.7,144.3,5914800
2020-12-31 00:00:00+05:30,144.3,146.8,143.23,145.27,11277060
2021-01-01 00:00:00+05:30,146.17,148.33,145.17,147.5,7169142
2021-01-04 00:00:00+05:30,148.0,149.1,145.73,148.5,9854826
2021-01-05 00:00:00+05:30,148.0,149.0,146.93,148.73,7899414
2021-01-06 00:00:00+05:30,149.33,150.67,144.83,147.3,11243112
2021-01-07 00:00:00+05:30,148.0,149.33,147.0,148.53,7368931
2021-01-08 00:00:00+05:30,149.83,153.43,149.5,150.33,13146253
2021-01-11 00:00:00+05:30,150.67,151.1,147.13,149.57,7862176
2021-01-12 00:00:00+05:30,149.37,152.33,148.13,149.8,6757126
2021-01-13 00:00:00+05:30,150.07,155.23,149.73,151.43,17324436
2021-01-14 00:00:00+05:30,153.0,156.93,151.8,155.73,15033061
2021-01-15 00:00:00+05:30,157.97,158.4,151.77,152.4,19518256
2021-01-18 00:00:00+05:30,152.47,155.6,148.67,154.17,12951991
2021-01-19 00:00:00+05:30,155.93,157.03,152.67,154.6,10666962
2021-01-20 00:00:00+05:30,154.67,155.5,152.23,154.03,6703327
2021-01-21 00:00:00+05:30,154.2,156.0,151.67,152.53,10016826
2021-01-22 00:00:00+05:30,152.33,153.87,148.73,150.27,11875350
2021-01-25 00:00:00+05:30,151.33,151.33,146.13,146.8,10392391
2021-01-27 00:00:00+05:30,146.67,147.43,143.0,144.43,12453474
2021-01-28 00:00:00+05:30,143.23,149.23,142.7,147.67,9568179
2021-01-29 00:00:00+05:30,148.67,149.17,145.13,145.73,11041729
2021-02-01 00:00:00+05:30,147.27,148.27,141.53,145.3,15901275
2021-02-02 00:00:00+05:30,146.73,150.6,146.67,148.2,15151953
2021-02-03 00:00:00+05:30,149.3,152.3,147.07,150.17,17975998
2021-02-04 00:00:00+05:30,150.57,154.5,150.4,153.17,15817707
2021-02-05 00:00:00+05:30,155.13,155.33,149.53,150.37,8929488
2021-02-08 00:00:00+05:30,151.33,154.2,150.83,153.03,5567083
2021-02-09 00:00:00+05:30,152.67,155.17,150.17,151.03,10268577
2021-02-10 00:00:00+05:30,151.63,152.83,147.77,149.93,15785917
2021-02-11 00:00:00+05:30,149.53,152.27,149.4,151.6,9798492
2021-02-12 00:00:00+05:30,151.93,152.87,148.07,149.23,9940804
2021-02-15 00:00:00+05:30,149.67,150.83,148.07,148.4,9073486
2021-02-16 00:00:00+05:30,147.73,151.33,147.6,150.8,10666077
2021-02-17 00:00:00+05:30,150.43,156.67,149.97,156.4,17875933
2021-02-18 00:00:00+05:30,158.0,168.0,156.77,164.03,37862067
2021-02-19 00:00:00+05:30,165.2,168.27,159.0,162.67,19946557
2021-02-22 00:00:00+05:30,163.33,165.53,159.67,161.0,11265180
2021-02-23 00:00:00+05:30,161.33,166.6,161.13,163.27,14769349
2021-02-24 00:00:00+05:30,164.67,165.7,161.73,163.17,4852776
2021-02-25 00:00:00+05:30,164.0,172.83,163.67,168.5,21873453
2021-02-26 00:00:00+05:30,166.63,170.03,160.0,161.63,17862000
2021-03-01 00:00:00+05:30,164.27,168.27,162.37,165.0,10653885
2021-03-02 00:00:00+05:30,168.0,171.93,165.4,166.73,12366166
2021-03-03 00:00:00+05:30,170.5,170.6,163.67,165.93,8880823
2021-03-04 00:00:00+05:30,165.33,167.87,163.57,163.9,7019319
2021-03-05 00:00:00+05:30,163.2,167.73,160.2,162.13,11599543
2021-03-08 00:00:00+05:30,163.2,166.83,161.5,162.1,9807048
2021-03-09 00:00:00+05:30,161.0,164.07,155.6,158.8,19144981
2021-03-10 00:00:00+05:30,164.07,166.33,159.13,160.67,16231455
2021-03-12 00:00:00+05:30,162.0,164.4,159.77,160.9,9806697
2021-03-15 00:00:00+05:30,162.0,163.07,159.53,161.27,7978585
2021-03-16 00:00:00+05:30,162.53,163.77,160.43,161.1,9438289
2021-03-17 00:00:00+05:30,161.33,161.33,155.8,157.27,13641903
2021-03-18 00:00:00+05:30,158.0,159.93,154.33,155.77,11095656
2021-03-19 00:00:00+05:30,156.4,158.3,153.57,156.5,10381663
2021-03-22 00:00:00+05:30,157.97,158.33,156.3,157.7,5004663
2021-03-23 00:00:00+05:30,157.87,159.77,156.13,159.33,8956228
2021-03-24 00:00:00+05:30,159.33,159.83,154.3,155.0,5270379
2021-03-25 00:00:00+05:30,155.33,156.5,150.6,151.5,12311626
2021-03-26 00:00:00+05:30,153.0,154.67,152.23,153.2,4207501
2021-03-30 00:00:00+05:30,153.87,154.6,152.5,153.33,5353434
2021-03-31 00:00:00+05:30,153.8,157.4,152.37,157.33,12412797
2021-04-01 00:00:00+05:30,157.33,159.1,155.0,158.53,5427582
2021-04-05 00:00:00+05:30,159.43,159.43,153.0,156.83,7242609
2021-04-06 00:00:00+05:30,157.0,158.17,155.47,156.93,5679649
2021-04-07 00:00:00+05:30,156.3,159.27,156.27,157.37,7394047
2021-04-08 00:00:00+05:30,157.37,160.6,157.27,159.17,7052044
2021-04-09 00:00:00+05:30,159.1,159.1,154.57,156.03,10345293
2021-04-12 00:00:00+05:30,153.33,155.17,148.53,150.93,10068844
2021-04-13 00:00:00+05:30,150.4,155.1,150.4,154.37,11008845
2021-04-15 00:00:00+05:30,152.43,158.6,152.43,158.1,6513492
2021-04-16 00:00:00+05:30,158.0,160.0,156.5,157.7,9406444
2021-04-19 00:00:00+05:30,154.1,156.0,152.37,154.27,10093462
2021-04-20 00:00:00+05:30,154.33,156.53,154.17,155.13,6610773
2021-04-22 00:00:00+05:30,154.0,156.2,152.9,155.67,5552467
2021-04-23 00:00:00+05:30,155.33,156.97,154.33,155.8,6342927
2021-04-26 00:00:00+05:30,156.1,156.53,153.67,155.0,9369550
2021-04-27 00:00:00+05:30,155.63,156.0,154.7,155.3,5170041
2021-04-28 00:00:00+05:30,155.87,155.93,153.9,154.23,7576573
2021-04-29 00:00:00+05:30,153.97,155.47,152.83,153.13,9206208
2021-04-30 00:00:00+05:30,152.17,163.5,152.13,156.43,23326210
2021-05-03 00:00:00+05:30,155.3,158.07,154.0,157.23,6042174
2021-05-04 00:00:00+05:30,157.87,163.2,157.73,161.0,10618987
2021-05-05 00:00:00+05:30,161.87,164.33,159.33,163.2,11062063
2021-05-06 00:00:00+05:30,164.93,166.53,162.83,163.6,9560764
2021-05-07 00:00:00+05:30,164.3,168.43,160.67,167.63,12970926
2021-05-10 00:00:00+05:30,168.67,173.2,167.77,170.0,9464616
2021-05-11 00:00:00+05:30,169.33,178.0,168.13,177.07,15494962
2021-05-12 00:00:00+05:30,178.0,179.67,172.47,174.83,7125264
2021-05-14 00:00:00+05:30,176.2,176.2,169.17,169.6,5010615
2021-05-17 00:00:00+05:30,170.27,171.87,167.2,167.9,4540029
2021-05-18 00:00:00+05:30,169.33,177.6,168.57,176.67,11563480
2021-05-19 00:00:00+05:30,176.67,182.43,174.2,181.83,11231193
2021-05-20 00:00:00+05:30,183.2,183.2,176.8,177.6,9045745
2021-05-21 00:00:00+05:30,188.0,192.2,182.87,184.2,49651221
2021-05-24 00:00:00+05:30,184.9,190.5,183.7,189.7,10713142
2021-05-25 00:00:00+05:30,190.6,193.8,188.4,192.1,14909287
2021-05-26 00:00:00+05:30,191.8,194.53,189.07,189.5,8554059
2021-05-27 00:00:00+05:30,190.53,192.93,186.33,186.93,14095969
2021-05-28 00:00:00+05:30,188.2,189.67,186.2,187.2,4746682
2021-05-31 00:00:00+05:30,187.97,187.97,185.4,186.47,3999687
2021-06-01 00:00:00+05:30,186.73,190.8,186.67,187.7,4967649
2021-06-02 00:00:00+05:30,188.17,193.0,187.9,192.27,16354647
2021-06-03 00:00:00+05:30,192.67,193.77,191.0,191.77,3955761
2021-06-04 00:00:00+05:30,191.77,201.57,190.9,199.2,22360114
2021-06-07 00:00:00+05:30,200.67,201.93,198.0,200.73,6132901
2021-06-08 00:00:00+05:30,201.33,202.77,197.67,201.5,7863352
2021-06-09 00:00:00+05:30,202.5,206.27,198.7,200.23,10303806
2021-06-10 00:00:00+05:30,200.0,201.47,198.07,198.97,5946994
2021-06-11 00:00:00+05:30,200.0,202.8,195.97,196.7,7805526
2021-06-14 00:00:00+05:30,198.27,200.33,195.07,198.93,6453466
2021-06-15 00:00:00+05:30,200.0,200.67,198.2,198.9,5640798
2021-06-16 00:00:00+05:30,199.9,205.33,199.33,202.9,13274827
2021-06-17 00:00:00+05:30,202.63,208.0,202.0,206.0,12972939
2021-06-18 00:00:00+05:30,206.67,207.03,195.17,197.17,10831261
2021-06-21 00:00:00+05:30,196.67,202.2,195.37,201.6,14654037
2021-06-22 00:00:00+05:30,202.57,204.47,202.03,203.03,3412852
2021-06-23 00:00:00+05:30,203.2,203.43,199.23,200.17,3555019
2021-06-24 00:00:00+05:30,201.57,201.57,196.07,196.93,5589918
2021-06-25 00:00:00+05:30,198.47,199.9,197.57,198.67,3738571
2021-06-28 00:00:00+05:30,200.33,200.47,197.77,198.17,3418374
2021-06-29 00:00:00+05:30,198.67,199.6,193.83,195.03,6433927
2021-06-30 00:00:00+05:30,195.97,197.67,194.37,195.47,4391428
2021-07-01 00:00:00+05:30,196.5,197.97,195.33,197.47,4262518
2021-07-02 00:00:00+05:30,198.53,199.6,197.27,198.63,4860717
2021-07-05 00:00:00+05:30,200.93,203.87,199.0,202.97,7251010
2021-07-06 00:00:00+05:30,204.33,206.3,202.13,203.03,9750613
2021-07-07 00:00:00+05:30,204.17,204.73,199.67,204.23,9814695
2021-07-08 00:00:00+05:30,190.0,192.93,188.7,189.23,13848510
2021-07-09 00:00:00+05:30,189.4,190.0,185.37,185.97,4388503
2021-07-12 00:00:00+05:30,186.73,187.3,180.67,181.27,7421713
2021-07-13 00:00:00+05:30,182.27,183.17,180.07,181.47,6779499
2021-07-14 00:00:00+05:30,180.5,183.0,178.83,180.07,5293125
2021-07-15 00:00:00+05:30,180.53,181.07,177.43,178.07,4411497
2021-07-16 00:00:00+05:30,178.63,180.67,177.53,178.73,4782613
2021-07-19 00:00:00+05:30,179.83,183.27,178.9,181.37,9426630
2021-07-20 00:00:00+05:30,182.73,184.67,181.43,184.1,8294611
2021-07-22 00:00:00+05:30,184.03,185.67,182.73,184.27,4329306
2021-07-23 00:00:00+05:30,183.63,186.0,183.37,184.93,2622112
2021-07-26 00:00:00+05:30,184.07,185.47,180.9,182.37,4899652
2021-07-27 00:00:00+05:30,182.67,182.87,179.0,179.47,4672776
2021-07-28 00:00:00+05:30,180.9,180.9,174.17,176.63,5955979
2021-07-29 00:00:00+05:30,178.5,179.33,174.17,175.73,9681835
2021-07-30 00:00:00+05:30,176.6,176.9,173.67,174.1,9366288
2021-08-02 00:00:00+05:30,174.87,182.87,174.63,181.87,6867586
2021-08-03 00:00:00+05:30,183.53,184.13,181.2,183.1,4705963
2021-08-04 00:00:00+05:30,183.67,184.9,180.03,181.5,3655653
2021-08-05 00:00:00+05:30,180.0,180.67,175.0,176.67,7660741
2021-08-06 00:00:00+05:30,180.0,180.37,176.27,176.63,5376993
2021-08-09 00:00:00+05:30,177.57,178.13,173.37,174.67,2687301
2021-08-10 00:00:00+05:30,175.0,175.87,170.77,171.97,4572001
2021-08-11 00:00:00+05:30,171.9,174.07,170.27,172.6,5957812
2021-08-12 00:00:00+05:30,172.33,173.8,169.03,170.13,6109710
2021-08-13 00:00:00+05:30,170.4,172.0,168.9,170.03,2874657
2021-08-16 00:00:00+05:30,169.97,172.27,168.73,171.8,3707032
2021-08-17 00:00:00+05:30,171.97,172.37,168.43,169.07,3046527
2021-08-18 00:00:00+05:30,169.8,170.53,167.73,169.2,4446232
2021-08-20 00:00:00+05:30,167.97,168.5,164.07,164.8,4416649
2021-08-23 00:00:00+05:30,165.93,167.13,163.0,163.77,3471126
2021-08-24 00:00:00+05:30,164.67,167.27,164.0,166.5,3727245
2021-08-25 00:00:00+05:30,166.9,173.0,166.73,171.9,4895659
2021-08-26 00:00:00+05:30,172.17,172.3,169.1,170.33,3046735
2021-08-27 00:00:00+05:30,170.67,172.27,170.0,171.07,1594750
2021-08-30 00:00:00+05:30,172.27,173.83,170.67,173.07,4575463
2021-08-31 00:00:00+05:30,173.33,178.87,171.67,177.73,8793603
2021-09-01 00:00:00+05:30,179.23,179.93,175.77,177.77,3557070
2021-09-02 00:00:00+05:30,177.8,180.57,177.53,177.8,3554863
2021-09-03 00:00:00+05:30,178.13,184.43,177.53,183.97,8888422
2021-09-06 00:00:00+05:30,184.53,185.33,179.33,179.97,6053961
2021-09-07 00:00:00+05:30,180.97,183.2,177.57,178.23,3889797
2021-09-08 00:00:00+05:30,177.4,180.83,177.4,179.9,5026911
2021-09-09 00:00:00+05:30,179.93,182.77,178.7,179.1,5245894
2021-09-13 00:00:00+05:30,179.8,181.63,177.53,180.43,4328044
2021-09-14 00:00:00+05:30,181.63,183.9,180.47,182.77,4817755
2021-09-15 00:00:00+05:30,183.87,186.5,182.37,183.8,7388208
2021-09-16 00:00:00+05:30,184.93,189.6,183.57,188.33,7564597
2021-09-17 00:00:00+05:30,190.0,190.73,182.73,188.63,16855150
2021-09-20 00:00:00+05:30,188.0,188.0,180.07,181.67,9418050
2021-09-21 00:00:00+05:30,181.0,182.2,177.67,181.17,5120731
2021-09-22 00:00:00+05:30,181.0,185.6,180.53,184.4,3303961
2021-09-23 00:00:00+05:30,184.53,188.3,184.53,186.67,4833658
2021-09-24 00:00:00+05:30,186.8,188.27,182.73,183.2,3539590
2021-09-27 00:00:00+05:30,184.2,185.87,181.73,185.17,3441163
2021-09-28 00:00:00+05:30,184.67,195.47,184.67,194.4,15925833
2021-09-29 00:00:00+05:30,194.93,200.6,192.67,199.73,17890582
2021-09-30 00:00:00+05:30,199.0,201.87,196.67,200.0,7993638
2021-10-01 00:00:00+05:30,199.73,204.0,198.0,199.3,6220234
2021-10-04 00:00:00+05:30,199.4,202.4,199.33,201.87,5535577
2021-10-05 00:00:00+05:30,201.97,210.6,200.9,209.63,15918579
2021-10-06 00:00:00+05:30,209.3,211.97,206.37,207.73,7275597
2021-10-07 00:00:00+05:30,209.33,215.8,208.93,213.0,9860400
2021-10-08 00:00:00+05:30,215.33,217.83,210.67,212.03,5578962
2021-10-11 00:00:00+05:30,214.33,217.23,212.03,212.7,4285191
2021-10-12 00:00:00+05:30,214.6,219.33,212.57,218.53,9469552
2021-10-13 00:00:00+05:30,220.53,220.53,215.6,217.2,6504114
2021-10-14 00:00:00+05:30,214.67,223.87,214.5,220.9,6229890
2021-10-18 00:00:00+05:30,222.9,226.47,220.33,221.13,5493433
2021-10-19 00:00:00+05:30,223.67,224.6,214.7,215.6,8242282
2021-10-20 00:00:00+05:30,217.0,219.03,210.33,211.53,8428744
2021-10-21 00:00:00+05:30,213.63,220.0,213.23,215.2,9782943
2021-10-22 00:00:00+05:30,216.67,219.6,214.87,218.57,6206494
2021-10-25 00:00:00+05:30,221.0,221.0,214.2,215.37,5090094
2021-10-26 00:00:00+05:30,215.37,223.93,212.27,221.6,8590482
2021-10-27 00:00:00+05:30,222.03,226.4,220.97,222.6,5786244
2021-10-28 00:00:00+05:30,223.33,223.63,210.03,211.37,6752701
2021-10-29 00:00:00+05:30,211.33,213.33,204.27,206.93,6117633
2021-11-01 00:00:00+05:30,210.03,210.03,205.67,207.97,5094205
2021-11-02 00:00:00+05:30,208.67,209.93,201.53,202.3,6211239
2021-11-03 00:00:00+05:30,203.07,211.33,202.13,209.47,11379696
2021-11-04 00:00:00+05:30,212.67,215.3,210.0,214.6,1480930
2021-11-08 00:00:00+05:30,217.63,231.33,215.0,230.53,21544404
2021-11-09 00:00:00+05:30,231.47,232.47,227.9,229.7,5967832
2021-11-10 00:00:00+05:30,229.3,233.17,228.17,230.7,4989795
2021-11-11 00:00:00+05:30,229.33,231.87,226.4,228.33,4163100
2021-11-12 00:00:00+05:30,229.47,233.0,229.3,231.33,5107333
2021-11-15 00:00:00+05:30,233.33,236.53,232.13,234.23,7383721
2021-11-16 00:00:00+05:30,235.07,235.07,224.13,225.0,6042552
2021-11-17 00:00:00+05:30,225.3,225.3,216.9,217.33,5446368
2021-11-18 00:00:00+05:30,218.0,219.8,214.33,215.8,4781655
2021-11-22 00:00:00+05:30,215.8,217.77,209.43,211.3,4814799
2021-11-23 00:00:00+05:30,209.33,213.63,209.2,212.4,3950010
2021-11-24 00:00:00+05:30,213.27,220.8,213.0,216.07,6129450
2021-11-25 00:00:00+05:30,216.7,217.43,209.63,210.73,6165405
2021-11-26 00:00:00+05:30,210.73,210.73,200.5,201.47,5677950
2021-11-29 00:00:00+05:30,200.0,201.23,194.7,197.63,5018829
2021-11-30 00:00:00+05:30,197.5,210.93,195.4,196.73,9013564
2021-12-01 00:00:00+05:30,196.8,200.47,193.77,198.5,3856671
2021-12-02 00:00:00+05:30,198.53,202.63,195.03,200.37,5694348
2021-12-03 00:00:00+05:30,202.0,203.13,198.33,199.0,3964327
2021-12-06 00:00:00+05:30,199.2,201.8,196.07,198.7,2514339
2021-12-07 00:00:00+05:30,199.67,205.87,199.13,202.7,4767390
2021-12-08 00:00:00+05:30,202.53,204.6,200.2,201.17,3460876
2021-12-09 00:00:00+05:30,202.2,204.77,200.33,203.63,6068997
2021-12-10 00:00:00+05:30,202.1,206.27,202.1,204.9,2463430
2021-12-13 00:00:00+05:30,206.67,208.07,199.17,199.73,4572826
2021-12-14 00:00:00+05:30,200.13,202.63,198.43,200.83,5185479
2021-12-15 00:00:00+05:30,201.1,205.13,199.7,200.33,6506979
2021-12-16 00:00:00+05:30,201.33,202.67,197.83,198.53,2777901
2021-12-17 00:00:00+05:30,198.53,199.1,191.07,191.57,4096492
2021-12-20 00:00:00+05:30,189.8,190.27,183.17,184.6,6207490
2021-12-21 00:00:00+05:30,184.73,189.0,184.67,187.7,2739589
2021-12-22 00:00:00+05:30,188.73,193.4,187.07,192.1,5725254
2021-12-23 00:00:00+05:30,194.0,198.4,193.7,196.53,5706339
2021-12-24 00:00:00+05:30,196.6,197.33,193.4,194.43,2248639
2021-12-27 00:00:00+05:30,194.0,194.43,190.67,193.83,1362517
2021-12-28 00:00:00+05:30,194.13,196.93,193.83,196.17,1460920
2021-12-29 00:00:00+05:30,196.33,197.63,193.53,194.93,2696715
2021-12-30 00:00:00+05:30,194.67,195.67,191.83,192.43,1979664
2021-12-31 00:00:00+05:30,193.77,196.43,191.73,194.9,1815294
2022-01-03 00:00:00+05:30,195.27,198.37,194.9,197.93,1524388
2022-01-04 00:00:00+05:30,199.3,200.67,196.67,198.6,3415416
2022-01-05 00:00:00+05:30,199.3,210.3,198.67,209.53,11267937
2022-01-06 00:00:00+05:30,210.63,211.33,205.67,209.43,6556890
2022-01-07 00:00:00+05:30,209.8,216.67,209.8,213.33,7223049
2022-01-10 00:00:00+05:30,213.33,218.57,212.67,217.7,3889624
2022-01-11 00:00:00+05:30,217.33,218.3,211.8,212.5,4569924
2022-01-12 00:00:00+05:30,213.87,217.23,211.1,212.77,4749156
2022-01-13 00:00:00+05:30,213.87,215.63,212.1,214.5,3579709
2022-01-14 00:00:00+05:30,214.33,217.6,213.0,216.67,5679802
2022-01-17 00:00:00+05:30,218.23,220.27,216.93,218.63,5838015
2022-01-18 00:00:00+05:30,218.73,220.3,215.33,215.9,4403488
2022-01-19 00:00:00+05:30,213.7,219.33,212.13,216.23,3850218
2022-01-20 00:00:00+05:30,215.33,221.47,214.8,216.7,4637305
2022-01-21 00:00:00+05:30,215.77,217.1,206.2,207.0,4298454
2022-01-24 00:00:00+05:30,206.4,209.1,200.5,202.33,3988360
2022-01-25 00:00:00+05:30,200.4,208.97,200.2,207.57,6066979
2022-01-27 00:00:00+05:30,206.0,208.53,203.7,205.53,5430097
2022-01-28 00:00:00+05:30,206.77,215.07,206.67,208.97,6363381
2022-01-31 00:00:00+05:30,211.23,214.9,208.73,209.4,4224096
2022-02-01 00:00:00+05:30,206.67,206.67,193.33,194.33,18025339
2022-02-02 00:00:00+05:30,195.37,196.33,193.33,193.77,5586453
2022-02-03 00:00:00+05:30,194.0,194.3,189.27,189.7,5771946
2022-02-04 00:00:00+05:30,190.67,190.83,186.87,187.4,5787009
2022-02-07 00:00:00+05:30,187.77,190.83,185.7,190.03,5484352
2022-02-08 00:00:00+05:30,190.77,191.97,187.7,191.47,6645834
2022-02-09 00:00:00+05:30,192.53,197.97,191.47,197.2,6927784
2022-02-10 00:00:00+05:30,197.77,200.57,196.8,199.67,4981834
2022-02-11 00:00:00+05:30,197.33,202.67,197.03,201.1,5854885
2022-02-14 00:00:00+05:30,196.0,199.2,192.1,193.17,2885365
2022-02-15 00:00:00+05:30,194.0,197.5,188.37,197.0,3352287
2022-02-16 00:00:00+05:30,197.8,204.67,196.0,203.1,5684815
2022-02-17 00:00:00+05:30,204.2,204.2,198.83,200.87,3892938
2022-02-18 00:00:00+05:30,200.87,203.77,198.4,199.17,3601977
2022-02-21 00:00:00+05:30,196.67,201.33,194.07,195.17,2693274
2022-02-22 00:00:00+05:30,190.0,194.7,178.0,194.0,4817394
2022-02-23 00:00:00+05:30,194.0,196.63,192.0,193.07,3165232
2022-02-24 00:00:00+05:30,187.93,190.77,180.63,181.43,8020863
2022-02-25 00:00:00+05:30,185.33,185.9,176.17,178.53,8465395
2022-02-28 00:00:00+05:30,176.33,183.07,175.37,182.17,5540665
2022-03-02 00:00:00+05:30,180.0,187.67,176.8,177.87,8259096
2022-03-03 00:00:00+05:30,180.0,189.33,178.77,186.03,18683166
2022-03-04 00:00:00+05:30,187.87,191.43,183.17,189.77,13900755
2022-03-07 00:00:00+05:30,188.47,188.47,181.4,184.2,7171623
2022-03-09 00:00:00+05:30,181.33,183.0,178.33,179.4,8320303
2022-03-10 00:00:00+05:30,183.37,192.67,183.37,186.1,16704669
2022-03-11 00:00:00+05:30,186.4,197.27,185.6,196.2,13948977
2022-03-14 00:00:00+05:30,196.67,196.67,185.0,186.13,13325281
2022-03-15 00:00:00+05:30,188.03,188.8,180.17,182.37,12053587
2022-03-16 00:00:00+05:30,184.67,186.17,180.93,185.57,7346892
2022-03-17 00:00:00+05:30,186.67,188.83,184.53,187.63,8709237
2022-03-21 00:00:00+05:30,184.87,186.43,182.17,184.13,11472684
2022-03-22 00:00:00+05:30,183.1,190.6,183.1,186.77,12790992
2022-03-23 00:00:00+05:30,188.67,192.27,187.6,189.77,9883227
2022-03-24 00:00:00+05:30,187.47,187.87,181.73,183.33,9849969
2022-03-25 00:00:00+05:30,185.6,185.63,180.53,180.93,7122979
2022-03-28 00:00:00+05:30,181.97,183.33,177.2,177.5,8935230
2022-03-29 00:00:00+05:30,179.87,180.53,177.7,178.37,4862826
2022-03-30 00:00:00+05:30,180.67,182.43,174.87,176.3,16343247
2022-03-31 00:00:00+05:30,178.13,182.1,176.83,179.57,7539246
2022-04-01 00:00:00+05:30,179.97,184.97,179.6,184.7,6241929
2022-04-04 00:00:00+05:30,185.03,187.7,184.0,186.47,4426702
2022-04-05 00:00:00+05:30,187.33,189.33,184.83,188.07,5759011
2022-04-06 00:00:00+05:30,187.33,194.8,186.83,193.87,6962419
2022-04-07 00:00:00+05:30,194.63,196.37,190.03,190.63,7751625
2022-04-08 00:00:00+05:30,193.1,198.33,192.17,197.6,8715123
2022-04-11 00:00:00+05:30,198.93,204.47,196.93,201.07,7524382
2022-04-12 00:00:00+05:30,200.53,200.53,191.1,192.6,5833906
2022-04-13 00:00:00+05:30,193.53,196.27,192.0,195.03,2802085
2022-04-18 00:00:00+05:30,193.33,194.47,188.0,188.9,4030407
2022-04-19 00:00:00+05:30,190.67,198.67,190.13,195.33,11036149
2022-04-20 00:00:00+05:30,196.67,202.1,195.07,199.8,7423839
2022-04-21 00:00:00+05:30,201.1,202.73,197.77,200.63,5202382
2022-04-22 00:00:00+05:30,200.63,202.13,198.33,199.1,3427597
2022-04-25 00:00:00+05:30,198.33,198.33,192.07,194.43,5720188
2022-04-26 00:00:00+05:30,195.33,196.43,192.67,195.0,3335395
2022-04-27 00:00:00+05:30,192.5,195.2,187.4,187.9,4318218
2022-04-28 00:00:00+05:30,189.2,189.33,185.53,188.1,5927101
2022-04-29 00:00:00+05:30,189.3,190.8,180.0,180.2,7115863
2022-05-02 00:00:00+05:30,180.0,182.17,178.2,181.6,4683937
2022-05-04 00:00:00+05:30,181.6,184.53,180.3,181.37,3205818
2022-05-05 00:00:00+05:30,183.27,185.13,179.37,180.33,3895654
2022-05-06 00:00:00+05:30,179.0,179.9,176.3,179.13,2549289
2022-05-09 00:00:00+05:30,179.1,180.47,174.0,178.93,4567230
2022-05-10 00:00:00+05:30,180.0,183.03,178.77,180.33,5354988
2022-05-11 00:00:00+05:30,182.63,182.63,174.4,175.93,4438941
2022-05-12 00:00:00+05:30,174.67,178.07,172.0,175.0,4457722
2022-05-13 00:00:00+05:30,176.67,178.07,170.8,172.1,3480811
2022-05-16 00:00:00+05:30,173.43,173.43,168.93,169.57,2635593
2022-05-17 00:00:00+05:30,170.8,171.8,167.4,170.57,7191000
2022-05-18 00:00:00+05:30,168.0,170.0,158.87,162.43,12287911
2022-05-19 00:00:00+05:30,160.8,163.0,158.0,159.33,7930873
2022-05-20 00:00:00+05:30,162.33,164.27,159.37,162.63,9490221
2022-05-23 00:00:00+05:30,162.63,164.23,156.97,158.33,7662762
2022-05-24 00:00:00+05:30,159.93,162.6,158.73,161.37,6859215
2022-05-25 00:00:00+05:30,162.0,162.4,155.07,155.83,5339415
2022-05-26 00:00:00+05:30,156.63,157.5,150.53,156.33,8213086
2022-05-27 00:00:00+05:30,157.0,157.0,151.6,153.23,7390122
2022-05-30 00:00:00+05:30,154.03,155.6,152.4,154.57,8166267
2022-05-31 00:00:00+05:30,154.33,155.0,150.83,151.87,12859684
2022-06-01 00:00:00+05:30,153.33,157.2,152.17,153.03,9236527
2022-06-02 00:00:00+05:30,154.67,155.13,152.43,154.77,7759270
2022-06-03 00:00:00+05:30,155.2,156.33,153.83,155.27,4933131
2022-06-06 00:00:00+05:30,155.2,155.2,150.07,151.8,6324724
2022-06-07 00:00:00+05:30,151.73,154.83,150.93,153.7,4612384
2022-06-08 00:00:00+05:30,154.1,156.67,153.37,154.87,5238553
2022-06-09 00:00:00+05:30,154.53,163.27,153.33,159.07,13659256
2022-06-10 00:00:00+05:30,157.33,159.83,156.33,158.4,4169347
2022-06-13 00:00:00+05:30,155.8,156.33,150.67,151.23,4277716
2022-06-14 00:00:00+05:30,151.3,152.47,142.07,142.67,15084033
2022-06-15 00:00:00+05:30,143.4,143.97,140.2,143.23,9391041
2022-06-16 00:00:00+05:30,145.33,146.43,140.97,141.3,6372418
2022-06-17 00:00:00+05:30,140.17,142.67,139.13,139.6,12099436
2022-06-20 00:00:00+05:30,141.33,143.7,137.67,140.23,8808268
2022-06-21 00:00:00+05:30,140.0,146.33,140.0,145.6,5265469
2022-06-22 00:00:00+05:30,146.53,150.23,142.8,149.7,12630306
2022-06-23 00:00:00+05:30,150.2,151.5,147.07,150.47,10109100
2022-06-24 00:00:00+05:30,150.37,151.1,146.03,146.57,7090887
2022-06-27 00:00:00+05:30,147.9,150.67,146.13,149.83,4016829
2022-06-28 00:00:00+05:30,148.43,153.33,146.9,148.23,8989018
2022-06-29 00:00:00+05:30,147.67,149.8,146.13,149.33,4839736
2022-06-30 00:00:00+05:30,148.67,149.73,144.07,144.8,10057864
2022-07-01 00:00:00+05:30,145.33,152.67,144.13,152.3,12294897
2022-07-04 00:00:00+05:30,150.3,152.0,148.93,151.27,3629557
2022-07-05 00:00:00+05:30,151.87,152.67,148.77,150.83,6522736
2022-07-06 00:00:00+05:30,152.0,157.8,152.0,155.9,14709478
2022-07-07 00:00:00+05:30,158.67,163.93,156.97,163.13,13166997
2022-07-08 00:00:00+05:30,162.73,163.87,159.83,160.87,6363082
2022-07-11 00:00:00+05:30,160.67,163.27,157.03,162.03,5926287
2022-07-12 00:00:00+05:30,162.0,162.53,155.33,156.0,8388492
2022-07-13 00:00:00+05:30,158.03,162.0,154.07,154.7,9092482
2022-07-14 00:00:00+05:30,154.73,159.37,154.63,158.57,7985319
2022-07-15 00:00:00+05:30,159.07,161.1,157.07,159.77,6890718
2022-07-18 00:00:00+05:30,160.2,161.53,158.87,160.6,3022740
2022-07-19 00:00:00+05:30,159.9,161.33,158.9,160.57,2934315
2022-07-20 00:00:00+05:30,162.3,163.3,154.0,156.23,9731476
2022-07-21 00:00:00+05:30,156.57,159.33,155.33,158.4,4037872
2022-07-22 00:00:00+05:30,159.3,159.33,155.47,156.23,3123231
2022-07-25 00:00:00+05:30,156.6,156.6,153.07,154.13,3962796
2022-07-26 00:00:00+05:30,154.47,154.63,150.07,153.27,4931847
2022-07-27 00:00:00+05:30,153.87,155.67,152.7,155.43,2956332
2022-07-28 00:00:00+05:30,155.93,157.33,153.97,155.6,4870542
2022-07-29 00:00:00+05:30,156.73,161.57,155.87,160.77,9223602
2022-08-01 00:00:00+05:30,161.2,161.33,157.77,160.87,4478316
2022-08-02 00:00:00+05:30,160.67,166.0,160.47,163.9,10210024
2022-08-03 00:00:00+05:30,165.13,165.93,161.33,162.7,7627683
2022-08-04 00:00:00+05:30,163.93,165.3,161.73,163.2,5135781
2022-08-05 00:00:00+05:30,165.0,167.87,161.47,167.13,10040836
2022-08-08 00:00:00+05:30,162.03,163.33,156.67,159.37,23978862
2022-08-10 00:00:00+05:30,160.23,161.47,159.0,160.03,7866283
2022-08-11 00:00:00+05:30,160.67,161.6,159.87,160.07,4176109
2022-08-12 00:00:00+05:30,160.67,164.63,160.33,163.9,6466524
2022-08-16 00:00:00+05:30,167.33,170.67,164.07,170.27,10912104
2022-08-17 00:00:00+05:30,171.83,176.83,170.33,176.17,11612538
2022-08-18 00:00:00+05:30,177.27,177.73,173.6,175.43,10155843
2022-08-19 00:00:00+05:30,176.27,176.6,174.2,175.8,8173920
2022-08-22 00:00:00+05:30,165.87,167.93,163.77,164.43,8058618
2022-08-23 00:00:00+05:30,163.1,164.33,160.8,161.63,6158169
2022-08-24 00:00:00+05:30,160.1,161.17,156.9,158.6,8698248
2022-08-25 00:00:00+05:30,158.63,162.13,158.63,160.73,5034189
2022-08-26 00:00:00+05:30,161.37,162.0,160.37,160.97,4202146
2022-08-29 00:00:00+05:30,157.47,160.97,156.9,159.87,3857488
2022-08-30 00:00:00+05:30,160.3,162.83,159.0,162.37,6854337
2022-09-01 00:00:00+05:30,162.33,164.83,161.73,163.93,8217321
2022-09-02 00:00:00+05:30,164.63,165.47,158.43,158.9,7561404
2022-09-05 00:00:00+05:30,158.9,160.33,158.63,159.1,2567572
2022-09-06 00:00:00+05:30,160.17,161.83,159.03,159.3,4189098
2022-09-07 00:00:00+05:30,159.47,163.27,159.2,162.5,5158473
2022-09-08 00:00:00+05:30,164.23,170.0,164.1,167.1,11332556
2022-09-09 00:00:00+05:30,168.3,168.4,163.47,163.9,2230506
2022-09-12 00:00:00+05:30,163.9,168.23,163.0,166.67,5400640
2022-09-13 00:00:00+05:30,167.97,168.83,163.33,163.7,5263863
2022-09-14 00:00:00+05:30,162.63,163.1,160.9,161.87,3152959
2022-09-15 00:00:00+05:30,162.7,162.7,158.37,158.93,5282652
2022-09-16 00:00:00+05:30,159.6,159.6,151.9,152.53,11467553
2022-09-19 00:00:00+05:30,154.07,157.63,153.67,155.73,5301585
2022-09-20 00:00:00+05:30,156.17,157.8,155.17,155.8,2775235
2022-09-21 00:00:00+05:30,156.6,158.27,154.13,154.8,4101426
2022-09-22 00:00:00+05:30,154.67,155.27,152.17,153.67,4205821
2022-09-23 00:00:00+05:30,154.43,154.87,150.73,151.23,4046830
2022-09-26 00:00:00+05:30,150.93,154.67,145.97,146.6,6163542
2022-09-27 00:00:00+05:30,147.83,149.3,146.13,147.93,4879336
2022-09-28 00:00:00+05:30,146.67,148.0,145.2,146.0,3985790
2022-09-29 00:00:00+05:30,146.73,147.23,142.9,144.3,6214836
2022-09-30 00:00:00+05:30,145.03,145.17,142.43,144.2,5702736
2022-10-03 00:00:00+05:30,144.93,147.83,143.37,144.03,4434361
2022-10-04 00:00:00+05:30,146.6,147.63,145.47,145.83,3794766
2022-10-06 00:00:00+05:30,146.57,148.73,144.97,147.73,6450952
2022-10-07 00:00:00+05:30,146.67,146.67,143.77,145.7,5736486
2022-10-10 00:00:00+05:30,143.33,144.2,142.4,143.27,3370301
2022-10-11 00:00:00+05:30,143.33,143.93,140.0,140.13,5544416
2022-10-12 00:00:00+05:30,140.1,143.77,138.93,140.37,10588622
2022-10-13 00:00:00+05:30,141.37,141.77,137.07,138.23,6398964
2022-10-14 00:00:00+05:30,140.47,140.6,136.37,136.63,2677624
2022-10-17 00:00:00+05:30,137.0,137.1,133.9,134.83,6139929
2022-10-18 00:00:00+05:30,135.6,136.0,133.73,134.6,3915646
2022-10-19 00:00:00+05:30,135.3,136.07,134.3,134.97,2959575
2022-10-20 00:00:00+05:30,134.4,137.3,133.37,137.07,3070155
2022-10-21 00:00:00+05:30,137.93,138.53,136.17,137.47,2745562
2022-10-24 00:00:00+05:30,139.5,139.5,137.8,138.27,460066
2022-10-25 00:00:00+05:30,138.0,140.33,136.5,139.87,4127667
2022-10-27 00:00:00+05:30,140.0,140.97,138.7,140.4,3068060
2022-10-28 00:00:00+05:30,140.6,141.73,139.47,141.27,2434831
2022-10-31 00:00:00+05:30,142.0,142.97,140.83,142.57,2191767
2022-11-01 00:00:00+05:30,142.53,142.83,140.13,141.4,2447766
2022-11-02 00:00:00+05:30,141.4,143.53,141.13,143.13,2408160
2022-11-03 00:00:00+05:30,143.1,145.73,140.37,140.7,5483599
2022-11-04 00:00:00+05:30,137.6,139.6,134.0,135.73,11810799
2022-11-07 00:00:00+05:30,137.0,140.2,136.17,139.93,6314860
2022-11-09 00:00:00+05:30,141.3,141.3,136.17,136.33,4370440
2022-11-10 00:00:00+05:30,136.6,137.63,136.23,137.2,2416707
2022-11-11 00:00:00+05:30,137.9,138.63,137.07,138.47,2413557
2022-11-14 00:00:00+05:30,138.5,140.23,138.13,138.73,3237581
2022-11-15 00:00:00+05:30,139.3,140.33,138.0,140.13,2246650
2022-11-16 00:00:00+05:30,140.33,140.33,138.67,139.3,5420763
2022-11-17 00:00:00+05:30,139.43,140.53,138.27,140.07,2778139
2022-11-18 00:00:00+05:30,140.67,141.2,138.03,139.4,2705542
2022-11-21 00:00:00+05:30,140.1,144.23,139.67,143.53,6876121
2022-11-22 00:00:00+05:30,142.97,143.5,140.33,141.6,4476484
2022-11-23 00:00:00+05:30,142.23,143.73,141.4,142.97,3439513
2022-11-24 00:00:00+05:30,144.13,147.9,143.8,147.67,6908401
2022-11-25 00:00:00+05:30,147.97,152.27,146.13,150.7,6084156
2022-11-28 00:00:00+05:30,152.0,159.67,152.0,159.0,16911787
2022-11-29 00:00:00+05:30,159.33,159.8,157.07,159.0,4872351
2022-11-30 00:00:00+05:30,159.0,161.0,156.57,159.4,6961306
2022-12-01 00:00:00+05:30,159.4,160.0,156.7,157.63,3620262
2022-12-02 00:00:00+05:30,157.63,159.1,156.17,157.13,6310464
2022-12-05 00:00:00+05:30,157.0,157.43,152.93,153.4,3903148
2022-12-06 00:00:00+05:30,154.0,154.47,148.87,149.37,6235984
2022-12-07 00:00:00+05:30,151.67,155.67,150.5,155.03,10704124
2022-12-08 00:00:00+05:30,156.37,158.33,154.17,156.8,6314728
2022-12-09 00:00:00+05:30,160.0,163.23,156.73,160.0,10453536
2022-12-12 00:00:00+05:30,159.97,168.67,158.67,167.93,15171343
2022-12-13 00:00:00+05:30,167.83,168.53,163.33,164.03,6903192
2022-12-14 00:00:00+05:30,164.87,165.13,161.5,161.8,7269261
2022-12-15 00:00:00+05:30,162.13,165.93,161.83,164.37,6735444
2022-12-16 00:00:00+05:30,164.6,166.03,160.7,162.13,5686036
2022-12-19 00:00:00+05:30,163.27,163.5,159.63,162.33,5578116
2022-12-20 00:00:00+05:30,161.83,162.5,159.6,160.9,2777734
2022-12-21 00:00:00+05:30,160.47,161.57,154.07,154.67,6024385
2022-12-22 00:00:00+05:30,156.33,156.33,150.5,153.4,4272525
2022-12-23 00:00:00+05:30,153.07,153.07,149.7,151.67,4616976
2022-12-26 00:00:00+05:30,151.0,155.17,149.67,153.93,2983320
2022-12-27 00:00:00+05:30,154.63,155.3,152.23,154.1,3945796
2022-12-28 00:00:00+05:30,154.27,155.2,152.27,153.97,3091577
2022-12-29 00:00:00+05:30,153.93,155.77,152.33,155.47,3053433
2022-12-30 00:00:00+05:30,155.93,157.6,155.27,156.77,3626418
2023-01-02 00:00:00+05:30,157.3,159.03,156.0,158.07,2686011
2023-01-03 00:00:00+05:30,157.33,159.17,156.63,158.47,2534371
2023-01-04 00:00:00+05:30,159.33,162.67,158.17,160.67,7819026
2023-01-05 00:00:00+05:30,162.47,165.9,160.97,163.97,8444502
2023-01-06 00:00:00+05:30,163.87,167.33,162.93,166.6,5949651
2023-01-09 00:00:00+05:30,166.6,167.13,163.1,163.43,4839738
2023-01-10 00:00:00+05:30,164.27,166.67,162.0,166.13,6141445
2023-01-11 00:00:00+05:30,166.63,174.0,165.3,170.97,17905368
2023-01-12 00:00:00+05:30,171.8,171.9,165.27,166.47,7784146
2023-01-13 00:00:00+05:30,165.67,168.6,164.13,167.47,6520690
2023-01-16 00:00:00+05:30,167.87,167.87,164.43,164.93,3636102
2023-01-17 00:00:00+05:30,165.77,166.47,161.37,162.23,6607452
2023-01-18 00:00:00+05:30,161.43,163.5,161.1,162.2,2664922
2023-01-19 00:00:00+05:30,162.23,165.67,161.43,163.9,4791037
2023-01-20 00:00:00+05:30,163.67,165.33,162.17,163.93,9128767
2023-01-23 00:00:00+05:30,165.3,167.47,163.03,166.93,4969476
2023-01-24 00:00:00+05:30,167.0,168.47,165.17,166.13,4747996
2023-01-25 00:00:00+05:30,165.5,166.6,164.1,165.37,3690420
2023-01-27 00:00:00+05:30,165.83,166.6,152.17,156.2,9358624
2023-01-30 00:00:00+05:30,157.07,157.9,154.0,156.23,6202143
2023-01-31 00:00:00+05:30,157.87,160.2,156.73,158.6,7010272
2023-02-01 00:00:00+05:30,158.0,160.4,153.4,156.97,7549489
2023-02-02 00:00:00+05:30,157.33,157.33,151.0,153.5,6896490
2023-02-03 00:00:00+05:30,154.6,154.97,148.07,151.73,7097305
2023-02-06 00:00:00+05:30,152.6,155.23,150.37,154.8,4748764
2023-02-07 00:00:00+05:30,155.3,155.3,152.97,154.43,1990673
2023-02-08 00:00:00+05:30,154.43,155.5,151.97,154.57,5676672
2023-02-09 00:00:00+05:30,152.93,155.8,152.9,154.7,3127240
2023-02-10 00:00:00+05:30,156.67,157.3,153.4,155.2,8468109
2023-02-13 00:00:00+05:30,155.33,156.53,153.37,154.13,4487080
2023-02-14 00:00:00+05:30,154.0,156.3,151.9,155.83,4850151
2023-02-15 00:00:00+05:30,155.8,157.0,154.53,156.7,1779787
2023-02-16 00:00:00+05:30,156.4,156.8,153.33,154.27,4559559
2023-02-17 00:00:00+05:30,154.47,157.8,153.87,156.03,4276709
2023-02-20 00:00:00+05:30,156.93,156.93,153.13,154.27,4974309
2023-02-21 00:00:00+05:30,154.73,156.3,150.33,151.5,3905413
2023-02-22 00:00:00+05:30,148.63,151.5,146.9,149.27,8681488
2023-02-23 00:00:00+05:30,149.4,150.17,147.5,148.07,9838204
2023-02-24 00:00:00+05:30,148.27,149.37,144.4,144.67,6737139
2023-02-27 00:00:00+05:30,145.2,145.2,141.1,142.87,9315732
2023-02-28 00:00:00+05:30,142.87,144.3,141.7,143.5,8388481
2023-03-01 00:00:00+05:30,144.17,144.77,142.93,143.47,4679059
2023-03-02 00:00:00+05:30,143.9,146.2,142.7,145.37,4907434
2023-03-03 00:00:00+05:30,146.43,146.77,144.5,145.93,3269110
2023-03-06 00:00:00+05:30,146.6,148.37,146.03,147.33,4620327
2023-03-08 00:00:00+05:30,146.8,149.67,146.47,149.17,5055708
2023-03-09 00:00:00+05:30,149.27,151.67,149.03,151.23,6104386
2023-03-10 00:00:00+05:30,150.63,154.17,149.23,153.13,4434160
2023-03-13 00:00:00+05:30,152.67,154.2,151.27,152.17,5203635
2023-03-14 00:00:00+05:30,152.07,153.47,150.0,152.47,5196829
2023-03-15 00:00:00+05:30,154.0,155.97,153.07,153.57,6112023
2023-03-16 00:00:00+05:30,155.33,164.6,155.33,163.0,25118332
2023-03-17 00:00:00+05:30,164.0,164.3,160.0,161.7,14023891
2023-03-20 00:00:00+05:30,164.97,165.93,160.53,165.07,8810095
2023-03-21 00:00:00+05:30,165.13,165.13,161.4,163.17,5039164
2023-03-22 00:00:00+05:30,163.2,164.17,162.3,163.63,2836374
2023-03-23 00:00:00+05:30,163.0,163.7,161.33,161.8,3179392
2023-03-24 00:00:00+05:30,161.33,161.8,159.0,159.23,1483182
2023-03-27 00:00:00+05:30,159.9,161.6,156.7,157.53,2168901
2023-03-28 00:00:00+05:30,156.6,157.07,153.53,156.17,2860153
2023-03-29 00:00:00+05:30,155.8,157.53,154.37,156.03,6467094
2023-03-31 00:00:00+05:30,156.83,159.27,156.43,158.27,2138125
2023-04-03 00:00:00+05:30,153.33,155.1,146.73,150.33,12769321
2023-04-05 00:00:00+05:30,151.0,151.0,148.37,150.43,4276540
2023-04-06 00:00:00+05:30,151.2,153.0,150.23,151.93,2259267
2023-04-10 00:00:00+05:30,151.97,154.0,151.4,152.87,2927700
2023-04-11 00:00:00+05:30,153.07,154.5,152.87,154.2,1825846
2023-04-12 00:00:00+05:30,154.0,154.87,151.7,153.27,4430575
2023-04-13 00:00:00+05:30,151.4,152.6,148.83,150.0,8358695
2023-04-17 00:00:00+05:30,150.37,151.57,148.03,151.33,2937471
2023-04-18 00:00:00+05:30,151.97,152.57,151.3,152.4,1956707
2023-04-19 00:00:00+05:30,152.5,159.33,152.0,158.83,5825184
2023-04-20 00:00:00+05:30,159.9,162.33,158.57,159.8,5250103
2023-04-21 00:00:00+05:30,160.87,161.6,159.0,161.2,2342258
2023-04-24 00:00:00+05:30,160.93,162.8,159.77,162.53,1495483
2023-04-25 00:00:00+05:30,162.3,165.33,161.33,164.67,2885422
2023-04-26 00:00:00+05:30,163.53,165.73,163.53,164.83,2271381
2023-04-27 00:00:00+05:30,166.2,169.0,165.83,167.07,4603572
2023-04-28 00:00:00+05:30,167.67,167.87,164.87,167.5,2437161
2023-05-02 00:00:00+05:30,167.53,171.77,167.13,168.57,3955167
2023-05-03 00:00:00+05:30,170.47,173.33,169.2,171.07,6784113
2023-05-04 00:00:00+05:30,172.7,177.3,170.9,172.13,10417746
2023-05-05 00:00:00+05:30,173.0,173.63,169.1,169.33,3263119
2023-05-08 00:00:00+05:30,169.8,170.07,166.97,169.3,5558658
2023-05-09 00:00:00+05:30,169.63,170.93,168.7,170.3,3145510
2023-05-10 00:00:00+05:30,171.57,173.0,169.23,170.7,7781799
2023-05-11 00:00:00+05:30,172.03,172.77,170.87,172.27,1894987
2023-05-12 00:00:00+05:30,172.0,174.17,170.03,173.83,4794613
2023-05-15 00:00:00+05:30,175.67,179.33,172.3,173.07,6639102
2023-05-16 00:00:00+05:30,174.8,177.33,172.77,174.1,6203130
2023-05-17 00:00:00+05:30,174.1,176.13,171.57,172.13,2786406
2023-05-18 00:00:00+05:30,172.6,173.07,168.8,169.6,2160511
2023-05-19 00:00:00+05:30,169.67,171.33,167.8,170.9,3027369
2023-05-22 00:00:00+05:30,170.73,170.87,168.17,170.33,1903704
2023-05-23 00:00:00+05:30,170.6,176.93,170.17,175.6,6071118
2023-05-24 00:00:00+05:30,175.6,176.6,171.93,172.13,2200050
2023-05-25 00:00:00+05:30,172.0,172.9,169.83,172.07,3132070
2023-05-26 00:00:00+05:30,173.3,174.6,171.7,172.37,1594229
2023-05-29 00:00:00+05:30,173.37,173.37,170.8,171.8,1160723
2023-05-30 00:00:00+05:30,171.8,172.9,170.37,171.27,1894573
2023-05-31 00:00:00+05:30,172.23,176.13,170.8,173.93,15045517
2023-06-01 00:00:00+05:30,175.33,178.23,173.07,173.5,3952573
2023-06-02 00:00:00+05:30,173.93,173.93,171.53,172.37,3811598
2023-06-05 00:00:00+05:30,172.1,172.57,168.87,171.0,4093459
2023-06-06 00:00:00+05:30,171.3,175.5,171.07,174.9,4288522
2023-06-07 00:00:00+05:30,175.53,185.6,175.23,184.43,20442456
2023-06-08 00:00:00+05:30,181.67,181.67,176.67,177.27,11896868
2023-06-09 00:00:00+05:30,178.67,179.2,174.37,174.8,3135649
2023-06-12 00:00:00+05:30,175.33,183.3,175.3,182.3,7368526
2023-06-13 00:00:00+05:30,183.67,184.8,181.93,182.9,3645700
2023-06-14 00:00:00+05:30,182.33,186.33,182.33,183.93,6189126
2023-06-15 00:00:00+05:30,184.17,185.17,182.0,182.67,2832462
2023-06-16 00:00:00+05:30,182.67,183.3,180.67,182.6,5487126
2023-06-19 00:00:00+05:30,182.3,182.93,180.77,181.53,1315017
2023-06-20 00:00:00+05:30,182.0,182.33,179.33,182.0,3236629
2023-06-21 00:00:00+05:30,182.8,183.53,180.4,182.7,4181808
2023-06-22 00:00:00+05:30,181.87,184.0,180.43,183.73,4429908
2023-06-23 00:00:00+05:30,182.0,182.93,176.87,179.63,8782932
2023-06-26 00:00:00+05:30,179.6,181.8,177.8,181.5,2867265
2023-06-27 00:00:00+05:30,181.33,182.9,177.27,178.33,4465830
2023-06-28 00:00:00+05:30,179.83,181.7,177.5,179.5,3661584
2023-06-30 00:00:00+05:30,179.83,183.33,178.77,182.33,4702008
2023-07-03 00:00:00+05:30,184.0,195.6,181.77,189.57,23454139
2023-07-04 00:00:00+05:30,190.67,190.67,184.47,186.17,5417526
2023-07-05 00:00:00+05:30,186.57,194.8,184.47,193.33,11345260
2023-07-06 00:00:00+05:30,193.37,204.67,193.37,201.2,21480954
2023-07-07 00:00:00+05:30,201.3,205.33,199.67,204.03,8797820
2023-07-10 00:00:00+05:30,205.33,205.33,196.37,198.67,6209235
2023-07-11 00:00:00+05:30,198.53,199.83,196.07,196.67,8823073
2023-07-12 00:00:00+05:30,196.73,197.03,193.77,194.17,5189022
2023-07-13 00:00:00+05:30,195.33,195.73,190.0,191.2,6441040
2023-07-14 00:00:00+05:30,191.33,193.67,189.07,191.8,3785467
2023-07-17 00:00:00+05:30,193.53,196.6,192.97,196.27,5004282
2023-07-18 00:00:00+05:30,197.17,198.67,193.03,193.9,4478137
2023-07-19 00:00:00+05:30,193.67,199.0,192.53,198.8,5501388
2023-07-20 00:00:00+05:30,198.67,203.73,198.67,200.0,6587845
2023-07-21 00:00:00+05:30,200.0,203.17,198.97,200.97,2531094
2023-07-24 00:00:00+05:30,201.03,203.0,199.87,200.67,3925993
2023-07-25 00:00:00+05:30,199.9,202.5,198.93,200.33,4215550
2023-07-26 00:00:00+05:30,200.33,206.6,199.8,201.2,6795765
2023-07-27 00:00:00+05:30,202.33,203.63,192.93,194.37,7392388
2023-07-28 00:00:00+05:30,194.97,194.97,185.07,186.57,11114523
2023-07-31 00:00:00+05:30,186.67,190.33,184.27,188.63,9342345
2023-08-01 00:00:00+05:30,187.67,191.3,186.77,189.97,4755826
2023-08-02 00:00:00+05:30,190.8,190.8,182.67,184.3,14060067
2023-08-03 00:00:00+05:30,184.33,184.67,179.0,180.4,13835983
2023-08-04 00:00:00+05:30,182.6,182.6,177.5,177.67,4975267
2023-08-07 00:00:00+05:30,179.13,179.33,175.33,178.83,5965215
2023-08-08 00:00:00+05:30,179.4,180.17,175.0,176.87,5986129
2023-08-09 00:00:00+05:30,177.27,178.33,175.43,177.93,3781948
2023-08-10 00:00:00+05:30,177.93,179.67,176.07,176.83,3595740
2023-08-11 00:00:00+05:30,177.67,179.73,176.77,177.67,3494269
2023-08-14 00:00:00+05:30,177.67,177.67,174.77,175.2,1757390
2023-08-16 00:00:00+05:30,175.0,177.7,173.83,174.23,5184300
2023-08-17 00:00:00+05:30,175.33,175.97,173.47,175.6,2848000
2023-08-18 00:00:00+05:30,175.1,175.7,173.17,173.93,3723950
2023-08-21 00:00:00+05:30,174.03,174.83,172.9,173.87,3155305
2023-08-22 00:00:00+05:30,174.63,175.1,172.9,173.37,2339649
2023-08-23 00:00:00+05:30,173.67,174.03,172.87,173.03,1834942
2023-08-24 00:00:00+05:30,174.0,177.7,173.57,177.13,4401718
2023-08-25 00:00:00+05:30,176.67,178.63,173.9,174.03,3751221
2023-08-28 00:00:00+05:30,174.67,177.2,174.4,176.33,4142680
2023-08-29 00:00:00+05:30,176.93,177.8,175.5,176.07,4066027
2023-08-30 00:00:00+05:30,173.73,173.93,171.33,171.47,14716470
2023-08-31 00:00:00+05:30,172.13,172.13,164.53,165.37,13476831
2023-09-01 00:00:00+05:30,166.33,167.27,164.13,166.83,8588032
2023-09-04 00:00:00+05:30,167.67,169.13,165.67,168.7,7089276
2023-09-05 00:00:00+05:30,169.23,172.47,168.33,169.77,4983171
2023-09-06 00:00:00+05:30,167.9,170.0,166.5,169.8,4225831
2023-09-07 00:00:00+05:30,170.77,171.83,168.0,169.43,6149200
2023-09-08 00:00:00+05:30,169.83,175.53,169.33,173.6,8627001
2023-09-11 00:00:00+05:30,175.0,179.1,173.6,177.2,8315091
2023-09-12 00:00:00+05:30,179.27,179.27,167.33,167.87,11343910
2023-09-13 00:00:00+05:30,168.17,170.57,166.37,169.8,6439729
2023-09-14 00:00:00+05:30,170.2,172.87,169.77,172.33,4605396
2023-09-15 00:00:00+05:30,171.77,171.87,167.33,168.17,16292865
2023-09-18 00:00:00+05:30,167.7,174.17,167.47,171.4,7400761
2023-09-20 00:00:00+05:30,169.0,172.87,168.23,171.87,7330284
2023-09-21 00:00:00+05:30,172.0,177.33,171.03,175.63,12707769
2023-09-22 00:00:00+05:30,175.33,177.5,173.67,173.97,6728026
2023-09-25 00:00:00+05:30,173.37,174.57,170.83,173.57,5094865
2023-09-26 00:00:00+05:30,173.33,175.83,172.83,173.33,4370337
2023-09-27 00:00:00+05:30,173.1,173.2,168.6,170.87,6081648
2023-09-28 00:00:00+05:30,169.33,171.3,166.07,166.47,5850073
2023-09-29 00:00:00+05:30,167.8,171.83,166.87,169.97,4398093
2023-10-03 00:00:00+05:30,171.0,172.73,169.1,169.6,5772862
2023-10-04 00:00:00+05:30,170.0,170.1,164.7,166.63,7628286
2023-10-05 00:00:00+05:30,170.67,174.47,168.2,169.03,8985072
2023-10-06 00:00:00+05:30,169.37,172.87,168.67,171.83,5602408
2023-10-09 00:00:00+05:30,168.07,168.67,166.0,167.8,7985133
2023-10-10 00:00:00+05:30,167.83,169.7,167.4,167.83,1638906
2023-10-11 00:00:00+05:30,169.1,170.37,168.4,169.4,3530580
2023-10-12 00:00:00+05:30,170.33,174.53,170.3,172.27,4740789
2023-10-13 00:00:00+05:30,172.03,173.23,170.53,170.97,2186107
2023-10-16 00:00:00+05:30,169.33,172.33,167.43,171.13,3632274
2023-10-17 00:00:00+05:30,171.43,177.67,170.6,174.47,8071116
2023-10-18 00:00:00+05:30,175.13,175.33,170.7,171.3,6627409
2023-10-19 00:00:00+05:30,170.67,175.33,169.5,174.53,2734614
2023-10-20 00:00:00+05:30,173.33,173.33,167.17,168.47,6209217
2023-10-23 00:00:00+05:30,169.0,169.87,165.2,166.13,7104466
2023-10-25 00:00:00+05:30,167.8,168.57,162.7,164.03,5532331
2023-10-26 00:00:00+05:30,163.33,163.37,159.47,161.43,4802959
2023-10-27 00:00:00+05:30,161.67,164.1,161.0,162.37,2395591
2023-10-30 00:00:00+05:30,163.33,165.17,161.07,163.97,4989558
2023-10-31 00:00:00+05:30,164.9,166.23,163.47,165.13,3108583
2023-11-01 00:00:00+05:30,166.33,169.73,166.27,167.97,4750212
2023-11-02 00:00:00+05:30,169.13,172.33,168.27,170.13,4700620
2023-11-03 00:00:00+05:30,170.67,173.27,170.0,171.7,3553620
2023-11-06 00:00:00+05:30,173.2,176.67,172.3,174.73,7518147
2023-11-07 00:00:00+05:30,176.73,186.83,173.37,185.77,30501136
2023-11-08 00:00:00+05:30,188.37,201.6,188.03,199.67,37025106
2023-11-09 00:00:00+05:30,200.1,203.2,198.07,199.3,9674457
2023-11-10 00:00:00+05:30,198.67,201.83,197.17,199.7,4987359
2023-11-12 00:00:00+05:30,202.0,203.57,199.67,200.17,910299
2023-11-13 00:00:00+05:30,199.4,203.17,196.83,202.17,7103496
2023-11-15 00:00:00+05:30,203.23,209.8,201.17,209.07,13297720
2023-11-16 00:00:00+05:30,210.0,217.87,208.9,213.5,14447925
2023-11-17 00:00:00+05:30,215.33,223.13,205.63,206.67,27496918
2023-11-20 00:00:00+05:30,207.7,208.53,203.67,204.8,7316140
2023-11-21 00:00:00+05:30,206.47,206.47,200.2,203.3,8143939
2023-11-22 00:00:00+05:30,204.67,209.57,201.53,203.67,14970243
2023-11-23 00:00:00+05:30,204.67,219.83,203.87,217.8,24344445
2023-11-24 00:00:00+05:30,217.23,217.33,209.7,213.47,15421744
2023-11-28 00:00:00+05:30,219.37,230.0,216.73,228.5,39726289
2023-11-29 00:00:00+05:30,228.0,234.0,224.7,228.3,23548495
2023-11-30 00:00:00+05:30,228.0,233.2,224.37,231.6,18231517
2023-12-01 00:00:00+05:30,232.07,237.57,229.37,230.37,11196495
2023-12-04 00:00:00+05:30,236.67,252.97,236.67,251.0,44928232
2023-12-05 00:00:00+05:30,254.0,261.0,249.43,254.3,29843163
2023-12-06 00:00:00+05:30,258.0,259.93,249.77,256.17,10174219
2023-12-07 00:00:00+05:30,260.17,264.0,254.77,255.4,20068596
2023-12-08 00:00:00+05:30,256.0,257.87,248.73,251.67,8463868
2023-12-11 00:00:00+05:30,253.33,254.9,238.8,240.57,23689200
2023-12-12 00:00:00+05:30,240.67,246.57,237.33,238.07,12651369
2023-12-13 00:00:00+05:30,242.33,251.83,241.77,250.0,21529429
2023-12-14 00:00:00+05:30,251.93,253.33,246.3,250.47,9775294
2023-12-15 00:00:00+05:30,245.33,261.83,244.37,255.93,18928414
2023-12-18 00:00:00+05:30,257.33,257.83,251.9,252.87,6407295
2023-12-19 00:00:00+05:30,254.6,256.67,250.77,253.73,7063870
2023-12-20 00:00:00+05:30,256.5,256.5,242.07,243.23,11112139
2023-12-21 00:00:00+05:30,240.2,252.0,239.13,250.47,8472187
2023-12-22 00:00:00+05:30,250.4,250.4,242.67,246.2,12698515
2023-12-26 00:00:00+05:30,247.27,261.33,244.53,256.1,21655452
2023-12-27 00:00:00+05:30,256.0,258.3,251.33,254.57,19716265
2023-12-28 00:00:00+05:30,257.13,290.93,254.9,278.43,57375486
2023-12-29 00:00:00+05:30,266.67,273.47,264.8,265.93,29294128
2024-01-01 00:00:00+05:30,270.67,271.0,265.4,266.4,8701509
2024-01-02 00:00:00+05:30,267.53,274.0,262.07,272.47,12324552
2024-01-03 00:00:00+05:30,272.7,282.37,270.33,281.2,19759921
2024-01-04 00:00:00+05:30,278.0,278.77,274.7,276.93,11684829
2024-01-05 00:00:00+05:30,277.67,284.67,277.47,280.0,14570676
2024-01-08 00:00:00+05:30,282.67,292.0,281.47,286.27,21847068
2024-01-09 00:00:00+05:30,292.0,294.23,287.33,292.9,11090032
2024-01-10 00:00:00+05:30,290.0,291.0,283.77,287.13,8980549
2024-01-11 00:00:00+05:30,290.0,298.3,288.97,297.0,13717158
2024-01-12 00:00:00+05:30,297.9,302.13,292.37,300.53,11439837
2024-01-15 00:00:00+05:30,301.67,302.4,296.77,299.73,6912682
2024-01-16 00:00:00+05:30,299.6,306.27,298.7,301.87,11116167
2024-01-17 00:00:00+05:30,300.67,305.83,297.37,299.4,12987159
2024-01-18 00:00:00+05:30,299.33,308.0,292.93,303.07,9661435
2024-01-19 00:00:00+05:30,305.73,312.37,302.0,310.5,5983177
2024-01-20 00:00:00+05:30,313.33,316.67,309.43,312.43,6503176
2024-01-23 00:00:00+05:30,317.87,318.0,291.33,293.63,13018228
2024-01-24 00:00:00+05:30,296.67,304.5,294.0,301.7,9089022
2024-01-25 00:00:00+05:30,304.0,304.97,277.67,287.07,26530120
2024-01-29 00:00:00+05:30,288.67,305.77,286.77,301.53,20708088
2024-01-30 00:00:00+05:30,304.17,323.53,303.17,314.47,25892997
2024-01-31 00:00:00+05:30,316.27,318.37,306.73,308.83,9025434
2024-02-01 00:00:00+05:30,311.97,313.57,304.0,310.53,7832593
2024-02-02 00:00:00+05:30,315.33,333.87,313.97,325.9,28635609
2024-02-05 00:00:00+05:30,331.33,344.9,326.67,338.93,27456336
2024-02-06 00:00:00+05:30,343.33,360.67,336.77,357.2,28853269
2024-02-07 00:00:00+05:30,349.33,355.17,344.1,349.07,17541222
2024-02-08 00:00:00+05:30,349.2,358.93,346.73,350.1,19069318
2024-02-09 00:00:00+05:30,350.67,350.97,326.2,340.13,14684275
2024-02-12 00:00:00+05:30,338.07,340.13,324.6,334.6,14235303
2024-02-13 00:00:00+05:30,335.33,338.5,328.27,334.43,7641726
2024-02-14 00:00:00+05:30,330.0,366.0,327.7,362.2,21203626
2024-02-15 00:00:00+05:30,365.87,386.47,358.37,383.33,26550160
2024-02-16 00:00:00+05:30,385.33,396.53,372.57,377.13,22269525
2024-02-19 00:00:00+05:30,378.0,379.73,368.37,369.8,15202254
2024-02-20 00:00:00+05:30,369.8,378.33,359.27,375.4,13374787
2024-02-21 00:00:00+05:30,376.0,379.33,354.67,362.17,9993580
2024-02-22 00:00:00+05:30,362.0,366.7,352.4,359.4,9478065
2024-02-23 00:00:00+05:30,357.33,359.63,348.07,351.73,8613265
2024-02-26 00:00:00+05:30,351.73,362.33,340.67,361.1,24162310
2024-02-27 00:00:00+05:30,361.2,365.0,348.37,353.23,12715461
2024-02-28 00:00:00+05:30,353.23,353.47,336.3,338.13,16233910
2024-02-29 00:00:00+05:30,336.7,343.33,334.7,339.6,14603767
2024-03-01 00:00:00+05:30,344.0,350.67,343.53,344.77,10267491
2024-03-02 00:00:00+05:30,345.0,347.33,342.97,345.87,786030
2024-03-04 00:00:00+05:30,344.67,351.93,343.7,350.07,12281475
2024-03-05 00:00:00+05:30,350.67,354.3,347.7,352.03,7153845
2024-03-06 00:00:00+05:30,351.0,353.2,336.13,344.8,11296345
2024-03-07 00:00:00+05:30,343.8,345.67,335.6,339.0,6370131
2024-03-11 00:00:00+05:30,337.33,348.0,331.63,341.23,13126309
2024-03-12 00:00:00+05:30,341.33,347.63,338.17,342.87,9137031
2024-03-13 00:00:00+05:30,343.07,344.67,319.07,322.6,11735005
2024-03-14 00:00:00+05:30,323.33,336.67,320.4,333.4,11317566
2024-03-15 00:00:00+05:30,326.57,326.57,300.77,312.57,47569515
2024-03-18 00:00:00+05:30,312.6,316.53,306.23,307.43,12216913
2024-03-19 00:00:00+05:30,304.6,305.3,295.37,297.0,9912508
2024-03-20 00:00:00+05:30,299.33,304.1,297.2,302.43,10448274
2024-03-21 00:00:00+05:30,306.97,315.93,305.63,315.0,7801534
2024-03-22 00:00:00+05:30,316.13,322.43,313.8,315.63,7611103
2024-03-26 00:00:00+05:30,312.6,318.53,309.0,315.07,9326937
2024-03-27 00:00:00+05:30,318.0,322.8,312.7,314.07,6988608
2024-03-28 00:00:00+05:30,316.7,319.57,313.4,317.1,7216713
2024-04-01 00:00:00+05:30,317.37,319.0,311.1,312.53,9094608
2024-04-02 00:00:00+05:30,313.53,323.13,311.67,321.47,7687869
2024-04-03 00:00:00+05:30,319.23,322.0,315.03,316.37,7073593
2024-04-04 00:00:00+05:30,316.67,320.0,306.67,307.7,10008145
2024-04-05 00:00:00+05:30,304.67,308.6,299.5,307.47,11510322
2024-04-08 00:00:00+05:30,310.0,314.43,303.73,308.6,9532318
2024-04-09 00:00:00+05:30,309.3,309.93,304.27,305.9,5474667
2024-04-10 00:00:00+05:30,306.33,326.0,306.33,324.97,21499953
2024-04-12 00:00:00+05:30,324.67,324.9,317.83,318.83,10106094
2024-04-15 00:00:00+05:30,314.67,318.17,305.53,311.63,15292357
2024-04-16 00:00:00+05:30,308.33,319.97,305.67,312.37,10663104
2024-04-18 00:00:00+05:30,319.5,329.33,316.03,318.2,19510576
2024-04-19 00:00:00+05:30,311.27,320.33,305.17,318.93,15891541
2024-04-22 00:00:00+05:30,324.67,334.0,324.07,328.03,16166055
2024-04-23 00:00:00+05:30,330.0,330.67,321.07,322.07,7308573
2024-04-24 00:00:00+05:30,323.6,326.9,319.5,324.93,6410241
2024-04-25 00:00:00+05:30,324.67,328.8,322.67,327.47,5505240
2024-04-26 00:00:00+05:30,326.67,331.67,323.63,327.4,5441872
2024-04-29 00:00:00+05:30,329.6,340.6,328.07,337.1,13011373
2024-04-30 00:00:00+05:30,340.27,343.7,327.17,330.27,9751020
2024-05-02 00:00:00+05:30,338.0,357.83,336.33,355.67,32543125
2024-05-03 00:00:00+05:30,360.0,360.6,352.73,356.07,8668201
2024-05-06 00:00:00+05:30,358.73,358.73,341.77,342.53,6891571
2024-05-07 00:00:00+05:30,351.9,356.47,340.0,342.7,19101259
2024-05-08 00:00:00+05:30,346.03,353.33,343.0,348.8,9974296
2024-05-09 00:00:00+05:30,351.93,352.0,331.3,334.0,16768836
2024-05-10 00:00:00+05:30,340.0,342.93,326.73,334.37,11140683
2024-05-13 00:00:00+05:30,337.93,338.67,316.9,333.43,17016712
2024-05-14 00:00:00+05:30,333.33,336.67,326.7,328.87,5985654
2024-05-15 00:00:00+05:30,331.33,339.87,330.97,337.8,5723607
2024-05-16 00:00:00+05:30,341.33,342.0,326.87,332.6,9257388
2024-05-17 00:00:00+05:30,333.4,341.07,331.1,337.97,7424826
2024-05-18 00:00:00+05:30,338.67,338.67,334.97,336.7,716751
2024-05-21 00:00:00+05:30,339.47,353.93,334.47,351.23,15917613
2024-05-22 00:00:00+05:30,352.0,357.33,344.73,353.57,10313953
2024-05-23 00:00:00+05:30,355.33,363.13,353.13,356.97,9477853
2024-05-24 00:00:00+05:30,358.67,366.9,352.07,362.3,10199689
2024-05-27 00:00:00+05:30,362.17,376.0,355.0,371.43,16476420
2024-05-28 00:00:00+05:30,371.33,373.0,360.7,364.6,9185272
2024-05-29 00:00:00+05:30,360.0,364.23,355.97,358.47,5454598
2024-05-30 00:00:00+05:30,359.07,361.77,353.6,356.3,6371389
2024-05-31 00:00:00+05:30,362.0,363.13,355.0,358.23,11794999
2024-06-03 00:00:00+05:30,383.33,396.53,380.07,388.27,29299819
2024-06-04 00:00:00+05:30,389.5,389.67,312.07,329.83,23688403
2024-06-05 00:00:00+05:30,340.67,341.27,308.0,336.83,16559896
2024-06-06 00:00:00+05:30,340.33,357.07,338.7,343.7,14369308
2024-06-07 00:00:00+05:30,342.0,351.17,336.93,349.23,12447922
2024-06-10 00:00:00+05:30,353.33,354.67,344.53,347.97,11322130
2024-06-11 00:00:00+05:30,350.43,355.0,344.17,349.37,10079643
2024-06-12 00:00:00+05:30,353.0,358.57,349.73,350.63,9350832
2024-06-13 00:00:00+05:30,354.13,354.87,349.67,352.23,7163401
2024-06-14 00:00:00+05:30,356.0,362.5,353.33,357.53,11446402
2024-06-18 00:00:00+05:30,361.27,361.47,351.63,353.43,10276386
2024-06-19 00:00:00+05:30,355.37,355.8,342.17,343.67,9794068
2024-06-20 00:00:00+05:30,346.67,350.4,342.67,349.2,6873147
2024-06-21 00:00:00+05:30,350.3,352.55,336.0,340.85,13108523
2024-06-24 00:00:00+05:30,341.3,344.85,335.3,337.95,8084076
2024-06-25 00:00:00+05:30,338.0,340.15,331.25,334.65,3115862
2024-06-26 00:00:00+05:30,335.65,337.45,332.35,333.45,2687005
2024-06-27 00:00:00+05:30,334.0,336.2,327.0,332.75,8129031
2024-06-28 00:00:00+05:30,334.25,339.45,331.5,332.1,4752345
2024-07-01 00:00:00+05:30,331.3,334.4,329.5,331.3,4841697
2024-07-02 00:00:00+05:30,330.8,333.05,324.25,328.3,4430500
2024-07-03 00:00:00+05:30,328.6,330.5,325.3,329.75,4393135
2024-07-04 00:00:00+05:30,331.0,334.55,328.6,329.75,3575516
2024-07-05 00:00:00+05:30,328.5,334.2,327.5,332.45,7702282
2024-07-08 00:00:00+05:30,332.55,336.2,326.15,327.9,9973397
2024-07-09 00:00:00+05:30,328.4,333.35,326.8,330.75,4313809
2024-07-10 00:00:00+05:30,332.0,337.1,323.0,335.15,6833051
2024-07-11 00:00:00+05:30,339.6,353.15,338.0,350.05,17148192
2024-07-12 00:00:00+05:30,353.9,353.9,341.2,342.15,8624668
2024-07-15 00:00:00+05:30,344.75,350.3,341.4,348.05,7249546
2024-07-16 00:00:00+05:30,348.05,361.0,347.6,358.2,14079381
2024-07-18 00:00:00+05:30,358.75,365.0,354.7,357.65,10408667
2024-07-19 00:00:00+05:30,358.6,358.9,340.6,341.65,10763075
2024-07-22 00:00:00+05:30,341.85,354.8,337.8,346.7,13506968
2024-07-23 00:00:00+05:30,348.35,348.7,329.5,346.5,9389682
2024-07-24 00:00:00+05:30,347.0,356.35,344.1,353.85,8207636
2024-07-25 00:00:00+05:30,350.0,376.9,347.15,373.75,20611250
2024-07-26 00:00:00+05:30,379.4,379.5,370.2,376.55,9301896
2024-07-29 00:00:00+05:30,386.0,389.3,378.8,381.05,14114983
2024-07-30 00:00:00+05:30,375.15,401.75,370.1,395.75,35730279
2024-07-31 00:00:00+05:30,399.8,406.6,391.05,392.25,17127806
2024-08-01 00:00:00+05:30,392.45,393.5,384.75,391.4,8840248
2024-08-02 00:00:00+05:30,390.2,398.5,383.85,389.25,12474802
2024-08-05 00:00:00+05:30,387.0,392.65,377.05,388.75,14077705
2024-08-06 00:00:00+05:30,394.0,400.05,384.3,386.2,10419295
2024-08-07 00:00:00+05:30,394.0,403.5,388.2,396.8,17004585
2024-08-08 00:00:00+05:30,399.0,399.0,383.25,389.15,14723158
2024-08-09 00:00:00+05:30,380.3,385.8,374.05,376.65,9753610
2024-08-12 00:00:00+05:30,375.0,383.5,370.5,379.7,10370149
2024-08-13 00:00:00+05:30,377.0,377.6,363.95,371.35,14426819
2024-08-14 00:00:00+05:30,371.85,377.4,368.45,373.1,5776570
2024-08-16 00:00:00+05:30,376.6,382.0,373.65,379.85,7276293
2024-08-19 00:00:00+05:30,385.0,394.85,383.55,387.35,13213008
2024-08-20 00:00:00+05:30,391.1,404.8,391.1,396.5,16300789
2024-08-21 00:00:00+05:30,396.4,411.8,394.0,407.5,14427485
2024-08-22 00:00:00+05:30,413.0,414.65,403.35,406.5,9217776
2024-08-23 00:00:00+05:30,406.4,413.75,404.0,405.5,8131913
2024-08-26 00:00:00+05:30,408.1,408.8,400.3,405.05,6084146
2024-08-27 00:00:00+05:30,401.9,411.4,397.3,404.35,7476660
2024-08-28 00:00:00+05:30,407.25,411.4,402.95,406.6,6224089
2024-08-29 00:00:00+05:30,407.05,417.5,402.45,415.85,9653177
2024-08-30 00:00:00+05:30,421.4,425.25,415.75,419.05,16999644
2024-09-02 00:00:00+05:30,425.0,438.0,421.1,427.85,18305095
2024-09-03 00:00:00+05:30,428.85,430.7,424.75,425.9,5140913
2024-09-04 00:00:00+05:30,433.5,447.6,428.15,445.1,26837682
2024-09-05 00:00:00+05:30,446.3,457.15,444.05,448.5,12007469
2024-09-06 00:00:00+05:30,448.8,451.85,432.7,434.4,8950512
2024-09-09 00:00:00+05:30,434.4,434.45,420.1,421.4,8907889
2024-09-10 00:00:00+05:30,424.4,424.4,417.15,421.35,5944511
2024-09-11 00:00:00+05:30,429.2,435.95,407.55,409.45,12529867
2024-09-12 00:00:00+05:30,415.0,417.65,410.0,413.4,8007169
2024-09-13 00:00:00+05:30,413.45,417.9,406.7,410.9,9258252
2024-09-16 00:00:00+05:30,411.0,413.8,405.8,410.2,4415935
2024-09-17 00:00:00+05:30,410.5,412.5,406.05,408.7,3296568
2024-09-18 00:00:00+05:30,406.55,410.85,405.0,407.45,2255708
2024-09-19 00:00:00+05:30,408.0,408.7,392.0,398.05,4541604
2024-09-20 00:00:00+05:30,398.05,403.3,394.4,398.75,9159103
2024-09-23 00:00:00+05:30,399.5,408.95,396.65,403.45,4899097
2024-09-24 00:00:00+05:30,402.9,419.4,402.65,417.15,9274367
2024-09-25 00:00:00+05:30,417.15,419.05,407.6,417.4,4872324
2024-09-26 00:00:00+05:30,418.2,424.05,408.6,421.95,6065915
2024-09-27 00:00:00+05:30,424.0,439.8,421.2,437.95,12190119
2024-09-30 00:00:00+05:30,436.0,446.95,430.5,440.8,7920391
2024-10-01 00:00:00+05:30,440.0,446.05,438.45,444.9,5525180
2024-10-03 00:00:00+05:30,429.0,432.65,413.0,415.05,14169317
2024-10-04 00:00:00+05:30,407.0,413.75,395.1,406.9,12354340
2024-10-07 00:00:00+05:30,407.2,409.35,390.95,393.65,5679436
2024-10-08 00:00:00+05:30,388.0,395.0,381.5,390.25,12815777
2024-10-09 00:00:00+05:30,400.0,413.0,393.25,394.85,11902837
2024-10-10 00:00:00+05:30,397.5,404.0,392.0,392.5,3363159
2024-10-11 00:00:00+05:30,392.0,397.05,387.4,395.5,2978692
2024-10-14 00:00:00+05:30,397.5,407.9,396.05,405.85,6151692
2024-10-15 00:00:00+05:30,414.0,426.9,412.25,422.9,16856309
2024-10-16 00:00:00+05:30,427.0,438.35,425.15,434.65,16355809
2024-10-17 00:00:00+05:30,431.95,439.0,428.25,433.35,11762175
2024-10-18 00:00:00+05:30,430.4,435.3,422.65,431.6,4941502
2024-10-21 00:00:00+05:30,433.0,436.3,413.85,415.15,9263679
2024-10-22 00:00:00+05:30,414.1,416.6,400.5,402.1,5951071
2024-10-23 00:00:00+05:30,402.1,403.3,394.2,397.85,3779746
2024-10-24 00:00:00+05:30,396.0,405.4,393.45,404.75,7703516
2024-10-25 00:00:00+05:30,406.0,406.0,370.65,372.4,8522829
2024-10-28 00:00:00+05:30,380.0,393.8,379.0,383.3,12990859
2024-10-29 00:00:00+05:30,384.95,389.85,375.5,388.5,5115112
2024-10-30 00:00:00+05:30,388.5,389.45,376.7,377.65,5110158
2024-10-31 00:00:00+05:30,377.0,382.45,374.0,380.9,6864561
2024-11-01 00:00:00+05:30,380.9,383.3,380.0,381.0,505687
2024-11-04 00:00:00+05:30,382.0,382.0,363.65,368.5,8846874
2024-11-05 00:00:00+05:30,365.0,376.5,362.25,374.85,8163853
2024-11-06 00:00:00+05:30,379.85,393.95,377.15,391.6,8284664
2024-11-07 00:00:00+05:30,390.85,400.0,385.35,396.5,5850910
2024-11-08 00:00:00+05:30,395.85,395.85,380.3,383.05,5067482
2024-11-11 00:00:00+05:30,383.0,387.8,375.15,380.95,6123412
2024-11-12 00:00:00+05:30,384.1,390.0,374.05,375.55,6589595
2024-11-13 00:00:00+05:30,375.0,377.9,367.75,371.4,4346895
2024-11-14 00:00:00+05:30,372.5,379.3,365.45,372.4,5809877
2024-11-18 00:00:00+05:30,372.4,375.75,366.4,367.3,5010823
2024-11-19 00:00:00+05:30,366.0,374.8,360.2,362.15,2933169
2024-11-21 00:00:00+05:30,362.15,363.6,354.9,360.1,4403773
2024-11-22 00:00:00+05:30,362.0,365.3,358.6,360.7,2571975
2024-11-25 00:00:00+05:30,368.95,384.65,367.95,376.85,9614696
2024-11-26 00:00:00+05:30,382.1,389.7,378.0,379.6,3574299
2024-11-27 00:00:00+05:30,385.9,386.0,375.8,380.15,6106128
2024-11-28 00:00:00+05:30,381.9,386.25,377.25,380.0,5435933
2024-11-29 00:00:00+05:30,381.45,385.0,376.4,383.1,4384830
2024-12-02 00:00:00+05:30,383.1,384.0,379.2,380.95,2355565
2024-12-03 00:00:00+05:30,385.0,387.6,382.55,384.55,5317630
2024-12-04 00:00:00+05:30,384.0,391.65,382.7,387.65,3476461
2024-12-05 00:00:00+05:30,390.5,393.1,384.5,391.8,3583458
2024-12-06 00:00:00+05:30,393.85,402.25,392.05,399.2,8107943
2024-12-09 00:00:00+05:30,399.05,404.45,397.65,399.7,4763280
2024-12-10 00:00:00+05:30,400.0,406.35,397.25,404.9,6662197
2024-12-11 00:00:00+05:30,404.9,412.35,404.45,410.1,8783167
2024-12-12 00:00:00+05:30,410.0,414.0,406.05,411.7,4832913
2024-12-13 00:00:00+05:30,411.7,418.05,409.45,415.05,7106881
2024-12-16 00:00:00+05:30,414.9,419.0,400.3,407.1,7360302
2024-12-17 00:00:00+05:30,408.0,409.8,404.6,407.1,3735357
2024-12-18 00:00:00+05:30,406.0,409.0,396.95,398.05,4286929
2024-12-19 00:00:00+05:30,392.0,411.0,388.85,407.4,7226543
2024-12-20 00:00:00+05:30,409.0,413.5,397.95,399.5,8035990
2024-12-23 00:00:00+05:30,400.05,411.45,399.3,403.6,3951645
2024-12-24 00:00:00+05:30,404.0,417.95,401.6,412.85,6334203
2024-12-26 00:00:00+05:30,412.85,421.5,408.8,419.3,6201557
2024-12-27 00:00:00+05:30,420.4,420.4,409.1,410.7,3440755
2024-12-30 00:00:00+05:30,409.0,410.4,400.9,405.8,6858610
2024-12-31 00:00:00+05:30,405.8,410.6,402.65,408.75,3103194
2025-01-01 00:00:00+05:30,410.0,414.0,404.7,412.35,2185656
2025-01-02 00:00:00+05:30,412.25,415.8,404.5,412.7,2391474
2025-01-03 00:00:00+05:30,413.5,417.1,407.7,413.05,4037493
2025-01-06 00:00:00+05:30,413.05,414.0,388.0,388.95,5016149
2025-01-07 00:00:00+05:30,391.9,397.6,385.15,386.2,3195402
2025-01-08 00:00:00+05:30,386.5,394.7,381.7,391.35,3631344
2025-01-09 00:00:00+05:30,393.0,393.0,383.45,384.8,2525567
2025-01-10 00:00:00+05:30,387.55,392.8,379.55,388.45,3504508
2025-01-13 00:00:00+05:30,376.55,376.55,360.15,364.4,13439614
2025-01-14 00:00:00+05:30,365.0,375.95,363.85,373.25,3392260
2025-01-15 00:00:00+05:30,377.5,379.45,360.6,363.25,4162695
2025-01-16 00:00:00+05:30,364.0,365.55,357.4,358.2,5072603
2025-01-17 00:00:00+05:30,358.35,363.2,355.2,358.9,3122954
2025-01-20 00:00:00+05:30,360.0,363.4,353.35,360.35,6963879
2025-01-21 00:00:00+05:30,363.0,372.4,358.0,369.95,12344913
2025-01-22 00:00:00+05:30,373.8,374.7,363.2,370.1,6676035
2025-01-23 00:00:00+05:30,373.0,373.8,359.85,362.1,5143368
2025-01-24 00:00:00+05:30,374.2,379.95,351.25,352.85,18088473
2025-01-27 00:00:00+05:30,350.4,350.9,343.35,345.95,4454025
2025-01-28 00:00:00+05:30,350.0,351.75,341.45,349.5,5097372
2025-01-29 00:00:00+05:30,350.85,352.25,343.7,345.25,3747258
2025-01-30 00:00:00+05:30,348.95,354.1,346.0,351.6,4412278
2025-01-31 00:00:00+05:30,351.0,359.45,349.4,358.25,2019592
2025-02-01 00:00:00+05:30,358.25,358.9,333.1,344.85,7985220
2025-02-03 00:00:00+05:30,330.0,333.3,318.7,324.9,26282943
2025-02-04 00:00:00+05:30,328.5,334.85,327.15,333.7,7377189
2025-02-05 00:00:00+05:30,342.1,349.65,340.1,342.9,7113783
2025-02-06 00:00:00+05:30,348.6,349.15,340.6,343.1,3123836
2025-02-07 00:00:00+05:30,345.0,346.7,339.55,342.5,1712683
2025-02-10 00:00:00+05:30,343.0,344.0,335.05,338.3,1957224
2025-02-11 00:00:00+05:30,338.3,338.3,328.25,330.0,1562978
2025-02-12 00:00:00+05:30,330.0,330.3,318.65,323.95,3179345
2025-02-13 00:00:00+05:30,328.0,333.8,319.2,320.15,9771116
2025-02-14 00:00:00+05:30,323.0,323.45,304.4,312.35,9525190
2025-02-17 00:00:00+05:30,312.65,320.4,303.25,318.1,4591304
2025-02-18 00:00:00+05:30,319.0,320.7,312.4,319.95,1673581
2025-02-19 00:00:00+05:30,318.95,326.4,316.65,324.6,2325236
2025-02-20 00:00:00+05:30,323.8,332.2,321.25,331.7,1771611
2025-02-21 00:00:00+05:30,331.0,331.0,321.9,323.0,2193356
2025-02-24 00:00:00+05:30,320.9,325.5,317.65,319.3,3307496
2025-02-25 00:00:00+05:30,319.3,320.25,309.35,309.85,4356438
2025-02-27 00:00:00+05:30,311.0,312.8,302.3,307.0,4865436
2025-02-28 00:00:00+05:30,305.0,306.0,292.45,293.75,6517549
2025-03-03 00:00:00+05:30,295.0,298.9,287.55,297.8,3792065
2025-03-04 00:00:00+05:30,294.1,316.4,290.1,315.2,7276713
2025-03-05 00:00:00+05:30,314.05,334.5,314.05,326.15,12406494
2025-03-06 00:00:00+05:30,334.7,342.4,331.8,339.15,12790937
2025-03-07 00:00:00+05:30,338.9,339.05,330.15,332.45,3825464
2025-03-10 00:00:00+05:30,336.5,344.0,324.25,325.8,7154245
2025-03-11 00:00:00+05:30,324.0,333.9,320.5,329.7,6272107
2025-03-13 00:00:00+05:30,327.35,328.4,323.0,323.7,4696394
2025-03-17 00:00:00+05:30,325.85,330.4,323.7,325.5,5417463
2025-03-18 00:00:00+05:30,325.95,330.0,319.5,324.0,5203598
2025-03-19 00:00:00+05:30,326.0,330.4,324.1,328.0,5942282
2025-03-20 00:00:00+05:30,330.8,339.5,327.05,336.55,4833173
2025-03-21 00:00:00+05:30,336.0,360.2,334.1,356.95,15733590
2025-03-24 00:00:00+05:30,371.0,372.0,354.3,361.9,9399628
2025-03-25 00:00:00+05:30,359.05,365.0,352.7,361.45,6724910
2025-03-26 00:00:00+05:30,360.15,364.5,351.05,351.9,4094188
2025-03-27 00:00:00+05:30,350.75,364.0,349.15,359.55,4545137
2025-03-28 00:00:00+05:30,363.75,369.35,358.05,360.35,5348515
2025-04-01 00:00:00+05:30,354.8,363.5,349.6,361.7,5111753
2025-04-02 00:00:00+05:30,360.1,363.4,353.05,362.15,2536402
2025-04-03 00:00:00+05:30,361.0,374.3,359.35,362.45,5566330
2025-04-04 00:00:00+05:30,373.0,377.85,350.6,358.35,12874209
2025-04-07 00:00:00+05:30,350.0,366.95,341.5,352.8,15489620
2025-04-08 00:00:00+05:30,360.1,371.7,353.0,369.15,10576907
2025-04-09 00:00:00+05:30,372.0,383.05,365.15,379.3,11180400
2025-04-11 00:00:00+05:30,384.5,386.75,377.05,382.2,7217670
2025-04-15 00:00:00+05:30,386.55,386.95,376.1,379.1,4572204
2025-04-16 00:00:00+05:30,378.5,391.15,377.3,390.05,3731014
2025-04-17 00:00:00+05:30,389.9,391.3,385.05,387.7,2358710
2025-04-21 00:00:00+05:30,387.7,399.0,384.5,394.85,2836553
2025-04-22 00:00:00+05:30,395.9,402.25,393.0,398.45,5630844
2025-04-23 00:00:00+05:30,398.5,399.2,383.85,388.8,4742867
2025-04-24 00:00:00+05:30,390.0,394.0,387.3,390.45,4385172
2025-04-25 00:00:00+05:30,390.4,393.1,378.25,380.7,2552932
2025-04-28 00:00:00+05:30,377.0,393.0,377.0,392.2,6104973
2025-04-29 00:00:00+05:30,393.1,396.8,389.25,391.1,4419920
2025-04-30 00:00:00+05:30,395.0,402.75,374.5,378.7,9150558
2025-05-02 00:00:00+05:30,379.95,390.3,379.95,385.05,4484802
2025-05-05 00:00:00+05:30,392.0,414.0,391.25,409.85,28073682
2025-05-06 00:00:00+05:30,410.0,411.85,395.1,396.8,5485163
2025-05-07 00:00:00+05:30,394.0,405.1,392.6,396.95,8825404
2025-05-08 00:00:00+05:30,399.0,402.6,385.0,388.1,5347464
2025-05-09 00:00:00+05:30,382.2,388.0,380.0,386.25,3757854
2025-05-12 00:00:00+05:30,395.0,397.0,386.0,388.8,4957935
2025-05-13 00:00:00+05:30,390.0,393.6,386.2,388.9,3665291
2025-05-14 00:00:00+05:30,392.8,398.0,391.45,396.6,4370060
2025-05-15 00:00:00+05:30,400.0,407.3,397.7,402.7,5828155
2025-05-16 00:00:00+05:30,404.45,411.2,402.65,410.05,5353067
2025-05-19 00:00:00+05:30,410.1,411.5,404.1,404.9,2489091
2025-05-20 00:00:00+05:30,406.0,410.5,392.2,397.4,3231580
2025-05-21 00:00:00+05:30,395.5,405.9,390.55,404.9,3723167
2025-05-22 00:00:00+05:30,405.0,406.95,397.8,401.25,1971376
2025-05-23 00:00:00+05:30,404.0,411.75,404.0,408.1,5540517
2025-05-26 00:00:00+05:30,408.8,417.45,408.45,414.6,2976520
2025-05-27 00:00:00+05:30,414.95,415.55,406.3,412.15,4849935
2025-05-28 00:00:00+05:30,412.15,420.5,409.05,418.1,5630546
2025-05-29 00:00:00+05:30,418.85,419.15,412.6,414.75,3108847
2025-05-30 00:00:00+05:30,414.75,418.9,408.9,411.05,6164496
2025-06-02 00:00:00+05:30,409.6,412.7,407.0,408.2,2200493
2025-06-03 00:00:00+05:30,407.5,410.0,401.1,402.0,2570008
2025-06-04 00:00:00+05:30,404.0,407.65,401.0,406.6,2415724
2025-06-05 00:00:00+05:30,408.5,409.4,399.9,401.0,2588378
2025-06-06 00:00:00+05:30,402.25,407.75,402.25,407.05,1443804
2025-06-09 00:00:00+05:30,407.05,409.6,404.85,408.45,1139355
2025-06-10 00:00:00+05:30,409.1,409.9,404.1,405.1,2079819
2025-06-11 00:00:00+05:30,406.65,423.0,406.05,414.85,8990781
2025-06-12 00:00:00+05:30,410.0,410.0,390.4,392.55,12405231
2025-06-13 00:00:00+05:30,376.0,388.4,370.15,386.25,17736231
2025-06-16 00:00:00+05:30,384.1,396.5,383.05,395.35,5792606
2025-06-17 00:00:00+05:30,393.95,401.0,392.0,393.25,3815275
2025-06-18 00:00:00+05:30,390.1,394.95,388.3,393.95,3440848
2025-06-19 00:00:00+05:30,393.7,396.45,388.95,390.0,3390334
2025-06-20 00:00:00+05:30,389.5,394.45,388.25,392.25,6244473
2025-06-23 00:00:00+05:30,390.35,397.2,383.55,393.25,4641365
2025-06-24 00:00:00+05:30,412.5,414.8,403.9,406.25,15143931
2025-06-25 00:00:00+05:30,410.0,411.8,405.05,408.15,4125652
2025-06-26 00:00:00+05:30,408.0,424.35,407.7,420.3,11364641
2025-06-27 00:00:00+05:30,420.95,440.3,419.45,439.0,15352970
2025-06-30 00:00:00+05:30,440.0,443.2,436.25,438.05,3398554
2025-07-01 00:00:00+05:30,439.4,441.5,433.75,440.45,4624750
2025-07-02 00:00:00+05:30,444.0,446.85,433.3,436.55,3566248
2025-07-03 00:00:00+05:30,437.7,441.6,435.25,436.6,2130326
2025-07-04 00:00:00+05:30,438.8,446.55,436.15,444.6,4318402
2025-07-07 00:00:00+05:30,448.0,455.2,441.25,447.9,8516084
2025-07-08 00:00:00+05:30,447.0,455.0,444.7,452.7,3860453
2025-07-09 00:00:00+05:30,453.0,454.65,442.65,445.45,5207942
2025-07-10 00:00:00+05:30,445.45,450.5,440.05,441.25,4470700
2025-07-11 00:00:00+05:30,444.5,444.5,433.05,435.9,2627116
2025-07-14 00:00:00+05:30,435.9,437.5,428.0,429.9,4575393
2025-07-15 00:00:00+05:30,433.5,441.0,429.1,433.45,6427673
2025-07-16 00:00:00+05:30,434.45,448.55,433.7,446.1,6690619
2025-07-17 00:00:00+05:30,446.05,446.4,438.35,440.0,2643122
2025-07-18 00:00:00+05:30,440.0,441.85,429.5,430.6,3796647
2025-07-21 00:00:00+05:30,433.0,434.6,428.05,431.7,3426999
2025-07-22 00:00:00+05:30,433.0,437.6,428.45,429.25,4216517
2025-07-23 00:00:00+05:30,430.5,436.0,428.35,434.5,2793895
2025-07-24 00:00:00+05:30,435.3,437.0,432.4,434.9,2805754
2025-07-25 00:00:00+05:30,434.6,434.9,420.2,421.8,3196808
2025-07-28 00:00:00+05:30,422.5,430.9,419.5,421.9,2551271
2025-07-29 00:00:00+05:30,421.5,426.6,419.45,425.8,4743610
2025-07-30 00:00:00+05:30,424.0,435.9,416.0,426.25,6890461
2025-07-31 00:00:00+05:30,418.75,421.4,410.6,418.45,9826520
2025-08-01 00:00:00+05:30,420.9,421.0,402.1,403.8,3787580
2025-08-04 00:00:00+05:30,409.0,409.55,399.7,408.65,3277835
2025-08-05 00:00:00+05:30,405.9,405.9,394.5,402.45,7973897
2025-08-06 00:00:00+05:30,403.5,404.9,399.6,401.4,2150509
2025-08-07 00:00:00+05:30,401.0,403.2,392.15,402.4,6318838
2025-08-08 00:00:00+05:30,407.0,415.35,399.5,409.5,12286666
2025-08-11 00:00:00+05:30,414.05,418.0,400.6,410.35,8713932
2025-08-12 00:00:00+05:30,414.9,414.9,406.8,408.05,4526566
2025-08-13 00:00:00+05:30,411.5,413.3,406.7,411.1,3543374
2025-08-14 00:00:00+05:30,402.0,406.1,393.8,394.35,6536476
2025-08-18 00:00:00+05:30,397.05,397.05,383.4,387.05,6525577
2025-08-19 00:00:00+05:30,388.0,397.85,386.15,395.6,4227710
2025-08-20 00:00:00+05:30,394.55,396.85,390.1,390.8,5553949
2025-08-21 00:00:00+05:30,390.7,395.45,390.2,393.15,2094370
2025-08-22 00:00:00+05:30,393.0,393.45,387.7,390.75,2627075
2025-08-25 00:00:00+05:30,390.5,391.5,387.6,390.25,1235196
2025-08-26 00:00:00+05:30,388.2,391.4,381.95,382.95,4825204
2025-08-28 00:00:00+05:30,384.65,386.5,380.8,381.75,3975225
2025-08-29 00:00:00+05:30,381.75,383.85,375.05,375.9,3112442
2025-09-01 00:00:00+05:30,377.0,385.7,376.6,385.25,2360108
2025-09-02 00:00:00+05:30,385.25,387.35,382.0,384.6,1630216
2025-09-03 00:00:00+05:30,383.0,391.65,383.0,387.25,2725471
2025-09-04 00:00:00+05:30,389.1,391.95,383.5,384.6,2609930
2025-09-05 00:00:00+05:30,384.7,386.55,380.2,383.6,2017875
2025-09-08 00:00:00+05:30,384.15,395.3,384.15,393.9,2956578
2025-09-09 00:00:00+05:30,394.0,397.0,389.3,389.9,1921681
2025-09-10 00:00:00+05:30,391.0,393.9,388.8,392.45,1897568
2025-09-11 00:00:00+05:30,391.0,405.8,391.0,397.8,3642055
2025-09-12 00:00:00+05:30,398.95,401.05,396.55,398.75,1389746
2025-09-15 00:00:00+05:30,398.75,400.65,396.2,399.85,1227975
2025-09-16 00:00:00+05:30,401.8,403.05,400.15,402.0,1344352
2025-09-17 00:00:00+05:30,404.0,408.5,402.35,405.65,2545562
2025-09-18 00:00:00+05:30,405.7,409.25,404.9,408.6,1832949
2025-09-19 00:00:00+05:30,408.6,416.0,408.2,413.05,4587363
2025-09-22 00:00:00+05:30,413.05,417.35,409.8,412.75,2571485
2025-09-23 00:00:00+05:30,413.0,425.25,413.0,424.3,4865287
2025-09-24 00:00:00+05:30,426.0,431.0,422.75,424.9,7158456
2025-09-25 00:00:00+05:30,424.0,427.7,420.75,423.5,2368804
2025-09-26 00:00:00+05:30,423.0,425.25,420.0,422.25,5579737
2025-09-29 00:00:00+05:30,422.3,444.4,421.5,441.75,11650349
2025-09-30 00:00:00+05:30,442.05,445.45,439.05,443.4,4266200
2025-10-01 00:00:00+05:30,443.5,449.9,433.4,434.4,6469324
2025-10-03 00:00:00+05:30,439.0,447.0,431.8,446.3,6294835
2025-10-06 00:00:00+05:30,446.0,459.15,440.1,456.3,4323430
2025-10-07 00:00:00+05:30,456.8,465.2,453.0,454.25,8444885
2025-10-08 00:00:00+05:30,452.0,463.0,452.0,457.3,4192443
2025-10-09 00:00:00+05:30,460.5,464.8,456.05,458.0,3613774
2025-10-10 00:00:00+05:30,456.5,461.35,450.85,452.5,1709268
2025-10-13 00:00:00+05:30,454.5,457.0,444.0,451.35,5914037
2025-10-14 00:00:00+05:30,452.1,454.85,440.55,442.65,1703812
2025-10-15 00:00:00+05:30,445.0,451.85,439.35,448.65,6539175
2025-10-16 00:00:00+05:30,449.5,456.2,443.2,451.95,5317330
2025-10-17 00:00:00+05:30,453.0,459.0,446.0,448.6,3262100
2025-10-20 00:00:00+05:30,450.0,457.6,450.0,452.95,2128923
2025-10-21 00:00:00+05:30,454.95,456.5,451.7,455.4,327276
2025-10-23 00:00:00+05:30,454.55,454.55,437.05,440.7,6169707
2025-10-24 00:00:00+05:30,436.25,444.0,432.1,438.45,4341566
2025-10-27 00:00:00+05:30,438.1,454.55,438.0,453.75,5526263
2025-10-28 00:00:00+05:30,454.0,456.7,449.2,452.15,4477594
2025-10-29 00:00:00+05:30,451.1,470.9,451.1,468.85,8351676
2025-10-30 00:00:00+05:30,470.0,478.8,464.55,469.75,9564962
2025-10-31 00:00:00+05:30,469.95,484.1,469.35,476.0,7891214
2025-11-03 00:00:00+05:30,481.5,487.4,480.05,484.1,6195012
2025-11-04 00:00:00+05:30,483.75,491.4,482.75,484.85,6047242
2025-11-06 00:00:00+05:30,484.0,484.0,471.75,473.15,5156374
2025-11-07 00:00:00+05:30,472.0,480.9,468.35,479.55,5059893
2025-11-10 00:00:00+05:30,479.55,485.2,477.75,482.0,2222672
2025-11-11 00:00:00+05:30,480.5,489.5,470.0,487.9,6815234
2025-11-12 00:00:00+05:30,490.0,494.45,483.25,484.9,3568821
2025-11-13 00:00:00+05:30,487.0,490.4,481.9,486.05,2807895
2025-11-14 00:00:00+05:30,483.1,488.75,477.35,481.25,2456049
2025-11-17 00:00:00+05:30,483.0,492.2,482.4,486.5,3478922
2025-11-18 00:00:00+05:30,486.4,488.5,482.4,483.55,1780519
2025-11-19 00:00:00+05:30,482.6,485.0,475.3,477.15,3937809
2025-11-20 00:00:00+05:30,478.0,481.35,474.45,477.9,2859788
2025-11-21 00:00:00+05:30,477.6,478.0,470.15,471.9,2763162
2025-11-24 00:00:00+05:30,471.9,474.5,462.0,463.05,8097325
2025-11-25 00:00:00+05:30,461.75,462.0,452.75,455.25,6235243
2025-11-26 00:00:00+05:30,457.1,467.7,457.05,466.25,3690761
2025-11-27 00:00:00+05:30,467.1,469.3,459.15,463.4,2236914
2025-11-28 00:00:00+05:30,462.0,462.5,455.7,457.5,1539822
2025-12-01 00:00:00+05:30,458.0,461.1,449.0,451.95,2140607
2025-12-02 00:00:00+05:30,455.0,460.45,447.0,450.45,5323687
2025-12-03 00:00:00+05:30,450.95,455.3,446.65,450.7,4191593
2025-12-04 00:00:00+05:30,451.9,453.75,445.0,447.95,3132109
2025-12-05 00:00:00+05:30,447.95,451.95,445.4,450.35,2114565
2025-12-08 00:00:00+05:30,451.8,452.95,442.7,445.95,3238893
2025-12-09 00:00:00+05:30,445.15,453.9,442.3,448.75,6794529
2025-12-10 00:00:00+05:30,450.5,456.9,448.5,449.5,2723651
2025-12-11 00:00:00+05:30,451.8,451.95,443.5,448.05,2284129
2025-12-12 00:00:00+05:30,449.0,461.5,448.5,459.9,2617358
2025-12-15 00:00:00+05:30,461.05,468.15,456.5,466.15,3139768
2025-12-16 00:00:00+05:30,466.1,468.3,460.2,465.35,1508242
2025-12-17 00:00:00+05:30,466.0,471.75,464.45,465.45,2284665
2025-12-18 00:00:00+05:30,466.6,468.3,457.85,464.0,1217678
2025-12-19 00:00:00+05:30,466.0,470.4,462.55,469.75,3305705
2025-12-22 00:00:00+05:30,470.0,478.05,468.3,475.55,2896134
2025-12-23 00:00:00+05:30,477.0,477.4,471.3,475.1,1881359
2025-12-24 00:00:00+05:30,475.1,477.5,469.25,470.7,1548951
2025-12-26 00:00:00+05:30,470.7,471.0,465.05,467.7,1095275
2025-12-29 00:00:00+05:30,468.5,475.95,466.9,474.15,1617182
2025-12-30 00:00:00+05:30,475.25,480.75,467.4,468.75,5380500
2025-12-31 00:00:00+05:30,469.8,500.9,469.05,499.05,11948717
2026-01-01 00:00:00+05:30,499.75,502.15,493.0,498.6,3287789
2026-01-02 00:00:00+05:30,498.6,501.7,492.3,495.85,6513192
2026-01-05 00:00:00+05:30,495.15,508.45,488.1,492.4,8489981
2026-01-06 00:00:00+05:30,492.0,492.35,474.5,482.35,4341976
2026-01-07 00:00:00+05:30,483.0,485.05,475.0,476.45,2548077
2026-01-08 00:00:00+05:30,475.0,475.0,448.95,452.2,6527619
2026-01-09 00:00:00+05:30,452.0,455.2,446.3,448.75,7018633
2026-01-12 00:00:00+05:30,451.0,451.9,441.7,451.05,2794252
2026-01-13 00:00:00+05:30,451.0,453.5,445.1,448.85,1842284
2026-01-14 00:00:00+05:30,447.35,448.2,437.25,440.15,8097390
2026-01-16 00:00:00+05:30,445.0,458.75,445.0,457.9,8060832
2026-01-19 00:00:00+05:30,457.9,460.0,451.6,453.2,2624525
2026-01-20 00:00:00+05:30,453.65,453.65,436.7,438.6,3948024
2026-01-21 00:00:00+05:30,440.0,442.15,428.0,429.05,5200234
2026-01-22 00:00:00+05:30,429.7,434.5,424.3,427.7,4751687
2026-01-23 00:00:00+05:30,430.0,431.7,413.75,414.85,6140298
2026-01-27 00:00:00+05:30,416.95,421.9,412.55,419.35,4221203
2026-01-28 00:00:00+05:30,421.0,437.4,418.0,433.25,5268771
2026-01-29 00:00:00+05:30,433.0,436.9,428.0,432.6,5427396
2026-01-30 00:00:00+05:30,431.0,435.75,423.45,427.0,6429392
2026-02-01 00:00:00+05:30,427.8,435.85,402.7,431.45,4450935
2026-02-02 00:00:00+05:30,438.95,455.0,433.5,453.25,12394412
2026-02-03 00:00:00+05:30,470.0,475.75,444.1,450.7,9971651
2026-02-04 00:00:00+05:30,452.0,464.8,450.3,458.85,8077255
2026-02-05 00:00:00+05:30,466.45,473.6,455.1,458.85,5986826
2026-02-06 00:00:00+05:30,460.65,467.9,459.65,463.15,4702809
2026-02-09 00:00:00+05:30,464.0,467.7,460.5,463.65,2723273
2026-02-10 00:00:00+05:30,463.3,465.3,457.3,461.25,2618235
2026-02-11 00:00:00+05:30,462.0,467.9,459.3,461.75,2997852
2026-02-12 00:00:00+05:30,461.8,464.6,448.25,452.35,3949831
2026-02-13 00:00:00+05:30,452.35,455.25,448.75,450.2,1912866
2026-02-16 00:00:00+05:30,448.0,452.6,445.0,452.05,879388
2026-02-17 00:00:00+05:30,451.6,454.9,444.3,454.25,1420593
2026-02-18 00:00:00+05:30,456.05,458.7,454.0,457.05,1151972
2026-02-19 00:00:00+05:30,452.8,453.3,430.9,434.35,5262959
2026-02-20 00:00:00+05:30,430.0,435.5,426.75,430.9,4738497
2026-02-23 00:00:00+05:30,435.0,442.0,432.6,438.5,2826172
2026-02-24 00:00:00+05:30,437.0,448.95,436.15,447.05,3515127
2026-02-25 00:00:00+05:30,449.7,454.7,432.45,436.7,5442008
2026-02-26 00:00:00+05:30,438.8,445.35,436.05,444.0,4463697
2026-02-27 00:00:00+05:30,444.0,444.05,436.1,438.75,5341791
2026-03-02 00:00:00+05:30,421.1,435.6,415.95,424.5,12250296
2026-03-04 00:00:00+05:30,413.8,416.4,400.1,401.45,6582702
2026-03-05 00:00:00+05:30,403.8,426.5,400.1,418.4,10165454
2026-03-06 00:00:00+05:30,420.0,420.0,402.1,404.95,7196619
2026-03-09 00:00:00+05:30,385.2,389.45,370.15,384.55,24836194
2026-03-10 00:00:00+05:30,396.0,406.65,381.1,387.35,11411957
2026-03-11 00:00:00+05:30,388.75,393.55,382.95,384.25,7883718
2026-03-12 00:00:00+05:30,376.4,388.85,367.5,384.35,8573492
2026-03-13 00:00:00+05:30,379.55,379.55,366.3,368.75,5816666
2026-03-16 00:00:00+05:30,361.0,364.95,348.3,353.8,14657696
2026-03-17 00:00:00+05:30,354.15,355.05,340.0,346.2,14666300
2026-03-18 00:00:00+05:30,350.0,355.45,346.25,349.35,9319269
2026-03-19 00:00:00+05:30,340.2,340.2,321.5,324.8,25818465
2026-03-20 00:00:00+05:30,330.05,345.35,330.05,336.3,24169602
2026-03-23 00:00:00+05:30,324.0,329.65,316.2,319.15,13182560
2026-03-24 00:00:00+05:30,331.0,338.45,319.6,336.8,11512642
2026-03-25 00:00:00+05:30,345.0,348.95,337.55,344.0,13128269
2026-03-27 00:00:00+05:30,352.5,357.7,338.25,340.9,15593599
2026-03-30 00:00:00+05:30,332.0,341.6,325.0,335.4,10584452
2026-04-01 00:00:00+05:30,350.0,350.0,333.2,335.55,10224051
2026-04-02 00:00:00+05:30,329.0,329.65,318.25,326.0,7595679
2026-04-06 00:00:00+05:30,326.0,330.6,317.75,328.05,5089386
2026-04-07 00:00:00+05:30,325.0,332.75,319.55,331.4,10264622
2026-04-08 00:00:00+05:30,354.0,367.65,351.0,364.25,25974676
2026-04-09 00:00:00+05:30,361.8,362.9,354.3,358.0,13372048
2026-04-10 00:00:00+05:30,361.0,366.9,357.05,360.6,6347879
2026-04-13 00:00:00+05:30,346.1,351.0,340.8,349.4,9327976
2026-04-15 00:00:00+05:30,362.3,369.9,362.0,366.65,11204269
2026-04-16 00:00:00+05:30,370.65,371.9,365.75,370.25,6336442
2026-04-17 00:00:00+05:30,367.0,372.8,364.8,370.85,6278506
2026-04-20 00:00:00+05:30,369.0,383.35,368.15,379.5,10194682
2026-04-21 00:00:00+05:30,378.0,388.0,377.55,384.4,7474015
2026-04-22 00:00:00+05:30,376.3,386.95,376.3,382.55,4754747
2026-04-23 00:00:00+05:30,377.35,378.9,371.1,376.9,6774817
2026-04-24 00:00:00+05:30,375.0,376.4,368.7,373.5,5655425
2026-04-27 00:00:00+05:30,376.0,384.95,372.75,380.9,4117585
2026-04-28 00:00:00+05:30,379.5,382.2,375.0,380.05,4591112
2026-04-29 00:00:00+05:30,380.05,384.5,377.5,380.6,4777651
2026-04-30 00:00:00+05:30,375.0,376.8,369.3,374.55,5370044
2026-05-04 00:00:00+05:30,379.0,380.0,372.5,373.85,7346729
2026-05-05 00:00:00+05:30,370.0,376.0,365.4,373.9,6212198
2026-05-06 00:00:00+05:30,379.0,402.4,377.4,399.2,12641387
2026-05-07 00:00:00+05:30,399.4,404.25,387.0,396.5,11241091
2026-05-08 00:00:00+05:30,393.5,395.1,385.0,387.0,7720086
2026-05-11 00:00:00+05:30,383.0,383.4,375.1,377.8,5392032
2026-05-12 00:00:00+05:30,370.5,375.05,363.7,369.9,8973439
2026-05-13 00:00:00+05:30,372.4,392.0,370.55,390.1,16477697
2026-05-14 00:00:00+05:30,388.8,388.8,370.95,377.55,10745610
2026-05-15 00:00:00+05:30,370.2,372.2,363.2,366.4,13799583
2026-05-18 00:00:00+05:30,360.0,362.25,355.8,358.9,7102917
2026-05-19 00:00:00+05:30,363.15,372.4,362.55,371.0,5849675
2026-05-20 00:00:00+05:30,367.0,383.5,363.75,382.75,9746627
2026-05-21 00:00:00+05:30,386.75,391.4,384.55,388.8,7148227
2026-05-22 00:00:00+05:30,388.8,391.0,385.35,389.65,3800324
2026-05-25 00:00:00+05:30,403.0,412.55,402.2,403.35,10214359
2026-05-26 00:00:00+05:30,403.2,403.3,396.7,398.0,4241199
2026-05-27 00:00:00+05:30,398.0,404.2,393.2,402.9,8615664
2026-05-29 00:00:00+05:30,407.0,409.0,390.0,393.85,12624474
2026-06-01 00:00:00+05:30,394.05,396.05,384.45,388.6,4888011
2026-06-02 00:00:00+05:30,384.85,391.05,383.0,383.75,4707348
2026-06-03 00:00:00+05:30,378.9,386.4,378.65,384.1,4660225
2026-06-04 00:00:00+05:30,382.8,390.9,382.35,387.0,4806376
2026-06-05 00:00:00+05:30,387.0,389.8,383.75,385.05,3003625
2026-06-08 00:00:00+05:30,380.8,381.2,371.35,372.75,4236128
2026-06-09 00:00:00+05:30,376.0,383.25,372.2,382.0,6667087
2026-06-10 00:00:00+05:30,381.55,384.9,373.75,374.4,4575738
2026-06-11 00:00:00+05:30,370.05,372.25,361.1,365.7,10518376
2026-06-12 00:00:00+05:30,377.7,391.1,372.0,388.9,14100531
2026-06-15 00:00:00+05:30,406.7,409.95,400.05,401.65,9648829
2026-06-16 00:00:00+05:30,405.8,405.8,396.7,401.8,5228607
2026-06-17 00:00:00+05:30,406.5,410.5,401.2,402.65,6771647
2026-06-18 00:00:00+05:30,405.0,405.8,398.6,401.6,4369524
2026-06-19 00:00:00+05:30,400.2,400.3,390.0,392.1,5929061
2026-06-22 00:00:00+05:30,399.1,399.25,392.0,393.25,3777496
2026-06-23 00:00:00+05:30,396.0,400.1,393.0,396.75,4766451
2026-06-24 00:00:00+05:30,396.55,414.0,395.5,412.9,7705798
2026-06-25 00:00:00+05:30,418.5,420.0,407.5,409.25,5756207
2026-06-29 00:00:00+05:30,405.3,406.85,388.5,389.6,10317020
2026-06-30 00:00:00+05:30,393.15,395.95,389.6,394.45,5216033
2026-07-01 00:00:00+05:30,396.0,396.25,390.7,392.1,3826057
2026-07-02 00:00:00+05:30,394.95,406.3,394.65,399.55,5739322
2026-07-03 00:00:00+05:30,402.05,402.45,397.5,399.25,2558215
2026-07-06 00:00:00+05:30,400.0,403.8,397.5,400.35,3075355
2026-07-07 00:00:00+05:30,403.1,407.1,401.2,405.95,5627837
2026-07-08 00:00:00+05:30,395.0,396.8,383.1,386.85,18852390
2026-07-09 00:00:00+05:30,386.85,394.0,382.85,392.1,4266757
2026-07-10 00:00:00+05:30,395.1,398.8,394.4,395.3,3011646
2026-07-13 00:00:00+05:30,388.25,394.15,385.55,391.6,7267088
2026-07-14 00:00:00+05:30,384.7,387.8,381.65,386.0,8994389
2026-07-15 00:00:00+05:30,386.85,395.9,386.8,394.4,4460216
2026-07-16 00:00:00+05:30,397.0,405.8,394.85,399.4,5278606
2026-07-17 00:00:00+05:30,401.0,403.35,396.6,400.4,5951111
2026-07-20 00:00:00+05:30,396.3,407.7,392.7,405.4,8657829
2026-07-21 00:00:00+05:30,405.0,409.95,404.55,406.95,4144207
2026-07-22 00:00:00+05:30,402.0,403.0,393.15,395.2,4699577
2026-07-23 00:00:00+05:30,385.0,387.45,376.55,385.15,16608337
2026-07-24 00:00:00+05:30,381.0,383.35,372.05,381.1,8650504
2026-07-27 00:00:00+05:30,390.2,396.15,386.8,393.95,7119104
2026-07-28 00:00:00+05:30,396.4,401.65,390.85,400.05,5800724
2026-07-29 00:00:00+05:30,399.95,400.05,392.3,392.75,5674023
2026-07-30 00:00:00+05:30,392.8,393.3,386.25,388.45,6084665
2026-07-31 00:00:00+05:30,390.8,391.9,385.6,389.75,7761816
2026-08-03 00:00:00+05:30,396.9,398.85,392.1,395.0,4909326
2026-08-04 00:00:00+05:30,395.0,395.05,390.55,391.5,4974075
2026-08-05 00:00:00+05:30,398.45,401.05,393.5,394.95,6047719
2026-08-06 00:00:00+05:30,396.9,398.9,392.5,395.0,4603878
2026-08-07 00:00:00+05:30,392.95,395.45,392.0,393.05,5095295
2026-08-10 00:00:00+05:30,395.0,396.4,391.15,393.15,6272362
2026-08-11 00:00:00+05:30,391.8,394.4,385.65,390.85,10390810
2026-08-12 00:00:00+05:30,392.0,393.0,385.8,390.0,10513694
2026-08-13 00:00:00+05:30,392.75,393.5,389.5,392.9,9450914
2026-08-14 00:00:00+05:30,374.0,374.95,371.0,373.5,8013809
2026-08-17 00:00:00+05:30,372.0,373.65,367.0,371.0,3669991
2026-08-18 00:00:00+05:30,368.9,373.75,365.95,366.0,5320731
2026-08-19 00:00:00+05:30,367.0,368.0,364.6,366.45,2352028
2026-08-20 00:00:00+05:30,367.5,368.85,363.2,363.2,3121502
2026-08-21 00:00:00+05:30,364.0,367.0,362.25,363.25,3747655
