datetime,open,high,low,close,volume
2011-08-24 00:00:00+05:30,155.8,155.8,151.0,152.9,63500
2011-08-25 00:00:00+05:30,153.78,156.75,151.58,154.93,26308
2011-08-26 00:00:00+05:30,154.25,158.45,151.0,154.1,26930
2011-08-29 00:00:00+05:30,154.0,155.0,152.55,153.88,114882
2011-08-30 00:00:00+05:30,152.0,161.0,151.8,155.25,472148
2011-09-02 00:00:00+05:30,155.0,156.0,154.0,155.13,127258
2011-09-05 00:00:00+05:30,153.5,159.85,151.5,157.03,87614
2011-09-06 00:00:00+05:30,155.15,158.0,155.15,157.08,430342
2011-09-07 00:00:00+05:30,157.5,158.0,156.0,157.0,283842
2011-09-08 00:00:00+05:30,157.45,158.48,154.15,155.33,17868
2011-09-09 00:00:00+05:30,155.0,159.8,155.0,155.93,142012
2011-09-12 00:00:00+05:30,157.5,157.5,152.75,154.55,28826
2011-09-13 00:00:00+05:30,155.05,155.53,150.0,150.8,58250
2011-09-14 00:00:00+05:30,152.0,152.0,148.5,149.45,50474
2011-09-15 00:00:00+05:30,150.0,150.98,137.03,140.23,647832
2011-09-16 00:00:00+05:30,141.08,142.25,135.65,138.95,306780
2011-09-19 00:00:00+05:30,140.85,142.35,136.75,137.53,125888
2011-09-20 00:00:00+05:30,138.88,139.5,133.53,134.88,210824
2011-09-21 00:00:00+05:30,137.0,137.0,132.0,132.58,251210
2011-09-22 00:00:00+05:30,132.33,134.9,130.05,133.23,151412
2011-09-23 00:00:00+05:30,131.0,137.18,130.15,135.38,88410
2011-09-26 00:00:00+05:30,137.45,139.0,130.7,135.83,199540
2011-09-27 00:00:00+05:30,135.0,138.48,131.53,134.35,457276
2011-09-28 00:00:00+05:30,133.65,134.98,130.7,133.18,207136
2011-09-29 00:00:00+05:30,133.18,133.78,129.5,131.53,150018
2011-09-30 00:00:00+05:30,131.53,131.53,126.23,128.6,229852
2011-10-03 00:00:00+05:30,129.85,129.85,122.6,124.03,409298
2011-10-04 00:00:00+05:30,123.13,123.98,115.55,117.98,700500
2011-10-05 00:00:00+05:30,118.48,120.48,115.1,118.53,1130400
2011-10-07 00:00:00+05:30,120.0,126.45,120.0,125.28,168656
2011-10-10 00:00:00+05:30,126.5,126.5,121.65,124.05,236882
2011-10-11 00:00:00+05:30,124.53,125.45,117.55,119.53,264724
2011-10-12 00:00:00+05:30,112.5,124.95,112.5,123.73,633170
2011-10-13 00:00:00+05:30,125.0,125.25,120.0,121.05,231486
2011-10-14 00:00:00+05:30,121.25,121.25,117.05,118.1,252048
2011-10-17 00:00:00+05:30,119.45,121.43,117.6,118.63,705698
2011-10-18 00:00:00+05:30,117.65,119.25,116.55,117.25,99838
2011-10-19 00:00:00+05:30,119.93,124.85,117.63,123.9,215266
2011-10-20 00:00:00+05:30,123.7,124.9,121.5,123.0,847112
2011-10-21 00:00:00+05:30,125.5,125.5,119.5,120.13,436282
2011-10-24 00:00:00+05:30,120.75,121.35,118.0,119.05,358564
2011-10-25 00:00:00+05:30,125.5,125.5,118.0,119.28,278296
2011-10-26 00:00:00+05:30,128.5,128.5,119.6,122.1,14632
2011-10-28 00:00:00+05:30,127.45,127.45,119.5,120.43,330498
2011-10-31 00:00:00+05:30,120.55,129.85,118.38,127.15,1054744
2011-11-01 00:00:00+05:30,128.0,138.63,128.0,136.75,3905944
2011-11-02 00:00:00+05:30,138.33,140.25,133.13,134.35,973178
2011-11-03 00:00:00+05:30,134.85,134.85,128.5,129.18,412688
2011-11-04 00:00:00+05:30,129.5,135.0,129.5,134.35,136126
2011-11-08 00:00:00+05:30,134.75,136.38,131.58,134.38,265024
2011-11-09 00:00:00+05:30,134.0,135.0,131.08,132.03,95968
2011-11-11 00:00:00+05:30,133.33,133.33,128.25,130.63,198358
2011-11-14 00:00:00+05:30,131.6,134.25,128.0,128.95,49162
2011-11-15 00:00:00+05:30,127.63,127.85,125.0,125.33,260398
2011-11-16 00:00:00+05:30,123.25,126.0,123.0,125.0,335622
2011-11-17 00:00:00+05:30,124.95,128.0,123.4,126.33,32892
2011-11-18 00:00:00+05:30,126.5,128.85,121.28,122.43,147240
2011-11-21 00:00:00+05:30,122.43,124.25,121.5,122.63,82276
2011-11-22 00:00:00+05:30,126.5,135.0,120.63,122.7,267560
2011-11-23 00:00:00+05:30,123.0,123.0,116.55,119.58,450050
2011-11-24 00:00:00+05:30,118.0,121.75,117.5,121.2,164150
2011-11-25 00:00:00+05:30,120.5,124.5,120.5,124.15,168870
2011-11-28 00:00:00+05:30,125.15,127.0,124.18,125.45,649398
2011-11-29 00:00:00+05:30,125.45,131.43,124.05,127.83,299512
2011-11-30 00:00:00+05:30,129.08,130.45,127.65,128.9,136360
2011-12-01 00:00:00+05:30,131.0,133.95,126.1,127.38,33194
2011-12-02 00:00:00+05:30,126.25,133.5,126.0,132.5,383744
2011-12-05 00:00:00+05:30,130.75,132.5,130.0,131.25,47544
2011-12-07 00:00:00+05:30,131.25,134.9,130.0,130.18,48032
2011-12-08 00:00:00+05:30,130.13,132.0,129.63,131.63,49618
2011-12-09 00:00:00+05:30,130.0,131.58,129.53,130.53,27250
2011-12-12 00:00:00+05:30,131.58,134.0,130.28,131.3,187738
2011-12-13 00:00:00+05:30,129.1,131.95,129.0,130.75,121738
2011-12-14 00:00:00+05:30,130.0,135.25,129.08,134.75,222172
2011-12-15 00:00:00+05:30,134.0,138.85,132.0,134.03,1439434
2011-12-16 00:00:00+05:30,135.55,135.55,124.53,126.9,79790
2011-12-19 00:00:00+05:30,125.0,128.85,123.5,125.4,128234
2011-12-20 00:00:00+05:30,127.5,128.7,122.5,126.05,69596
2011-12-21 00:00:00+05:30,128.63,136.0,125.6,135.0,943196
2011-12-22 00:00:00+05:30,135.45,140.98,132.98,139.98,345922
2011-12-23 00:00:00+05:30,138.0,142.85,137.28,141.53,216938
2011-12-26 00:00:00+05:30,142.5,142.5,135.18,137.23,48530
2011-12-27 00:00:00+05:30,141.85,141.85,134.1,137.23,42144
2011-12-28 00:00:00+05:30,135.5,139.25,135.5,138.48,44396
2011-12-29 00:00:00+05:30,139.9,140.35,137.75,139.55,423316
2011-12-30 00:00:00+05:30,139.55,142.4,134.0,137.93,129122
2012-01-02 00:00:00+05:30,138.15,139.93,135.55,137.05,98460
2012-01-03 00:00:00+05:30,137.68,142.2,137.68,141.28,57868
2012-01-04 00:00:00+05:30,142.8,145.95,141.08,143.7,78898
2012-01-05 00:00:00+05:30,145.1,145.1,141.75,142.75,435152
2012-01-06 00:00:00+05:30,141.5,144.0,139.03,143.13,42208
2012-01-07 00:00:00+05:30,143.5,145.0,141.5,142.08,1772
2012-01-09 00:00:00+05:30,142.0,143.5,140.55,141.65,10640
2012-01-10 00:00:00+05:30,140.0,143.0,139.5,142.38,159672
2012-01-11 00:00:00+05:30,170.0,170.0,139.3,139.85,26630
2012-01-12 00:00:00+05:30,140.0,141.0,136.0,136.95,206262
2012-01-13 00:00:00+05:30,137.53,141.5,136.93,138.03,41944
2012-01-16 00:00:00+05:30,137.5,142.8,137.5,142.23,39760
2012-01-17 00:00:00+05:30,142.48,149.13,141.0,145.18,116200
2012-01-18 00:00:00+05:30,147.5,148.5,138.0,138.73,252010
2012-01-19 00:00:00+05:30,137.3,141.35,136.3,139.65,45018
2012-01-20 00:00:00+05:30,140.5,141.15,138.25,138.63,22974
2012-01-23 00:00:00+05:30,139.95,143.5,138.18,142.15,38110
2012-01-24 00:00:00+05:30,141.75,149.0,141.25,146.05,57058
2012-01-25 00:00:00+05:30,144.03,151.9,143.53,150.15,120150
2012-01-27 00:00:00+05:30,150.0,153.13,146.53,148.05,168126
2012-01-30 00:00:00+05:30,148.78,148.78,141.0,141.38,45118
2012-01-31 00:00:00+05:30,144.25,155.9,140.7,149.23,558846
2012-02-01 00:00:00+05:30,148.9,161.5,148.9,159.5,1899586
2012-02-02 00:00:00+05:30,159.95,164.95,156.73,162.18,1064150
2012-02-03 00:00:00+05:30,161.0,162.5,154.53,156.6,726472
2012-02-06 00:00:00+05:30,158.5,161.5,156.5,157.05,97096
2012-02-07 00:00:00+05:30,159.0,162.5,157.5,160.68,164728
2012-02-08 00:00:00+05:30,160.0,162.0,160.0,160.98,145094
2012-02-09 00:00:00+05:30,160.5,161.88,159.63,161.43,213344
2012-02-10 00:00:00+05:30,162.0,164.95,160.5,162.8,578376
2012-02-13 00:00:00+05:30,162.55,162.55,159.0,159.9,318246
2012-02-14 00:00:00+05:30,160.0,160.0,157.65,158.05,401816
2012-02-15 00:00:00+05:30,157.35,162.4,157.0,159.03,1269986
2012-02-16 00:00:00+05:30,158.5,158.5,155.0,155.83,306994
2012-02-17 00:00:00+05:30,156.98,161.43,154.5,159.88,1573224
2012-02-21 00:00:00+05:30,162.0,162.5,159.0,160.0,268552
2012-02-22 00:00:00+05:30,160.0,168.0,158.5,163.98,351316
2012-02-23 00:00:00+05:30,167.5,170.0,164.5,168.6,107502
2012-02-24 00:00:00+05:30,168.63,168.63,164.03,166.98,238314
2012-02-27 00:00:00+05:30,163.0,167.5,160.05,164.75,348446
2012-02-28 00:00:00+05:30,167.0,172.48,163.28,170.7,173156
2012-02-29 00:00:00+05:30,170.18,174.73,166.0,172.03,871564
2012-03-01 00:00:00+05:30,160.0,173.95,160.0,171.85,312644
2012-03-02 00:00:00+05:30,171.5,175.88,166.03,167.53,281692
2012-03-03 00:00:00+05:30,167.5,169.48,166.48,166.95,4230
2012-03-05 00:00:00+05:30,169.85,169.95,164.1,168.88,118010
2012-03-06 00:00:00+05:30,169.95,174.0,167.75,172.7,142668
2012-03-07 00:00:00+05:30,174.9,175.0,170.68,173.6,531522
2012-03-09 00:00:00+05:30,171.0,174.98,168.63,173.6,284730
2012-03-12 00:00:00+05:30,174.75,174.75,168.75,169.43,818514
2012-03-13 00:00:00+05:30,170.48,172.48,165.03,167.3,535702
2012-03-14 00:00:00+05:30,168.53,171.13,163.95,165.3,268172
2012-03-15 00:00:00+05:30,166.5,167.75,165.55,166.83,181694
2012-03-16 00:00:00+05:30,167.5,172.0,163.05,168.8,76934
2012-03-19 00:00:00+05:30,170.48,172.4,162.75,164.23,258480
2012-03-20 00:00:00+05:30,165.98,165.98,160.28,162.55,102912
2012-03-21 00:00:00+05:30,164.5,170.45,161.2,167.63,88856
2012-03-22 00:00:00+05:30,168.0,172.48,165.58,170.43,144066
2012-03-23 00:00:00+05:30,169.0,170.6,165.78,166.88,46142
2012-03-26 00:00:00+05:30,167.0,169.55,163.5,168.6,448476
2012-03-27 00:00:00+05:30,169.9,169.95,164.5,165.85,136126
2012-03-28 00:00:00+05:30,165.0,167.45,163.5,166.55,67754
2012-03-29 00:00:00+05:30,162.65,173.75,162.65,169.43,324032
2012-03-30 00:00:00+05:30,171.5,171.5,165.75,167.6,277594
2012-04-02 00:00:00+05:30,168.5,168.8,162.9,164.53,119954
2012-04-03 00:00:00+05:30,164.75,171.95,164.75,169.45,419402
2012-04-04 00:00:00+05:30,171.5,171.5,166.03,166.43,32992
2012-04-09 00:00:00+05:30,167.75,167.98,165.05,167.13,23010
2012-04-10 00:00:00+05:30,165.83,167.75,163.5,164.88,38548
2012-04-11 00:00:00+05:30,165.98,167.0,163.5,163.75,18834
2012-04-12 00:00:00+05:30,165.8,167.8,164.53,165.7,44116
2012-04-13 00:00:00+05:30,160.0,173.95,160.0,169.53,352044
2012-04-16 00:00:00+05:30,171.45,172.25,168.53,169.9,89248
2012-04-17 00:00:00+05:30,171.43,171.5,165.5,166.23,262620
2012-04-18 00:00:00+05:30,169.8,176.25,168.03,174.95,677676
2012-04-19 00:00:00+05:30,175.5,180.45,175.5,177.6,922620
2012-04-20 00:00:00+05:30,178.6,182.5,174.5,177.18,386662
2012-04-23 00:00:00+05:30,175.78,177.7,170.75,173.25,100578
2012-04-24 00:00:00+05:30,174.98,175.13,170.5,173.3,114926
2012-04-25 00:00:00+05:30,175.0,177.5,172.15,172.58,291496
2012-04-26 00:00:00+05:30,174.13,177.3,170.6,175.13,555010
2012-04-27 00:00:00+05:30,175.83,175.83,171.5,172.65,337216
2012-04-28 00:00:00+05:30,174.3,174.35,171.53,172.88,6886
2012-04-30 00:00:00+05:30,172.5,184.85,172.5,180.73,538506
2012-05-02 00:00:00+05:30,181.0,184.95,180.0,180.88,380276
2012-05-03 00:00:00+05:30,172.0,182.38,160.83,180.63,107300
2012-05-04 00:00:00+05:30,180.5,184.4,175.83,182.53,123312
2012-05-07 00:00:00+05:30,182.5,186.0,179.55,185.88,166694
2012-05-08 00:00:00+05:30,187.0,187.95,180.0,180.68,174810
2012-05-09 00:00:00+05:30,180.1,185.0,177.5,183.73,444098
2012-05-10 00:00:00+05:30,185.9,187.93,177.0,178.0,403970
2012-05-11 00:00:00+05:30,177.1,181.45,175.0,179.55,123886
2012-05-14 00:00:00+05:30,177.5,181.48,177.5,179.0,43564
2012-05-15 00:00:00+05:30,179.25,184.0,177.63,179.88,90306
2012-05-16 00:00:00+05:30,177.5,179.25,173.13,174.3,82648
2012-05-17 00:00:00+05:30,174.5,177.5,173.0,174.85,364374
2012-05-18 00:00:00+05:30,174.5,174.5,169.5,170.8,66162
2012-05-21 00:00:00+05:30,171.0,173.35,171.0,171.18,189278
2012-05-22 00:00:00+05:30,171.13,172.88,169.0,169.23,450934
2012-05-23 00:00:00+05:30,167.5,172.0,165.3,171.38,29564
2012-05-24 00:00:00+05:30,172.0,172.0,167.0,169.95,318276
2012-05-25 00:00:00+05:30,170.0,170.0,166.25,167.0,102014
2012-05-28 00:00:00+05:30,168.93,168.93,165.7,167.65,286346
2012-05-29 00:00:00+05:30,168.25,171.65,160.25,161.9,741352
2012-05-30 00:00:00+05:30,161.9,164.5,160.85,164.08,164052
2012-05-31 00:00:00+05:30,165.0,174.75,163.5,171.48,594492
2012-06-01 00:00:00+05:30,166.65,172.95,166.65,171.53,54376
2012-06-04 00:00:00+05:30,167.6,172.1,166.53,169.85,56900
2012-06-05 00:00:00+05:30,171.95,171.95,166.15,168.45,35360
2012-06-06 00:00:00+05:30,168.53,170.45,166.1,168.18,375136
2012-06-07 00:00:00+05:30,166.03,171.85,166.03,170.05,323696
2012-06-08 00:00:00+05:30,170.18,171.5,167.6,169.43,68458
2012-06-11 00:00:00+05:30,168.65,178.5,168.65,174.05,195246
2012-06-12 00:00:00+05:30,176.95,178.4,170.2,176.23,244960
2012-06-13 00:00:00+05:30,176.25,179.0,170.0,171.05,296652
2012-06-14 00:00:00+05:30,170.25,170.5,166.05,168.73,251882
2012-06-15 00:00:00+05:30,170.65,172.13,169.18,171.13,100756
2012-06-18 00:00:00+05:30,172.85,174.5,170.35,172.88,409728
2012-06-19 00:00:00+05:30,173.5,174.25,170.35,172.0,286082
2012-06-20 00:00:00+05:30,172.03,173.88,170.5,172.18,46486
2012-06-21 00:00:00+05:30,173.9,173.95,170.7,171.7,138398
2012-06-22 00:00:00+05:30,169.7,174.95,169.7,174.65,207120
2012-06-25 00:00:00+05:30,173.65,176.75,172.58,173.55,262448
2012-06-26 00:00:00+05:30,174.5,176.6,172.78,174.35,311708
2012-06-27 00:00:00+05:30,173.85,175.65,172.5,173.8,17730
2012-06-28 00:00:00+05:30,174.03,177.9,174.03,176.38,157238
2012-06-29 00:00:00+05:30,178.73,180.0,176.48,179.35,105862
2012-07-02 00:00:00+05:30,187.0,187.0,177.95,180.0,244812
2012-07-03 00:00:00+05:30,182.45,185.0,181.0,184.08,218194
2012-07-04 00:00:00+05:30,185.4,187.23,178.63,180.38,115732
2012-07-05 00:00:00+05:30,179.95,189.4,177.6,186.7,748896
2012-07-06 00:00:00+05:30,187.5,187.5,182.78,184.13,435308
2012-07-09 00:00:00+05:30,184.95,187.5,183.5,185.98,248310
2012-07-10 00:00:00+05:30,187.0,190.25,186.0,186.85,509190
2012-07-11 00:00:00+05:30,184.0,189.3,181.05,187.45,248996
2012-07-12 00:00:00+05:30,186.6,189.0,184.15,187.83,117984
2012-07-13 00:00:00+05:30,188.1,190.0,186.08,188.05,120034
2012-07-16 00:00:00+05:30,190.0,190.0,185.63,189.08,69878
2012-07-17 00:00:00+05:30,189.08,193.8,187.5,188.2,149756
2012-07-18 00:00:00+05:30,188.0,192.3,186.0,187.48,107058
2012-07-19 00:00:00+05:30,188.0,190.0,185.6,186.68,115898
2012-07-20 00:00:00+05:30,187.03,200.45,185.98,197.2,2381430
2012-07-23 00:00:00+05:30,196.28,199.93,195.55,198.48,731856
2012-07-24 00:00:00+05:30,198.6,202.0,194.0,198.08,410658
2012-07-25 00:00:00+05:30,198.0,200.63,196.03,200.13,230436
2012-07-26 00:00:00+05:30,200.98,200.98,193.05,195.7,143362
2012-07-27 00:00:00+05:30,197.05,200.0,193.13,195.68,97134
2012-07-30 00:00:00+05:30,195.5,200.9,195.5,199.33,110350
2012-07-31 00:00:00+05:30,200.0,201.5,192.9,200.38,452196
2012-08-01 00:00:00+05:30,201.15,205.0,201.15,204.8,599042
2012-08-02 00:00:00+05:30,205.0,205.0,203.0,204.3,429218
2012-08-03 00:00:00+05:30,204.25,208.63,203.98,206.1,491094
2012-08-06 00:00:00+05:30,206.95,212.45,204.55,205.83,152290
2012-08-07 00:00:00+05:30,206.3,209.05,204.78,208.13,195054
2012-08-08 00:00:00+05:30,208.1,210.85,199.75,200.98,235870
2012-08-09 00:00:00+05:30,200.03,202.95,199.0,199.85,82018
2012-08-10 00:00:00+05:30,199.38,204.0,199.38,203.25,172508
2012-08-13 00:00:00+05:30,200.0,205.0,199.5,201.75,37014
2012-08-14 00:00:00+05:30,206.0,206.0,200.6,205.05,69138
2012-08-16 00:00:00+05:30,203.53,205.23,197.53,200.9,267892
2012-08-17 00:00:00+05:30,201.5,205.0,199.98,201.68,104236
2012-08-21 00:00:00+05:30,212.0,212.0,198.5,199.98,94682
2012-08-22 00:00:00+05:30,202.15,203.93,196.5,199.68,137090
2012-08-23 00:00:00+05:30,201.88,203.75,195.5,195.83,161314
2012-08-24 00:00:00+05:30,195.83,212.18,193.8,204.18,784024
2012-08-27 00:00:00+05:30,203.5,210.5,203.5,209.48,405324
2012-08-28 00:00:00+05:30,209.53,211.0,203.13,206.2,722678
2012-08-29 00:00:00+05:30,204.23,209.73,204.2,208.05,118676
2012-08-30 00:00:00+05:30,208.1,217.5,205.55,216.4,1057728
2012-08-31 00:00:00+05:30,216.0,222.0,213.53,220.63,1476160
2012-09-03 00:00:00+05:30,222.0,226.0,218.15,223.33,773822
2012-09-04 00:00:00+05:30,224.5,225.55,216.0,220.48,337768
2012-09-05 00:00:00+05:30,221.35,221.35,215.0,215.95,171588
2012-09-06 00:00:00+05:30,217.0,222.5,215.75,219.93,343352
2012-09-07 00:00:00+05:30,222.9,224.33,216.85,219.6,613204
2012-09-08 00:00:00+05:30,221.0,221.83,219.55,220.6,15460
2012-09-10 00:00:00+05:30,219.95,226.53,218.5,222.03,291850
2012-09-11 00:00:00+05:30,222.75,229.9,221.68,228.05,317692
2012-09-12 00:00:00+05:30,229.88,231.0,222.05,222.8,303110
2012-09-13 00:00:00+05:30,224.53,233.38,222.13,223.98,451938
2012-09-14 00:00:00+05:30,227.5,230.0,220.28,221.9,380700
2012-09-17 00:00:00+05:30,227.45,227.48,207.8,209.53,602680
2012-09-18 00:00:00+05:30,209.0,214.95,209.0,211.0,311010
2012-09-20 00:00:00+05:30,208.0,214.83,208.0,210.15,271766
2012-09-21 00:00:00+05:30,210.5,214.6,210.0,213.23,453494
2012-09-24 00:00:00+05:30,217.23,217.23,211.5,214.4,193056
2012-09-25 00:00:00+05:30,213.75,219.98,213.18,217.88,1001280
2012-09-26 00:00:00+05:30,219.48,234.0,218.5,229.58,853256
2012-09-27 00:00:00+05:30,231.0,238.6,228.25,237.65,456374
2012-09-28 00:00:00+05:30,237.48,248.0,231.53,242.13,608642
2012-10-01 00:00:00+05:30,242.38,247.45,232.75,234.25,442654
2012-10-03 00:00:00+05:30,234.4,236.75,230.78,231.98,197604
2012-10-04 00:00:00+05:30,232.0,234.5,222.0,225.18,1069370
2012-10-05 00:00:00+05:30,227.48,228.35,214.18,221.63,283768
2012-10-08 00:00:00+05:30,221.55,234.5,221.0,228.6,721094
2012-10-09 00:00:00+05:30,230.98,235.28,228.7,232.75,678730
2012-10-10 00:00:00+05:30,232.0,235.33,229.6,230.18,133836
2012-10-11 00:00:00+05:30,232.2,232.7,221.5,224.73,1093358
2012-10-12 00:00:00+05:30,226.5,232.48,224.5,227.53,926664
2012-10-15 00:00:00+05:30,229.6,233.43,228.15,229.45,170366
2012-10-16 00:00:00+05:30,229.98,230.0,223.85,225.0,157870
2012-10-17 00:00:00+05:30,225.28,232.25,223.5,230.3,355882
2012-10-18 00:00:00+05:30,231.95,234.0,226.4,229.08,270530
2012-10-19 00:00:00+05:30,229.05,230.95,227.0,229.53,107258
2012-10-22 00:00:00+05:30,230.2,231.9,229.03,230.18,55050
2012-10-23 00:00:00+05:30,229.5,233.0,225.75,231.3,53028
2012-10-25 00:00:00+05:30,237.5,238.83,228.5,230.23,815632
2012-10-26 00:00:00+05:30,227.5,232.45,224.0,225.13,396870
2012-10-29 00:00:00+05:30,226.6,228.3,223.1,226.48,1054364
2012-10-30 00:00:00+05:30,227.63,228.98,224.0,225.58,72682
2012-10-31 00:00:00+05:30,227.0,230.25,226.5,229.55,250774
2012-11-01 00:00:00+05:30,228.03,235.75,228.03,234.73,276118
2012-11-02 00:00:00+05:30,235.73,238.0,232.03,233.13,252884
2012-11-05 00:00:00+05:30,233.0,235.0,229.6,230.43,165528
2012-11-06 00:00:00+05:30,231.05,233.85,228.55,230.88,76506
2012-11-07 00:00:00+05:30,231.0,234.0,229.35,229.95,546984
2012-11-08 00:00:00+05:30,229.03,232.25,200.45,215.5,3011164
2012-11-09 00:00:00+05:30,215.5,218.95,208.5,213.63,1508772
2012-11-12 00:00:00+05:30,219.0,219.98,213.28,214.98,450800
2012-11-13 00:00:00+05:30,215.48,222.25,215.03,217.9,116498
2012-11-15 00:00:00+05:30,213.75,218.6,212.5,215.0,332506
2012-11-16 00:00:00+05:30,214.7,216.5,212.5,213.48,289690
2012-11-19 00:00:00+05:30,214.4,215.0,207.53,209.0,240784
2012-11-20 00:00:00+05:30,210.5,211.65,206.5,208.03,487380
2012-11-21 00:00:00+05:30,209.95,211.5,206.0,210.1,582440
2012-11-22 00:00:00+05:30,209.5,224.5,208.08,221.4,1070294
2012-11-23 00:00:00+05:30,223.5,224.0,216.53,222.4,161862
2012-11-26 00:00:00+05:30,222.53,228.63,222.5,225.9,97842
2012-11-27 00:00:00+05:30,225.5,228.13,223.0,226.1,73136
2012-11-29 00:00:00+05:30,226.5,229.75,225.03,227.6,150804
2012-11-30 00:00:00+05:30,227.28,232.23,226.75,228.73,327338
2012-12-03 00:00:00+05:30,226.73,232.5,226.73,231.6,78078
2012-12-04 00:00:00+05:30,228.35,234.85,228.33,232.58,219654
2012-12-05 00:00:00+05:30,234.5,234.95,226.48,230.88,594066
2012-12-06 00:00:00+05:30,232.48,234.0,228.0,232.35,126390
2012-12-07 00:00:00+05:30,230.7,233.48,230.15,231.58,63622
2012-12-10 00:00:00+05:30,233.0,233.0,228.23,228.78,92586
2012-12-11 00:00:00+05:30,229.13,231.0,220.63,223.65,131994
2012-12-12 00:00:00+05:30,227.15,247.0,226.23,234.58,840968
2012-12-13 00:00:00+05:30,237.1,241.5,235.1,236.83,434512
2012-12-14 00:00:00+05:30,235.48,244.9,235.1,242.2,533922
2012-12-17 00:00:00+05:30,242.5,256.68,241.08,248.9,2285176
2012-12-18 00:00:00+05:30,245.05,251.2,240.63,242.6,307882
2012-12-19 00:00:00+05:30,243.78,248.5,243.25,246.28,417896
2012-12-20 00:00:00+05:30,246.35,248.0,241.75,243.03,874606
2012-12-21 00:00:00+05:30,243.95,248.0,241.1,244.88,529114
2012-12-24 00:00:00+05:30,246.5,259.9,242.55,257.73,843624
2012-12-26 00:00:00+05:30,259.0,268.43,259.0,262.53,844484
2012-12-27 00:00:00+05:30,264.48,266.5,256.25,259.9,256352
2012-12-28 00:00:00+05:30,260.7,265.98,259.45,260.55,285542
2012-12-31 00:00:00+05:30,261.95,263.33,255.68,259.3,264066
2013-01-01 00:00:00+05:30,261.08,267.35,260.95,262.33,122008
2013-01-02 00:00:00+05:30,263.68,264.73,256.0,257.7,107000
2013-01-03 00:00:00+05:30,257.0,259.23,253.25,253.9,129022
2013-01-04 00:00:00+05:30,254.0,255.3,250.7,253.45,189302
2013-01-07 00:00:00+05:30,259.5,259.5,254.0,254.88,189460
2013-01-08 00:00:00+05:30,259.5,259.5,252.5,255.93,387750
2013-01-09 00:00:00+05:30,256.93,258.88,255.55,256.55,234892
2013-01-10 00:00:00+05:30,256.75,258.8,250.3,251.68,71220
2013-01-11 00:00:00+05:30,250.33,254.65,243.0,244.13,115822
2013-01-14 00:00:00+05:30,244.5,252.25,242.3,248.53,94966
2013-01-15 00:00:00+05:30,249.98,252.5,245.55,250.55,295412
2013-01-16 00:00:00+05:30,259.88,259.88,245.0,246.98,89162
2013-01-17 00:00:00+05:30,247.05,257.35,245.0,255.55,230266
2013-01-18 00:00:00+05:30,257.48,258.5,254.0,257.4,295028
2013-01-21 00:00:00+05:30,258.5,264.95,257.45,262.45,310114
2013-01-22 00:00:00+05:30,263.0,264.3,259.75,262.53,431798
2013-01-23 00:00:00+05:30,263.83,263.83,255.48,256.65,200926
2013-01-24 00:00:00+05:30,256.48,256.5,249.5,250.58,38694
2013-01-25 00:00:00+05:30,248.5,252.55,248.5,249.75,43926
2013-01-28 00:00:00+05:30,250.0,250.93,244.5,245.88,173198
2013-01-29 00:00:00+05:30,246.5,247.95,242.5,243.3,149878
2013-01-30 00:00:00+05:30,243.3,248.3,235.05,240.63,493896
2013-01-31 00:00:00+05:30,242.48,247.1,240.53,246.15,183584
2013-02-01 00:00:00+05:30,247.35,249.5,243.53,246.43,93162
2013-02-04 00:00:00+05:30,248.05,249.75,242.88,247.43,101612
2013-02-05 00:00:00+05:30,245.5,248.5,244.08,247.18,163862
2013-02-06 00:00:00+05:30,247.0,247.5,238.28,242.75,218278
2013-02-07 00:00:00+05:30,244.95,246.0,239.0,241.3,1111816
2013-02-08 00:00:00+05:30,241.53,242.5,238.5,241.08,124526
2013-02-11 00:00:00+05:30,244.48,244.5,238.63,240.25,48042
2013-02-12 00:00:00+05:30,240.68,241.5,238.75,240.43,56000
2013-02-13 00:00:00+05:30,242.45,244.55,239.0,239.95,103432
2013-02-14 00:00:00+05:30,242.35,242.35,234.05,235.25,70242
2013-02-15 00:00:00+05:30,235.0,235.68,230.88,233.6,121212
2013-02-18 00:00:00+05:30,234.03,237.5,233.78,235.78,32326
2013-02-19 00:00:00+05:30,237.0,240.65,236.28,239.48,437018
2013-02-20 00:00:00+05:30,240.03,240.95,236.45,237.18,55802
2013-02-21 00:00:00+05:30,236.03,237.0,234.38,235.23,47408
2013-02-22 00:00:00+05:30,236.35,239.4,233.5,238.45,201188
2013-02-25 00:00:00+05:30,239.95,244.0,236.5,243.98,753178
2013-02-26 00:00:00+05:30,243.6,249.0,242.5,247.48,214914
2013-02-27 00:00:00+05:30,248.05,249.73,238.45,246.83,150622
2013-02-28 00:00:00+05:30,247.5,252.05,245.1,248.03,279080
2013-03-01 00:00:00+05:30,250.0,251.25,246.25,248.5,90686
2013-03-04 00:00:00+05:30,250.48,250.48,241.25,242.08,38280
2013-03-05 00:00:00+05:30,242.5,244.8,237.88,242.13,336108
2013-03-06 00:00:00+05:30,244.13,245.5,243.0,243.88,24268
2013-03-07 00:00:00+05:30,241.75,250.38,241.75,249.08,48174
2013-03-08 00:00:00+05:30,248.25,256.45,248.25,254.63,226886
2013-03-11 00:00:00+05:30,256.33,257.65,251.5,256.38,780776
2013-03-12 00:00:00+05:30,256.63,257.4,252.45,253.93,1274898
2013-03-13 00:00:00+05:30,250.5,256.35,249.5,251.1,73012
2013-03-14 00:00:00+05:30,252.0,254.88,247.5,251.98,134978
2013-03-15 00:00:00+05:30,252.48,262.5,251.1,260.0,243416
2013-03-18 00:00:00+05:30,260.55,262.18,254.1,259.35,141228
2013-03-19 00:00:00+05:30,257.9,283.75,257.9,267.23,718964
2013-03-20 00:00:00+05:30,269.0,269.7,257.6,261.08,239302
2013-03-21 00:00:00+05:30,260.13,267.0,260.0,260.78,298348
2013-03-22 00:00:00+05:30,262.5,265.0,255.9,257.48,362356
2013-03-25 00:00:00+05:30,260.0,261.25,254.13,256.03,100776
2013-03-26 00:00:00+05:30,260.0,260.0,220.2,255.58,79030
2013-03-28 00:00:00+05:30,257.25,272.5,246.7,264.7,478838
2013-04-01 00:00:00+05:30,265.48,270.43,262.0,263.48,128694
2013-04-02 00:00:00+05:30,261.0,267.0,260.75,264.83,102692
2013-04-03 00:00:00+05:30,266.5,266.9,262.5,264.48,77386
2013-04-04 00:00:00+05:30,261.5,264.78,254.5,258.13,88664
2013-04-05 00:00:00+05:30,258.5,259.5,255.1,257.45,307532
2013-04-08 00:00:00+05:30,259.0,259.0,250.05,252.13,105214
2013-04-09 00:00:00+05:30,252.5,257.45,250.53,253.48,424896
2013-04-10 00:00:00+05:30,251.15,253.95,246.5,251.48,124114
2013-04-11 00:00:00+05:30,251.0,256.5,250.05,250.95,77228
2013-04-12 00:00:00+05:30,250.0,255.2,248.0,252.95,92482
2013-04-15 00:00:00+05:30,255.0,258.63,250.5,257.53,133754
2013-04-16 00:00:00+05:30,255.3,258.83,253.0,254.13,159384
2013-04-17 00:00:00+05:30,251.5,257.5,251.25,253.6,69914
2013-04-18 00:00:00+05:30,253.95,257.45,253.15,254.68,58396
2013-04-22 00:00:00+05:30,253.13,261.45,253.0,255.18,118436
2013-04-23 00:00:00+05:30,255.5,257.95,255.5,256.33,133986
2013-04-25 00:00:00+05:30,254.0,258.9,254.0,256.5,375970
2013-04-26 00:00:00+05:30,256.5,259.0,256.0,258.63,126052
2013-04-29 00:00:00+05:30,259.5,263.95,256.5,258.3,402452
2013-04-30 00:00:00+05:30,257.5,259.9,253.0,254.15,119702
2013-05-02 00:00:00+05:30,254.25,269.5,252.5,267.2,708348
2013-05-03 00:00:00+05:30,267.5,274.5,259.0,272.83,484704
2013-05-06 00:00:00+05:30,275.0,280.0,270.03,273.03,303064
2013-05-07 00:00:00+05:30,274.05,286.93,273.13,284.78,911050
2013-05-08 00:00:00+05:30,287.5,287.5,279.55,283.15,165466
2013-05-09 00:00:00+05:30,283.0,285.48,278.2,280.28,119396
2013-05-10 00:00:00+05:30,280.65,285.75,279.33,282.28,142684
2013-05-11 00:00:00+05:30,282.28,284.7,281.1,281.68,4184
2013-05-13 00:00:00+05:30,281.0,284.25,275.03,276.05,112262
2013-05-14 00:00:00+05:30,276.5,278.7,270.0,271.5,110012
2013-05-15 00:00:00+05:30,270.5,291.45,270.5,281.45,301388
2013-05-16 00:00:00+05:30,282.5,293.0,282.5,289.1,397572
2013-05-17 00:00:00+05:30,286.78,296.95,286.78,292.45,333514
2013-05-20 00:00:00+05:30,292.5,303.5,291.1,299.93,427650
2013-05-21 00:00:00+05:30,303.3,306.5,288.75,295.83,447130
2013-05-22 00:00:00+05:30,293.05,299.53,289.25,292.28,80618
2013-05-23 00:00:00+05:30,291.03,294.25,282.5,288.33,238528
2013-05-24 00:00:00+05:30,286.55,291.0,283.8,286.4,118334
2013-05-27 00:00:00+05:30,285.03,298.45,283.5,285.8,52570
2013-05-28 00:00:00+05:30,285.73,288.48,280.0,281.28,148038
2013-05-29 00:00:00+05:30,282.5,299.85,282.5,296.25,623368
2013-05-30 00:00:00+05:30,298.43,317.4,295.75,299.13,1667190
2013-05-31 00:00:00+05:30,300.0,304.95,290.18,297.28,678918
2013-06-03 00:00:00+05:30,297.55,311.85,294.75,303.13,454804
2013-06-04 00:00:00+05:30,304.0,309.98,301.1,305.3,430634
2013-06-05 00:00:00+05:30,305.0,305.0,300.0,301.93,216404
2013-06-06 00:00:00+05:30,301.38,302.55,296.48,300.38,132186
2013-06-07 00:00:00+05:30,300.0,302.13,298.93,300.4,222580
2013-06-10 00:00:00+05:30,299.65,309.5,299.65,302.0,340144
2013-06-11 00:00:00+05:30,301.75,312.5,301.75,310.0,287748
2013-06-12 00:00:00+05:30,312.5,335.5,310.75,325.0,2586018
2013-06-13 00:00:00+05:30,323.73,328.4,311.6,320.73,405680
2013-06-14 00:00:00+05:30,321.3,327.5,320.75,325.08,311022
2013-06-17 00:00:00+05:30,327.45,344.8,323.0,334.88,1526654
2013-06-18 00:00:00+05:30,339.0,345.5,336.0,342.58,1126448
2013-06-19 00:00:00+05:30,342.6,350.5,340.65,347.88,972112
2013-06-20 00:00:00+05:30,345.0,349.0,337.5,346.33,335808
2013-06-21 00:00:00+05:30,344.0,350.73,337.5,339.9,1619504
2013-06-24 00:00:00+05:30,336.5,340.6,318.0,325.2,321606
2013-06-25 00:00:00+05:30,325.0,325.95,307.5,319.55,394970
2013-06-26 00:00:00+05:30,321.0,321.1,302.55,306.58,410620
2013-06-27 00:00:00+05:30,307.5,320.95,306.13,315.68,558112
2013-06-28 00:00:00+05:30,316.5,341.58,310.0,327.6,522858
2013-07-01 00:00:00+05:30,329.5,337.0,325.13,330.05,341174
2013-07-02 00:00:00+05:30,330.78,340.0,328.75,337.53,386692
2013-07-03 00:00:00+05:30,336.88,347.13,334.4,345.53,303858
2013-07-04 00:00:00+05:30,346.63,349.0,340.33,342.38,723300
2013-07-05 00:00:00+05:30,342.85,349.25,339.1,347.15,182180
2013-07-08 00:00:00+05:30,346.58,350.0,340.78,348.33,158894
2013-07-09 00:00:00+05:30,347.5,351.18,342.7,345.9,375364
2013-07-10 00:00:00+05:30,346.03,346.25,340.9,344.0,525972
2013-07-11 00:00:00+05:30,349.5,354.28,340.08,341.83,214758
2013-07-12 00:00:00+05:30,342.6,349.98,342.5,347.6,87942
2013-07-15 00:00:00+05:30,347.73,352.2,343.78,349.98,200302
2013-07-16 00:00:00+05:30,347.43,347.5,330.63,340.05,103036
2013-07-17 00:00:00+05:30,341.0,342.48,331.15,335.08,227968
2013-07-18 00:00:00+05:30,335.0,337.03,329.35,331.6,183306
2013-07-19 00:00:00+05:30,330.65,333.65,319.58,323.45,162758
2013-07-22 00:00:00+05:30,323.25,323.85,319.0,319.75,286126
2013-07-23 00:00:00+05:30,324.0,324.5,313.0,317.6,88976
2013-07-24 00:00:00+05:30,317.73,318.2,309.03,314.98,432234
2013-07-25 00:00:00+05:30,313.2,332.4,313.1,326.95,569044
2013-07-26 00:00:00+05:30,329.5,333.3,317.63,319.75,124342
2013-07-29 00:00:00+05:30,316.0,325.75,314.58,322.43,119108
2013-07-30 00:00:00+05:30,325.55,339.5,320.55,326.18,1020822
2013-07-31 00:00:00+05:30,329.0,337.0,320.6,333.45,512100
2013-08-01 00:00:00+05:30,332.6,340.0,330.0,332.78,209982
2013-08-02 00:00:00+05:30,330.5,338.0,327.5,336.95,372032
2013-08-05 00:00:00+05:30,338.0,339.5,328.05,329.78,182186
2013-08-06 00:00:00+05:30,327.0,335.0,323.0,328.2,545246
2013-08-07 00:00:00+05:30,328.6,331.43,322.5,326.05,170646
2013-08-08 00:00:00+05:30,323.6,328.9,318.55,321.83,273266
2013-08-12 00:00:00+05:30,324.35,328.43,317.6,322.8,70164
2013-08-13 00:00:00+05:30,325.5,330.0,323.0,328.2,230040
2013-08-14 00:00:00+05:30,328.2,336.85,324.0,334.1,151898
2013-08-16 00:00:00+05:30,332.5,337.85,324.25,330.43,325554
2013-08-19 00:00:00+05:30,328.35,330.0,321.53,322.85,747132
2013-08-20 00:00:00+05:30,317.95,334.85,307.63,310.3,220758
2013-08-21 00:00:00+05:30,313.8,316.9,310.05,312.5,75324
2013-08-22 00:00:00+05:30,312.35,319.0,304.68,317.03,100632
2013-08-23 00:00:00+05:30,319.68,320.98,307.5,312.6,176720
2013-08-26 00:00:00+05:30,311.1,317.5,307.78,312.2,119420
2013-08-27 00:00:00+05:30,314.43,317.45,307.5,313.23,1206090
2013-08-28 00:00:00+05:30,310.75,313.38,304.95,308.4,1221626
2013-08-29 00:00:00+05:30,305.63,314.5,305.63,310.45,846188
2013-08-30 00:00:00+05:30,308.68,311.0,308.0,309.98,187538
2013-09-02 00:00:00+05:30,312.5,324.38,310.1,323.15,229160
2013-09-03 00:00:00+05:30,323.53,328.7,320.5,324.78,372406
2013-09-04 00:00:00+05:30,324.0,353.5,322.5,349.6,2053150
2013-09-05 00:00:00+05:30,354.9,365.0,351.78,354.95,1290802
2013-09-06 00:00:00+05:30,355.38,362.0,344.68,347.18,186510
2013-09-10 00:00:00+05:30,346.18,350.63,337.55,339.95,274628
2013-09-11 00:00:00+05:30,342.18,349.0,337.5,344.95,278412
2013-09-12 00:00:00+05:30,344.9,351.0,340.5,348.88,185238
2013-09-13 00:00:00+05:30,351.05,354.25,345.3,350.75,141986
2013-09-16 00:00:00+05:30,352.58,361.5,349.5,354.35,361280
2013-09-17 00:00:00+05:30,350.08,357.35,345.13,346.68,229192
2013-09-18 00:00:00+05:30,345.8,353.6,345.8,351.23,302686
2013-09-19 00:00:00+05:30,353.1,355.5,341.75,347.23,346634
2013-09-20 00:00:00+05:30,345.05,349.5,337.03,345.23,192758
2013-09-23 00:00:00+05:30,338.5,345.95,338.5,342.05,187822
2013-09-24 00:00:00+05:30,342.4,352.0,342.3,349.28,506476
2013-09-25 00:00:00+05:30,349.0,352.48,340.53,347.53,316260
2013-09-26 00:00:00+05:30,347.5,353.0,344.0,347.95,92440
2013-09-27 00:00:00+05:30,348.35,351.35,345.03,348.85,277630
2013-09-30 00:00:00+05:30,345.05,359.5,345.05,357.7,461896
2013-10-01 00:00:00+05:30,359.5,367.5,355.63,361.0,948390
2013-10-03 00:00:00+05:30,361.05,366.5,352.6,354.4,680590
2013-10-04 00:00:00+05:30,352.0,357.3,345.08,348.9,251766
2013-10-07 00:00:00+05:30,347.55,355.7,345.63,351.83,67668
2013-10-08 00:00:00+05:30,352.5,357.3,351.65,352.58,871164
2013-10-09 00:00:00+05:30,353.0,362.35,352.05,355.55,364054
2013-10-10 00:00:00+05:30,355.98,371.0,355.63,364.85,715078
2013-10-11 00:00:00+05:30,368.25,372.18,362.0,363.8,187108
2013-10-14 00:00:00+05:30,367.0,367.35,357.5,359.18,299284
2013-10-15 00:00:00+05:30,359.6,361.5,349.0,349.88,97330
2013-10-17 00:00:00+05:30,350.3,353.0,340.13,345.28,181434
2013-10-18 00:00:00+05:30,345.68,347.5,340.13,342.6,155390
2013-10-21 00:00:00+05:30,341.18,344.75,330.5,339.05,293290
2013-10-22 00:00:00+05:30,340.38,341.45,334.35,335.95,118268
2013-10-23 00:00:00+05:30,333.0,339.9,331.05,331.85,116914
2013-10-24 00:00:00+05:30,332.5,344.35,331.03,338.9,940440
2013-10-25 00:00:00+05:30,341.78,348.4,337.55,344.9,721478
2013-10-28 00:00:00+05:30,347.5,349.4,342.98,344.45,120882
2013-10-29 00:00:00+05:30,344.45,345.45,338.5,342.2,228970
2013-10-30 00:00:00+05:30,342.05,349.38,340.0,341.13,180360
2013-10-31 00:00:00+05:30,342.0,343.45,339.0,341.68,78758
2013-11-01 00:00:00+05:30,339.25,343.98,338.78,339.58,72068
2013-11-03 00:00:00+05:30,342.0,344.85,341.6,342.48,25542
2013-11-05 00:00:00+05:30,344.5,344.5,337.58,338.8,62088
2013-11-06 00:00:00+05:30,339.0,343.48,339.0,342.33,79242
2013-11-07 00:00:00+05:30,342.5,353.5,340.05,348.65,238834
2013-11-08 00:00:00+05:30,345.53,352.5,345.53,348.85,82154
2013-11-11 00:00:00+05:30,351.4,353.0,345.28,350.8,73370
2013-11-12 00:00:00+05:30,350.5,356.2,348.5,348.88,90234
2013-11-13 00:00:00+05:30,347.5,353.38,339.0,339.93,102368
2013-11-14 00:00:00+05:30,342.9,346.0,339.05,340.0,69224
2013-11-18 00:00:00+05:30,343.33,348.5,340.55,343.0,56774
2013-11-19 00:00:00+05:30,344.95,348.0,340.75,341.8,75524
2013-11-20 00:00:00+05:30,341.0,347.5,339.0,339.68,132924
2013-11-21 00:00:00+05:30,342.13,343.85,339.0,339.6,56986
2013-11-22 00:00:00+05:30,342.2,344.75,340.0,340.88,45948
2013-11-25 00:00:00+05:30,343.23,345.0,339.05,342.38,149372
2013-11-26 00:00:00+05:30,344.0,344.0,337.53,339.38,77410
2013-11-27 00:00:00+05:30,341.73,342.5,332.75,334.78,60778
2013-11-28 00:00:00+05:30,337.18,339.5,331.95,333.38,64842
2013-11-29 00:00:00+05:30,333.63,338.4,328.55,329.6,173458
2013-12-02 00:00:00+05:30,331.98,337.7,331.0,332.1,91374
2013-12-03 00:00:00+05:30,332.5,337.48,330.0,330.55,95310
2013-12-04 00:00:00+05:30,330.55,332.5,325.25,326.4,145442
2013-12-05 00:00:00+05:30,329.65,333.0,325.0,325.55,128682
2013-12-06 00:00:00+05:30,326.68,327.0,323.25,324.9,89692
2013-12-09 00:00:00+05:30,326.1,328.35,323.1,326.78,59646
2013-12-10 00:00:00+05:30,326.55,331.0,324.05,325.18,50576
2013-12-11 00:00:00+05:30,325.0,328.33,322.0,322.93,112330
2013-12-12 00:00:00+05:30,324.95,329.5,321.13,328.38,84354
2013-12-13 00:00:00+05:30,329.03,338.75,325.75,336.68,260510
2013-12-16 00:00:00+05:30,338.75,342.45,338.0,341.4,179458
2013-12-17 00:00:00+05:30,342.5,344.0,336.0,337.5,57672
2013-12-18 00:00:00+05:30,339.4,346.0,335.0,340.7,392326
2013-12-19 00:00:00+05:30,343.0,351.0,337.5,348.9,191414
2013-12-20 00:00:00+05:30,351.0,357.2,347.4,352.83,210142
2013-12-23 00:00:00+05:30,355.05,359.5,349.83,357.95,130982
2013-12-24 00:00:00+05:30,359.45,361.73,359.33,360.73,116816
2013-12-26 00:00:00+05:30,361.05,365.5,358.33,364.55,106914
2013-12-27 00:00:00+05:30,362.5,364.95,357.5,358.8,84230
2013-12-30 00:00:00+05:30,360.0,361.8,350.05,352.43,90740
2013-12-31 00:00:00+05:30,354.83,368.5,353.48,362.18,244748
2014-01-01 00:00:00+05:30,363.0,365.0,359.15,360.9,84232
2014-01-02 00:00:00+05:30,360.05,368.0,360.0,364.4,113040
2014-01-03 00:00:00+05:30,365.0,367.6,348.05,350.3,317190
2014-01-06 00:00:00+05:30,351.55,362.0,351.5,360.68,113576
2014-01-07 00:00:00+05:30,362.5,364.33,355.0,362.15,146062
2014-01-08 00:00:00+05:30,359.9,376.33,359.8,372.48,119676
2014-01-09 00:00:00+05:30,376.0,384.9,376.0,381.1,234950
2014-01-10 00:00:00+05:30,380.5,385.0,371.0,380.45,193802
2014-01-13 00:00:00+05:30,380.5,383.48,376.5,381.7,212938
2014-01-14 00:00:00+05:30,379.0,382.95,377.3,378.83,80430
2014-01-15 00:00:00+05:30,378.5,391.5,375.03,378.9,152710
2014-01-16 00:00:00+05:30,378.4,384.95,376.63,381.55,193856
2014-01-17 00:00:00+05:30,380.03,384.5,373.88,378.33,33504
2014-01-20 00:00:00+05:30,384.98,391.0,384.5,387.7,80316
2014-01-21 00:00:00+05:30,386.5,389.95,381.6,382.33,30780
2014-01-22 00:00:00+05:30,382.98,383.0,378.0,379.28,26582
2014-01-23 00:00:00+05:30,382.7,384.25,377.5,378.88,61306
2014-01-24 00:00:00+05:30,379.83,383.15,376.0,382.45,76746
2014-01-27 00:00:00+05:30,380.35,388.5,375.0,383.88,183724
2014-01-28 00:00:00+05:30,388.85,401.5,383.78,398.23,548134
2014-01-29 00:00:00+05:30,404.5,416.95,400.5,406.93,538822
2014-01-30 00:00:00+05:30,404.35,415.95,396.15,413.4,254524
2014-01-31 00:00:00+05:30,415.0,417.5,405.08,414.53,148294
2014-02-03 00:00:00+05:30,414.53,418.4,411.53,413.4,69758
2014-02-04 00:00:00+05:30,411.0,415.0,405.08,410.95,137848
2014-02-05 00:00:00+05:30,410.3,412.73,405.0,408.38,67990
2014-02-06 00:00:00+05:30,411.0,421.7,392.63,399.7,256432
2014-02-07 00:00:00+05:30,402.5,410.0,402.5,407.25,122468
2014-02-10 00:00:00+05:30,409.5,410.0,399.5,401.2,83076
2014-02-11 00:00:00+05:30,404.18,405.45,398.5,402.55,43790
2014-02-12 00:00:00+05:30,405.5,410.95,401.5,401.83,74012
2014-02-13 00:00:00+05:30,402.5,404.9,400.5,402.45,54092
2014-02-14 00:00:00+05:30,402.5,413.0,402.5,412.15,147148
2014-02-17 00:00:00+05:30,414.68,417.73,410.6,412.83,113320
2014-02-18 00:00:00+05:30,415.0,417.5,411.53,415.23,129622
2014-02-19 00:00:00+05:30,417.45,420.0,414.0,419.2,66524
2014-02-20 00:00:00+05:30,420.0,425.5,416.5,422.93,85538
2014-02-21 00:00:00+05:30,424.0,445.0,424.0,443.18,279356
2014-02-24 00:00:00+05:30,446.0,451.0,440.0,442.55,263292
2014-02-25 00:00:00+05:30,444.23,446.38,437.0,439.6,77568
2014-02-26 00:00:00+05:30,441.5,446.68,440.58,442.98,131726
2014-02-28 00:00:00+05:30,446.18,453.43,440.03,443.4,216314
2014-03-03 00:00:00+05:30,444.0,450.98,441.6,447.75,117448
2014-03-04 00:00:00+05:30,447.75,451.5,443.0,446.85,127010
2014-03-05 00:00:00+05:30,449.85,449.85,438.03,438.75,92182
2014-03-06 00:00:00+05:30,442.13,443.75,426.4,428.38,159606
2014-03-07 00:00:00+05:30,429.0,438.0,406.5,413.85,297644
2014-03-10 00:00:00+05:30,414.5,423.53,408.6,410.45,197406
2014-03-11 00:00:00+05:30,411.0,425.0,404.03,419.6,271646
2014-03-12 00:00:00+05:30,423.38,424.18,408.55,409.5,115780
2014-03-13 00:00:00+05:30,415.63,428.5,415.5,417.8,646960
2014-03-14 00:00:00+05:30,416.5,420.0,408.05,409.08,169492
2014-03-18 00:00:00+05:30,411.9,412.9,406.05,407.8,89162
2014-03-19 00:00:00+05:30,410.48,417.18,406.95,411.0,238418
2014-03-20 00:00:00+05:30,411.0,415.53,410.53,414.03,76240
2014-03-21 00:00:00+05:30,417.85,437.45,417.85,429.18,560824
2014-03-22 00:00:00+05:30,430.0,432.88,427.5,430.05,23096
2014-03-24 00:00:00+05:30,432.33,433.5,417.5,420.53,96878
2014-03-25 00:00:00+05:30,420.55,424.95,417.05,418.85,60424
2014-03-26 00:00:00+05:30,420.0,424.0,407.53,410.28,162002
2014-03-27 00:00:00+05:30,414.0,416.0,407.5,414.1,96240
2014-03-28 00:00:00+05:30,417.33,420.45,410.0,417.48,167404
2014-03-31 00:00:00+05:30,415.65,426.83,412.5,422.43,245098
2014-04-01 00:00:00+05:30,420.9,420.9,410.4,413.43,60666
2014-04-02 00:00:00+05:30,417.48,423.25,415.08,422.1,266814
2014-04-03 00:00:00+05:30,426.5,426.5,415.0,417.1,199494
2014-04-04 00:00:00+05:30,417.45,421.0,415.0,415.98,101096
2014-04-07 00:00:00+05:30,417.5,420.5,414.0,414.98,111372
2014-04-09 00:00:00+05:30,417.48,419.0,409.0,409.78,158232
2014-04-10 00:00:00+05:30,411.0,415.0,408.5,409.28,116236
2014-04-11 00:00:00+05:30,411.68,415.0,405.0,406.83,125182
2014-04-15 00:00:00+05:30,407.5,410.0,402.55,404.35,73464
2014-04-16 00:00:00+05:30,402.15,407.0,390.63,393.03,253498
2014-04-17 00:00:00+05:30,392.03,404.5,392.03,395.95,118912
2014-04-21 00:00:00+05:30,398.68,401.35,395.6,397.4,261056
2014-04-22 00:00:00+05:30,396.75,403.5,396.7,399.2,169322
2014-04-23 00:00:00+05:30,399.53,412.23,399.5,409.9,249784
2014-04-25 00:00:00+05:30,412.0,412.0,402.55,408.48,93230
2014-04-28 00:00:00+05:30,405.63,411.75,402.5,409.53,90242
2014-04-29 00:00:00+05:30,407.1,414.0,407.1,412.63,129824
2014-04-30 00:00:00+05:30,410.0,420.35,410.0,418.0,183142
2014-05-02 00:00:00+05:30,420.1,424.5,412.5,418.45,159770
2014-05-05 00:00:00+05:30,420.1,422.05,414.13,419.63,205746
2014-05-06 00:00:00+05:30,422.48,422.5,416.33,420.43,124326
2014-05-07 00:00:00+05:30,420.43,422.45,417.5,419.68,218608
2014-05-08 00:00:00+05:30,415.75,421.85,415.75,417.58,189762
2014-05-09 00:00:00+05:30,415.15,421.75,413.13,415.4,116384
2014-05-12 00:00:00+05:30,415.5,416.98,406.0,411.03,245686
2014-05-13 00:00:00+05:30,413.0,418.8,404.13,405.95,190048
2014-05-14 00:00:00+05:30,407.15,412.48,403.48,407.4,87164
2014-05-15 00:00:00+05:30,409.48,411.33,396.65,400.93,138438
2014-05-16 00:00:00+05:30,408.5,408.5,390.0,393.45,303092
2014-05-19 00:00:00+05:30,393.0,393.0,365.03,367.43,705568
2014-05-20 00:00:00+05:30,367.5,387.85,365.03,380.28,328016
2014-05-21 00:00:00+05:30,381.0,399.0,381.0,390.58,135824
2014-05-22 00:00:00+05:30,388.55,405.0,388.55,402.1,89306
2014-05-23 00:00:00+05:30,403.0,407.5,383.05,386.1,141456
2014-05-26 00:00:00+05:30,396.85,397.53,360.25,384.93,254590
2014-05-27 00:00:00+05:30,385.38,398.0,383.63,391.45,103228
2014-05-28 00:00:00+05:30,391.9,405.9,387.55,392.63,284660
2014-05-29 00:00:00+05:30,396.5,407.35,385.0,387.48,482606
2014-05-30 00:00:00+05:30,390.0,397.48,385.03,394.3,198948
2014-06-02 00:00:00+05:30,394.75,399.85,392.63,394.48,261758
2014-06-03 00:00:00+05:30,398.5,404.48,397.5,399.9,289534
2014-06-04 00:00:00+05:30,402.2,404.0,397.25,398.85,124614
2014-06-05 00:00:00+05:30,403.0,410.0,403.0,404.8,183876
2014-06-06 00:00:00+05:30,406.0,409.5,402.5,407.43,205354
2014-06-09 00:00:00+05:30,407.0,409.85,402.7,403.73,59046
2014-06-10 00:00:00+05:30,404.55,419.95,400.53,417.98,250874
2014-06-11 00:00:00+05:30,415.5,422.35,410.15,414.03,86866
2014-06-12 00:00:00+05:30,412.65,420.0,410.55,416.8,136900
2014-06-13 00:00:00+05:30,416.8,422.7,412.5,413.93,82542
2014-06-16 00:00:00+05:30,410.55,429.5,410.55,426.93,349826
2014-06-17 00:00:00+05:30,429.2,431.35,418.48,422.58,126636
2014-06-18 00:00:00+05:30,422.58,426.48,414.5,418.0,114408
2014-06-19 00:00:00+05:30,420.5,422.0,411.0,412.88,59356
2014-06-20 00:00:00+05:30,413.0,419.0,410.15,412.55,91744
2014-06-23 00:00:00+05:30,413.0,419.88,413.0,418.3,87432
2014-06-24 00:00:00+05:30,420.05,421.63,412.5,413.83,77726
2014-06-25 00:00:00+05:30,413.5,419.95,411.5,412.83,47712
2014-06-26 00:00:00+05:30,416.45,420.0,413.5,418.58,66326
2014-06-27 00:00:00+05:30,416.0,434.5,415.5,432.25,353184
2014-06-30 00:00:00+05:30,433.0,449.65,429.53,438.93,345316
2014-07-01 00:00:00+05:30,439.0,443.85,431.13,433.38,126424
2014-07-02 00:00:00+05:30,434.0,442.45,434.0,439.4,235988
2014-07-03 00:00:00+05:30,440.0,443.25,429.0,435.1,202030
2014-07-04 00:00:00+05:30,436.0,441.93,436.0,440.45,125738
2014-07-07 00:00:00+05:30,441.25,447.5,439.28,441.8,154900
2014-07-08 00:00:00+05:30,442.25,445.88,433.5,440.53,255016
2014-07-09 00:00:00+05:30,441.03,442.5,430.5,432.03,375220
2014-07-10 00:00:00+05:30,432.5,436.5,424.0,429.8,45996
2014-07-11 00:00:00+05:30,430.3,439.95,421.73,424.53,83800
2014-07-14 00:00:00+05:30,425.0,432.5,420.0,422.28,128492
2014-07-15 00:00:00+05:30,423.03,429.0,418.0,423.5,80180
2014-07-16 00:00:00+05:30,426.88,429.0,423.5,427.88,85112
2014-07-17 00:00:00+05:30,428.5,433.0,425.63,429.85,359292
2014-07-18 00:00:00+05:30,433.3,433.3,422.1,425.95,89324
2014-07-21 00:00:00+05:30,423.75,432.5,423.75,429.23,86610
2014-07-22 00:00:00+05:30,426.5,431.9,422.5,424.78,91572
2014-07-23 00:00:00+05:30,428.5,429.73,415.0,418.93,140476
2014-07-24 00:00:00+05:30,421.45,421.45,356.0,363.4,7525802
2014-07-25 00:00:00+05:30,367.85,377.0,356.1,359.58,1637444
2014-07-28 00:00:00+05:30,364.95,369.85,347.5,350.85,878652
2014-07-30 00:00:00+05:30,352.0,363.98,339.0,357.63,1527074
2014-07-31 00:00:00+05:30,364.0,367.4,352.2,353.23,2108040
2014-08-01 00:00:00+05:30,354.0,369.98,353.5,362.4,1960562
2014-08-04 00:00:00+05:30,366.95,372.0,358.55,360.3,667972
2014-08-05 00:00:00+05:30,361.1,365.25,358.5,362.88,351660
2014-08-06 00:00:00+05:30,361.7,365.25,360.0,361.73,383760
2014-08-07 00:00:00+05:30,361.33,367.5,360.58,362.25,343282
2014-08-08 00:00:00+05:30,332.5,352.2,325.0,346.2,2934972
2014-08-11 00:00:00+05:30,347.5,353.95,347.5,349.85,831242
2014-08-12 00:00:00+05:30,351.0,367.0,351.0,359.13,652324
2014-08-13 00:00:00+05:30,361.0,361.63,353.0,357.6,321076
2014-08-14 00:00:00+05:30,356.0,360.0,355.0,357.3,199530
2014-08-18 00:00:00+05:30,359.85,367.48,358.5,364.23,435572
2014-08-19 00:00:00+05:30,364.5,367.0,363.5,364.9,268794
2014-08-20 00:00:00+05:30,367.5,374.4,365.0,369.28,569716
2014-08-21 00:00:00+05:30,370.33,384.4,370.33,373.28,914672
2014-08-22 00:00:00+05:30,375.0,376.4,370.05,370.88,252670
2014-08-25 00:00:00+05:30,373.0,373.48,365.0,365.85,207176
2014-08-26 00:00:00+05:30,363.5,372.5,363.5,364.75,173210
2014-08-28 00:00:00+05:30,377.5,379.95,371.0,373.1,161108
2014-09-01 00:00:00+05:30,375.0,379.5,373.15,377.03,183276
2014-09-02 00:00:00+05:30,376.63,383.9,376.63,381.45,330272
2014-09-03 00:00:00+05:30,381.5,385.5,377.33,384.35,360878
2014-09-04 00:00:00+05:30,383.0,384.95,379.6,380.48,403736
2014-09-05 00:00:00+05:30,377.75,403.5,377.75,394.65,928562
2014-09-08 00:00:00+05:30,397.35,403.9,391.0,401.43,393460
2014-09-09 00:00:00+05:30,400.0,409.5,397.5,400.85,284010
2014-09-10 00:00:00+05:30,399.53,408.7,397.5,398.28,328182
2014-09-11 00:00:00+05:30,400.03,413.25,400.03,411.58,452714
2014-09-12 00:00:00+05:30,413.5,414.53,407.1,409.85,415518
2014-09-15 00:00:00+05:30,409.65,409.65,398.0,400.4,253374
2014-09-16 00:00:00+05:30,401.0,408.0,385.0,387.4,302644
2014-09-17 00:00:00+05:30,389.05,395.5,385.0,389.68,199224
2014-09-18 00:00:00+05:30,387.03,403.85,382.5,389.63,509750
2014-09-19 00:00:00+05:30,391.1,394.5,387.5,390.63,163070
2014-09-22 00:00:00+05:30,382.5,397.45,381.0,394.08,208670
2014-09-23 00:00:00+05:30,390.5,397.5,385.0,386.28,230426
2014-09-24 00:00:00+05:30,385.1,388.0,372.5,374.98,259694
2014-09-25 00:00:00+05:30,373.5,377.3,366.5,371.65,279828
2014-09-26 00:00:00+05:30,368.05,377.5,364.38,376.88,154610
2014-09-29 00:00:00+05:30,376.88,395.9,376.88,389.53,303668
2014-09-30 00:00:00+05:30,390.95,397.23,388.0,395.98,160552
2014-10-01 00:00:00+05:30,394.5,398.25,387.55,391.85,345296
2014-10-07 00:00:00+05:30,387.95,387.95,372.5,375.25,259512
2014-10-08 00:00:00+05:30,376.0,379.0,368.0,369.28,112740
2014-10-09 00:00:00+05:30,370.5,375.0,370.0,372.4,348572
2014-10-10 00:00:00+05:30,370.5,375.93,368.0,373.45,74890
2014-10-13 00:00:00+05:30,375.0,375.0,362.63,367.38,471700
2014-10-14 00:00:00+05:30,364.5,368.5,355.68,357.2,304420
2014-10-16 00:00:00+05:30,359.98,361.48,339.05,341.9,367996
2014-10-17 00:00:00+05:30,343.0,351.2,341.73,343.18,248466
2014-10-20 00:00:00+05:30,348.5,351.0,338.58,341.15,213468
2014-10-21 00:00:00+05:30,341.5,347.5,340.0,342.43,164824
2014-10-22 00:00:00+05:30,343.5,357.5,342.93,350.53,298220
2014-10-23 00:00:00+05:30,355.0,366.98,355.0,364.48,186108
2014-10-27 00:00:00+05:30,367.45,388.5,363.0,366.23,675362
2014-10-28 00:00:00+05:30,363.03,374.13,363.0,372.13,418956
2014-10-29 00:00:00+05:30,373.2,374.48,362.5,366.18,220032
2014-10-30 00:00:00+05:30,366.0,371.25,363.0,365.55,185650
2014-10-31 00:00:00+05:30,366.05,371.0,364.03,365.65,356004
2014-11-03 00:00:00+05:30,365.1,377.68,364.5,373.5,224860
2014-11-05 00:00:00+05:30,362.5,362.5,315.0,334.55,5887338
2014-11-07 00:00:00+05:30,339.0,341.95,329.05,330.68,1644764
2014-11-10 00:00:00+05:30,333.0,337.73,315.0,318.65,2308050
2014-11-11 00:00:00+05:30,317.5,337.48,315.75,334.63,1536232
2014-11-12 00:00:00+05:30,334.05,335.8,327.5,329.55,746112
2014-11-13 00:00:00+05:30,330.75,337.2,330.75,334.83,460314
2014-11-14 00:00:00+05:30,332.65,342.98,332.65,342.1,585836
2014-11-17 00:00:00+05:30,342.13,344.95,336.0,337.95,176854
2014-11-18 00:00:00+05:30,337.6,342.25,335.18,335.9,228272
2014-11-19 00:00:00+05:30,338.0,340.53,334.48,337.05,225986
2014-11-20 00:00:00+05:30,335.53,339.4,334.05,335.68,129358
2014-11-21 00:00:00+05:30,334.5,338.0,331.5,333.38,208204
2014-11-24 00:00:00+05:30,332.63,336.45,326.75,328.95,194112
2014-11-25 00:00:00+05:30,327.53,332.0,325.5,330.33,221612
2014-11-26 00:00:00+05:30,330.0,339.48,328.03,336.5,237158
2014-11-27 00:00:00+05:30,337.0,340.7,334.98,339.3,186418
2014-11-28 00:00:00+05:30,340.0,344.85,340.0,342.13,265244
2014-12-01 00:00:00+05:30,345.0,347.85,341.38,343.2,279910
2014-12-02 00:00:00+05:30,346.5,351.5,343.0,347.53,314794
2014-12-03 00:00:00+05:30,347.5,364.5,346.0,360.75,729708
2014-12-04 00:00:00+05:30,363.75,369.0,355.15,361.88,335028
2014-12-05 00:00:00+05:30,360.5,367.5,360.5,363.55,181756
2014-12-08 00:00:00+05:30,362.5,366.73,361.5,363.18,335938
2014-12-09 00:00:00+05:30,360.7,369.93,352.55,355.68,324452
2014-12-10 00:00:00+05:30,357.3,359.93,354.4,356.13,220834
2014-12-11 00:00:00+05:30,357.5,365.0,355.03,363.13,257424
2014-12-12 00:00:00+05:30,363.0,374.5,363.0,369.2,375614
2014-12-15 00:00:00+05:30,367.45,370.88,360.15,363.78,199312
2014-12-16 00:00:00+05:30,360.0,366.88,352.5,363.08,355530
2014-12-17 00:00:00+05:30,358.5,364.43,347.98,357.28,346224
2014-12-18 00:00:00+05:30,359.0,364.5,350.75,353.13,298098
2014-12-19 00:00:00+05:30,358.5,359.0,352.5,354.95,213430
2014-12-22 00:00:00+05:30,354.0,359.95,354.0,354.98,120482
2014-12-23 00:00:00+05:30,362.0,363.0,354.55,358.95,715924
2014-12-24 00:00:00+05:30,361.7,365.0,357.5,359.5,273358
2014-12-26 00:00:00+05:30,359.5,372.5,352.55,367.8,430570
2014-12-29 00:00:00+05:30,368.0,372.0,362.9,370.13,162820
2014-12-30 00:00:00+05:30,370.38,372.5,365.0,366.68,69326
2014-12-31 00:00:00+05:30,365.0,370.5,355.45,365.68,400686
2015-01-01 00:00:00+05:30,367.28,370.7,359.78,360.33,198016
2015-01-02 00:00:00+05:30,365.4,365.48,361.5,363.3,119802
2015-01-05 00:00:00+05:30,362.0,369.5,362.0,366.48,184270
2015-01-06 00:00:00+05:30,365.9,374.35,360.7,364.35,281188
2015-01-07 00:00:00+05:30,363.18,367.45,360.08,363.95,101174
2015-01-08 00:00:00+05:30,365.1,368.2,362.75,364.7,102910
2015-01-09 00:00:00+05:30,364.5,379.25,363.85,369.3,763218
2015-01-12 00:00:00+05:30,372.35,374.5,363.3,366.65,225786
2015-01-13 00:00:00+05:30,368.0,374.45,365.0,371.45,276284
2015-01-14 00:00:00+05:30,372.5,372.5,363.95,366.38,96206
2015-01-15 00:00:00+05:30,367.5,370.0,360.0,362.6,238156
2015-01-16 00:00:00+05:30,362.0,366.4,350.55,356.7,366032
2015-01-19 00:00:00+05:30,358.0,360.53,345.83,347.73,497386
2015-01-20 00:00:00+05:30,349.0,352.95,347.2,347.8,261176
2015-01-21 00:00:00+05:30,350.5,355.0,348.5,349.98,145694
2015-01-22 00:00:00+05:30,349.63,353.5,348.25,349.48,288384
2015-01-23 00:00:00+05:30,326.0,341.0,318.0,319.4,4820028
2015-01-27 00:00:00+05:30,322.0,323.7,316.0,318.2,977600
2015-01-28 00:00:00+05:30,319.85,324.5,317.5,322.0,1134644
2015-01-29 00:00:00+05:30,322.0,322.5,317.5,318.7,481154
2015-01-30 00:00:00+05:30,320.0,321.55,317.5,319.15,302452
2015-02-02 00:00:00+05:30,320.0,322.33,318.0,318.58,289190
2015-02-03 00:00:00+05:30,320.98,320.98,308.5,309.7,373950
2015-02-04 00:00:00+05:30,314.9,316.0,307.73,313.75,289020
2015-02-05 00:00:00+05:30,315.0,317.4,313.9,315.1,203534
2015-02-06 00:00:00+05:30,316.5,316.5,299.5,307.48,403980
2015-02-09 00:00:00+05:30,297.5,322.0,296.05,319.58,1011612
2015-02-10 00:00:00+05:30,321.0,330.88,310.5,325.68,1533654
2015-02-11 00:00:00+05:30,327.5,332.5,322.35,327.6,403752
2015-02-12 00:00:00+05:30,329.03,336.0,327.0,335.08,451848
2015-02-13 00:00:00+05:30,337.0,342.03,333.05,340.43,349622
2015-02-16 00:00:00+05:30,340.0,349.0,340.0,346.33,359766
2015-02-18 00:00:00+05:30,346.5,358.03,346.5,350.5,435286
2015-02-19 00:00:00+05:30,352.0,353.5,340.55,344.08,180790
2015-02-20 00:00:00+05:30,345.5,348.78,335.5,338.98,359950
2015-02-23 00:00:00+05:30,339.0,345.8,331.08,333.1,247018
2015-02-24 00:00:00+05:30,332.53,337.35,327.53,333.9,181552
2015-02-25 00:00:00+05:30,335.0,338.5,330.55,336.45,243016
2015-02-26 00:00:00+05:30,336.45,339.3,327.53,333.13,140344
2015-02-27 00:00:00+05:30,333.13,338.5,330.05,331.83,132946
2015-02-28 00:00:00+05:30,333.0,334.83,326.08,328.43,168040
2015-03-02 00:00:00+05:30,329.5,337.4,329.0,332.7,222480
2015-03-03 00:00:00+05:30,335.5,343.63,334.55,338.55,403848
2015-03-04 00:00:00+05:30,341.0,357.5,337.85,340.25,1428966
2015-03-05 00:00:00+05:30,340.5,358.5,340.25,354.08,561036
2015-03-09 00:00:00+05:30,357.5,367.4,353.13,355.5,973780
2015-03-10 00:00:00+05:30,356.25,378.0,356.25,373.95,1080114
2015-03-11 00:00:00+05:30,378.03,396.95,372.0,373.7,2031368
2015-03-12 00:00:00+05:30,377.53,383.0,369.5,373.48,592286
2015-03-13 00:00:00+05:30,375.5,382.5,363.18,366.15,588456
2015-03-16 00:00:00+05:30,367.5,372.0,361.05,367.05,444760
2015-03-17 00:00:00+05:30,370.05,399.4,369.55,386.68,2756176
2015-03-18 00:00:00+05:30,386.0,395.0,376.48,388.48,1119500
2015-03-19 00:00:00+05:30,393.25,399.5,380.88,383.6,1256156
2015-03-20 00:00:00+05:30,383.0,390.95,373.0,377.55,629148
2015-03-23 00:00:00+05:30,376.0,379.28,368.13,373.53,449748
2015-03-24 00:00:00+05:30,375.0,387.88,372.5,384.8,622722
2015-03-25 00:00:00+05:30,347.05,356.2,329.13,331.8,8051570
2015-03-26 00:00:00+05:30,330.0,336.9,322.28,323.35,1841530
2015-03-27 00:00:00+05:30,328.0,328.0,313.0,322.33,1521244
2015-03-30 00:00:00+05:30,327.0,355.0,322.68,324.88,663886
2015-03-31 00:00:00+05:30,325.65,327.35,316.58,317.93,578088
2015-04-01 00:00:00+05:30,319.0,326.83,318.78,321.73,547096
2015-04-06 00:00:00+05:30,322.0,327.0,320.0,321.05,475268
2015-04-07 00:00:00+05:30,322.95,325.0,319.5,320.6,465152
2015-04-08 00:00:00+05:30,323.4,335.6,321.1,328.03,1157048
2015-04-09 00:00:00+05:30,331.1,334.5,324.5,329.65,687578
2015-04-10 00:00:00+05:30,331.7,334.0,328.5,330.2,430556
2015-04-13 00:00:00+05:30,331.4,340.0,328.7,335.48,843002
2015-04-15 00:00:00+05:30,335.05,342.98,335.05,337.8,628432
2015-04-16 00:00:00+05:30,339.0,339.9,331.5,333.38,508580
2015-04-17 00:00:00+05:30,335.0,335.9,327.88,330.8,316074
2015-04-20 00:00:00+05:30,330.8,330.8,316.3,320.23,354006
2015-04-21 00:00:00+05:30,321.85,327.5,320.23,323.38,341724
2015-04-22 00:00:00+05:30,325.0,333.78,323.75,331.08,522064
2015-04-23 00:00:00+05:30,333.2,334.0,327.6,331.58,162122
2015-04-24 00:00:00+05:30,333.2,340.0,330.0,331.03,746632
2015-04-27 00:00:00+05:30,331.05,332.48,320.0,323.45,347024
2015-04-28 00:00:00+05:30,322.0,323.1,316.05,320.03,413930
2015-04-29 00:00:00+05:30,321.45,325.0,316.0,321.13,90994
2015-04-30 00:00:00+05:30,321.0,322.7,317.55,321.05,99464
2015-05-04 00:00:00+05:30,322.2,323.45,320.05,320.85,91390
2015-05-05 00:00:00+05:30,320.55,326.2,320.48,322.15,122770
2015-05-06 00:00:00+05:30,322.0,322.0,311.75,315.2,157136
2015-05-07 00:00:00+05:30,315.0,317.5,310.28,313.08,274238
2015-05-08 00:00:00+05:30,314.5,321.0,313.13,315.25,108026
2015-05-11 00:00:00+05:30,316.0,323.25,316.0,321.5,202258
2015-05-12 00:00:00+05:30,322.9,330.0,319.6,326.55,213010
2015-05-13 00:00:00+05:30,326.6,337.0,323.13,327.2,237394
2015-05-14 00:00:00+05:30,326.95,337.48,323.0,332.9,189676
2015-05-15 00:00:00+05:30,334.5,337.0,329.5,333.18,149226
2015-05-18 00:00:00+05:30,334.4,337.5,332.5,334.88,266988
2015-05-19 00:00:00+05:30,335.2,336.45,329.03,330.48,276840
2015-05-20 00:00:00+05:30,331.1,337.5,329.68,335.3,142086
2015-05-21 00:00:00+05:30,335.0,337.25,329.75,333.1,117734
2015-05-22 00:00:00+05:30,332.1,335.03,325.13,325.85,152856
2015-05-25 00:00:00+05:30,336.0,337.93,328.0,329.35,437520
2015-05-26 00:00:00+05:30,333.5,333.5,327.55,329.0,497094
2015-05-27 00:00:00+05:30,330.0,330.0,326.5,327.38,322092
2015-05-28 00:00:00+05:30,329.9,329.9,318.25,321.03,439136
2015-05-29 00:00:00+05:30,323.5,333.5,320.0,327.35,380858
2015-06-01 00:00:00+05:30,304.9,346.0,304.9,343.7,1647354
2015-06-02 00:00:00+05:30,343.0,343.0,324.45,326.1,417274
2015-06-03 00:00:00+05:30,326.95,328.98,314.0,316.2,447192
2015-06-04 00:00:00+05:30,319.78,321.05,314.98,318.2,486840
2015-06-05 00:00:00+05:30,316.0,322.25,316.0,319.63,106692
2015-06-08 00:00:00+05:30,319.5,325.73,318.0,320.75,67112
2015-06-09 00:00:00+05:30,322.0,322.35,316.4,318.98,103034
2015-06-10 00:00:00+05:30,320.0,323.0,318.18,320.53,82334
2015-06-11 00:00:00+05:30,320.65,327.5,320.03,323.4,196334
2015-06-12 00:00:00+05:30,325.0,325.0,319.5,321.95,95262
2015-06-15 00:00:00+05:30,322.0,326.5,320.5,321.6,105614
2015-06-16 00:00:00+05:30,323.5,331.0,321.33,329.28,374690
2015-06-17 00:00:00+05:30,330.23,335.0,327.53,329.55,241922
2015-06-18 00:00:00+05:30,331.0,339.4,329.05,338.83,271830
2015-06-19 00:00:00+05:30,340.0,343.0,337.55,340.3,180750
2015-06-22 00:00:00+05:30,344.95,344.95,340.18,343.1,212994
2015-06-23 00:00:00+05:30,341.5,342.5,335.78,338.6,118158
2015-06-24 00:00:00+05:30,337.6,354.48,336.68,347.53,470242
2015-06-25 00:00:00+05:30,346.88,364.53,346.88,360.93,961160
2015-06-26 00:00:00+05:30,362.48,364.93,352.68,361.0,356630
2015-06-29 00:00:00+05:30,354.0,357.45,342.55,355.6,320416
2015-06-30 00:00:00+05:30,353.1,362.2,352.55,354.83,187754
2015-07-01 00:00:00+05:30,355.0,360.0,349.48,351.95,346550
2015-07-02 00:00:00+05:30,352.03,356.98,347.63,349.33,215868
2015-07-03 00:00:00+05:30,352.18,352.28,344.05,345.35,171840
2015-07-06 00:00:00+05:30,343.0,353.0,340.03,348.45,180482
2015-07-07 00:00:00+05:30,348.5,351.83,345.03,348.08,150438
2015-07-08 00:00:00+05:30,345.0,348.18,339.15,341.93,700226
2015-07-09 00:00:00+05:30,344.0,346.8,340.65,341.9,117404
2015-07-10 00:00:00+05:30,342.5,345.25,340.28,344.2,178462
2015-07-13 00:00:00+05:30,346.5,348.95,342.2,346.68,129702
2015-07-14 00:00:00+05:30,347.5,351.0,343.5,345.85,181990
2015-07-15 00:00:00+05:30,345.55,351.0,345.03,349.7,201468
2015-07-16 00:00:00+05:30,351.5,354.95,349.58,353.5,168622
2015-07-17 00:00:00+05:30,354.5,357.35,351.53,354.78,173586
2015-07-20 00:00:00+05:30,356.58,359.5,353.5,355.0,256502
2015-07-21 00:00:00+05:30,355.5,357.53,348.5,349.65,143540
2015-07-22 00:00:00+05:30,348.95,350.0,343.0,345.2,157958
2015-07-23 00:00:00+05:30,349.0,349.0,342.55,345.4,138054
2015-07-24 00:00:00+05:30,348.5,348.5,344.05,344.98,554090
2015-07-27 00:00:00+05:30,344.5,357.2,339.0,347.2,288640
2015-07-28 00:00:00+05:30,347.5,352.4,342.5,346.45,107976
2015-07-29 00:00:00+05:30,351.0,351.0,339.0,345.0,184422
2015-07-30 00:00:00+05:30,345.0,354.5,333.13,349.0,1080270
2015-07-31 00:00:00+05:30,345.03,346.75,335.05,338.13,567086
2015-08-03 00:00:00+05:30,338.13,369.48,338.0,360.8,1704102
2015-08-04 00:00:00+05:30,363.85,371.0,360.0,362.88,320608
2015-08-05 00:00:00+05:30,363.0,366.98,357.5,362.58,161296
2015-08-06 00:00:00+05:30,359.03,379.65,359.0,376.93,621714
2015-08-07 00:00:00+05:30,375.55,395.85,375.5,393.83,820410
2015-08-10 00:00:00+05:30,392.45,394.25,377.53,379.85,252306
2015-08-11 00:00:00+05:30,383.78,383.78,375.0,380.0,151980
2015-08-12 00:00:00+05:30,379.35,390.65,375.0,384.55,300896
2015-08-13 00:00:00+05:30,385.5,390.0,380.7,385.6,196792
2015-08-14 00:00:00+05:30,388.2,411.4,387.48,408.28,992746
2015-08-17 00:00:00+05:30,412.35,417.0,405.5,412.38,1308584
2015-08-18 00:00:00+05:30,414.0,424.38,403.3,408.28,358640
2015-08-19 00:00:00+05:30,408.5,443.5,406.03,422.58,1393764
2015-08-20 00:00:00+05:30,418.0,434.0,406.15,425.4,829554
2015-08-21 00:00:00+05:30,424.9,434.5,417.5,428.13,1119680
2015-08-24 00:00:00+05:30,413.18,418.0,387.48,399.23,566348
2015-08-25 00:00:00+05:30,402.5,404.93,375.0,395.35,883012
2015-08-26 00:00:00+05:30,390.1,394.43,382.5,384.63,175578
2015-08-27 00:00:00+05:30,387.6,403.0,384.53,387.53,648906
2015-08-28 00:00:00+05:30,390.5,399.68,388.0,391.23,269090
2015-08-31 00:00:00+05:30,392.45,398.75,390.0,395.83,208486
2015-09-01 00:00:00+05:30,395.0,407.83,386.5,393.2,462430
2015-09-02 00:00:00+05:30,393.75,404.0,391.55,400.45,231884
2015-09-03 00:00:00+05:30,407.75,407.75,394.0,396.85,157764
2015-09-04 00:00:00+05:30,397.5,397.5,378.68,380.73,311596
2015-09-07 00:00:00+05:30,379.5,382.2,371.2,375.3,797290
2015-09-08 00:00:00+05:30,381.25,381.25,357.78,368.9,444374
2015-09-09 00:00:00+05:30,375.95,377.0,369.33,370.75,259782
2015-09-10 00:00:00+05:30,369.5,374.33,361.2,370.15,156560
2015-09-11 00:00:00+05:30,372.75,381.0,370.58,374.2,234004
2015-09-14 00:00:00+05:30,379.25,379.25,371.48,375.03,152596
2015-09-15 00:00:00+05:30,378.95,378.95,372.63,374.9,116610
2015-09-16 00:00:00+05:30,376.98,377.0,367.5,370.58,120582
2015-09-18 00:00:00+05:30,371.5,375.0,367.5,368.48,330700
2015-09-21 00:00:00+05:30,364.0,383.5,363.6,380.03,314606
2015-09-22 00:00:00+05:30,384.0,391.53,371.5,373.6,210992
2015-09-23 00:00:00+05:30,372.53,382.5,367.18,378.38,242532
2015-09-24 00:00:00+05:30,380.0,387.5,375.63,385.45,112084
2015-09-28 00:00:00+05:30,386.05,393.35,381.5,384.05,270338
2015-09-29 00:00:00+05:30,379.0,379.0,370.0,374.0,168842
2015-09-30 00:00:00+05:30,372.5,381.85,370.0,370.9,221844
2015-10-01 00:00:00+05:30,371.5,376.0,367.98,368.95,202924
2015-10-05 00:00:00+05:30,370.05,373.0,363.55,365.33,209312
2015-10-06 00:00:00+05:30,366.0,370.95,364.0,364.78,181688
2015-10-07 00:00:00+05:30,368.0,368.0,355.55,356.55,206006
2015-10-08 00:00:00+05:30,357.25,366.48,350.0,360.48,402332
2015-10-09 00:00:00+05:30,364.0,365.7,358.5,362.05,192382
2015-10-12 00:00:00+05:30,358.7,363.5,357.25,362.1,137160
2015-10-13 00:00:00+05:30,363.0,370.35,358.28,368.13,289696
2015-10-14 00:00:00+05:30,371.0,373.25,367.5,370.95,138668
2015-10-15 00:00:00+05:30,374.13,381.5,367.65,374.95,407354
2015-10-16 00:00:00+05:30,373.0,387.5,372.15,385.8,641356
2015-10-19 00:00:00+05:30,387.15,388.5,379.15,381.78,356182
2015-10-20 00:00:00+05:30,382.88,383.45,375.5,376.2,94936
2015-10-21 00:00:00+05:30,377.5,380.45,375.18,378.25,77000
2015-10-23 00:00:00+05:30,379.0,380.0,369.75,372.58,1231558
2015-10-26 00:00:00+05:30,373.0,382.8,368.5,378.4,228002
2015-10-27 00:00:00+05:30,381.45,400.5,375.5,393.9,1020608
2015-10-28 00:00:00+05:30,393.1,398.95,387.53,389.8,560020
2015-10-29 00:00:00+05:30,385.6,393.53,385.53,390.88,399164
2015-10-30 00:00:00+05:30,389.0,396.0,375.55,389.58,2131050
2015-11-02 00:00:00+05:30,385.0,389.35,374.6,385.13,346500
2015-11-03 00:00:00+05:30,382.5,386.18,374.6,376.38,416278
2015-11-04 00:00:00+05:30,377.5,379.38,372.63,373.33,173798
2015-11-05 00:00:00+05:30,369.75,374.93,357.75,366.7,334314
2015-11-06 00:00:00+05:30,360.5,369.0,347.55,351.88,468836
2015-11-09 00:00:00+05:30,345.0,363.0,340.55,361.1,425764
2015-11-10 00:00:00+05:30,362.5,365.0,356.55,357.93,104496
2015-11-11 00:00:00+05:30,362.0,365.0,360.8,363.9,28410
2015-11-13 00:00:00+05:30,362.5,362.55,357.55,359.58,160174
2015-11-16 00:00:00+05:30,359.5,367.0,354.0,362.9,163598
2015-11-17 00:00:00+05:30,366.0,376.28,360.0,371.85,299942
2015-11-18 00:00:00+05:30,373.5,383.65,372.7,378.63,421756
2015-11-19 00:00:00+05:30,380.0,392.2,380.0,387.68,363068
2015-11-20 00:00:00+05:30,389.13,389.13,380.55,383.23,170566
2015-11-23 00:00:00+05:30,383.0,395.0,383.0,389.93,312588
2015-11-24 00:00:00+05:30,388.0,388.03,381.5,384.08,187248
2015-11-26 00:00:00+05:30,382.63,388.5,376.35,381.15,155328
2015-11-27 00:00:00+05:30,377.08,385.0,376.55,382.73,112972
2015-11-30 00:00:00+05:30,382.5,404.0,379.75,395.35,1350862
2015-12-01 00:00:00+05:30,392.0,396.9,385.8,392.85,241970
2015-12-02 00:00:00+05:30,388.08,399.48,385.0,385.75,154932
2015-12-03 00:00:00+05:30,383.65,387.53,378.0,383.9,183508
2015-12-04 00:00:00+05:30,380.4,403.7,379.08,386.4,737810
2015-12-07 00:00:00+05:30,391.4,391.4,376.6,378.75,380080
2015-12-08 00:00:00+05:30,378.5,381.0,372.05,375.4,257124
2015-12-09 00:00:00+05:30,376.93,380.45,365.5,379.2,455026
2015-12-10 00:00:00+05:30,384.0,384.0,368.4,379.43,1644104
2015-12-11 00:00:00+05:30,377.0,383.95,372.58,374.38,262902
2015-12-14 00:00:00+05:30,372.5,379.5,370.0,377.3,248278
2015-12-15 00:00:00+05:30,377.75,379.95,372.5,375.98,215092
2015-12-16 00:00:00+05:30,377.13,381.5,372.55,373.58,207298
2015-12-17 00:00:00+05:30,378.45,378.68,370.0,371.1,351702
2015-12-18 00:00:00+05:30,372.48,374.85,369.03,371.2,145164
2015-12-21 00:00:00+05:30,371.63,374.5,365.55,369.85,135714
2015-12-22 00:00:00+05:30,372.5,376.4,369.0,373.03,114840
2015-12-23 00:00:00+05:30,371.5,382.25,371.5,376.0,228398
2015-12-24 00:00:00+05:30,377.0,381.5,373.0,374.38,95658
2015-12-28 00:00:00+05:30,380.0,380.0,371.0,372.55,87272
2015-12-29 00:00:00+05:30,373.98,375.4,372.5,374.28,63474
2015-12-30 00:00:00+05:30,374.0,380.5,371.0,374.45,131262
2015-12-31 00:00:00+05:30,376.15,376.15,370.15,370.95,125732
2016-01-01 00:00:00+05:30,370.5,373.85,370.0,371.15,75462
2016-01-04 00:00:00+05:30,372.0,372.5,365.35,365.98,135950
2016-01-05 00:00:00+05:30,369.7,369.7,355.03,356.18,806156
2016-01-06 00:00:00+05:30,357.53,363.5,356.8,357.75,383018
2016-01-07 00:00:00+05:30,358.0,358.0,345.0,345.38,335894
2016-01-08 00:00:00+05:30,349.8,351.0,337.53,340.88,311858
2016-01-11 00:00:00+05:30,335.75,343.13,333.0,336.98,157916
2016-01-12 00:00:00+05:30,333.28,340.0,324.15,326.48,345066
2016-01-13 00:00:00+05:30,328.43,330.0,310.0,325.25,851612
2016-01-14 00:00:00+05:30,319.0,336.5,317.0,323.23,733936
2016-01-15 00:00:00+05:30,323.95,323.95,306.5,307.68,714174
2016-01-18 00:00:00+05:30,310.0,319.95,297.55,309.53,537778
2016-01-19 00:00:00+05:30,309.2,326.2,303.65,323.3,167564
2016-01-20 00:00:00+05:30,323.85,323.85,308.88,318.25,279496
2016-01-21 00:00:00+05:30,319.98,319.98,310.5,313.1,176430
2016-01-22 00:00:00+05:30,318.95,322.5,312.38,320.7,243582
2016-01-25 00:00:00+05:30,320.0,331.88,320.0,328.1,256196
2016-01-27 00:00:00+05:30,327.0,331.5,322.5,326.43,420420
2016-01-28 00:00:00+05:30,326.43,327.5,320.0,323.6,288330
2016-01-29 00:00:00+05:30,323.5,335.15,320.53,334.48,206872
2016-02-01 00:00:00+05:30,339.5,339.5,281.03,327.58,4819250
2016-02-02 00:00:00+05:30,325.0,329.35,314.5,327.15,676418
2016-02-03 00:00:00+05:30,324.0,326.48,316.05,319.85,182978
2016-02-04 00:00:00+05:30,324.35,324.35,311.88,315.25,703356
2016-02-05 00:00:00+05:30,311.18,316.5,306.03,310.28,163206
2016-02-08 00:00:00+05:30,310.05,330.0,304.0,323.75,1727556
2016-02-09 00:00:00+05:30,320.6,336.75,313.18,326.15,1638168
2016-02-10 00:00:00+05:30,307.0,330.0,298.0,312.45,3320906
2016-02-11 00:00:00+05:30,310.0,315.9,298.0,302.53,565896
2016-02-12 00:00:00+05:30,307.43,307.43,276.53,289.18,624274
2016-02-15 00:00:00+05:30,294.7,312.0,294.7,309.45,173492
2016-02-16 00:00:00+05:30,306.85,309.0,297.5,302.63,563926
2016-02-17 00:00:00+05:30,297.5,313.48,295.5,305.35,310678
2016-02-18 00:00:00+05:30,307.5,323.5,306.0,316.98,456028
2016-02-19 00:00:00+05:30,310.75,324.5,308.1,322.18,310822
2016-02-22 00:00:00+05:30,318.25,321.0,314.03,317.35,116832
2016-02-23 00:00:00+05:30,317.9,319.35,307.5,310.3,97294
2016-02-24 00:00:00+05:30,309.0,314.45,302.55,304.63,174712
2016-02-25 00:00:00+05:30,302.5,309.93,291.0,293.35,490804
2016-02-26 00:00:00+05:30,294.03,299.95,283.5,285.65,853678
2016-02-29 00:00:00+05:30,285.5,287.5,278.55,282.38,223116
2016-03-01 00:00:00+05:30,282.4,287.5,279.0,283.45,340158
2016-03-02 00:00:00+05:30,287.5,299.5,285.9,294.5,264490
2016-03-03 00:00:00+05:30,294.53,297.5,284.5,285.83,184412
2016-03-04 00:00:00+05:30,285.85,290.13,285.73,288.75,549226
2016-03-08 00:00:00+05:30,288.2,290.0,278.8,281.58,878664
2016-03-09 00:00:00+05:30,282.45,283.95,272.25,273.7,558224
2016-03-10 00:00:00+05:30,276.5,279.83,268.58,275.73,513416
2016-03-11 00:00:00+05:30,276.5,276.5,269.0,270.6,299972
2016-03-14 00:00:00+05:30,271.73,278.5,269.98,271.3,169972
2016-03-15 00:00:00+05:30,273.95,273.95,267.0,267.83,131046
2016-03-16 00:00:00+05:30,268.0,270.0,262.5,266.68,146062
2016-03-17 00:00:00+05:30,268.05,269.33,265.0,265.25,100098
2016-03-18 00:00:00+05:30,265.05,281.5,265.0,279.35,484388
2016-03-21 00:00:00+05:30,281.5,282.5,275.0,280.55,158618
2016-03-22 00:00:00+05:30,281.53,286.5,277.98,285.15,153212
2016-03-23 00:00:00+05:30,286.5,314.5,284.95,299.7,896018
2016-03-28 00:00:00+05:30,298.0,306.0,286.3,303.48,462682
2016-03-29 00:00:00+05:30,303.0,303.98,291.0,294.48,289902
2016-03-30 00:00:00+05:30,297.33,298.48,290.4,294.53,137856
2016-03-31 00:00:00+05:30,295.0,297.43,287.83,291.08,154150
2016-04-01 00:00:00+05:30,291.08,291.53,285.28,285.85,88708
2016-04-04 00:00:00+05:30,285.85,290.5,283.48,284.95,76142
2016-04-05 00:00:00+05:30,285.13,287.73,276.0,277.7,90884
2016-04-06 00:00:00+05:30,283.95,283.95,270.13,272.65,256338
2016-04-07 00:00:00+05:30,272.5,283.23,272.5,279.23,300278
2016-04-08 00:00:00+05:30,264.95,264.95,239.3,250.6,9727168
2016-04-11 00:00:00+05:30,250.0,254.0,243.1,244.6,1582190
2016-04-12 00:00:00+05:30,247.7,247.75,240.8,241.25,858546
2016-04-13 00:00:00+05:30,241.5,250.5,240.5,246.55,1479524
2016-04-18 00:00:00+05:30,247.0,247.55,242.7,244.5,1164592
2016-04-20 00:00:00+05:30,246.0,247.4,243.0,245.38,419036
2016-04-21 00:00:00+05:30,247.3,251.35,244.0,247.6,630844
2016-04-22 00:00:00+05:30,248.03,253.2,245.65,249.93,1059372
2016-04-25 00:00:00+05:30,249.98,253.0,248.0,248.85,321264
2016-04-26 00:00:00+05:30,247.0,249.5,246.55,247.7,218998
2016-04-27 00:00:00+05:30,249.0,251.83,247.5,248.0,246522
2016-04-28 00:00:00+05:30,250.0,251.5,245.03,246.18,258608
2016-04-29 00:00:00+05:30,247.9,250.0,246.2,248.88,249880
2016-05-02 00:00:00+05:30,251.5,251.5,246.05,247.13,211886
2016-05-03 00:00:00+05:30,248.85,249.55,245.0,247.78,264786
2016-05-04 00:00:00+05:30,247.75,249.45,242.0,242.98,266328
2016-05-05 00:00:00+05:30,242.98,246.95,241.05,242.73,154882
2016-05-06 00:00:00+05:30,243.0,243.75,237.0,237.78,141866
2016-05-09 00:00:00+05:30,238.5,241.0,236.05,237.65,170630
2016-05-10 00:00:00+05:30,239.0,239.0,235.0,235.5,226280
2016-05-11 00:00:00+05:30,235.0,237.5,233.25,234.38,111496
2016-05-12 00:00:00+05:30,234.5,237.0,233.65,234.15,94846
2016-05-13 00:00:00+05:30,235.8,237.0,233.3,234.0,106702
2016-05-16 00:00:00+05:30,234.0,235.65,221.05,226.05,964182
2016-05-17 00:00:00+05:30,227.5,229.0,224.1,225.0,1265086
2016-05-18 00:00:00+05:30,225.0,229.4,223.28,226.55,1378402
2016-05-19 00:00:00+05:30,226.55,229.0,223.03,223.58,170328
2016-05-20 00:00:00+05:30,223.0,226.45,222.95,224.83,141530
2016-05-23 00:00:00+05:30,226.25,226.75,220.48,223.23,310156
2016-05-24 00:00:00+05:30,221.0,224.0,220.05,220.53,199558
2016-05-25 00:00:00+05:30,224.75,224.75,220.6,221.53,154116
2016-05-26 00:00:00+05:30,220.0,222.5,219.0,220.98,209538
2016-05-27 00:00:00+05:30,221.5,224.0,216.5,218.48,515138
2016-05-30 00:00:00+05:30,218.5,230.0,211.05,213.98,2722674
2016-05-31 00:00:00+05:30,215.75,219.0,214.0,214.95,611966
2016-06-01 00:00:00+05:30,217.5,217.5,210.13,211.48,316136
2016-06-02 00:00:00+05:30,212.48,212.5,206.0,206.68,480626
2016-06-03 00:00:00+05:30,206.85,210.75,206.85,208.55,383594
2016-06-06 00:00:00+05:30,208.5,210.0,202.0,203.7,282564
2016-06-07 00:00:00+05:30,203.7,217.45,202.5,215.65,1682762
2016-06-08 00:00:00+05:30,217.5,219.25,212.03,212.78,1184218
2016-06-09 00:00:00+05:30,214.5,224.5,212.5,222.75,2247326
2016-06-10 00:00:00+05:30,222.8,234.5,222.0,231.9,1692974
2016-06-13 00:00:00+05:30,229.0,232.55,224.55,229.63,578264
2016-06-14 00:00:00+05:30,232.1,233.75,228.33,231.65,215458
2016-06-15 00:00:00+05:30,232.5,236.05,232.43,233.85,247586
2016-06-16 00:00:00+05:30,233.48,246.0,228.4,239.25,782330
2016-06-17 00:00:00+05:30,240.5,246.4,238.65,244.28,767382
2016-06-20 00:00:00+05:30,242.45,245.0,237.15,238.85,330100
2016-06-21 00:00:00+05:30,241.23,251.0,239.43,245.9,559162
2016-06-22 00:00:00+05:30,249.5,251.4,241.0,242.08,480414
2016-06-23 00:00:00+05:30,241.45,244.5,235.0,236.15,327224
2016-06-24 00:00:00+05:30,229.5,232.1,212.0,229.33,516342
2016-06-27 00:00:00+05:30,225.0,237.5,224.98,235.15,274178
2016-06-28 00:00:00+05:30,238.0,247.0,237.5,243.98,716838
2016-06-29 00:00:00+05:30,246.0,247.93,240.75,244.08,522532
2016-06-30 00:00:00+05:30,245.25,247.5,243.0,244.33,305314
2016-07-01 00:00:00+05:30,245.1,245.6,243.03,244.08,169024
2016-07-04 00:00:00+05:30,244.5,246.5,240.55,242.25,206404
2016-07-05 00:00:00+05:30,243.0,243.88,237.65,239.68,223282
2016-07-07 00:00:00+05:30,238.7,241.9,235.68,237.15,188850
2016-07-08 00:00:00+05:30,239.5,242.4,234.0,235.23,335968
2016-07-11 00:00:00+05:30,238.0,240.0,233.5,234.4,266476
2016-07-12 00:00:00+05:30,237.5,237.5,232.63,234.45,205426
2016-07-13 00:00:00+05:30,235.03,235.25,229.5,230.25,345916
2016-07-14 00:00:00+05:30,230.5,236.0,230.5,234.33,1508422
2016-07-15 00:00:00+05:30,234.8,236.33,232.5,233.03,214402
2016-07-18 00:00:00+05:30,233.03,238.83,229.5,232.73,1484964
2016-07-19 00:00:00+05:30,232.5,236.8,230.8,235.25,488498
2016-07-20 00:00:00+05:30,237.5,246.0,235.5,244.15,1271832
2016-07-21 00:00:00+05:30,246.85,247.0,240.0,241.65,965516
2016-07-22 00:00:00+05:30,243.88,247.5,243.45,244.78,643992
2016-07-25 00:00:00+05:30,245.0,249.73,242.5,247.43,1493872
2016-07-26 00:00:00+05:30,248.5,248.88,239.0,240.83,293312
2016-07-27 00:00:00+05:30,242.0,247.0,240.9,245.95,289730
2016-07-28 00:00:00+05:30,245.55,254.9,242.88,246.7,1020040
2016-07-29 00:00:00+05:30,246.2,259.4,245.73,257.88,5042954
2016-08-01 00:00:00+05:30,260.5,262.5,252.55,255.18,939598
2016-08-02 00:00:00+05:30,255.5,259.4,254.1,256.78,797236
2016-08-03 00:00:00+05:30,255.05,258.5,252.75,254.7,287530
2016-08-04 00:00:00+05:30,255.6,264.58,255.0,259.2,893460
2016-08-05 00:00:00+05:30,260.98,262.43,257.75,259.2,281268
2016-08-08 00:00:00+05:30,259.5,261.5,255.08,256.13,255530
2016-08-09 00:00:00+05:30,257.48,257.75,251.0,253.68,221362
2016-08-10 00:00:00+05:30,254.48,257.5,248.38,250.88,373130
2016-08-11 00:00:00+05:30,252.5,268.65,246.55,262.18,3821456
2016-08-12 00:00:00+05:30,264.98,267.38,262.5,265.8,909118
2016-08-16 00:00:00+05:30,265.1,266.98,255.88,258.78,411100
2016-08-17 00:00:00+05:30,259.38,263.2,257.55,260.2,342950
2016-08-18 00:00:00+05:30,260.88,262.0,258.3,258.7,169756
2016-08-19 00:00:00+05:30,258.83,261.4,255.03,256.58,155206
2016-08-22 00:00:00+05:30,258.5,259.93,254.33,255.85,133634
2016-08-23 00:00:00+05:30,255.85,258.83,254.55,255.73,153130
2016-08-24 00:00:00+05:30,257.25,273.93,256.53,272.0,1375524
2016-08-25 00:00:00+05:30,275.25,279.95,268.53,271.7,845538
2016-08-26 00:00:00+05:30,272.95,276.4,270.05,275.38,397556
2016-08-29 00:00:00+05:30,277.5,278.6,272.55,274.48,211538
2016-08-30 00:00:00+05:30,275.0,276.5,270.05,271.4,176016
2016-08-31 00:00:00+05:30,271.58,275.9,269.0,270.6,220212
2016-09-01 00:00:00+05:30,270.6,273.43,266.15,268.45,154204
2016-09-02 00:00:00+05:30,270.0,272.0,268.75,270.63,133212
2016-09-06 00:00:00+05:30,271.9,289.0,270.65,286.48,1270334
2016-09-07 00:00:00+05:30,286.5,288.0,280.1,283.25,450034
2016-09-08 00:00:00+05:30,282.7,291.53,280.83,289.35,385310
2016-09-09 00:00:00+05:30,292.18,297.68,291.0,293.8,700122
2016-09-12 00:00:00+05:30,289.88,292.3,284.0,286.55,189168
2016-09-14 00:00:00+05:30,286.25,295.5,285.0,288.08,494844
2016-09-15 00:00:00+05:30,291.0,291.85,287.5,288.23,109248
2016-09-16 00:00:00+05:30,289.48,297.35,289.48,295.0,450994
2016-09-19 00:00:00+05:30,297.5,300.48,292.55,295.68,422098
2016-09-20 00:00:00+05:30,295.5,298.45,295.0,295.73,206570
2016-09-21 00:00:00+05:30,295.75,299.0,294.0,295.0,566046
2016-09-22 00:00:00+05:30,299.75,308.9,295.43,307.15,548406
2016-09-23 00:00:00+05:30,309.45,309.48,297.5,298.15,710412
2016-09-26 00:00:00+05:30,298.2,299.95,288.6,296.38,392226
2016-09-27 00:00:00+05:30,297.5,302.5,297.0,299.6,488422
2016-09-28 00:00:00+05:30,300.98,304.85,300.98,304.35,265814
2016-09-29 00:00:00+05:30,304.38,304.95,293.5,302.23,497848
2016-09-30 00:00:00+05:30,300.5,302.23,294.0,299.75,593398
2016-10-03 00:00:00+05:30,299.78,304.78,299.78,304.45,346570
2016-10-04 00:00:00+05:30,301.5,312.43,301.5,310.18,220390
2016-10-05 00:00:00+05:30,310.18,314.45,306.0,308.7,207752
2016-10-06 00:00:00+05:30,308.73,312.5,303.0,305.33,132370
2016-10-07 00:00:00+05:30,305.33,307.93,301.75,303.43,75510
2016-10-10 00:00:00+05:30,303.43,313.0,302.75,310.75,157238
2016-10-13 00:00:00+05:30,311.0,319.0,302.1,308.25,664816
2016-10-14 00:00:00+05:30,309.5,313.7,306.9,309.98,155872
2016-10-17 00:00:00+05:30,310.28,315.4,303.35,306.25,152986
2016-10-18 00:00:00+05:30,307.0,312.5,305.5,309.9,99598
2016-10-19 00:00:00+05:30,306.05,314.63,306.05,313.13,77200
2016-10-20 00:00:00+05:30,307.55,313.08,306.03,307.03,220986
2016-10-21 00:00:00+05:30,307.53,316.98,304.0,313.5,143460
2016-10-24 00:00:00+05:30,313.48,319.5,309.25,316.58,174528
2016-10-25 00:00:00+05:30,317.0,322.0,315.05,316.33,95610
2016-10-26 00:00:00+05:30,315.0,319.0,307.53,310.15,152126
2016-10-27 00:00:00+05:30,313.35,313.58,306.53,309.05,81158
2016-10-28 00:00:00+05:30,309.05,310.03,303.0,304.83,174028
2016-10-30 00:00:00+05:30,311.0,311.5,307.23,310.4,43066
2016-11-01 00:00:00+05:30,310.4,310.5,302.5,306.9,161202
2016-11-02 00:00:00+05:30,306.0,306.0,295.13,297.85,172688
2016-11-03 00:00:00+05:30,297.88,299.25,289.5,291.63,145440
2016-11-04 00:00:00+05:30,288.58,290.98,278.55,284.7,297166
2016-11-07 00:00:00+05:30,291.7,296.53,287.5,289.18,204902
2016-11-08 00:00:00+05:30,290.0,297.5,284.13,285.25,178854
2016-11-09 00:00:00+05:30,275.0,295.83,228.5,292.93,222736
2016-11-10 00:00:00+05:30,298.5,304.0,292.0,297.08,243374
2016-11-11 00:00:00+05:30,295.0,309.0,274.5,281.0,1576840
2016-11-15 00:00:00+05:30,287.6,288.7,266.55,270.28,268524
2016-11-16 00:00:00+05:30,281.5,281.5,262.5,264.35,163492
2016-11-17 00:00:00+05:30,264.0,269.85,258.0,266.93,270686
2016-11-18 00:00:00+05:30,267.5,273.88,262.5,271.5,199390
2016-11-21 00:00:00+05:30,270.0,273.03,265.15,268.6,182106
2016-11-22 00:00:00+05:30,266.05,274.95,266.05,272.73,170390
2016-11-23 00:00:00+05:30,272.75,283.0,272.73,281.23,177670
2016-11-24 00:00:00+05:30,275.0,288.0,275.0,284.05,78430
2016-11-25 00:00:00+05:30,284.08,292.23,280.0,286.15,152476
2016-11-28 00:00:00+05:30,288.0,288.0,280.55,285.25,108286
2016-11-29 00:00:00+05:30,286.0,290.0,281.75,283.6,72746
2016-11-30 00:00:00+05:30,283.6,292.35,283.6,290.5,138926
2016-12-01 00:00:00+05:30,292.5,294.7,282.65,287.08,188274
2016-12-02 00:00:00+05:30,282.7,287.35,280.03,282.53,56204
2016-12-05 00:00:00+05:30,278.1,283.88,276.75,278.55,102248
2016-12-06 00:00:00+05:30,279.05,282.28,278.55,279.53,65024
2016-12-07 00:00:00+05:30,282.35,282.35,275.28,279.45,124574
2016-12-08 00:00:00+05:30,277.0,277.0,264.48,269.25,725914
2016-12-09 00:00:00+05:30,270.0,274.75,270.0,272.13,142608
2016-12-12 00:00:00+05:30,272.85,275.0,270.0,271.3,64504
2016-12-13 00:00:00+05:30,270.25,272.98,268.0,269.98,56910
2016-12-14 00:00:00+05:30,270.05,274.3,266.5,269.23,86726
2016-12-15 00:00:00+05:30,264.5,271.18,264.5,268.85,39242
2016-12-16 00:00:00+05:30,268.5,277.0,267.5,273.83,101438
2016-12-19 00:00:00+05:30,275.0,276.95,266.33,268.5,103064
2016-12-20 00:00:00+05:30,270.63,272.45,264.05,265.48,65636
2016-12-21 00:00:00+05:30,269.0,272.5,267.5,269.15,55586
2016-12-22 00:00:00+05:30,269.75,271.0,262.03,267.6,134344
2016-12-23 00:00:00+05:30,268.6,272.0,263.53,264.9,76270
2016-12-26 00:00:00+05:30,265.0,268.63,257.5,261.28,55192
2016-12-27 00:00:00+05:30,262.55,262.83,256.48,258.7,89588
2016-12-28 00:00:00+05:30,260.03,262.65,259.5,260.93,82928
2016-12-29 00:00:00+05:30,259.1,268.5,259.1,265.38,137886
2016-12-30 00:00:00+05:30,266.9,270.0,265.0,266.53,50444
2017-01-02 00:00:00+05:30,267.5,269.85,263.3,264.78,78420
2017-01-03 00:00:00+05:30,265.48,267.5,264.5,265.13,40052
2017-01-04 00:00:00+05:30,266.73,279.5,264.0,274.65,400626
2017-01-05 00:00:00+05:30,277.05,282.4,272.5,274.23,128064
2017-01-06 00:00:00+05:30,274.7,278.95,270.03,272.33,78170
2017-01-09 00:00:00+05:30,270.5,275.85,267.5,269.58,78160
2017-01-10 00:00:00+05:30,268.53,271.2,266.0,267.35,61110
2017-01-11 00:00:00+05:30,267.38,287.0,267.38,278.33,996708
2017-01-12 00:00:00+05:30,277.5,277.5,271.5,273.7,117692
2017-01-13 00:00:00+05:30,273.5,276.53,272.98,274.55,54090
2017-01-16 00:00:00+05:30,274.55,274.95,269.9,270.68,86720
2017-01-17 00:00:00+05:30,270.0,274.85,270.0,273.05,42004
2017-01-18 00:00:00+05:30,272.5,277.0,271.5,274.9,54418
2017-01-19 00:00:00+05:30,275.93,282.5,274.5,279.88,91596
2017-01-20 00:00:00+05:30,277.55,282.5,275.0,279.38,76146
2017-01-23 00:00:00+05:30,279.23,279.5,274.0,275.83,81570
2017-01-24 00:00:00+05:30,275.7,277.0,273.1,275.48,36288
2017-01-25 00:00:00+05:30,278.0,278.0,269.0,269.9,127350
2017-01-27 00:00:00+05:30,271.58,273.93,267.53,268.2,235160
2017-01-30 00:00:00+05:30,274.0,274.0,265.75,267.53,164344
2017-01-31 00:00:00+05:30,272.4,272.4,265.78,267.4,140752
2017-02-01 00:00:00+05:30,265.58,269.95,261.3,266.7,134906
2017-02-02 00:00:00+05:30,267.55,271.95,264.33,266.75,216838
2017-02-03 00:00:00+05:30,266.8,268.95,263.48,264.88,225646
2017-02-06 00:00:00+05:30,266.98,267.0,260.0,263.0,313988
2017-02-07 00:00:00+05:30,264.0,268.0,261.58,262.9,224102
2017-02-08 00:00:00+05:30,264.6,264.85,260.5,261.55,117760
2017-02-09 00:00:00+05:30,262.78,265.5,261.03,263.98,125604
2017-02-10 00:00:00+05:30,265.38,271.5,257.55,259.65,1794498
2017-02-13 00:00:00+05:30,261.95,263.98,259.5,261.6,783828
2017-02-14 00:00:00+05:30,262.25,263.5,260.0,261.15,86066
2017-02-15 00:00:00+05:30,262.0,262.33,259.0,260.2,140404
2017-02-16 00:00:00+05:30,258.1,262.45,257.03,261.63,83458
2017-02-17 00:00:00+05:30,262.0,266.0,260.75,264.65,361180
2017-02-20 00:00:00+05:30,264.5,277.5,263.5,274.8,848152
2017-02-21 00:00:00+05:30,277.0,279.45,275.5,276.85,546028
2017-02-22 00:00:00+05:30,278.9,281.45,268.23,270.45,1063078
2017-02-23 00:00:00+05:30,273.0,273.0,269.0,270.38,113210
2017-02-27 00:00:00+05:30,272.75,287.0,270.0,281.75,589452
2017-02-28 00:00:00+05:30,283.95,284.4,275.5,276.85,168528
2017-03-01 00:00:00+05:30,276.95,280.0,275.0,277.03,268818
2017-03-02 00:00:00+05:30,277.5,278.9,269.05,271.63,145632
2017-03-03 00:00:00+05:30,270.83,278.5,270.53,275.25,181922
2017-03-06 00:00:00+05:30,276.98,278.5,272.5,276.25,97264
2017-03-07 00:00:00+05:30,277.43,277.43,273.55,274.6,77622
2017-03-08 00:00:00+05:30,275.5,277.15,274.0,275.3,92280
2017-03-09 00:00:00+05:30,274.3,276.65,272.5,274.75,73362
2017-03-10 00:00:00+05:30,275.93,276.5,271.5,272.35,54686
2017-03-14 00:00:00+05:30,276.0,282.95,272.5,281.98,1176156
2017-03-15 00:00:00+05:30,284.0,284.4,275.28,276.13,140796
2017-03-16 00:00:00+05:30,279.5,280.98,274.0,274.93,130450
2017-03-17 00:00:00+05:30,275.0,276.33,272.4,273.95,223758
2017-03-20 00:00:00+05:30,275.88,276.88,272.0,272.43,125880
2017-03-21 00:00:00+05:30,272.5,277.53,271.5,276.18,252162
2017-03-22 00:00:00+05:30,273.0,279.0,272.5,277.5,94962
2017-03-23 00:00:00+05:30,278.75,289.75,273.28,286.15,549266
2017-03-24 00:00:00+05:30,287.0,295.0,283.33,293.8,421536
2017-03-27 00:00:00+05:30,293.45,294.7,284.9,289.68,209038
2017-03-28 00:00:00+05:30,289.68,294.0,288.28,293.0,290626
2017-03-29 00:00:00+05:30,295.0,301.7,288.0,300.65,472716
2017-03-30 00:00:00+05:30,302.48,315.0,300.65,304.35,523836
2017-03-31 00:00:00+05:30,305.5,315.93,302.28,311.93,641802
2017-04-03 00:00:00+05:30,309.15,324.75,309.15,315.9,547242
2017-04-05 00:00:00+05:30,317.8,328.8,316.0,323.23,581664
2017-04-06 00:00:00+05:30,322.85,322.85,316.5,319.1,245246
2017-04-07 00:00:00+05:30,318.9,324.35,311.08,318.65,691622
2017-04-10 00:00:00+05:30,319.85,327.5,313.88,318.45,678378
2017-04-11 00:00:00+05:30,314.25,318.48,307.68,317.18,306992
2017-04-12 00:00:00+05:30,315.0,317.38,304.03,307.73,229270
2017-04-13 00:00:00+05:30,309.0,311.9,298.5,301.15,329360
2017-04-17 00:00:00+05:30,301.5,309.0,300.5,306.03,336836
2017-04-18 00:00:00+05:30,306.0,310.0,303.73,305.28,192666
2017-04-19 00:00:00+05:30,306.25,309.0,302.5,304.33,286006
2017-04-20 00:00:00+05:30,303.45,308.5,295.58,297.2,95954
2017-04-21 00:00:00+05:30,298.5,302.5,296.0,298.95,365954
2017-04-24 00:00:00+05:30,298.5,301.9,290.0,296.9,690032
2017-04-25 00:00:00+05:30,300.0,304.0,292.78,299.88,385024
2017-04-26 00:00:00+05:30,300.0,308.5,296.75,304.2,446068
2017-04-27 00:00:00+05:30,304.15,306.03,297.78,301.78,136814
2017-04-28 00:00:00+05:30,303.75,303.75,297.0,299.03,137232
2017-05-02 00:00:00+05:30,303.75,304.0,290.5,294.88,244840
2017-05-03 00:00:00+05:30,295.05,300.0,278.7,282.05,502164
2017-05-04 00:00:00+05:30,285.18,286.0,271.5,274.0,300824
2017-05-05 00:00:00+05:30,274.85,275.98,266.45,268.43,129902
2017-05-08 00:00:00+05:30,269.0,274.43,268.95,270.53,60190
2017-05-09 00:00:00+05:30,273.45,275.5,270.98,273.15,97694
2017-05-10 00:00:00+05:30,275.0,282.0,271.48,274.8,219476
2017-05-11 00:00:00+05:30,276.48,282.0,275.18,280.1,250986
2017-05-12 00:00:00+05:30,280.5,280.5,274.03,276.13,90974
2017-05-15 00:00:00+05:30,276.5,281.25,275.0,278.63,122720
2017-05-16 00:00:00+05:30,280.0,286.0,274.53,276.45,144648
2017-05-17 00:00:00+05:30,276.5,278.0,269.5,270.98,71940
2017-05-18 00:00:00+05:30,273.0,273.0,261.28,262.55,189296
2017-05-19 00:00:00+05:30,264.0,267.0,263.08,264.98,107548
2017-05-22 00:00:00+05:30,266.48,266.95,258.5,259.88,62452
2017-05-23 00:00:00+05:30,259.0,259.03,251.0,254.98,121182
2017-05-24 00:00:00+05:30,255.5,260.0,241.98,244.35,124428
2017-05-25 00:00:00+05:30,242.5,248.85,242.5,244.6,160710
2017-05-26 00:00:00+05:30,246.5,254.85,243.63,250.95,293988
2017-05-29 00:00:00+05:30,252.25,252.25,244.5,245.15,174666
2017-05-30 00:00:00+05:30,244.03,252.35,242.5,243.53,184076
2017-05-31 00:00:00+05:30,247.0,248.73,244.3,245.35,448640
2017-06-01 00:00:00+05:30,246.0,259.4,246.0,255.68,1195654
2017-06-02 00:00:00+05:30,256.03,260.5,249.0,251.2,596268
2017-06-05 00:00:00+05:30,251.2,260.0,250.55,256.35,117992
2017-06-06 00:00:00+05:30,257.7,257.7,250.0,254.13,58012
2017-06-07 00:00:00+05:30,254.9,257.38,251.18,252.7,85006
2017-06-08 00:00:00+05:30,254.23,258.0,251.0,251.73,119610
2017-06-09 00:00:00+05:30,253.0,253.95,248.25,250.83,71694
2017-06-12 00:00:00+05:30,253.7,253.7,246.85,249.03,346842
2017-06-13 00:00:00+05:30,247.55,252.98,245.0,250.78,68848
2017-06-14 00:00:00+05:30,251.9,255.95,248.28,255.0,122912
2017-06-15 00:00:00+05:30,255.5,260.95,250.05,257.58,149564
2017-06-16 00:00:00+05:30,232.0,242.5,218.05,236.65,15197250
2017-06-19 00:00:00+05:30,230.0,238.3,230.0,236.35,1825588
2017-06-20 00:00:00+05:30,236.0,244.28,232.5,236.85,2527186
2017-06-21 00:00:00+05:30,237.0,237.9,234.15,235.08,431104
2017-06-22 00:00:00+05:30,237.5,239.45,232.5,234.1,506448
2017-06-23 00:00:00+05:30,232.55,243.5,232.55,236.78,1392798
2017-06-27 00:00:00+05:30,235.25,240.95,235.25,238.58,229892
2017-06-28 00:00:00+05:30,239.5,240.95,236.5,240.05,219840
2017-06-29 00:00:00+05:30,241.7,242.5,238.1,240.0,310632
2017-06-30 00:00:00+05:30,240.03,248.35,239.73,246.23,315800
2017-07-03 00:00:00+05:30,248.2,250.0,244.28,246.43,126610
2017-07-04 00:00:00+05:30,247.5,248.13,239.08,241.53,181814
2017-07-05 00:00:00+05:30,239.0,242.83,239.0,240.0,307638
2017-07-06 00:00:00+05:30,240.0,243.95,236.25,236.83,283086
2017-07-07 00:00:00+05:30,235.0,238.0,232.53,233.8,332396
2017-07-10 00:00:00+05:30,235.23,239.0,235.0,236.63,59836
2017-07-11 00:00:00+05:30,237.5,238.85,234.5,235.83,122106
2017-07-12 00:00:00+05:30,236.7,240.4,236.23,238.1,301638
2017-07-13 00:00:00+05:30,237.75,242.45,237.5,240.53,652756
2017-07-14 00:00:00+05:30,241.35,245.73,239.1,240.2,126452
2017-07-17 00:00:00+05:30,241.38,245.58,240.0,243.13,619476
2017-07-18 00:00:00+05:30,241.0,242.48,238.5,239.98,330298
2017-07-19 00:00:00+05:30,240.03,244.58,239.53,240.6,140766
2017-07-20 00:00:00+05:30,241.0,242.5,238.28,239.18,123596
2017-07-21 00:00:00+05:30,239.0,241.7,239.0,240.03,118084
2017-07-24 00:00:00+05:30,240.4,241.5,238.5,239.88,62996
2017-07-25 00:00:00+05:30,240.8,241.4,239.0,240.05,115224
2017-07-26 00:00:00+05:30,239.33,247.48,239.28,246.93,285460
2017-07-27 00:00:00+05:30,247.5,249.45,240.0,241.2,115522
2017-07-28 00:00:00+05:30,241.0,242.2,239.38,240.75,40168
2017-07-31 00:00:00+05:30,243.0,243.5,234.25,239.3,1372048
2017-08-01 00:00:00+05:30,241.0,242.5,239.0,240.7,75052
2017-08-02 00:00:00+05:30,240.9,240.9,237.0,239.3,1259856
2017-08-03 00:00:00+05:30,238.65,239.98,232.0,233.98,59054
2017-08-04 00:00:00+05:30,233.0,234.93,229.03,230.95,79524
2017-08-07 00:00:00+05:30,232.0,233.75,231.0,232.0,33260
2017-08-08 00:00:00+05:30,233.0,235.23,225.55,227.03,70838
2017-08-09 00:00:00+05:30,226.0,229.88,217.5,218.48,131862
2017-08-10 00:00:00+05:30,218.48,225.38,208.0,209.93,421380
2017-08-11 00:00:00+05:30,213.5,213.5,200.0,204.73,470408
2017-08-14 00:00:00+05:30,209.75,216.4,207.0,208.8,109226
2017-08-16 00:00:00+05:30,209.0,225.1,206.5,208.48,456912
2017-08-17 00:00:00+05:30,208.5,215.63,207.5,207.98,149878
2017-08-18 00:00:00+05:30,206.93,213.9,203.1,208.33,955090
2017-08-21 00:00:00+05:30,207.5,207.98,202.5,204.85,1195166
2017-08-22 00:00:00+05:30,204.5,207.2,202.43,204.4,634920
2017-08-23 00:00:00+05:30,205.5,209.1,205.0,206.1,59266
2017-08-24 00:00:00+05:30,204.5,210.5,204.5,207.4,289478
2017-08-28 00:00:00+05:30,208.5,212.0,207.03,208.68,153056
2017-08-29 00:00:00+05:30,208.0,210.0,205.8,207.63,78882
2017-08-30 00:00:00+05:30,207.5,210.5,207.28,208.13,550974
2017-09-01 00:00:00+05:30,211.48,216.0,208.15,209.68,377034
2017-09-04 00:00:00+05:30,208.75,212.5,206.65,208.23,250494
2017-09-05 00:00:00+05:30,208.5,211.48,208.0,210.18,194184
2017-09-06 00:00:00+05:30,210.03,211.18,208.58,210.03,80308
2017-09-07 00:00:00+05:30,209.63,211.15,209.0,210.43,212194
2017-09-08 00:00:00+05:30,210.08,212.0,207.75,210.08,132438
2017-09-11 00:00:00+05:30,211.73,238.5,211.0,235.6,1685368
2017-09-12 00:00:00+05:30,235.6,248.83,228.88,247.33,1355910
2017-09-13 00:00:00+05:30,248.0,249.58,235.75,239.55,365494
2017-09-14 00:00:00+05:30,241.1,247.0,234.63,238.45,464130
2017-09-15 00:00:00+05:30,239.0,272.5,239.0,260.95,3330846
2017-09-18 00:00:00+05:30,255.5,259.45,248.0,252.83,588158
2017-09-19 00:00:00+05:30,253.25,264.43,242.0,244.18,638278
2017-09-20 00:00:00+05:30,246.03,249.5,242.9,246.58,294338
2017-09-21 00:00:00+05:30,246.58,293.0,246.58,286.6,4359538
2017-09-22 00:00:00+05:30,289.43,298.4,252.8,259.45,4387852
2017-09-25 00:00:00+05:30,262.15,265.0,245.03,247.93,1130340
2017-09-26 00:00:00+05:30,249.6,266.0,245.53,255.7,1447770
2017-09-27 00:00:00+05:30,255.0,262.5,246.8,248.3,627060
2017-09-28 00:00:00+05:30,245.0,254.48,237.5,250.23,814918
2017-09-29 00:00:00+05:30,253.48,254.95,241.53,243.83,419850
2017-10-03 00:00:00+05:30,247.5,249.93,244.0,246.55,268220
2017-10-04 00:00:00+05:30,249.5,279.25,244.08,269.83,4038252
2017-10-05 00:00:00+05:30,268.5,274.4,261.73,263.88,848832
2017-10-06 00:00:00+05:30,265.0,266.25,257.5,260.48,426544
2017-10-09 00:00:00+05:30,261.28,270.8,260.13,262.18,700224
2017-10-10 00:00:00+05:30,265.43,266.1,257.33,258.75,342956
2017-10-11 00:00:00+05:30,261.43,262.5,250.6,254.58,360046
2017-10-12 00:00:00+05:30,258.38,259.68,248.05,249.63,424054
2017-10-13 00:00:00+05:30,251.5,257.0,249.0,249.85,336150
2017-10-16 00:00:00+05:30,251.45,255.25,248.1,249.65,238214
2017-10-17 00:00:00+05:30,250.0,251.73,246.5,247.78,178954
2017-10-18 00:00:00+05:30,249.88,249.95,245.0,246.48,154940
2017-10-19 00:00:00+05:30,248.0,249.5,246.0,247.85,38882
2017-10-23 00:00:00+05:30,250.0,252.0,241.25,243.95,268226
2017-10-24 00:00:00+05:30,245.0,246.5,244.0,244.68,273888
2017-10-25 00:00:00+05:30,247.98,255.0,244.83,250.1,392698
2017-10-26 00:00:00+05:30,251.25,254.95,246.38,252.55,349590
2017-10-27 00:00:00+05:30,253.5,272.33,250.18,263.53,1401278
2017-10-30 00:00:00+05:30,264.0,272.5,264.0,266.63,428676
2017-10-31 00:00:00+05:30,268.0,268.48,262.53,266.65,217084
2017-11-01 00:00:00+05:30,268.5,269.5,262.0,263.3,162132
2017-11-02 00:00:00+05:30,264.0,275.0,260.08,263.83,603072
2017-11-03 00:00:00+05:30,263.95,266.75,260.25,263.58,250242
2017-11-06 00:00:00+05:30,263.0,269.73,260.0,263.2,331878
2017-11-07 00:00:00+05:30,263.5,277.35,263.5,274.58,1104454
2017-11-08 00:00:00+05:30,274.5,285.53,269.0,274.55,837364
2017-11-09 00:00:00+05:30,274.5,278.43,266.75,273.4,235844
2017-11-10 00:00:00+05:30,271.5,295.0,268.53,291.83,1147280
2017-11-13 00:00:00+05:30,294.0,297.45,268.75,272.03,1195332
2017-11-14 00:00:00+05:30,272.45,286.25,265.0,267.38,1640818
2017-11-15 00:00:00+05:30,267.1,274.28,261.1,262.85,419898
2017-11-16 00:00:00+05:30,264.58,270.0,262.58,263.85,191122
2017-11-17 00:00:00+05:30,265.3,269.35,262.0,264.25,164580
2017-11-20 00:00:00+05:30,266.03,273.98,264.0,271.05,410070
2017-11-21 00:00:00+05:30,273.93,276.0,268.5,271.25,333944
2017-11-22 00:00:00+05:30,273.75,273.75,266.65,268.65,111554
2017-11-23 00:00:00+05:30,268.65,273.15,265.5,269.75,175718
2017-11-24 00:00:00+05:30,269.75,272.75,262.9,265.83,192494
2017-11-27 00:00:00+05:30,265.53,269.0,265.0,266.48,77196
2017-11-28 00:00:00+05:30,267.75,273.5,265.48,271.65,385020
2017-11-29 00:00:00+05:30,271.65,273.0,267.05,268.05,172510
2017-11-30 00:00:00+05:30,268.05,276.35,265.08,270.53,382864
2017-12-01 00:00:00+05:30,270.53,276.0,264.0,265.28,193264
2017-12-04 00:00:00+05:30,265.28,267.13,257.0,257.8,165926
2017-12-05 00:00:00+05:30,258.25,269.05,253.2,265.25,271778
2017-12-06 00:00:00+05:30,266.98,268.95,261.0,266.25,123476
2017-12-07 00:00:00+05:30,267.98,272.35,264.48,268.88,151668
2017-12-08 00:00:00+05:30,271.38,275.9,269.38,271.63,237106
2017-12-11 00:00:00+05:30,273.5,273.9,265.25,266.78,110312
2017-12-12 00:00:00+05:30,268.95,288.28,266.28,275.35,1471722
2017-12-13 00:00:00+05:30,275.0,279.35,272.5,275.7,360416
2017-12-14 00:00:00+05:30,274.9,279.5,270.68,275.73,277262
2017-12-15 00:00:00+05:30,275.5,286.0,275.5,282.55,582964
2017-12-18 00:00:00+05:30,281.08,287.15,272.98,282.4,374190
2017-12-19 00:00:00+05:30,282.48,287.5,280.03,284.83,320246
2017-12-20 00:00:00+05:30,285.0,291.85,280.05,287.05,728380
2017-12-21 00:00:00+05:30,287.05,304.0,287.03,299.18,1124448
2017-12-22 00:00:00+05:30,300.53,304.33,297.68,300.1,1592504
2017-12-26 00:00:00+05:30,301.28,302.78,296.5,298.5,363718
2017-12-27 00:00:00+05:30,299.03,312.5,299.03,303.7,1607386
2017-12-28 00:00:00+05:30,306.0,309.0,300.0,303.53,383118
2017-12-29 00:00:00+05:30,304.5,311.38,297.45,299.15,444644
2018-01-01 00:00:00+05:30,299.0,304.5,296.28,299.9,565936
2018-01-02 00:00:00+05:30,300.0,300.0,292.5,293.78,245612
2018-01-03 00:00:00+05:30,292.18,298.98,288.48,292.35,842516
2018-01-04 00:00:00+05:30,292.35,293.5,285.75,290.08,321336
2018-01-05 00:00:00+05:30,290.0,296.0,289.0,291.78,238692
2018-01-08 00:00:00+05:30,290.5,300.65,290.5,293.18,245484
2018-01-09 00:00:00+05:30,293.25,296.5,288.1,289.75,146958
2018-01-10 00:00:00+05:30,290.0,294.5,287.25,289.8,112020
2018-01-11 00:00:00+05:30,288.58,292.48,285.0,286.18,118956
2018-01-12 00:00:00+05:30,287.48,288.8,278.55,280.48,116828
2018-01-15 00:00:00+05:30,282.45,287.5,281.15,284.45,117898
2018-01-16 00:00:00+05:30,285.75,292.5,283.5,287.08,287894
2018-01-17 00:00:00+05:30,289.95,297.5,289.03,292.0,489210
2018-01-18 00:00:00+05:30,292.68,294.0,287.5,292.38,178592
2018-01-19 00:00:00+05:30,290.0,292.63,287.55,289.9,231912
2018-01-22 00:00:00+05:30,291.5,296.63,285.13,294.18,385756
2018-01-23 00:00:00+05:30,293.98,299.5,286.78,290.75,828114
2018-01-24 00:00:00+05:30,291.5,294.25,287.63,289.85,151890
2018-01-25 00:00:00+05:30,291.6,292.58,281.18,285.3,122946
2018-01-29 00:00:00+05:30,283.5,288.5,276.03,281.85,191090
2018-01-30 00:00:00+05:30,283.05,284.73,278.18,281.35,140634
2018-01-31 00:00:00+05:30,282.4,294.5,280.0,287.25,344054
2018-02-01 00:00:00+05:30,287.5,289.53,278.88,281.18,257442
2018-02-02 00:00:00+05:30,284.75,285.48,270.0,280.95,322114
2018-02-05 00:00:00+05:30,272.53,280.0,269.25,278.7,93016
2018-02-06 00:00:00+05:30,259.03,285.0,259.03,277.55,244414
2018-02-07 00:00:00+05:30,282.98,304.9,279.0,286.55,2217746
2018-02-08 00:00:00+05:30,289.75,302.0,289.5,296.68,2161428
2018-02-09 00:00:00+05:30,289.5,313.75,288.55,310.03,3787534
2018-02-12 00:00:00+05:30,315.0,326.98,307.6,319.78,1340048
2018-02-14 00:00:00+05:30,323.25,324.98,316.5,319.78,2020960
2018-02-15 00:00:00+05:30,321.0,328.35,297.5,300.53,1076996
2018-02-16 00:00:00+05:30,303.23,316.0,302.83,313.25,622316
2018-02-19 00:00:00+05:30,316.0,318.4,310.88,314.35,406304
2018-02-20 00:00:00+05:30,315.05,318.85,311.1,314.7,349032
2018-02-21 00:00:00+05:30,315.65,322.5,313.65,320.03,852282
2018-02-22 00:00:00+05:30,321.0,338.45,319.03,330.73,1528798
2018-02-23 00:00:00+05:30,334.25,344.7,331.88,336.38,1518718
2018-02-26 00:00:00+05:30,336.0,342.0,328.63,338.18,869150
2018-02-27 00:00:00+05:30,338.5,339.28,332.58,336.45,543198
2018-02-28 00:00:00+05:30,336.5,337.43,332.78,336.43,316418
2018-03-01 00:00:00+05:30,336.25,347.95,336.25,343.1,909076
2018-03-05 00:00:00+05:30,341.25,345.85,337.5,342.63,458632
2018-03-06 00:00:00+05:30,341.5,343.83,325.7,331.88,328096
2018-03-07 00:00:00+05:30,329.0,344.0,326.7,336.33,736798
2018-03-08 00:00:00+05:30,338.5,339.98,329.28,333.65,212784
2018-03-09 00:00:00+05:30,334.05,343.0,333.35,339.9,767488
2018-03-12 00:00:00+05:30,343.2,343.5,338.85,341.9,250424
2018-03-13 00:00:00+05:30,337.5,345.03,335.05,338.43,599002
2018-03-14 00:00:00+05:30,335.65,337.98,330.93,333.88,368816
2018-03-15 00:00:00+05:30,333.93,341.5,330.0,335.55,204002
2018-03-16 00:00:00+05:30,339.35,339.35,330.98,333.78,315908
2018-03-19 00:00:00+05:30,335.98,336.25,316.25,328.95,606066
2018-03-20 00:00:00+05:30,329.0,335.0,319.5,330.6,200042
2018-03-21 00:00:00+05:30,330.78,334.63,330.78,332.43,140022
2018-03-22 00:00:00+05:30,334.7,335.0,330.08,332.85,137350
2018-03-23 00:00:00+05:30,326.33,333.0,326.33,331.33,139422
2018-03-26 00:00:00+05:30,332.5,333.8,325.65,329.78,106324
2018-03-27 00:00:00+05:30,331.5,336.0,327.03,331.68,175928
2018-03-28 00:00:00+05:30,333.0,333.0,323.83,327.83,164212
2018-04-02 00:00:00+05:30,328.05,336.0,328.05,332.53,124410
2018-04-03 00:00:00+05:30,330.33,342.5,330.33,338.38,266892
2018-04-04 00:00:00+05:30,342.5,346.48,333.3,335.98,515154
2018-04-05 00:00:00+05:30,338.0,339.75,331.75,334.78,165102
2018-04-06 00:00:00+05:30,336.0,340.4,333.3,336.6,189618
2018-04-09 00:00:00+05:30,336.73,340.5,330.5,335.98,176192
2018-04-10 00:00:00+05:30,342.35,344.9,337.98,340.9,465858
2018-04-11 00:00:00+05:30,342.5,351.83,333.05,346.73,483788
2018-04-12 00:00:00+05:30,348.9,359.5,346.43,355.45,1208964
2018-04-13 00:00:00+05:30,358.35,371.0,356.0,368.15,742778
2018-04-16 00:00:00+05:30,366.85,368.93,350.85,354.53,514610
2018-04-17 00:00:00+05:30,356.0,361.75,355.65,358.88,286462
2018-04-18 00:00:00+05:30,358.5,358.5,350.15,354.85,341274
2018-04-19 00:00:00+05:30,356.5,356.5,345.8,348.73,121508
2018-04-20 00:00:00+05:30,348.0,351.0,341.5,349.93,256562
2018-04-23 00:00:00+05:30,350.0,360.35,348.63,359.43,363112
2018-04-24 00:00:00+05:30,359.95,370.5,359.95,367.35,674242
2018-04-25 00:00:00+05:30,367.38,367.38,345.0,347.65,359442
2018-04-26 00:00:00+05:30,348.33,362.0,348.33,359.73,248432
2018-04-27 00:00:00+05:30,357.5,370.0,357.5,367.98,344684
2018-04-30 00:00:00+05:30,368.55,380.0,368.55,375.85,343902
2018-05-02 00:00:00+05:30,376.5,377.58,363.03,366.05,171344
2018-05-03 00:00:00+05:30,365.98,368.33,359.0,364.3,121542
2018-05-04 00:00:00+05:30,365.73,367.5,361.55,363.75,139032
2018-05-07 00:00:00+05:30,362.5,374.5,358.5,361.78,147974
2018-05-08 00:00:00+05:30,363.63,365.98,352.8,364.75,201830
2018-05-09 00:00:00+05:30,362.5,365.08,355.0,357.4,82230
2018-05-10 00:00:00+05:30,360.0,368.88,358.73,363.78,929494
2018-05-11 00:00:00+05:30,363.78,364.78,358.55,361.33,87974
2018-05-14 00:00:00+05:30,361.0,364.93,350.45,357.4,158778
2018-05-15 00:00:00+05:30,358.98,358.98,346.5,353.88,213766
2018-05-16 00:00:00+05:30,353.5,355.0,349.0,353.35,134748
2018-05-17 00:00:00+05:30,352.78,353.38,348.3,350.35,118534
2018-05-18 00:00:00+05:30,350.05,350.43,344.0,348.13,67668
2018-05-21 00:00:00+05:30,348.25,349.63,314.78,333.5,471178
2018-05-22 00:00:00+05:30,333.98,337.03,329.0,330.8,91960
2018-05-23 00:00:00+05:30,330.05,341.35,330.05,333.68,123696
2018-05-24 00:00:00+05:30,333.08,336.0,330.05,331.45,54678
2018-05-25 00:00:00+05:30,331.15,336.75,331.15,335.15,156792
2018-05-28 00:00:00+05:30,336.0,343.5,334.05,338.33,163880
2018-05-29 00:00:00+05:30,339.5,348.35,333.2,344.65,1563646
2018-05-30 00:00:00+05:30,344.0,347.5,335.65,336.8,350398
2018-05-31 00:00:00+05:30,337.5,341.53,334.8,335.2,180884
2018-06-01 00:00:00+05:30,335.2,339.9,335.0,337.15,121140
2018-06-04 00:00:00+05:30,334.13,339.5,331.53,333.68,179786
2018-06-05 00:00:00+05:30,331.98,332.0,321.18,324.88,94080
2018-06-06 00:00:00+05:30,322.5,327.23,315.5,319.65,185262
2018-06-07 00:00:00+05:30,319.65,342.48,319.2,334.73,228782
2018-06-08 00:00:00+05:30,335.08,351.0,334.9,344.25,545486
2018-06-11 00:00:00+05:30,344.98,349.1,342.93,344.53,162402
2018-06-12 00:00:00+05:30,342.55,358.55,335.0,339.5,1374460
2018-06-13 00:00:00+05:30,341.2,348.2,337.1,344.4,388054
2018-06-14 00:00:00+05:30,346.33,349.13,340.53,343.35,192398
2018-06-15 00:00:00+05:30,345.63,349.5,335.1,337.7,698352
2018-06-18 00:00:00+05:30,339.63,342.0,335.0,336.38,72368
2018-06-19 00:00:00+05:30,334.35,342.35,331.0,338.15,130712
2018-06-20 00:00:00+05:30,338.58,339.55,335.0,336.15,51076
2018-06-21 00:00:00+05:30,337.5,338.08,331.3,335.3,113820
2018-06-22 00:00:00+05:30,335.43,337.25,327.55,328.98,101256
2018-06-25 00:00:00+05:30,329.0,330.6,322.5,323.25,258034
2018-06-26 00:00:00+05:30,323.05,336.93,317.0,334.23,212320
2018-06-27 00:00:00+05:30,334.15,338.63,333.1,337.45,372984
2018-06-28 00:00:00+05:30,337.53,346.45,334.98,342.85,424170
2018-06-29 00:00:00+05:30,346.35,351.73,345.35,349.8,769534
2018-07-02 00:00:00+05:30,349.45,350.0,340.88,345.75,120316
2018-07-03 00:00:00+05:30,341.2,346.0,337.55,339.6,148916
2018-07-04 00:00:00+05:30,335.5,366.68,335.5,358.8,735972
2018-07-05 00:00:00+05:30,358.8,366.75,351.3,353.33,473642
2018-07-06 00:00:00+05:30,354.98,357.75,346.8,349.35,95218
2018-07-09 00:00:00+05:30,350.0,357.38,348.0,354.98,200844
2018-07-10 00:00:00+05:30,356.5,364.45,353.03,356.45,208994
2018-07-11 00:00:00+05:30,357.75,364.75,354.25,363.18,192160
2018-07-12 00:00:00+05:30,366.5,374.95,363.18,372.33,548570
2018-07-13 00:00:00+05:30,374.28,383.25,365.65,373.38,816478
2018-07-16 00:00:00+05:30,373.0,379.85,370.68,374.15,161980
2018-07-17 00:00:00+05:30,376.95,378.43,368.0,371.88,132952
2018-07-18 00:00:00+05:30,372.5,373.7,369.05,371.0,71430
2018-07-19 00:00:00+05:30,372.38,373.53,369.05,371.35,56180
2018-07-20 00:00:00+05:30,369.25,373.0,366.2,370.8,122328
2018-07-23 00:00:00+05:30,370.8,389.1,370.8,382.55,424154
2018-07-24 00:00:00+05:30,382.48,383.63,377.63,379.45,207132
2018-07-25 00:00:00+05:30,379.0,383.33,372.58,378.53,234468
2018-07-26 00:00:00+05:30,372.0,380.33,372.0,378.03,98804
2018-07-27 00:00:00+05:30,380.3,380.3,373.5,376.33,148482
2018-07-30 00:00:00+05:30,375.5,379.95,373.65,375.45,80224
2018-07-31 00:00:00+05:30,370.63,382.35,370.63,379.83,284876
2018-08-01 00:00:00+05:30,379.75,384.0,379.0,380.08,148798
2018-08-02 00:00:00+05:30,379.5,384.25,373.9,378.13,104594
2018-08-03 00:00:00+05:30,380.4,386.95,369.43,380.13,195238
2018-08-06 00:00:00+05:30,385.5,397.5,379.5,384.25,479922
2018-08-07 00:00:00+05:30,382.43,394.0,382.43,389.8,206110
2018-08-08 00:00:00+05:30,385.53,405.5,385.53,399.73,677464
2018-08-09 00:00:00+05:30,404.65,411.0,372.5,375.43,2804472
2018-08-10 00:00:00+05:30,375.1,379.2,367.58,370.13,496172
2018-08-13 00:00:00+05:30,367.5,370.68,359.23,369.15,278516
2018-08-14 00:00:00+05:30,366.0,374.5,363.0,369.65,224188
2018-08-16 00:00:00+05:30,368.55,375.23,364.15,367.13,275522
2018-08-17 00:00:00+05:30,367.6,372.35,361.33,366.63,212430
2018-08-20 00:00:00+05:30,365.55,370.0,363.0,363.83,120070
2018-08-21 00:00:00+05:30,365.0,379.4,360.8,376.5,459760
2018-08-23 00:00:00+05:30,380.0,388.43,372.53,375.1,250384
2018-08-24 00:00:00+05:30,371.5,389.85,371.48,382.63,409038
2018-08-27 00:00:00+05:30,380.0,382.5,375.13,375.95,127088
2018-08-28 00:00:00+05:30,376.5,386.83,375.5,378.98,226532
2018-08-29 00:00:00+05:30,377.5,391.5,377.5,383.45,424978
2018-08-30 00:00:00+05:30,379.95,384.78,376.58,381.38,286878
2018-08-31 00:00:00+05:30,382.0,388.38,380.05,385.8,516326
2018-09-03 00:00:00+05:30,380.1,387.55,380.1,384.13,193618
2018-09-04 00:00:00+05:30,382.55,398.75,382.55,392.33,475556
2018-09-05 00:00:00+05:30,392.0,399.4,390.0,394.75,178362
2018-09-06 00:00:00+05:30,397.0,404.5,388.18,396.4,562336
2018-09-07 00:00:00+05:30,392.75,404.5,392.75,395.8,384926
2018-09-10 00:00:00+05:30,397.18,398.75,383.5,385.68,145666
2018-09-11 00:00:00+05:30,385.5,391.58,380.0,382.78,122388
2018-09-12 00:00:00+05:30,380.45,388.5,380.45,384.68,220286
2018-09-14 00:00:00+05:30,387.0,396.73,385.95,388.95,116952
2018-09-17 00:00:00+05:30,389.5,390.75,380.0,380.78,190922
2018-09-18 00:00:00+05:30,380.83,388.85,380.0,383.63,206180
2018-09-19 00:00:00+05:30,385.48,385.48,371.18,375.13,370796
2018-09-21 00:00:00+05:30,375.0,378.45,352.5,356.58,282552
2018-09-24 00:00:00+05:30,356.08,373.5,350.13,359.43,350088
2018-09-25 00:00:00+05:30,357.25,360.03,340.03,352.48,265442
2018-09-26 00:00:00+05:30,350.5,351.5,340.23,349.13,1482388
2018-09-27 00:00:00+05:30,350.88,350.88,340.98,344.85,104664
2018-09-28 00:00:00+05:30,343.5,350.6,327.0,339.73,382356
2018-10-01 00:00:00+05:30,339.25,342.0,325.05,334.2,275664
2018-10-03 00:00:00+05:30,336.25,337.5,325.0,327.55,100082
2018-10-04 00:00:00+05:30,328.43,329.55,316.3,320.93,129694
2018-10-05 00:00:00+05:30,321.0,329.95,315.08,321.9,102570
2018-10-08 00:00:00+05:30,320.0,322.0,301.0,307.78,358078
2018-10-09 00:00:00+05:30,307.5,320.0,307.5,313.35,205852
2018-10-10 00:00:00+05:30,312.5,318.35,299.98,311.28,466922
2018-10-11 00:00:00+05:30,309.4,324.85,300.5,314.68,356488
2018-10-12 00:00:00+05:30,314.68,332.9,314.0,330.85,102678
2018-10-15 00:00:00+05:30,330.85,342.3,325.83,339.13,175962
2018-10-16 00:00:00+05:30,340.0,347.53,337.55,342.95,130184
2018-10-17 00:00:00+05:30,344.68,346.05,334.53,335.93,65540
2018-10-19 00:00:00+05:30,330.08,338.43,328.9,334.18,68056
2018-10-22 00:00:00+05:30,339.0,339.0,324.0,330.1,98070
2018-10-23 00:00:00+05:30,334.85,335.05,327.98,332.8,225598
2018-10-24 00:00:00+05:30,332.73,339.4,320.0,326.48,178044
2018-10-25 00:00:00+05:30,324.5,330.0,315.65,321.9,120250
2018-10-26 00:00:00+05:30,318.5,328.33,315.5,326.88,138892
2018-10-29 00:00:00+05:30,327.5,337.33,319.5,323.15,472758
2018-10-30 00:00:00+05:30,321.5,343.5,317.0,329.8,1223266
2018-10-31 00:00:00+05:30,330.25,344.5,329.63,340.93,275826
2018-11-01 00:00:00+05:30,339.83,353.95,337.75,348.33,883810
2018-11-02 00:00:00+05:30,352.45,357.25,346.48,352.33,507954
2018-11-05 00:00:00+05:30,352.5,352.5,338.5,349.28,182812
2018-11-06 00:00:00+05:30,351.0,351.0,340.53,342.83,48270
2018-11-07 00:00:00+05:30,347.0,347.03,342.5,343.53,13018
2018-11-09 00:00:00+05:30,344.95,357.5,340.6,352.1,131656
2018-11-12 00:00:00+05:30,352.5,357.5,347.5,355.53,79280
2018-11-13 00:00:00+05:30,354.25,367.53,352.0,361.48,209110
2018-11-14 00:00:00+05:30,361.48,379.5,352.23,372.95,1248390
2018-11-15 00:00:00+05:30,374.98,387.0,372.63,376.55,1557926
2018-11-16 00:00:00+05:30,377.38,381.0,370.68,379.45,1117714
2018-11-19 00:00:00+05:30,385.0,387.03,376.0,381.2,198936
2018-11-20 00:00:00+05:30,382.4,383.0,370.15,372.58,294708
2018-11-21 00:00:00+05:30,372.4,381.9,371.8,380.7,198902
2018-11-22 00:00:00+05:30,381.28,397.55,376.0,394.63,380866
2018-11-26 00:00:00+05:30,397.5,408.1,387.5,394.08,565066
2018-11-27 00:00:00+05:30,394.98,397.4,388.25,394.58,399952
2018-11-28 00:00:00+05:30,399.95,399.95,390.03,394.78,114358
2018-11-29 00:00:00+05:30,392.55,405.0,387.5,393.63,212454
2018-11-30 00:00:00+05:30,390.98,402.5,387.0,398.23,392034
2018-12-03 00:00:00+05:30,400.0,405.0,396.0,402.25,882378
2018-12-04 00:00:00+05:30,401.95,402.5,396.43,398.98,169618
2018-12-05 00:00:00+05:30,392.15,400.98,392.15,397.9,187120
2018-12-06 00:00:00+05:30,397.5,397.85,382.75,389.2,338676
2018-12-07 00:00:00+05:30,390.63,393.35,386.55,390.85,160220
2018-12-10 00:00:00+05:30,388.5,399.85,385.2,398.88,267276
2018-12-11 00:00:00+05:30,396.93,402.85,389.03,391.43,398004
2018-12-12 00:00:00+05:30,391.6,395.75,391.6,394.53,373068
2018-12-13 00:00:00+05:30,394.0,413.23,389.0,401.48,1055888
2018-12-14 00:00:00+05:30,402.5,402.5,390.5,395.35,140270
2018-12-17 00:00:00+05:30,395.5,401.5,391.53,399.93,217438
2018-12-18 00:00:00+05:30,401.0,401.48,387.0,389.28,299562
2018-12-19 00:00:00+05:30,389.0,405.53,389.0,403.15,186890
2018-12-20 00:00:00+05:30,395.5,403.85,389.85,391.73,169792
2018-12-21 00:00:00+05:30,392.5,404.78,392.5,402.55,159750
2018-12-24 00:00:00+05:30,398.25,409.8,394.05,400.93,237934
2018-12-26 00:00:00+05:30,394.3,399.0,391.5,395.15,78216
2018-12-27 00:00:00+05:30,395.0,395.0,390.05,391.9,78008
2018-12-28 00:00:00+05:30,394.85,400.0,388.5,390.6,116446
2018-12-31 00:00:00+05:30,391.03,403.0,390.0,401.05,158870
2019-01-01 00:00:00+05:30,400.03,409.5,396.58,408.18,127162
2019-01-02 00:00:00+05:30,401.3,409.5,399.13,399.93,120822
2019-01-03 00:00:00+05:30,402.5,407.98,391.05,393.83,122094
2019-01-04 00:00:00+05:30,394.0,396.28,387.85,393.5,388976
2019-01-07 00:00:00+05:30,399.5,399.5,388.0,392.05,740242
2019-01-08 00:00:00+05:30,393.0,397.0,386.25,387.5,403792
2019-01-09 00:00:00+05:30,392.45,393.68,387.5,388.53,89020
2019-01-10 00:00:00+05:30,389.75,397.0,387.5,391.05,178666
2019-01-11 00:00:00+05:30,391.0,396.5,389.03,390.25,214418
2019-01-14 00:00:00+05:30,390.5,394.88,387.65,392.58,76652
2019-01-15 00:00:00+05:30,392.53,394.95,388.0,391.7,62232
2019-01-16 00:00:00+05:30,393.0,394.75,390.05,394.4,76468
2019-01-17 00:00:00+05:30,399.0,399.0,387.8,393.98,349152
2019-01-18 00:00:00+05:30,392.8,393.28,381.95,385.5,91346
2019-01-21 00:00:00+05:30,386.0,392.5,385.5,389.88,91762
2019-01-22 00:00:00+05:30,388.05,388.7,380.55,386.43,203578
2019-01-23 00:00:00+05:30,387.5,392.5,385.45,390.88,57970
2019-01-24 00:00:00+05:30,389.18,395.0,387.58,392.18,175690
2019-01-25 00:00:00+05:30,393.35,393.8,388.7,389.98,185176
2019-01-28 00:00:00+05:30,385.03,395.55,385.03,389.95,211980
2019-01-29 00:00:00+05:30,387.53,391.1,387.53,389.8,112918
2019-01-30 00:00:00+05:30,388.0,392.4,386.15,390.88,95056
2019-01-31 00:00:00+05:30,390.33,391.9,380.53,384.73,519910
2019-02-01 00:00:00+05:30,383.05,389.6,375.78,380.3,110006
2019-02-04 00:00:00+05:30,379.75,382.2,367.5,370.45,152448
2019-02-05 00:00:00+05:30,371.58,373.75,358.5,361.5,245026
2019-02-06 00:00:00+05:30,372.0,379.48,364.98,375.15,1837808
2019-02-07 00:00:00+05:30,375.15,381.4,368.0,372.35,404786
2019-02-08 00:00:00+05:30,369.58,370.0,365.13,366.38,38064
2019-02-11 00:00:00+05:30,363.6,374.38,361.05,365.33,385336
2019-02-12 00:00:00+05:30,365.33,375.75,363.5,370.53,793762
2019-02-13 00:00:00+05:30,375.0,378.5,370.05,375.6,781586
2019-02-14 00:00:00+05:30,376.48,381.58,371.23,378.43,1260780
2019-02-15 00:00:00+05:30,378.5,389.93,375.0,387.68,149088
2019-02-18 00:00:00+05:30,394.0,414.43,388.03,404.13,781978
2019-02-19 00:00:00+05:30,403.93,407.73,393.2,402.43,323486
2019-02-20 00:00:00+05:30,404.85,407.5,396.5,399.53,308398
2019-02-21 00:00:00+05:30,397.5,405.0,396.28,400.1,681492
2019-02-22 00:00:00+05:30,400.1,403.0,394.5,396.43,322084
2019-02-25 00:00:00+05:30,396.8,409.9,396.5,398.05,490858
2019-02-26 00:00:00+05:30,397.5,405.0,392.0,400.18,91560
2019-02-27 00:00:00+05:30,402.53,406.0,392.0,401.7,329476
2019-02-28 00:00:00+05:30,402.0,407.3,399.83,404.9,323938
2019-03-01 00:00:00+05:30,404.55,431.45,404.55,425.78,1359694
2019-03-05 00:00:00+05:30,427.0,444.23,425.78,437.68,822980
2019-03-06 00:00:00+05:30,438.55,443.85,432.68,436.4,516150
2019-03-07 00:00:00+05:30,436.0,440.15,430.98,435.23,460808
2019-03-08 00:00:00+05:30,436.5,458.7,432.0,443.53,971828
2019-03-11 00:00:00+05:30,445.0,470.9,443.75,464.53,1686378
2019-03-12 00:00:00+05:30,467.43,470.88,459.3,464.1,454370
2019-03-13 00:00:00+05:30,465.0,465.5,454.58,458.78,285442
2019-03-14 00:00:00+05:30,459.5,460.4,447.5,449.73,217154
2019-03-15 00:00:00+05:30,453.85,457.4,437.78,442.78,367254
2019-03-18 00:00:00+05:30,446.35,449.0,439.38,442.95,187564
2019-03-19 00:00:00+05:30,446.75,464.73,446.75,459.6,502566
2019-03-20 00:00:00+05:30,458.85,474.5,456.03,469.2,547332
2019-03-22 00:00:00+05:30,468.35,468.68,462.5,464.05,158360
2019-03-25 00:00:00+05:30,462.85,462.85,455.03,458.43,205002
2019-03-26 00:00:00+05:30,460.5,466.0,457.53,462.48,568396
2019-03-27 00:00:00+05:30,462.48,467.5,458.5,462.83,275156
2019-03-28 00:00:00+05:30,462.5,483.75,456.6,479.78,214958
2019-03-29 00:00:00+05:30,482.5,523.0,480.0,490.93,1432348
2019-04-01 00:00:00+05:30,493.7,500.0,482.75,486.38,196668
2019-04-02 00:00:00+05:30,487.5,489.85,474.05,476.38,186674
2019-04-03 00:00:00+05:30,473.5,504.3,473.5,481.65,849300
2019-04-04 00:00:00+05:30,481.5,487.5,475.55,481.23,179634
2019-04-05 00:00:00+05:30,483.38,488.28,475.55,478.4,123468
2019-04-08 00:00:00+05:30,475.0,479.95,456.78,468.73,490368
2019-04-09 00:00:00+05:30,472.15,472.15,458.68,468.08,471948
2019-04-10 00:00:00+05:30,468.0,479.63,465.88,472.58,180862
2019-04-11 00:00:00+05:30,472.85,476.85,469.53,473.15,111054
2019-04-12 00:00:00+05:30,474.9,476.95,469.93,475.9,107818
2019-04-15 00:00:00+05:30,476.0,480.0,470.0,471.43,271324
2019-04-16 00:00:00+05:30,473.85,477.5,463.0,473.15,318862
2019-04-18 00:00:00+05:30,473.0,492.45,472.75,482.03,501050
2019-04-22 00:00:00+05:30,482.5,485.0,472.8,481.88,146148
2019-04-23 00:00:00+05:30,484.9,516.55,482.7,487.73,1356546
2019-04-24 00:00:00+05:30,492.0,494.08,480.0,482.65,232830
2019-04-25 00:00:00+05:30,488.5,493.8,487.85,489.5,285816
2019-04-26 00:00:00+05:30,489.35,492.7,480.55,484.1,332004
2019-04-30 00:00:00+05:30,480.2,480.23,472.0,476.25,510686
2019-05-02 00:00:00+05:30,477.5,492.0,477.25,486.5,228088
2019-05-03 00:00:00+05:30,489.53,491.2,483.73,488.5,120498
2019-05-06 00:00:00+05:30,484.55,484.95,475.03,477.25,114390
2019-05-07 00:00:00+05:30,481.5,488.5,473.25,477.68,181110
2019-05-08 00:00:00+05:30,473.85,480.0,470.3,475.03,169180
2019-05-09 00:00:00+05:30,478.5,490.8,471.5,484.18,135256
2019-05-10 00:00:00+05:30,488.05,492.48,480.0,486.58,99324
2019-05-13 00:00:00+05:30,488.95,488.95,457.78,464.75,255150
2019-05-14 00:00:00+05:30,460.1,469.08,448.5,463.03,451540
2019-05-15 00:00:00+05:30,460.5,480.0,456.35,458.75,248762
2019-05-16 00:00:00+05:30,460.0,463.95,451.83,455.03,123824
2019-05-17 00:00:00+05:30,458.7,474.5,455.25,459.68,146926
2019-05-20 00:00:00+05:30,465.0,473.0,459.38,466.15,179402
2019-05-21 00:00:00+05:30,469.93,470.2,457.5,459.68,160678
2019-05-22 00:00:00+05:30,462.48,466.0,455.78,462.23,601016
2019-05-23 00:00:00+05:30,467.5,468.43,452.5,457.25,435632
2019-05-24 00:00:00+05:30,460.0,470.7,459.03,466.83,233992
2019-05-27 00:00:00+05:30,470.6,472.13,460.05,463.25,152798
2019-05-28 00:00:00+05:30,464.0,475.0,453.5,465.8,240084
2019-05-29 00:00:00+05:30,469.95,476.48,460.5,464.3,911754
2019-05-30 00:00:00+05:30,467.95,474.98,463.7,466.9,175906
2019-05-31 00:00:00+05:30,467.75,475.48,465.18,469.08,759274
2019-06-03 00:00:00+05:30,472.45,474.93,460.43,462.5,183464
2019-06-04 00:00:00+05:30,464.95,469.48,464.95,466.8,192588
2019-06-06 00:00:00+05:30,465.25,469.58,460.53,462.3,292238
2019-06-07 00:00:00+05:30,462.0,473.45,462.0,469.28,191486
2019-06-10 00:00:00+05:30,472.2,472.98,458.5,464.05,263890
2019-06-11 00:00:00+05:30,463.83,470.0,459.18,462.35,379068
2019-06-12 00:00:00+05:30,462.3,463.4,458.5,459.45,111042
2019-06-13 00:00:00+05:30,459.5,481.28,459.5,467.2,482710
2019-06-14 00:00:00+05:30,468.9,472.0,465.5,468.85,165466
2019-06-17 00:00:00+05:30,469.5,469.5,447.75,454.83,123636
2019-06-18 00:00:00+05:30,456.5,458.5,449.25,452.65,179814
2019-06-19 00:00:00+05:30,455.0,457.5,450.48,451.25,74724
2019-06-20 00:00:00+05:30,451.0,459.5,446.23,457.48,130136
2019-06-21 00:00:00+05:30,458.03,476.0,455.0,470.4,371410
2019-06-24 00:00:00+05:30,470.4,478.5,466.55,472.35,297238
2019-06-25 00:00:00+05:30,472.35,472.35,464.0,465.43,69958
2019-06-26 00:00:00+05:30,466.5,468.73,460.63,463.93,113028
2019-06-27 00:00:00+05:30,467.45,472.0,458.0,462.4,242286
2019-06-28 00:00:00+05:30,461.25,464.95,457.5,458.88,230302
2019-07-01 00:00:00+05:30,461.05,470.43,461.05,464.5,131844
2019-07-02 00:00:00+05:30,468.25,490.5,465.78,482.88,274156
2019-07-03 00:00:00+05:30,485.8,485.9,478.5,479.63,188672
2019-07-04 00:00:00+05:30,482.5,483.5,470.5,474.5,231154
2019-07-05 00:00:00+05:30,474.5,477.43,472.0,474.65,171126
2019-07-08 00:00:00+05:30,474.0,475.28,459.98,472.4,348368
2019-07-09 00:00:00+05:30,470.25,480.0,465.5,475.68,273564
2019-07-10 00:00:00+05:30,478.98,478.98,473.0,475.75,60676
2019-07-11 00:00:00+05:30,476.28,479.98,468.23,477.18,82442
2019-07-12 00:00:00+05:30,474.35,482.0,474.25,480.38,78884
2019-07-15 00:00:00+05:30,482.5,482.5,474.0,478.48,71500
2019-07-16 00:00:00+05:30,482.25,482.25,475.0,479.23,43918
2019-07-17 00:00:00+05:30,478.5,479.78,460.75,469.83,188132
2019-07-18 00:00:00+05:30,472.5,474.95,465.05,468.1,57716
2019-07-19 00:00:00+05:30,469.0,471.5,458.0,464.45,111018
2019-07-22 00:00:00+05:30,457.5,467.0,450.03,458.13,617382
2019-07-23 00:00:00+05:30,452.58,471.0,452.58,468.4,1173190
2019-07-24 00:00:00+05:30,472.15,485.0,464.68,472.88,128190
2019-07-25 00:00:00+05:30,475.0,476.0,469.65,472.45,71214
2019-07-26 00:00:00+05:30,474.75,478.85,466.5,473.53,81230
2019-07-29 00:00:00+05:30,475.88,478.98,467.58,475.75,56158
2019-07-30 00:00:00+05:30,475.88,487.5,473.63,479.78,394734
2019-07-31 00:00:00+05:30,480.45,481.95,472.5,477.9,147554
2019-08-01 00:00:00+05:30,472.9,502.1,472.9,484.33,1500510
2019-08-02 00:00:00+05:30,480.9,490.0,478.0,484.1,244806
2019-08-05 00:00:00+05:30,486.95,489.98,455.7,477.25,715778
2019-08-06 00:00:00+05:30,470.48,477.2,469.4,474.68,321656
2019-08-07 00:00:00+05:30,476.98,476.98,462.6,465.3,91176
2019-08-08 00:00:00+05:30,467.4,472.5,463.38,470.73,234612
2019-08-09 00:00:00+05:30,469.0,483.83,469.0,481.63,258224
2019-08-13 00:00:00+05:30,485.0,485.55,465.0,467.08,699012
2019-08-14 00:00:00+05:30,471.0,474.5,464.5,469.28,96964
2019-08-16 00:00:00+05:30,468.5,474.0,465.05,469.23,636428
2019-08-19 00:00:00+05:30,471.9,477.5,468.5,476.45,461868
2019-08-20 00:00:00+05:30,475.95,485.0,472.7,483.98,332210
2019-08-21 00:00:00+05:30,481.63,485.0,466.25,469.48,211518
2019-08-22 00:00:00+05:30,470.0,482.48,470.0,479.53,275126
2019-08-23 00:00:00+05:30,480.68,481.5,473.6,478.88,395618
2019-08-26 00:00:00+05:30,481.95,488.5,475.5,486.68,416772
2019-08-27 00:00:00+05:30,489.95,499.5,488.75,492.53,475414
2019-08-28 00:00:00+05:30,495.7,496.5,461.3,466.25,646950
2019-08-29 00:00:00+05:30,468.83,474.4,452.5,469.4,749042
2019-08-30 00:00:00+05:30,473.98,485.0,472.5,479.53,433756
2019-09-03 00:00:00+05:30,483.98,494.95,478.0,480.55,228718
2019-09-04 00:00:00+05:30,480.55,485.2,476.93,478.95,365474
2019-09-05 00:00:00+05:30,482.35,482.35,475.5,479.1,160874
2019-09-06 00:00:00+05:30,478.5,481.98,465.5,467.58,379558
2019-09-09 00:00:00+05:30,470.38,476.7,465.5,467.53,148166
2019-09-11 00:00:00+05:30,468.05,479.95,459.5,464.23,376572
2019-09-12 00:00:00+05:30,464.95,474.7,464.95,472.28,199458
2019-09-13 00:00:00+05:30,470.5,479.43,470.5,471.53,158000
2019-09-16 00:00:00+05:30,471.53,480.7,467.55,473.28,156146
2019-09-17 00:00:00+05:30,471.0,475.95,462.5,465.08,380560
2019-09-18 00:00:00+05:30,467.0,476.45,462.83,474.0,172278
2019-09-19 00:00:00+05:30,474.0,479.5,467.6,473.95,195722
2019-09-20 00:00:00+05:30,473.78,492.5,470.1,478.05,214826
2019-09-23 00:00:00+05:30,479.5,501.0,473.53,476.3,495050
2019-09-24 00:00:00+05:30,475.0,487.0,471.28,477.05,234080
2019-09-25 00:00:00+05:30,481.95,481.95,462.5,465.3,166398
2019-09-26 00:00:00+05:30,469.45,471.5,445.65,452.53,690820
2019-09-27 00:00:00+05:30,458.65,463.4,453.5,461.65,170072
2019-09-30 00:00:00+05:30,458.0,460.93,445.5,451.5,474284
2019-10-01 00:00:00+05:30,457.5,457.5,442.15,447.43,547742
2019-10-03 00:00:00+05:30,449.95,455.0,440.0,452.48,335574
2019-10-04 00:00:00+05:30,452.65,453.95,445.15,447.5,202930
2019-10-07 00:00:00+05:30,450.53,450.53,430.63,437.58,547628
2019-10-09 00:00:00+05:30,436.0,437.58,425.85,432.08,344452
2019-10-10 00:00:00+05:30,432.08,434.95,422.33,428.25,1133580
2019-10-11 00:00:00+05:30,430.0,453.35,427.0,430.88,514226
2019-10-14 00:00:00+05:30,432.0,447.15,428.38,445.03,383816
2019-10-15 00:00:00+05:30,443.13,445.0,430.55,441.25,861890
2019-10-16 00:00:00+05:30,442.45,448.78,438.55,446.15,142318
2019-10-17 00:00:00+05:30,445.0,459.4,443.43,456.6,121902
2019-10-18 00:00:00+05:30,457.5,477.0,457.5,473.35,336380
2019-10-22 00:00:00+05:30,476.0,477.5,460.25,463.58,298786
2019-10-23 00:00:00+05:30,466.48,475.23,463.6,472.73,154456
2019-10-24 00:00:00+05:30,475.2,492.0,470.53,486.43,258870
2019-10-25 00:00:00+05:30,486.43,490.5,476.03,488.73,740098
2019-10-27 00:00:00+05:30,491.0,495.03,481.0,482.93,26920
2019-10-29 00:00:00+05:30,481.0,498.25,478.73,492.03,1179962
2019-10-30 00:00:00+05:30,494.0,498.0,482.53,487.33,177658
2019-10-31 00:00:00+05:30,487.0,496.98,482.35,490.38,110854
2019-11-01 00:00:00+05:30,491.0,528.5,491.0,511.8,1192254
2019-11-04 00:00:00+05:30,512.5,519.58,500.5,502.7,364798
2019-11-05 00:00:00+05:30,503.0,527.45,495.0,497.45,503462
2019-11-06 00:00:00+05:30,498.98,512.5,495.93,505.58,165534
2019-11-07 00:00:00+05:30,505.0,552.5,501.8,531.6,2078480
2019-11-08 00:00:00+05:30,532.93,547.5,527.5,534.98,1623736
2019-11-11 00:00:00+05:30,532.5,559.5,527.5,547.8,762762
2019-11-13 00:00:00+05:30,525.5,549.0,525.5,544.98,763216
2019-11-14 00:00:00+05:30,544.98,573.5,544.98,569.23,781188
2019-11-15 00:00:00+05:30,568.95,576.4,554.5,557.33,527162
2019-11-18 00:00:00+05:30,557.5,587.95,548.63,579.85,663328
2019-11-19 00:00:00+05:30,583.45,594.15,566.1,572.75,425636
2019-11-20 00:00:00+05:30,571.95,579.5,568.53,575.93,230366
2019-11-21 00:00:00+05:30,572.88,576.45,557.18,560.7,279198
2019-11-22 00:00:00+05:30,560.7,564.85,546.98,552.95,149740
2019-11-25 00:00:00+05:30,552.95,557.5,547.5,550.88,246130
2019-11-26 00:00:00+05:30,551.03,562.2,535.0,558.45,1400086
2019-11-27 00:00:00+05:30,559.38,568.18,550.0,557.98,141212
2019-11-28 00:00:00+05:30,563.85,567.48,551.0,564.3,175192
2019-11-29 00:00:00+05:30,563.7,579.0,557.5,571.3,214372
2019-12-02 00:00:00+05:30,567.5,577.2,555.53,565.63,232252
2019-12-03 00:00:00+05:30,560.75,572.5,558.0,570.03,141066
2019-12-04 00:00:00+05:30,573.58,573.58,562.53,566.73,103712
2019-12-05 00:00:00+05:30,561.0,569.38,547.95,552.63,154608
2019-12-06 00:00:00+05:30,548.5,558.1,532.68,545.55,254882
2019-12-09 00:00:00+05:30,549.35,554.0,545.25,546.63,58664
2019-12-10 00:00:00+05:30,542.98,553.0,529.05,532.1,335538
2019-12-11 00:00:00+05:30,533.58,575.5,533.58,571.03,561234
2019-12-12 00:00:00+05:30,571.5,580.0,558.65,561.83,1352832
2019-12-13 00:00:00+05:30,563.0,572.35,561.48,566.53,105786
2019-12-16 00:00:00+05:30,567.5,585.98,559.25,562.18,354858
2019-12-17 00:00:00+05:30,561.25,577.0,556.5,573.78,279330
2019-12-18 00:00:00+05:30,574.25,576.1,562.45,568.13,815234
2019-12-19 00:00:00+05:30,568.15,574.73,565.6,569.45,108714
2019-12-20 00:00:00+05:30,569.45,572.48,564.45,567.3,226830
2019-12-23 00:00:00+05:30,567.55,568.38,558.35,564.53,119374
2019-12-24 00:00:00+05:30,565.05,584.0,562.35,575.98,213030
2019-12-26 00:00:00+05:30,574.25,580.5,563.0,576.5,319136
2019-12-27 00:00:00+05:30,577.5,577.5,566.35,571.18,224474
2019-12-30 00:00:00+05:30,571.5,575.95,564.95,568.0,307714
2019-12-31 00:00:00+05:30,568.33,575.5,566.5,568.13,137706
2020-01-01 00:00:00+05:30,568.45,571.58,563.05,569.18,76212
2020-01-02 00:00:00+05:30,573.45,573.45,565.63,570.6,145304
2020-01-03 00:00:00+05:30,569.95,575.93,563.05,570.38,183174
2020-01-06 00:00:00+05:30,565.5,579.5,555.5,570.23,129826
2020-01-07 00:00:00+05:30,578.5,581.2,566.03,569.83,95964
2020-01-08 00:00:00+05:30,574.25,604.18,569.5,598.48,515096
2020-01-09 00:00:00+05:30,605.0,606.03,593.5,597.98,362596
2020-01-10 00:00:00+05:30,599.7,611.55,590.28,595.4,507096
2020-01-13 00:00:00+05:30,599.85,599.85,587.5,592.63,217036
2020-01-14 00:00:00+05:30,597.5,617.0,594.58,606.85,315534
2020-01-15 00:00:00+05:30,612.38,627.5,606.65,624.83,328378
2020-01-16 00:00:00+05:30,623.5,630.85,617.5,621.48,163016
2020-01-17 00:00:00+05:30,625.35,625.35,612.03,617.45,297408
2020-01-20 00:00:00+05:30,621.28,621.5,607.5,609.75,386294
2020-01-21 00:00:00+05:30,609.75,615.0,600.5,612.93,172340
2020-01-22 00:00:00+05:30,616.75,617.53,606.25,614.73,161808
2020-01-23 00:00:00+05:30,614.5,631.8,605.13,613.23,303372
2020-01-24 00:00:00+05:30,608.5,616.38,607.93,612.08,214152
2020-01-27 00:00:00+05:30,615.0,618.45,608.95,615.83,97922
2020-01-28 00:00:00+05:30,615.83,625.5,612.0,621.8,555688
2020-01-29 00:00:00+05:30,625.0,626.45,611.5,614.9,366754
2020-01-30 00:00:00+05:30,618.48,643.5,616.95,637.25,679540
2020-01-31 00:00:00+05:30,640.5,646.4,622.33,628.23,164078
2020-02-01 00:00:00+05:30,617.5,631.53,600.03,608.35,139004
2020-02-03 00:00:00+05:30,609.95,633.0,587.5,596.3,438850
2020-02-04 00:00:00+05:30,596.3,596.3,581.95,589.88,391004
2020-02-05 00:00:00+05:30,591.0,612.45,589.65,608.88,147410
2020-02-06 00:00:00+05:30,608.88,626.0,608.5,620.23,191378
2020-02-07 00:00:00+05:30,625.0,634.5,613.7,630.48,208696
2020-02-10 00:00:00+05:30,631.13,635.48,615.63,619.48,178712
2020-02-11 00:00:00+05:30,623.33,634.78,618.48,624.35,197808
2020-02-12 00:00:00+05:30,625.5,669.48,620.5,661.9,2227238
2020-02-13 00:00:00+05:30,665.38,720.5,650.8,709.28,1451126
2020-02-14 00:00:00+05:30,716.0,754.15,702.5,718.45,1559518
2020-02-17 00:00:00+05:30,719.5,719.5,671.0,679.95,593296
2020-02-18 00:00:00+05:30,686.5,694.95,652.55,657.7,414810
2020-02-19 00:00:00+05:30,660.05,714.48,660.05,701.45,769734
2020-02-20 00:00:00+05:30,706.0,742.0,697.45,727.35,713832
2020-02-24 00:00:00+05:30,726.5,747.38,680.08,732.8,870430
2020-02-25 00:00:00+05:30,735.28,739.5,697.5,713.8,356450
2020-02-26 00:00:00+05:30,718.25,718.25,682.5,689.35,300298
2020-02-27 00:00:00+05:30,692.5,693.03,665.65,673.93,506034
2020-02-28 00:00:00+05:30,655.0,684.4,640.53,680.68,805368
2020-03-02 00:00:00+05:30,683.0,735.55,683.0,717.08,846154
2020-03-03 00:00:00+05:30,727.0,764.5,712.48,753.05,1064878
2020-03-04 00:00:00+05:30,765.0,770.0,695.03,714.68,1102212
2020-03-05 00:00:00+05:30,715.0,732.0,686.63,723.2,682974
2020-03-06 00:00:00+05:30,690.0,745.0,687.5,722.05,468952
2020-03-09 00:00:00+05:30,717.5,738.5,698.08,731.73,475904
2020-03-11 00:00:00+05:30,727.75,759.95,701.43,706.35,845210
2020-03-12 00:00:00+05:30,677.0,690.0,629.45,654.4,894134
2020-03-13 00:00:00+05:30,633.5,676.1,620.0,660.98,722200
2020-03-16 00:00:00+05:30,659.0,660.0,627.28,651.35,627682
2020-03-17 00:00:00+05:30,664.0,677.45,630.0,672.0,1331616
2020-03-18 00:00:00+05:30,676.5,683.23,630.2,645.83,575114
2020-03-19 00:00:00+05:30,630.0,655.0,600.0,634.08,729880
2020-03-20 00:00:00+05:30,666.0,755.0,659.68,687.65,2718400
2020-03-23 00:00:00+05:30,811.0,811.0,640.25,683.85,3274944
2020-03-24 00:00:00+05:30,735.0,737.5,627.63,681.2,1299370
2020-03-25 00:00:00+05:30,676.0,682.93,640.58,654.65,811456
2020-03-26 00:00:00+05:30,657.5,684.5,616.73,644.9,1630862
2020-03-27 00:00:00+05:30,670.5,674.5,616.0,622.53,678042
2020-03-30 00:00:00+05:30,622.5,660.0,622.5,648.38,980906
2020-03-31 00:00:00+05:30,670.5,707.83,656.75,696.13,1770634
2020-04-01 00:00:00+05:30,690.0,728.08,683.5,698.88,1670994
2020-04-03 00:00:00+05:30,706.73,714.98,690.0,692.78,581724
2020-04-07 00:00:00+05:30,799.95,799.95,720.05,763.08,4759130
2020-04-08 00:00:00+05:30,804.75,912.5,790.0,808.2,5605050
2020-04-09 00:00:00+05:30,862.0,862.0,775.0,801.38,3724628
2020-04-13 00:00:00+05:30,811.55,812.0,772.5,776.13,1788660
2020-04-15 00:00:00+05:30,777.0,793.45,750.0,759.28,1763864
2020-04-16 00:00:00+05:30,751.63,779.95,751.63,757.88,1390196
2020-04-17 00:00:00+05:30,775.0,775.0,720.0,749.03,1843726
2020-04-20 00:00:00+05:30,755.0,772.0,745.5,752.08,818746
2020-04-21 00:00:00+05:30,740.0,805.5,731.33,799.7,2965892
2020-04-22 00:00:00+05:30,799.0,799.4,775.0,780.78,1087508
2020-04-23 00:00:00+05:30,783.7,790.28,755.9,766.88,1122968
2020-04-24 00:00:00+05:30,766.5,814.95,760.0,807.3,2244600
2020-04-27 00:00:00+05:30,779.5,840.0,765.53,834.95,2341456
2020-04-28 00:00:00+05:30,836.5,845.0,814.0,822.48,1147112
2020-04-29 00:00:00+05:30,812.0,820.0,792.5,796.3,1097504
2020-04-30 00:00:00+05:30,800.0,814.6,782.8,809.35,1718722
2020-05-04 00:00:00+05:30,790.0,819.93,782.23,807.28,1364580
2020-05-05 00:00:00+05:30,812.5,819.48,783.0,788.05,505388
2020-05-06 00:00:00+05:30,794.0,803.23,771.05,774.95,758112
2020-05-07 00:00:00+05:30,778.18,794.5,755.5,773.53,485096
2020-05-08 00:00:00+05:30,772.13,793.5,766.65,776.15,735394
2020-05-11 00:00:00+05:30,775.0,789.5,772.0,777.38,412836
2020-05-12 00:00:00+05:30,780.25,784.95,768.8,772.78,369334
2020-05-13 00:00:00+05:30,780.0,780.0,765.08,767.45,309784
2020-05-14 00:00:00+05:30,759.95,809.4,759.93,797.18,980284
2020-05-15 00:00:00+05:30,800.5,805.0,769.53,795.8,705826
2020-05-18 00:00:00+05:30,795.0,808.83,785.58,798.58,595838
2020-05-19 00:00:00+05:30,805.0,809.5,771.0,784.05,347634
2020-05-20 00:00:00+05:30,780.78,802.25,776.55,799.95,367572
2020-05-21 00:00:00+05:30,795.05,828.85,788.1,802.35,1097762
2020-05-22 00:00:00+05:30,801.0,806.0,787.53,797.08,396506
2020-05-26 00:00:00+05:30,797.58,819.5,788.43,809.48,632802
2020-05-27 00:00:00+05:30,809.48,810.0,771.5,774.05,1312176
2020-05-28 00:00:00+05:30,770.0,783.98,770.0,775.2,457596
2020-05-29 00:00:00+05:30,778.1,786.55,735.85,747.3,2815290
2020-06-01 00:00:00+05:30,748.0,766.18,733.0,763.48,1136198
2020-06-02 00:00:00+05:30,763.6,779.0,758.05,777.85,730448
2020-06-03 00:00:00+05:30,780.0,781.75,761.03,764.68,931336
2020-06-04 00:00:00+05:30,773.5,773.5,750.0,758.1,758554
2020-06-05 00:00:00+05:30,763.0,763.0,747.1,750.5,853964
2020-06-08 00:00:00+05:30,753.0,766.5,747.5,756.83,1097242
2020-06-09 00:00:00+05:30,757.5,774.4,757.35,771.68,671028
2020-06-10 00:00:00+05:30,775.13,801.48,772.5,798.45,1114098
2020-06-11 00:00:00+05:30,802.5,802.7,775.03,780.0,340558
2020-06-12 00:00:00+05:30,764.63,792.0,756.15,789.95,472204
2020-06-15 00:00:00+05:30,794.9,810.0,785.28,799.78,480828
2020-06-16 00:00:00+05:30,799.5,812.0,755.55,797.38,1907062
2020-06-17 00:00:00+05:30,777.0,789.5,770.0,781.73,918870
2020-06-18 00:00:00+05:30,775.0,802.5,769.75,799.68,718062
2020-06-19 00:00:00+05:30,800.5,812.5,792.5,807.8,664872
2020-06-22 00:00:00+05:30,815.5,824.5,810.5,819.25,368110
2020-06-23 00:00:00+05:30,823.98,837.5,820.08,836.08,495864
2020-06-24 00:00:00+05:30,835.0,835.0,812.58,825.78,845500
2020-06-25 00:00:00+05:30,813.5,843.0,813.5,833.45,484382
2020-06-26 00:00:00+05:30,835.1,854.23,835.1,850.18,562694
2020-06-29 00:00:00+05:30,854.25,854.5,822.5,841.1,538910
2020-06-30 00:00:00+05:30,841.0,859.48,825.0,837.2,572536
2020-07-01 00:00:00+05:30,837.0,841.25,807.5,824.53,524458
2020-07-02 00:00:00+05:30,824.53,837.5,814.5,828.8,382200
2020-07-03 00:00:00+05:30,830.5,844.5,825.0,831.35,260342
2020-07-06 00:00:00+05:30,830.0,855.0,827.5,839.08,451870
2020-07-07 00:00:00+05:30,835.0,844.45,817.55,821.88,434368
2020-07-08 00:00:00+05:30,820.0,827.55,815.1,818.13,508696
2020-07-09 00:00:00+05:30,822.5,825.0,811.0,823.5,354358
2020-07-10 00:00:00+05:30,822.0,834.5,813.0,832.18,360902
2020-07-13 00:00:00+05:30,830.05,838.8,817.53,821.53,236558
2020-07-14 00:00:00+05:30,823.5,831.98,820.05,828.75,332640
2020-07-15 00:00:00+05:30,830.0,833.25,815.98,824.38,266582
2020-07-16 00:00:00+05:30,835.0,898.5,818.58,889.28,1518906
2020-07-17 00:00:00+05:30,882.55,922.35,880.55,903.48,919016
2020-07-20 00:00:00+05:30,900.03,915.45,890.0,894.85,547130
2020-07-21 00:00:00+05:30,894.0,895.33,875.58,879.8,490456
2020-07-22 00:00:00+05:30,878.45,894.5,865.53,873.33,305588
2020-07-23 00:00:00+05:30,873.5,900.0,873.5,894.33,534652
2020-07-24 00:00:00+05:30,885.5,898.95,876.63,891.38,226924
2020-07-27 00:00:00+05:30,892.0,895.0,865.0,869.13,332994
2020-07-28 00:00:00+05:30,870.0,880.0,857.5,866.58,231608
2020-07-29 00:00:00+05:30,869.0,893.03,861.08,888.2,611738
2020-07-30 00:00:00+05:30,888.2,921.75,870.0,872.75,566712
2020-07-31 00:00:00+05:30,874.95,951.0,874.95,937.3,1406738
2020-08-03 00:00:00+05:30,949.5,1017.45,937.6,944.18,1364330
2020-08-04 00:00:00+05:30,946.0,999.0,927.53,993.08,855594
2020-08-05 00:00:00+05:30,1002.03,1002.03,976.55,980.33,529706
2020-08-06 00:00:00+05:30,981.0,989.0,971.18,985.15,163536
2020-08-07 00:00:00+05:30,990.0,997.5,975.0,978.35,290306
2020-08-10 00:00:00+05:30,991.1,1087.45,991.1,1049.75,4918058
2020-08-11 00:00:00+05:30,1069.48,1078.48,992.5,1002.98,2707346
2020-08-12 00:00:00+05:30,1004.0,1015.5,972.5,1002.98,1059706
2020-08-13 00:00:00+05:30,1010.0,1019.5,992.5,994.45,512658
2020-08-14 00:00:00+05:30,996.5,1014.65,995.08,1006.6,804532
2020-08-17 00:00:00+05:30,1012.5,1013.0,990.03,1000.83,418898
2020-08-18 00:00:00+05:30,1005.53,1035.0,997.5,1002.13,623930
2020-08-19 00:00:00+05:30,1010.0,1017.5,994.63,997.83,655900
2020-08-20 00:00:00+05:30,994.93,1022.5,992.93,1015.33,741130
2020-08-21 00:00:00+05:30,1015.03,1024.23,1000.03,1002.33,418452
2020-08-24 00:00:00+05:30,1000.53,1012.0,995.05,1005.48,470718
2020-08-25 00:00:00+05:30,1011.0,1047.5,1011.0,1021.15,1083022
2020-08-26 00:00:00+05:30,1026.5,1027.25,1000.5,1005.25,397980
2020-08-27 00:00:00+05:30,1011.0,1017.5,1003.88,1007.55,315786
2020-08-28 00:00:00+05:30,1008.28,1013.5,995.5,1000.23,378416
2020-08-31 00:00:00+05:30,1004.0,1018.73,930.5,943.8,751632
2020-09-01 00:00:00+05:30,943.78,1027.23,930.18,1007.45,1041648
2020-09-02 00:00:00+05:30,1011.9,1034.0,993.13,1027.83,731108
2020-09-03 00:00:00+05:30,1031.95,1031.95,1001.05,1005.83,251372
2020-09-07 00:00:00+05:30,1011.45,1042.0,997.5,1022.08,699988
2020-09-08 00:00:00+05:30,1020.0,1023.45,966.9,985.98,673868
2020-09-09 00:00:00+05:30,990.5,1032.5,983.55,1021.53,752336
2020-09-10 00:00:00+05:30,1025.0,1034.5,1008.65,1024.53,721576
2020-09-11 00:00:00+05:30,1026.5,1029.5,1003.0,1006.7,270392
2020-09-14 00:00:00+05:30,1025.0,1084.98,1025.0,1073.1,1055488
2020-09-15 00:00:00+05:30,1076.13,1093.0,1058.13,1078.75,701000
2020-09-16 00:00:00+05:30,1084.95,1117.5,1067.5,1102.75,344524
2020-09-17 00:00:00+05:30,1100.0,1118.05,1064.1,1075.6,644300
2020-09-18 00:00:00+05:30,1078.95,1099.5,1041.33,1083.58,1779486
2020-09-21 00:00:00+05:30,1085.0,1091.7,1020.85,1041.1,326658
2020-09-22 00:00:00+05:30,1048.9,1060.9,994.0,1056.95,436210
2020-09-23 00:00:00+05:30,1057.75,1074.25,1021.53,1067.85,456552
2020-09-24 00:00:00+05:30,1062.5,1062.5,1023.83,1035.1,399732
2020-09-25 00:00:00+05:30,1040.65,1064.5,1023.03,1033.63,562596
2020-09-28 00:00:00+05:30,1050.95,1055.0,1035.0,1039.13,230566
2020-09-29 00:00:00+05:30,1049.0,1087.48,1019.0,1055.43,589784
2020-09-30 00:00:00+05:30,1075.0,1100.0,1065.0,1083.23,480144
2020-10-01 00:00:00+05:30,1094.95,1133.98,1084.0,1126.85,609690
2020-10-05 00:00:00+05:30,1124.2,1125.0,1066.5,1075.58,540544
2020-10-06 00:00:00+05:30,1079.25,1085.9,1058.68,1069.4,381152
2020-10-07 00:00:00+05:30,1072.0,1094.0,1051.0,1061.83,454510
2020-10-08 00:00:00+05:30,1068.3,1072.35,1051.5,1066.5,360232
2020-10-09 00:00:00+05:30,1069.95,1074.3,1048.0,1052.93,329098
2020-10-12 00:00:00+05:30,1056.13,1069.0,1051.33,1058.78,250470
2020-10-13 00:00:00+05:30,1062.45,1069.5,1051.0,1062.3,218080
2020-10-14 00:00:00+05:30,1064.5,1067.03,1046.83,1054.1,273126
2020-10-15 00:00:00+05:30,1057.5,1057.5,1030.93,1039.78,393696
2020-10-16 00:00:00+05:30,1041.98,1066.83,1035.5,1055.63,278218
2020-10-19 00:00:00+05:30,1061.0,1064.5,1036.63,1047.73,180504
2020-10-20 00:00:00+05:30,1046.5,1051.78,1032.5,1037.25,437232
2020-10-21 00:00:00+05:30,1036.0,1039.68,1026.5,1037.88,212500
2020-10-22 00:00:00+05:30,1030.0,1086.05,1016.5,1077.83,666742
2020-10-23 00:00:00+05:30,1077.83,1099.0,1070.73,1087.7,437440
2020-10-26 00:00:00+05:30,1087.7,1093.75,1040.88,1061.85,457844
2020-10-27 00:00:00+05:30,1077.6,1220.73,1077.6,1181.05,4348626
2020-10-28 00:00:00+05:30,1181.0,1230.0,1156.0,1168.75,1305306
2020-10-29 00:00:00+05:30,1150.0,1184.98,1133.73,1174.65,719012
2020-10-30 00:00:00+05:30,1172.0,1188.5,1125.58,1156.55,819612
2020-11-02 00:00:00+05:30,1136.03,1219.5,1132.5,1151.15,986394
2020-11-03 00:00:00+05:30,1146.3,1184.5,1142.53,1157.83,626300
2020-11-04 00:00:00+05:30,1163.58,1198.0,1159.98,1182.48,709008
2020-11-05 00:00:00+05:30,1198.45,1225.0,1175.75,1184.05,849758
2020-11-06 00:00:00+05:30,1190.25,1208.7,1156.0,1168.4,671944
2020-11-09 00:00:00+05:30,1155.0,1184.0,1098.05,1131.23,2186516
2020-11-10 00:00:00+05:30,1137.5,1142.5,981.05,1030.68,3502134
2020-11-11 00:00:00+05:30,1060.0,1072.5,1003.5,1020.5,3405910
2020-11-12 00:00:00+05:30,1024.0,1048.5,1021.8,1045.88,1418030
2020-11-13 00:00:00+05:30,1049.95,1056.95,1027.5,1039.78,1032860
2020-11-14 00:00:00+05:30,1047.48,1050.0,1043.53,1047.5,65694
2020-11-17 00:00:00+05:30,1048.5,1062.0,1034.6,1051.18,1718450
2020-11-18 00:00:00+05:30,1055.0,1076.95,1036.0,1039.0,1230076
2020-11-19 00:00:00+05:30,1040.0,1058.98,1023.55,1030.08,1424150
2020-11-20 00:00:00+05:30,1037.45,1079.85,1034.03,1069.35,2026764
2020-11-23 00:00:00+05:30,1074.5,1140.0,1065.03,1098.83,2348084
2020-11-24 00:00:00+05:30,1105.0,1143.5,1067.5,1105.23,2468580
2020-11-25 00:00:00+05:30,1113.13,1114.1,1040.5,1062.08,1777904
2020-11-26 00:00:00+05:30,1063.0,1079.45,1041.5,1068.35,1048512
2020-11-27 00:00:00+05:30,1069.9,1140.0,1043.25,1083.38,17120990
2020-12-01 00:00:00+05:30,1110.25,1149.5,1105.1,1136.9,1885434
2020-12-02 00:00:00+05:30,1136.0,1138.0,1102.5,1132.88,1025116
2020-12-03 00:00:00+05:30,1133.25,1146.13,1115.0,1121.88,615732
2020-12-04 00:00:00+05:30,1129.5,1135.0,1116.0,1125.63,640168
2020-12-07 00:00:00+05:30,1124.03,1129.4,1102.55,1109.93,671606
2020-12-08 00:00:00+05:30,1107.5,1138.48,1106.0,1127.73,738550
2020-12-09 00:00:00+05:30,1132.5,1139.7,1121.25,1127.53,379270
2020-12-10 00:00:00+05:30,1127.0,1127.0,1103.6,1111.05,440200
2020-12-11 00:00:00+05:30,1116.85,1130.0,1102.5,1105.6,544012
2020-12-14 00:00:00+05:30,1114.95,1128.95,1105.5,1114.05,670468
2020-12-15 00:00:00+05:30,1110.53,1142.88,1104.05,1121.28,877866
2020-12-16 00:00:00+05:30,1131.75,1137.25,1107.5,1125.1,834574
2020-12-17 00:00:00+05:30,1129.9,1129.9,1051.53,1081.1,1058562
2020-12-18 00:00:00+05:30,1070.0,1123.3,1070.0,1117.13,1323408
2020-12-21 00:00:00+05:30,1116.1,1119.25,1088.4,1109.43,675802
2020-12-22 00:00:00+05:30,1107.5,1115.5,1082.73,1102.13,518184
2020-12-23 00:00:00+05:30,1100.0,1104.5,1072.53,1078.58,663562
2020-12-24 00:00:00+05:30,1080.05,1094.7,1077.5,1082.1,418026
2020-12-28 00:00:00+05:30,1082.0,1092.0,1075.0,1082.73,477822
2020-12-29 00:00:00+05:30,1089.5,1090.5,1077.5,1084.35,262362
2020-12-30 00:00:00+05:30,1083.75,1097.0,1073.55,1087.75,396722
2020-12-31 00:00:00+05:30,1087.75,1098.5,1082.53,1094.4,325750
2021-01-01 00:00:00+05:30,1098.0,1099.5,1086.05,1090.03,194438
2021-01-04 00:00:00+05:30,1094.9,1094.9,1077.03,1081.2,259280
2021-01-05 00:00:00+05:30,1084.95,1094.0,1075.75,1086.98,507226
2021-01-06 00:00:00+05:30,1081.58,1093.0,1066.88,1073.78,561984
2021-01-07 00:00:00+05:30,1080.0,1082.5,1055.03,1057.4,553408
2021-01-08 00:00:00+05:30,1064.1,1075.0,1055.3,1071.4,534204
2021-01-11 00:00:00+05:30,1077.5,1077.5,1045.1,1054.9,559914
2021-01-12 00:00:00+05:30,1060.0,1083.0,1051.3,1057.93,571844
2021-01-13 00:00:00+05:30,1062.5,1071.5,1045.0,1048.18,424158
2021-01-14 00:00:00+05:30,1045.1,1084.93,1045.1,1074.48,657884
2021-01-15 00:00:00+05:30,1074.48,1080.55,1046.0,1054.18,351302
2021-01-18 00:00:00+05:30,1054.0,1072.0,1030.23,1066.2,436542
2021-01-19 00:00:00+05:30,1062.5,1074.13,1053.75,1064.25,272456
2021-01-20 00:00:00+05:30,1064.0,1067.45,1045.2,1051.15,290960
2021-01-21 00:00:00+05:30,1062.93,1062.93,1018.0,1026.0,496688
2021-01-22 00:00:00+05:30,1027.5,1033.5,1006.4,1022.33,601820
2021-01-25 00:00:00+05:30,1018.5,1023.48,984.53,990.78,421748
2021-01-27 00:00:00+05:30,980.0,988.13,963.05,971.38,729246
2021-01-28 00:00:00+05:30,968.95,969.38,939.05,948.6,565600
2021-01-29 00:00:00+05:30,951.5,955.23,916.48,926.03,1418106
2021-02-01 00:00:00+05:30,932.5,955.0,910.18,938.3,618886
2021-02-02 00:00:00+05:30,940.03,960.35,940.03,944.18,1052974
2021-02-03 00:00:00+05:30,950.0,1027.0,947.63,1018.35,1138854
2021-02-04 00:00:00+05:30,1027.5,1027.75,980.55,1000.8,1215208
2021-02-05 00:00:00+05:30,1004.5,1014.55,952.8,966.05,618854
2021-02-08 00:00:00+05:30,967.0,999.5,966.05,971.33,467762
2021-02-09 00:00:00+05:30,982.45,997.5,970.58,987.95,650040
2021-02-10 00:00:00+05:30,994.0,994.0,980.45,986.43,200810
2021-02-11 00:00:00+05:30,981.93,989.0,967.5,973.28,304086
2021-02-12 00:00:00+05:30,973.28,976.78,945.63,948.98,333040
2021-02-15 00:00:00+05:30,947.5,969.23,945.0,948.18,525482
2021-02-16 00:00:00+05:30,945.0,954.4,938.98,950.63,473248
2021-02-17 00:00:00+05:30,949.63,950.93,934.25,945.0,364446
2021-02-18 00:00:00+05:30,949.9,956.9,930.55,933.88,342844
2021-02-19 00:00:00+05:30,930.0,931.9,920.0,924.78,384290
2021-02-22 00:00:00+05:30,919.95,928.85,905.0,908.95,404416
2021-02-23 00:00:00+05:30,913.0,916.0,892.7,900.45,549508
2021-02-24 00:00:00+05:30,904.98,941.98,901.83,932.95,325704
2021-02-25 00:00:00+05:30,933.0,942.25,924.45,933.4,594068
2021-02-26 00:00:00+05:30,925.6,931.88,910.03,924.78,743840
2021-03-01 00:00:00+05:30,920.28,962.5,911.13,951.55,473508
2021-03-02 00:00:00+05:30,962.5,964.5,925.75,953.53,690514
2021-03-03 00:00:00+05:30,935.5,986.38,935.5,980.88,590304
2021-03-04 00:00:00+05:30,971.0,974.95,958.05,967.35,734942
2021-03-05 00:00:00+05:30,956.55,963.9,954.15,961.73,462878
2021-03-08 00:00:00+05:30,964.9,973.25,958.03,966.43,194240
2021-03-09 00:00:00+05:30,969.93,982.5,957.25,970.38,415792
2021-03-10 00:00:00+05:30,974.45,974.45,960.0,969.38,306568
2021-03-12 00:00:00+05:30,970.05,982.48,963.0,976.33,362030
2021-03-15 00:00:00+05:30,973.6,976.33,953.58,959.9,462446
2021-03-16 00:00:00+05:30,959.9,964.93,955.4,959.63,323076
2021-03-17 00:00:00+05:30,959.45,963.78,942.05,945.28,283288
2021-03-18 00:00:00+05:30,945.5,957.48,912.73,932.3,594730
2021-03-19 00:00:00+05:30,929.5,930.98,900.15,919.58,882658
2021-03-22 00:00:00+05:30,927.53,947.5,908.08,916.2,475162
2021-03-23 00:00:00+05:30,921.0,922.5,908.55,918.85,572234
2021-03-24 00:00:00+05:30,915.0,924.5,909.08,920.2,277976
2021-03-25 00:00:00+05:30,920.1,939.45,919.9,927.45,575802
2021-03-26 00:00:00+05:30,925.0,932.73,920.5,929.95,269814
2021-03-30 00:00:00+05:30,949.5,972.5,933.0,945.0,555090
2021-03-31 00:00:00+05:30,949.5,960.03,940.78,951.88,328544
2021-04-01 00:00:00+05:30,954.9,957.5,935.55,941.0,238444
2021-04-05 00:00:00+05:30,941.0,946.5,916.68,937.78,206476
2021-04-06 00:00:00+05:30,939.9,978.0,938.08,969.63,669022
2021-04-07 00:00:00+05:30,973.5,1019.95,972.5,1013.5,995998
2021-04-08 00:00:00+05:30,1016.0,1057.5,1011.0,1030.1,840506
2021-04-09 00:00:00+05:30,1032.98,1055.45,1013.5,1043.0,676296
2021-04-12 00:00:00+05:30,1045.0,1107.5,1017.53,1076.48,1828608
2021-04-13 00:00:00+05:30,1092.43,1104.43,1062.5,1079.53,827948
2021-04-15 00:00:00+05:30,1077.5,1096.98,1042.5,1051.5,424982
2021-04-16 00:00:00+05:30,1061.0,1081.88,1060.9,1070.98,589392
2021-04-19 00:00:00+05:30,1070.0,1110.0,1050.0,1086.78,1041870
2021-04-20 00:00:00+05:30,1100.0,1101.03,1069.9,1077.85,463986
2021-04-22 00:00:00+05:30,1083.25,1099.5,1041.0,1050.2,341834
2021-04-23 00:00:00+05:30,1047.5,1066.48,1045.0,1050.68,282046
2021-04-26 00:00:00+05:30,1062.0,1062.0,1043.55,1052.15,208824
2021-04-27 00:00:00+05:30,1060.0,1072.0,1046.25,1057.2,222244
2021-04-28 00:00:00+05:30,1054.5,1057.0,1016.28,1022.75,343198
2021-04-29 00:00:00+05:30,1032.0,1043.5,1025.03,1037.55,253434
2021-04-30 00:00:00+05:30,1037.5,1063.78,1033.33,1052.65,301350
2021-05-03 00:00:00+05:30,1050.0,1074.0,1045.5,1053.98,378902
2021-05-04 00:00:00+05:30,1062.4,1064.7,1048.0,1051.75,160048
2021-05-05 00:00:00+05:30,1058.1,1066.0,1045.23,1054.93,155952
2021-05-06 00:00:00+05:30,1056.45,1064.68,1030.93,1047.93,216914
2021-05-07 00:00:00+05:30,1058.5,1060.0,1023.58,1028.15,198766
2021-05-10 00:00:00+05:30,1028.5,1058.98,1027.5,1043.15,424776
2021-05-11 00:00:00+05:30,1043.5,1087.5,1040.03,1080.95,965534
2021-05-12 00:00:00+05:30,1083.0,1089.48,1068.0,1076.13,248544
2021-05-14 00:00:00+05:30,1070.0,1085.45,1068.53,1074.43,288974
2021-05-17 00:00:00+05:30,1074.43,1104.95,1074.43,1090.0,603352
2021-05-18 00:00:00+05:30,1090.0,1099.0,1073.45,1081.65,243696
2021-05-19 00:00:00+05:30,1090.0,1109.5,1081.7,1089.4,315956
2021-05-20 00:00:00+05:30,1095.0,1129.35,1086.58,1104.25,1554112
2021-05-21 00:00:00+05:30,1119.5,1126.15,1104.0,1113.7,716958
2021-05-24 00:00:00+05:30,1121.5,1134.93,1116.5,1123.0,392598
2021-05-25 00:00:00+05:30,1128.0,1139.0,1085.03,1106.68,348304
2021-05-26 00:00:00+05:30,1110.0,1129.15,1106.0,1121.95,305254
2021-05-27 00:00:00+05:30,1121.95,1154.5,1076.1,1101.53,1684006
2021-05-28 00:00:00+05:30,1093.0,1143.0,998.05,1013.65,3323292
2021-05-31 00:00:00+05:30,1024.5,1044.5,1011.0,1035.3,1057388
2021-06-01 00:00:00+05:30,1036.98,1058.25,1025.5,1032.83,398908
2021-06-02 00:00:00+05:30,1039.9,1067.5,1033.5,1039.85,687900
2021-06-03 00:00:00+05:30,1049.4,1052.45,1033.5,1044.13,514852
2021-06-04 00:00:00+05:30,1049.5,1058.98,1026.0,1029.43,409052
2021-06-07 00:00:00+05:30,1030.0,1032.95,1016.08,1021.18,511944
2021-06-08 00:00:00+05:30,1019.9,1032.35,1015.43,1018.38,826344
2021-06-09 00:00:00+05:30,1024.98,1029.58,1016.0,1019.8,422520
2021-06-10 00:00:00+05:30,1022.45,1032.48,1017.0,1019.23,426506
2021-06-11 00:00:00+05:30,1021.0,1031.25,1016.28,1023.43,845082
2021-06-14 00:00:00+05:30,1025.48,1050.0,1025.48,1047.53,721108
2021-06-15 00:00:00+05:30,1053.0,1056.55,1030.0,1032.5,378452
2021-06-16 00:00:00+05:30,1039.48,1039.48,1020.38,1026.65,403418
2021-06-17 00:00:00+05:30,1023.0,1032.53,1009.38,1014.33,422298
2021-06-18 00:00:00+05:30,1019.0,1019.4,982.05,996.43,847500
2021-06-21 00:00:00+05:30,996.0,1028.95,989.5,1004.75,439918
2021-06-22 00:00:00+05:30,1009.9,1014.33,996.0,1001.85,389240
2021-06-23 00:00:00+05:30,1005.0,1009.33,987.95,1000.05,221020
2021-06-24 00:00:00+05:30,1004.1,1010.0,988.0,1005.35,445480
2021-06-25 00:00:00+05:30,1005.35,1014.9,998.9,1009.33,223340
2021-06-28 00:00:00+05:30,1014.0,1014.0,1002.03,1007.48,94448
2021-06-29 00:00:00+05:30,1007.48,1020.0,997.53,1011.08,264484
2021-06-30 00:00:00+05:30,1011.0,1017.98,1008.78,1013.2,142310
2021-07-01 00:00:00+05:30,1013.25,1017.5,1003.38,1010.15,319552
2021-07-02 00:00:00+05:30,1014.65,1016.98,1000.0,1007.63,222590
2021-07-05 00:00:00+05:30,1007.45,1022.43,1000.0,1019.8,280374
2021-07-06 00:00:00+05:30,1025.0,1054.25,1020.68,1049.7,735744
2021-07-07 00:00:00+05:30,1052.5,1064.48,1040.73,1062.25,410838
2021-07-08 00:00:00+05:30,1064.0,1070.0,1045.05,1054.33,416138
2021-07-09 00:00:00+05:30,1050.0,1062.5,1040.5,1044.78,199758
2021-07-12 00:00:00+05:30,1047.5,1059.95,1046.65,1058.0,180836
2021-07-13 00:00:00+05:30,1060.0,1060.35,1040.05,1045.1,103006
2021-07-14 00:00:00+05:30,1037.65,1074.5,1034.28,1063.65,349860
2021-07-15 00:00:00+05:30,1072.5,1073.93,1045.0,1047.5,258016
2021-07-16 00:00:00+05:30,1057.48,1057.5,1045.58,1048.83,110148
2021-07-19 00:00:00+05:30,1045.58,1066.53,1024.63,1057.95,420218
2021-07-20 00:00:00+05:30,1064.0,1065.03,1053.65,1059.98,188156
2021-07-22 00:00:00+05:30,1060.48,1091.5,1053.6,1088.13,487036
2021-07-23 00:00:00+05:30,1088.13,1105.53,1085.03,1101.83,302040
2021-07-26 00:00:00+05:30,1101.83,1119.5,1095.0,1112.95,325262
2021-07-27 00:00:00+05:30,1112.95,1122.5,1074.53,1117.15,470588
2021-07-28 00:00:00+05:30,1114.5,1117.13,1075.0,1088.28,170336
2021-07-29 00:00:00+05:30,1088.28,1094.28,1062.08,1071.15,127146
2021-07-30 00:00:00+05:30,1079.7,1081.8,1042.0,1052.2,197724
2021-08-02 00:00:00+05:30,1046.63,1061.05,1039.5,1050.78,408278
2021-08-03 00:00:00+05:30,1052.45,1059.9,1040.75,1047.8,134846
2021-08-04 00:00:00+05:30,1050.0,1055.88,1036.0,1044.03,93758
2021-08-05 00:00:00+05:30,1049.0,1122.08,1025.5,1067.3,1834780
2021-08-06 00:00:00+05:30,1053.4,1090.0,1042.53,1085.68,559488
2021-08-09 00:00:00+05:30,1099.5,1161.5,1081.0,1146.58,1363724
2021-08-10 00:00:00+05:30,1155.0,1210.0,1150.03,1199.23,1302146
2021-08-11 00:00:00+05:30,1200.0,1217.5,1177.5,1206.63,464462
2021-08-12 00:00:00+05:30,1199.98,1204.95,1189.7,1193.6,298844
2021-08-13 00:00:00+05:30,1197.5,1203.5,1182.5,1192.73,251906
2021-08-16 00:00:00+05:30,1194.73,1214.0,1176.25,1206.7,757508
2021-08-17 00:00:00+05:30,1206.5,1241.25,1201.88,1232.2,522822
2021-08-18 00:00:00+05:30,1234.0,1261.98,1200.58,1222.18,678592
2021-08-20 00:00:00+05:30,1217.4,1274.48,1204.85,1262.15,841530
2021-08-23 00:00:00+05:30,1263.5,1294.9,1260.0,1282.45,615576
2021-08-24 00:00:00+05:30,1282.5,1290.0,1228.05,1251.28,607234
2021-08-25 00:00:00+05:30,1255.0,1272.5,1233.88,1241.18,266306
2021-08-26 00:00:00+05:30,1241.5,1271.3,1241.5,1256.48,402918
2021-08-27 00:00:00+05:30,1267.48,1292.5,1220.13,1229.95,512728
2021-08-30 00:00:00+05:30,1230.1,1253.5,1226.13,1240.65,398176
2021-08-31 00:00:00+05:30,1245.0,1332.15,1215.5,1287.65,1794622
2021-09-01 00:00:00+05:30,1299.2,1321.23,1245.5,1266.5,548468
2021-09-02 00:00:00+05:30,1266.75,1268.9,1235.0,1244.85,352624
2021-09-03 00:00:00+05:30,1250.5,1278.3,1247.53,1268.18,379846
2021-09-06 00:00:00+05:30,1278.0,1278.0,1242.03,1249.73,315516
2021-09-07 00:00:00+05:30,1257.5,1258.7,1224.03,1249.53,305420
2021-09-08 00:00:00+05:30,1253.68,1275.0,1236.6,1268.05,297660
2021-09-09 00:00:00+05:30,1268.25,1271.95,1253.1,1261.58,238692
2021-09-13 00:00:00+05:30,1267.5,1311.4,1262.6,1298.08,913070
2021-09-14 00:00:00+05:30,1300.0,1339.9,1285.83,1318.75,457656
2021-09-15 00:00:00+05:30,1347.5,1383.1,1305.13,1313.93,1721172
2021-09-16 00:00:00+05:30,1314.0,1321.65,1275.33,1285.58,512412
2021-09-17 00:00:00+05:30,1287.25,1298.95,1236.03,1246.7,500214
2021-09-20 00:00:00+05:30,1240.03,1258.93,1200.18,1205.98,502740
2021-09-21 00:00:00+05:30,1205.5,1223.55,1158.63,1216.2,511356
2021-09-22 00:00:00+05:30,1225.0,1228.0,1205.55,1214.78,143782
2021-09-23 00:00:00+05:30,1219.5,1241.73,1198.9,1237.28,327552
2021-09-24 00:00:00+05:30,1243.0,1248.75,1196.28,1200.48,333752
2021-09-27 00:00:00+05:30,1204.95,1206.25,1182.0,1186.05,345428
2021-09-28 00:00:00+05:30,1189.95,1194.95,1170.85,1175.4,378038
2021-09-29 00:00:00+05:30,1171.0,1205.0,1161.65,1178.63,331198
2021-09-30 00:00:00+05:30,1189.13,1218.48,1176.73,1205.68,380712
2021-10-01 00:00:00+05:30,1209.05,1217.5,1195.0,1211.8,289824
2021-10-04 00:00:00+05:30,1220.0,1226.5,1193.0,1202.05,472864
2021-10-05 00:00:00+05:30,1200.0,1209.9,1172.5,1174.28,682024
2021-10-06 00:00:00+05:30,1175.2,1182.5,1128.6,1139.08,682586
2021-10-07 00:00:00+05:30,1138.43,1192.5,1130.0,1181.48,686624
2021-10-08 00:00:00+05:30,1182.5,1188.23,1161.53,1167.35,266016
2021-10-11 00:00:00+05:30,1169.0,1185.0,1147.03,1178.83,313434
2021-10-12 00:00:00+05:30,1178.75,1187.5,1157.5,1179.8,246686
2021-10-13 00:00:00+05:30,1179.0,1184.03,1167.68,1181.48,187572
2021-10-14 00:00:00+05:30,1181.95,1222.58,1181.95,1211.1,644914
2021-10-18 00:00:00+05:30,1215.0,1228.35,1195.0,1207.8,368236
2021-10-19 00:00:00+05:30,1207.58,1225.43,1159.5,1171.08,308140
2021-10-20 00:00:00+05:30,1167.5,1200.0,1140.8,1154.6,913830
2021-10-21 00:00:00+05:30,1181.5,1187.45,1082.25,1137.05,673222
2021-10-22 00:00:00+05:30,1143.2,1153.43,1115.63,1139.93,342218
2021-10-25 00:00:00+05:30,1139.93,1142.5,1102.0,1111.95,356840
2021-10-26 00:00:00+05:30,1117.0,1134.0,1085.5,1094.75,577558
2021-10-27 00:00:00+05:30,1102.0,1132.0,1082.0,1086.18,621870
2021-10-28 00:00:00+05:30,1095.73,1097.5,1041.0,1060.8,404124
2021-10-29 00:00:00+05:30,1058.5,1086.0,1055.53,1071.2,287068
2021-11-01 00:00:00+05:30,1087.1,1095.0,1057.53,1062.9,318750
2021-11-02 00:00:00+05:30,1065.5,1068.5,1047.15,1063.78,499520
2021-11-03 00:00:00+05:30,1062.5,1070.98,1055.0,1062.48,365624
2021-11-04 00:00:00+05:30,1068.0,1070.0,1059.95,1066.9,17228
2021-11-08 00:00:00+05:30,1072.5,1084.85,1033.68,1060.5,1113184
2021-11-09 00:00:00+05:30,1062.5,1098.48,1062.5,1091.13,520930
2021-11-10 00:00:00+05:30,1092.9,1117.0,1091.05,1105.35,720968
2021-11-11 00:00:00+05:30,1107.5,1115.6,1095.0,1105.0,264110
2021-11-12 00:00:00+05:30,1105.48,1114.98,1060.05,1109.48,926474
2021-11-15 00:00:00+05:30,1100.0,1128.5,1065.2,1100.03,959746
2021-11-16 00:00:00+05:30,1100.0,1100.0,1060.53,1076.68,1681022
2021-11-17 00:00:00+05:30,1066.5,1074.9,1043.68,1048.55,1264676
2021-11-18 00:00:00+05:30,1038.5,1049.5,1022.53,1038.58,1277288
2021-11-22 00:00:00+05:30,1047.83,1052.43,1010.85,1015.88,518382
2021-11-23 00:00:00+05:30,1017.63,1056.28,1002.48,1028.2,1842742
2021-11-24 00:00:00+05:30,1040.0,1050.93,1008.03,1030.43,1216842
2021-11-25 00:00:00+05:30,1037.88,1070.23,1005.98,1012.23,2324156
2021-11-26 00:00:00+05:30,1012.23,1042.5,997.9,1008.08,2295864
2021-11-29 00:00:00+05:30,1002.5,1069.98,982.5,1060.18,2269278
2021-11-30 00:00:00+05:30,1062.5,1078.5,1015.5,1050.1,20863688
2021-12-01 00:00:00+05:30,1064.4,1069.5,1020.98,1033.98,695038
2021-12-02 00:00:00+05:30,1025.0,1050.48,1025.0,1035.63,521258
2021-12-03 00:00:00+05:30,1027.5,1036.98,1014.68,1019.53,1526184
2021-12-06 00:00:00+05:30,1019.5,1024.5,1001.6,1007.9,1730328
2021-12-07 00:00:00+05:30,1009.0,1019.48,997.5,1005.75,1482804
2021-12-08 00:00:00+05:30,1005.0,1031.8,1000.0,1021.83,1702530
2021-12-09 00:00:00+05:30,1021.78,1021.78,1006.5,1016.05,1469204
2021-12-10 00:00:00+05:30,1009.05,1042.6,1009.05,1028.73,1394870
2021-12-13 00:00:00+05:30,1024.5,1028.58,1013.33,1017.85,1475510
2021-12-14 00:00:00+05:30,1015.0,1022.35,1007.0,1015.5,1004386
2021-12-15 00:00:00+05:30,1019.85,1021.0,1005.5,1010.6,454636
2021-12-16 00:00:00+05:30,1006.05,1013.95,985.1,987.43,945082
2021-12-17 00:00:00+05:30,987.0,1001.45,965.03,996.18,803258
2021-12-20 00:00:00+05:30,987.5,999.0,962.53,992.98,692280
2021-12-21 00:00:00+05:30,997.5,1018.38,991.28,996.53,598648
2021-12-22 00:00:00+05:30,998.5,1017.05,994.5,1010.2,396878
2021-12-23 00:00:00+05:30,1018.78,1032.5,1010.05,1016.08,439442
2021-12-24 00:00:00+05:30,1020.0,1024.58,1007.0,1011.53,214844
2021-12-27 00:00:00+05:30,1013.98,1024.4,991.0,1019.33,602364
2021-12-28 00:00:00+05:30,1019.33,1050.03,1019.0,1041.7,714830
2021-12-29 00:00:00+05:30,1047.0,1065.0,1030.0,1059.9,819208
2021-12-30 00:00:00+05:30,1061.0,1099.73,1050.98,1088.23,857168
2021-12-31 00:00:00+05:30,1090.0,1095.0,1076.25,1083.4,332122
2022-01-03 00:00:00+05:30,1085.0,1093.38,1075.68,1079.8,272364
2022-01-04 00:00:00+05:30,1080.0,1104.08,1080.0,1085.78,360918
2022-01-05 00:00:00+05:30,1092.5,1104.0,1060.63,1082.58,835834
2022-01-06 00:00:00+05:30,1075.23,1096.0,1070.0,1075.6,402504
2022-01-07 00:00:00+05:30,1076.0,1111.0,1068.7,1099.9,705754
2022-01-10 00:00:00+05:30,1123.95,1128.5,1028.4,1061.0,1504551
2022-01-11 00:00:00+05:30,1061.0,1076.95,1045.0,1057.3,312149
2022-01-12 00:00:00+05:30,1061.5,1067.95,1037.0,1045.3,339266
2022-01-13 00:00:00+05:30,1040.0,1067.0,1031.25,1059.95,407600
2022-01-14 00:00:00+05:30,1061.7,1066.7,1045.05,1062.35,237758
2022-01-17 00:00:00+05:30,1065.0,1078.8,1055.9,1063.1,249850
2022-01-18 00:00:00+05:30,1070.0,1072.4,1045.0,1048.85,314866
2022-01-19 00:00:00+05:30,1041.0,1082.6,1030.0,1075.15,878015
2022-01-20 00:00:00+05:30,1073.0,1082.0,1061.6,1067.6,214363
2022-01-21 00:00:00+05:30,1054.0,1077.0,1042.45,1054.7,361783
2022-01-24 00:00:00+05:30,1055.0,1059.85,1020.0,1043.0,554842
2022-01-25 00:00:00+05:30,1040.0,1049.45,1018.0,1043.2,526167
2022-01-27 00:00:00+05:30,1035.0,1045.7,998.05,1005.5,406915
2022-01-28 00:00:00+05:30,1000.0,1024.05,990.0,1012.8,222773
2022-01-31 00:00:00+05:30,1020.1,1039.0,1008.65,1034.65,391944
2022-02-01 00:00:00+05:30,1045.0,1045.0,1026.0,1037.55,86410
2022-02-02 00:00:00+05:30,1047.45,1059.0,1037.45,1054.65,92474
2022-02-03 00:00:00+05:30,1061.75,1067.65,1040.0,1045.7,125055
2022-02-04 00:00:00+05:30,1050.0,1051.75,1028.25,1036.65,52032
2022-02-07 00:00:00+05:30,1039.7,1054.0,1010.0,1020.3,174628
2022-02-08 00:00:00+05:30,1024.0,1024.0,996.55,1001.35,162046
2022-02-09 00:00:00+05:30,1007.0,1024.9,1002.55,1020.5,119278
2022-02-10 00:00:00+05:30,1029.0,1029.0,985.15,1004.0,118579
2022-02-11 00:00:00+05:30,989.0,1005.1,975.95,993.75,325629
2022-02-14 00:00:00+05:30,990.0,994.0,942.1,964.55,851025
2022-02-15 00:00:00+05:30,940.0,994.95,940.0,989.05,940898
2022-02-16 00:00:00+05:30,989.1,1002.05,971.2,981.65,371411
2022-02-17 00:00:00+05:30,1001.0,1001.0,955.15,965.05,1321278
2022-02-18 00:00:00+05:30,964.5,986.2,954.35,979.85,725178
2022-02-21 00:00:00+05:30,972.0,983.0,953.35,961.8,486916
2022-02-22 00:00:00+05:30,952.0,973.5,937.85,961.2,385429
2022-02-23 00:00:00+05:30,960.0,977.95,950.5,955.2,177240
2022-02-24 00:00:00+05:30,935.0,956.05,925.2,936.75,482719
2022-02-25 00:00:00+05:30,936.75,976.95,936.2,969.85,468020
2022-02-28 00:00:00+05:30,970.0,987.0,955.0,981.35,413836
2022-03-02 00:00:00+05:30,966.0,987.05,959.1,984.8,277879
2022-03-03 00:00:00+05:30,986.0,998.3,962.45,968.7,246294
2022-03-04 00:00:00+05:30,970.75,970.75,939.4,954.75,398094
2022-03-07 00:00:00+05:30,945.0,984.45,929.25,973.5,347123
2022-03-09 00:00:00+05:30,1020.2,1023.1,996.2,1005.65,357348
2022-03-10 00:00:00+05:30,1008.25,1022.95,992.3,1001.45,176806
2022-03-11 00:00:00+05:30,1006.7,1024.9,980.0,1018.85,388470
2022-03-14 00:00:00+05:30,1025.0,1042.0,995.85,1012.2,577886
2022-03-15 00:00:00+05:30,1017.5,1034.0,989.4,993.15,250833
2022-03-16 00:00:00+05:30,998.4,1005.0,969.05,1000.1,366323
2022-03-17 00:00:00+05:30,1002.5,1037.8,998.35,1033.7,1091505
2022-03-21 00:00:00+05:30,1035.0,1042.5,1000.0,1003.0,286959
2022-03-22 00:00:00+05:30,1003.1,1013.5,995.1,999.75,210510
2022-03-23 00:00:00+05:30,999.75,1011.2,985.3,991.25,267686
2022-03-24 00:00:00+05:30,991.25,1018.0,990.5,1008.4,214498
2022-03-25 00:00:00+05:30,1010.1,1035.5,990.0,992.85,285071
2022-03-28 00:00:00+05:30,1002.0,1025.95,992.0,999.45,332961
2022-03-29 00:00:00+05:30,1004.7,1062.9,1000.0,1059.2,1234599
2022-03-30 00:00:00+05:30,1064.85,1082.0,1045.0,1076.8,673633
2022-03-31 00:00:00+05:30,1080.0,1095.0,1014.25,1065.75,872732
2022-04-01 00:00:00+05:30,1065.0,1065.0,1021.0,1027.4,356187
2022-04-04 00:00:00+05:30,1027.4,1064.0,1027.0,1030.45,249514
2022-04-05 00:00:00+05:30,1035.85,1044.2,1026.5,1032.45,319051
2022-04-06 00:00:00+05:30,1033.9,1042.0,1002.0,1022.35,576365
2022-04-07 00:00:00+05:30,1024.0,1028.0,996.0,1001.5,511535
2022-04-08 00:00:00+05:30,1014.4,1034.4,1003.05,1027.65,447291
2022-04-11 00:00:00+05:30,1027.65,1048.5,1027.05,1037.3,507718
2022-04-12 00:00:00+05:30,1039.6,1050.8,1022.4,1041.35,406540
2022-04-13 00:00:00+05:30,1048.0,1052.2,1037.0,1043.15,305538
2022-04-18 00:00:00+05:30,1042.0,1047.45,1010.0,1023.05,256774
2022-04-19 00:00:00+05:30,1024.0,1026.1,1008.65,1016.4,192001
2022-04-20 00:00:00+05:30,1028.0,1053.5,1008.0,1026.15,382858
2022-04-21 00:00:00+05:30,1030.0,1035.0,1018.8,1030.4,488476
2022-04-22 00:00:00+05:30,1029.95,1034.45,1010.0,1027.45,409641
2022-04-25 00:00:00+05:30,1018.55,1027.85,997.2,999.3,267628
2022-04-26 00:00:00+05:30,1014.0,1016.4,992.1,1000.5,130072
2022-04-27 00:00:00+05:30,999.0,1008.95,981.0,1005.1,278671
2022-04-28 00:00:00+05:30,1009.0,1031.6,1007.0,1025.75,239380
2022-04-29 00:00:00+05:30,1025.0,1034.5,1006.65,1011.75,286940
2022-05-02 00:00:00+05:30,1007.0,1017.7,999.0,1010.4,98194
2022-05-04 00:00:00+05:30,1011.65,1037.45,992.7,1000.2,307446
2022-05-05 00:00:00+05:30,1005.5,1008.25,993.5,1002.15,181125
2022-05-06 00:00:00+05:30,995.0,1004.4,980.0,993.25,250491
2022-05-09 00:00:00+05:30,991.85,1008.0,975.0,987.0,187582
2022-05-10 00:00:00+05:30,987.0,1004.5,969.15,974.95,177671
2022-05-11 00:00:00+05:30,974.95,978.05,955.0,969.25,259418
2022-05-12 00:00:00+05:30,969.0,971.9,950.0,961.6,175466
2022-05-13 00:00:00+05:30,966.7,984.95,965.0,975.45,319208
2022-05-16 00:00:00+05:30,980.6,991.45,973.3,983.7,123049
2022-05-17 00:00:00+05:30,985.2,997.1,974.8,989.0,76760
2022-05-18 00:00:00+05:30,986.0,997.05,980.0,988.45,286465
2022-05-19 00:00:00+05:30,980.1,986.3,962.15,964.8,105203
2022-05-20 00:00:00+05:30,966.0,991.85,966.0,986.5,158460
2022-05-23 00:00:00+05:30,989.9,1006.6,975.0,978.05,242195
2022-05-24 00:00:00+05:30,967.1,977.6,918.0,955.5,1588320
2022-05-25 00:00:00+05:30,945.0,967.45,926.75,937.9,565141
2022-05-26 00:00:00+05:30,937.9,939.0,908.4,916.25,1271410
2022-05-27 00:00:00+05:30,920.0,923.55,898.7,901.15,733877
2022-05-30 00:00:00+05:30,903.0,909.0,884.3,900.35,673959
2022-05-31 00:00:00+05:30,904.9,924.1,892.2,902.6,472699
2022-06-01 00:00:00+05:30,902.7,907.4,875.5,889.25,612609
2022-06-02 00:00:00+05:30,881.0,887.0,872.0,879.8,290566
2022-06-03 00:00:00+05:30,888.0,888.0,856.8,861.15,247531
2022-06-06 00:00:00+05:30,850.0,874.2,850.0,863.75,231516
2022-06-07 00:00:00+05:30,859.0,870.0,850.7,864.0,134547
2022-06-08 00:00:00+05:30,872.0,875.5,855.25,868.9,133105
2022-06-09 00:00:00+05:30,865.8,872.95,862.25,868.85,130208
2022-06-10 00:00:00+05:30,862.0,868.45,853.05,858.8,161247
2022-06-13 00:00:00+05:30,849.15,867.9,831.05,864.45,339988
2022-06-14 00:00:00+05:30,864.45,870.25,856.6,865.65,237443
2022-06-15 00:00:00+05:30,870.0,883.0,867.05,877.5,165592
2022-06-16 00:00:00+05:30,883.8,884.35,861.45,867.7,196892
2022-06-17 00:00:00+05:30,860.0,871.3,845.0,866.2,253368
2022-06-20 00:00:00+05:30,868.0,880.8,852.45,876.35,212331
2022-06-21 00:00:00+05:30,880.0,898.7,865.2,889.9,413608
2022-06-22 00:00:00+05:30,885.15,893.2,882.85,888.95,185149
2022-06-23 00:00:00+05:30,897.0,903.7,883.7,897.1,503576
2022-06-24 00:00:00+05:30,901.8,905.0,886.75,889.7,146601
2022-06-27 00:00:00+05:30,894.0,918.0,892.8,912.35,206321
2022-06-28 00:00:00+05:30,911.8,918.0,897.05,902.05,315204
2022-06-29 00:00:00+05:30,900.8,906.6,881.1,896.9,404541
2022-06-30 00:00:00+05:30,894.0,907.8,887.35,897.5,434295
2022-07-01 00:00:00+05:30,890.25,914.25,890.25,912.9,154987
2022-07-04 00:00:00+05:30,912.9,925.0,907.0,918.5,134941
2022-07-05 00:00:00+05:30,924.8,929.75,919.15,928.1,182221
2022-07-06 00:00:00+05:30,929.0,948.95,923.7,944.05,378393
2022-07-07 00:00:00+05:30,949.0,959.95,945.0,956.3,151827
2022-07-08 00:00:00+05:30,961.05,991.0,960.0,976.95,236653
2022-07-11 00:00:00+05:30,979.9,988.7,971.0,985.85,166600
2022-07-12 00:00:00+05:30,987.0,989.95,965.0,969.6,218676
2022-07-13 00:00:00+05:30,970.0,980.85,970.0,974.85,396301
2022-07-14 00:00:00+05:30,975.0,1010.0,974.85,990.5,452427
2022-07-15 00:00:00+05:30,989.0,997.2,983.6,989.55,139901
2022-07-18 00:00:00+05:30,994.45,1002.0,989.0,998.05,272801
2022-07-19 00:00:00+05:30,998.05,1018.0,994.1,1010.9,342626
2022-07-20 00:00:00+05:30,1016.0,1024.5,1010.15,1014.8,325932
2022-07-21 00:00:00+05:30,1014.05,1020.0,1001.1,1006.45,137275
2022-07-22 00:00:00+05:30,1009.5,1009.5,981.25,987.25,250787
2022-07-25 00:00:00+05:30,981.25,987.2,962.05,966.15,332206
2022-07-26 00:00:00+05:30,966.0,988.0,948.5,984.4,389980
2022-07-27 00:00:00+05:30,988.65,991.2,973.05,985.9,474446
2022-07-28 00:00:00+05:30,993.15,998.7,970.6,995.3,237401
2022-07-29 00:00:00+05:30,994.45,1009.85,990.95,1000.25,194420
2022-08-01 00:00:00+05:30,1004.9,1016.5,992.65,997.7,163659
2022-08-02 00:00:00+05:30,992.5,1001.35,983.8,990.05,176678
2022-08-03 00:00:00+05:30,990.05,993.85,968.25,977.95,78014
2022-08-04 00:00:00+05:30,977.95,1028.0,972.05,1024.95,448112
2022-08-05 00:00:00+05:30,1031.0,1034.3,998.25,1012.45,594364
2022-08-08 00:00:00+05:30,1019.0,1019.0,1002.45,1012.75,89624
2022-08-10 00:00:00+05:30,1005.0,1012.0,971.0,991.5,431161
2022-08-11 00:00:00+05:30,992.9,1022.6,985.1,1016.3,382876
2022-08-12 00:00:00+05:30,988.4,990.0,918.4,928.05,3896967
2022-08-16 00:00:00+05:30,928.05,934.0,918.55,925.95,455475
2022-08-17 00:00:00+05:30,927.85,933.0,914.6,919.85,385877
2022-08-18 00:00:00+05:30,919.85,926.0,912.15,924.95,404661
2022-08-19 00:00:00+05:30,926.0,929.7,905.05,919.85,547895
2022-08-22 00:00:00+05:30,905.0,918.0,900.55,903.1,229221
2022-08-23 00:00:00+05:30,903.05,924.8,900.1,922.65,186761
2022-08-24 00:00:00+05:30,922.65,926.9,906.3,922.1,401021
2022-08-25 00:00:00+05:30,928.55,928.55,911.0,914.8,241600
2022-08-26 00:00:00+05:30,916.95,919.6,908.0,909.9,108069
2022-08-29 00:00:00+05:30,903.0,911.65,894.4,900.1,467117
2022-08-30 00:00:00+05:30,909.0,911.15,897.6,905.2,319017
2022-09-01 00:00:00+05:30,900.0,907.65,892.6,899.6,161220
2022-09-02 00:00:00+05:30,899.6,903.6,886.5,889.85,174140
2022-09-05 00:00:00+05:30,889.85,894.15,881.1,886.35,499502
2022-09-06 00:00:00+05:30,886.35,891.0,879.35,882.9,121036
2022-09-07 00:00:00+05:30,883.8,889.9,877.65,879.45,180625
2022-09-08 00:00:00+05:30,881.0,885.6,865.55,870.15,277356
2022-09-09 00:00:00+05:30,876.5,901.45,870.0,872.2,577688
2022-09-12 00:00:00+05:30,876.9,885.0,872.2,875.0,296137
2022-09-13 00:00:00+05:30,877.45,901.6,877.1,898.1,520096
2022-09-14 00:00:00+05:30,889.95,891.45,875.65,878.4,233097
2022-09-15 00:00:00+05:30,883.0,883.95,872.65,875.25,106978
2022-09-16 00:00:00+05:30,873.0,879.25,855.0,861.1,400682
2022-09-19 00:00:00+05:30,861.0,868.0,852.75,858.45,126262
2022-09-20 00:00:00+05:30,862.0,875.0,858.45,871.45,113859
2022-09-21 00:00:00+05:30,877.15,884.3,862.05,866.65,214862
2022-09-22 00:00:00+05:30,864.7,880.4,856.0,878.3,334783
2022-09-23 00:00:00+05:30,882.0,882.9,870.0,873.95,88030
2022-09-26 00:00:00+05:30,871.05,899.0,867.85,891.85,747517
2022-09-27 00:00:00+05:30,896.25,906.7,883.0,904.95,328803
2022-09-28 00:00:00+05:30,895.0,917.7,882.85,895.6,396809
2022-09-29 00:00:00+05:30,909.6,912.75,896.15,909.4,269882
2022-09-30 00:00:00+05:30,905.35,917.45,896.0,915.0,193355
2022-10-03 00:00:00+05:30,915.75,938.2,905.9,934.5,536630
2022-10-04 00:00:00+05:30,941.0,945.0,921.95,932.15,329781
2022-10-06 00:00:00+05:30,939.15,939.9,914.55,919.7,158162
2022-10-07 00:00:00+05:30,923.6,923.6,907.3,918.95,108057
2022-10-10 00:00:00+05:30,915.0,918.55,902.75,912.05,137507
2022-10-11 00:00:00+05:30,916.65,916.65,891.05,897.55,157654
2022-10-12 00:00:00+05:30,892.0,899.1,886.55,891.75,94434
2022-10-13 00:00:00+05:30,888.85,902.65,885.1,888.55,191383
2022-10-14 00:00:00+05:30,892.0,903.25,887.05,889.45,54675
2022-10-17 00:00:00+05:30,885.5,899.0,881.0,893.05,90495
2022-10-18 00:00:00+05:30,897.5,900.35,891.65,897.85,209411
2022-10-19 00:00:00+05:30,899.85,900.0,889.3,895.9,58691
2022-10-20 00:00:00+05:30,893.15,908.95,891.2,907.35,152676
2022-10-21 00:00:00+05:30,911.75,913.7,900.2,903.85,229116
2022-10-24 00:00:00+05:30,906.0,907.85,898.2,900.35,6015
2022-10-25 00:00:00+05:30,900.35,940.0,891.05,936.1,307939
2022-10-27 00:00:00+05:30,936.1,939.8,919.0,930.75,268949
2022-10-28 00:00:00+05:30,927.15,930.7,895.0,901.2,125322
2022-10-31 00:00:00+05:30,904.75,912.5,893.55,905.1,162978
2022-11-01 00:00:00+05:30,901.0,935.75,901.0,924.65,489043
2022-11-02 00:00:00+05:30,924.65,951.3,922.0,927.15,454885
2022-11-03 00:00:00+05:30,923.0,928.0,903.15,908.4,501897
2022-11-04 00:00:00+05:30,908.0,913.1,901.0,904.95,146801
2022-11-07 00:00:00+05:30,905.25,907.1,890.6,905.7,371764
2022-11-09 00:00:00+05:30,909.8,910.5,886.75,891.65,197159
2022-11-10 00:00:00+05:30,890.0,898.25,875.7,888.35,301587
2022-11-11 00:00:00+05:30,892.8,903.2,835.3,867.55,782517
2022-11-14 00:00:00+05:30,862.0,875.95,855.0,869.2,269049
2022-11-15 00:00:00+05:30,867.95,876.9,862.65,869.6,262457
2022-11-16 00:00:00+05:30,869.0,877.45,858.9,873.6,275430
2022-11-17 00:00:00+05:30,873.6,880.7,866.0,867.8,175615
2022-11-18 00:00:00+05:30,867.0,870.15,851.3,864.85,204335
2022-11-21 00:00:00+05:30,865.2,881.95,856.25,868.5,367632
2022-11-22 00:00:00+05:30,867.0,869.45,852.15,864.65,297427
2022-11-23 00:00:00+05:30,864.0,873.45,855.0,857.6,372691
2022-11-24 00:00:00+05:30,857.85,862.45,843.25,853.2,300703
2022-11-25 00:00:00+05:30,853.2,880.0,849.0,869.05,334310
2022-11-28 00:00:00+05:30,873.55,880.0,858.0,877.75,249828
2022-11-29 00:00:00+05:30,874.7,878.45,866.65,871.95,229351
2022-11-30 00:00:00+05:30,865.0,876.3,865.0,868.0,310446
2022-12-01 00:00:00+05:30,869.95,872.25,863.0,864.65,278493
2022-12-02 00:00:00+05:30,862.25,875.0,857.5,868.55,307444
2022-12-05 00:00:00+05:30,871.6,871.6,862.05,863.8,238502
2022-12-06 00:00:00+05:30,863.2,868.2,852.3,857.45,222011
2022-12-07 00:00:00+05:30,857.65,862.0,852.9,855.15,47232
2022-12-08 00:00:00+05:30,859.7,860.6,848.65,851.1,97415
2022-12-09 00:00:00+05:30,856.0,864.15,854.35,859.0,321653
2022-12-12 00:00:00+05:30,862.75,870.7,855.0,861.6,187748
2022-12-13 00:00:00+05:30,867.65,867.65,856.5,859.25,97899
2022-12-14 00:00:00+05:30,861.85,865.65,857.0,864.45,147208
2022-12-15 00:00:00+05:30,868.1,874.4,855.05,860.45,279484
2022-12-16 00:00:00+05:30,857.5,858.2,844.25,854.35,194215
2022-12-19 00:00:00+05:30,854.35,859.4,846.9,854.1,129641
2022-12-20 00:00:00+05:30,858.6,874.7,848.3,872.85,305738
2022-12-21 00:00:00+05:30,865.05,904.35,865.05,895.3,880464
2022-12-22 00:00:00+05:30,904.0,904.0,872.0,878.35,528358
2022-12-23 00:00:00+05:30,870.15,896.9,860.0,864.35,357438
2022-12-26 00:00:00+05:30,868.9,869.45,845.0,848.2,194356
2022-12-27 00:00:00+05:30,848.2,859.7,845.25,855.75,226639
2022-12-28 00:00:00+05:30,859.0,859.0,848.1,850.0,232581
2022-12-29 00:00:00+05:30,851.35,857.0,840.05,851.9,365882
2022-12-30 00:00:00+05:30,858.0,858.05,841.4,843.1,168630
2023-01-02 00:00:00+05:30,841.0,844.75,830.0,836.7,311461
2023-01-03 00:00:00+05:30,832.0,857.6,832.0,849.95,239476
2023-01-04 00:00:00+05:30,849.95,860.0,847.9,855.75,283506
2023-01-05 00:00:00+05:30,855.7,863.85,850.65,858.35,115624
2023-01-06 00:00:00+05:30,858.35,863.95,844.4,854.4,81757
2023-01-09 00:00:00+05:30,859.0,876.5,853.1,875.1,529133
2023-01-10 00:00:00+05:30,876.0,878.65,863.0,871.65,145096
2023-01-11 00:00:00+05:30,876.0,876.0,853.0,855.6,196091
2023-01-12 00:00:00+05:30,854.95,870.0,853.25,868.6,219602
2023-01-13 00:00:00+05:30,868.6,872.85,863.4,870.7,70613
2023-01-16 00:00:00+05:30,872.2,878.45,860.4,866.1,82383
2023-01-17 00:00:00+05:30,870.7,870.7,849.35,851.95,104272
2023-01-18 00:00:00+05:30,850.0,883.65,848.0,875.5,321116
2023-01-19 00:00:00+05:30,875.0,879.85,868.15,871.8,113626
2023-01-20 00:00:00+05:30,871.8,876.15,857.95,862.1,140417
2023-01-23 00:00:00+05:30,859.0,876.0,859.0,871.7,77510
2023-01-24 00:00:00+05:30,872.05,874.7,860.9,864.55,66558
2023-01-25 00:00:00+05:30,861.5,869.3,846.0,862.4,180221
2023-01-27 00:00:00+05:30,860.45,866.35,844.0,851.5,252075
2023-01-30 00:00:00+05:30,857.3,864.0,847.6,858.4,207670
2023-01-31 00:00:00+05:30,863.3,863.3,845.0,849.85,174004
2023-02-01 00:00:00+05:30,848.95,860.6,848.9,854.0,152975
2023-02-02 00:00:00+05:30,845.55,870.0,845.55,857.05,202467
2023-02-03 00:00:00+05:30,855.0,863.5,843.85,859.0,395022
2023-02-06 00:00:00+05:30,855.25,862.7,850.05,859.1,64958
2023-02-07 00:00:00+05:30,862.35,870.0,855.35,860.65,249651
2023-02-08 00:00:00+05:30,864.5,869.0,857.3,865.25,208480
2023-02-09 00:00:00+05:30,873.0,889.95,868.6,876.7,391064
2023-02-10 00:00:00+05:30,875.05,879.8,867.1,874.6,90108
2023-02-13 00:00:00+05:30,876.0,876.0,852.0,855.0,150637
2023-02-14 00:00:00+05:30,852.05,860.65,824.05,849.15,670037
2023-02-15 00:00:00+05:30,841.85,852.0,835.1,843.55,327261
2023-02-16 00:00:00+05:30,847.8,868.75,845.2,862.5,214016
2023-02-17 00:00:00+05:30,854.0,854.0,815.0,830.9,1640051
2023-02-20 00:00:00+05:30,825.95,844.0,819.0,832.05,325300
2023-02-21 00:00:00+05:30,832.0,834.0,812.75,813.6,518835
2023-02-22 00:00:00+05:30,813.25,826.55,808.0,820.05,361131
2023-02-23 00:00:00+05:30,820.05,825.0,808.8,819.9,559242
2023-02-24 00:00:00+05:30,819.9,822.3,800.0,805.45,616458
2023-02-27 00:00:00+05:30,806.0,815.0,802.45,811.35,233543
2023-02-28 00:00:00+05:30,806.1,818.1,805.0,807.95,140848
2023-03-01 00:00:00+05:30,810.35,811.2,801.05,807.7,236744
2023-03-02 00:00:00+05:30,808.0,810.9,803.05,805.1,181983
2023-03-03 00:00:00+05:30,808.5,808.55,798.0,801.0,369505
2023-03-06 00:00:00+05:30,801.95,803.6,797.0,800.15,225387
2023-03-08 00:00:00+05:30,800.4,802.85,790.05,799.35,265021
2023-03-09 00:00:00+05:30,795.3,801.8,793.35,800.1,194001
2023-03-10 00:00:00+05:30,800.05,803.6,791.3,798.65,365690
2023-03-13 00:00:00+05:30,798.65,800.0,780.0,794.25,546913
2023-03-14 00:00:00+05:30,798.4,798.4,778.05,781.65,363447
2023-03-15 00:00:00+05:30,782.95,785.8,768.05,771.5,186753
2023-03-16 00:00:00+05:30,775.3,800.0,767.5,781.3,288790
2023-03-17 00:00:00+05:30,781.95,787.45,776.1,782.9,159274
2023-03-20 00:00:00+05:30,792.0,792.0,772.3,781.25,69630
2023-03-21 00:00:00+05:30,785.15,787.45,774.75,779.9,152769
2023-03-22 00:00:00+05:30,779.9,785.65,777.25,782.85,73714
2023-03-23 00:00:00+05:30,781.25,791.45,779.4,784.4,230048
2023-03-24 00:00:00+05:30,781.1,788.5,778.7,781.45,63407
2023-03-27 00:00:00+05:30,781.45,796.95,778.8,790.05,319315
2023-03-28 00:00:00+05:30,789.3,794.0,781.25,791.55,511349
2023-03-29 00:00:00+05:30,792.0,794.85,781.75,786.45,365243
2023-03-31 00:00:00+05:30,783.0,817.0,783.0,812.85,407781
2023-04-03 00:00:00+05:30,810.35,817.25,802.25,810.35,249188
2023-04-05 00:00:00+05:30,805.85,823.0,805.55,810.25,115191
2023-04-06 00:00:00+05:30,810.0,839.7,808.75,830.4,593132
2023-04-10 00:00:00+05:30,830.3,843.7,825.8,833.3,203506
2023-04-11 00:00:00+05:30,833.3,845.95,826.8,829.0,661502
2023-04-12 00:00:00+05:30,830.0,838.15,825.05,826.9,349291
2023-04-13 00:00:00+05:30,829.55,832.05,815.0,819.9,162809
2023-04-17 00:00:00+05:30,819.5,820.95,806.6,814.75,129709
2023-04-18 00:00:00+05:30,815.0,831.2,809.85,829.65,212741
2023-04-19 00:00:00+05:30,835.0,837.05,822.15,829.85,949079
2023-04-20 00:00:00+05:30,831.75,839.95,821.3,830.75,1111531
2023-04-21 00:00:00+05:30,833.0,846.95,833.0,840.65,704773
2023-04-24 00:00:00+05:30,841.45,854.55,824.0,826.5,449803
2023-04-25 00:00:00+05:30,795.0,795.0,740.0,741.15,7916152
2023-04-26 00:00:00+05:30,740.0,740.0,686.8,701.4,7381480
2023-04-27 00:00:00+05:30,701.0,706.25,690.2,699.05,2037901
2023-04-28 00:00:00+05:30,701.0,713.35,697.0,710.15,1263145
2023-05-02 00:00:00+05:30,713.95,717.15,707.0,708.35,516680
2023-05-03 00:00:00+05:30,712.0,712.0,707.05,708.0,335910
2023-05-04 00:00:00+05:30,711.45,715.95,706.3,712.35,313325
2023-05-05 00:00:00+05:30,715.0,715.0,701.35,704.7,368131
2023-05-08 00:00:00+05:30,711.15,711.15,701.8,703.35,739530
2023-05-09 00:00:00+05:30,707.0,711.65,697.0,699.6,780796
2023-05-10 00:00:00+05:30,704.35,704.35,692.5,694.15,549980
2023-05-11 00:00:00+05:30,698.0,706.45,693.25,703.55,673867
2023-05-12 00:00:00+05:30,704.0,707.3,693.25,695.4,301101
2023-05-15 00:00:00+05:30,696.05,700.95,688.65,695.25,456133
2023-05-16 00:00:00+05:30,699.3,700.1,690.0,690.65,319952
2023-05-17 00:00:00+05:30,690.0,691.85,681.0,683.9,449524
2023-05-18 00:00:00+05:30,687.75,687.75,670.6,675.15,547219
2023-05-19 00:00:00+05:30,680.1,680.15,671.35,675.0,235808
2023-05-22 00:00:00+05:30,674.5,683.9,669.8,682.15,434439
2023-05-23 00:00:00+05:30,683.0,690.95,679.8,689.1,482976
2023-05-24 00:00:00+05:30,690.0,690.0,682.0,684.9,268531
2023-05-25 00:00:00+05:30,684.8,687.95,680.0,681.7,169398
2023-05-26 00:00:00+05:30,682.45,685.9,677.55,684.45,171176
2023-05-29 00:00:00+05:30,687.7,691.35,675.45,689.1,962348
2023-05-30 00:00:00+05:30,690.0,693.9,683.05,687.95,681693
2023-05-31 00:00:00+05:30,690.0,706.95,685.8,700.95,924542
2023-06-01 00:00:00+05:30,705.0,711.45,698.6,705.5,346424
2023-06-02 00:00:00+05:30,705.5,717.0,703.0,714.2,643317
2023-06-05 00:00:00+05:30,704.65,726.6,700.15,725.3,741353
2023-06-06 00:00:00+05:30,730.0,753.0,719.55,748.05,1511180
2023-06-07 00:00:00+05:30,748.0,760.95,743.0,746.05,693875
2023-06-08 00:00:00+05:30,745.85,751.5,731.2,735.8,440665
2023-06-09 00:00:00+05:30,735.0,738.6,726.05,727.95,924468
2023-06-12 00:00:00+05:30,730.0,742.45,720.0,730.55,1543263
2023-06-13 00:00:00+05:30,731.55,748.2,729.25,734.85,1310904
2023-06-14 00:00:00+05:30,736.0,740.5,712.4,716.85,1769435
2023-06-15 00:00:00+05:30,715.1,727.5,710.0,720.65,420937
2023-06-16 00:00:00+05:30,722.0,737.35,720.3,735.55,534736
2023-06-19 00:00:00+05:30,735.55,741.45,725.25,730.0,494942
2023-06-20 00:00:00+05:30,728.3,736.0,726.4,730.0,190616
2023-06-21 00:00:00+05:30,731.2,742.45,729.25,737.5,312608
2023-06-22 00:00:00+05:30,737.25,739.6,726.45,732.65,438574
2023-06-23 00:00:00+05:30,727.25,733.65,723.35,728.0,948160
2023-06-26 00:00:00+05:30,700.1,744.65,693.1,740.0,2881062
2023-06-27 00:00:00+05:30,736.05,741.0,729.3,736.25,723918
2023-06-28 00:00:00+05:30,736.05,748.0,734.75,745.0,667291
2023-06-30 00:00:00+05:30,746.0,753.75,741.0,741.85,239487
2023-07-03 00:00:00+05:30,741.0,748.55,738.15,748.0,416167
2023-07-04 00:00:00+05:30,750.0,755.6,744.1,745.0,268779
2023-07-05 00:00:00+05:30,747.0,753.9,743.05,750.0,215369
2023-07-06 00:00:00+05:30,750.0,761.55,747.7,760.0,434834
2023-07-07 00:00:00+05:30,759.95,765.9,755.0,760.0,427699
2023-07-10 00:00:00+05:30,763.05,763.05,749.0,758.0,154583
2023-07-11 00:00:00+05:30,754.15,770.3,753.1,765.0,448597
2023-07-12 00:00:00+05:30,765.3,772.0,758.45,765.5,167451
2023-07-13 00:00:00+05:30,764.95,772.0,760.25,769.8,417479
2023-07-14 00:00:00+05:30,768.0,778.4,768.0,775.0,338241
2023-07-17 00:00:00+05:30,778.8,787.85,775.15,787.7,512515
2023-07-18 00:00:00+05:30,786.75,795.35,780.45,792.4,417475
2023-07-19 00:00:00+05:30,798.25,805.45,786.3,793.9,478348
2023-07-20 00:00:00+05:30,796.0,800.0,782.55,785.0,314820
2023-07-21 00:00:00+05:30,783.0,797.85,780.1,794.0,292098
2023-07-24 00:00:00+05:30,791.9,798.6,786.4,793.9,147796
2023-07-25 00:00:00+05:30,792.5,807.75,790.0,800.2,293284
2023-07-26 00:00:00+05:30,800.9,803.3,792.6,795.85,110394
2023-07-27 00:00:00+05:30,797.0,835.0,797.0,825.7,1103540
2023-07-28 00:00:00+05:30,833.35,865.7,826.55,856.1,1091063
2023-07-31 00:00:00+05:30,857.6,893.25,857.6,875.1,1125768
2023-08-01 00:00:00+05:30,873.5,906.15,873.5,903.0,1050926
2023-08-02 00:00:00+05:30,900.0,904.45,880.65,890.0,1050805
2023-08-03 00:00:00+05:30,888.2,921.6,888.2,891.4,1862665
2023-08-04 00:00:00+05:30,903.0,910.9,888.4,903.0,582498
2023-08-07 00:00:00+05:30,908.8,943.0,902.95,927.0,1290799
2023-08-08 00:00:00+05:30,933.5,937.5,905.75,909.5,802772
2023-08-09 00:00:00+05:30,910.35,942.3,908.55,911.5,1086295
2023-08-10 00:00:00+05:30,918.95,936.55,886.05,903.0,1722240
2023-08-11 00:00:00+05:30,906.0,918.95,901.0,905.0,1456410
2023-08-14 00:00:00+05:30,903.05,912.65,847.7,887.2,2048418
2023-08-16 00:00:00+05:30,888.0,894.45,873.8,889.0,389807
2023-08-17 00:00:00+05:30,889.0,900.85,886.3,889.7,197398
2023-08-18 00:00:00+05:30,892.05,893.25,875.05,879.0,230997
2023-08-21 00:00:00+05:30,882.4,894.7,877.0,885.5,463047
2023-08-22 00:00:00+05:30,891.7,896.7,883.35,884.9,263195
2023-08-23 00:00:00+05:30,884.3,890.05,875.45,877.0,166959
2023-08-24 00:00:00+05:30,889.0,918.45,878.25,887.0,1343846
2023-08-25 00:00:00+05:30,887.0,901.8,878.95,881.0,938689
2023-08-28 00:00:00+05:30,894.25,897.85,882.15,892.0,303007
2023-08-29 00:00:00+05:30,898.4,901.15,886.0,887.5,721086
2023-08-30 00:00:00+05:30,889.0,905.0,888.75,890.0,435731
2023-08-31 00:00:00+05:30,893.05,893.05,869.8,870.2,561263
2023-09-01 00:00:00+05:30,875.0,879.0,863.05,866.8,288410
2023-09-04 00:00:00+05:30,869.9,884.15,856.8,876.95,345178
2023-09-05 00:00:00+05:30,879.1,900.4,877.35,892.6,357542
2023-09-06 00:00:00+05:30,893.4,909.4,890.05,897.45,348082
2023-09-07 00:00:00+05:30,900.0,905.0,894.4,897.5,199959
2023-09-08 00:00:00+05:30,897.5,906.4,889.3,902.85,300163
2023-09-11 00:00:00+05:30,902.0,904.85,894.1,899.7,109609
2023-09-12 00:00:00+05:30,900.0,913.55,886.05,896.7,348393
2023-09-13 00:00:00+05:30,898.95,908.5,886.1,890.15,320127
2023-09-14 00:00:00+05:30,895.25,903.2,890.15,899.6,164954
2023-09-15 00:00:00+05:30,904.0,939.0,901.65,930.75,1953868
2023-09-18 00:00:00+05:30,938.4,955.0,924.0,927.55,1040865
2023-09-20 00:00:00+05:30,924.05,925.95,905.0,913.25,538630
2023-09-21 00:00:00+05:30,913.0,919.15,896.0,900.05,273994
2023-09-22 00:00:00+05:30,900.05,903.7,878.0,894.25,474060
2023-09-25 00:00:00+05:30,895.0,901.15,887.8,892.0,135256
2023-09-26 00:00:00+05:30,893.0,909.0,885.65,905.1,365406
2023-09-27 00:00:00+05:30,909.9,931.0,897.5,922.7,694015
2023-09-28 00:00:00+05:30,922.7,929.2,913.5,923.9,745247
2023-09-29 00:00:00+05:30,928.85,948.0,920.5,935.65,914891
2023-10-03 00:00:00+05:30,935.65,946.45,926.1,933.2,438049
2023-10-04 00:00:00+05:30,935.45,936.8,917.0,921.5,286445
2023-10-05 00:00:00+05:30,922.0,934.95,919.85,926.95,225041
2023-10-06 00:00:00+05:30,931.55,938.45,927.05,933.9,325290
2023-10-09 00:00:00+05:30,930.95,956.35,925.25,936.1,659239
2023-10-10 00:00:00+05:30,940.0,958.15,932.1,951.7,600190
2023-10-11 00:00:00+05:30,955.7,963.0,937.2,941.75,328292
2023-10-12 00:00:00+05:30,941.75,956.0,939.15,945.55,354535
2023-10-13 00:00:00+05:30,944.65,962.55,942.0,959.15,416685
2023-10-16 00:00:00+05:30,960.0,970.0,954.4,967.0,517819
2023-10-17 00:00:00+05:30,968.35,979.75,965.05,973.15,415476
2023-10-18 00:00:00+05:30,973.15,981.3,955.4,964.45,452642
2023-10-19 00:00:00+05:30,958.75,965.0,941.1,946.9,542285
2023-10-20 00:00:00+05:30,946.9,949.85,933.1,935.9,163420
2023-10-23 00:00:00+05:30,980.0,1009.0,958.05,998.8,6124600
2023-10-25 00:00:00+05:30,998.0,999.9,980.8,993.6,806195
2023-10-26 00:00:00+05:30,998.0,998.0,960.0,979.75,681224
2023-10-27 00:00:00+05:30,979.95,996.0,979.95,983.0,239178
2023-10-30 00:00:00+05:30,978.05,992.0,978.0,979.75,184582
2023-10-31 00:00:00+05:30,984.6,999.7,981.95,986.0,392014
2023-11-01 00:00:00+05:30,991.95,991.95,972.05,978.75,175757
2023-11-02 00:00:00+05:30,983.9,986.4,973.5,975.3,121667
2023-11-03 00:00:00+05:30,980.15,984.95,966.4,969.8,178554
2023-11-06 00:00:00+05:30,979.0,986.0,971.0,981.55,249994
2023-11-07 00:00:00+05:30,989.7,1019.45,984.35,1006.5,701972
2023-11-08 00:00:00+05:30,1015.0,1062.5,1010.85,1053.95,931525
2023-11-09 00:00:00+05:30,1058.9,1058.9,1042.2,1046.4,309979
2023-11-10 00:00:00+05:30,1045.2,1058.0,1031.0,1050.75,1089417
2023-11-12 00:00:00+05:30,1050.75,1058.1,1027.35,1032.8,50933
2023-11-13 00:00:00+05:30,1033.0,1059.8,1025.55,1054.45,396417
2023-11-15 00:00:00+05:30,1055.25,1067.4,1042.0,1057.35,166090
2023-11-16 00:00:00+05:30,1059.0,1078.2,1051.0,1071.85,337724
2023-11-17 00:00:00+05:30,1068.0,1092.0,1068.0,1081.05,243023
2023-11-20 00:00:00+05:30,1081.05,1091.7,1059.1,1060.75,248129
2023-11-21 00:00:00+05:30,1070.0,1083.1,1045.55,1081.5,261943
2023-11-22 00:00:00+05:30,1080.0,1102.05,1075.35,1090.3,457384
2023-11-23 00:00:00+05:30,1089.65,1089.65,1061.05,1066.35,205070
2023-11-24 00:00:00+05:30,1066.35,1097.15,1063.05,1091.8,241174
2023-11-28 00:00:00+05:30,1106.7,1111.85,1092.05,1097.65,559276
2023-11-29 00:00:00+05:30,1105.0,1129.2,1098.0,1120.85,414405
2023-11-30 00:00:00+05:30,1124.95,1138.0,1116.3,1132.95,298026
2023-12-01 00:00:00+05:30,1133.0,1153.0,1123.95,1149.7,304454
2023-12-04 00:00:00+05:30,1155.0,1159.7,1134.1,1142.55,252860
2023-12-05 00:00:00+05:30,1147.9,1161.85,1136.3,1144.6,205227
2023-12-06 00:00:00+05:30,1147.0,1156.75,1120.35,1126.5,201245
2023-12-07 00:00:00+05:30,1126.5,1135.15,1109.95,1132.35,360818
2023-12-08 00:00:00+05:30,1136.0,1138.7,1108.2,1119.3,242631
2023-12-11 00:00:00+05:30,1119.9,1125.7,1104.8,1108.85,120663
2023-12-12 00:00:00+05:30,1114.9,1114.9,1087.35,1089.05,131343
2023-12-13 00:00:00+05:30,1083.1,1120.5,1083.1,1099.45,231051
2023-12-14 00:00:00+05:30,1111.0,1111.2,1096.45,1104.4,467652
2023-12-15 00:00:00+05:30,1109.65,1120.4,1092.45,1114.35,352260
2023-12-18 00:00:00+05:30,1119.0,1131.0,1105.35,1124.55,362010
2023-12-19 00:00:00+05:30,1131.0,1134.0,1105.0,1107.65,179963
2023-12-20 00:00:00+05:30,1110.5,1121.0,1055.25,1061.5,526670
2023-12-21 00:00:00+05:30,1055.0,1074.0,1041.0,1065.0,374400
2023-12-22 00:00:00+05:30,1069.0,1085.95,1058.45,1062.65,444857
2023-12-26 00:00:00+05:30,1065.0,1074.9,1055.15,1058.6,221122
2023-12-27 00:00:00+05:30,1060.1,1066.95,1053.75,1059.05,333776
2023-12-28 00:00:00+05:30,1064.0,1113.4,1056.55,1099.75,1535682
2023-12-29 00:00:00+05:30,1096.0,1116.1,1090.05,1113.15,314635
2024-01-01 00:00:00+05:30,1104.3,1125.85,1103.95,1119.35,254640
2024-01-02 00:00:00+05:30,1119.35,1142.9,1110.05,1113.35,443895
2024-01-03 00:00:00+05:30,1114.9,1122.8,1107.1,1110.25,164353
2024-01-04 00:00:00+05:30,1110.2,1120.0,1105.15,1109.85,106228
2024-01-05 00:00:00+05:30,1108.0,1119.0,1092.15,1113.4,190888
2024-01-08 00:00:00+05:30,1120.0,1126.2,1080.15,1088.1,192371
2024-01-09 00:00:00+05:30,1092.8,1107.2,1082.4,1104.5,116079
2024-01-10 00:00:00+05:30,1103.05,1123.0,1098.05,1116.25,265183
2024-01-11 00:00:00+05:30,1125.0,1148.8,1119.1,1144.35,683798
2024-01-12 00:00:00+05:30,1156.0,1156.0,1128.45,1138.0,236286
2024-01-15 00:00:00+05:30,1138.75,1147.55,1133.0,1139.55,272849
2024-01-16 00:00:00+05:30,1140.0,1140.95,1121.8,1134.55,219948
2024-01-17 00:00:00+05:30,1130.0,1136.25,1112.2,1123.5,219441
2024-01-18 00:00:00+05:30,1120.0,1123.5,1062.4,1081.4,408875
2024-01-19 00:00:00+05:30,1080.8,1105.0,1075.9,1099.95,314207
2024-01-20 00:00:00+05:30,1100.0,1107.5,1072.0,1077.7,119400
2024-01-23 00:00:00+05:30,1075.0,1093.25,1061.05,1082.0,525982
2024-01-24 00:00:00+05:30,1065.0,1109.0,1062.15,1098.45,326644
2024-01-25 00:00:00+05:30,1093.0,1120.85,1079.2,1115.45,931856
2024-01-29 00:00:00+05:30,1116.25,1135.05,1111.0,1132.6,689193
2024-01-30 00:00:00+05:30,1134.9,1141.0,1098.1,1103.7,154768
2024-01-31 00:00:00+05:30,1103.5,1129.2,1102.9,1120.25,253038
2024-02-01 00:00:00+05:30,1124.7,1124.7,1097.4,1114.45,158837
2024-02-02 00:00:00+05:30,1114.0,1120.3,1103.0,1108.75,87784
2024-02-05 00:00:00+05:30,1110.0,1146.5,1103.2,1134.35,463804
2024-02-06 00:00:00+05:30,1134.35,1203.95,1134.35,1199.15,2350648
2024-02-07 00:00:00+05:30,1204.0,1232.35,1192.85,1225.5,922586
2024-02-08 00:00:00+05:30,1230.0,1263.95,1210.0,1215.75,820166
2024-02-09 00:00:00+05:30,1219.8,1224.0,1190.0,1195.6,256840
2024-02-12 00:00:00+05:30,1198.9,1201.9,1151.35,1168.2,576271
2024-02-13 00:00:00+05:30,1182.35,1182.35,1146.85,1160.65,334482
2024-02-14 00:00:00+05:30,1144.0,1207.5,1134.05,1154.7,1103355
2024-02-15 00:00:00+05:30,1164.5,1192.0,1145.0,1152.35,777977
2024-02-16 00:00:00+05:30,1155.8,1247.55,1155.0,1241.45,2036820
2024-02-19 00:00:00+05:30,1248.05,1260.55,1225.4,1235.95,305423
2024-02-20 00:00:00+05:30,1241.45,1249.35,1208.2,1235.4,267316
2024-02-21 00:00:00+05:30,1240.0,1246.85,1213.3,1220.35,191023
2024-02-22 00:00:00+05:30,1225.0,1236.0,1213.35,1230.7,180032
2024-02-23 00:00:00+05:30,1235.0,1235.7,1214.4,1217.7,89570
2024-02-26 00:00:00+05:30,1217.7,1224.05,1206.05,1214.5,163516
2024-02-27 00:00:00+05:30,1215.0,1224.7,1190.6,1194.85,212369
2024-02-28 00:00:00+05:30,1195.0,1208.7,1174.35,1188.3,314291
2024-02-29 00:00:00+05:30,1184.0,1202.2,1168.55,1193.25,448113
2024-03-01 00:00:00+05:30,1199.5,1201.85,1186.1,1193.05,114577
2024-03-02 00:00:00+05:30,1198.95,1207.0,1177.15,1198.95,9111
2024-03-04 00:00:00+05:30,1202.05,1220.0,1198.3,1201.8,236014
2024-03-05 00:00:00+05:30,1200.0,1207.75,1182.15,1189.7,112283
2024-03-06 00:00:00+05:30,1189.7,1211.5,1168.45,1198.7,270547
2024-03-07 00:00:00+05:30,1171.15,1207.4,1171.15,1187.55,134051
2024-03-11 00:00:00+05:30,1194.9,1217.0,1184.0,1189.65,218941
2024-03-12 00:00:00+05:30,1185.0,1194.0,1157.05,1177.25,265483
2024-03-13 00:00:00+05:30,1168.1,1181.55,1122.25,1133.25,189961
2024-03-14 00:00:00+05:30,1147.95,1216.1,1145.1,1183.2,1341365
2024-03-15 00:00:00+05:30,1183.2,1194.9,1143.9,1165.6,231007
2024-03-18 00:00:00+05:30,1168.55,1180.85,1153.0,1165.05,254407
2024-03-19 00:00:00+05:30,1161.05,1165.05,1135.75,1144.15,191008
2024-03-20 00:00:00+05:30,1140.6,1167.95,1129.15,1160.95,241592
2024-03-21 00:00:00+05:30,1172.0,1178.8,1140.8,1174.15,309808
2024-03-22 00:00:00+05:30,1176.4,1209.15,1170.2,1196.05,748972
2024-03-26 00:00:00+05:30,1186.0,1219.0,1186.0,1200.9,484695
2024-03-27 00:00:00+05:30,1205.0,1220.95,1185.0,1205.3,383672
2024-03-28 00:00:00+05:30,1205.4,1245.0,1202.35,1237.4,668011
2024-04-01 00:00:00+05:30,1241.0,1257.45,1221.5,1241.05,349243
2024-04-02 00:00:00+05:30,1247.6,1247.6,1225.3,1233.55,198825
2024-04-03 00:00:00+05:30,1240.0,1240.0,1215.85,1224.35,1653542
2024-04-04 00:00:00+05:30,1230.8,1281.95,1224.0,1276.15,1879382
2024-04-05 00:00:00+05:30,1289.9,1321.6,1272.4,1314.55,2753390
2024-04-08 00:00:00+05:30,1319.9,1338.0,1285.0,1294.5,1531611
2024-04-09 00:00:00+05:30,1306.5,1336.9,1286.5,1322.15,1078562
2024-04-10 00:00:00+05:30,1330.0,1345.0,1316.3,1330.85,453328
2024-04-12 00:00:00+05:30,1320.0,1348.1,1320.0,1339.0,623680
2024-04-15 00:00:00+05:30,1322.0,1336.0,1306.65,1327.65,443344
2024-04-16 00:00:00+05:30,1326.7,1360.75,1316.05,1341.5,719341
2024-04-18 00:00:00+05:30,1354.55,1374.6,1335.0,1352.3,985533
2024-04-19 00:00:00+05:30,1330.6,1347.5,1324.1,1337.95,243803
2024-04-22 00:00:00+05:30,1337.95,1353.3,1324.1,1328.95,269676
2024-04-23 00:00:00+05:30,1335.9,1335.9,1310.55,1323.95,260533
2024-04-24 00:00:00+05:30,1322.15,1356.3,1319.25,1347.25,564608
2024-04-25 00:00:00+05:30,1348.95,1354.0,1322.0,1328.45,209171
2024-04-26 00:00:00+05:30,1330.0,1343.95,1330.0,1338.5,196893
2024-04-29 00:00:00+05:30,1345.4,1350.0,1324.55,1334.0,384574
2024-04-30 00:00:00+05:30,1335.3,1363.0,1331.65,1339.5,358148
2024-05-02 00:00:00+05:30,1340.0,1355.0,1332.6,1351.0,291150
2024-05-03 00:00:00+05:30,1358.0,1359.05,1324.05,1337.7,278430
2024-05-06 00:00:00+05:30,1332.25,1351.9,1324.6,1336.3,194153
2024-05-07 00:00:00+05:30,1336.3,1344.45,1273.75,1293.3,360488
2024-05-08 00:00:00+05:30,1250.0,1328.35,1250.0,1316.45,532186
2024-05-09 00:00:00+05:30,1316.45,1335.0,1280.0,1284.25,117602
2024-05-10 00:00:00+05:30,1284.25,1319.9,1283.95,1312.95,316687
2024-05-13 00:00:00+05:30,1301.0,1314.3,1291.45,1298.3,417644
2024-05-14 00:00:00+05:30,1300.05,1305.05,1280.0,1289.95,280228
2024-05-15 00:00:00+05:30,1295.0,1295.0,1266.5,1276.3,139522
2024-05-16 00:00:00+05:30,1284.65,1293.9,1269.8,1287.5,87052
2024-05-17 00:00:00+05:30,1293.95,1306.65,1276.85,1301.7,160999
2024-05-18 00:00:00+05:30,1308.65,1334.7,1299.55,1309.75,31274
2024-05-21 00:00:00+05:30,1309.75,1314.85,1283.65,1306.95,321671
2024-05-22 00:00:00+05:30,1310.0,1324.7,1293.8,1318.5,173094
2024-05-23 00:00:00+05:30,1327.9,1327.9,1301.0,1308.8,170445
2024-05-24 00:00:00+05:30,1310.75,1319.05,1285.2,1297.75,318132
2024-05-27 00:00:00+05:30,1302.05,1310.9,1291.3,1296.6,132016
2024-05-28 00:00:00+05:30,1296.6,1325.7,1286.45,1319.75,422797
2024-05-29 00:00:00+05:30,1327.0,1354.5,1276.1,1294.0,2025821
2024-05-30 00:00:00+05:30,1291.6,1291.6,1231.15,1249.4,644782
2024-05-31 00:00:00+05:30,1232.1,1239.9,1146.6,1152.15,2421958
2024-06-03 00:00:00+05:30,1174.4,1174.4,1124.0,1127.3,1217343
2024-06-04 00:00:00+05:30,1128.0,1148.15,1073.6,1139.85,1033914
2024-06-05 00:00:00+05:30,1145.7,1186.5,1137.5,1176.35,410432
2024-06-06 00:00:00+05:30,1178.7,1179.95,1150.0,1161.75,312305
2024-06-07 00:00:00+05:30,1170.4,1182.05,1153.5,1169.7,323013
2024-06-10 00:00:00+05:30,1169.7,1186.2,1169.7,1176.7,162598
2024-06-11 00:00:00+05:30,1180.0,1181.95,1164.1,1173.7,542486
2024-06-12 00:00:00+05:30,1179.55,1188.5,1173.0,1179.45,942555
2024-06-13 00:00:00+05:30,1185.55,1210.0,1185.0,1199.8,1053240
2024-06-14 00:00:00+05:30,1200.0,1213.7,1175.75,1181.35,285975
2024-06-18 00:00:00+05:30,1175.0,1187.9,1160.5,1162.85,524432
2024-06-19 00:00:00+05:30,1169.0,1171.4,1130.05,1133.4,373279
2024-06-20 00:00:00+05:30,1139.4,1139.4,1124.05,1125.45,558269
2024-06-21 00:00:00+05:30,1128.0,1143.8,1124.05,1136.4,799558
2024-06-24 00:00:00+05:30,1137.4,1142.0,1123.2,1125.4,278691
2024-06-25 00:00:00+05:30,1130.0,1137.5,1090.0,1101.75,772609
2024-06-26 00:00:00+05:30,1105.7,1119.0,1095.85,1107.3,513552
2024-06-27 00:00:00+05:30,1114.3,1114.3,1080.0,1088.15,1755171
2024-06-28 00:00:00+05:30,1052.0,1138.85,1052.0,1129.7,1057281
2024-07-01 00:00:00+05:30,1137.9,1147.9,1130.8,1135.25,437651
2024-07-02 00:00:00+05:30,1136.0,1146.0,1113.3,1131.6,956188
2024-07-03 00:00:00+05:30,1132.0,1172.8,1128.0,1153.45,950710
2024-07-04 00:00:00+05:30,1162.0,1181.15,1149.0,1177.8,734508
2024-07-05 00:00:00+05:30,1175.05,1198.8,1174.5,1192.75,1038443
2024-07-08 00:00:00+05:30,1192.75,1200.2,1181.65,1188.15,156248
2024-07-09 00:00:00+05:30,1190.55,1224.9,1180.55,1220.75,650186
2024-07-10 00:00:00+05:30,1228.25,1232.0,1200.1,1226.25,674743
2024-07-11 00:00:00+05:30,1230.05,1232.0,1214.4,1223.85,218538
2024-07-12 00:00:00+05:30,1229.9,1229.9,1197.1,1225.0,240195
2024-07-15 00:00:00+05:30,1230.0,1239.85,1223.55,1227.55,218636
2024-07-16 00:00:00+05:30,1234.75,1237.0,1206.05,1218.2,375405
2024-07-18 00:00:00+05:30,1224.5,1233.4,1213.15,1227.25,224631
2024-07-19 00:00:00+05:30,1228.1,1228.15,1190.0,1193.8,178305
2024-07-22 00:00:00+05:30,1182.9,1219.6,1181.0,1213.8,130975
2024-07-23 00:00:00+05:30,1213.8,1246.9,1191.55,1241.2,401104
2024-07-24 00:00:00+05:30,1243.0,1251.15,1227.0,1236.95,460105
2024-07-25 00:00:00+05:30,1222.05,1264.45,1218.65,1258.55,476137
2024-07-26 00:00:00+05:30,1270.0,1296.0,1260.0,1285.3,502512
2024-07-29 00:00:00+05:30,1292.15,1308.0,1285.3,1292.25,282161
2024-07-30 00:00:00+05:30,1299.05,1304.85,1286.9,1291.2,119839
2024-07-31 00:00:00+05:30,1297.85,1322.85,1292.1,1307.95,335687
2024-08-01 00:00:00+05:30,1307.95,1315.2,1291.45,1304.8,492218
2024-08-02 00:00:00+05:30,1288.6,1313.15,1280.05,1300.3,714731
2024-08-05 00:00:00+05:30,1289.75,1319.95,1276.05,1283.5,670628
2024-08-06 00:00:00+05:30,1288.3,1328.95,1287.35,1319.35,605194
2024-08-07 00:00:00+05:30,1321.6,1350.0,1320.0,1340.5,595353
2024-08-08 00:00:00+05:30,1344.3,1374.55,1338.7,1361.35,773760
2024-08-09 00:00:00+05:30,1372.75,1393.0,1360.15,1365.65,718448
2024-08-12 00:00:00+05:30,1365.65,1390.0,1353.2,1381.95,421300
2024-08-13 00:00:00+05:30,1390.05,1413.7,1357.6,1396.85,1419861
2024-08-14 00:00:00+05:30,1406.05,1410.0,1338.85,1349.05,1065886
2024-08-16 00:00:00+05:30,1369.8,1369.8,1314.1,1337.95,452124
2024-08-19 00:00:00+05:30,1338.05,1367.95,1338.05,1353.25,301798
2024-08-20 00:00:00+05:30,1361.8,1387.0,1339.25,1384.3,411449
2024-08-21 00:00:00+05:30,1390.0,1430.05,1381.1,1406.35,1340817
2024-08-22 00:00:00+05:30,1415.1,1415.1,1392.0,1402.95,220679
2024-08-23 00:00:00+05:30,1404.0,1407.75,1377.05,1386.75,198363
2024-08-26 00:00:00+05:30,1395.8,1409.05,1382.05,1392.8,158074
2024-08-27 00:00:00+05:30,1400.8,1406.55,1388.6,1393.0,247309
2024-08-28 00:00:00+05:30,1395.75,1410.0,1389.05,1397.05,514593
2024-08-29 00:00:00+05:30,1396.75,1403.45,1356.05,1367.55,522773
2024-08-30 00:00:00+05:30,1366.0,1397.9,1366.0,1384.65,309172
2024-09-02 00:00:00+05:30,1394.0,1401.9,1375.0,1380.3,159446
2024-09-03 00:00:00+05:30,1385.0,1408.55,1382.5,1399.4,463174
2024-09-04 00:00:00+05:30,1398.75,1417.15,1381.8,1412.4,517883
2024-09-05 00:00:00+05:30,1420.65,1460.0,1406.05,1444.15,1431782
2024-09-06 00:00:00+05:30,1453.8,1455.0,1416.1,1422.9,480697
2024-09-09 00:00:00+05:30,1422.9,1422.9,1388.8,1403.75,165970
2024-09-10 00:00:00+05:30,1410.55,1448.15,1410.55,1443.3,332545
2024-09-11 00:00:00+05:30,1454.95,1454.95,1423.0,1436.15,347495
2024-09-12 00:00:00+05:30,1446.3,1462.95,1437.6,1456.8,245021
2024-09-13 00:00:00+05:30,1464.05,1479.9,1443.75,1474.15,242695
2024-09-16 00:00:00+05:30,1475.2,1477.95,1455.2,1459.9,93526
2024-09-17 00:00:00+05:30,1466.0,1468.1,1452.7,1456.9,104559
2024-09-18 00:00:00+05:30,1456.0,1461.0,1425.05,1446.7,291649
2024-09-19 00:00:00+05:30,1449.95,1470.35,1428.45,1454.35,597198
2024-09-20 00:00:00+05:30,1445.0,1459.0,1427.7,1434.65,446166
2024-09-23 00:00:00+05:30,1435.0,1461.6,1431.95,1456.55,154450
2024-09-24 00:00:00+05:30,1471.1,1509.0,1446.0,1480.0,1459827
2024-09-25 00:00:00+05:30,1482.0,1519.85,1480.35,1498.45,540865
2024-09-26 00:00:00+05:30,1504.85,1507.35,1462.45,1479.05,267429
2024-09-27 00:00:00+05:30,1480.0,1488.4,1465.85,1478.1,304761
2024-09-30 00:00:00+05:30,1465.2,1505.0,1465.2,1496.0,320222
2024-10-01 00:00:00+05:30,1498.05,1504.8,1473.05,1491.4,128841
2024-10-03 00:00:00+05:30,1462.0,1490.95,1459.45,1470.85,213150
2024-10-04 00:00:00+05:30,1475.0,1512.0,1453.1,1491.4,360133
2024-10-07 00:00:00+05:30,1504.8,1504.8,1464.1,1486.45,283712
2024-10-08 00:00:00+05:30,1470.3,1544.0,1470.3,1537.75,571910
2024-10-09 00:00:00+05:30,1545.0,1618.0,1540.0,1612.2,753305
2024-10-10 00:00:00+05:30,1618.0,1625.95,1583.6,1590.05,720245
2024-10-11 00:00:00+05:30,1604.8,1659.1,1596.5,1655.05,1850010
2024-10-14 00:00:00+05:30,1660.15,1707.7,1660.15,1682.2,933357
2024-10-15 00:00:00+05:30,1697.7,1708.65,1676.4,1703.25,391243
2024-10-16 00:00:00+05:30,1692.0,1702.4,1638.55,1655.65,776695
2024-10-17 00:00:00+05:30,1646.55,1662.35,1628.85,1647.3,463806
2024-10-18 00:00:00+05:30,1630.05,1673.55,1630.05,1649.85,406426
2024-10-21 00:00:00+05:30,1646.0,1667.15,1604.6,1614.35,644123
2024-10-22 00:00:00+05:30,1615.0,1638.0,1585.85,1588.4,284357
2024-10-23 00:00:00+05:30,1565.1,1602.15,1562.15,1565.8,239154
2024-10-24 00:00:00+05:30,1558.35,1585.9,1543.75,1580.95,168167
2024-10-25 00:00:00+05:30,1588.5,1596.9,1561.1,1582.85,197761
2024-10-28 00:00:00+05:30,1585.7,1607.95,1569.75,1593.45,195920
2024-10-29 00:00:00+05:30,1598.1,1605.5,1544.9,1585.1,155038
2024-10-30 00:00:00+05:30,1584.0,1584.9,1557.25,1562.2,154019
2024-10-31 00:00:00+05:30,1562.0,1596.0,1556.05,1588.8,542097
2024-11-01 00:00:00+05:30,1600.0,1618.05,1598.0,1607.1,39326
2024-11-04 00:00:00+05:30,1610.2,1610.2,1572.0,1585.35,327462
2024-11-05 00:00:00+05:30,1585.35,1601.45,1567.1,1596.8,149251
2024-11-06 00:00:00+05:30,1599.8,1605.0,1573.75,1583.6,260678
2024-11-07 00:00:00+05:30,1585.65,1592.45,1552.3,1558.4,146213
2024-11-08 00:00:00+05:30,1564.3,1576.5,1548.85,1558.65,111886
2024-11-11 00:00:00+05:30,1558.0,1566.1,1515.6,1531.3,300848
2024-11-12 00:00:00+05:30,1539.95,1610.0,1539.95,1559.5,840592
2024-11-13 00:00:00+05:30,1559.5,1566.9,1492.3,1504.85,368252
2024-11-14 00:00:00+05:30,1494.95,1557.4,1489.25,1536.55,1239370
2024-11-18 00:00:00+05:30,1544.1,1595.0,1507.25,1566.7,376265
2024-11-19 00:00:00+05:30,1557.0,1606.7,1555.85,1574.5,337791
2024-11-21 00:00:00+05:30,1569.85,1587.5,1554.4,1573.55,151571
2024-11-22 00:00:00+05:30,1573.55,1597.85,1566.6,1591.35,295562
2024-11-25 00:00:00+05:30,1600.55,1621.8,1595.25,1607.15,643318
2024-11-26 00:00:00+05:30,1614.0,1617.35,1558.0,1566.15,313481
2024-11-27 00:00:00+05:30,1566.15,1573.9,1521.1,1528.55,253630
2024-11-28 00:00:00+05:30,1529.95,1533.9,1503.55,1513.0,531041
2024-11-29 00:00:00+05:30,1515.0,1545.25,1514.55,1542.55,188397
2024-12-02 00:00:00+05:30,1543.0,1559.75,1530.7,1533.0,328827
2024-12-03 00:00:00+05:30,1541.1,1542.0,1496.0,1502.75,346276
2024-12-04 00:00:00+05:30,1504.95,1508.0,1477.0,1488.6,696120
2024-12-05 00:00:00+05:30,1503.5,1503.5,1470.5,1493.35,256747
2024-12-06 00:00:00+05:30,1500.5,1542.15,1500.0,1538.2,574891
2024-12-09 00:00:00+05:30,1527.5,1535.5,1503.55,1523.75,190260
2024-12-10 00:00:00+05:30,1517.85,1554.75,1517.85,1534.35,311718
2024-12-11 00:00:00+05:30,1542.0,1558.0,1528.3,1552.2,347320
2024-12-12 00:00:00+05:30,1562.0,1571.85,1555.0,1560.5,571035
2024-12-13 00:00:00+05:30,1549.7,1565.95,1530.0,1534.05,111607
2024-12-16 00:00:00+05:30,1544.4,1570.15,1534.0,1566.1,125142
2024-12-17 00:00:00+05:30,1570.8,1581.4,1552.85,1558.15,485729
2024-12-18 00:00:00+05:30,1561.4,1595.25,1503.55,1513.2,3843702
2024-12-19 00:00:00+05:30,1485.95,1602.5,1478.5,1594.95,1726013
2024-12-20 00:00:00+05:30,1607.95,1616.4,1578.0,1582.5,683300
2024-12-23 00:00:00+05:30,1597.0,1603.75,1569.35,1585.8,246768
2024-12-24 00:00:00+05:30,1585.8,1625.05,1570.1,1581.7,409991
2024-12-26 00:00:00+05:30,1582.0,1600.0,1568.35,1594.4,343179
2024-12-27 00:00:00+05:30,1594.4,1640.0,1587.8,1632.65,473894
2024-12-30 00:00:00+05:30,1647.7,1681.75,1635.85,1662.95,974673
2024-12-31 00:00:00+05:30,1661.0,1699.15,1648.5,1695.2,686957
2025-01-01 00:00:00+05:30,1704.0,1718.0,1675.0,1692.95,814926
2025-01-02 00:00:00+05:30,1690.0,1746.6,1686.45,1744.05,1046987
2025-01-03 00:00:00+05:30,1744.05,1750.0,1715.8,1735.0,499010
2025-01-06 00:00:00+05:30,1725.85,1736.0,1703.1,1719.0,342710
2025-01-07 00:00:00+05:30,1713.1,1755.9,1712.05,1736.05,434214
2025-01-08 00:00:00+05:30,1732.05,1749.3,1676.0,1693.85,578696
2025-01-09 00:00:00+05:30,1678.5,1709.55,1657.0,1661.95,219126
2025-01-10 00:00:00+05:30,1654.0,1672.4,1621.5,1632.35,359313
2025-01-13 00:00:00+05:30,1618.4,1634.75,1572.8,1579.65,210145
2025-01-14 00:00:00+05:30,1597.85,1600.35,1574.55,1588.15,201246
2025-01-15 00:00:00+05:30,1588.2,1588.45,1544.95,1565.55,270570
2025-01-16 00:00:00+05:30,1573.75,1578.95,1541.3,1550.3,155260
2025-01-17 00:00:00+05:30,1542.5,1549.0,1528.0,1543.25,175258
2025-01-20 00:00:00+05:30,1531.0,1555.5,1501.0,1547.1,416211
2025-01-21 00:00:00+05:30,1554.8,1581.95,1537.75,1545.8,265316
2025-01-22 00:00:00+05:30,1546.9,1562.5,1521.05,1559.25,225920
2025-01-23 00:00:00+05:30,1562.9,1593.85,1553.0,1583.55,206974
2025-01-24 00:00:00+05:30,1585.0,1587.0,1510.0,1515.85,699633
2025-01-27 00:00:00+05:30,1502.1,1513.1,1430.1,1442.55,541410
2025-01-28 00:00:00+05:30,1442.7,1443.9,1374.3,1382.75,355223
2025-01-29 00:00:00+05:30,1385.5,1454.45,1376.45,1443.3,791584
2025-01-30 00:00:00+05:30,1454.0,1479.3,1435.7,1454.75,344361
2025-01-31 00:00:00+05:30,1455.5,1473.6,1428.95,1443.3,295083
2025-02-01 00:00:00+05:30,1451.95,1469.95,1409.95,1417.35,111487
2025-02-03 00:00:00+05:30,1404.0,1435.0,1391.05,1428.6,189537
2025-02-04 00:00:00+05:30,1425.0,1472.45,1425.0,1468.05,393939
2025-02-05 00:00:00+05:30,1468.05,1501.3,1452.45,1491.45,520151
2025-02-06 00:00:00+05:30,1499.1,1524.45,1460.0,1514.9,622678
2025-02-07 00:00:00+05:30,1514.9,1532.45,1484.25,1507.25,217861
2025-02-10 00:00:00+05:30,1500.0,1500.95,1436.35,1447.95,162035
2025-02-11 00:00:00+05:30,1447.0,1447.55,1407.45,1419.9,208407
2025-02-12 00:00:00+05:30,1428.8,1430.8,1389.45,1419.8,204290
2025-02-13 00:00:00+05:30,1417.4,1524.85,1412.15,1490.9,2202647
2025-02-14 00:00:00+05:30,1497.0,1517.9,1443.05,1463.9,1260734
2025-02-17 00:00:00+05:30,1443.2,1493.45,1436.55,1476.75,507336
2025-02-18 00:00:00+05:30,1476.75,1481.25,1451.6,1473.05,234360
2025-02-19 00:00:00+05:30,1473.05,1473.05,1430.2,1467.85,245262
2025-02-20 00:00:00+05:30,1461.1,1503.9,1454.45,1496.7,251702
2025-02-21 00:00:00+05:30,1498.2,1508.0,1417.1,1444.95,487901
2025-02-24 00:00:00+05:30,1444.95,1463.05,1424.55,1438.7,372729
2025-02-25 00:00:00+05:30,1438.7,1462.7,1389.0,1417.4,417539
2025-02-27 00:00:00+05:30,1417.9,1434.65,1346.9,1368.75,759594
2025-02-28 00:00:00+05:30,1363.25,1375.05,1337.0,1355.35,283716
2025-03-03 00:00:00+05:30,1350.0,1369.55,1317.55,1355.1,188261
2025-03-04 00:00:00+05:30,1350.95,1350.95,1322.55,1342.55,109593
2025-03-05 00:00:00+05:30,1342.55,1370.65,1335.55,1364.8,150870
2025-03-06 00:00:00+05:30,1370.0,1396.6,1345.1,1362.15,194079
2025-03-07 00:00:00+05:30,1362.15,1366.0,1323.35,1333.1,133695
2025-03-10 00:00:00+05:30,1325.0,1357.45,1311.0,1327.0,140769
2025-03-11 00:00:00+05:30,1300.1,1327.0,1283.15,1294.0,280154
2025-03-13 00:00:00+05:30,1326.0,1339.45,1293.3,1299.3,120840
2025-03-17 00:00:00+05:30,1303.35,1330.0,1296.55,1317.7,219037
2025-03-18 00:00:00+05:30,1324.2,1354.85,1311.45,1347.05,163052
2025-03-19 00:00:00+05:30,1347.05,1369.0,1341.95,1359.3,215189
2025-03-20 00:00:00+05:30,1367.05,1414.85,1357.15,1402.2,217469
2025-03-21 00:00:00+05:30,1414.0,1434.3,1390.55,1407.05,314521
2025-03-24 00:00:00+05:30,1420.55,1478.9,1411.0,1453.0,164425
2025-03-25 00:00:00+05:30,1464.0,1464.0,1397.2,1446.75,227617
2025-03-26 00:00:00+05:30,1460.0,1464.7,1415.0,1433.25,153103
2025-03-27 00:00:00+05:30,1404.25,1493.95,1399.3,1470.05,169854
2025-03-28 00:00:00+05:30,1461.25,1510.7,1420.5,1501.9,325369
2025-04-01 00:00:00+05:30,1493.65,1493.95,1383.5,1390.85,424983
2025-04-02 00:00:00+05:30,1405.95,1435.55,1386.9,1415.95,162222
2025-04-03 00:00:00+05:30,1430.95,1515.15,1430.95,1497.6,547719
2025-04-04 00:00:00+05:30,1481.0,1491.75,1358.5,1399.25,945827
2025-04-07 00:00:00+05:30,1168.2,1350.7,1168.2,1301.05,258829
2025-04-08 00:00:00+05:30,1326.0,1367.55,1306.05,1359.55,444011
2025-04-09 00:00:00+05:30,1343.55,1349.8,1270.0,1294.85,425780
2025-04-11 00:00:00+05:30,1327.95,1355.35,1307.4,1330.95,139931
2025-04-15 00:00:00+05:30,1346.0,1375.8,1317.0,1368.0,172458
2025-04-16 00:00:00+05:30,1376.6,1425.0,1352.3,1409.0,180252
2025-04-17 00:00:00+05:30,1409.0,1417.8,1380.6,1404.4,63964
2025-04-21 00:00:00+05:30,1408.7,1429.9,1377.6,1423.8,163712
2025-04-22 00:00:00+05:30,1429.0,1475.0,1400.0,1443.5,289294
2025-04-23 00:00:00+05:30,1446.0,1479.1,1430.0,1470.9,189070
2025-04-24 00:00:00+05:30,1470.0,1474.2,1436.5,1445.7,175211
2025-04-25 00:00:00+05:30,1447.0,1464.4,1401.1,1419.0,136108
2025-04-28 00:00:00+05:30,1400.2,1423.5,1393.0,1411.7,258262
2025-04-29 00:00:00+05:30,1405.0,1423.5,1379.0,1392.4,500749
2025-04-30 00:00:00+05:30,1401.5,1428.8,1385.1,1401.2,474031
2025-05-02 00:00:00+05:30,1391.2,1406.6,1365.2,1378.2,389359
2025-05-05 00:00:00+05:30,1387.0,1399.0,1369.6,1388.2,166707
2025-05-06 00:00:00+05:30,1395.5,1395.5,1371.2,1383.0,165278
2025-05-07 00:00:00+05:30,1370.0,1380.1,1346.4,1364.4,389521
2025-05-08 00:00:00+05:30,1361.0,1377.9,1338.1,1349.5,189791
2025-05-09 00:00:00+05:30,1333.0,1369.9,1325.0,1361.8,153304
2025-05-12 00:00:00+05:30,1386.8,1386.8,1335.3,1371.6,175258
2025-05-13 00:00:00+05:30,1371.8,1415.4,1367.0,1404.2,145767
2025-05-14 00:00:00+05:30,1404.2,1422.4,1399.0,1418.4,83765
2025-05-15 00:00:00+05:30,1415.3,1425.6,1393.1,1406.2,130599
2025-05-16 00:00:00+05:30,1414.5,1415.6,1386.0,1392.6,70932
2025-05-19 00:00:00+05:30,1402.0,1464.1,1393.6,1436.8,262223
2025-05-20 00:00:00+05:30,1442.8,1480.5,1428.6,1457.2,420205
2025-05-21 00:00:00+05:30,1466.6,1494.0,1444.1,1471.3,207145
2025-05-22 00:00:00+05:30,1477.4,1478.7,1435.4,1442.8,170022
2025-05-23 00:00:00+05:30,1450.9,1480.0,1429.8,1460.0,124632
2025-05-26 00:00:00+05:30,1469.8,1490.5,1443.1,1465.7,156729
2025-05-27 00:00:00+05:30,1478.0,1480.5,1452.1,1459.6,113639
2025-05-28 00:00:00+05:30,1459.8,1510.0,1445.6,1494.8,230209
2025-05-29 00:00:00+05:30,1503.0,1514.0,1458.4,1470.0,514745
2025-05-30 00:00:00+05:30,1483.1,1490.0,1409.0,1424.8,330987
2025-06-02 00:00:00+05:30,1428.0,1433.3,1369.0,1415.8,921489
2025-06-03 00:00:00+05:30,1416.0,1427.4,1384.2,1400.1,441727
2025-06-04 00:00:00+05:30,1401.0,1426.2,1385.0,1395.9,278309
2025-06-05 00:00:00+05:30,1394.0,1400.3,1370.0,1386.0,386732
2025-06-06 00:00:00+05:30,1388.0,1393.7,1361.0,1370.9,594779
2025-06-09 00:00:00+05:30,1381.0,1390.0,1365.1,1369.3,119187
2025-06-10 00:00:00+05:30,1374.7,1382.8,1355.1,1370.9,464243
2025-06-11 00:00:00+05:30,1379.5,1394.0,1367.2,1389.4,306157
2025-06-12 00:00:00+05:30,1393.8,1419.5,1378.0,1383.0,232111
2025-06-13 00:00:00+05:30,1368.9,1379.2,1353.2,1368.4,279721
2025-06-16 00:00:00+05:30,1364.1,1370.1,1348.4,1362.5,108052
2025-06-17 00:00:00+05:30,1365.0,1368.0,1344.4,1359.1,207646
2025-06-18 00:00:00+05:30,1366.5,1374.6,1348.1,1361.8,231621
2025-06-19 00:00:00+05:30,1353.0,1368.7,1321.0,1362.2,238552
2025-06-20 00:00:00+05:30,1364.5,1426.9,1329.0,1354.4,475316
2025-06-23 00:00:00+05:30,1354.0,1372.4,1333.1,1340.0,356112
2025-06-24 00:00:00+05:30,1340.0,1362.7,1327.7,1334.4,133867
2025-06-25 00:00:00+05:30,1338.2,1368.7,1328.5,1357.7,142718
2025-06-26 00:00:00+05:30,1368.0,1375.1,1337.2,1344.5,81886
2025-06-27 00:00:00+05:30,1351.9,1372.6,1324.0,1331.7,395278
2025-06-30 00:00:00+05:30,1344.5,1397.0,1331.7,1389.8,335012
2025-07-01 00:00:00+05:30,1380.0,1389.1,1355.1,1371.9,193130
2025-07-02 00:00:00+05:30,1380.0,1389.5,1363.0,1375.1,153083
2025-07-03 00:00:00+05:30,1378.2,1433.9,1377.7,1415.7,386564
2025-07-04 00:00:00+05:30,1415.7,1431.7,1403.5,1422.8,104201
2025-07-07 00:00:00+05:30,1422.9,1468.0,1418.4,1457.8,384948
2025-07-08 00:00:00+05:30,1462.0,1469.3,1446.0,1465.2,150291
2025-07-09 00:00:00+05:30,1465.0,1465.2,1442.0,1455.5,139629
2025-07-10 00:00:00+05:30,1455.0,1458.9,1425.8,1444.4,141349
2025-07-11 00:00:00+05:30,1447.3,1471.4,1431.5,1449.6,119065
2025-07-14 00:00:00+05:30,1449.6,1470.6,1418.4,1456.8,197274
2025-07-15 00:00:00+05:30,1467.7,1475.2,1454.6,1470.9,352116
2025-07-16 00:00:00+05:30,1471.0,1495.0,1451.7,1461.8,147361
2025-07-17 00:00:00+05:30,1473.0,1480.5,1451.8,1474.1,110093
2025-07-18 00:00:00+05:30,1474.1,1483.0,1452.2,1471.0,97684
2025-07-21 00:00:00+05:30,1471.0,1473.2,1447.8,1466.7,124091
2025-07-22 00:00:00+05:30,1470.0,1470.0,1440.6,1460.2,122866
2025-07-23 00:00:00+05:30,1460.2,1473.6,1448.5,1459.9,241445
2025-07-24 00:00:00+05:30,1460.0,1552.0,1459.9,1540.8,1267102
2025-07-25 00:00:00+05:30,1552.0,1595.0,1494.4,1509.0,780651
2025-07-28 00:00:00+05:30,1514.0,1526.0,1468.0,1482.8,171072
2025-07-29 00:00:00+05:30,1482.0,1499.9,1467.1,1488.5,90330
2025-07-30 00:00:00+05:30,1488.0,1560.5,1479.1,1529.5,501364
2025-07-31 00:00:00+05:30,1502.5,1519.4,1460.7,1473.9,302398
2025-08-01 00:00:00+05:30,1484.1,1489.4,1439.3,1450.2,151739
2025-08-04 00:00:00+05:30,1450.1,1463.5,1418.6,1443.2,126388
2025-08-05 00:00:00+05:30,1454.0,1456.5,1412.0,1427.0,115437
2025-08-06 00:00:00+05:30,1420.2,1427.8,1375.0,1387.3,132650
2025-08-07 00:00:00+05:30,1370.3,1396.6,1368.1,1391.5,114551
2025-08-08 00:00:00+05:30,1399.9,1407.0,1376.8,1386.8,55816
2025-08-11 00:00:00+05:30,1380.0,1396.5,1322.0,1336.7,488727
2025-08-12 00:00:00+05:30,1343.3,1395.6,1343.3,1376.7,376991
2025-08-13 00:00:00+05:30,1396.4,1397.4,1341.9,1364.6,113370
2025-08-14 00:00:00+05:30,1376.0,1403.0,1350.5,1365.9,95383
2025-08-18 00:00:00+05:30,1365.1,1410.0,1358.8,1383.8,119136
2025-08-19 00:00:00+05:30,1383.8,1395.5,1363.7,1383.5,121085
2025-08-20 00:00:00+05:30,1380.3,1397.3,1359.9,1370.4,81465
2025-08-21 00:00:00+05:30,1370.4,1381.0,1355.5,1359.1,63277
2025-08-22 00:00:00+05:30,1365.5,1432.7,1340.5,1418.4,437422
2025-08-25 00:00:00+05:30,1421.0,1428.2,1390.2,1399.9,121663
2025-08-26 00:00:00+05:30,1390.0,1462.6,1368.6,1434.5,276774
2025-08-28 00:00:00+05:30,1435.0,1438.2,1393.0,1418.5,205145
2025-08-29 00:00:00+05:30,1408.0,1414.8,1380.2,1384.4,156601
2025-09-01 00:00:00+05:30,1375.1,1384.4,1357.1,1370.1,160654
2025-09-02 00:00:00+05:30,1367.2,1378.8,1363.8,1367.6,35637
2025-09-03 00:00:00+05:30,1367.0,1374.3,1348.2,1352.0,103658
2025-09-04 00:00:00+05:30,1353.1,1361.3,1330.0,1339.2,325213
2025-09-05 00:00:00+05:30,1337.6,1353.3,1332.0,1335.0,105496
2025-09-08 00:00:00+05:30,1330.0,1342.5,1317.0,1320.4,98181
2025-09-09 00:00:00+05:30,1328.5,1340.0,1306.0,1320.1,83745
2025-09-10 00:00:00+05:30,1317.2,1343.0,1309.0,1313.0,127010
2025-09-11 00:00:00+05:30,1315.0,1325.5,1308.0,1312.2,117956
2025-09-12 00:00:00+05:30,1314.0,1334.5,1311.0,1314.8,237370
2025-09-15 00:00:00+05:30,1319.0,1321.9,1301.7,1310.3,108722
2025-09-16 00:00:00+05:30,1305.0,1320.0,1301.4,1311.5,105808
2025-09-17 00:00:00+05:30,1308.1,1324.5,1306.0,1311.2,123604
2025-09-18 00:00:00+05:30,1309.0,1347.9,1309.0,1340.8,163404
2025-09-19 00:00:00+05:30,1345.8,1506.9,1333.8,1441.0,995320
2025-09-22 00:00:00+05:30,1406.0,1421.7,1383.1,1399.3,222708
2025-09-23 00:00:00+05:30,1400.8,1404.9,1367.1,1395.2,202440
2025-09-24 00:00:00+05:30,1388.2,1388.2,1337.8,1348.4,118793
2025-09-25 00:00:00+05:30,1357.9,1363.5,1342.4,1350.5,105951
2025-09-26 00:00:00+05:30,1353.8,1379.9,1305.4,1371.2,339048
2025-09-29 00:00:00+05:30,1365.0,1366.7,1311.1,1317.0,116499
2025-09-30 00:00:00+05:30,1329.2,1358.6,1318.0,1339.0,131478
2025-10-01 00:00:00+05:30,1338.0,1338.5,1316.0,1327.3,253514
2025-10-03 00:00:00+05:30,1337.0,1339.0,1307.3,1313.1,124762
2025-10-06 00:00:00+05:30,1323.0,1326.0,1305.0,1323.2,86344
2025-10-07 00:00:00+05:30,1321.0,1404.0,1316.1,1359.8,720078
2025-10-08 00:00:00+05:30,1353.1,1361.0,1345.5,1352.1,49362
2025-10-09 00:00:00+05:30,1362.6,1368.2,1336.5,1339.5,92193
2025-10-10 00:00:00+05:30,1349.5,1361.6,1330.6,1334.5,93288
2025-10-13 00:00:00+05:30,1338.3,1338.3,1320.2,1323.5,59274
2025-10-14 00:00:00+05:30,1329.0,1330.9,1302.3,1306.1,202965
2025-10-15 00:00:00+05:30,1315.0,1317.7,1291.9,1297.3,96247
2025-10-16 00:00:00+05:30,1304.9,1314.9,1279.2,1288.4,146327
2025-10-17 00:00:00+05:30,1297.0,1297.0,1280.0,1286.3,50853
2025-10-20 00:00:00+05:30,1291.5,1291.5,1262.0,1271.0,104949
2025-10-21 00:00:00+05:30,1278.5,1285.0,1276.3,1281.3,11900
2025-10-23 00:00:00+05:30,1287.4,1292.0,1271.0,1276.8,122938
2025-10-24 00:00:00+05:30,1279.4,1290.0,1251.6,1271.8,123050
2025-10-27 00:00:00+05:30,1278.5,1302.3,1271.9,1298.0,84801
2025-10-28 00:00:00+05:30,1305.0,1308.0,1280.0,1285.9,63010
2025-10-29 00:00:00+05:30,1292.3,1300.1,1280.1,1289.9,84127
2025-10-30 00:00:00+05:30,1289.9,1295.1,1273.3,1288.9,59139
2025-10-31 00:00:00+05:30,1296.0,1296.0,1268.0,1271.2,106443
2025-11-03 00:00:00+05:30,1271.2,1320.0,1270.0,1309.7,126927
2025-11-04 00:00:00+05:30,1315.4,1323.0,1285.1,1294.8,118746
2025-11-06 00:00:00+05:30,1289.0,1319.0,1285.5,1300.0,226767
2025-11-07 00:00:00+05:30,1304.9,1334.0,1276.1,1318.3,281388
2025-11-10 00:00:00+05:30,1324.0,1365.7,1300.0,1344.8,260140
2025-11-11 00:00:00+05:30,1345.8,1352.4,1316.6,1322.0,48376
2025-11-12 00:00:00+05:30,1328.3,1359.0,1315.1,1340.9,155242
2025-11-13 00:00:00+05:30,1340.0,1364.9,1293.9,1302.0,562442
2025-11-14 00:00:00+05:30,1309.7,1548.0,1305.0,1479.6,4131703
2025-11-17 00:00:00+05:30,1460.0,1518.3,1432.6,1464.8,1187071
2025-11-18 00:00:00+05:30,1450.0,1471.0,1420.0,1422.9,322615
2025-11-19 00:00:00+05:30,1430.0,1458.7,1410.0,1439.8,326575
2025-11-20 00:00:00+05:30,1454.4,1468.4,1428.2,1438.2,165761
2025-11-21 00:00:00+05:30,1427.0,1455.5,1426.9,1444.0,174552
2025-11-24 00:00:00+05:30,1436.1,1467.4,1407.6,1418.2,275733
2025-11-25 00:00:00+05:30,1425.0,1441.3,1398.9,1400.0,154045
2025-11-26 00:00:00+05:30,1406.0,1415.2,1386.3,1407.0,104259
2025-11-27 00:00:00+05:30,1407.0,1417.0,1388.5,1394.0,100045
2025-11-28 00:00:00+05:30,1400.1,1459.0,1396.0,1453.1,454494
2025-12-01 00:00:00+05:30,1459.0,1471.5,1408.0,1420.6,235351
2025-12-02 00:00:00+05:30,1425.0,1436.0,1406.4,1429.3,122952
2025-12-03 00:00:00+05:30,1439.8,1454.7,1415.3,1432.0,148078
2025-12-04 00:00:00+05:30,1435.0,1470.1,1433.0,1454.6,825619
2025-12-05 00:00:00+05:30,1449.9,1463.5,1416.0,1459.1,237723
2025-12-08 00:00:00+05:30,1457.0,1460.0,1426.0,1447.7,152080
2025-12-09 00:00:00+05:30,1430.0,1469.9,1395.0,1449.7,196937
2025-12-10 00:00:00+05:30,1450.1,1484.8,1428.7,1457.0,213881
2025-12-11 00:00:00+05:30,1470.0,1481.0,1430.0,1471.9,219440
2025-12-12 00:00:00+05:30,1478.3,1487.9,1458.9,1460.8,98690
2025-12-15 00:00:00+05:30,1460.3,1464.7,1435.0,1440.2,81169
2025-12-16 00:00:00+05:30,1440.0,1453.9,1425.0,1427.0,109669
2025-12-17 00:00:00+05:30,1427.0,1438.0,1384.4,1395.3,145513
2025-12-18 00:00:00+05:30,1399.1,1430.0,1377.7,1430.0,95493
2025-12-19 00:00:00+05:30,1418.3,1435.0,1393.1,1430.5,169772
2025-12-22 00:00:00+05:30,1427.9,1449.8,1421.1,1432.0,80833
2025-12-23 00:00:00+05:30,1429.8,1446.8,1418.0,1432.0,79812
2025-12-24 00:00:00+05:30,1422.5,1434.5,1411.1,1414.7,49771
2025-12-26 00:00:00+05:30,1420.4,1446.0,1398.1,1435.0,99953
2025-12-29 00:00:00+05:30,1432.6,1449.2,1404.0,1434.6,146230
2025-12-30 00:00:00+05:30,1440.0,1453.2,1361.7,1386.2,595590
2025-12-31 00:00:00+05:30,1386.1,1452.6,1386.0,1418.9,337075
2026-01-01 00:00:00+05:30,1420.0,1436.6,1391.1,1398.2,104562
2026-01-02 00:00:00+05:30,1403.9,1415.0,1393.1,1400.1,70796
2026-01-05 00:00:00+05:30,1407.0,1418.0,1394.0,1409.5,118954
2026-01-06 00:00:00+05:30,1419.5,1475.0,1406.4,1469.6,647078
2026-01-07 00:00:00+05:30,1475.5,1521.5,1446.1,1514.2,425525
2026-01-08 00:00:00+05:30,1523.5,1550.0,1501.0,1544.0,407694
2026-01-09 00:00:00+05:30,1545.0,1582.6,1521.3,1575.0,726762
2026-01-12 00:00:00+05:30,1574.0,1574.0,1503.0,1527.8,568045
2026-01-13 00:00:00+05:30,1529.8,1565.0,1501.0,1507.8,147033
2026-01-14 00:00:00+05:30,1500.0,1525.6,1490.4,1517.0,299342
2026-01-16 00:00:00+05:30,1512.0,1517.6,1481.7,1509.0,107415
2026-01-19 00:00:00+05:30,1509.9,1517.0,1483.4,1487.2,128836
2026-01-20 00:00:00+05:30,1475.0,1501.0,1468.0,1479.7,136112
2026-01-21 00:00:00+05:30,1479.7,1487.6,1432.0,1480.9,178953
2026-01-22 00:00:00+05:30,1491.0,1501.0,1471.9,1485.6,88339
2026-01-23 00:00:00+05:30,1493.0,1497.5,1456.0,1462.8,47636
2026-01-27 00:00:00+05:30,1467.9,1483.2,1432.7,1454.9,62993
2026-01-28 00:00:00+05:30,1457.3,1475.9,1441.0,1447.1,73729
2026-01-29 00:00:00+05:30,1448.1,1509.8,1434.2,1479.7,100371
2026-01-30 00:00:00+05:30,1479.7,1501.0,1444.0,1470.8,238850
2026-02-01 00:00:00+05:30,1467.8,1467.8,1400.0,1404.0,65307
2026-02-02 00:00:00+05:30,1409.0,1464.5,1391.8,1439.9,499424
2026-02-03 00:00:00+05:30,1470.0,1470.0,1423.8,1435.3,207460
2026-02-04 00:00:00+05:30,1435.3,1451.0,1398.6,1406.4,117017
2026-02-05 00:00:00+05:30,1411.0,1453.0,1392.3,1442.2,193684
2026-02-06 00:00:00+05:30,1435.3,1435.3,1403.8,1416.7,110797
2026-02-09 00:00:00+05:30,1417.7,1455.0,1416.0,1452.0,111733
2026-02-10 00:00:00+05:30,1464.0,1467.0,1421.1,1426.2,112117
2026-02-11 00:00:00+05:30,1424.1,1475.8,1403.0,1432.7,255356
2026-02-12 00:00:00+05:30,1432.7,1488.2,1412.0,1472.9,200360
2026-02-13 00:00:00+05:30,1458.0,1503.9,1428.8,1485.4,408095
2026-02-16 00:00:00+05:30,1475.0,1530.0,1451.0,1495.1,193985
2026-02-17 00:00:00+05:30,1510.0,1510.0,1471.5,1491.6,287861
2026-02-18 00:00:00+05:30,1491.0,1501.8,1476.1,1490.6,75106
2026-02-19 00:00:00+05:30,1496.4,1501.4,1451.0,1463.9,86586
2026-02-20 00:00:00+05:30,1460.0,1465.0,1436.2,1449.8,93974
2026-02-23 00:00:00+05:30,1465.0,1501.0,1465.0,1473.7,229030
2026-02-24 00:00:00+05:30,1471.8,1544.0,1458.0,1515.3,150387
2026-02-25 00:00:00+05:30,1531.9,1533.1,1500.3,1524.5,102371
2026-02-26 00:00:00+05:30,1534.9,1547.4,1503.0,1522.8,727749
2026-02-27 00:00:00+05:30,1522.0,1540.0,1503.9,1528.9,191057
2026-03-02 00:00:00+05:30,1471.8,1525.0,1471.8,1513.0,115864
2026-03-04 00:00:00+05:30,1505.0,1505.0,1461.3,1475.4,87330
2026-03-05 00:00:00+05:30,1475.4,1507.0,1470.1,1500.9,61774
2026-03-06 00:00:00+05:30,1501.4,1520.5,1481.0,1494.2,45541
2026-03-09 00:00:00+05:30,1451.0,1514.9,1448.1,1502.6,90825
2026-03-10 00:00:00+05:30,1504.9,1511.6,1487.8,1491.2,57079
2026-03-11 00:00:00+05:30,1491.5,1549.8,1487.5,1533.9,191040
2026-03-12 00:00:00+05:30,1549.6,1566.8,1519.6,1560.8,278221
2026-03-13 00:00:00+05:30,1567.0,1576.7,1537.4,1561.3,590960
2026-03-16 00:00:00+05:30,1565.6,1574.5,1534.1,1557.0,181093
2026-03-17 00:00:00+05:30,1569.9,1624.0,1545.5,1565.3,496282
2026-03-18 00:00:00+05:30,1560.0,1562.1,1526.7,1543.6,253243
2026-03-19 00:00:00+05:30,1517.6,1586.0,1509.1,1544.4,263738
2026-03-20 00:00:00+05:30,1540.0,1575.8,1505.5,1544.9,196016
2026-03-23 00:00:00+05:30,1543.6,1550.0,1488.3,1529.9,178461
2026-03-24 00:00:00+05:30,1550.0,1550.9,1504.2,1530.8,123364
2026-03-25 00:00:00+05:30,1530.8,1593.4,1527.0,1570.0,657174
2026-03-27 00:00:00+05:30,1594.7,1619.5,1548.2,1586.0,327103
2026-03-30 00:00:00+05:30,1594.0,1613.9,1553.7,1601.2,450008
2026-04-01 00:00:00+05:30,1602.0,1620.0,1500.3,1508.2,527064
2026-04-02 00:00:00+05:30,1504.9,1509.0,1432.5,1488.3,196356
2026-04-06 00:00:00+05:30,1466.0,1485.7,1426.0,1456.0,234598
2026-04-07 00:00:00+05:30,1439.0,1475.6,1414.0,1442.2,83654
2026-04-08 00:00:00+05:30,1463.5,1466.0,1427.2,1445.0,375454
2026-04-09 00:00:00+05:30,1443.7,1464.9,1442.5,1449.9,82607
2026-04-10 00:00:00+05:30,1456.0,1466.0,1450.3,1456.2,79984
2026-04-13 00:00:00+05:30,1436.0,1468.0,1431.4,1451.0,96475
2026-04-15 00:00:00+05:30,1471.7,1473.7,1444.1,1470.9,191431
2026-04-16 00:00:00+05:30,1474.5,1490.0,1453.4,1461.4,187941
2026-04-17 00:00:00+05:30,1461.0,1475.0,1456.2,1468.3,114570
2026-04-20 00:00:00+05:30,1460.0,1488.9,1447.7,1468.6,168951
2026-04-21 00:00:00+05:30,1469.9,1491.0,1462.1,1476.5,199229
2026-04-22 00:00:00+05:30,1476.5,1514.0,1466.5,1494.8,310159
2026-04-23 00:00:00+05:30,1494.6,1541.1,1486.3,1526.1,248305
2026-04-24 00:00:00+05:30,1535.0,1573.2,1516.0,1555.9,230855
2026-04-27 00:00:00+05:30,1557.1,1585.9,1528.5,1541.3,240783
2026-04-28 00:00:00+05:30,1548.0,1573.9,1530.2,1537.0,99425
2026-04-29 00:00:00+05:30,1542.8,1552.1,1522.6,1542.1,128566
2026-04-30 00:00:00+05:30,1542.1,1590.0,1524.3,1530.9,348783
2026-05-04 00:00:00+05:30,1538.0,1574.1,1525.0,1530.0,127756
2026-05-05 00:00:00+05:30,1535.0,1559.0,1513.6,1541.8,183380
2026-05-06 00:00:00+05:30,1548.0,1581.0,1542.0,1564.4,241418
2026-05-07 00:00:00+05:30,1572.2,1590.4,1555.1,1560.1,97347
2026-05-08 00:00:00+05:30,1560.1,1610.5,1545.6,1552.6,247633
2026-05-11 00:00:00+05:30,1557.2,1569.0,1525.2,1535.0,533066
2026-05-12 00:00:00+05:30,1535.0,1544.8,1499.0,1509.1,507486
2026-05-13 00:00:00+05:30,1518.0,1538.9,1494.0,1506.3,251461
2026-05-14 00:00:00+05:30,1510.0,1593.8,1510.0,1583.9,543561
2026-05-15 00:00:00+05:30,1592.7,1654.7,1584.8,1605.0,1114457
2026-05-18 00:00:00+05:30,1585.0,1658.0,1585.0,1646.3,634585
2026-05-19 00:00:00+05:30,1651.0,1662.2,1634.0,1656.2,256508
2026-05-20 00:00:00+05:30,1647.9,1678.3,1635.3,1646.6,273088
2026-05-21 00:00:00+05:30,1650.0,1660.0,1619.0,1637.0,220532
2026-05-22 00:00:00+05:30,1648.5,1648.5,1596.5,1602.1,100242
2026-05-25 00:00:00+05:30,1609.9,1617.8,1565.2,1571.0,109349
2026-05-26 00:00:00+05:30,1566.2,1599.9,1565.6,1578.0,136241
2026-05-27 00:00:00+05:30,1577.0,1592.4,1567.0,1572.4,74100
2026-05-29 00:00:00+05:30,1576.9,1618.7,1482.9,1524.4,979166
2026-06-01 00:00:00+05:30,1530.0,1564.2,1477.1,1490.4,270268
2026-06-02 00:00:00+05:30,1510.0,1518.0,1470.0,1507.7,383375
2026-06-03 00:00:00+05:30,1507.7,1562.1,1499.1,1554.7,274172
2026-06-04 00:00:00+05:30,1554.7,1626.9,1538.1,1614.0,396358
2026-06-05 00:00:00+05:30,1614.9,1650.6,1610.3,1641.9,242278
2026-06-08 00:00:00+05:30,1610.0,1668.0,1610.0,1649.4,924718
2026-06-09 00:00:00+05:30,1649.4,1670.0,1626.0,1634.0,116776
2026-06-10 00:00:00+05:30,1641.5,1658.9,1621.0,1630.2,172179
2026-06-11 00:00:00+05:30,1630.2,1642.0,1606.2,1613.6,86082
2026-06-12 00:00:00+05:30,1629.8,1640.0,1568.6,1583.0,131987
2026-06-15 00:00:00+05:30,1613.0,1613.0,1566.0,1575.7,118009
2026-06-16 00:00:00+05:30,1575.6,1583.9,1545.0,1550.2,83984
2026-06-17 00:00:00+05:30,1554.9,1558.7,1532.6,1538.7,94273
2026-06-18 00:00:00+05:30,1546.0,1551.0,1530.0,1543.6,125608
2026-06-19 00:00:00+05:30,1551.0,1609.1,1542.5,1585.8,262446
2026-06-22 00:00:00+05:30,1603.0,1604.9,1582.4,1597.3,86624
2026-06-23 00:00:00+05:30,1611.1,1641.4,1599.9,1625.0,179904
2026-06-24 00:00:00+05:30,1615.0,1639.0,1602.6,1621.2,116670
2026-06-25 00:00:00+05:30,1627.3,1655.0,1606.0,1618.3,167145
2026-06-29 00:00:00+05:30,1618.3,1664.9,1616.0,1647.2,333883
2026-06-30 00:00:00+05:30,1649.0,1736.0,1635.8,1701.0,919073
2026-07-01 00:00:00+05:30,1719.8,1766.7,1681.7,1696.4,222143
2026-07-02 00:00:00+05:30,1714.9,1724.7,1691.1,1719.4,172457
2026-07-03 00:00:00+05:30,1729.0,1788.3,1719.4,1778.9,571448
2026-07-06 00:00:00+05:30,1798.5,1812.5,1760.4,1782.4,393648
2026-07-07 00:00:00+05:30,1770.0,1800.0,1767.5,1793.1,139839
2026-07-08 00:00:00+05:30,1780.0,1806.4,1741.1,1762.4,166406
2026-07-09 00:00:00+05:30,1775.0,1797.2,1762.0,1770.4,96723
2026-07-10 00:00:00+05:30,1788.0,1799.4,1741.0,1787.9,146840
2026-07-13 00:00:00+05:30,1787.9,1838.5,1760.0,1823.3,341668
2026-07-14 00:00:00+05:30,1823.0,1850.5,1812.3,1840.4,241497
2026-07-15 00:00:00+05:30,1840.0,1881.4,1820.5,1878.0,291486
2026-07-16 00:00:00+05:30,1880.9,1909.9,1867.8,1890.2,794803
2026-07-17 00:00:00+05:30,1888.0,1944.9,1846.8,1900.6,157265
2026-07-20 00:00:00+05:30,1901.0,1928.3,1821.5,1838.6,301713
2026-07-21 00:00:00+05:30,1830.0,1844.9,1785.1,1799.0,437799
2026-07-22 00:00:00+05:30,1790.0,1794.9,1728.2,1788.5,193000
2026-07-23 00:00:00+05:30,1788.0,1797.3,1760.5,1771.2,162968
2026-07-24 00:00:00+05:30,1765.0,1788.9,1747.0,1762.7,79195
2026-07-27 00:00:00+05:30,1762.7,1800.0,1749.6,1777.6,119666
2026-07-28 00:00:00+05:30,1790.0,1804.2,1725.0,1789.0,238234
2026-07-29 00:00:00+05:30,1780.1,1808.0,1760.0,1774.5,155850
2026-07-30 00:00:00+05:30,1770.0,1790.0,1742.0,1758.8,140552
2026-07-31 00:00:00+05:30,1759.0,1780.3,1741.0,1747.8,138035
2026-08-03 00:00:00+05:30,1752.9,1767.0,1714.0,1725.6,159711
2026-08-04 00:00:00+05:30,1725.3,1730.7,1683.7,1694.7,222711
2026-08-05 00:00:00+05:30,1702.6,1778.0,1682.5,1765.0,290079
2026-08-06 00:00:00+05:30,1775.0,1785.0,1728.1,1734.2,151963
2026-08-07 00:00:00+05:30,1725.0,1745.0,1711.7,1735.8,79829
2026-08-10 00:00:00+05:30,1737.7,1745.0,1674.4,1685.8,239283
2026-08-11 00:00:00+05:30,1686.0,1751.9,1683.1,1748.4,233132
2026-08-12 00:00:00+05:30,1758.5,1784.4,1744.0,1766.6,149151
2026-08-13 00:00:00+05:30,1781.0,1905.0,1767.7,1796.3,1835473
2026-08-14 00:00:00+05:30,1800.8,1805.0,1720.0,1734.2,390591
2026-08-17 00:00:00+05:30,1805.9,1945.1,1805.9,1884.6,6964903
2026-08-18 00:00:00+05:30,1877.1,1919.0,1862.3,1882.1,804532
2026-08-19 00:00:00+05:30,1882.1,1937.9,1863.0,1903.7,753334
2026-08-20 00:00:00+05:30,1922.0,1928.4,1880.4,1900.1,236586
2026-08-21 00:00:00+05:30,1900.1,1922.0,1889.1,1911.2,194059
