datetime,open,high,low,close,volume
2011-08-24 00:00:00+05:30,34.07,34.73,33.05,34.18,2665821
2011-08-25 00:00:00+05:30,34.3,34.67,33.07,34.13,1917627
2011-08-26 00:00:00+05:30,33.82,33.92,32.97,33.0,337635
2011-08-29 00:00:00+05:30,33.87,34.33,33.18,34.0,503625
2011-08-30 00:00:00+05:30,34.63,34.63,33.67,33.93,292791
2011-09-02 00:00:00+05:30,33.85,35.67,33.8,35.27,1825455
2011-09-05 00:00:00+05:30,35.3,35.3,34.43,34.8,241071
2011-09-06 00:00:00+05:30,34.73,36.5,34.32,36.12,1390320
2011-09-07 00:00:00+05:30,36.62,36.63,35.52,35.88,1051287
2011-09-08 00:00:00+05:30,35.88,36.05,35.33,35.77,229962
2011-09-09 00:00:00+05:30,36.13,36.33,35.38,35.72,435720
2011-09-12 00:00:00+05:30,36.0,36.0,34.33,35.33,513303
2011-09-13 00:00:00+05:30,35.33,36.47,35.33,36.28,745962
2011-09-14 00:00:00+05:30,36.63,38.67,35.8,38.18,5067993
2011-09-15 00:00:00+05:30,38.53,38.63,36.07,37.2,3104709
2011-09-16 00:00:00+05:30,37.33,37.63,35.73,36.12,555198
2011-09-19 00:00:00+05:30,35.03,37.17,35.03,36.98,558606
2011-09-20 00:00:00+05:30,36.97,38.0,36.72,37.68,1477749
2011-09-21 00:00:00+05:30,37.35,38.32,36.8,38.02,1491474
2011-09-22 00:00:00+05:30,36.85,37.75,36.5,37.3,998004
2011-09-23 00:00:00+05:30,37.33,38.67,36.13,37.98,1188633
2011-09-26 00:00:00+05:30,38.35,39.15,37.33,38.68,4956522
2011-09-27 00:00:00+05:30,39.45,41.63,38.93,40.35,5299356
2011-09-28 00:00:00+05:30,40.67,42.05,40.32,41.65,3062331
2011-09-29 00:00:00+05:30,41.72,42.97,39.38,40.22,46668393
2011-09-30 00:00:00+05:30,40.07,40.07,36.5,37.5,3736158
2011-10-03 00:00:00+05:30,37.33,37.53,35.52,36.38,1122255
2011-10-04 00:00:00+05:30,36.63,37.42,36.57,36.97,557142
2011-10-05 00:00:00+05:30,37.4,37.4,35.7,36.8,446832
2011-10-07 00:00:00+05:30,37.0,37.83,36.83,37.32,440823
2011-10-10 00:00:00+05:30,37.07,37.75,37.0,37.57,588795
2011-10-11 00:00:00+05:30,37.97,38.23,36.93,37.25,677160
2011-10-12 00:00:00+05:30,37.48,37.48,36.62,36.8,266625
2011-10-13 00:00:00+05:30,36.83,37.47,36.48,36.95,747120
2011-10-14 00:00:00+05:30,36.8,38.07,36.4,36.58,2205315
2011-10-17 00:00:00+05:30,36.83,36.93,35.68,36.22,1139481
2011-10-18 00:00:00+05:30,36.13,36.75,35.25,36.45,1335597
2011-10-19 00:00:00+05:30,36.6,37.67,36.5,37.33,1622250
2011-10-20 00:00:00+05:30,38.13,38.13,36.72,37.47,569052
2011-10-21 00:00:00+05:30,37.38,37.8,37.0,37.08,272469
2011-10-24 00:00:00+05:30,37.08,37.5,36.07,36.28,169212
2011-10-25 00:00:00+05:30,36.67,36.92,34.67,35.25,5108820
2011-10-26 00:00:00+05:30,35.63,35.67,35.25,35.37,206352
2011-10-28 00:00:00+05:30,36.0,36.82,35.4,36.63,370953
2011-10-31 00:00:00+05:30,36.87,36.87,36.0,36.6,300798
2011-11-01 00:00:00+05:30,36.6,36.93,36.32,36.73,303765
2011-11-02 00:00:00+05:30,36.28,36.83,36.07,36.67,472866
2011-11-03 00:00:00+05:30,36.95,36.95,36.58,36.68,305646
2011-11-04 00:00:00+05:30,37.03,37.03,36.63,36.7,360330
2011-11-08 00:00:00+05:30,36.75,36.95,36.53,36.72,286284
2011-11-09 00:00:00+05:30,36.8,36.9,36.37,36.53,470082
2011-11-11 00:00:00+05:30,36.08,36.5,35.68,36.13,317646
2011-11-14 00:00:00+05:30,36.02,36.5,32.2,35.63,9508344
2011-11-15 00:00:00+05:30,35.67,36.23,33.52,34.65,3999306
2011-11-16 00:00:00+05:30,33.4,34.92,33.18,34.7,2500959
2011-11-17 00:00:00+05:30,34.0,34.75,32.27,33.93,858327
2011-11-18 00:00:00+05:30,33.3,34.73,32.7,34.18,311727
2011-11-21 00:00:00+05:30,34.07,34.45,33.03,33.93,495201
2011-11-22 00:00:00+05:30,34.33,34.33,33.7,33.9,429417
2011-11-23 00:00:00+05:30,34.25,34.25,32.17,32.6,1866126
2011-11-24 00:00:00+05:30,32.75,34.73,31.12,34.18,4701084
2011-11-25 00:00:00+05:30,33.8,34.33,32.83,33.78,266517
2011-11-28 00:00:00+05:30,34.05,34.4,33.5,33.78,378579
2011-11-29 00:00:00+05:30,33.67,34.3,33.17,33.47,192306
2011-11-30 00:00:00+05:30,33.47,34.0,32.37,33.08,535884
2011-12-01 00:00:00+05:30,33.97,34.1,32.87,33.57,593721
2011-12-02 00:00:00+05:30,33.17,33.93,33.05,33.45,332778
2011-12-05 00:00:00+05:30,33.13,33.67,33.0,33.38,291837
2011-12-07 00:00:00+05:30,33.58,33.75,33.17,33.52,446763
2011-12-08 00:00:00+05:30,33.35,33.67,33.03,33.28,308970
2011-12-09 00:00:00+05:30,33.0,33.23,32.33,32.65,299601
2011-12-12 00:00:00+05:30,32.97,33.0,32.43,32.65,2141508
2011-12-13 00:00:00+05:30,32.97,32.97,31.22,32.43,284700
2011-12-14 00:00:00+05:30,32.43,32.63,32.0,32.17,270540
2011-12-15 00:00:00+05:30,32.37,32.63,31.4,32.5,332001
2011-12-16 00:00:00+05:30,32.78,33.2,32.4,32.83,789342
2011-12-19 00:00:00+05:30,33.33,34.4,32.33,34.1,1086852
2011-12-20 00:00:00+05:30,34.9,34.9,32.53,33.1,803184
2011-12-21 00:00:00+05:30,33.18,33.93,31.73,32.33,347733
2011-12-22 00:00:00+05:30,32.47,32.92,31.2,32.2,1708140
2011-12-23 00:00:00+05:30,32.23,32.3,31.55,31.75,1094445
2011-12-26 00:00:00+05:30,32.27,32.68,31.48,32.43,1923768
2011-12-27 00:00:00+05:30,32.3,32.32,31.08,31.53,486474
2011-12-28 00:00:00+05:30,31.13,32.8,30.67,32.48,3317232
2011-12-29 00:00:00+05:30,30.83,33.83,30.83,32.12,12565503
2011-12-30 00:00:00+05:30,31.92,31.93,31.03,31.18,617607
2012-01-02 00:00:00+05:30,31.6,31.6,30.87,31.32,154146
2012-01-03 00:00:00+05:30,31.42,31.82,31.0,31.58,605430
2012-01-04 00:00:00+05:30,31.6,31.8,31.03,31.15,345153
2012-01-05 00:00:00+05:30,31.48,31.67,31.03,31.22,791265
2012-01-06 00:00:00+05:30,30.9,31.42,30.7,31.28,497904
2012-01-07 00:00:00+05:30,30.85,31.63,30.83,31.38,193713
2012-01-09 00:00:00+05:30,31.02,31.33,30.77,30.93,185385
2012-01-10 00:00:00+05:30,31.15,31.47,30.73,30.95,1763040
2012-01-11 00:00:00+05:30,31.23,31.73,30.75,31.25,1564413
2012-01-12 00:00:00+05:30,31.07,31.15,30.72,30.85,388404
2012-01-13 00:00:00+05:30,30.67,32.0,28.7,31.0,3131598
2012-01-16 00:00:00+05:30,30.97,31.67,30.33,31.22,848370
2012-01-17 00:00:00+05:30,31.47,31.93,30.72,31.18,1890507
2012-01-18 00:00:00+05:30,31.3,31.5,30.5,31.05,466461
2012-01-19 00:00:00+05:30,30.73,31.47,30.35,31.3,900171
2012-01-20 00:00:00+05:30,31.5,31.5,30.85,30.98,420204
2012-01-23 00:00:00+05:30,31.15,31.15,29.07,29.47,14609865
2012-01-24 00:00:00+05:30,29.7,30.3,29.17,29.58,27353631
2012-01-25 00:00:00+05:30,29.67,31.33,29.52,31.1,11556939
2012-01-27 00:00:00+05:30,31.33,31.8,30.77,31.17,2115600
2012-01-30 00:00:00+05:30,31.0,31.33,30.17,30.57,796602
2012-01-31 00:00:00+05:30,30.57,31.8,30.45,31.52,7182972
2012-02-01 00:00:00+05:30,31.52,32.17,31.07,31.68,3169104
2012-02-02 00:00:00+05:30,31.97,32.02,31.17,31.53,2497959
2012-02-03 00:00:00+05:30,31.17,31.63,31.0,31.33,633060
2012-02-06 00:00:00+05:30,31.47,31.8,30.85,31.17,440226
2012-02-07 00:00:00+05:30,31.27,32.8,31.08,32.6,2766426
2012-02-08 00:00:00+05:30,33.1,33.62,32.17,33.1,3331800
2012-02-09 00:00:00+05:30,33.07,33.07,32.2,32.82,7461066
2012-02-10 00:00:00+05:30,32.57,33.63,32.47,32.68,2513562
2012-02-13 00:00:00+05:30,32.67,32.88,32.33,32.5,485751
2012-02-14 00:00:00+05:30,32.35,33.23,32.35,32.77,1505229
2012-02-15 00:00:00+05:30,33.0,33.8,32.8,33.13,5473539
2012-02-16 00:00:00+05:30,33.5,34.63,32.55,33.03,4948500
2012-02-17 00:00:00+05:30,33.33,34.33,33.25,33.38,5748681
2012-02-21 00:00:00+05:30,33.6,34.1,32.2,32.35,1952742
2012-02-22 00:00:00+05:30,32.32,32.52,30.7,31.3,1909785
2012-02-23 00:00:00+05:30,31.12,32.35,30.78,31.83,4375677
2012-02-24 00:00:00+05:30,31.93,32.0,30.73,30.87,950550
2012-02-27 00:00:00+05:30,30.98,31.17,30.17,30.25,418377
2012-02-28 00:00:00+05:30,30.08,31.0,30.03,30.83,493392
2012-02-29 00:00:00+05:30,30.97,31.12,30.73,30.87,408414
2012-03-01 00:00:00+05:30,30.72,31.18,30.05,30.97,3250062
2012-03-02 00:00:00+05:30,31.0,31.62,30.67,31.07,2891898
2012-03-03 00:00:00+05:30,31.3,31.4,30.92,31.03,115053
2012-03-05 00:00:00+05:30,30.8,31.33,30.35,30.77,508290
2012-03-06 00:00:00+05:30,30.82,31.25,30.48,30.75,1278729
2012-03-07 00:00:00+05:30,30.4,31.5,30.25,31.08,2596878
2012-03-09 00:00:00+05:30,31.3,31.5,31.0,31.17,270774
2012-03-12 00:00:00+05:30,31.33,31.47,30.3,30.83,7045392
2012-03-13 00:00:00+05:30,31.17,31.17,30.7,30.83,3000774
2012-03-14 00:00:00+05:30,31.13,32.02,30.85,31.83,5301573
2012-03-15 00:00:00+05:30,32.05,32.15,31.2,31.48,2804367
2012-03-16 00:00:00+05:30,31.6,31.95,31.1,31.32,1217775
2012-03-19 00:00:00+05:30,31.68,31.68,30.35,30.98,1211307
2012-03-20 00:00:00+05:30,30.78,31.8,30.77,31.35,3488835
2012-03-21 00:00:00+05:30,31.5,31.9,31.2,31.43,3130518
2012-03-22 00:00:00+05:30,31.32,31.58,31.03,31.33,3060816
2012-03-23 00:00:00+05:30,31.48,31.5,30.93,31.15,6441159
2012-03-26 00:00:00+05:30,31.43,31.45,30.33,30.42,3826197
2012-03-27 00:00:00+05:30,30.67,31.37,30.6,31.07,1883703
2012-03-28 00:00:00+05:30,31.0,31.42,30.87,31.12,3060117
2012-03-29 00:00:00+05:30,31.17,31.85,29.67,29.85,16880055
2012-03-30 00:00:00+05:30,30.03,30.6,29.92,30.42,944982
2012-04-02 00:00:00+05:30,30.38,30.97,30.37,30.77,335712
2012-04-03 00:00:00+05:30,30.95,31.47,30.87,31.35,1797687
2012-04-04 00:00:00+05:30,31.07,31.93,31.07,31.57,2763153
2012-04-09 00:00:00+05:30,31.33,31.75,30.53,30.67,650445
2012-04-10 00:00:00+05:30,30.78,31.73,30.47,30.87,993264
2012-04-11 00:00:00+05:30,30.43,31.05,30.43,30.67,908877
2012-04-12 00:00:00+05:30,30.87,30.88,30.47,30.52,917943
2012-04-13 00:00:00+05:30,30.87,31.15,30.5,30.97,2256117
2012-04-16 00:00:00+05:30,30.77,31.2,30.27,30.65,2160174
2012-04-17 00:00:00+05:30,30.65,30.77,30.4,30.52,1396353
2012-04-18 00:00:00+05:30,30.67,30.78,30.05,30.18,3226044
2012-04-19 00:00:00+05:30,30.33,31.3,30.25,30.3,1342665
2012-04-20 00:00:00+05:30,30.37,30.63,29.97,30.07,1278627
2012-04-23 00:00:00+05:30,30.2,30.2,28.85,29.33,2019993
2012-04-24 00:00:00+05:30,29.15,29.6,28.67,28.78,1520358
2012-04-25 00:00:00+05:30,28.93,28.97,27.55,27.87,3431679
2012-04-26 00:00:00+05:30,28.05,30.37,26.68,27.93,18503208
2012-04-27 00:00:00+05:30,28.73,29.48,28.02,29.13,1417929
2012-04-28 00:00:00+05:30,28.77,29.2,28.43,28.78,1455231
2012-04-30 00:00:00+05:30,28.75,29.82,28.75,29.53,5161224
2012-05-02 00:00:00+05:30,30.15,30.15,29.27,29.5,1423092
2012-05-03 00:00:00+05:30,29.62,29.77,29.03,29.52,3625548
2012-05-04 00:00:00+05:30,29.4,30.8,26.5,30.48,31489926
2012-05-07 00:00:00+05:30,30.03,31.23,29.57,31.02,2798505
2012-05-08 00:00:00+05:30,31.05,31.57,30.75,31.3,892548
2012-05-09 00:00:00+05:30,29.33,31.42,29.33,31.3,3460908
2012-05-10 00:00:00+05:30,31.1,31.42,30.58,30.93,562779
2012-05-11 00:00:00+05:30,30.67,31.08,30.47,30.93,2719365
2012-05-14 00:00:00+05:30,30.0,31.07,30.0,30.95,316404
2012-05-15 00:00:00+05:30,31.02,31.33,30.52,30.93,346527
2012-05-16 00:00:00+05:30,31.07,31.08,30.68,30.93,400905
2012-05-17 00:00:00+05:30,30.73,31.37,30.73,31.15,393399
2012-05-18 00:00:00+05:30,31.12,31.88,30.2,31.07,926241
2012-05-21 00:00:00+05:30,31.3,31.38,30.58,30.85,567405
2012-05-22 00:00:00+05:30,31.3,31.3,30.4,30.63,375321
2012-05-23 00:00:00+05:30,30.33,30.63,29.72,30.05,741633
2012-05-24 00:00:00+05:30,29.68,30.87,29.67,30.55,442905
2012-05-25 00:00:00+05:30,30.12,30.93,30.12,30.52,352050
2012-05-28 00:00:00+05:30,30.65,30.97,30.18,30.7,76890
2012-05-29 00:00:00+05:30,31.0,31.5,30.63,31.2,286572
2012-05-30 00:00:00+05:30,31.18,31.4,30.25,30.43,461955
2012-05-31 00:00:00+05:30,30.8,31.9,29.63,31.47,3132042
2012-06-01 00:00:00+05:30,31.43,31.43,30.3,30.45,153567
2012-06-04 00:00:00+05:30,29.4,31.27,29.4,30.93,83724
2012-06-05 00:00:00+05:30,31.17,31.3,30.55,30.72,177810
2012-06-06 00:00:00+05:30,31.0,31.5,30.53,30.93,707604
2012-06-07 00:00:00+05:30,31.2,31.5,30.9,31.18,923313
2012-06-08 00:00:00+05:30,31.27,31.6,30.6,30.97,1453203
2012-06-11 00:00:00+05:30,30.83,31.5,30.83,30.98,995133
2012-06-12 00:00:00+05:30,31.27,31.58,30.72,31.37,1242558
2012-06-13 00:00:00+05:30,31.17,31.5,31.05,31.25,890013
2012-06-14 00:00:00+05:30,31.22,31.58,30.77,31.07,1505532
2012-06-15 00:00:00+05:30,31.23,31.53,30.75,31.0,1994778
2012-06-18 00:00:00+05:30,31.22,31.3,30.5,30.65,1252515
2012-06-19 00:00:00+05:30,30.4,31.17,30.4,30.62,916080
2012-06-20 00:00:00+05:30,30.93,31.08,30.55,30.9,335781
2012-06-21 00:00:00+05:30,30.67,31.17,27.67,30.58,1186785
2012-06-22 00:00:00+05:30,30.4,31.0,30.15,30.48,651375
2012-06-25 00:00:00+05:30,30.85,30.9,30.45,30.73,310395
2012-06-26 00:00:00+05:30,30.88,30.9,30.33,30.5,276549
2012-06-27 00:00:00+05:30,30.5,30.83,30.4,30.48,379332
2012-06-28 00:00:00+05:30,30.73,30.75,29.17,29.33,3647205
2012-06-29 00:00:00+05:30,29.43,30.17,29.43,29.73,657210
2012-07-02 00:00:00+05:30,29.85,29.85,29.6,29.7,111501
2012-07-03 00:00:00+05:30,29.75,30.17,29.68,29.95,549393
2012-07-04 00:00:00+05:30,30.02,30.28,29.83,29.97,217983
2012-07-05 00:00:00+05:30,30.0,30.13,29.87,30.0,135951
2012-07-06 00:00:00+05:30,29.72,30.23,29.72,29.88,415851
2012-07-09 00:00:00+05:30,29.98,30.0,29.43,29.77,283197
2012-07-10 00:00:00+05:30,29.95,29.95,29.33,29.55,337545
2012-07-11 00:00:00+05:30,29.5,30.08,29.33,29.9,381474
2012-07-12 00:00:00+05:30,29.97,30.28,29.67,29.9,936795
2012-07-13 00:00:00+05:30,29.4,30.23,29.4,30.0,1802310
2012-07-16 00:00:00+05:30,30.0,30.13,29.68,29.78,65946
2012-07-17 00:00:00+05:30,29.38,29.92,29.38,29.55,160026
2012-07-18 00:00:00+05:30,29.42,29.63,29.35,29.45,59484
2012-07-19 00:00:00+05:30,29.55,29.67,29.3,29.37,341022
2012-07-20 00:00:00+05:30,29.43,29.65,29.15,29.2,45420
2012-07-23 00:00:00+05:30,28.92,29.63,27.73,28.48,163548
2012-07-24 00:00:00+05:30,28.07,28.75,28.07,28.35,261033
2012-07-25 00:00:00+05:30,27.73,28.0,26.15,27.27,2315094
2012-07-26 00:00:00+05:30,27.33,28.67,27.0,28.12,6675021
2012-07-27 00:00:00+05:30,28.13,28.3,27.87,28.05,297114
2012-07-30 00:00:00+05:30,28.6,28.75,27.75,28.2,362907
2012-07-31 00:00:00+05:30,27.93,28.53,27.93,28.35,293775
2012-08-01 00:00:00+05:30,27.33,28.45,27.33,28.27,221787
2012-08-02 00:00:00+05:30,27.67,28.82,27.67,28.73,3748635
2012-08-03 00:00:00+05:30,28.8,29.33,28.37,29.17,929979
2012-08-06 00:00:00+05:30,29.22,29.53,28.33,28.83,1138023
2012-08-07 00:00:00+05:30,29.02,29.02,28.37,28.77,1405977
2012-08-08 00:00:00+05:30,29.03,29.05,28.37,28.73,110862
2012-08-09 00:00:00+05:30,28.6,29.67,28.43,28.68,381270
2012-08-10 00:00:00+05:30,28.67,28.88,28.5,28.63,324258
2012-08-13 00:00:00+05:30,28.93,28.97,28.33,28.62,66939
2012-08-14 00:00:00+05:30,28.67,28.8,28.33,28.45,132054
2012-08-16 00:00:00+05:30,28.8,28.8,28.27,28.35,99342
2012-08-17 00:00:00+05:30,28.5,28.5,28.08,28.3,86886
2012-08-21 00:00:00+05:30,28.33,28.73,28.25,28.38,903261
2012-08-22 00:00:00+05:30,28.6,28.6,27.7,28.22,788568
2012-08-23 00:00:00+05:30,28.5,28.58,28.03,28.17,846324
2012-08-24 00:00:00+05:30,28.47,28.47,28.0,28.1,196320
2012-08-27 00:00:00+05:30,28.17,28.18,27.73,27.82,152568
2012-08-28 00:00:00+05:30,27.82,28.48,27.8,28.05,561903
2012-08-29 00:00:00+05:30,27.85,28.22,27.82,27.95,90609
2012-08-30 00:00:00+05:30,27.83,28.17,27.53,27.83,1452705
2012-08-31 00:00:00+05:30,28.1,28.17,27.75,27.85,138774
2012-09-03 00:00:00+05:30,28.0,28.1,27.73,27.85,68199
2012-09-04 00:00:00+05:30,27.75,28.0,27.75,27.85,407160
2012-09-05 00:00:00+05:30,28.0,28.0,27.67,27.77,26289
2012-09-06 00:00:00+05:30,27.73,27.95,27.45,27.67,70236
2012-09-07 00:00:00+05:30,27.67,28.17,27.18,27.68,259302
2012-09-08 00:00:00+05:30,27.47,28.0,27.47,27.78,147417
2012-09-10 00:00:00+05:30,27.67,27.95,27.05,27.43,118206
2012-09-11 00:00:00+05:30,27.17,27.57,27.17,27.28,63909
2012-09-12 00:00:00+05:30,27.63,27.65,26.9,27.4,102615
2012-09-13 00:00:00+05:30,27.45,27.8,26.37,26.9,330600
2012-09-14 00:00:00+05:30,27.02,27.55,27.02,27.25,130785
2012-09-17 00:00:00+05:30,27.17,27.65,27.0,27.32,148455
2012-09-18 00:00:00+05:30,27.32,27.62,27.17,27.23,134625
2012-09-20 00:00:00+05:30,26.67,27.47,26.67,26.98,271851
2012-09-21 00:00:00+05:30,26.93,27.2,25.52,25.82,2178090
2012-09-24 00:00:00+05:30,25.98,26.12,23.0,23.28,9721788
2012-09-25 00:00:00+05:30,23.4,25.28,23.33,24.57,6600045
2012-09-26 00:00:00+05:30,24.65,25.5,24.38,24.75,1986849
2012-09-27 00:00:00+05:30,24.62,29.33,22.35,26.22,47376309
2012-09-28 00:00:00+05:30,25.97,26.52,24.27,24.85,7490565
2012-10-01 00:00:00+05:30,25.22,25.5,23.67,25.1,2001969
2012-10-03 00:00:00+05:30,25.13,25.37,24.33,24.62,648513
2012-10-04 00:00:00+05:30,24.92,24.93,24.28,24.43,991011
2012-10-05 00:00:00+05:30,24.35,24.82,23.87,24.0,969996
2012-10-08 00:00:00+05:30,24.03,24.5,23.43,23.72,946935
2012-10-09 00:00:00+05:30,23.67,24.32,23.6,23.67,831762
2012-10-10 00:00:00+05:30,23.67,23.78,23.37,23.42,254544
2012-10-11 00:00:00+05:30,23.38,23.43,23.03,23.13,474180
2012-10-12 00:00:00+05:30,23.17,23.67,22.93,23.02,906687
2012-10-15 00:00:00+05:30,23.1,23.37,23.0,23.08,262299
2012-10-16 00:00:00+05:30,23.05,23.23,22.87,22.98,208509
2012-10-17 00:00:00+05:30,23.03,23.27,22.7,22.77,375981
2012-10-18 00:00:00+05:30,22.83,23.18,22.65,22.83,278265
2012-10-19 00:00:00+05:30,22.82,23.23,22.62,22.95,320076
2012-10-22 00:00:00+05:30,23.13,23.33,22.45,22.55,625548
2012-10-23 00:00:00+05:30,23.0,23.23,22.47,22.6,490779
2012-10-25 00:00:00+05:30,22.67,23.33,22.33,23.05,517509
2012-10-26 00:00:00+05:30,23.13,23.25,22.4,22.58,322212
2012-10-29 00:00:00+05:30,22.6,22.92,22.33,22.52,167430
2012-10-30 00:00:00+05:30,22.6,22.65,22.13,22.28,229911
2012-10-31 00:00:00+05:30,22.28,22.5,22.05,22.15,177576
2012-11-01 00:00:00+05:30,22.25,22.37,22.03,22.18,158607
2012-11-02 00:00:00+05:30,22.25,22.45,22.15,22.27,225942
2012-11-05 00:00:00+05:30,22.27,22.33,22.03,22.07,84231
2012-11-06 00:00:00+05:30,22.08,22.33,21.97,22.25,291078
2012-11-07 00:00:00+05:30,22.22,22.38,22.03,22.13,110433
2012-11-08 00:00:00+05:30,22.17,22.17,21.72,21.9,194964
2012-11-09 00:00:00+05:30,21.78,22.07,21.5,21.57,165129
2012-11-12 00:00:00+05:30,21.37,22.17,21.07,21.85,280854
2012-11-13 00:00:00+05:30,21.67,22.45,21.67,22.28,140916
2012-11-15 00:00:00+05:30,22.05,22.05,21.5,21.62,178338
2012-11-16 00:00:00+05:30,21.62,21.78,21.25,21.38,117801
2012-11-19 00:00:00+05:30,21.38,21.65,20.68,20.92,242211
2012-11-20 00:00:00+05:30,20.83,21.12,20.08,20.15,563493
2012-11-21 00:00:00+05:30,20.08,20.88,20.03,20.32,187209
2012-11-22 00:00:00+05:30,20.62,21.1,20.1,20.4,364410
2012-11-23 00:00:00+05:30,20.47,20.8,20.22,20.33,138396
2012-11-26 00:00:00+05:30,20.35,20.53,20.1,20.28,112326
2012-11-27 00:00:00+05:30,20.18,20.22,16.68,20.02,275223
2012-11-29 00:00:00+05:30,20.32,20.65,20.08,20.47,166554
2012-11-30 00:00:00+05:30,20.62,20.82,20.27,20.55,150744
2012-12-03 00:00:00+05:30,20.38,21.2,20.38,21.03,300084
2012-12-04 00:00:00+05:30,21.0,24.12,21.0,23.38,2951946
2012-12-05 00:00:00+05:30,23.43,24.3,23.27,23.57,1106970
2012-12-06 00:00:00+05:30,23.95,23.95,22.67,22.82,271821
2012-12-07 00:00:00+05:30,22.72,23.95,22.63,23.45,656289
2012-12-10 00:00:00+05:30,23.23,23.38,22.92,23.07,210045
2012-12-11 00:00:00+05:30,22.93,23.35,22.4,22.67,179763
2012-12-12 00:00:00+05:30,22.45,22.92,21.87,21.97,165894
2012-12-13 00:00:00+05:30,21.98,22.67,21.98,22.22,205482
2012-12-14 00:00:00+05:30,22.42,22.45,21.9,22.07,60414
2012-12-17 00:00:00+05:30,22.17,22.27,21.87,22.1,54774
2012-12-18 00:00:00+05:30,21.73,22.53,21.73,22.07,59343
2012-12-19 00:00:00+05:30,22.08,22.33,22.07,22.08,109551
2012-12-20 00:00:00+05:30,22.0,22.33,21.85,21.95,76848
2012-12-21 00:00:00+05:30,21.95,22.23,20.68,21.08,240579
2012-12-24 00:00:00+05:30,21.28,21.45,21.17,21.32,145740
2012-12-26 00:00:00+05:30,21.37,22.42,20.47,22.18,288093
2012-12-27 00:00:00+05:30,22.08,22.83,21.57,21.88,228930
2012-12-28 00:00:00+05:30,21.85,21.93,21.1,21.38,115428
2012-12-31 00:00:00+05:30,21.22,21.97,21.22,21.48,264450
2013-01-01 00:00:00+05:30,21.22,21.97,21.22,21.77,70005
2013-01-02 00:00:00+05:30,21.42,22.62,21.42,22.0,205545
2013-01-03 00:00:00+05:30,22.17,22.73,22.03,22.27,152628
2013-01-04 00:00:00+05:30,22.18,23.57,22.0,22.98,494448
2013-01-07 00:00:00+05:30,23.0,24.27,22.92,23.47,871665
2013-01-08 00:00:00+05:30,23.48,24.47,23.37,24.18,687546
2013-01-09 00:00:00+05:30,24.25,25.0,24.23,24.42,805002
2013-01-10 00:00:00+05:30,24.75,24.83,23.83,24.22,258759
2013-01-11 00:00:00+05:30,24.33,24.72,23.33,23.48,147405
2013-01-14 00:00:00+05:30,23.88,24.13,23.05,24.02,167595
2013-01-15 00:00:00+05:30,23.73,25.1,23.67,24.25,587127
2013-01-16 00:00:00+05:30,24.43,24.62,23.45,23.67,183930
2013-01-17 00:00:00+05:30,24.0,24.0,23.35,23.65,134301
2013-01-18 00:00:00+05:30,24.13,24.15,23.33,23.43,98829
2013-01-21 00:00:00+05:30,23.43,23.63,22.83,23.2,145131
2013-01-22 00:00:00+05:30,23.55,23.83,23.03,23.48,126423
2013-01-23 00:00:00+05:30,23.67,24.43,23.53,23.68,218652
2013-01-24 00:00:00+05:30,23.7,23.8,22.85,23.33,131082
2013-01-25 00:00:00+05:30,23.0,23.77,22.87,23.4,84384
2013-01-28 00:00:00+05:30,23.57,23.65,23.02,23.3,218652
2013-01-29 00:00:00+05:30,23.1,23.47,22.37,22.92,262845
2013-01-30 00:00:00+05:30,22.73,23.33,22.5,23.25,166047
2013-01-31 00:00:00+05:30,23.02,23.32,22.68,23.22,63078
2013-02-01 00:00:00+05:30,23.2,23.23,22.72,22.93,42261
2013-02-04 00:00:00+05:30,23.15,23.23,22.7,22.77,24759
2013-02-05 00:00:00+05:30,22.77,23.33,22.65,22.73,34848
2013-02-06 00:00:00+05:30,22.8,23.25,22.68,23.08,60933
2013-02-07 00:00:00+05:30,23.08,23.27,22.67,22.72,41031
2013-02-08 00:00:00+05:30,22.6,22.78,22.42,22.67,43167
2013-02-11 00:00:00+05:30,22.57,22.9,22.1,22.35,52470
2013-02-12 00:00:00+05:30,22.48,22.65,22.17,22.18,57258
2013-02-13 00:00:00+05:30,22.05,22.58,22.0,22.02,28437
2013-02-14 00:00:00+05:30,22.02,23.37,22.0,22.38,173412
2013-02-15 00:00:00+05:30,22.62,22.98,22.2,22.53,92574
2013-02-18 00:00:00+05:30,22.1,22.75,21.33,22.42,113856
2013-02-19 00:00:00+05:30,22.33,22.65,22.02,22.28,82650
2013-02-20 00:00:00+05:30,22.43,22.48,21.93,22.0,83340
2013-02-21 00:00:00+05:30,22.1,22.23,21.67,21.77,67047
2013-02-22 00:00:00+05:30,21.43,21.98,20.05,21.48,84942
2013-02-25 00:00:00+05:30,21.35,21.97,21.28,21.35,54387
2013-02-26 00:00:00+05:30,20.88,22.07,20.88,21.6,87612
2013-02-27 00:00:00+05:30,21.62,21.83,20.67,20.98,234264
2013-02-28 00:00:00+05:30,20.68,21.68,20.0,20.35,175500
2013-03-01 00:00:00+05:30,20.6,21.42,20.4,20.68,210489
2013-03-04 00:00:00+05:30,20.35,20.77,19.12,19.38,199266
2013-03-05 00:00:00+05:30,19.93,20.98,19.5,20.77,776163
2013-03-06 00:00:00+05:30,20.95,20.97,20.08,20.22,345906
2013-03-07 00:00:00+05:30,20.5,20.52,19.83,19.98,294243
2013-03-08 00:00:00+05:30,20.17,20.58,20.17,20.37,407373
2013-03-11 00:00:00+05:30,20.35,20.63,20.18,20.27,39423
2013-03-12 00:00:00+05:30,20.27,20.62,20.17,20.32,206880
2013-03-13 00:00:00+05:30,20.33,20.4,19.93,20.15,54306
2013-03-14 00:00:00+05:30,20.32,20.33,19.72,19.95,59550
2013-03-15 00:00:00+05:30,20.0,20.32,18.73,19.03,781611
2013-03-18 00:00:00+05:30,19.0,21.58,18.82,20.52,1992588
2013-03-19 00:00:00+05:30,20.52,20.9,20.1,20.3,501051
2013-03-20 00:00:00+05:30,20.62,22.38,20.57,21.83,1904241
2013-03-21 00:00:00+05:30,22.02,23.83,22.02,23.22,3478437
2013-03-22 00:00:00+05:30,23.33,23.65,19.75,21.03,1279539
2013-03-25 00:00:00+05:30,21.97,22.0,20.68,21.5,332307
2013-03-26 00:00:00+05:30,21.08,21.63,20.72,21.03,96420
2013-03-28 00:00:00+05:30,20.88,21.05,20.7,20.87,68058
2013-04-01 00:00:00+05:30,20.67,23.83,20.67,23.1,614502
2013-04-02 00:00:00+05:30,22.52,23.2,22.03,22.63,211974
2013-04-03 00:00:00+05:30,22.63,23.33,22.52,22.67,232500
2013-04-04 00:00:00+05:30,22.45,22.77,21.38,21.92,149967
2013-04-05 00:00:00+05:30,22.63,22.92,22.0,22.67,185019
2013-04-08 00:00:00+05:30,22.75,22.9,22.5,22.62,113379
2013-04-09 00:00:00+05:30,22.95,22.95,22.33,22.5,62397
2013-04-10 00:00:00+05:30,22.5,22.72,22.4,22.53,103983
2013-04-11 00:00:00+05:30,22.6,22.77,22.17,22.23,44637
2013-04-12 00:00:00+05:30,22.02,22.33,22.0,22.08,84123
2013-04-15 00:00:00+05:30,22.08,24.0,22.08,23.88,758214
2013-04-16 00:00:00+05:30,23.13,23.42,22.67,22.75,286557
2013-04-17 00:00:00+05:30,22.8,23.93,22.67,23.07,1557021
2013-04-18 00:00:00+05:30,23.03,23.33,22.7,22.83,72258
2013-04-22 00:00:00+05:30,22.42,22.88,22.42,22.52,43326
2013-04-23 00:00:00+05:30,23.3,23.3,22.03,22.32,41055
2013-04-25 00:00:00+05:30,22.0,23.67,22.0,22.78,285330
2013-04-26 00:00:00+05:30,22.67,23.32,22.57,23.03,103422
2013-04-29 00:00:00+05:30,23.15,24.6,22.7,23.17,1669698
2013-04-30 00:00:00+05:30,23.03,23.92,22.75,22.98,141945
2013-05-02 00:00:00+05:30,22.42,22.9,22.42,22.65,87708
2013-05-03 00:00:00+05:30,22.67,22.67,22.15,22.25,75873
2013-05-06 00:00:00+05:30,22.6,22.6,22.1,22.25,68076
2013-05-07 00:00:00+05:30,22.33,23.3,22.33,23.02,117801
2013-05-08 00:00:00+05:30,23.17,23.33,22.87,22.95,70737
2013-05-09 00:00:00+05:30,22.73,23.13,22.73,22.98,52044
2013-05-10 00:00:00+05:30,22.67,23.17,22.5,22.95,131277
2013-05-11 00:00:00+05:30,22.7,22.97,22.68,22.77,3558
2013-05-13 00:00:00+05:30,22.67,23.0,22.5,22.67,20847
2013-05-14 00:00:00+05:30,22.72,23.28,22.43,22.72,70737
2013-05-15 00:00:00+05:30,22.88,23.13,22.5,22.67,55887
2013-05-16 00:00:00+05:30,22.73,22.98,22.67,22.68,30711
2013-05-17 00:00:00+05:30,22.75,23.27,22.65,22.95,60972
2013-05-20 00:00:00+05:30,22.57,23.48,22.57,23.02,105978
2013-05-21 00:00:00+05:30,23.03,23.17,22.7,22.8,115617
2013-05-22 00:00:00+05:30,23.0,23.17,22.67,22.68,35079
2013-05-23 00:00:00+05:30,22.68,22.85,22.35,22.48,67191
2013-05-24 00:00:00+05:30,22.58,23.33,22.5,22.95,78843
2013-05-27 00:00:00+05:30,22.93,23.28,22.87,22.93,59343
2013-05-28 00:00:00+05:30,22.97,23.33,22.83,23.15,91452
2013-05-29 00:00:00+05:30,23.32,23.35,22.65,22.88,314163
2013-05-30 00:00:00+05:30,23.23,23.23,22.77,23.02,124599
2013-05-31 00:00:00+05:30,23.37,23.62,21.85,22.33,252831
2013-06-03 00:00:00+05:30,22.65,22.8,22.07,22.23,45699
2013-06-04 00:00:00+05:30,22.5,22.5,22.1,22.35,33336
2013-06-05 00:00:00+05:30,22.4,23.27,22.15,22.98,509442
2013-06-06 00:00:00+05:30,23.28,23.65,22.4,22.67,383601
2013-06-07 00:00:00+05:30,23.25,23.25,22.07,22.17,53889
2013-06-10 00:00:00+05:30,22.13,22.83,22.13,22.6,151161
2013-06-11 00:00:00+05:30,22.97,22.97,22.13,22.57,145014
2013-06-12 00:00:00+05:30,22.08,22.82,21.22,22.38,43815
2013-06-13 00:00:00+05:30,22.07,22.33,21.83,22.02,61170
2013-06-14 00:00:00+05:30,22.6,22.73,22.05,22.68,73002
2013-06-17 00:00:00+05:30,22.73,22.98,22.67,22.82,379239
2013-06-18 00:00:00+05:30,22.67,22.8,22.2,22.3,30633
2013-06-19 00:00:00+05:30,22.3,22.43,22.15,22.18,73371
2013-06-20 00:00:00+05:30,22.05,22.83,20.33,21.73,361116
2013-06-21 00:00:00+05:30,21.83,21.98,20.88,21.12,38427
2013-06-24 00:00:00+05:30,21.13,21.13,20.5,20.67,60582
2013-06-25 00:00:00+05:30,21.07,21.07,20.37,20.42,14376
2013-06-26 00:00:00+05:30,20.35,21.13,20.28,20.7,45063
2013-06-27 00:00:00+05:30,20.37,20.97,18.55,20.07,517779
2013-06-28 00:00:00+05:30,19.87,21.65,19.02,20.33,335616
2013-07-01 00:00:00+05:30,20.22,21.17,19.8,20.7,75135
2013-07-02 00:00:00+05:30,20.33,21.07,20.33,20.65,37233
2013-07-03 00:00:00+05:30,20.33,20.67,19.83,19.95,33843
2013-07-04 00:00:00+05:30,20.33,20.33,19.33,19.63,62805
2013-07-05 00:00:00+05:30,19.83,19.98,19.62,19.67,25470
2013-07-08 00:00:00+05:30,19.33,20.48,19.33,19.77,88812
2013-07-09 00:00:00+05:30,20.1,20.1,19.37,19.48,38580
2013-07-10 00:00:00+05:30,19.33,19.73,19.05,19.32,19980
2013-07-11 00:00:00+05:30,19.98,19.98,19.4,19.63,57492
2013-07-12 00:00:00+05:30,19.67,19.67,19.2,19.28,42681
2013-07-15 00:00:00+05:30,19.6,19.67,19.17,19.33,45072
2013-07-16 00:00:00+05:30,19.17,19.63,18.83,18.88,54870
2013-07-17 00:00:00+05:30,19.0,19.5,18.73,19.2,53310
2013-07-18 00:00:00+05:30,19.0,19.5,19.0,19.47,24669
2013-07-19 00:00:00+05:30,20.27,20.27,18.67,18.82,60054
2013-07-22 00:00:00+05:30,19.0,19.55,18.37,19.07,54582
2013-07-23 00:00:00+05:30,18.98,19.23,18.7,19.07,33921
2013-07-24 00:00:00+05:30,18.8,19.22,18.52,18.72,58089
2013-07-25 00:00:00+05:30,18.4,18.92,18.27,18.33,15882
2013-07-26 00:00:00+05:30,18.58,19.33,18.52,18.65,46719
2013-07-29 00:00:00+05:30,18.82,18.82,17.33,18.1,39573
2013-07-30 00:00:00+05:30,18.02,18.53,17.37,17.88,66759
2013-07-31 00:00:00+05:30,17.75,18.13,17.03,17.62,51660
2013-08-01 00:00:00+05:30,17.67,17.9,17.67,17.67,21294
2013-08-02 00:00:00+05:30,17.67,18.25,16.77,17.02,68493
2013-08-05 00:00:00+05:30,16.68,17.08,16.33,16.92,31797
2013-08-06 00:00:00+05:30,16.68,16.98,15.57,15.98,54288
2013-08-07 00:00:00+05:30,16.02,17.25,16.02,16.82,79998
2013-08-08 00:00:00+05:30,16.67,16.87,16.48,16.57,18864
2013-08-12 00:00:00+05:30,16.53,18.17,15.93,17.15,380082
2013-08-13 00:00:00+05:30,17.33,17.8,16.2,16.35,240711
2013-08-14 00:00:00+05:30,16.67,16.67,15.33,15.6,578115
2013-08-16 00:00:00+05:30,15.67,15.92,12.48,12.48,968595
2013-08-19 00:00:00+05:30,13.1,13.67,12.5,12.7,840411
2013-08-20 00:00:00+05:30,12.67,12.67,11.87,11.95,3717282
2013-08-21 00:00:00+05:30,12.0,12.0,10.77,10.77,5694189
2013-08-22 00:00:00+05:30,9.7,10.0,9.7,9.7,1957506
2013-08-23 00:00:00+05:30,8.72,10.55,8.65,10.55,12338970
2013-08-26 00:00:00+05:30,11.05,11.6,11.05,11.6,552330
2013-08-27 00:00:00+05:30,12.75,12.75,12.05,12.75,1091208
2013-08-28 00:00:00+05:30,14.02,14.02,13.02,13.93,1332780
2013-08-29 00:00:00+05:30,14.33,14.6,13.25,13.28,733026
2013-08-30 00:00:00+05:30,12.88,12.9,12.63,12.67,386646
2013-09-02 00:00:00+05:30,12.17,13.3,12.03,13.27,644466
2013-09-03 00:00:00+05:30,13.87,13.87,12.83,13.05,387963
2013-09-04 00:00:00+05:30,13.0,13.58,12.97,13.37,1238028
2013-09-05 00:00:00+05:30,13.53,13.63,13.15,13.25,1424085
2013-09-06 00:00:00+05:30,13.33,13.33,12.73,13.08,1250727
2013-09-10 00:00:00+05:30,13.32,13.48,12.9,13.0,259671
2013-09-11 00:00:00+05:30,13.0,13.1,12.62,12.72,1337850
2013-09-12 00:00:00+05:30,12.92,12.97,12.27,12.4,1330818
2013-09-13 00:00:00+05:30,12.15,12.68,12.15,12.35,1370343
2013-09-16 00:00:00+05:30,12.65,12.75,12.02,12.12,1614894
2013-09-17 00:00:00+05:30,12.28,12.28,11.77,12.08,1574451
2013-09-18 00:00:00+05:30,12.27,12.27,11.93,12.0,57969
2013-09-19 00:00:00+05:30,12.0,12.45,12.0,12.33,272067
2013-09-20 00:00:00+05:30,12.33,12.95,12.28,12.6,420957
2013-09-23 00:00:00+05:30,12.9,12.9,12.37,12.5,778380
2013-09-24 00:00:00+05:30,12.22,12.72,12.22,12.42,35118
2013-09-25 00:00:00+05:30,12.33,12.42,12.22,12.32,1255233
2013-09-26 00:00:00+05:30,12.17,12.33,12.15,12.25,26304
2013-09-27 00:00:00+05:30,12.17,12.85,12.17,12.3,97038
2013-09-30 00:00:00+05:30,12.58,12.58,11.7,11.8,127320
2013-10-01 00:00:00+05:30,11.93,12.0,11.77,11.97,23718
2013-10-03 00:00:00+05:30,12.05,12.15,11.88,12.05,75444
2013-10-04 00:00:00+05:30,12.05,12.15,11.83,11.95,50973
2013-10-07 00:00:00+05:30,11.95,12.15,11.67,11.75,94749
2013-10-08 00:00:00+05:30,11.83,11.97,11.73,11.75,51177
2013-10-09 00:00:00+05:30,11.85,11.85,11.23,11.48,160845
2013-10-10 00:00:00+05:30,11.33,11.72,11.33,11.55,82890
2013-10-11 00:00:00+05:30,11.65,11.68,11.42,11.53,128190
2013-10-14 00:00:00+05:30,11.43,11.58,11.25,11.4,165732
2013-10-15 00:00:00+05:30,11.33,11.48,11.17,11.2,144876
2013-10-17 00:00:00+05:30,11.2,11.27,10.95,11.02,86712
2013-10-18 00:00:00+05:30,11.4,11.4,10.97,11.02,54783
2013-10-21 00:00:00+05:30,10.9,11.15,10.87,10.92,95343
2013-10-22 00:00:00+05:30,11.1,11.1,10.67,10.68,212535
2013-10-23 00:00:00+05:30,10.87,11.22,10.87,11.22,161421
2013-10-24 00:00:00+05:30,11.77,11.77,11.3,11.45,399336
2013-10-25 00:00:00+05:30,11.45,11.45,10.95,10.98,115080
2013-10-28 00:00:00+05:30,10.83,11.13,10.77,10.93,55665
2013-10-29 00:00:00+05:30,10.78,11.0,10.78,10.92,40587
2013-10-30 00:00:00+05:30,11.1,11.15,10.9,11.07,48900
2013-10-31 00:00:00+05:30,11.25,11.62,11.13,11.62,122079
2013-11-01 00:00:00+05:30,12.18,12.18,11.33,11.37,720150
2013-11-03 00:00:00+05:30,11.65,11.93,11.5,11.85,106851
2013-11-05 00:00:00+05:30,11.67,11.97,11.28,11.38,382515
2013-11-06 00:00:00+05:30,11.33,11.93,11.33,11.68,561237
2013-11-07 00:00:00+05:30,12.0,12.32,11.72,11.83,475338
2013-11-08 00:00:00+05:30,11.77,13.58,11.77,12.5,9052689
2013-11-11 00:00:00+05:30,12.62,13.17,12.4,12.6,723630
2013-11-12 00:00:00+05:30,12.77,12.77,11.95,12.02,263898
2013-11-13 00:00:00+05:30,11.83,12.0,11.03,11.27,440793
2013-11-14 00:00:00+05:30,11.97,11.97,11.2,11.27,254097
2013-11-18 00:00:00+05:30,11.2,11.92,11.02,11.15,506523
2013-11-19 00:00:00+05:30,11.33,11.4,11.03,11.32,328188
2013-11-20 00:00:00+05:30,11.5,11.5,11.07,11.12,399738
2013-11-21 00:00:00+05:30,11.07,11.17,10.83,11.07,340056
2013-11-22 00:00:00+05:30,11.13,11.38,10.93,11.02,167751
2013-11-25 00:00:00+05:30,11.08,11.32,11.02,11.07,108861
2013-11-26 00:00:00+05:30,11.13,11.28,9.83,9.97,2364648
2013-11-27 00:00:00+05:30,10.05,10.47,10.05,10.22,250908
2013-11-28 00:00:00+05:30,10.23,10.57,10.17,10.22,663267
2013-11-29 00:00:00+05:30,10.42,10.55,10.05,10.08,449916
2013-12-02 00:00:00+05:30,10.08,10.33,10.0,10.08,556836
2013-12-03 00:00:00+05:30,10.18,10.3,10.03,10.22,285852
2013-12-04 00:00:00+05:30,10.48,10.5,9.95,10.02,474483
2013-12-05 00:00:00+05:30,10.0,10.32,9.93,9.97,415482
2013-12-06 00:00:00+05:30,9.77,10.1,9.77,10.05,266928
2013-12-09 00:00:00+05:30,10.0,10.48,10.0,10.32,329544
2013-12-10 00:00:00+05:30,10.65,11.57,10.5,10.93,3185442
2013-12-11 00:00:00+05:30,10.73,11.23,10.5,10.57,688836
2013-12-12 00:00:00+05:30,10.5,10.7,10.1,10.23,633246
2013-12-13 00:00:00+05:30,10.0,10.48,10.0,10.4,356709
2013-12-16 00:00:00+05:30,10.4,10.6,10.23,10.5,201915
2013-12-17 00:00:00+05:30,10.63,10.63,10.02,10.17,260529
2013-12-18 00:00:00+05:30,10.1,10.38,10.1,10.18,223602
2013-12-19 00:00:00+05:30,10.33,10.33,10.08,10.18,106476
2013-12-20 00:00:00+05:30,10.1,10.3,10.07,10.13,358014
2013-12-23 00:00:00+05:30,10.13,10.48,10.13,10.28,167142
2013-12-24 00:00:00+05:30,10.45,10.62,10.4,10.52,225093
2013-12-26 00:00:00+05:30,10.63,10.82,10.43,10.63,238137
2013-12-27 00:00:00+05:30,10.73,11.6,10.7,11.17,1683285
2013-12-30 00:00:00+05:30,11.28,11.88,10.92,11.75,1743717
2013-12-31 00:00:00+05:30,12.67,13.3,12.5,12.73,6883377
2014-01-01 00:00:00+05:30,12.82,12.97,12.17,12.72,1329501
2014-01-02 00:00:00+05:30,12.8,12.87,11.77,11.9,890787
2014-01-03 00:00:00+05:30,11.85,12.12,11.62,11.95,642630
2014-01-06 00:00:00+05:30,12.17,12.17,11.6,11.67,470019
2014-01-07 00:00:00+05:30,11.97,12.87,11.67,12.75,2397789
2014-01-08 00:00:00+05:30,13.17,13.4,12.38,12.53,3625998
2014-01-09 00:00:00+05:30,12.67,12.92,11.93,12.22,1820253
2014-01-10 00:00:00+05:30,12.33,12.48,11.73,11.8,873576
2014-01-13 00:00:00+05:30,12.33,12.33,11.57,11.63,480327
2014-01-14 00:00:00+05:30,11.63,11.8,11.38,11.52,266466
2014-01-15 00:00:00+05:30,11.53,11.65,11.42,11.55,233280
2014-01-16 00:00:00+05:30,11.68,11.93,11.4,11.48,322947
2014-01-17 00:00:00+05:30,11.5,11.55,11.03,11.15,301413
2014-01-20 00:00:00+05:30,11.28,11.33,11.0,11.1,229362
2014-01-21 00:00:00+05:30,11.1,11.37,11.05,11.25,215973
2014-01-22 00:00:00+05:30,11.23,11.73,11.15,11.22,566229
2014-01-23 00:00:00+05:30,11.22,11.43,11.15,11.23,139038
2014-01-24 00:00:00+05:30,11.03,11.23,10.83,10.88,283176
2014-01-27 00:00:00+05:30,10.7,11.13,10.4,10.57,393321
2014-01-28 00:00:00+05:30,10.3,10.85,10.3,10.62,133275
2014-01-29 00:00:00+05:30,10.6,11.6,10.55,11.12,1224255
2014-01-30 00:00:00+05:30,10.3,10.65,10.2,10.5,471930
2014-01-31 00:00:00+05:30,10.67,10.77,10.4,10.42,225714
2014-02-03 00:00:00+05:30,10.33,10.65,10.33,10.45,269106
2014-02-04 00:00:00+05:30,10.67,10.67,10.27,10.43,218700
2014-02-05 00:00:00+05:30,10.5,10.63,10.4,10.48,293172
2014-02-06 00:00:00+05:30,10.57,10.62,10.42,10.47,134490
2014-02-07 00:00:00+05:30,10.6,10.67,10.35,10.42,100272
2014-02-10 00:00:00+05:30,10.37,10.6,10.37,10.43,129000
2014-02-11 00:00:00+05:30,10.47,10.6,10.43,10.45,107334
2014-02-12 00:00:00+05:30,10.5,10.83,10.3,10.37,201330
2014-02-13 00:00:00+05:30,10.33,10.5,10.0,10.1,215448
2014-02-14 00:00:00+05:30,10.27,10.27,9.47,9.83,617046
2014-02-17 00:00:00+05:30,11.13,11.13,9.33,9.67,816912
2014-02-18 00:00:00+05:30,9.9,10.08,9.45,9.93,758607
2014-02-19 00:00:00+05:30,9.97,10.4,9.6,10.22,1382316
2014-02-20 00:00:00+05:30,10.0,10.6,9.92,10.3,1093929
2014-02-21 00:00:00+05:30,10.48,10.63,10.12,10.22,361497
2014-02-24 00:00:00+05:30,10.55,10.75,10.33,10.42,495777
2014-02-25 00:00:00+05:30,10.35,10.47,10.17,10.18,157767
2014-02-26 00:00:00+05:30,10.27,10.27,10.0,10.13,193083
2014-02-28 00:00:00+05:30,10.22,10.23,10.08,10.13,94881
2014-03-03 00:00:00+05:30,10.13,10.13,9.97,10.0,126672
2014-03-04 00:00:00+05:30,10.03,10.2,9.98,10.1,131634
2014-03-05 00:00:00+05:30,10.17,10.27,9.98,10.03,134721
2014-03-06 00:00:00+05:30,10.1,10.55,9.87,10.27,1312497
2014-03-07 00:00:00+05:30,10.82,11.33,10.67,10.83,3514023
2014-03-10 00:00:00+05:30,10.82,10.97,10.57,10.73,1292796
2014-03-11 00:00:00+05:30,10.68,10.95,10.63,10.68,294210
2014-03-12 00:00:00+05:30,10.6,10.67,10.08,10.27,597525
2014-03-13 00:00:00+05:30,10.48,10.48,9.93,9.98,1043202
2014-03-14 00:00:00+05:30,9.83,10.17,9.82,9.98,233913
2014-03-18 00:00:00+05:30,9.97,10.18,9.7,9.78,762255
2014-03-19 00:00:00+05:30,9.75,9.95,9.58,9.62,1040286
2014-03-20 00:00:00+05:30,9.63,9.67,9.52,9.57,394257
2014-03-21 00:00:00+05:30,9.53,9.68,9.17,9.22,1265319
2014-03-22 00:00:00+05:30,9.45,9.45,9.27,9.3,140463
2014-03-24 00:00:00+05:30,9.3,9.47,9.28,9.33,568413
2014-03-25 00:00:00+05:30,9.25,9.43,9.22,9.28,624342
2014-03-26 00:00:00+05:30,9.33,9.33,8.92,9.03,935295
2014-03-27 00:00:00+05:30,8.93,9.68,8.92,9.1,3374631
2014-03-28 00:00:00+05:30,9.3,9.6,9.17,9.52,950925
2014-03-31 00:00:00+05:30,9.65,9.93,9.58,9.75,721017
2014-04-01 00:00:00+05:30,9.68,9.83,9.57,9.72,487617
2014-04-02 00:00:00+05:30,9.83,10.42,9.6,10.27,1749912
2014-04-03 00:00:00+05:30,10.17,10.9,10.17,10.65,2456043
2014-04-04 00:00:00+05:30,10.72,11.18,10.72,10.98,1833738
2014-04-07 00:00:00+05:30,11.08,11.4,10.75,11.08,739983
2014-04-09 00:00:00+05:30,11.08,11.83,10.75,11.32,3042477
2014-04-10 00:00:00+05:30,11.72,11.72,11.1,11.18,1322229
2014-04-11 00:00:00+05:30,11.23,11.35,11.03,11.25,1074762
2014-04-15 00:00:00+05:30,11.27,11.45,11.07,11.1,668931
2014-04-16 00:00:00+05:30,11.07,11.37,10.87,10.93,929619
2014-04-17 00:00:00+05:30,10.85,11.47,10.77,11.38,1094031
2014-04-21 00:00:00+05:30,11.45,11.88,11.45,11.57,1029537
2014-04-22 00:00:00+05:30,11.67,12.52,11.45,12.27,2992155
2014-04-23 00:00:00+05:30,12.38,12.83,12.25,12.47,1972320
2014-04-25 00:00:00+05:30,12.55,12.95,12.02,12.85,2628447
2014-04-28 00:00:00+05:30,13.0,13.28,12.85,13.1,3896466
2014-04-29 00:00:00+05:30,13.08,13.13,12.7,12.73,1373568
2014-04-30 00:00:00+05:30,12.73,13.1,11.83,12.02,1251933
2014-05-02 00:00:00+05:30,12.13,12.48,11.83,11.98,727233
2014-05-05 00:00:00+05:30,11.93,12.27,11.83,12.02,1739490
2014-05-06 00:00:00+05:30,12.22,12.22,11.73,11.83,326421
2014-05-07 00:00:00+05:30,11.7,12.43,11.7,12.0,660750
2014-05-08 00:00:00+05:30,11.9,12.43,11.9,12.2,677202
2014-05-09 00:00:00+05:30,12.12,12.5,12.12,12.32,868284
2014-05-12 00:00:00+05:30,12.22,12.5,11.95,12.07,741189
2014-05-13 00:00:00+05:30,12.5,12.77,12.12,12.3,1061865
2014-05-14 00:00:00+05:30,12.5,12.83,12.18,12.7,1309131
2014-05-15 00:00:00+05:30,12.78,12.83,12.18,12.27,494868
2014-05-16 00:00:00+05:30,12.5,12.77,12.17,12.38,765309
2014-05-19 00:00:00+05:30,12.33,13.38,12.33,13.22,2753562
2014-05-20 00:00:00+05:30,14.0,14.62,13.35,13.48,8133708
2014-05-21 00:00:00+05:30,13.7,13.92,13.13,13.4,4379307
2014-05-22 00:00:00+05:30,13.57,14.08,13.52,13.63,5781630
2014-05-23 00:00:00+05:30,13.72,14.67,13.72,14.43,8006226
2014-05-26 00:00:00+05:30,14.8,16.17,14.25,14.68,10642821
2014-05-27 00:00:00+05:30,14.83,15.0,14.0,14.3,2365284
2014-05-28 00:00:00+05:30,14.37,15.38,14.35,15.17,2850432
2014-05-29 00:00:00+05:30,15.23,15.53,14.97,15.07,2085207
2014-05-30 00:00:00+05:30,15.08,15.45,14.47,14.72,1195704
2014-06-02 00:00:00+05:30,14.02,14.3,13.47,14.17,3344535
2014-06-03 00:00:00+05:30,14.17,14.95,14.17,14.8,3166794
2014-06-04 00:00:00+05:30,14.9,15.32,14.58,15.08,2389206
2014-06-05 00:00:00+05:30,15.2,15.43,14.85,15.22,1793826
2014-06-06 00:00:00+05:30,15.23,16.17,15.23,15.87,4328940
2014-06-09 00:00:00+05:30,16.03,16.07,15.43,15.67,3332868
2014-06-10 00:00:00+05:30,15.78,15.78,15.1,15.52,1308867
2014-06-11 00:00:00+05:30,15.53,16.5,15.42,15.78,5073933
2014-06-12 00:00:00+05:30,15.8,16.6,15.5,16.32,3316746
2014-06-13 00:00:00+05:30,16.47,16.47,14.97,15.08,1908699
2014-06-16 00:00:00+05:30,15.13,15.22,14.4,14.98,897645
2014-06-17 00:00:00+05:30,15.12,16.1,14.97,15.97,2074800
2014-06-18 00:00:00+05:30,16.65,17.07,15.9,16.12,8645400
2014-06-19 00:00:00+05:30,16.33,16.48,14.22,15.95,1333839
2014-06-20 00:00:00+05:30,15.77,16.12,15.33,15.43,757875
2014-06-23 00:00:00+05:30,15.33,15.83,15.28,15.55,2367090
2014-06-24 00:00:00+05:30,15.73,16.17,15.67,15.95,1000755
2014-06-25 00:00:00+05:30,16.0,16.23,15.7,15.87,1242366
2014-06-26 00:00:00+05:30,16.07,16.23,15.67,15.77,884178
2014-06-27 00:00:00+05:30,15.73,16.03,15.37,15.57,709638
2014-06-30 00:00:00+05:30,15.55,16.47,15.48,16.38,2011125
2014-07-01 00:00:00+05:30,16.82,16.83,16.23,16.32,2540631
2014-07-02 00:00:00+05:30,16.4,16.55,16.03,16.1,984345
2014-07-03 00:00:00+05:30,16.03,16.22,15.83,15.92,614538
2014-07-04 00:00:00+05:30,15.92,16.27,15.72,15.78,755334
2014-07-07 00:00:00+05:30,15.92,16.02,15.33,15.45,800466
2014-07-08 00:00:00+05:30,15.43,15.72,14.45,14.65,1578168
2014-07-09 00:00:00+05:30,14.67,14.82,14.17,14.2,871050
2014-07-10 00:00:00+05:30,14.27,14.83,13.62,14.27,1305501
2014-07-11 00:00:00+05:30,14.27,14.55,13.5,13.75,882759
2014-07-14 00:00:00+05:30,13.93,13.93,13.52,13.77,486720
2014-07-15 00:00:00+05:30,13.78,14.2,13.78,14.05,481239
2014-07-16 00:00:00+05:30,14.0,15.07,14.0,14.6,1905690
2014-07-17 00:00:00+05:30,14.73,14.77,14.3,14.38,639666
2014-07-18 00:00:00+05:30,14.38,14.38,14.05,14.18,407355
2014-07-21 00:00:00+05:30,14.22,14.67,14.22,14.32,396864
2014-07-22 00:00:00+05:30,14.33,14.53,14.17,14.43,644169
2014-07-23 00:00:00+05:30,14.5,14.63,14.1,14.2,355518
2014-07-24 00:00:00+05:30,14.3,14.45,13.98,14.17,339045
2014-07-25 00:00:00+05:30,14.2,14.35,13.7,13.78,289563
2014-07-28 00:00:00+05:30,13.78,13.92,13.5,13.53,267615
2014-07-30 00:00:00+05:30,13.45,13.67,13.17,13.32,295569
2014-07-31 00:00:00+05:30,13.43,13.57,13.0,13.13,387162
2014-08-01 00:00:00+05:30,13.0,13.85,12.78,13.68,1042119
2014-08-04 00:00:00+05:30,13.68,14.18,13.68,14.07,350652
2014-08-05 00:00:00+05:30,14.02,14.17,13.57,13.85,501381
2014-08-06 00:00:00+05:30,13.8,14.07,13.5,13.62,309258
2014-08-07 00:00:00+05:30,13.52,13.75,13.33,13.38,167310
2014-08-08 00:00:00+05:30,13.0,13.65,13.0,13.42,601206
2014-08-11 00:00:00+05:30,13.42,13.62,12.93,13.15,526383
2014-08-12 00:00:00+05:30,13.07,14.27,13.0,13.92,1799889
2014-08-13 00:00:00+05:30,13.98,14.27,13.0,13.52,2894199
2014-08-14 00:00:00+05:30,13.67,14.1,13.05,13.65,3096774
2014-08-18 00:00:00+05:30,13.37,13.65,13.25,13.48,319284
2014-08-19 00:00:00+05:30,13.65,14.38,13.35,13.55,4766079
2014-08-20 00:00:00+05:30,13.67,14.03,13.1,13.82,5299083
2014-08-21 00:00:00+05:30,13.73,14.7,13.7,14.52,2245194
2014-08-22 00:00:00+05:30,14.93,14.93,13.93,14.05,3822171
2014-08-25 00:00:00+05:30,14.0,14.23,13.68,13.78,425013
2014-08-26 00:00:00+05:30,13.48,13.87,13.37,13.43,425136
2014-08-28 00:00:00+05:30,13.5,13.57,13.13,13.23,441090
2014-09-01 00:00:00+05:30,13.25,13.62,13.17,13.33,486447
2014-09-02 00:00:00+05:30,13.4,13.78,13.4,13.5,563697
2014-09-03 00:00:00+05:30,13.5,13.63,13.42,13.47,331782
2014-09-04 00:00:00+05:30,13.37,13.53,13.1,13.25,451965
2014-09-05 00:00:00+05:30,13.1,13.42,12.87,12.98,613071
2014-09-08 00:00:00+05:30,13.1,13.28,12.97,13.08,575928
2014-09-09 00:00:00+05:30,13.08,13.9,13.05,13.45,895470
2014-09-10 00:00:00+05:30,13.47,13.72,13.18,13.23,533274
2014-09-11 00:00:00+05:30,13.23,13.72,13.23,13.58,593547
2014-09-12 00:00:00+05:30,13.65,13.8,13.5,13.6,519504
2014-09-15 00:00:00+05:30,13.8,14.95,13.52,14.57,3473295
2014-09-16 00:00:00+05:30,14.65,14.93,13.43,13.58,1930074
2014-09-17 00:00:00+05:30,13.8,13.8,13.27,13.5,499983
2014-09-18 00:00:00+05:30,13.42,15.15,13.37,14.8,1992492
2014-09-19 00:00:00+05:30,15.25,15.6,14.25,14.38,6906009
2014-09-22 00:00:00+05:30,14.15,14.18,13.4,13.53,2731506
2014-09-23 00:00:00+05:30,13.5,13.75,13.07,13.17,1883721
2014-09-24 00:00:00+05:30,13.17,13.32,12.17,12.48,1700658
2014-09-25 00:00:00+05:30,12.67,13.15,12.5,12.57,1605642
2014-09-26 00:00:00+05:30,12.63,13.38,12.22,13.17,1432755
2014-09-29 00:00:00+05:30,13.23,13.5,12.93,13.2,790263
2014-09-30 00:00:00+05:30,13.08,13.32,12.5,12.7,706494
2014-10-01 00:00:00+05:30,12.67,12.87,12.38,12.48,614742
2014-10-07 00:00:00+05:30,12.38,12.77,12.35,12.4,313710
2014-10-08 00:00:00+05:30,12.37,12.53,12.17,12.27,476220
2014-10-09 00:00:00+05:30,12.3,12.52,12.27,12.3,852333
2014-10-10 00:00:00+05:30,12.27,12.5,11.92,12.02,493428
2014-10-13 00:00:00+05:30,12.07,12.12,11.88,12.02,321168
2014-10-14 00:00:00+05:30,11.93,12.12,11.9,11.93,394839
2014-10-16 00:00:00+05:30,11.83,11.95,11.3,11.42,586710
2014-10-17 00:00:00+05:30,11.37,11.8,11.37,11.57,284163
2014-10-20 00:00:00+05:30,11.7,12.12,11.7,11.95,806364
2014-10-21 00:00:00+05:30,11.85,12.15,11.85,11.93,359073
2014-10-22 00:00:00+05:30,12.13,12.22,11.85,12.15,646854
2014-10-23 00:00:00+05:30,12.15,12.25,12.08,12.2,82863
2014-10-27 00:00:00+05:30,12.27,13.42,12.08,13.02,2950461
2014-10-28 00:00:00+05:30,13.58,13.97,13.13,13.27,4663410
2014-10-29 00:00:00+05:30,13.28,13.28,12.87,12.93,993312
2014-10-30 00:00:00+05:30,12.83,12.97,12.6,12.65,324027
2014-10-31 00:00:00+05:30,12.57,13.0,12.55,12.6,678525
2014-11-03 00:00:00+05:30,12.53,13.3,12.53,13.07,885009
2014-11-05 00:00:00+05:30,13.17,13.72,12.83,13.2,2050299
2014-11-07 00:00:00+05:30,13.23,14.0,12.93,13.82,2252454
2014-11-10 00:00:00+05:30,13.67,13.92,13.33,13.42,691734
2014-11-11 00:00:00+05:30,13.27,13.53,13.1,13.13,594822
2014-11-12 00:00:00+05:30,13.67,14.1,13.45,13.58,3448539
2014-11-13 00:00:00+05:30,13.68,13.75,13.17,13.18,882894
2014-11-14 00:00:00+05:30,13.22,13.97,12.93,13.85,3968427
2014-11-17 00:00:00+05:30,13.63,13.75,13.13,13.25,3775896
2014-11-18 00:00:00+05:30,13.2,13.6,13.18,13.3,680784
2014-11-19 00:00:00+05:30,13.45,13.45,13.05,13.1,533418
2014-11-20 00:00:00+05:30,13.02,13.18,13.0,13.03,415440
2014-11-21 00:00:00+05:30,12.92,13.25,12.8,12.85,444474
2014-11-24 00:00:00+05:30,12.83,13.0,12.63,12.7,487410
2014-11-25 00:00:00+05:30,12.68,12.78,12.35,12.4,482976
2014-11-26 00:00:00+05:30,12.27,12.67,12.27,12.43,350619
2014-11-27 00:00:00+05:30,12.33,12.57,12.33,12.45,188961
2014-11-28 00:00:00+05:30,12.45,12.6,12.37,12.38,425970
2014-12-01 00:00:00+05:30,12.3,12.48,12.3,12.35,221763
2014-12-02 00:00:00+05:30,12.3,12.5,12.2,12.37,193128
2014-12-03 00:00:00+05:30,12.33,12.58,12.33,12.43,830424
2014-12-04 00:00:00+05:30,12.43,12.78,12.22,12.52,1156173
2014-12-05 00:00:00+05:30,12.52,12.67,12.37,12.4,918960
2014-12-08 00:00:00+05:30,12.33,12.57,12.33,12.4,841305
2014-12-09 00:00:00+05:30,12.33,12.47,12.02,12.05,853728
2014-12-10 00:00:00+05:30,11.93,12.55,11.93,12.3,859716
2014-12-11 00:00:00+05:30,12.33,12.35,12.07,12.13,159654
2014-12-12 00:00:00+05:30,12.1,12.35,11.73,11.97,1368624
2014-12-15 00:00:00+05:30,11.73,12.0,11.73,11.85,232452
2014-12-16 00:00:00+05:30,11.73,11.83,11.43,11.57,497541
2014-12-17 00:00:00+05:30,11.53,11.53,11.17,11.18,241629
2014-12-18 00:00:00+05:30,11.62,12.07,11.33,11.9,503703
2014-12-19 00:00:00+05:30,11.87,12.08,11.82,11.87,163764
2014-12-22 00:00:00+05:30,11.75,12.0,11.67,11.72,316698
2014-12-23 00:00:00+05:30,11.63,11.8,11.25,11.37,200769
2014-12-24 00:00:00+05:30,11.33,12.0,11.33,11.83,2434056
2014-12-26 00:00:00+05:30,12.68,12.83,12.2,12.4,2978370
2014-12-29 00:00:00+05:30,12.33,12.63,12.18,12.3,1084239
2014-12-30 00:00:00+05:30,12.2,12.3,11.93,12.0,344052
2014-12-31 00:00:00+05:30,11.88,12.12,11.78,12.03,644226
2015-01-01 00:00:00+05:30,11.9,12.5,11.88,12.4,578595
2015-01-02 00:00:00+05:30,12.28,12.62,12.22,12.38,1047201
2015-01-05 00:00:00+05:30,12.28,12.58,12.28,12.45,1408854
2015-01-06 00:00:00+05:30,12.3,12.83,12.08,12.25,847635
2015-01-07 00:00:00+05:30,12.25,12.43,12.13,12.28,255054
2015-01-08 00:00:00+05:30,12.48,12.7,12.32,12.62,529881
2015-01-09 00:00:00+05:30,12.53,12.63,12.47,12.47,243696
2015-01-12 00:00:00+05:30,12.47,12.62,12.37,12.38,86280
2015-01-13 00:00:00+05:30,12.6,12.63,12.37,12.47,519336
2015-01-14 00:00:00+05:30,12.33,12.5,11.95,12.0,333513
2015-01-15 00:00:00+05:30,12.08,12.32,12.02,12.17,180045
2015-01-16 00:00:00+05:30,12.12,12.17,11.97,12.02,158064
2015-01-19 00:00:00+05:30,12.08,12.17,11.93,11.98,363804
2015-01-20 00:00:00+05:30,11.92,12.12,11.88,11.95,221916
2015-01-21 00:00:00+05:30,11.9,12.07,11.67,11.7,306168
2015-01-22 00:00:00+05:30,11.67,11.87,11.57,11.67,256269
2015-01-23 00:00:00+05:30,11.67,11.8,11.5,11.62,216438
2015-01-27 00:00:00+05:30,11.45,11.7,11.33,11.42,243972
2015-01-28 00:00:00+05:30,11.57,11.67,11.27,11.35,221316
2015-01-29 00:00:00+05:30,11.45,11.65,11.23,11.58,293046
2015-01-30 00:00:00+05:30,11.9,11.9,11.43,11.45,197991
2015-02-02 00:00:00+05:30,11.45,11.73,11.45,11.6,219315
2015-02-03 00:00:00+05:30,11.67,11.67,11.47,11.48,104280
2015-02-04 00:00:00+05:30,11.47,12.42,11.47,12.23,1636398
2015-02-05 00:00:00+05:30,12.27,12.43,11.98,12.15,627234
2015-02-06 00:00:00+05:30,12.13,12.13,11.77,11.9,352335
2015-02-09 00:00:00+05:30,11.9,12.15,11.7,11.88,263562
2015-02-10 00:00:00+05:30,11.62,12.33,11.62,11.98,205947
2015-02-11 00:00:00+05:30,11.85,12.27,11.85,12.22,361635
2015-02-12 00:00:00+05:30,12.32,12.42,12.17,12.37,301770
2015-02-13 00:00:00+05:30,12.18,13.57,12.18,13.37,2600832
2015-02-16 00:00:00+05:30,13.48,14.07,13.28,13.68,1743885
2015-02-18 00:00:00+05:30,13.8,15.83,13.43,15.28,5568813
2015-02-19 00:00:00+05:30,15.27,16.23,14.72,15.78,4389705
2015-02-20 00:00:00+05:30,15.67,16.33,15.63,15.88,2449914
2015-02-23 00:00:00+05:30,15.73,16.05,15.23,15.67,2983410
2015-02-24 00:00:00+05:30,15.83,15.87,14.77,14.88,3718548
2015-02-25 00:00:00+05:30,14.92,15.17,14.7,14.8,935022
2015-02-26 00:00:00+05:30,14.83,14.97,14.17,14.33,768099
2015-02-27 00:00:00+05:30,14.4,14.75,14.13,14.35,1042383
2015-02-28 00:00:00+05:30,14.67,14.75,14.07,14.33,966726
2015-03-02 00:00:00+05:30,14.33,15.1,13.87,14.73,1565559
2015-03-03 00:00:00+05:30,15.03,15.58,14.93,15.22,1552788
2015-03-04 00:00:00+05:30,15.33,15.67,15.03,15.17,1426110
2015-03-05 00:00:00+05:30,15.17,16.25,15.12,15.88,4856343
2015-03-09 00:00:00+05:30,15.67,15.77,15.27,15.47,897852
2015-03-10 00:00:00+05:30,15.38,15.62,14.88,14.98,995829
2015-03-11 00:00:00+05:30,15.1,15.17,14.68,14.75,487578
2015-03-12 00:00:00+05:30,14.83,15.2,14.77,15.07,914115
2015-03-13 00:00:00+05:30,15.28,15.28,14.68,14.72,804096
2015-03-16 00:00:00+05:30,14.75,14.93,14.58,14.7,900072
2015-03-17 00:00:00+05:30,14.7,15.0,14.53,14.75,731091
2015-03-18 00:00:00+05:30,14.67,15.08,14.67,14.97,1117461
2015-03-19 00:00:00+05:30,15.2,15.35,14.9,14.97,984792
2015-03-20 00:00:00+05:30,14.97,15.22,14.62,14.73,640854
2015-03-23 00:00:00+05:30,14.95,15.5,14.68,14.77,578160
2015-03-24 00:00:00+05:30,14.77,14.97,14.5,14.58,549339
2015-03-25 00:00:00+05:30,14.67,14.82,14.18,14.37,893007
2015-03-26 00:00:00+05:30,14.02,14.32,13.97,14.07,2232591
2015-03-27 00:00:00+05:30,14.25,14.43,13.7,13.95,2847096
2015-03-30 00:00:00+05:30,14.08,14.5,14.07,14.27,631647
2015-03-31 00:00:00+05:30,14.4,15.07,14.28,14.95,1234371
2015-04-01 00:00:00+05:30,14.75,15.38,14.75,15.32,1232196
2015-04-06 00:00:00+05:30,14.88,15.45,14.85,14.95,501873
2015-04-07 00:00:00+05:30,15.18,15.18,14.6,14.82,713340
2015-04-08 00:00:00+05:30,14.92,15.17,14.8,14.97,682344
2015-04-09 00:00:00+05:30,15.02,15.05,14.53,14.65,915291
2015-04-10 00:00:00+05:30,14.65,15.0,14.63,14.85,643764
2015-04-13 00:00:00+05:30,14.88,14.98,14.63,14.7,481944
2015-04-15 00:00:00+05:30,14.8,15.0,14.53,14.62,468882
2015-04-16 00:00:00+05:30,14.75,15.0,14.53,14.72,707250
2015-04-17 00:00:00+05:30,14.82,14.87,14.58,14.65,220461
2015-04-20 00:00:00+05:30,14.55,14.8,14.38,14.45,391812
2015-04-21 00:00:00+05:30,14.53,14.55,13.92,14.1,544638
2015-04-22 00:00:00+05:30,14.12,14.17,13.83,14.1,601908
2015-04-23 00:00:00+05:30,14.23,14.45,13.83,14.23,375309
2015-04-24 00:00:00+05:30,14.17,14.17,13.83,13.85,512136
2015-04-27 00:00:00+05:30,13.82,13.92,13.5,13.78,415728
2015-04-28 00:00:00+05:30,13.68,13.82,13.57,13.7,89346
2015-04-29 00:00:00+05:30,13.7,13.72,13.5,13.6,119868
2015-04-30 00:00:00+05:30,13.57,14.42,13.53,13.57,216264
2015-05-04 00:00:00+05:30,13.77,14.55,13.53,14.28,282594
2015-05-05 00:00:00+05:30,14.53,14.53,13.92,14.27,213171
2015-05-06 00:00:00+05:30,14.18,14.28,13.5,13.53,425019
2015-05-07 00:00:00+05:30,13.57,13.75,13.5,13.52,137190
2015-05-08 00:00:00+05:30,13.58,14.02,13.58,13.63,195474
2015-05-11 00:00:00+05:30,13.67,13.82,13.48,13.52,368889
2015-05-12 00:00:00+05:30,13.52,13.58,13.12,13.17,638256
2015-05-13 00:00:00+05:30,13.13,13.8,13.0,13.55,636627
2015-05-14 00:00:00+05:30,13.72,13.82,13.3,13.57,262521
2015-05-15 00:00:00+05:30,13.8,13.82,13.47,13.53,158679
2015-05-18 00:00:00+05:30,13.52,14.02,13.43,13.6,342753
2015-05-19 00:00:00+05:30,13.65,13.7,13.4,13.55,224178
2015-05-20 00:00:00+05:30,13.57,13.82,13.48,13.68,200904
2015-05-21 00:00:00+05:30,13.65,13.65,13.5,13.52,124554
2015-05-22 00:00:00+05:30,13.53,13.73,13.43,13.62,114891
2015-05-25 00:00:00+05:30,13.5,14.05,13.5,13.87,410391
2015-05-26 00:00:00+05:30,13.82,14.13,13.6,13.7,244830
2015-05-27 00:00:00+05:30,13.52,13.98,13.47,13.85,224736
2015-05-28 00:00:00+05:30,14.03,14.05,13.33,13.4,155358
2015-05-29 00:00:00+05:30,13.6,13.83,13.43,13.5,289269
2015-06-01 00:00:00+05:30,13.57,13.8,13.37,13.5,174111
2015-06-02 00:00:00+05:30,13.5,13.6,13.38,13.4,84132
2015-06-03 00:00:00+05:30,13.45,13.52,12.83,13.03,376026
2015-06-04 00:00:00+05:30,13.13,13.23,12.67,13.05,190284
2015-06-05 00:00:00+05:30,13.33,13.6,13.13,13.32,498000
2015-06-08 00:00:00+05:30,13.4,14.1,13.25,13.42,465699
2015-06-09 00:00:00+05:30,13.52,13.67,13.27,13.32,215223
2015-06-10 00:00:00+05:30,13.3,13.58,13.3,13.37,93219
2015-06-11 00:00:00+05:30,13.4,13.63,13.33,13.52,419313
2015-06-12 00:00:00+05:30,13.53,14.0,13.33,13.5,239076
2015-06-15 00:00:00+05:30,13.88,13.88,13.47,13.57,401385
2015-06-16 00:00:00+05:30,13.65,14.65,13.4,13.62,229167
2015-06-17 00:00:00+05:30,13.83,13.83,13.23,13.37,142650
2015-06-18 00:00:00+05:30,13.4,13.55,13.3,13.35,100614
2015-06-19 00:00:00+05:30,13.33,13.7,13.32,13.35,239712
2015-06-22 00:00:00+05:30,13.42,13.52,13.28,13.33,211212
2015-06-23 00:00:00+05:30,13.37,13.42,13.28,13.33,172383
2015-06-24 00:00:00+05:30,13.37,13.58,13.28,13.38,176901
2015-06-25 00:00:00+05:30,13.27,13.53,13.27,13.28,174741
2015-06-26 00:00:00+05:30,13.18,13.37,13.1,13.3,120474
2015-06-29 00:00:00+05:30,13.32,13.32,13.02,13.12,97983
2015-06-30 00:00:00+05:30,13.08,13.17,13.0,13.07,63048
2015-07-01 00:00:00+05:30,13.12,13.42,13.05,13.23,329916
2015-07-02 00:00:00+05:30,13.32,13.5,13.18,13.22,519654
2015-07-03 00:00:00+05:30,13.32,13.63,13.08,13.2,254433
2015-07-06 00:00:00+05:30,13.17,13.75,13.0,13.58,741891
2015-07-07 00:00:00+05:30,13.65,14.9,13.65,14.15,1926303
2015-07-08 00:00:00+05:30,14.0,14.23,13.37,13.4,719622
2015-07-09 00:00:00+05:30,13.63,13.8,13.27,13.35,408387
2015-07-10 00:00:00+05:30,13.5,13.5,12.4,12.65,2465547
2015-07-13 00:00:00+05:30,12.75,12.83,12.03,12.33,749406
2015-07-14 00:00:00+05:30,12.42,12.67,12.1,12.22,866619
2015-07-15 00:00:00+05:30,12.3,12.4,12.23,12.28,479667
2015-07-16 00:00:00+05:30,12.28,12.4,12.08,12.13,388347
2015-07-17 00:00:00+05:30,12.3,12.48,11.88,11.93,437904
2015-07-20 00:00:00+05:30,12.02,12.13,11.83,11.88,311142
2015-07-21 00:00:00+05:30,11.97,11.97,11.57,11.67,222537
2015-07-22 00:00:00+05:30,12.22,12.47,11.8,11.92,1818759
2015-07-23 00:00:00+05:30,12.0,12.32,11.75,12.15,1452831
2015-07-24 00:00:00+05:30,12.25,12.3,11.9,11.97,699189
2015-07-27 00:00:00+05:30,11.95,12.02,11.5,11.57,496107
2015-07-28 00:00:00+05:30,11.5,11.77,11.27,11.33,346098
2015-07-29 00:00:00+05:30,11.47,11.58,11.33,11.43,236565
2015-07-30 00:00:00+05:30,11.53,11.7,11.43,11.55,265848
2015-07-31 00:00:00+05:30,11.52,12.38,11.52,12.22,1112361
2015-08-03 00:00:00+05:30,12.48,12.9,12.48,12.75,2593875
2015-08-04 00:00:00+05:30,12.82,13.08,12.45,12.55,755028
2015-08-05 00:00:00+05:30,12.73,12.83,12.42,12.5,435936
2015-08-06 00:00:00+05:30,12.65,12.65,12.3,12.38,519393
2015-08-07 00:00:00+05:30,12.33,12.45,12.18,12.33,703017
2015-08-10 00:00:00+05:30,12.37,12.7,12.18,12.42,1210572
2015-08-11 00:00:00+05:30,12.45,12.53,11.83,11.95,762027
2015-08-12 00:00:00+05:30,12.1,12.1,10.67,10.82,1304631
2015-08-13 00:00:00+05:30,10.8,11.38,10.8,11.18,794160
2015-08-14 00:00:00+05:30,11.18,11.5,11.02,11.25,236889
2015-08-17 00:00:00+05:30,11.58,12.07,11.37,11.72,1181439
2015-08-18 00:00:00+05:30,11.95,12.18,11.7,12.05,663603
2015-08-19 00:00:00+05:30,12.1,12.1,11.85,11.93,241647
2015-08-20 00:00:00+05:30,11.97,11.97,11.6,11.62,241611
2015-08-21 00:00:00+05:30,11.43,11.62,11.33,11.47,169251
2015-08-24 00:00:00+05:30,11.13,11.2,10.03,10.53,610599
2015-08-25 00:00:00+05:30,10.2,11.0,9.8,10.28,327633
2015-08-26 00:00:00+05:30,10.18,10.83,10.15,10.47,1132905
2015-08-27 00:00:00+05:30,10.8,11.0,10.5,10.83,157245
2015-08-28 00:00:00+05:30,11.0,11.17,10.67,10.8,280314
2015-08-31 00:00:00+05:30,10.77,11.5,10.75,11.25,385158
2015-09-01 00:00:00+05:30,11.17,11.17,10.8,10.88,176733
2015-09-02 00:00:00+05:30,10.92,11.02,10.73,10.9,135528
2015-09-03 00:00:00+05:30,10.87,11.57,10.77,11.2,761049
2015-09-04 00:00:00+05:30,11.15,11.15,10.73,10.82,265206
2015-09-07 00:00:00+05:30,10.75,10.98,10.7,10.72,122844
2015-09-08 00:00:00+05:30,10.67,10.93,10.3,10.5,448467
2015-09-09 00:00:00+05:30,10.75,11.15,10.53,11.0,222147
2015-09-10 00:00:00+05:30,11.0,11.0,10.5,10.52,312513
2015-09-11 00:00:00+05:30,10.7,10.82,10.58,10.75,152256
2015-09-14 00:00:00+05:30,10.68,10.78,10.6,10.63,110154
2015-09-15 00:00:00+05:30,10.67,11.83,10.62,11.57,1131288
2015-09-16 00:00:00+05:30,12.5,12.58,11.33,11.42,6824781
2015-09-18 00:00:00+05:30,11.42,12.27,11.15,11.52,3380109
2015-09-21 00:00:00+05:30,11.62,11.65,11.2,11.33,549369
2015-09-22 00:00:00+05:30,11.47,11.5,10.73,10.83,1166361
2015-09-23 00:00:00+05:30,10.83,11.23,10.55,10.73,845133
2015-09-24 00:00:00+05:30,10.78,10.92,10.58,10.65,434592
2015-09-28 00:00:00+05:30,10.68,10.83,10.43,10.48,312588
2015-09-29 00:00:00+05:30,10.43,10.63,10.35,10.52,302694
2015-09-30 00:00:00+05:30,10.6,10.73,10.55,10.6,675201
2015-10-01 00:00:00+05:30,10.58,10.72,10.42,10.47,178053
2015-10-05 00:00:00+05:30,10.58,10.77,10.53,10.6,298278
2015-10-06 00:00:00+05:30,10.82,10.82,10.52,10.63,361878
2015-10-07 00:00:00+05:30,10.65,11.42,10.63,11.3,2036808
2015-10-08 00:00:00+05:30,11.5,11.5,10.95,11.1,3648348
2015-10-09 00:00:00+05:30,11.47,11.52,10.93,11.02,1461069
2015-10-12 00:00:00+05:30,11.17,11.17,10.72,10.8,869973
2015-10-13 00:00:00+05:30,11.0,11.0,10.75,10.82,351822
2015-10-14 00:00:00+05:30,10.92,11.12,10.72,10.82,751545
2015-10-15 00:00:00+05:30,10.87,10.98,10.73,10.77,546543
2015-10-16 00:00:00+05:30,10.83,10.92,10.7,10.72,416589
2015-10-19 00:00:00+05:30,10.88,11.1,10.75,10.92,522396
2015-10-20 00:00:00+05:30,10.98,11.05,10.83,10.87,492786
2015-10-21 00:00:00+05:30,10.83,11.05,10.82,10.87,417690
2015-10-23 00:00:00+05:30,11.0,11.02,10.75,10.78,447966
2015-10-26 00:00:00+05:30,10.9,10.9,10.58,10.63,990798
2015-10-27 00:00:00+05:30,10.58,10.7,10.53,10.6,591036
2015-10-28 00:00:00+05:30,10.62,10.67,10.33,10.4,317187
2015-10-29 00:00:00+05:30,10.5,10.57,10.2,10.3,261270
2015-10-30 00:00:00+05:30,10.37,10.75,10.25,10.57,760008
2015-11-02 00:00:00+05:30,10.58,10.6,10.38,10.43,132741
2015-11-03 00:00:00+05:30,10.67,10.98,10.5,10.75,1041330
2015-11-04 00:00:00+05:30,10.75,10.88,10.03,10.4,466452
2015-11-05 00:00:00+05:30,10.37,10.53,10.37,10.48,277560
2015-11-06 00:00:00+05:30,10.37,10.43,10.18,10.23,206958
2015-11-09 00:00:00+05:30,10.13,10.23,9.98,10.18,170142
2015-11-10 00:00:00+05:30,10.25,10.33,10.0,10.08,222702
2015-11-11 00:00:00+05:30,10.17,10.27,10.13,10.2,56649
2015-11-13 00:00:00+05:30,10.2,10.22,10.0,10.03,145362
2015-11-16 00:00:00+05:30,10.12,10.13,9.88,10.03,234849
2015-11-17 00:00:00+05:30,10.23,10.3,9.97,10.03,775578
2015-11-18 00:00:00+05:30,10.03,10.07,9.93,9.97,284142
2015-11-19 00:00:00+05:30,9.98,10.07,9.87,9.95,243444
2015-11-20 00:00:00+05:30,10.33,10.33,9.9,9.98,874134
2015-11-23 00:00:00+05:30,9.98,10.33,9.97,10.22,751734
2015-11-24 00:00:00+05:30,10.67,10.67,10.35,10.43,1582275
2015-11-26 00:00:00+05:30,10.43,10.53,10.05,10.13,623073
2015-11-27 00:00:00+05:30,10.12,10.27,9.97,10.0,631284
2015-11-30 00:00:00+05:30,10.17,10.17,9.92,9.93,520812
2015-12-01 00:00:00+05:30,10.03,10.23,9.97,10.07,766188
2015-12-02 00:00:00+05:30,10.1,10.17,10.02,10.07,260037
2015-12-03 00:00:00+05:30,10.05,10.55,10.0,10.27,1223829
2015-12-04 00:00:00+05:30,10.18,10.45,9.97,9.97,1204248
2015-12-07 00:00:00+05:30,10.03,10.13,9.93,9.95,361230
2015-12-08 00:00:00+05:30,9.95,10.02,9.75,9.82,268176
2015-12-09 00:00:00+05:30,9.85,9.85,9.58,9.63,361290
2015-12-10 00:00:00+05:30,9.67,9.77,9.43,9.48,490551
2015-12-11 00:00:00+05:30,9.55,9.55,9.33,9.38,411174
2015-12-14 00:00:00+05:30,9.45,9.45,9.23,9.28,415719
2015-12-15 00:00:00+05:30,9.33,9.42,9.27,9.28,317826
2015-12-16 00:00:00+05:30,9.33,9.48,9.22,9.3,326982
2015-12-17 00:00:00+05:30,9.43,9.43,9.25,9.33,279543
2015-12-18 00:00:00+05:30,9.35,9.47,9.27,9.3,321330
2015-12-21 00:00:00+05:30,9.33,9.48,9.17,9.3,822507
2015-12-22 00:00:00+05:30,9.43,9.43,9.25,9.27,376995
2015-12-23 00:00:00+05:30,9.48,9.48,9.3,9.32,530538
2015-12-24 00:00:00+05:30,9.43,9.43,9.32,9.32,348333
2015-12-28 00:00:00+05:30,9.4,10.63,9.33,10.02,4160514
2015-12-29 00:00:00+05:30,10.13,10.3,9.87,9.95,1101834
2015-12-30 00:00:00+05:30,10.0,10.03,9.7,9.8,433386
2015-12-31 00:00:00+05:30,9.85,9.93,9.72,9.8,285825
2016-01-01 00:00:00+05:30,9.83,10.25,9.68,10.0,1343172
2016-01-04 00:00:00+05:30,10.07,10.23,9.92,9.98,546219
2016-01-05 00:00:00+05:30,10.0,10.43,9.95,10.17,2609031
2016-01-06 00:00:00+05:30,10.33,10.83,10.17,10.57,5752533
2016-01-07 00:00:00+05:30,10.37,10.45,9.78,9.95,1818924
2016-01-08 00:00:00+05:30,10.15,10.2,9.75,9.98,877164
2016-01-11 00:00:00+05:30,9.85,10.03,9.77,9.92,714891
2016-01-12 00:00:00+05:30,10.0,10.1,9.77,9.83,393477
2016-01-13 00:00:00+05:30,9.93,9.93,9.22,9.4,1177803
2016-01-14 00:00:00+05:30,9.2,9.38,9.17,9.22,412221
2016-01-15 00:00:00+05:30,9.23,9.4,8.9,8.97,667878
2016-01-18 00:00:00+05:30,9.3,9.3,8.6,8.62,432324
2016-01-19 00:00:00+05:30,8.5,8.87,8.5,8.75,222066
2016-01-20 00:00:00+05:30,8.55,8.67,7.92,7.98,704556
2016-01-21 00:00:00+05:30,8.25,8.53,8.08,8.18,294210
2016-01-22 00:00:00+05:30,8.57,8.57,7.83,7.98,866907
2016-01-25 00:00:00+05:30,8.15,8.25,7.95,7.98,487830
2016-01-27 00:00:00+05:30,8.13,8.13,7.9,7.98,391317
2016-01-28 00:00:00+05:30,8.03,8.07,7.97,8.0,456804
2016-01-29 00:00:00+05:30,8.02,8.17,7.92,8.0,686886
2016-02-01 00:00:00+05:30,8.0,8.17,7.97,8.02,1147398
2016-02-02 00:00:00+05:30,8.05,8.1,7.83,7.9,452970
2016-02-03 00:00:00+05:30,7.83,7.83,7.45,7.58,418521
2016-02-04 00:00:00+05:30,7.82,7.82,7.53,7.73,435240
2016-02-05 00:00:00+05:30,7.72,8.45,7.6,8.17,513189
2016-02-08 00:00:00+05:30,8.3,8.3,7.97,8.0,609141
2016-02-09 00:00:00+05:30,8.0,8.15,7.85,8.03,233922
2016-02-10 00:00:00+05:30,8.13,8.15,7.92,7.95,546003
2016-02-11 00:00:00+05:30,7.77,7.83,7.0,7.33,906408
2016-02-12 00:00:00+05:30,7.33,7.77,7.33,7.65,1091988
2016-02-15 00:00:00+05:30,7.73,8.07,7.65,8.0,606216
2016-02-16 00:00:00+05:30,7.93,8.12,6.83,7.47,1425966
2016-02-17 00:00:00+05:30,7.45,7.95,7.18,7.88,640026
2016-02-18 00:00:00+05:30,7.9,8.02,7.73,7.98,694119
2016-02-19 00:00:00+05:30,8.03,8.53,7.87,8.0,1110666
2016-02-22 00:00:00+05:30,8.0,8.2,7.9,7.98,864810
2016-02-23 00:00:00+05:30,8.0,8.08,7.95,7.97,161631
2016-02-24 00:00:00+05:30,7.95,8.02,7.9,7.97,1185723
2016-02-25 00:00:00+05:30,7.95,8.08,7.93,8.03,165468
2016-02-26 00:00:00+05:30,8.05,8.15,7.97,8.0,663978
2016-02-29 00:00:00+05:30,7.97,8.0,7.9,7.93,332973
2016-03-01 00:00:00+05:30,8.0,8.4,8.0,8.28,208503
2016-03-02 00:00:00+05:30,8.32,8.45,8.25,8.27,957963
2016-03-03 00:00:00+05:30,8.28,8.37,8.27,8.28,345957
2016-03-04 00:00:00+05:30,8.35,8.37,8.3,8.3,663090
2016-03-08 00:00:00+05:30,8.48,9.07,8.33,8.68,790281
2016-03-09 00:00:00+05:30,8.67,9.27,8.5,9.07,637080
2016-03-10 00:00:00+05:30,9.25,9.4,9.07,9.18,1331766
2016-03-11 00:00:00+05:30,9.2,9.73,9.13,9.4,896709
2016-03-14 00:00:00+05:30,9.58,9.58,9.27,9.3,335508
2016-03-15 00:00:00+05:30,9.33,9.37,9.25,9.27,242541
2016-03-16 00:00:00+05:30,9.33,9.45,9.27,9.35,336834
2016-03-17 00:00:00+05:30,9.42,9.73,9.42,9.5,697623
2016-03-18 00:00:00+05:30,9.45,9.67,9.37,9.52,928935
2016-03-21 00:00:00+05:30,9.47,10.13,9.47,9.95,1464414
2016-03-22 00:00:00+05:30,10.03,10.15,9.92,10.07,689583
2016-03-23 00:00:00+05:30,10.05,10.92,10.0,10.75,11011200
2016-03-28 00:00:00+05:30,10.83,11.07,10.48,10.63,1624947
2016-03-29 00:00:00+05:30,10.73,10.73,9.9,10.0,3369123
2016-03-30 00:00:00+05:30,10.03,10.8,10.03,10.72,1908996
2016-03-31 00:00:00+05:30,10.73,11.18,10.5,10.95,1726383
2016-04-01 00:00:00+05:30,10.85,10.9,10.72,10.8,497874
2016-04-04 00:00:00+05:30,10.92,10.92,10.17,10.43,996636
2016-04-05 00:00:00+05:30,10.53,10.53,9.8,9.97,1562799
2016-04-06 00:00:00+05:30,10.05,10.35,10.0,10.25,483210
2016-04-07 00:00:00+05:30,10.18,10.3,9.93,10.0,1285554
2016-04-08 00:00:00+05:30,9.93,10.27,9.82,10.1,475413
2016-04-11 00:00:00+05:30,10.17,10.18,9.93,9.97,508413
2016-04-12 00:00:00+05:30,10.07,10.1,9.83,9.87,538989
2016-04-13 00:00:00+05:30,10.0,10.17,9.87,9.93,502506
2016-04-18 00:00:00+05:30,9.93,10.27,9.82,9.92,477150
2016-04-20 00:00:00+05:30,10.05,10.07,9.5,9.7,3784116
2016-04-21 00:00:00+05:30,9.8,9.98,9.6,9.75,7017024
2016-04-22 00:00:00+05:30,9.93,10.42,9.68,10.17,10589970
2016-04-25 00:00:00+05:30,10.32,10.32,9.6,9.88,12038532
2016-04-26 00:00:00+05:30,9.88,9.88,9.63,9.72,4062771
2016-04-27 00:00:00+05:30,9.77,10.1,9.58,10.02,2717937
2016-04-28 00:00:00+05:30,9.93,9.93,9.33,9.53,4083315
2016-04-29 00:00:00+05:30,9.55,9.7,9.38,9.52,443112
2016-05-02 00:00:00+05:30,9.58,9.6,8.97,9.03,1757886
2016-05-03 00:00:00+05:30,9.03,9.17,8.7,8.77,1106622
2016-05-04 00:00:00+05:30,8.77,8.77,8.2,8.28,1012494
2016-05-05 00:00:00+05:30,8.35,8.37,7.87,8.0,1020786
2016-05-06 00:00:00+05:30,8.0,8.17,7.9,7.98,675138
2016-05-09 00:00:00+05:30,8.07,8.3,7.85,7.98,672366
2016-05-10 00:00:00+05:30,8.12,8.25,7.57,7.65,1247721
2016-05-11 00:00:00+05:30,7.65,8.0,7.52,7.97,1052328
2016-05-12 00:00:00+05:30,8.07,8.17,7.87,7.95,593205
2016-05-13 00:00:00+05:30,8.07,8.07,7.73,7.8,362310
2016-05-16 00:00:00+05:30,7.83,7.93,7.65,7.75,351213
2016-05-17 00:00:00+05:30,7.83,7.98,7.72,7.75,377904
2016-05-18 00:00:00+05:30,7.75,7.82,7.7,7.75,246549
2016-05-19 00:00:00+05:30,7.78,7.8,7.65,7.68,277179
2016-05-20 00:00:00+05:30,7.82,7.82,7.42,7.48,579852
2016-05-23 00:00:00+05:30,7.57,7.95,7.25,7.3,1095939
2016-05-24 00:00:00+05:30,7.35,7.47,7.23,7.37,542409
2016-05-25 00:00:00+05:30,6.65,7.8,5.93,7.55,8516820
2016-05-26 00:00:00+05:30,7.83,8.03,7.62,7.77,4344735
2016-05-27 00:00:00+05:30,7.9,7.9,7.33,7.4,622635
2016-05-30 00:00:00+05:30,7.42,7.77,7.27,7.33,708798
2016-05-31 00:00:00+05:30,7.33,7.57,6.72,7.35,5488422
2016-06-01 00:00:00+05:30,7.13,7.43,7.02,7.18,989700
2016-06-02 00:00:00+05:30,7.13,7.48,7.02,7.33,2544696
2016-06-03 00:00:00+05:30,7.42,7.63,6.92,7.07,1825731
2016-06-06 00:00:00+05:30,7.2,7.2,6.88,7.02,906207
2016-06-07 00:00:00+05:30,7.02,7.13,6.83,6.92,1230312
2016-06-08 00:00:00+05:30,7.0,7.0,6.6,6.73,1579047
2016-06-09 00:00:00+05:30,6.73,6.87,6.67,6.78,627924
2016-06-10 00:00:00+05:30,6.8,7.0,6.75,6.82,2620302
2016-06-13 00:00:00+05:30,6.83,6.93,6.75,6.85,291879
2016-06-14 00:00:00+05:30,6.92,7.0,6.83,6.97,1478325
2016-06-15 00:00:00+05:30,7.0,7.25,6.93,7.15,1823352
2016-06-16 00:00:00+05:30,7.17,7.45,7.0,7.07,2314641
2016-06-17 00:00:00+05:30,7.12,7.25,7.0,7.07,1077315
2016-06-20 00:00:00+05:30,6.97,7.67,6.93,7.35,1842663
2016-06-21 00:00:00+05:30,7.43,7.9,7.15,7.28,2437155
2016-06-22 00:00:00+05:30,7.25,7.45,7.17,7.18,1055670
2016-06-23 00:00:00+05:30,7.25,7.37,7.05,7.27,873006
2016-06-24 00:00:00+05:30,6.98,6.98,6.58,6.92,1126572
2016-06-27 00:00:00+05:30,6.88,7.23,6.88,6.98,518964
2016-06-28 00:00:00+05:30,7.05,7.28,6.93,7.17,1715202
2016-06-29 00:00:00+05:30,7.22,7.7,7.17,7.65,3357114
2016-06-30 00:00:00+05:30,7.65,7.98,7.43,7.5,1861770
2016-07-01 00:00:00+05:30,7.58,7.77,7.38,7.42,1047774
2016-07-04 00:00:00+05:30,7.57,7.63,7.35,7.38,1041801
2016-07-05 00:00:00+05:30,7.35,7.58,7.27,7.45,601797
2016-07-07 00:00:00+05:30,7.42,7.65,7.33,7.6,1847847
2016-07-08 00:00:00+05:30,7.65,7.65,7.37,7.43,504000
2016-07-11 00:00:00+05:30,7.52,7.83,7.52,7.78,2394096
2016-07-12 00:00:00+05:30,7.75,7.98,7.62,7.67,925485
2016-07-13 00:00:00+05:30,7.3,7.98,7.08,7.72,3809028
2016-07-14 00:00:00+05:30,7.72,7.85,7.52,7.78,2141184
2016-07-15 00:00:00+05:30,7.77,7.9,7.5,7.63,780693
2016-07-18 00:00:00+05:30,7.68,7.75,7.37,7.53,1800471
2016-07-19 00:00:00+05:30,7.45,7.63,7.35,7.4,940008
2016-07-20 00:00:00+05:30,7.37,7.57,7.35,7.48,716511
2016-07-21 00:00:00+05:30,7.48,7.58,7.33,7.38,581277
2016-07-22 00:00:00+05:30,7.38,7.83,7.38,7.65,2457780
2016-07-25 00:00:00+05:30,7.82,8.4,7.58,8.1,9050007
2016-07-26 00:00:00+05:30,8.12,8.3,6.63,8.02,2744478
2016-07-27 00:00:00+05:30,8.0,8.27,7.83,8.05,1511934
2016-07-28 00:00:00+05:30,8.03,8.17,7.73,7.87,1068948
2016-07-29 00:00:00+05:30,7.87,7.97,7.75,7.85,991623
2016-08-01 00:00:00+05:30,7.83,7.98,7.73,7.92,1131051
2016-08-02 00:00:00+05:30,7.88,7.92,7.52,7.6,721956
2016-08-03 00:00:00+05:30,7.57,7.8,7.47,7.65,780090
2016-08-04 00:00:00+05:30,7.68,7.92,7.52,7.62,658647
2016-08-05 00:00:00+05:30,7.67,7.93,7.55,7.87,2632482
2016-08-08 00:00:00+05:30,7.78,7.98,7.75,7.93,829305
2016-08-09 00:00:00+05:30,7.88,7.98,7.73,7.93,1732404
2016-08-10 00:00:00+05:30,7.92,8.02,7.68,7.73,695160
2016-08-11 00:00:00+05:30,7.75,7.83,7.62,7.73,616533
2016-08-12 00:00:00+05:30,7.75,7.95,7.58,7.67,700941
2016-08-16 00:00:00+05:30,7.65,7.7,7.2,7.42,1108836
2016-08-17 00:00:00+05:30,7.45,7.63,7.2,7.3,1338405
2016-08-18 00:00:00+05:30,7.5,7.93,6.42,7.3,18490101
2016-08-19 00:00:00+05:30,7.42,7.42,7.1,7.22,1857951
2016-08-22 00:00:00+05:30,7.33,7.38,7.0,7.08,2319300
2016-08-23 00:00:00+05:30,7.08,7.18,6.75,6.85,1160916
2016-08-24 00:00:00+05:30,6.88,7.17,6.87,6.9,1529124
2016-08-25 00:00:00+05:30,7.15,7.15,6.9,6.92,541218
2016-08-26 00:00:00+05:30,6.97,7.08,6.8,6.87,552786
2016-08-29 00:00:00+05:30,6.83,6.87,6.62,6.68,999570
2016-08-30 00:00:00+05:30,6.78,6.93,6.67,6.72,647622
2016-08-31 00:00:00+05:30,6.73,6.87,6.68,6.77,842433
2016-09-01 00:00:00+05:30,6.68,6.82,6.35,6.45,1795299
2016-09-02 00:00:00+05:30,6.53,6.93,6.32,6.8,2978427
2016-09-06 00:00:00+05:30,6.8,7.07,6.67,6.95,1673073
2016-09-07 00:00:00+05:30,6.95,7.08,6.82,6.83,665640
2016-09-08 00:00:00+05:30,6.83,7.07,6.73,6.98,1589619
2016-09-09 00:00:00+05:30,7.07,7.32,7.02,7.13,2598357
2016-09-12 00:00:00+05:30,6.97,7.0,6.75,6.85,567162
2016-09-14 00:00:00+05:30,6.9,7.13,6.78,6.98,724578
2016-09-15 00:00:00+05:30,7.03,7.2,6.83,6.87,749526
2016-09-16 00:00:00+05:30,6.92,7.12,6.77,6.8,621243
2016-09-19 00:00:00+05:30,6.83,6.93,6.77,6.82,850920
2016-09-20 00:00:00+05:30,6.82,7.07,6.73,6.97,2023350
2016-09-21 00:00:00+05:30,6.9,7.12,6.78,6.88,1220970
2016-09-22 00:00:00+05:30,6.97,7.0,6.8,6.83,1310217
2016-09-23 00:00:00+05:30,6.9,6.98,6.82,6.88,1481949
2016-09-26 00:00:00+05:30,6.85,7.05,6.83,6.88,1274382
2016-09-27 00:00:00+05:30,6.93,7.08,6.9,7.02,1648995
2016-09-28 00:00:00+05:30,7.0,7.47,6.98,7.42,2931579
2016-09-29 00:00:00+05:30,7.4,7.6,6.68,6.77,2019597
2016-09-30 00:00:00+05:30,6.78,7.15,6.77,6.95,1271178
2016-10-03 00:00:00+05:30,7.02,7.38,6.98,7.28,1312371
2016-10-04 00:00:00+05:30,7.5,7.52,7.25,7.28,2494755
2016-10-05 00:00:00+05:30,7.28,7.42,7.23,7.3,298998
2016-10-06 00:00:00+05:30,7.33,8.2,7.32,7.9,7048560
2016-10-07 00:00:00+05:30,7.92,8.08,7.73,7.85,1278303
2016-10-10 00:00:00+05:30,7.85,8.25,7.85,7.98,1818279
2016-10-13 00:00:00+05:30,7.88,7.92,7.5,7.72,789414
2016-10-14 00:00:00+05:30,7.85,7.97,7.65,7.77,1535973
2016-10-17 00:00:00+05:30,7.83,7.9,7.75,7.82,759366
2016-10-18 00:00:00+05:30,7.87,8.13,7.78,8.0,1155465
2016-10-19 00:00:00+05:30,7.98,8.07,7.85,7.93,479448
2016-10-20 00:00:00+05:30,8.05,8.05,7.82,7.88,897945
2016-10-21 00:00:00+05:30,7.92,7.98,7.77,7.78,852426
2016-10-24 00:00:00+05:30,7.85,7.88,7.77,7.83,208635
2016-10-25 00:00:00+05:30,7.92,7.92,7.68,7.82,458307
2016-10-26 00:00:00+05:30,7.82,7.82,7.68,7.7,580170
2016-10-27 00:00:00+05:30,7.67,7.82,7.53,7.58,537768
2016-10-28 00:00:00+05:30,7.67,7.72,7.57,7.62,691221
2016-10-30 00:00:00+05:30,7.77,7.83,7.6,7.68,245322
2016-11-01 00:00:00+05:30,7.68,8.0,7.6,7.73,834537
2016-11-02 00:00:00+05:30,7.75,7.77,7.62,7.63,569175
2016-11-03 00:00:00+05:30,7.62,7.92,7.55,7.62,1212840
2016-11-04 00:00:00+05:30,7.63,7.73,7.45,7.47,473481
2016-11-07 00:00:00+05:30,7.43,7.7,7.43,7.53,859476
2016-11-08 00:00:00+05:30,7.62,7.7,7.57,7.62,762348
2016-11-09 00:00:00+05:30,6.67,7.32,6.37,7.18,944250
2016-11-10 00:00:00+05:30,7.33,7.65,7.33,7.45,688188
2016-11-11 00:00:00+05:30,7.47,7.47,7.08,7.1,577179
2016-11-15 00:00:00+05:30,7.1,7.23,6.67,6.78,411285
2016-11-16 00:00:00+05:30,6.92,6.97,6.6,6.75,560412
2016-11-17 00:00:00+05:30,6.7,6.92,6.7,6.77,988953
2016-11-18 00:00:00+05:30,6.87,6.92,6.6,6.7,993861
2016-11-21 00:00:00+05:30,6.8,6.83,6.37,6.48,691362
2016-11-22 00:00:00+05:30,6.63,6.63,6.27,6.35,1462065
2016-11-23 00:00:00+05:30,6.47,6.47,6.22,6.35,1373583
2016-11-24 00:00:00+05:30,6.37,6.8,6.27,6.5,1327680
2016-11-25 00:00:00+05:30,6.53,6.73,6.5,6.67,1565082
2016-11-28 00:00:00+05:30,6.58,6.78,6.58,6.67,1564224
2016-11-29 00:00:00+05:30,6.67,6.9,6.67,6.7,1420749
2016-11-30 00:00:00+05:30,6.78,6.9,6.68,6.88,1601829
2016-12-01 00:00:00+05:30,6.88,6.98,6.5,6.62,1120926
2016-12-02 00:00:00+05:30,6.63,6.67,6.5,6.6,1057218
2016-12-05 00:00:00+05:30,6.63,6.78,6.53,6.6,1216944
2016-12-06 00:00:00+05:30,6.67,6.68,6.58,6.62,976386
2016-12-07 00:00:00+05:30,6.65,6.67,6.43,6.45,1016169
2016-12-08 00:00:00+05:30,6.58,6.63,6.5,6.52,915093
2016-12-09 00:00:00+05:30,6.57,6.62,6.5,6.57,934125
2016-12-12 00:00:00+05:30,6.6,6.62,6.52,6.57,878106
2016-12-13 00:00:00+05:30,6.6,6.82,6.57,6.68,1178544
2016-12-14 00:00:00+05:30,6.72,6.73,6.53,6.57,1345512
2016-12-15 00:00:00+05:30,6.53,6.73,6.5,6.55,1136676
2016-12-16 00:00:00+05:30,6.58,6.62,6.52,6.58,1182030
2016-12-19 00:00:00+05:30,6.57,6.73,6.47,6.53,1330956
2016-12-20 00:00:00+05:30,6.53,6.62,6.3,6.38,1052169
2016-12-21 00:00:00+05:30,6.5,6.52,6.37,6.38,1731936
2016-12-22 00:00:00+05:30,6.33,6.47,6.32,6.37,1364253
2016-12-23 00:00:00+05:30,6.37,6.43,6.3,6.32,1231044
2016-12-26 00:00:00+05:30,6.32,6.37,6.22,6.27,1071546
2016-12-27 00:00:00+05:30,6.32,6.38,6.2,6.28,1439292
2016-12-28 00:00:00+05:30,6.38,6.38,6.22,6.25,1472850
2016-12-29 00:00:00+05:30,6.3,6.35,6.28,6.32,1218327
2016-12-30 00:00:00+05:30,6.38,6.45,6.3,6.32,4124046
2017-01-02 00:00:00+05:30,6.4,6.47,6.23,6.43,940602
2017-01-03 00:00:00+05:30,6.47,6.63,6.42,6.57,986829
2017-01-04 00:00:00+05:30,6.67,6.67,6.55,6.62,1014651
2017-01-05 00:00:00+05:30,6.73,6.83,6.67,6.75,877797
2017-01-06 00:00:00+05:30,6.8,6.9,6.68,6.7,1141740
2017-01-09 00:00:00+05:30,6.83,6.83,6.65,6.75,1068687
2017-01-10 00:00:00+05:30,6.82,6.83,6.77,6.8,836472
2017-01-11 00:00:00+05:30,6.82,6.87,6.77,6.78,1239783
2017-01-12 00:00:00+05:30,6.82,6.83,6.67,6.67,927171
2017-01-13 00:00:00+05:30,6.7,6.75,6.68,6.72,962247
2017-01-16 00:00:00+05:30,6.67,6.77,6.6,6.77,969144
2017-01-17 00:00:00+05:30,6.77,6.77,6.62,6.7,902328
2017-01-18 00:00:00+05:30,6.7,6.95,6.65,6.68,2013198
2017-01-19 00:00:00+05:30,6.68,8.02,6.68,8.02,17751495
2017-01-20 00:00:00+05:30,8.67,9.4,8.52,9.07,39975684
2017-01-23 00:00:00+05:30,9.38,9.73,8.58,8.78,14659170
2017-01-24 00:00:00+05:30,8.87,9.17,8.62,8.67,4172541
2017-01-25 00:00:00+05:30,8.7,8.78,8.23,8.27,3206898
2017-01-27 00:00:00+05:30,8.22,8.45,8.18,8.27,2558799
2017-01-30 00:00:00+05:30,8.17,8.3,7.85,7.97,2803854
2017-01-31 00:00:00+05:30,7.87,7.93,7.67,7.78,2313612
2017-02-01 00:00:00+05:30,7.75,7.83,7.6,7.65,1902174
2017-02-02 00:00:00+05:30,7.6,7.88,7.6,7.78,1495014
2017-02-03 00:00:00+05:30,7.9,8.4,7.73,8.32,3538143
2017-02-06 00:00:00+05:30,8.4,8.62,8.3,8.52,2041599
2017-02-07 00:00:00+05:30,8.55,8.63,8.4,8.53,1720524
2017-02-08 00:00:00+05:30,8.53,8.67,8.52,8.58,1539192
2017-02-09 00:00:00+05:30,8.58,8.62,8.12,8.43,1555191
2017-02-10 00:00:00+05:30,8.47,8.9,8.38,8.58,2244078
2017-02-13 00:00:00+05:30,8.6,10.3,8.42,10.07,14713764
2017-02-14 00:00:00+05:30,10.4,10.6,9.28,9.62,24341523
2017-02-15 00:00:00+05:30,9.65,9.88,8.63,8.8,13209915
2017-02-16 00:00:00+05:30,8.7,9.13,8.67,8.85,5297001
2017-02-17 00:00:00+05:30,8.93,8.98,8.68,8.72,2243382
2017-02-20 00:00:00+05:30,8.73,8.9,8.33,8.77,1893231
2017-02-21 00:00:00+05:30,8.75,8.98,8.68,8.78,1639308
2017-02-22 00:00:00+05:30,8.83,8.93,8.6,8.7,1562082
2017-02-23 00:00:00+05:30,8.75,8.77,8.62,8.68,1044234
2017-02-27 00:00:00+05:30,8.8,8.87,8.7,8.8,1672785
2017-02-28 00:00:00+05:30,8.77,8.8,8.68,8.73,1242447
2017-03-01 00:00:00+05:30,8.78,9.2,8.77,9.15,2732541
2017-03-02 00:00:00+05:30,9.2,9.83,9.2,9.3,10315692
2017-03-03 00:00:00+05:30,9.23,9.53,9.03,9.08,3853299
2017-03-06 00:00:00+05:30,9.12,9.53,9.08,9.4,3970152
2017-03-07 00:00:00+05:30,10.17,10.3,9.57,9.63,13729641
2017-03-08 00:00:00+05:30,9.62,9.88,9.37,9.75,7508712
2017-03-09 00:00:00+05:30,9.75,10.13,9.57,9.63,6843558
2017-03-10 00:00:00+05:30,9.65,9.98,9.52,9.6,2619327
2017-03-14 00:00:00+05:30,9.75,9.95,9.43,9.52,2362107
2017-03-15 00:00:00+05:30,9.47,9.65,9.25,9.3,1885908
2017-03-16 00:00:00+05:30,9.43,9.43,9.28,9.32,2300436
2017-03-17 00:00:00+05:30,9.33,9.37,9.12,9.15,1152195
2017-03-20 00:00:00+05:30,9.15,9.3,9.0,9.2,1380306
2017-03-21 00:00:00+05:30,9.2,9.33,8.97,9.07,1595373
2017-03-22 00:00:00+05:30,9.0,9.13,8.95,8.97,787167
2017-03-23 00:00:00+05:30,9.1,9.27,9.03,9.17,1055601
2017-03-24 00:00:00+05:30,9.2,9.22,9.03,9.07,1813638
2017-03-27 00:00:00+05:30,9.1,9.15,8.9,8.93,1123425
2017-03-28 00:00:00+05:30,9.35,9.67,9.15,9.27,5417160
2017-03-29 00:00:00+05:30,9.37,9.4,9.08,9.27,2246340
2017-03-30 00:00:00+05:30,9.22,9.25,8.97,9.02,982584
2017-03-31 00:00:00+05:30,9.0,9.23,8.82,9.05,2672667
2017-04-03 00:00:00+05:30,9.17,9.23,8.9,8.95,1541295
2017-04-05 00:00:00+05:30,8.97,8.97,8.8,8.87,1905291
2017-04-06 00:00:00+05:30,8.87,8.93,8.82,8.85,1139061
2017-04-07 00:00:00+05:30,8.8,8.95,8.52,8.75,1613931
2017-04-10 00:00:00+05:30,8.77,8.82,8.6,8.65,1430502
2017-04-11 00:00:00+05:30,8.62,8.7,8.48,8.53,1190688
2017-04-12 00:00:00+05:30,8.5,8.75,8.48,8.57,2194917
2017-04-13 00:00:00+05:30,8.63,8.63,8.27,8.35,3451422
2017-04-17 00:00:00+05:30,8.35,8.48,8.3,8.32,1911330
2017-04-18 00:00:00+05:30,8.4,8.55,8.17,8.2,3875400
2017-04-19 00:00:00+05:30,8.23,8.37,8.18,8.27,1166451
2017-04-20 00:00:00+05:30,8.32,8.47,8.3,8.37,1447959
2017-04-21 00:00:00+05:30,8.35,9.1,8.35,8.6,4649253
2017-04-24 00:00:00+05:30,8.67,9.0,8.53,8.73,4410489
2017-04-25 00:00:00+05:30,8.68,8.87,8.57,8.6,1519908
2017-04-26 00:00:00+05:30,8.63,8.77,8.4,8.47,1306653
2017-04-27 00:00:00+05:30,8.5,8.5,8.2,8.33,979236
2017-04-28 00:00:00+05:30,8.45,8.5,8.4,8.47,1081842
2017-05-02 00:00:00+05:30,8.38,8.5,8.35,8.4,961644
2017-05-03 00:00:00+05:30,8.42,8.48,8.27,8.28,1020738
2017-05-04 00:00:00+05:30,8.35,9.0,8.07,8.85,4081644
2017-05-05 00:00:00+05:30,8.85,9.03,8.63,8.68,3045552
2017-05-08 00:00:00+05:30,8.77,8.78,8.55,8.58,960642
2017-05-09 00:00:00+05:30,8.67,8.67,8.45,8.5,1000323
2017-05-10 00:00:00+05:30,8.5,8.92,8.48,8.62,2008932
2017-05-11 00:00:00+05:30,8.62,8.8,8.58,8.73,1207536
2017-05-12 00:00:00+05:30,8.83,8.93,8.67,8.68,1507056
2017-05-15 00:00:00+05:30,8.78,8.8,8.6,8.67,1138575
2017-05-16 00:00:00+05:30,8.67,8.77,8.58,8.68,952248
2017-05-17 00:00:00+05:30,8.7,8.73,8.55,8.62,1012068
2017-05-18 00:00:00+05:30,8.63,8.65,8.3,8.35,934167
2017-05-19 00:00:00+05:30,8.52,8.55,8.27,8.28,1469967
2017-05-22 00:00:00+05:30,8.03,8.38,8.03,8.18,1184496
2017-05-23 00:00:00+05:30,8.17,8.27,7.93,7.98,1076046
2017-05-24 00:00:00+05:30,8.07,8.1,7.85,7.93,1409931
2017-05-25 00:00:00+05:30,7.95,8.0,7.77,7.92,868023
2017-05-26 00:00:00+05:30,8.33,9.37,7.82,7.95,16825815
2017-05-29 00:00:00+05:30,7.88,8.28,7.48,7.52,6142779
2017-05-30 00:00:00+05:30,7.5,7.57,7.37,7.45,1223559
2017-05-31 00:00:00+05:30,7.33,7.4,7.08,7.3,1307052
2017-06-01 00:00:00+05:30,7.33,7.5,7.25,7.47,1080540
2017-06-02 00:00:00+05:30,7.47,7.62,7.32,7.4,1141986
2017-06-05 00:00:00+05:30,7.38,7.47,7.35,7.42,956571
2017-06-06 00:00:00+05:30,7.37,7.5,7.37,7.43,1354959
2017-06-07 00:00:00+05:30,7.43,7.63,7.43,7.58,987147
2017-06-08 00:00:00+05:30,7.7,7.75,7.37,7.48,1059567
2017-06-09 00:00:00+05:30,7.48,7.5,7.38,7.42,1000722
2017-06-12 00:00:00+05:30,7.42,7.47,7.13,7.15,1125123
2017-06-13 00:00:00+05:30,7.17,7.2,6.98,7.02,977088
2017-06-14 00:00:00+05:30,7.02,7.25,6.98,7.08,1067178
2017-06-15 00:00:00+05:30,7.15,7.15,7.0,7.03,975294
2017-06-16 00:00:00+05:30,7.12,7.13,6.97,7.05,1117317
2017-06-19 00:00:00+05:30,7.13,7.2,6.98,7.13,1199475
2017-06-20 00:00:00+05:30,7.13,7.18,7.03,7.12,992148
2017-06-21 00:00:00+05:30,7.1,7.15,7.05,7.08,1149057
2017-06-22 00:00:00+05:30,7.07,7.63,7.07,7.18,1958403
2017-06-23 00:00:00+05:30,7.17,7.23,7.03,7.05,1116003
2017-06-27 00:00:00+05:30,7.1,7.23,7.02,7.15,1129422
2017-06-28 00:00:00+05:30,7.15,7.18,7.05,7.1,1034088
2017-06-29 00:00:00+05:30,7.22,7.22,7.05,7.07,1085049
2017-06-30 00:00:00+05:30,7.03,7.2,7.03,7.08,1448757
2017-07-03 00:00:00+05:30,7.18,7.18,7.03,7.07,850359
2017-07-04 00:00:00+05:30,7.1,7.12,6.98,7.0,1181193
2017-07-05 00:00:00+05:30,6.95,7.08,6.93,7.08,1403262
2017-07-06 00:00:00+05:30,7.1,7.13,7.02,7.05,1144608
2017-07-07 00:00:00+05:30,7.03,8.43,7.03,8.28,8146794
2017-07-10 00:00:00+05:30,8.35,8.35,8.02,8.12,1842144
2017-07-11 00:00:00+05:30,8.25,8.32,8.02,8.07,2616537
2017-07-12 00:00:00+05:30,8.07,9.08,7.77,8.53,6682386
2017-07-13 00:00:00+05:30,8.5,8.6,8.17,8.32,3229362
2017-07-14 00:00:00+05:30,8.33,8.33,8.05,8.13,1658478
2017-07-17 00:00:00+05:30,8.27,8.33,8.03,8.13,1845312
2017-07-18 00:00:00+05:30,8.13,8.13,7.75,7.78,1702617
2017-07-19 00:00:00+05:30,7.77,8.07,7.77,8.02,1840581
2017-07-20 00:00:00+05:30,8.03,8.43,8.03,8.37,2781351
2017-07-21 00:00:00+05:30,8.43,8.45,8.13,8.33,2384331
2017-07-24 00:00:00+05:30,8.4,8.42,8.15,8.18,1265532
2017-07-25 00:00:00+05:30,8.22,8.3,8.03,8.08,1629267
2017-07-26 00:00:00+05:30,8.1,8.57,8.08,8.3,2127393
2017-07-27 00:00:00+05:30,8.33,8.33,7.98,8.02,1675284
2017-07-28 00:00:00+05:30,8.07,8.18,7.95,8.02,1411482
2017-07-31 00:00:00+05:30,8.13,8.13,7.72,7.77,1505586
2017-08-01 00:00:00+05:30,7.93,7.93,7.77,7.82,1084329
2017-08-02 00:00:00+05:30,7.78,7.87,7.63,7.68,1106835
2017-08-03 00:00:00+05:30,7.73,7.88,7.7,7.75,1119168
2017-08-04 00:00:00+05:30,7.77,7.83,7.67,7.72,1028895
2017-08-07 00:00:00+05:30,7.83,7.9,7.63,7.67,1174257
2017-08-08 00:00:00+05:30,7.78,7.78,7.38,7.42,1083120
2017-08-09 00:00:00+05:30,7.45,7.5,7.3,7.35,1665270
2017-08-10 00:00:00+05:30,7.35,7.4,6.7,6.87,1352346
2017-08-11 00:00:00+05:30,7.08,7.08,6.67,6.9,995406
2017-08-14 00:00:00+05:30,7.47,8.0,7.25,7.85,5740293
2017-08-16 00:00:00+05:30,7.82,7.9,7.37,7.63,1473924
2017-08-17 00:00:00+05:30,7.7,7.78,7.42,7.47,1191615
2017-08-18 00:00:00+05:30,7.5,7.55,7.37,7.47,1006293
2017-08-21 00:00:00+05:30,7.57,7.65,7.27,7.3,842190
2017-08-22 00:00:00+05:30,7.33,7.37,7.1,7.17,904323
2017-08-23 00:00:00+05:30,7.18,7.25,7.12,7.15,1165680
2017-08-24 00:00:00+05:30,7.2,7.23,7.1,7.12,1161444
2017-08-28 00:00:00+05:30,7.23,7.63,7.1,7.17,1270605
2017-08-29 00:00:00+05:30,7.08,7.17,6.37,6.55,4075023
2017-08-30 00:00:00+05:30,6.55,6.72,6.23,6.25,3993048
2017-09-01 00:00:00+05:30,6.38,6.67,6.33,6.48,7622307
2017-09-04 00:00:00+05:30,6.57,6.57,6.3,6.38,18746997
2017-09-05 00:00:00+05:30,6.43,7.43,6.23,7.0,9064131
2017-09-06 00:00:00+05:30,7.13,7.77,6.77,7.4,11780889
2017-09-07 00:00:00+05:30,7.7,8.17,7.43,7.9,9143982
2017-09-08 00:00:00+05:30,7.93,7.93,7.52,7.65,2754819
2017-09-11 00:00:00+05:30,7.63,8.13,7.52,7.97,5489595
2017-09-12 00:00:00+05:30,7.87,8.1,7.77,8.03,2944083
2017-09-13 00:00:00+05:30,7.9,8.58,7.13,7.27,12940725
2017-09-14 00:00:00+05:30,7.28,7.5,7.27,7.35,1418439
2017-09-15 00:00:00+05:30,7.27,7.7,7.08,7.3,3348366
2017-09-18 00:00:00+05:30,7.05,7.65,7.03,7.45,4093182
2017-09-19 00:00:00+05:30,7.45,8.13,7.33,8.03,6759126
2017-09-20 00:00:00+05:30,8.03,8.28,7.87,8.17,4983975
2017-09-21 00:00:00+05:30,8.25,8.4,7.83,7.98,2409201
2017-09-22 00:00:00+05:30,7.97,8.1,7.37,7.8,2584521
2017-09-25 00:00:00+05:30,7.72,7.82,7.4,7.65,1628811
2017-09-26 00:00:00+05:30,7.63,7.78,7.57,7.62,1007103
2017-09-27 00:00:00+05:30,7.67,7.77,7.38,7.42,1179708
2017-09-28 00:00:00+05:30,7.43,8.47,7.38,8.32,17690307
2017-09-29 00:00:00+05:30,8.42,8.48,8.02,8.08,6026355
2017-10-03 00:00:00+05:30,8.07,8.38,7.97,8.08,3115365
2017-10-04 00:00:00+05:30,8.13,8.13,7.83,7.88,1221576
2017-10-05 00:00:00+05:30,7.83,8.0,7.68,7.73,1094592
2017-10-06 00:00:00+05:30,7.72,8.12,7.72,7.8,1934886
2017-10-09 00:00:00+05:30,7.68,8.05,7.68,7.85,2243334
2017-10-10 00:00:00+05:30,7.85,7.93,7.73,7.78,1360452
2017-10-11 00:00:00+05:30,7.78,7.98,7.52,7.58,1924815
2017-10-12 00:00:00+05:30,7.67,7.73,7.5,7.53,1324191
2017-10-13 00:00:00+05:30,7.6,7.67,7.52,7.53,1111725
2017-10-16 00:00:00+05:30,7.6,8.17,7.53,7.87,4634118
2017-10-17 00:00:00+05:30,7.9,8.07,7.7,7.75,2214780
2017-10-18 00:00:00+05:30,7.75,7.95,7.67,7.7,1654347
2017-10-19 00:00:00+05:30,7.8,7.92,7.62,7.75,887949
2017-10-23 00:00:00+05:30,7.75,7.82,7.55,7.6,1359858
2017-10-24 00:00:00+05:30,7.53,7.7,7.53,7.57,1036101
2017-10-25 00:00:00+05:30,7.67,7.67,7.4,7.45,1694808
2017-10-26 00:00:00+05:30,7.53,7.53,7.3,7.32,1521258
2017-10-27 00:00:00+05:30,7.4,7.45,7.2,7.22,1326984
2017-10-30 00:00:00+05:30,7.23,8.02,7.22,7.92,6663231
2017-10-31 00:00:00+05:30,7.98,8.27,7.83,8.07,5072532
2017-11-01 00:00:00+05:30,8.3,9.67,8.05,9.5,30099477
2017-11-02 00:00:00+05:30,9.65,11.25,9.27,9.82,76966236
2017-11-03 00:00:00+05:30,10.0,10.45,9.18,9.3,47786091
2017-11-06 00:00:00+05:30,9.5,9.55,8.78,9.12,7716141
2017-11-07 00:00:00+05:30,9.12,9.17,8.23,8.37,6356547
2017-11-08 00:00:00+05:30,8.5,9.62,8.4,8.68,48035892
2017-11-09 00:00:00+05:30,8.8,9.28,8.55,8.6,37596144
2017-11-10 00:00:00+05:30,8.77,9.47,8.28,8.37,79543047
2017-11-13 00:00:00+05:30,8.47,8.92,7.95,8.0,45121503
2017-11-14 00:00:00+05:30,8.03,8.42,7.3,7.45,47234601
2017-11-15 00:00:00+05:30,7.32,7.5,7.08,7.18,16715802
2017-11-16 00:00:00+05:30,7.18,7.38,7.07,7.28,9588849
2017-11-17 00:00:00+05:30,7.42,7.45,7.25,7.3,4669974
2017-11-20 00:00:00+05:30,7.5,8.17,7.42,8.03,23141637
2017-11-21 00:00:00+05:30,8.15,8.62,7.87,8.42,24586437
2017-11-22 00:00:00+05:30,8.6,8.93,8.5,8.8,29126487
2017-11-23 00:00:00+05:30,8.92,9.2,8.1,8.25,29438565
2017-11-24 00:00:00+05:30,8.25,8.5,8.0,8.05,14489655
2017-11-27 00:00:00+05:30,8.1,8.5,7.87,8.3,12735789
2017-11-28 00:00:00+05:30,8.4,8.4,7.9,8.03,14191794
2017-11-29 00:00:00+05:30,8.03,8.3,7.78,7.83,20464710
2017-11-30 00:00:00+05:30,7.82,7.97,7.47,7.6,18759387
2017-12-01 00:00:00+05:30,7.6,7.8,7.28,7.32,20444046
2017-12-04 00:00:00+05:30,7.4,7.73,7.13,7.58,15470103
2017-12-05 00:00:00+05:30,7.68,7.9,7.47,7.63,11546892
2017-12-06 00:00:00+05:30,7.63,7.78,7.1,7.17,28804464
2017-12-07 00:00:00+05:30,7.23,7.43,6.63,6.75,45355572
2017-12-08 00:00:00+05:30,6.75,6.85,6.38,6.42,40672488
2017-12-11 00:00:00+05:30,6.42,6.6,6.1,6.47,20085891
2017-12-12 00:00:00+05:30,6.43,6.5,6.28,6.4,8427084
2017-12-13 00:00:00+05:30,6.42,6.45,6.25,6.27,5693952
2017-12-14 00:00:00+05:30,6.07,6.12,5.23,5.4,36148977
2017-12-15 00:00:00+05:30,5.35,5.85,5.08,5.75,26229750
2017-12-18 00:00:00+05:30,5.72,5.83,5.37,5.72,7008048
2017-12-19 00:00:00+05:30,5.73,5.95,5.68,5.85,8972697
2017-12-20 00:00:00+05:30,5.82,6.15,5.5,5.92,21038484
2017-12-21 00:00:00+05:30,5.95,6.37,5.8,6.28,17056530
2017-12-22 00:00:00+05:30,6.33,6.97,6.33,6.75,21003804
2017-12-26 00:00:00+05:30,6.88,7.27,6.73,7.15,25162011
2017-12-27 00:00:00+05:30,7.33,7.45,6.53,6.58,29411760
2017-12-28 00:00:00+05:30,6.77,6.77,6.27,6.33,21781068
2017-12-29 00:00:00+05:30,6.37,6.53,6.18,6.22,21700476
2018-01-01 00:00:00+05:30,6.3,6.52,6.18,6.23,21732960
2018-01-02 00:00:00+05:30,6.28,6.32,6.13,6.28,4760733
2018-01-03 00:00:00+05:30,6.37,6.83,6.23,6.55,26994708
2018-01-04 00:00:00+05:30,6.67,6.85,6.28,6.33,38746047
2018-01-05 00:00:00+05:30,6.35,6.43,6.25,6.3,8092947
2018-01-08 00:00:00+05:30,6.35,6.45,6.33,6.37,5357883
2018-01-09 00:00:00+05:30,6.43,6.43,6.33,6.35,4982511
2018-01-10 00:00:00+05:30,6.37,6.43,6.33,6.37,6085485
2018-01-11 00:00:00+05:30,6.37,6.75,6.35,6.65,16723014
2018-01-12 00:00:00+05:30,6.73,6.87,6.43,6.55,14335689
2018-01-15 00:00:00+05:30,6.6,6.65,6.42,6.48,4390986
2018-01-16 00:00:00+05:30,6.5,6.52,6.2,6.22,4746777
2018-01-17 00:00:00+05:30,6.18,6.3,6.07,6.22,3614730
2018-01-18 00:00:00+05:30,6.28,6.75,6.28,6.4,30579963
2018-01-19 00:00:00+05:30,6.5,6.5,6.2,6.35,4632423
2018-01-22 00:00:00+05:30,6.35,6.47,6.22,6.25,3858093
2018-01-23 00:00:00+05:30,6.3,6.37,6.18,6.22,4168152
2018-01-24 00:00:00+05:30,6.23,6.23,6.07,6.1,2509425
2018-01-25 00:00:00+05:30,6.07,6.13,5.85,5.97,6192660
2018-01-29 00:00:00+05:30,6.02,6.07,5.68,5.77,3432246
2018-01-30 00:00:00+05:30,5.77,5.93,5.67,5.68,4653147
2018-01-31 00:00:00+05:30,5.72,5.8,5.68,5.7,2061525
2018-02-01 00:00:00+05:30,5.77,5.77,5.6,5.62,3122733
2018-02-02 00:00:00+05:30,5.55,5.55,5.18,5.32,4624506
2018-02-05 00:00:00+05:30,5.17,5.17,4.9,5.03,4047849
2018-02-06 00:00:00+05:30,4.75,4.92,4.72,4.88,4541436
2018-02-07 00:00:00+05:30,4.95,5.23,4.95,5.18,4022172
2018-02-08 00:00:00+05:30,5.25,5.6,5.22,5.5,6295203
2018-02-09 00:00:00+05:30,5.25,5.5,5.2,5.47,2496117
2018-02-12 00:00:00+05:30,5.62,5.8,5.55,5.7,3729474
2018-02-14 00:00:00+05:30,5.87,6.12,5.75,5.92,5874252
2018-02-15 00:00:00+05:30,6.05,6.13,5.43,5.48,6519006
2018-02-16 00:00:00+05:30,5.48,5.67,5.37,5.42,2240106
2018-02-19 00:00:00+05:30,5.43,5.5,5.27,5.32,1846593
2018-02-20 00:00:00+05:30,5.33,5.43,5.3,5.38,1330107
2018-02-21 00:00:00+05:30,5.43,5.88,5.27,5.78,13399851
2018-02-22 00:00:00+05:30,5.83,5.93,5.6,5.65,6394269
2018-02-23 00:00:00+05:30,5.63,6.4,5.6,6.02,24929958
2018-02-26 00:00:00+05:30,6.3,6.3,5.72,5.78,11418129
2018-02-27 00:00:00+05:30,5.9,5.9,5.68,5.83,5436057
2018-02-28 00:00:00+05:30,5.85,6.05,5.78,5.98,15323019
2018-03-01 00:00:00+05:30,6.03,6.18,5.92,6.1,7517694
2018-03-05 00:00:00+05:30,6.1,6.28,6.05,6.12,6426795
2018-03-06 00:00:00+05:30,6.18,6.22,6.0,6.0,4896393
2018-03-07 00:00:00+05:30,6.0,6.0,5.67,5.67,4402500
2018-03-08 00:00:00+05:30,5.7,5.87,5.67,5.77,2603679
2018-03-09 00:00:00+05:30,5.87,5.87,5.67,5.68,2260992
2018-03-12 00:00:00+05:30,5.67,5.73,5.57,5.6,1668147
2018-03-13 00:00:00+05:30,5.63,5.67,5.57,5.62,1344714
2018-03-14 00:00:00+05:30,5.63,5.67,5.53,5.6,1163916
2018-03-15 00:00:00+05:30,5.62,5.62,5.53,5.58,1469919
2018-03-16 00:00:00+05:30,5.68,6.58,5.68,6.15,11580771
2018-03-19 00:00:00+05:30,6.28,6.3,5.83,5.9,3566118
2018-03-20 00:00:00+05:30,5.9,6.03,5.78,5.88,1940493
2018-03-21 00:00:00+05:30,5.97,6.22,5.92,6.02,3288696
2018-03-22 00:00:00+05:30,6.07,6.07,5.85,5.9,3791907
2018-03-23 00:00:00+05:30,5.67,5.9,5.48,5.6,5075208
2018-03-26 00:00:00+05:30,5.7,5.7,5.38,5.47,3606771
2018-03-27 00:00:00+05:30,5.55,5.6,5.43,5.47,2614638
2018-03-28 00:00:00+05:30,5.47,5.47,5.27,5.32,3040362
2018-04-02 00:00:00+05:30,5.47,5.68,5.42,5.53,1118991
2018-04-03 00:00:00+05:30,5.53,5.78,5.48,5.73,2276124
2018-04-04 00:00:00+05:30,5.82,5.87,5.6,5.67,3901914
2018-04-05 00:00:00+05:30,5.73,5.8,5.58,5.62,4025580
2018-04-06 00:00:00+05:30,5.7,5.72,5.57,5.6,6745464
2018-04-09 00:00:00+05:30,5.67,5.68,5.48,5.55,3691473
2018-04-10 00:00:00+05:30,5.6,5.62,5.48,5.53,4291239
2018-04-11 00:00:00+05:30,5.58,5.6,5.5,5.52,4098789
2018-04-12 00:00:00+05:30,5.52,5.53,5.45,5.48,2619201
2018-04-13 00:00:00+05:30,5.5,5.5,5.43,5.43,3592956
2018-04-16 00:00:00+05:30,5.4,5.43,5.3,5.35,2367852
2018-04-17 00:00:00+05:30,5.4,5.43,5.32,5.33,3910770
2018-04-18 00:00:00+05:30,5.37,5.38,5.27,5.28,2123292
2018-04-19 00:00:00+05:30,5.33,5.35,5.12,5.22,3231579
2018-04-20 00:00:00+05:30,5.22,5.45,5.17,5.33,8383992
2018-04-23 00:00:00+05:30,5.53,5.83,5.42,5.5,19313226
2018-04-24 00:00:00+05:30,5.73,5.82,5.6,5.67,24025818
2018-04-25 00:00:00+05:30,5.67,5.73,5.42,5.45,8157057
2018-04-26 00:00:00+05:30,5.42,5.42,5.15,5.17,7483542
2018-04-27 00:00:00+05:30,5.17,5.5,5.15,5.17,5700267
2018-04-30 00:00:00+05:30,5.18,5.23,5.07,5.08,3338508
2018-05-02 00:00:00+05:30,5.13,5.2,4.2,4.27,38880912
2018-05-03 00:00:00+05:30,4.3,4.57,3.43,4.43,27165123
2018-05-04 00:00:00+05:30,4.58,4.73,4.28,4.47,31378209
2018-05-07 00:00:00+05:30,4.9,5.35,4.62,4.67,96474468
2018-05-08 00:00:00+05:30,4.72,5.07,4.28,4.33,42120369
2018-05-09 00:00:00+05:30,4.47,4.6,4.07,4.42,38372793
2018-05-10 00:00:00+05:30,4.52,4.65,4.25,4.3,12957918
2018-05-11 00:00:00+05:30,4.37,4.37,4.13,4.18,6312138
2018-05-14 00:00:00+05:30,4.13,4.13,3.58,3.7,13917249
2018-05-15 00:00:00+05:30,3.58,3.92,3.4,3.47,24886020
2018-05-16 00:00:00+05:30,3.42,3.42,3.17,3.23,8591664
2018-05-17 00:00:00+05:30,3.28,3.55,3.25,3.48,15442497
2018-05-18 00:00:00+05:30,3.53,3.53,3.33,3.37,5599188
2018-05-21 00:00:00+05:30,3.33,3.4,3.22,3.25,15065403
2018-05-22 00:00:00+05:30,3.42,3.57,3.28,3.57,11397153
2018-05-23 00:00:00+05:30,3.73,3.92,3.68,3.9,14392272
2018-05-24 00:00:00+05:30,4.13,4.28,3.97,4.25,29243106
2018-05-25 00:00:00+05:30,4.33,4.45,4.0,4.13,21673602
2018-05-28 00:00:00+05:30,4.22,4.27,3.97,4.03,14906604
2018-05-29 00:00:00+05:30,4.05,4.43,4.05,4.38,48430983
2018-05-30 00:00:00+05:30,4.42,4.82,4.32,4.82,25830513
2018-05-31 00:00:00+05:30,5.02,5.05,4.68,4.92,15856305
2018-06-01 00:00:00+05:30,5.0,5.15,4.7,5.13,38244690
2018-06-04 00:00:00+05:30,5.23,5.28,4.97,5.22,19378164
2018-06-05 00:00:00+05:30,5.0,5.1,4.97,4.97,3912972
2018-06-06 00:00:00+05:30,4.73,4.73,4.73,4.73,603441
2018-06-07 00:00:00+05:30,4.5,4.7,4.5,4.5,18324030
2018-06-08 00:00:00+05:30,4.28,4.37,4.28,4.28,5203149
2018-06-11 00:00:00+05:30,4.42,4.48,4.08,4.25,23395707
2018-06-12 00:00:00+05:30,4.35,4.35,4.05,4.05,21161421
2018-06-13 00:00:00+05:30,4.1,4.25,4.08,4.25,48500127
2018-06-14 00:00:00+05:30,4.33,4.45,4.3,4.45,8817822
2018-06-15 00:00:00+05:30,4.62,4.67,4.58,4.67,6306240
2018-06-18 00:00:00+05:30,4.73,4.73,4.43,4.43,6786456
2018-06-19 00:00:00+05:30,4.22,4.22,4.22,4.22,1230015
2018-06-20 00:00:00+05:30,4.02,4.18,4.02,4.02,14018514
2018-06-21 00:00:00+05:30,3.92,4.22,3.82,4.22,25487199
2018-06-22 00:00:00+05:30,4.38,4.38,4.03,4.18,16971804
2018-06-25 00:00:00+05:30,4.2,4.25,3.98,4.0,17085324
2018-06-26 00:00:00+05:30,3.95,4.07,3.88,3.95,6428631
2018-06-27 00:00:00+05:30,3.87,3.97,3.77,3.77,5485080
2018-06-28 00:00:00+05:30,3.72,3.72,3.58,3.58,7172490
2018-06-29 00:00:00+05:30,3.57,3.75,3.55,3.7,7388553
2018-07-02 00:00:00+05:30,3.72,3.72,3.6,3.65,3583542
2018-07-03 00:00:00+05:30,3.67,3.67,3.6,3.63,2154744
2018-07-04 00:00:00+05:30,3.63,3.63,3.52,3.58,3345939
2018-07-05 00:00:00+05:30,3.6,3.63,3.5,3.52,3174948
2018-07-06 00:00:00+05:30,3.52,3.53,3.4,3.47,3883383
2018-07-09 00:00:00+05:30,3.55,3.63,3.48,3.55,5880630
2018-07-10 00:00:00+05:30,3.58,3.58,3.5,3.53,2410236
2018-07-11 00:00:00+05:30,3.63,3.7,3.47,3.63,6701679
2018-07-12 00:00:00+05:30,3.75,3.8,3.7,3.78,15291315
2018-07-13 00:00:00+05:30,3.78,3.97,3.6,3.6,18661323
2018-07-16 00:00:00+05:30,3.58,3.58,3.43,3.43,4951167
2018-07-17 00:00:00+05:30,3.43,3.55,3.28,3.45,6029280
2018-07-18 00:00:00+05:30,3.42,3.42,3.28,3.28,7710225
2018-07-19 00:00:00+05:30,3.2,3.23,3.13,3.13,1975701
2018-07-20 00:00:00+05:30,3.0,3.03,2.98,2.98,2337909
2018-07-23 00:00:00+05:30,2.85,3.12,2.85,3.03,12069462
2018-07-24 00:00:00+05:30,3.05,3.08,2.92,2.97,4731963
2018-07-25 00:00:00+05:30,3.03,3.03,2.83,2.93,5503413
2018-07-26 00:00:00+05:30,3.02,3.02,2.92,2.95,2837583
2018-07-27 00:00:00+05:30,3.0,3.08,2.95,3.07,6184245
2018-07-30 00:00:00+05:30,3.17,3.22,3.1,3.22,3300489
2018-07-31 00:00:00+05:30,3.28,3.37,3.17,3.33,16636503
2018-08-01 00:00:00+05:30,3.42,3.42,3.17,3.17,16749114
2018-08-02 00:00:00+05:30,3.23,3.23,3.02,3.02,27204045
2018-08-03 00:00:00+05:30,2.97,3.17,2.93,3.13,12849318
2018-08-06 00:00:00+05:30,3.22,3.25,3.07,3.12,12818388
2018-08-07 00:00:00+05:30,3.1,3.1,2.98,3.0,9072297
2018-08-08 00:00:00+05:30,3.0,3.13,2.93,3.02,6822462
2018-08-09 00:00:00+05:30,3.08,3.08,2.97,2.98,6860043
2018-08-10 00:00:00+05:30,3.0,3.03,2.9,3.0,4866081
2018-08-13 00:00:00+05:30,3.07,3.08,2.95,2.98,15406062
2018-08-14 00:00:00+05:30,3.1,3.12,3.02,3.12,55948452
2018-08-16 00:00:00+05:30,3.22,3.27,3.13,3.27,29572926
2018-08-17 00:00:00+05:30,3.28,3.38,3.12,3.12,12018279
2018-08-20 00:00:00+05:30,2.98,3.18,2.97,3.13,18052866
2018-08-21 00:00:00+05:30,3.18,3.22,2.98,2.98,25357551
2018-08-23 00:00:00+05:30,2.98,3.02,2.9,3.0,8177310
2018-08-24 00:00:00+05:30,3.15,3.15,3.1,3.13,93174213
2018-08-27 00:00:00+05:30,3.23,3.28,3.17,3.28,31695654
2018-08-28 00:00:00+05:30,3.43,3.43,3.43,3.43,2286453
2018-08-29 00:00:00+05:30,3.6,3.6,3.6,3.6,4335894
2018-08-30 00:00:00+05:30,3.43,3.53,3.43,3.43,16635525
2018-08-31 00:00:00+05:30,3.27,3.3,3.27,3.27,8671230
2018-09-03 00:00:00+05:30,3.17,3.32,3.12,3.17,35303460
2018-09-04 00:00:00+05:30,3.17,3.25,3.12,3.15,13384299
2018-09-05 00:00:00+05:30,3.15,3.18,3.0,3.05,13374192
2018-09-06 00:00:00+05:30,3.12,3.12,3.02,3.03,9119688
2018-09-07 00:00:00+05:30,3.05,3.18,3.02,3.17,22431330
2018-09-10 00:00:00+05:30,3.15,3.15,3.02,3.02,13670898
2018-09-11 00:00:00+05:30,2.95,3.05,2.9,2.95,12824871
2018-09-12 00:00:00+05:30,2.98,3.0,2.87,2.9,9116085
2018-09-14 00:00:00+05:30,2.9,2.92,2.85,2.92,7566573
2018-09-17 00:00:00+05:30,2.85,2.88,2.8,2.8,10190085
2018-09-18 00:00:00+05:30,2.8,2.85,2.67,2.67,14174103
2018-09-19 00:00:00+05:30,2.65,2.7,2.53,2.53,21855849
2018-09-21 00:00:00+05:30,2.45,2.5,2.42,2.42,20078835
2018-09-24 00:00:00+05:30,2.33,2.37,2.3,2.3,2571453
2018-09-25 00:00:00+05:30,2.22,2.22,2.2,2.2,1799070
2018-09-26 00:00:00+05:30,2.1,2.2,2.1,2.1,10167039
2018-09-27 00:00:00+05:30,2.0,2.2,2.0,2.2,16514928
2018-09-28 00:00:00+05:30,2.27,2.3,2.18,2.28,16535745
2018-10-01 00:00:00+05:30,2.37,2.38,2.25,2.38,8377968
2018-10-03 00:00:00+05:30,2.45,2.5,2.42,2.5,6692067
2018-10-04 00:00:00+05:30,2.5,2.52,2.38,2.38,9982893
2018-10-05 00:00:00+05:30,2.33,2.37,2.27,2.27,5800473
2018-10-08 00:00:00+05:30,2.18,2.28,2.17,2.17,9354930
2018-10-09 00:00:00+05:30,2.17,2.25,2.07,2.1,9577017
2018-10-10 00:00:00+05:30,2.1,2.2,2.1,2.2,5434674
2018-10-11 00:00:00+05:30,2.13,2.15,2.1,2.12,5975142
2018-10-12 00:00:00+05:30,2.15,2.22,2.08,2.17,6807849
2018-10-15 00:00:00+05:30,2.18,2.22,2.13,2.17,4162266
2018-10-16 00:00:00+05:30,2.12,2.25,2.12,2.22,3755541
2018-10-17 00:00:00+05:30,2.28,2.3,2.15,2.17,3605286
2018-10-19 00:00:00+05:30,2.12,2.12,2.07,2.07,7289550
2018-10-22 00:00:00+05:30,2.02,2.05,1.97,1.97,9136560
2018-10-23 00:00:00+05:30,1.9,1.93,1.88,1.88,4218609
2018-10-24 00:00:00+05:30,1.83,1.85,1.8,1.8,6126102
2018-10-25 00:00:00+05:30,1.72,1.72,1.72,1.72,1376358
2018-10-26 00:00:00+05:30,1.63,1.8,1.63,1.8,17164878
2018-10-29 00:00:00+05:30,1.82,1.88,1.82,1.88,4097529
2018-10-30 00:00:00+05:30,1.92,1.97,1.9,1.97,4350888
2018-10-31 00:00:00+05:30,1.93,1.97,1.88,1.88,5730516
2018-11-01 00:00:00+05:30,1.82,1.92,1.8,1.85,6925818
2018-11-02 00:00:00+05:30,1.9,1.93,1.83,1.88,5075496
2018-11-05 00:00:00+05:30,1.87,1.87,1.8,1.85,3318504
2018-11-06 00:00:00+05:30,1.85,1.93,1.83,1.88,3868989
2018-11-07 00:00:00+05:30,1.93,1.95,1.9,1.92,1100487
2018-11-09 00:00:00+05:30,1.92,1.92,1.87,1.88,2751243
2018-11-12 00:00:00+05:30,1.88,1.97,1.88,1.92,3982710
2018-11-13 00:00:00+05:30,1.88,1.93,1.88,1.93,1633401
2018-11-14 00:00:00+05:30,1.93,2.0,1.93,1.95,2946402
2018-11-15 00:00:00+05:30,2.0,2.03,1.97,2.03,4030836
2018-11-16 00:00:00+05:30,2.08,2.13,2.05,2.13,3063276
2018-11-19 00:00:00+05:30,2.18,2.23,2.18,2.23,1437828
2018-11-20 00:00:00+05:30,2.3,2.33,2.13,2.13,14534634
2018-11-21 00:00:00+05:30,2.1,2.13,2.03,2.07,7204494
2018-11-22 00:00:00+05:30,2.07,2.13,2.02,2.05,4677399
2018-11-26 00:00:00+05:30,2.08,2.12,2.05,2.08,3193680
2018-11-27 00:00:00+05:30,2.07,2.08,2.03,2.05,1394982
2018-11-28 00:00:00+05:30,2.05,2.07,1.97,1.98,3016668
2018-11-29 00:00:00+05:30,2.0,2.03,1.95,1.98,1981080
2018-11-30 00:00:00+05:30,2.0,2.05,1.97,2.03,4297560
2018-12-03 00:00:00+05:30,2.05,2.13,2.03,2.13,5271762
2018-12-04 00:00:00+05:30,2.18,2.23,2.15,2.23,6759105
2018-12-05 00:00:00+05:30,2.27,2.33,2.27,2.33,11187861
2018-12-06 00:00:00+05:30,2.38,2.38,2.22,2.22,8695734
2018-12-07 00:00:00+05:30,2.1,2.23,2.1,2.18,3208326
2018-12-10 00:00:00+05:30,2.1,2.17,2.02,2.05,3837894
2018-12-11 00:00:00+05:30,1.97,2.1,1.97,2.07,2234874
2018-12-12 00:00:00+05:30,2.08,2.15,2.07,2.12,3710436
2018-12-13 00:00:00+05:30,2.13,2.15,2.08,2.12,2412711
2018-12-14 00:00:00+05:30,2.07,2.13,2.07,2.1,2554413
2018-12-17 00:00:00+05:30,2.08,2.23,2.08,2.15,3956703
2018-12-18 00:00:00+05:30,2.12,2.15,2.1,2.1,2222727
2018-12-19 00:00:00+05:30,2.12,2.17,1.98,2.08,4576650
2018-12-20 00:00:00+05:30,2.08,2.12,2.03,2.08,2465742
2018-12-21 00:00:00+05:30,2.08,2.12,2.05,2.07,2086812
2018-12-24 00:00:00+05:30,2.13,2.27,2.13,2.27,8154327
2018-12-26 00:00:00+05:30,2.43,2.48,2.4,2.48,7999764
2018-12-27 00:00:00+05:30,2.7,2.72,2.67,2.72,7897059
2018-12-28 00:00:00+05:30,2.85,2.85,2.85,2.85,2131686
2018-12-31 00:00:00+05:30,2.98,2.98,2.98,2.98,1203153
2019-01-01 00:00:00+05:30,3.12,3.12,2.85,2.85,18167700
2019-01-02 00:00:00+05:30,2.72,2.72,2.72,2.72,1314219
2019-01-03 00:00:00+05:30,2.58,2.82,2.58,2.58,34422345
2019-01-04 00:00:00+05:30,2.58,2.7,2.52,2.7,16740303
2019-01-07 00:00:00+05:30,2.8,2.83,2.75,2.83,9570807
2019-01-08 00:00:00+05:30,2.7,2.8,2.7,2.72,2746476
2019-01-09 00:00:00+05:30,2.62,2.8,2.58,2.75,2854065
2019-01-10 00:00:00+05:30,2.77,2.8,2.63,2.72,2141373
2019-01-11 00:00:00+05:30,2.73,2.75,2.65,2.67,1685157
2019-01-14 00:00:00+05:30,2.8,2.8,2.67,2.7,2158968
2019-01-15 00:00:00+05:30,2.7,2.83,2.62,2.8,2667870
2019-01-16 00:00:00+05:30,2.82,2.83,2.68,2.7,1878324
2019-01-17 00:00:00+05:30,2.7,2.7,2.6,2.63,2441751
2019-01-18 00:00:00+05:30,2.63,2.67,2.52,2.53,2492901
2019-01-21 00:00:00+05:30,2.57,2.58,2.42,2.42,1841004
2019-01-22 00:00:00+05:30,2.33,2.38,2.3,2.32,2524422
2019-01-23 00:00:00+05:30,2.37,2.42,2.32,2.38,1225182
2019-01-24 00:00:00+05:30,2.43,2.43,2.3,2.33,1417350
2019-01-25 00:00:00+05:30,2.38,2.45,2.3,2.45,2452386
2019-01-28 00:00:00+05:30,2.52,2.52,2.33,2.37,2160003
2019-01-29 00:00:00+05:30,2.4,2.42,2.28,2.3,1057125
2019-01-30 00:00:00+05:30,2.27,2.33,2.27,2.28,1339509
2019-01-31 00:00:00+05:30,2.28,2.35,2.23,2.3,1176333
2019-02-01 00:00:00+05:30,2.4,2.4,2.37,2.4,1503945
2019-02-04 00:00:00+05:30,2.52,2.52,2.28,2.3,2769105
2019-02-05 00:00:00+05:30,2.27,2.33,2.2,2.23,1951287
2019-02-06 00:00:00+05:30,2.23,2.23,2.13,2.15,2237778
2019-02-07 00:00:00+05:30,2.13,2.17,2.05,2.15,2115774
2019-02-08 00:00:00+05:30,2.08,2.23,2.05,2.05,1744494
2019-02-11 00:00:00+05:30,2.0,2.02,1.95,1.95,1975914
2019-02-12 00:00:00+05:30,1.88,2.03,1.87,1.93,2106360
2019-02-13 00:00:00+05:30,1.98,2.02,1.93,2.02,1685796
2019-02-14 00:00:00+05:30,2.03,2.12,2.03,2.07,1803435
2019-02-15 00:00:00+05:30,2.12,2.17,2.08,2.13,1755270
2019-02-18 00:00:00+05:30,2.13,2.17,2.03,2.03,1316784
2019-02-19 00:00:00+05:30,2.03,2.03,1.93,1.95,3104598
2019-02-20 00:00:00+05:30,1.97,2.0,1.9,1.95,1637685
2019-02-21 00:00:00+05:30,1.92,1.98,1.92,1.95,1424601
2019-02-22 00:00:00+05:30,1.98,2.03,1.93,2.03,1798941
2019-02-25 00:00:00+05:30,2.07,2.07,1.97,2.0,1144398
2019-02-26 00:00:00+05:30,2.0,2.0,1.9,1.95,2328861
2019-02-27 00:00:00+05:30,1.98,2.0,1.88,1.92,1759851
2019-02-28 00:00:00+05:30,1.95,2.0,1.9,1.98,1325469
2019-03-01 00:00:00+05:30,1.93,2.0,1.93,1.97,1709613
2019-03-05 00:00:00+05:30,2.0,2.03,1.93,2.03,1542042
2019-03-06 00:00:00+05:30,2.1,2.13,2.0,2.1,2614923
2019-03-07 00:00:00+05:30,2.13,2.2,2.1,2.2,2363859
2019-03-08 00:00:00+05:30,2.27,2.3,2.2,2.3,2332914
2019-03-11 00:00:00+05:30,2.33,2.4,2.2,2.35,5698245
2019-03-12 00:00:00+05:30,2.38,2.47,2.37,2.43,5068590
2019-03-13 00:00:00+05:30,2.55,2.55,2.47,2.53,8344110
2019-03-14 00:00:00+05:30,2.65,2.65,2.62,2.63,12586485
2019-03-15 00:00:00+05:30,2.73,2.73,2.52,2.52,11892591
2019-03-18 00:00:00+05:30,2.55,2.6,2.4,2.42,4819890
2019-03-19 00:00:00+05:30,2.42,2.53,2.3,2.53,11082885
2019-03-20 00:00:00+05:30,2.63,2.63,2.42,2.58,12482670
2019-03-22 00:00:00+05:30,2.62,2.62,2.47,2.47,6568905
2019-03-25 00:00:00+05:30,2.47,2.47,2.35,2.35,2400591
2019-03-26 00:00:00+05:30,2.23,2.3,2.23,2.23,4531971
2019-03-27 00:00:00+05:30,2.2,2.3,2.13,2.13,9429876
2019-03-28 00:00:00+05:30,2.13,2.18,2.05,2.13,8841054
2019-03-29 00:00:00+05:30,2.1,2.23,2.08,2.2,4617117
2019-04-01 00:00:00+05:30,2.2,2.3,2.1,2.27,3516495
2019-04-02 00:00:00+05:30,2.33,2.37,2.17,2.35,11685813
2019-04-03 00:00:00+05:30,2.37,2.42,2.23,2.23,9299889
2019-04-04 00:00:00+05:30,2.17,2.22,2.13,2.13,6397290
2019-04-05 00:00:00+05:30,2.07,2.22,2.07,2.18,5547507
2019-04-08 00:00:00+05:30,2.18,2.28,2.12,2.2,4654512
2019-04-09 00:00:00+05:30,2.22,2.25,2.13,2.15,2013672
2019-04-10 00:00:00+05:30,2.15,2.18,2.12,2.13,2039544
2019-04-11 00:00:00+05:30,2.23,2.33,2.1,2.32,57032568
2019-04-12 00:00:00+05:30,2.48,2.53,2.25,2.42,69240042
2019-04-15 00:00:00+05:30,2.5,2.53,2.4,2.43,12088062
2019-04-16 00:00:00+05:30,2.47,2.47,2.37,2.38,9628857
2019-04-18 00:00:00+05:30,2.37,2.38,2.25,2.33,7012164
2019-04-22 00:00:00+05:30,2.35,2.4,2.33,2.37,6824346
2019-04-23 00:00:00+05:30,2.4,2.4,2.3,2.32,4468254
2019-04-24 00:00:00+05:30,2.32,2.38,2.28,2.33,4534293
2019-04-25 00:00:00+05:30,2.37,2.57,2.2,2.28,52066449
2019-04-26 00:00:00+05:30,2.32,2.5,2.27,2.4,36640416
2019-04-30 00:00:00+05:30,2.57,2.63,2.33,2.48,75360093
2019-05-02 00:00:00+05:30,2.72,2.72,2.72,2.72,8807343
2019-05-03 00:00:00+05:30,2.98,2.98,2.72,2.93,41372802
2019-05-06 00:00:00+05:30,3.03,3.03,2.8,2.8,55734210
2019-05-07 00:00:00+05:30,2.75,2.75,2.67,2.67,16691580
2019-05-08 00:00:00+05:30,2.53,2.53,2.53,2.53,1413558
2019-05-09 00:00:00+05:30,2.42,2.42,2.42,2.42,2431566
2019-05-10 00:00:00+05:30,2.3,2.33,2.3,2.3,6295584
2019-05-13 00:00:00+05:30,2.2,2.2,2.2,2.2,1118226
2019-05-14 00:00:00+05:30,2.1,2.1,2.1,2.1,1031946
2019-05-15 00:00:00+05:30,2.0,2.2,2.0,2.18,13764666
2019-05-16 00:00:00+05:30,2.17,2.17,2.08,2.12,3390546
2019-05-17 00:00:00+05:30,2.08,2.13,2.02,2.02,10457412
2019-05-20 00:00:00+05:30,2.12,2.12,2.02,2.12,4642698
2019-05-21 00:00:00+05:30,2.2,2.22,2.13,2.2,4653588
2019-05-22 00:00:00+05:30,2.13,2.3,2.1,2.28,4255638
2019-05-23 00:00:00+05:30,2.3,2.38,2.27,2.32,5269980
2019-05-24 00:00:00+05:30,2.35,2.37,2.27,2.32,2829549
2019-05-27 00:00:00+05:30,2.23,2.42,2.22,2.42,5566464
2019-05-28 00:00:00+05:30,2.42,2.53,2.42,2.53,4409373
2019-05-29 00:00:00+05:30,2.63,2.65,2.43,2.55,10077903
2019-05-30 00:00:00+05:30,2.65,2.65,2.52,2.55,7507035
2019-05-31 00:00:00+05:30,2.55,2.55,2.43,2.43,1824669
2019-06-03 00:00:00+05:30,2.32,2.32,2.32,2.32,1393848
2019-06-04 00:00:00+05:30,2.22,2.42,2.22,2.37,6293157
2019-06-06 00:00:00+05:30,2.32,2.38,2.3,2.32,2602638
2019-06-07 00:00:00+05:30,2.3,2.3,2.22,2.27,5324283
2019-06-10 00:00:00+05:30,2.27,2.27,2.17,2.18,3184926
2019-06-11 00:00:00+05:30,2.13,2.17,2.1,2.15,2533905
2019-06-12 00:00:00+05:30,2.08,2.22,2.08,2.13,1948962
2019-06-13 00:00:00+05:30,2.08,2.17,2.07,2.08,2394261
2019-06-14 00:00:00+05:30,2.08,2.1,1.98,1.98,8498205
2019-06-17 00:00:00+05:30,2.0,2.0,1.9,1.9,2754795
2019-06-18 00:00:00+05:30,1.82,1.98,1.82,1.97,3666936
2019-06-19 00:00:00+05:30,1.98,1.98,1.88,1.88,1814277
2019-06-20 00:00:00+05:30,1.9,1.97,1.8,1.92,3046422
2019-06-21 00:00:00+05:30,1.92,1.97,1.83,1.93,1725495
2019-06-24 00:00:00+05:30,1.87,1.93,1.87,1.92,1337721
2019-06-25 00:00:00+05:30,1.95,2.0,1.83,1.87,3098421
2019-06-26 00:00:00+05:30,1.83,1.95,1.78,1.8,12435585
2019-06-27 00:00:00+05:30,1.82,1.88,1.72,1.75,12371253
2019-06-28 00:00:00+05:30,1.75,1.83,1.67,1.78,29887905
2019-07-01 00:00:00+05:30,1.8,1.8,1.7,1.7,17644785
2019-07-02 00:00:00+05:30,1.7,1.72,1.62,1.67,8633877
2019-07-03 00:00:00+05:30,1.67,1.68,1.63,1.67,2954499
2019-07-04 00:00:00+05:30,1.67,1.7,1.65,1.67,3001041
2019-07-05 00:00:00+05:30,1.7,1.73,1.58,1.58,8336874
2019-07-08 00:00:00+05:30,1.62,1.62,1.52,1.53,6514806
2019-07-09 00:00:00+05:30,1.5,1.6,1.48,1.58,4691805
2019-07-10 00:00:00+05:30,1.62,1.62,1.53,1.58,2171793
2019-07-11 00:00:00+05:30,1.57,1.58,1.52,1.52,4064772
2019-07-12 00:00:00+05:30,1.5,1.58,1.45,1.55,6278184
2019-07-15 00:00:00+05:30,1.55,1.6,1.5,1.52,2501175
2019-07-16 00:00:00+05:30,1.55,1.55,1.45,1.45,6843894
2019-07-17 00:00:00+05:30,1.47,1.47,1.38,1.38,4215612
2019-07-18 00:00:00+05:30,1.35,1.38,1.32,1.32,8850984
2019-07-19 00:00:00+05:30,1.3,1.32,1.27,1.27,6928731
2019-07-22 00:00:00+05:30,1.25,1.27,1.22,1.22,2838135
2019-07-23 00:00:00+05:30,1.18,1.2,1.17,1.17,1698909
2019-07-24 00:00:00+05:30,1.12,1.22,1.12,1.22,6431337
2019-07-25 00:00:00+05:30,1.27,1.27,1.27,1.27,2207853
2019-07-26 00:00:00+05:30,1.32,1.32,1.32,1.32,1796454
2019-07-29 00:00:00+05:30,1.37,1.37,1.37,1.37,291741
2019-07-30 00:00:00+05:30,1.43,1.43,1.43,1.43,608946
2019-07-31 00:00:00+05:30,1.5,1.5,1.5,1.5,877269
2019-08-01 00:00:00+05:30,1.57,1.57,1.57,1.57,6736791
2019-08-02 00:00:00+05:30,1.63,1.63,1.63,1.63,2104011
2019-08-05 00:00:00+05:30,1.7,1.7,1.7,1.7,1200324
2019-08-06 00:00:00+05:30,1.78,1.78,1.78,1.78,878817
2019-08-07 00:00:00+05:30,1.87,1.87,1.87,1.87,480282
2019-08-08 00:00:00+05:30,1.95,1.95,1.95,1.95,478791
2019-08-09 00:00:00+05:30,2.03,2.03,2.03,2.03,606111
2019-08-13 00:00:00+05:30,2.13,2.13,1.93,1.93,28627284
2019-08-14 00:00:00+05:30,1.87,2.0,1.85,1.85,13346520
2019-08-16 00:00:00+05:30,1.77,1.77,1.77,1.77,920679
2019-08-19 00:00:00+05:30,1.68,1.68,1.68,1.68,800703
2019-08-20 00:00:00+05:30,1.6,1.77,1.6,1.65,31862619
2019-08-21 00:00:00+05:30,1.62,1.65,1.58,1.58,4843761
2019-08-22 00:00:00+05:30,1.55,1.57,1.52,1.52,1762635
2019-08-23 00:00:00+05:30,1.48,1.58,1.45,1.57,5159370
2019-08-26 00:00:00+05:30,1.63,1.63,1.57,1.63,3464307
2019-08-27 00:00:00+05:30,1.68,1.7,1.65,1.7,5697945
2019-08-28 00:00:00+05:30,1.73,1.75,1.62,1.62,7020960
2019-08-29 00:00:00+05:30,1.62,1.65,1.6,1.63,2260431
2019-08-30 00:00:00+05:30,1.65,1.67,1.57,1.57,3464061
2019-09-03 00:00:00+05:30,1.57,1.57,1.5,1.5,1978905
2019-09-04 00:00:00+05:30,1.43,1.55,1.43,1.5,4440333
2019-09-05 00:00:00+05:30,1.5,1.55,1.43,1.52,2797119
2019-09-06 00:00:00+05:30,1.5,1.55,1.48,1.53,2330529
2019-09-09 00:00:00+05:30,1.6,1.6,1.6,1.6,578433
2019-09-11 00:00:00+05:30,1.67,1.67,1.67,1.67,446571
2019-09-12 00:00:00+05:30,1.75,1.75,1.75,1.75,474216
2019-09-13 00:00:00+05:30,1.83,1.83,1.67,1.78,60849159
2019-09-16 00:00:00+05:30,1.8,1.87,1.7,1.85,22409739
2019-09-17 00:00:00+05:30,1.88,1.93,1.77,1.77,14467809
2019-09-18 00:00:00+05:30,1.68,1.73,1.68,1.68,10343736
2019-09-19 00:00:00+05:30,1.6,1.6,1.6,1.6,1478778
2019-09-20 00:00:00+05:30,1.53,1.67,1.53,1.53,20215608
2019-09-23 00:00:00+05:30,1.47,1.52,1.47,1.47,4373757
2019-09-24 00:00:00+05:30,1.42,1.52,1.4,1.4,15688287
2019-09-25 00:00:00+05:30,1.38,1.38,1.33,1.33,13315644
2019-09-26 00:00:00+05:30,1.28,1.28,1.27,1.27,8335722
2019-09-27 00:00:00+05:30,1.22,1.23,1.22,1.22,3369627
2019-09-30 00:00:00+05:30,1.17,1.27,1.17,1.17,24747156
2019-10-01 00:00:00+05:30,1.17,1.22,1.12,1.15,11981004
2019-10-03 00:00:00+05:30,1.17,1.18,1.13,1.15,6893493
2019-10-04 00:00:00+05:30,1.18,1.2,1.13,1.18,6167043
2019-10-07 00:00:00+05:30,1.22,1.23,1.15,1.23,4928607
2019-10-09 00:00:00+05:30,1.28,1.28,1.27,1.28,1385574
2019-10-10 00:00:00+05:30,1.33,1.33,1.33,1.33,590187
2019-10-11 00:00:00+05:30,1.4,1.4,1.27,1.28,12739419
2019-10-14 00:00:00+05:30,1.32,1.32,1.23,1.23,7025109
2019-10-15 00:00:00+05:30,1.22,1.23,1.2,1.2,4034322
2019-10-16 00:00:00+05:30,1.2,1.25,1.18,1.25,4781370
2019-10-17 00:00:00+05:30,1.27,1.3,1.25,1.27,4036254
2019-10-18 00:00:00+05:30,1.27,1.27,1.22,1.23,5422860
2019-10-22 00:00:00+05:30,1.22,1.25,1.2,1.22,3799344
2019-10-23 00:00:00+05:30,1.22,1.23,1.18,1.2,3251556
2019-10-24 00:00:00+05:30,1.18,1.22,1.18,1.18,3587040
2019-10-25 00:00:00+05:30,1.2,1.2,1.15,1.18,5384724
2019-10-27 00:00:00+05:30,1.18,1.23,1.17,1.22,849312
2019-10-29 00:00:00+05:30,1.23,1.27,1.22,1.27,6154641
2019-10-30 00:00:00+05:30,1.28,1.3,1.23,1.25,4765026
2019-10-31 00:00:00+05:30,1.23,1.25,1.2,1.2,5529564
2019-11-01 00:00:00+05:30,1.2,1.2,1.17,1.2,2766273
2019-11-04 00:00:00+05:30,1.2,1.2,1.15,1.15,9172440
2019-11-05 00:00:00+05:30,1.15,1.2,1.12,1.2,3571842
2019-11-06 00:00:00+05:30,1.25,1.25,1.22,1.25,1540545
2019-11-07 00:00:00+05:30,1.3,1.3,1.2,1.2,14686005
2019-11-08 00:00:00+05:30,1.17,1.2,1.15,1.18,11928711
2019-11-11 00:00:00+05:30,1.23,1.23,1.15,1.17,6862185
2019-11-13 00:00:00+05:30,1.17,1.18,1.12,1.12,17282517
2020-01-27 00:00:00+05:30,5.4,5.67,5.4,5.67,19689
2020-01-28 00:00:00+05:30,5.95,5.95,5.95,5.95,5463
2020-01-29 00:00:00+05:30,6.23,6.23,6.23,6.23,7179
2020-01-30 00:00:00+05:30,6.53,6.53,6.53,6.53,7092
2020-01-31 00:00:00+05:30,6.85,6.85,6.85,6.85,1581
2020-02-01 00:00:00+05:30,7.18,7.18,7.18,7.18,2340
2020-02-03 00:00:00+05:30,7.53,7.53,7.53,7.53,1539
2020-02-04 00:00:00+05:30,7.9,7.9,7.9,7.9,2124
2020-02-05 00:00:00+05:30,8.28,8.28,8.28,8.28,795
2020-02-06 00:00:00+05:30,8.68,8.68,8.68,8.68,1572
2020-02-07 00:00:00+05:30,9.55,9.55,9.55,9.55,2079
2020-02-10 00:00:00+05:30,10.5,10.5,10.5,10.5,1890
2020-02-11 00:00:00+05:30,11.55,11.55,11.55,11.55,3969
2020-02-12 00:00:00+05:30,12.12,12.12,12.12,12.12,1089
2020-02-13 00:00:00+05:30,12.72,12.72,12.72,12.72,2379
2020-02-14 00:00:00+05:30,13.35,13.35,13.35,13.35,5724
2020-02-17 00:00:00+05:30,14.02,14.02,14.02,14.02,639
2020-02-18 00:00:00+05:30,14.72,14.72,14.72,14.72,2838
2020-02-19 00:00:00+05:30,15.45,15.45,15.45,15.45,1182
2020-02-20 00:00:00+05:30,16.22,16.22,16.22,16.22,4956
2020-02-24 00:00:00+05:30,17.02,17.02,17.02,17.02,1569
2020-02-25 00:00:00+05:30,17.87,17.87,17.87,17.87,735
2020-02-26 00:00:00+05:30,18.75,18.75,18.75,18.75,1161
2020-02-27 00:00:00+05:30,19.68,19.68,19.68,19.68,738
2020-02-28 00:00:00+05:30,20.67,20.67,20.67,20.67,2247
2020-03-02 00:00:00+05:30,21.7,21.7,21.7,21.7,3672
2020-03-03 00:00:00+05:30,22.78,22.78,22.78,22.78,1290
2020-03-04 00:00:00+05:30,23.92,23.92,23.92,23.92,2088
2020-03-05 00:00:00+05:30,25.1,25.1,25.1,25.1,4032
2020-03-06 00:00:00+05:30,26.35,26.35,26.35,26.35,2169
2020-03-09 00:00:00+05:30,27.67,27.67,27.67,27.67,2736
2020-03-11 00:00:00+05:30,29.05,29.05,29.05,29.05,1692
2020-03-12 00:00:00+05:30,30.5,30.5,30.5,30.5,18924
2020-03-13 00:00:00+05:30,32.02,32.02,32.02,32.02,5844
2020-03-16 00:00:00+05:30,33.62,33.62,33.62,33.62,2751
2020-03-17 00:00:00+05:30,35.28,35.28,35.28,35.28,1614
2020-03-18 00:00:00+05:30,37.03,37.03,37.03,37.03,5937
2020-03-19 00:00:00+05:30,38.88,38.88,38.88,38.88,4065
2020-03-20 00:00:00+05:30,40.82,40.82,40.82,40.82,18579
2020-03-23 00:00:00+05:30,42.85,42.85,42.85,42.85,27288
2020-03-24 00:00:00+05:30,44.98,44.98,44.98,44.98,7278
2020-03-25 00:00:00+05:30,47.22,47.22,47.22,47.22,3027
2020-03-26 00:00:00+05:30,49.57,49.57,49.57,49.57,816
2020-03-27 00:00:00+05:30,52.03,52.03,52.03,52.03,2031
2020-03-30 00:00:00+05:30,54.63,54.63,54.63,54.63,963
2020-03-31 00:00:00+05:30,57.35,57.35,57.35,57.35,1464
2020-04-01 00:00:00+05:30,60.22,60.22,60.22,60.22,1038
2020-04-03 00:00:00+05:30,63.22,63.22,63.22,63.22,2790
2020-04-07 00:00:00+05:30,66.37,66.37,66.37,66.37,663
2020-04-08 00:00:00+05:30,69.68,69.68,69.68,69.68,1536
2020-04-09 00:00:00+05:30,73.17,73.17,73.17,73.17,981
2020-04-13 00:00:00+05:30,76.82,76.82,76.82,76.82,1482
2020-04-15 00:00:00+05:30,80.65,80.65,80.65,80.65,1077
2020-04-16 00:00:00+05:30,84.67,84.67,84.67,84.67,3252
2020-04-17 00:00:00+05:30,88.9,88.9,88.9,88.9,1848
2020-04-20 00:00:00+05:30,93.33,93.33,93.33,93.33,1107
2020-04-21 00:00:00+05:30,98.0,98.0,98.0,98.0,2124
2020-04-22 00:00:00+05:30,102.9,102.9,102.9,102.9,2790
2020-04-23 00:00:00+05:30,108.03,108.03,108.03,108.03,2361
2020-04-24 00:00:00+05:30,113.43,113.43,113.43,113.43,3771
2020-04-27 00:00:00+05:30,119.1,119.1,119.1,119.1,6351
2020-04-28 00:00:00+05:30,125.05,125.05,125.05,125.05,11070
2020-04-29 00:00:00+05:30,131.3,131.3,131.3,131.3,8676
2020-04-30 00:00:00+05:30,137.85,137.85,137.85,137.85,18927
2020-05-04 00:00:00+05:30,144.73,144.73,144.73,144.73,10422
2020-05-05 00:00:00+05:30,151.97,151.97,151.97,151.97,15618
2020-05-06 00:00:00+05:30,159.55,159.55,159.55,159.55,23031
2020-05-07 00:00:00+05:30,167.52,167.52,167.52,167.52,6963
2020-05-08 00:00:00+05:30,175.88,175.88,175.88,175.88,6147
2020-05-11 00:00:00+05:30,184.67,184.67,184.67,184.67,35349
2020-05-12 00:00:00+05:30,193.9,193.9,193.9,193.9,28821
2020-05-13 00:00:00+05:30,203.58,203.58,203.58,203.58,32310
2020-05-14 00:00:00+05:30,213.75,213.75,213.75,213.75,32751
2020-05-15 00:00:00+05:30,224.43,224.43,224.43,224.43,33345
2020-05-18 00:00:00+05:30,235.65,235.65,235.65,235.65,25080
2020-05-19 00:00:00+05:30,247.42,247.42,223.88,223.88,404010
2020-05-20 00:00:00+05:30,212.7,212.7,212.7,212.7,28608
2020-05-21 00:00:00+05:30,202.07,202.07,202.07,202.07,21663
2020-05-22 00:00:00+05:30,191.97,191.97,191.97,191.97,14112
2020-05-26 00:00:00+05:30,182.38,182.38,182.38,182.38,9207
2020-05-27 00:00:00+05:30,173.27,173.27,173.27,173.27,8067
2020-05-28 00:00:00+05:30,164.62,181.92,164.62,181.92,404466
2020-05-29 00:00:00+05:30,190.0,191.0,173.33,191.0,215892
2020-06-01 00:00:00+05:30,200.33,200.55,191.0,200.55,156789
2020-06-02 00:00:00+05:30,210.55,210.57,210.0,210.57,59868
2020-06-03 00:00:00+05:30,221.08,221.08,221.08,221.08,50481
2020-06-04 00:00:00+05:30,232.13,232.13,210.03,232.13,527400
2020-06-05 00:00:00+05:30,238.33,243.73,232.33,243.73,236049
2020-06-08 00:00:00+05:30,255.9,255.92,253.28,255.92,111948
2020-06-09 00:00:00+05:30,268.7,268.7,266.67,268.7,253311
2020-06-10 00:00:00+05:30,282.13,282.13,282.13,282.13,106911
2020-06-11 00:00:00+05:30,296.23,296.23,296.23,296.23,73746
2020-06-12 00:00:00+05:30,299.33,311.03,281.43,311.03,438762
2020-06-15 00:00:00+05:30,326.58,326.58,326.58,326.58,145722
2020-06-16 00:00:00+05:30,342.9,342.9,342.9,342.9,133026
2020-06-17 00:00:00+05:30,360.03,360.03,360.03,360.03,86283
2020-06-18 00:00:00+05:30,378.03,378.03,378.03,378.03,65904
2020-06-19 00:00:00+05:30,396.93,396.93,359.13,396.93,1400796
2020-06-22 00:00:00+05:30,416.77,416.77,416.77,416.77,98118
2020-06-23 00:00:00+05:30,437.6,437.6,437.6,437.6,35979
2020-06-24 00:00:00+05:30,459.47,459.47,459.47,459.47,44412
2020-06-25 00:00:00+05:30,482.43,482.43,460.0,482.43,439098
2020-06-26 00:00:00+05:30,506.55,506.55,506.33,506.55,297486
2020-06-29 00:00:00+05:30,506.33,506.33,481.23,481.23,342948
2020-06-30 00:00:00+05:30,457.18,457.18,457.18,457.18,39387
2020-07-01 00:00:00+05:30,434.33,434.33,434.33,434.33,29508
2020-07-02 00:00:00+05:30,412.62,412.62,412.62,412.62,24525
2020-07-03 00:00:00+05:30,392.0,392.0,392.0,392.0,29610
2020-07-06 00:00:00+05:30,372.4,372.4,372.4,372.4,24069
2020-07-07 00:00:00+05:30,353.78,353.78,353.78,353.78,18825
2020-07-08 00:00:00+05:30,336.1,336.1,336.1,336.1,18042
2020-07-09 00:00:00+05:30,319.3,319.3,319.3,319.3,14868
2020-07-10 00:00:00+05:30,303.35,335.25,303.35,335.25,2121612
2020-07-13 00:00:00+05:30,352.0,352.0,352.0,352.0,68766
2020-07-14 00:00:00+05:30,358.33,358.33,334.4,334.4,453948
2020-07-15 00:00:00+05:30,317.68,350.0,317.68,317.68,1617339
2020-07-16 00:00:00+05:30,303.33,311.65,301.8,301.8,179892
2020-07-17 00:00:00+05:30,286.72,299.37,286.72,287.85,878118
2020-07-20 00:00:00+05:30,275.0,299.33,273.47,273.6,979737
2020-07-21 00:00:00+05:30,271.0,280.0,259.93,259.93,634812
2020-07-22 00:00:00+05:30,251.67,255.0,246.95,246.95,142743
2020-07-23 00:00:00+05:30,234.62,234.62,234.62,234.62,21723
2020-07-24 00:00:00+05:30,222.9,246.33,222.9,246.33,365094
2020-07-27 00:00:00+05:30,246.33,258.33,234.02,256.75,356232
2020-07-28 00:00:00+05:30,257.0,258.0,246.33,250.28,83265
2020-07-29 00:00:00+05:30,241.33,247.67,237.78,237.82,158061
2020-07-30 00:00:00+05:30,232.53,233.33,225.93,225.93,115476
2020-07-31 00:00:00+05:30,214.65,223.67,214.65,214.65,119673
2020-08-03 00:00:00+05:30,205.0,213.33,203.93,203.93,58365
2020-08-04 00:00:00+05:30,193.75,214.12,193.75,214.12,113013
2020-08-05 00:00:00+05:30,224.82,224.82,224.82,224.82,19116
2020-08-06 00:00:00+05:30,236.05,236.05,236.05,236.05,21570
2020-08-07 00:00:00+05:30,247.85,247.85,226.67,247.75,297942
2020-08-10 00:00:00+05:30,247.75,254.67,236.67,249.82,117867
2020-08-11 00:00:00+05:30,250.0,255.33,245.0,246.08,81645
2020-08-12 00:00:00+05:30,246.1,246.67,236.33,238.83,62331
2020-08-13 00:00:00+05:30,235.0,241.67,231.33,232.32,87669
2020-08-14 00:00:00+05:30,239.65,239.65,230.0,232.75,75336
2020-08-17 00:00:00+05:30,232.75,235.0,225.0,229.23,49932
2020-08-18 00:00:00+05:30,229.23,235.33,225.0,230.45,59646
2020-08-19 00:00:00+05:30,232.67,241.97,228.33,239.73,87270
2020-08-20 00:00:00+05:30,239.73,239.73,227.75,231.72,115104
2020-08-21 00:00:00+05:30,231.72,235.0,220.13,225.7,94800
2020-08-24 00:00:00+05:30,225.67,227.0,214.42,216.93,170796
2020-08-25 00:00:00+05:30,213.33,214.67,207.67,210.12,88536
2020-08-26 00:00:00+05:30,206.67,220.62,206.67,220.62,81561
2020-08-27 00:00:00+05:30,228.0,228.0,221.67,224.25,84642
2020-08-28 00:00:00+05:30,223.05,224.25,216.63,219.38,56277
2020-08-31 00:00:00+05:30,225.33,225.33,209.0,209.73,101757
2020-09-01 00:00:00+05:30,210.07,218.33,200.0,202.67,69267
2020-09-02 00:00:00+05:30,202.83,211.67,202.67,206.05,45636
2020-09-03 00:00:00+05:30,206.33,209.33,201.0,203.52,56502
2020-09-07 00:00:00+05:30,201.1,210.0,196.0,199.22,40947
2020-09-08 00:00:00+05:30,197.03,202.67,191.95,192.8,58986
2020-09-09 00:00:00+05:30,191.0,191.0,183.17,183.17,56133
2020-09-10 00:00:00+05:30,175.33,191.67,175.33,182.52,59493
2020-09-11 00:00:00+05:30,186.17,186.17,175.0,179.28,53844
2020-09-14 00:00:00+05:30,179.28,182.67,174.02,181.15,48795
2020-09-15 00:00:00+05:30,182.0,182.0,178.0,178.7,39708
2020-09-16 00:00:00+05:30,178.67,181.63,175.67,176.78,36558
2020-09-17 00:00:00+05:30,176.67,178.0,173.33,174.0,41922
2020-09-18 00:00:00+05:30,173.67,176.62,171.67,173.88,42117
2020-09-21 00:00:00+05:30,173.33,173.87,165.2,165.2,82827
2020-09-22 00:00:00+05:30,158.4,165.0,156.95,156.95,37014
2020-09-23 00:00:00+05:30,151.67,156.33,149.12,149.12,54774
2020-09-24 00:00:00+05:30,141.67,143.0,141.67,141.67,29649
2020-09-25 00:00:00+05:30,136.0,148.75,134.58,148.75,109380
2020-09-28 00:00:00+05:30,154.27,156.18,152.67,156.18,13872
2020-09-29 00:00:00+05:30,163.98,163.98,163.98,163.98,14418
2020-09-30 00:00:00+05:30,172.17,172.17,165.0,172.17,122196
2020-10-01 00:00:00+05:30,179.33,180.77,173.33,180.77,91572
2020-10-05 00:00:00+05:30,188.13,189.8,185.0,189.8,36402
2020-10-06 00:00:00+05:30,199.28,199.28,199.28,199.28,20268
2020-10-07 00:00:00+05:30,209.23,209.23,209.23,209.23,72120
2020-10-08 00:00:00+05:30,219.68,219.68,198.78,198.78,250746
2020-10-09 00:00:00+05:30,188.85,188.85,188.85,188.85,18240
2020-10-12 00:00:00+05:30,179.42,198.0,179.42,192.87,123165
2020-10-13 00:00:00+05:30,192.0,192.0,183.33,185.62,51813
2020-10-14 00:00:00+05:30,183.33,188.67,177.33,179.2,32352
2020-10-15 00:00:00+05:30,184.9,184.9,170.33,173.77,44121
2020-10-16 00:00:00+05:30,170.17,179.33,168.67,176.45,19851
2020-10-19 00:00:00+05:30,179.67,179.67,172.17,176.48,25497
2020-10-20 00:00:00+05:30,176.48,176.48,173.0,173.47,26241
2020-10-21 00:00:00+05:30,176.33,176.83,170.33,171.68,20205
2020-10-22 00:00:00+05:30,172.0,174.0,168.67,171.23,23253
2020-10-23 00:00:00+05:30,171.0,179.78,170.33,179.78,48705
2020-10-26 00:00:00+05:30,182.33,185.67,173.75,175.27,27129
2020-10-27 00:00:00+05:30,177.33,179.97,172.0,174.65,26391
2020-10-28 00:00:00+05:30,173.33,177.0,170.85,174.13,22071
2020-10-29 00:00:00+05:30,171.67,173.33,167.0,171.52,23466
2020-10-30 00:00:00+05:30,170.0,173.33,169.68,170.55,17283
2020-11-02 00:00:00+05:30,167.33,176.0,167.33,168.7,26667
2020-11-03 00:00:00+05:30,173.0,175.0,167.17,171.73,23838
2020-11-04 00:00:00+05:30,175.93,175.93,170.33,172.43,12303
2020-11-05 00:00:00+05:30,170.17,174.0,169.33,173.12,25557
2020-11-06 00:00:00+05:30,180.0,180.0,170.0,173.7,20103
2020-11-09 00:00:00+05:30,178.33,178.62,170.87,177.15,36900
2020-11-10 00:00:00+05:30,177.33,180.67,173.33,174.17,46767
2020-11-11 00:00:00+05:30,182.87,182.87,180.87,182.87,92955
2020-11-12 00:00:00+05:30,186.33,186.33,175.03,178.58,36063
2020-11-13 00:00:00+05:30,178.67,178.67,172.67,177.53,28014
2020-11-17 00:00:00+05:30,187.17,187.28,184.02,187.28,88323
2020-11-18 00:00:00+05:30,196.63,196.63,196.63,196.63,37023
2020-11-19 00:00:00+05:30,206.45,206.45,206.45,206.45,54894
2020-11-20 00:00:00+05:30,216.77,216.77,216.77,216.77,66822
2020-11-23 00:00:00+05:30,227.6,227.6,209.0,227.6,365340
2020-11-24 00:00:00+05:30,238.67,238.97,232.17,238.97,113421
2020-11-25 00:00:00+05:30,250.9,250.9,246.75,250.9,109404
2020-11-26 00:00:00+05:30,263.43,263.43,238.37,247.07,410982
2020-11-27 00:00:00+05:30,245.67,245.67,236.0,237.12,132534
2020-12-01 00:00:00+05:30,243.0,248.33,241.87,246.95,113163
2020-12-02 00:00:00+05:30,246.95,247.67,240.0,243.42,81951
2020-12-03 00:00:00+05:30,244.0,244.0,232.0,238.3,71970
2020-12-04 00:00:00+05:30,231.67,236.67,230.7,231.93,76698
2020-12-07 00:00:00+05:30,230.03,231.93,225.27,227.0,74055
2020-12-08 00:00:00+05:30,231.67,232.57,226.67,228.5,45090
2020-12-09 00:00:00+05:30,229.0,231.67,226.67,228.0,38184
2020-12-10 00:00:00+05:30,228.33,229.0,221.67,224.1,33399
2020-12-11 00:00:00+05:30,224.1,224.1,220.4,222.3,38436
2020-12-14 00:00:00+05:30,222.25,233.4,220.67,233.35,62451
2020-12-15 00:00:00+05:30,240.0,241.0,235.67,239.03,89058
2020-12-16 00:00:00+05:30,239.03,241.83,235.0,235.15,69483
2020-12-17 00:00:00+05:30,233.42,240.0,231.67,233.5,43701
2020-12-18 00:00:00+05:30,237.0,238.18,230.03,234.3,35892
2020-12-21 00:00:00+05:30,228.45,236.67,222.67,224.63,80328
2020-12-22 00:00:00+05:30,222.33,223.47,213.42,221.6,62781
2020-12-23 00:00:00+05:30,229.9,231.17,212.0,229.22,29448
2020-12-24 00:00:00+05:30,236.67,236.67,225.0,227.4,24822
2020-12-28 00:00:00+05:30,225.0,230.67,223.35,227.68,33312
2020-12-29 00:00:00+05:30,230.0,230.0,223.85,225.63,23130
2020-12-30 00:00:00+05:30,229.97,233.33,223.33,225.28,32337
2020-12-31 00:00:00+05:30,225.28,227.67,223.67,224.75,21006
2021-01-01 00:00:00+05:30,224.83,226.75,223.33,224.28,31230
2021-01-04 00:00:00+05:30,226.87,226.87,222.0,222.8,34812
2021-01-05 00:00:00+05:30,223.67,228.33,221.67,226.15,35367
2021-01-06 00:00:00+05:30,229.33,230.0,223.0,224.97,35073
2021-01-07 00:00:00+05:30,224.97,227.67,222.67,224.1,36057
2021-01-08 00:00:00+05:30,226.67,226.67,219.27,222.73,39036
2021-01-11 00:00:00+05:30,226.67,226.67,220.67,222.55,45750
2021-01-12 00:00:00+05:30,212.77,222.55,212.77,220.33,41409
2021-01-13 00:00:00+05:30,218.33,221.75,213.82,217.0,36435
2021-01-14 00:00:00+05:30,214.67,220.0,214.67,217.0,33075
2021-01-15 00:00:00+05:30,211.67,218.32,211.67,214.27,47007
2021-01-18 00:00:00+05:30,212.4,216.05,208.0,208.83,41247
2021-01-19 00:00:00+05:30,209.1,216.67,209.1,210.98,20988
2021-01-20 00:00:00+05:30,212.97,212.97,207.67,208.87,31389
2021-01-21 00:00:00+05:30,210.0,211.0,206.7,207.77,35274
2021-01-22 00:00:00+05:30,207.77,209.65,203.73,205.9,46959
2021-01-25 00:00:00+05:30,206.0,207.95,199.67,200.7,44043
2021-01-27 00:00:00+05:30,200.7,200.7,194.67,195.27,35583
2021-01-28 00:00:00+05:30,195.27,199.33,191.67,197.38,27141
2021-01-29 00:00:00+05:30,203.02,203.3,199.12,201.4,27675
2021-02-01 00:00:00+05:30,202.32,205.0,198.35,202.6,35265
2021-02-02 00:00:00+05:30,205.3,212.72,204.9,212.72,55026
2021-02-03 00:00:00+05:30,223.35,223.35,223.35,223.35,50772
2021-02-04 00:00:00+05:30,234.52,234.52,234.52,234.52,62091
2021-02-05 00:00:00+05:30,246.23,246.23,223.75,231.55,418932
2021-02-08 00:00:00+05:30,231.87,238.67,227.18,230.25,97173
2021-02-09 00:00:00+05:30,230.25,240.32,227.33,236.43,176841
2021-02-10 00:00:00+05:30,235.67,238.67,233.67,236.93,101076
2021-02-11 00:00:00+05:30,243.33,243.33,234.45,235.57,97299
2021-02-12 00:00:00+05:30,236.0,238.33,230.68,233.83,64851
2021-02-15 00:00:00+05:30,231.67,235.0,228.33,228.92,49530
2021-02-16 00:00:00+05:30,228.67,230.98,222.93,223.5,44574
2021-02-17 00:00:00+05:30,224.0,226.93,220.0,221.32,52806
2021-02-18 00:00:00+05:30,221.33,222.3,218.33,219.33,54783
2021-02-19 00:00:00+05:30,220.0,230.18,218.02,230.18,57312
2021-02-22 00:00:00+05:30,241.68,241.68,241.68,241.68,69408
2021-02-23 00:00:00+05:30,253.77,253.77,253.77,253.77,32505
2021-02-24 00:00:00+05:30,254.65,264.32,243.33,248.48,491616
2021-02-25 00:00:00+05:30,253.3,256.27,250.0,250.95,150348
2021-02-26 00:00:00+05:30,250.67,250.67,239.33,245.0,132165
2021-03-01 00:00:00+05:30,246.67,249.65,243.7,244.53,77370
2021-03-02 00:00:00+05:30,246.3,246.3,240.0,241.47,68643
2021-03-03 00:00:00+05:30,241.47,253.53,241.02,248.48,189816
2021-03-04 00:00:00+05:30,249.67,249.67,245.0,245.62,62166
2021-03-05 00:00:00+05:30,246.03,246.62,238.33,239.93,64269
2021-03-08 00:00:00+05:30,244.97,246.43,241.33,242.82,47910
2021-03-09 00:00:00+05:30,243.93,246.15,240.0,242.27,40293
2021-03-10 00:00:00+05:30,240.75,243.13,239.02,239.87,42015
2021-03-12 00:00:00+05:30,241.08,242.78,236.7,238.47,67257
2021-03-15 00:00:00+05:30,238.33,240.67,233.52,234.98,61470
2021-03-16 00:00:00+05:30,238.33,238.33,233.33,234.22,42198
2021-03-17 00:00:00+05:30,230.67,237.67,229.33,230.03,46083
2021-03-18 00:00:00+05:30,233.13,233.6,221.33,224.93,61881
2021-03-19 00:00:00+05:30,221.33,223.3,215.25,221.53,58605
2021-03-22 00:00:00+05:30,216.67,228.33,216.67,225.13,65403
2021-03-23 00:00:00+05:30,229.33,229.33,223.33,225.22,40980
2021-03-24 00:00:00+05:30,233.32,233.32,220.67,222.23,47469
2021-03-25 00:00:00+05:30,223.3,226.0,214.7,217.23,60210
2021-03-26 00:00:00+05:30,220.0,221.65,213.33,215.0,55104
2021-03-30 00:00:00+05:30,218.33,218.33,213.52,214.97,50592
2021-03-31 00:00:00+05:30,210.0,217.67,209.72,215.33,49080
2021-04-01 00:00:00+05:30,218.33,224.7,214.68,224.7,51852
2021-04-05 00:00:00+05:30,228.0,235.93,225.72,235.93,212304
2021-04-06 00:00:00+05:30,244.67,246.0,233.33,236.82,188202
2021-04-07 00:00:00+05:30,238.33,239.33,228.35,233.0,78411
2021-04-08 00:00:00+05:30,235.0,240.0,231.67,234.05,66204
2021-04-09 00:00:00+05:30,235.67,236.0,230.95,232.75,42888
2021-04-12 00:00:00+05:30,231.67,231.67,218.0,218.82,82539
2021-04-13 00:00:00+05:30,225.0,225.0,213.33,220.25,55725
2021-04-15 00:00:00+05:30,218.33,223.67,217.0,219.78,45075
2021-04-16 00:00:00+05:30,220.03,222.67,218.37,219.95,57435
2021-04-19 00:00:00+05:30,214.0,218.65,212.12,214.43,53772
2021-04-20 00:00:00+05:30,218.65,221.15,211.33,211.7,58281
2021-04-22 00:00:00+05:30,216.0,216.0,211.43,214.23,60801
2021-04-23 00:00:00+05:30,216.3,235.65,213.82,235.65,294582
2021-04-26 00:00:00+05:30,241.37,241.37,226.67,231.32,242133
2021-04-27 00:00:00+05:30,231.33,236.6,231.32,231.87,116568
2021-04-28 00:00:00+05:30,235.0,235.0,231.87,233.78,55668
2021-04-29 00:00:00+05:30,233.3,235.2,231.67,231.67,61038
2021-04-30 00:00:00+05:30,232.77,234.97,226.67,227.68,68466
2021-05-03 00:00:00+05:30,227.67,231.33,224.7,229.32,55635
2021-05-04 00:00:00+05:30,231.33,231.33,224.67,227.1,40743
2021-05-05 00:00:00+05:30,225.17,229.67,225.17,227.43,33528
2021-05-06 00:00:00+05:30,227.67,228.67,224.67,225.43,59961
2021-05-07 00:00:00+05:30,225.0,227.0,223.73,225.13,54540
2021-05-10 00:00:00+05:30,228.33,247.63,225.72,245.25,615099
2021-05-11 00:00:00+05:30,240.83,260.0,236.67,253.8,726141
2021-05-12 00:00:00+05:30,259.98,261.67,246.67,248.7,315459
2021-05-14 00:00:00+05:30,258.7,259.0,245.0,247.5,167829
2021-05-17 00:00:00+05:30,240.07,261.67,240.07,259.47,270723
2021-05-18 00:00:00+05:30,261.33,273.33,256.72,270.28,610998
2021-05-19 00:00:00+05:30,272.7,283.33,270.0,281.58,407049
2021-05-20 00:00:00+05:30,289.67,309.73,285.02,309.73,685917
2021-05-21 00:00:00+05:30,329.33,340.7,321.32,340.7,899385
2021-05-24 00:00:00+05:30,357.73,357.73,357.73,357.73,85125
2021-05-25 00:00:00+05:30,375.62,375.62,375.62,375.62,44742
2021-05-26 00:00:00+05:30,394.38,394.38,356.85,358.0,2205900
2021-05-27 00:00:00+05:30,358.0,358.0,340.1,340.1,307350
2021-05-28 00:00:00+05:30,326.67,357.1,325.0,357.1,430197
2021-05-31 00:00:00+05:30,365.97,374.95,360.05,362.45,648261
2021-06-01 00:00:00+05:30,361.67,363.0,346.33,350.72,239658
2021-06-02 00:00:00+05:30,351.35,366.67,351.35,361.38,188979
2021-06-03 00:00:00+05:30,379.45,379.45,370.6,379.45,298971
2021-06-04 00:00:00+05:30,398.42,398.42,385.67,398.42,1132383
2021-06-07 00:00:00+05:30,407.33,418.33,404.65,418.33,768669
2021-06-08 00:00:00+05:30,438.67,439.25,420.33,439.25,1403913
2021-06-09 00:00:00+05:30,447.33,458.9,417.3,417.37,1492821
2021-06-10 00:00:00+05:30,417.33,430.98,396.67,413.0,601248
2021-06-11 00:00:00+05:30,413.35,423.33,413.33,414.32,206529
2021-06-14 00:00:00+05:30,434.67,435.0,415.0,421.68,515553
2021-06-15 00:00:00+05:30,431.0,431.0,414.67,416.55,252807
2021-06-16 00:00:00+05:30,421.0,421.0,395.73,400.88,289791
2021-06-17 00:00:00+05:30,386.68,411.88,386.68,403.17,273732
2021-06-18 00:00:00+05:30,398.33,408.33,398.33,401.67,209439
2021-06-21 00:00:00+05:30,396.67,406.33,388.9,394.68,131637
2021-06-22 00:00:00+05:30,397.33,403.8,391.67,393.18,69123
2021-06-23 00:00:00+05:30,387.0,397.33,383.67,386.37,94764
2021-06-24 00:00:00+05:30,390.0,391.7,368.37,374.4,156231
2021-06-25 00:00:00+05:30,374.0,374.0,356.7,360.75,179469
2021-06-28 00:00:00+05:30,370.0,378.78,370.0,378.78,60285
2021-06-29 00:00:00+05:30,397.13,397.72,393.68,397.72,98706
2021-06-30 00:00:00+05:30,407.67,414.93,380.72,386.88,529191
2021-07-01 00:00:00+05:30,388.33,388.33,369.67,371.13,204726
2021-07-02 00:00:00+05:30,375.9,375.9,363.33,367.72,181617
2021-07-05 00:00:00+05:30,370.7,373.67,367.17,370.45,79335
2021-07-06 00:00:00+05:30,371.33,371.33,362.1,363.2,102825
2021-07-07 00:00:00+05:30,364.17,370.0,356.33,358.37,88347
2021-07-08 00:00:00+05:30,349.75,357.77,349.75,351.42,125994
2021-07-09 00:00:00+05:30,349.07,368.98,347.33,368.98,76389
2021-07-12 00:00:00+05:30,373.3,374.8,360.0,361.55,144795
2021-07-13 00:00:00+05:30,368.33,379.62,363.33,379.62,559701
2021-07-14 00:00:00+05:30,383.33,384.9,373.33,375.72,209811
2021-07-15 00:00:00+05:30,375.75,378.13,369.68,370.37,80826
2021-07-16 00:00:00+05:30,372.33,377.05,370.0,374.52,72591
2021-07-19 00:00:00+05:30,373.0,379.33,367.0,372.33,113637
2021-07-20 00:00:00+05:30,372.0,379.33,363.33,370.77,97557
2021-07-22 00:00:00+05:30,373.33,378.33,363.33,366.03,111723
2021-07-23 00:00:00+05:30,366.67,371.65,362.07,363.77,70848
2021-07-26 00:00:00+05:30,363.33,365.32,360.0,360.82,78294
2021-07-27 00:00:00+05:30,358.33,373.33,358.33,367.25,120504
2021-07-28 00:00:00+05:30,371.57,372.62,361.63,362.8,100629
2021-07-29 00:00:00+05:30,366.0,366.33,357.32,359.82,56022
2021-07-30 00:00:00+05:30,363.67,373.33,358.35,367.95,124287
2021-08-02 00:00:00+05:30,373.0,375.67,366.67,367.62,60249
2021-08-03 00:00:00+05:30,371.8,371.8,363.35,364.83,71859
2021-08-04 00:00:00+05:30,365.0,383.0,363.33,370.62,440418
2021-08-05 00:00:00+05:30,373.33,373.33,365.0,365.45,40581
2021-08-06 00:00:00+05:30,368.0,370.33,365.0,366.52,69078
2021-08-09 00:00:00+05:30,370.67,370.67,358.67,361.2,57291
2021-08-10 00:00:00+05:30,358.33,365.52,350.0,352.18,76668
2021-08-11 00:00:00+05:30,363.33,363.33,337.18,351.32,73353
2021-08-12 00:00:00+05:30,352.67,375.67,351.65,367.32,127542
2021-08-13 00:00:00+05:30,370.0,383.33,370.0,375.52,301674
2021-08-16 00:00:00+05:30,379.4,393.33,364.38,375.87,733023
2021-08-17 00:00:00+05:30,374.35,374.35,366.47,367.35,90345
2021-08-18 00:00:00+05:30,371.33,382.0,369.33,371.23,468180
2021-08-20 00:00:00+05:30,370.0,378.67,367.0,369.68,120528
2021-08-23 00:00:00+05:30,374.67,375.62,332.72,355.47,130404
2021-08-24 00:00:00+05:30,355.5,367.63,355.33,365.93,181536
2021-08-25 00:00:00+05:30,369.67,370.33,362.67,366.07,70956
2021-08-26 00:00:00+05:30,368.33,368.33,358.33,363.9,58317
2021-08-27 00:00:00+05:30,364.0,366.98,361.0,362.3,45894
2021-08-30 00:00:00+05:30,366.02,367.27,348.33,351.88,185235
2021-08-31 00:00:00+05:30,354.65,355.0,351.88,352.37,68787
2021-09-01 00:00:00+05:30,352.37,355.33,350.0,352.07,61176
2021-09-02 00:00:00+05:30,353.33,355.0,351.05,352.62,45834
2021-09-03 00:00:00+05:30,353.33,355.57,351.0,351.77,50025
2021-09-06 00:00:00+05:30,354.33,354.33,348.77,350.38,72207
2021-09-07 00:00:00+05:30,351.67,351.87,347.33,349.05,32454
2021-09-08 00:00:00+05:30,345.88,352.38,345.88,347.97,41619
2021-09-09 00:00:00+05:30,347.0,349.52,347.0,348.12,38415
2021-09-13 00:00:00+05:30,359.13,363.33,351.02,355.7,144150
2021-09-14 00:00:00+05:30,356.67,360.0,353.35,354.57,48129
2021-09-15 00:00:00+05:30,355.33,358.33,352.67,355.2,75279
2021-09-16 00:00:00+05:30,360.0,360.0,352.0,352.68,56496
2021-09-17 00:00:00+05:30,350.03,356.3,348.33,350.38,50784
2021-09-20 00:00:00+05:30,360.0,361.33,347.33,349.23,143682
2021-09-21 00:00:00+05:30,349.23,351.65,345.53,346.7,48249
2021-09-22 00:00:00+05:30,343.33,349.67,343.33,346.93,34377
2021-09-23 00:00:00+05:30,346.93,349.75,346.57,346.93,38928
2021-09-24 00:00:00+05:30,355.47,355.47,346.67,346.88,40248
2021-09-27 00:00:00+05:30,353.33,353.33,347.33,352.3,67137
2021-09-28 00:00:00+05:30,355.0,359.33,352.68,354.02,95547
2021-09-29 00:00:00+05:30,357.53,357.53,350.3,351.72,42363
2021-09-30 00:00:00+05:30,352.67,359.0,350.4,352.52,45063
2021-10-01 00:00:00+05:30,356.9,356.9,350.3,350.88,58548
2021-10-04 00:00:00+05:30,354.87,356.6,341.72,349.68,137775
2021-10-05 00:00:00+05:30,350.83,355.0,347.33,350.63,75117
2021-10-06 00:00:00+05:30,352.78,352.78,350.02,350.28,47259
2021-10-07 00:00:00+05:30,353.45,355.0,350.33,350.83,47250
2021-10-08 00:00:00+05:30,352.67,353.33,348.0,349.65,62646
2021-10-11 00:00:00+05:30,349.67,350.33,346.67,347.07,86295
2021-10-12 00:00:00+05:30,348.0,349.0,346.33,346.57,40701
2021-10-13 00:00:00+05:30,348.0,357.6,343.6,351.15,272073
2021-10-14 00:00:00+05:30,351.6,356.33,346.48,347.28,71808
2021-10-18 00:00:00+05:30,348.33,348.33,341.67,342.23,135381
2021-10-19 00:00:00+05:30,341.33,344.2,336.67,337.92,68841
2021-10-20 00:00:00+05:30,339.0,339.0,331.03,332.75,70425
2021-10-21 00:00:00+05:30,332.67,332.67,328.17,329.05,46239
2021-10-22 00:00:00+05:30,330.0,341.67,326.37,333.5,64149
2021-10-25 00:00:00+05:30,334.67,337.0,325.33,327.73,38349
2021-10-26 00:00:00+05:30,329.33,330.98,325.03,326.58,30786
2021-10-27 00:00:00+05:30,328.33,328.33,321.67,322.58,48372
2021-10-28 00:00:00+05:30,322.58,322.58,314.63,315.18,44931
2021-10-29 00:00:00+05:30,317.33,317.58,309.0,309.35,45939
2021-11-01 00:00:00+05:30,311.3,314.0,309.0,311.68,41055
2021-11-02 00:00:00+05:30,311.5,313.32,309.0,311.02,29181
2021-11-03 00:00:00+05:30,311.33,312.33,310.33,311.48,28557
2021-11-04 00:00:00+05:30,316.57,320.0,249.2,315.77,31902
2021-11-08 00:00:00+05:30,320.0,322.57,316.0,320.65,39705
2021-11-09 00:00:00+05:30,322.32,323.02,318.42,321.88,28227
2021-11-10 00:00:00+05:30,322.0,351.67,320.03,343.65,269739
2021-11-11 00:00:00+05:30,346.15,346.15,338.27,342.08,78384
2021-11-12 00:00:00+05:30,345.3,345.3,331.22,335.65,75954
2021-11-15 00:00:00+05:30,337.32,338.63,325.0,326.33,72804
2021-11-16 00:00:00+05:30,332.87,391.6,330.67,339.33,402321
2021-11-17 00:00:00+05:30,337.0,338.33,331.67,333.75,67041
2021-11-18 00:00:00+05:30,332.67,336.65,325.0,326.82,69954
2021-11-22 00:00:00+05:30,326.67,330.0,306.55,314.1,74439
2021-11-23 00:00:00+05:30,310.67,319.98,310.67,316.3,36510
2021-11-24 00:00:00+05:30,326.0,326.0,314.68,317.05,32055
2021-11-25 00:00:00+05:30,313.0,319.0,313.0,315.6,22251
2021-11-26 00:00:00+05:30,315.6,315.67,307.67,310.33,44319
2021-11-29 00:00:00+05:30,310.33,310.35,300.0,303.65,37446
2021-11-30 00:00:00+05:30,306.67,308.67,303.33,305.93,35544
2021-12-01 00:00:00+05:30,304.0,308.33,304.0,306.03,25308
2021-12-02 00:00:00+05:30,308.98,319.27,305.33,308.47,20883
2021-12-03 00:00:00+05:30,309.6,311.98,305.0,306.03,28695
2021-12-06 00:00:00+05:30,306.67,323.33,300.0,302.9,34323
2021-12-07 00:00:00+05:30,303.4,308.97,302.0,302.78,26064
2021-12-08 00:00:00+05:30,306.0,311.68,303.72,304.63,30030
2021-12-09 00:00:00+05:30,308.98,308.98,304.97,305.8,30582
2021-12-10 00:00:00+05:30,305.67,310.0,305.43,308.32,34311
2021-12-13 00:00:00+05:30,313.67,313.67,303.75,304.87,46356
2021-12-14 00:00:00+05:30,304.0,306.45,300.0,301.53,35307
2021-12-15 00:00:00+05:30,304.67,304.67,300.33,301.22,25680
2021-12-16 00:00:00+05:30,302.0,304.45,296.03,297.47,42993
2021-12-17 00:00:00+05:30,303.33,303.33,293.42,294.87,32985
2021-12-20 00:00:00+05:30,294.87,294.88,270.03,278.32,67662
2021-12-21 00:00:00+05:30,278.5,287.2,276.67,279.03,48096
2021-12-22 00:00:00+05:30,283.32,283.32,278.67,279.47,41790
2021-12-23 00:00:00+05:30,281.22,291.33,280.22,282.38,41727
2021-12-24 00:00:00+05:30,283.13,291.33,276.67,286.37,65307
2021-12-27 00:00:00+05:30,287.0,289.67,284.28,286.18,46137
2021-12-28 00:00:00+05:30,289.0,289.57,285.33,285.77,27954
2021-12-29 00:00:00+05:30,285.78,289.0,283.35,284.08,24789
2021-12-30 00:00:00+05:30,285.67,286.65,281.88,282.37,27198
2021-12-31 00:00:00+05:30,285.88,285.88,283.38,284.2,33282
2022-01-03 00:00:00+05:30,284.37,285.72,281.9,284.38,50904
2022-01-04 00:00:00+05:30,287.33,287.33,285.0,285.6,36042
2022-01-05 00:00:00+05:30,285.6,286.67,283.0,284.03,38316
2022-01-06 00:00:00+05:30,284.03,285.6,282.03,283.15,29622
2022-01-07 00:00:00+05:30,283.68,286.83,283.33,284.05,54009
2022-01-10 00:00:00+05:30,286.48,286.48,282.72,284.52,61935
2022-01-11 00:00:00+05:30,285.67,286.0,284.07,284.58,47190
2022-01-12 00:00:00+05:30,286.0,314.93,284.4,302.67,388182
2022-01-13 00:00:00+05:30,305.0,315.0,300.3,303.08,124662
2022-01-14 00:00:00+05:30,300.67,305.0,299.67,300.23,52566
2022-01-17 00:00:00+05:30,303.0,304.32,297.67,298.9,38805
2022-01-18 00:00:00+05:30,302.65,303.23,295.03,296.45,41946
2022-01-19 00:00:00+05:30,295.18,298.32,293.33,294.3,41010
2022-01-20 00:00:00+05:30,296.0,296.0,291.32,291.98,38472
2022-01-21 00:00:00+05:30,291.98,292.32,288.0,289.87,33636
2022-01-24 00:00:00+05:30,289.87,291.83,280.73,282.25,40569
2022-01-25 00:00:00+05:30,283.33,291.4,275.0,281.75,37071
2022-01-27 00:00:00+05:30,282.33,282.68,277.08,278.92,39171
2022-01-28 00:00:00+05:30,280.0,281.92,279.05,280.23,45411
2022-01-31 00:00:00+05:30,283.0,289.98,279.97,280.55,39150
2022-02-01 00:00:00+05:30,283.33,284.6,278.33,281.02,48192
2022-02-02 00:00:00+05:30,282.67,282.67,279.95,280.23,46665
2022-02-03 00:00:00+05:30,280.55,281.2,279.38,279.9,35439
2022-02-04 00:00:00+05:30,280.0,280.65,278.33,279.95,29052
2022-02-07 00:00:00+05:30,281.17,281.32,266.67,274.08,43704
2022-02-08 00:00:00+05:30,273.5,280.0,266.05,269.8,62727
2022-02-09 00:00:00+05:30,270.02,275.02,269.05,271.08,29199
2022-02-10 00:00:00+05:30,271.63,273.58,267.0,270.07,40752
2022-02-11 00:00:00+05:30,276.67,281.08,270.6,274.38,61224
2022-02-14 00:00:00+05:30,279.67,302.83,273.52,277.6,732606
2022-02-15 00:00:00+05:30,278.72,289.6,278.72,281.65,96933
2022-02-16 00:00:00+05:30,283.3,299.33,280.33,294.3,165795
2022-02-17 00:00:00+05:30,299.67,299.67,284.0,286.2,58377
2022-02-18 00:00:00+05:30,289.35,291.47,286.35,286.87,30678
2022-02-21 00:00:00+05:30,287.0,287.02,273.7,276.13,48648
2022-02-22 00:00:00+05:30,268.4,273.0,244.2,270.25,67245
2022-02-23 00:00:00+05:30,270.25,279.77,269.0,274.6,36153
2022-02-24 00:00:00+05:30,269.0,269.0,237.0,253.0,119817
2022-02-25 00:00:00+05:30,253.17,303.6,233.35,262.65,117711
2022-02-28 00:00:00+05:30,262.67,283.48,260.0,277.65,117522
2022-03-02 00:00:00+05:30,275.0,279.65,268.47,273.18,63882
2022-03-03 00:00:00+05:30,286.67,286.67,276.67,277.47,54741
2022-03-04 00:00:00+05:30,279.32,279.32,270.25,273.62,37602
2022-03-07 00:00:00+05:30,272.1,272.1,262.55,266.23,50007
2022-03-09 00:00:00+05:30,269.33,272.0,264.02,267.85,40116
2022-03-10 00:00:00+05:30,270.5,279.03,266.03,267.58,78888
2022-03-11 00:00:00+05:30,272.33,272.42,262.18,267.72,66333
2022-03-14 00:00:00+05:30,295.9,321.25,285.0,321.25,1019184
2022-03-15 00:00:00+05:30,353.67,381.57,348.07,363.58,2884911
2022-03-16 00:00:00+05:30,372.33,375.0,351.77,357.12,846309
2022-03-17 00:00:00+05:30,356.67,366.67,303.75,334.78,557895
2022-03-21 00:00:00+05:30,281.67,314.57,268.33,303.38,1653096
2022-03-22 00:00:00+05:30,303.33,314.57,300.0,304.53,809502
2022-03-23 00:00:00+05:30,305.0,311.67,296.0,299.2,472278
2022-03-24 00:00:00+05:30,299.17,299.17,283.33,290.93,477591
2022-03-25 00:00:00+05:30,295.0,296.77,286.9,289.2,455544
2022-03-28 00:00:00+05:30,289.2,290.0,260.37,271.43,1233054
2022-03-29 00:00:00+05:30,267.0,325.72,263.7,314.35,10500315
2022-03-30 00:00:00+05:30,323.33,336.4,320.02,326.37,6469563
2022-03-31 00:00:00+05:30,329.32,330.82,315.0,319.28,2702904
2022-04-01 00:00:00+05:30,318.0,318.15,297.33,312.33,4668102
2022-04-04 00:00:00+05:30,307.38,315.0,302.37,312.87,3736224
2022-04-05 00:00:00+05:30,310.0,310.8,288.95,291.8,7438848
2022-04-06 00:00:00+05:30,238.17,271.67,238.17,251.75,39543321
2022-04-07 00:00:00+05:30,256.67,279.97,256.67,272.57,36245634
2022-04-08 00:00:00+05:30,285.0,312.9,275.25,307.82,121115769
2022-04-11 00:00:00+05:30,323.0,333.15,301.2,306.4,65362149
2022-04-12 00:00:00+05:30,306.3,313.67,293.33,307.75,23384280
2022-04-13 00:00:00+05:30,311.63,321.0,307.03,317.53,19408881
2022-04-18 00:00:00+05:30,313.33,323.3,308.53,319.63,19325118
2022-04-19 00:00:00+05:30,326.25,328.67,306.7,311.98,16409214
2022-04-20 00:00:00+05:30,316.67,317.77,309.4,313.33,8824098
2022-04-21 00:00:00+05:30,317.25,322.57,314.33,317.6,8920698
2022-04-22 00:00:00+05:30,313.27,325.45,312.67,319.32,10767573
2022-04-25 00:00:00+05:30,323.52,327.33,312.7,316.57,21065124
2022-04-26 00:00:00+05:30,319.68,349.9,318.67,345.27,43272018
2022-04-27 00:00:00+05:30,346.7,379.5,346.67,367.82,43413138
2022-04-28 00:00:00+05:30,373.33,394.97,347.33,359.47,44972676
2022-04-29 00:00:00+05:30,373.33,379.47,360.43,366.13,20697570
2022-05-02 00:00:00+05:30,363.33,376.67,360.67,367.68,12088956
2022-05-04 00:00:00+05:30,371.68,374.97,331.7,334.83,16073496
2022-05-05 00:00:00+05:30,316.67,368.32,313.25,365.2,37834260
2022-05-06 00:00:00+05:30,360.05,374.4,346.67,364.85,31107630
2022-05-09 00:00:00+05:30,361.63,369.67,350.33,357.88,13550688
2022-05-10 00:00:00+05:30,359.63,371.67,340.58,348.32,15457005
2022-05-11 00:00:00+05:30,349.5,353.4,313.5,314.98,22147170
2022-05-12 00:00:00+05:30,307.33,319.0,293.33,312.4,14549661
2022-05-13 00:00:00+05:30,326.85,340.52,320.37,326.28,18306201
2022-05-16 00:00:00+05:30,329.18,349.12,321.23,346.42,12988221
2022-05-17 00:00:00+05:30,348.33,363.33,344.0,361.27,13348479
2022-05-18 00:00:00+05:30,362.72,397.38,362.67,395.95,50561232
2022-05-19 00:00:00+05:30,391.83,409.32,384.07,389.55,39542601
2022-05-20 00:00:00+05:30,397.33,409.02,396.68,405.9,23037816
2022-05-23 00:00:00+05:30,402.3,405.0,385.62,385.62,8902191
2022-05-24 00:00:00+05:30,378.33,382.67,366.35,366.35,6128286
2022-05-25 00:00:00+05:30,362.33,363.33,348.03,348.12,3099984
2022-05-26 00:00:00+05:30,349.83,365.52,330.72,364.62,4119891
2022-05-27 00:00:00+05:30,365.52,379.67,365.52,374.75,2398773
2022-05-30 00:00:00+05:30,378.33,380.87,366.67,371.6,1596000
2022-05-31 00:00:00+05:30,366.67,372.33,362.67,364.93,1553205
2022-06-01 00:00:00+05:30,363.33,368.57,347.08,355.43,1189404
2022-06-02 00:00:00+05:30,354.63,373.0,353.33,370.37,1326501
2022-06-03 00:00:00+05:30,370.0,371.33,358.67,362.28,1786245
2022-06-06 00:00:00+05:30,362.2,362.28,344.18,359.62,1175829
2022-06-07 00:00:00+05:30,355.65,361.67,350.67,360.55,820176
2022-06-08 00:00:00+05:30,360.0,367.67,356.33,359.57,954162
2022-06-09 00:00:00+05:30,356.12,366.28,356.12,363.07,496350
2022-06-10 00:00:00+05:30,359.07,365.0,356.67,363.12,565509
2022-06-13 00:00:00+05:30,353.0,354.67,344.97,346.17,1690356
2022-06-14 00:00:00+05:30,342.83,358.0,338.87,346.82,846006
2022-06-15 00:00:00+05:30,348.33,356.95,344.47,350.57,733764
2022-06-16 00:00:00+05:30,354.0,357.67,333.05,333.4,1888464
2022-06-17 00:00:00+05:30,328.33,332.67,320.03,328.32,1020702
2022-06-20 00:00:00+05:30,326.68,329.25,311.92,319.62,1710684
2022-06-21 00:00:00+05:30,321.67,335.58,320.02,335.42,1194963
2022-06-22 00:00:00+05:30,331.67,336.67,323.33,332.2,1061370
2022-06-23 00:00:00+05:30,330.67,344.0,324.42,339.12,1525779
2022-06-24 00:00:00+05:30,341.33,355.0,341.33,353.53,2198895
2022-06-27 00:00:00+05:30,356.0,366.67,346.67,365.33,2950872
2022-06-28 00:00:00+05:30,359.0,366.57,357.4,364.77,620694
2022-06-29 00:00:00+05:30,358.33,369.98,353.33,357.6,664446
2022-06-30 00:00:00+05:30,359.0,361.67,350.0,353.9,303528
2022-07-01 00:00:00+05:30,349.5,356.57,343.52,353.73,613092
2022-07-04 00:00:00+05:30,352.0,359.57,347.2,353.35,630825
2022-07-05 00:00:00+05:30,350.82,358.33,350.75,352.27,544722
2022-07-06 00:00:00+05:30,350.67,353.57,335.18,347.25,450165
2022-07-07 00:00:00+05:30,347.33,351.67,333.67,341.92,942843
2022-07-08 00:00:00+05:30,343.23,351.75,340.0,349.12,405942
2022-07-11 00:00:00+05:30,349.0,353.3,345.1,348.75,368901
2022-07-12 00:00:00+05:30,348.23,354.97,343.0,351.57,604362
2022-07-13 00:00:00+05:30,354.33,355.33,343.35,346.43,308016
2022-07-14 00:00:00+05:30,345.0,349.23,343.33,347.72,400356
2022-07-15 00:00:00+05:30,347.47,351.33,345.0,346.7,386721
2022-07-18 00:00:00+05:30,347.0,356.67,347.0,353.93,769458
2022-07-19 00:00:00+05:30,351.33,358.33,348.78,354.05,696498
2022-07-20 00:00:00+05:30,356.67,358.33,347.0,349.02,1087107
2022-07-21 00:00:00+05:30,347.33,356.47,347.08,350.47,902208
2022-07-22 00:00:00+05:30,350.47,355.67,348.33,350.17,966975
2022-07-25 00:00:00+05:30,347.33,354.97,340.33,351.27,867312
2022-07-26 00:00:00+05:30,349.67,358.3,345.0,352.58,1285182
2022-07-27 00:00:00+05:30,351.63,370.2,348.68,365.52,3136191
2022-07-28 00:00:00+05:30,363.33,369.0,359.33,363.13,1847889
2022-07-29 00:00:00+05:30,364.0,381.28,361.67,377.88,2383680
2022-08-01 00:00:00+05:30,380.0,395.67,375.33,391.05,1752708
2022-08-02 00:00:00+05:30,389.97,391.63,378.02,386.03,1273122
2022-08-03 00:00:00+05:30,385.03,388.33,374.0,376.48,760842
2022-08-04 00:00:00+05:30,378.27,382.33,363.67,373.85,593889
2022-08-05 00:00:00+05:30,373.33,376.63,367.0,371.25,433260
2022-08-08 00:00:00+05:30,374.67,381.67,370.02,379.45,574440
2022-08-10 00:00:00+05:30,377.43,382.33,371.0,372.43,426591
2022-08-11 00:00:00+05:30,377.0,389.67,371.7,374.12,1396536
2022-08-12 00:00:00+05:30,376.67,376.67,366.7,368.25,752895
2022-08-16 00:00:00+05:30,372.6,378.32,366.03,374.63,665535
2022-08-17 00:00:00+05:30,376.0,383.33,373.33,374.45,831591
2022-08-18 00:00:00+05:30,375.67,380.0,371.85,376.52,694047
2022-08-19 00:00:00+05:30,376.67,380.0,371.25,373.57,769818
2022-08-22 00:00:00+05:30,373.0,376.67,359.33,364.05,1460019
2022-08-23 00:00:00+05:30,357.0,380.0,355.0,375.92,1289007
2022-08-24 00:00:00+05:30,375.33,386.67,371.7,380.93,1647546
2022-08-25 00:00:00+05:30,383.33,388.03,376.67,377.57,612915
2022-08-26 00:00:00+05:30,378.97,382.33,373.77,377.82,548808
2022-08-29 00:00:00+05:30,366.67,394.0,365.67,390.98,2278665
2022-08-30 00:00:00+05:30,400.48,408.67,399.33,407.03,2891394
2022-09-01 00:00:00+05:30,408.0,409.0,400.52,401.92,1205130
2022-09-02 00:00:00+05:30,406.33,422.0,403.33,418.72,3846027
2022-09-05 00:00:00+05:30,420.3,439.65,419.33,439.27,3227079
2022-09-06 00:00:00+05:30,443.0,444.28,421.67,428.8,1421172
2022-09-07 00:00:00+05:30,425.33,440.0,421.67,437.28,1563534
2022-09-08 00:00:00+05:30,441.67,459.13,435.0,458.37,2397807
2022-09-09 00:00:00+05:30,461.33,466.0,450.0,459.83,1941753
2022-09-12 00:00:00+05:30,461.63,466.67,436.85,462.88,1020606
2022-09-13 00:00:00+05:30,463.33,466.67,450.67,454.12,1206174
2022-09-14 00:00:00+05:30,446.67,460.0,446.5,450.8,929154
2022-09-15 00:00:00+05:30,456.33,457.33,445.33,447.05,635808
2022-09-16 00:00:00+05:30,449.82,458.28,433.0,442.55,1616835
2022-09-19 00:00:00+05:30,446.57,454.4,433.33,443.63,575619
2022-09-20 00:00:00+05:30,453.0,465.8,446.02,465.8,1054962
2022-09-21 00:00:00+05:30,486.63,489.08,475.0,488.83,3216846
2022-09-22 00:00:00+05:30,480.0,498.33,475.33,492.85,1666143
2022-09-23 00:00:00+05:30,496.23,497.67,476.5,480.42,1162794
2022-09-26 00:00:00+05:30,478.33,478.33,456.4,456.42,1658700
2022-09-27 00:00:00+05:30,456.42,464.67,438.87,448.82,918825
2022-09-28 00:00:00+05:30,448.0,457.33,438.88,443.33,639060
2022-09-29 00:00:00+05:30,450.02,465.5,445.0,456.33,941751
2022-09-30 00:00:00+05:30,456.0,462.73,446.0,458.65,604521
2022-10-03 00:00:00+05:30,455.0,458.33,438.33,440.82,742800
2022-10-04 00:00:00+05:30,447.33,453.93,443.33,452.1,437607
2022-10-06 00:00:00+05:30,456.15,474.0,452.4,466.08,1358832
2022-10-07 00:00:00+05:30,465.67,471.48,457.52,467.12,888531
2022-10-10 00:00:00+05:30,460.0,482.67,455.22,478.65,984606
2022-10-11 00:00:00+05:30,478.33,480.67,463.33,464.67,668610
2022-10-12 00:00:00+05:30,466.67,471.63,455.67,467.9,617076
2022-10-13 00:00:00+05:30,465.43,468.0,457.33,458.78,342933
2022-10-14 00:00:00+05:30,464.33,470.83,460.0,465.3,675672
2022-10-17 00:00:00+05:30,462.33,473.67,456.67,472.97,886422
2022-10-18 00:00:00+05:30,474.03,480.33,471.7,474.52,987339
2022-10-19 00:00:00+05:30,477.7,479.33,466.67,476.53,633306
2022-10-20 00:00:00+05:30,476.53,476.53,470.67,474.85,792555
2022-10-21 00:00:00+05:30,482.67,482.67,471.67,473.73,2238006
2022-10-24 00:00:00+05:30,480.3,482.9,475.0,476.78,363687
2022-10-25 00:00:00+05:30,480.0,483.33,472.83,481.92,725913
2022-10-27 00:00:00+05:30,481.92,487.33,473.73,480.85,1189437
2022-10-28 00:00:00+05:30,476.67,484.0,475.67,477.15,770910
2022-10-31 00:00:00+05:30,477.33,479.67,466.67,469.93,620049
2022-11-01 00:00:00+05:30,472.33,473.33,460.0,470.42,795963
2022-11-02 00:00:00+05:30,471.65,473.3,463.33,467.35,564444
2022-11-03 00:00:00+05:30,461.7,466.67,450.67,452.32,1048221
2022-11-04 00:00:00+05:30,455.0,460.0,446.83,454.83,1019739
2022-11-07 00:00:00+05:30,455.75,465.0,450.67,453.25,654858
2022-11-09 00:00:00+05:30,453.33,453.67,447.33,449.43,612522
2022-11-10 00:00:00+05:30,448.23,449.33,429.33,430.98,1035186
2022-11-11 00:00:00+05:30,434.93,439.67,420.33,421.83,863388
2022-11-14 00:00:00+05:30,413.0,433.33,410.0,421.35,1393395
2022-11-15 00:00:00+05:30,421.67,426.82,413.33,417.1,581679
2022-11-16 00:00:00+05:30,420.67,422.0,410.38,412.88,1203105
2022-11-17 00:00:00+05:30,412.67,417.0,404.67,408.7,894114
2022-11-18 00:00:00+05:30,410.0,415.0,405.0,409.27,646716
2022-11-21 00:00:00+05:30,409.97,411.67,401.3,402.52,446649
2022-11-22 00:00:00+05:30,402.37,421.47,400.0,413.18,677658
2022-11-23 00:00:00+05:30,416.33,419.6,410.33,415.23,582060
2022-11-24 00:00:00+05:30,418.33,419.97,411.68,417.32,886320
2022-11-25 00:00:00+05:30,414.1,425.33,414.0,422.28,584265
2022-11-28 00:00:00+05:30,425.67,430.0,422.33,425.98,451497
2022-11-29 00:00:00+05:30,424.22,429.23,413.33,415.43,334986
2022-11-30 00:00:00+05:30,415.67,425.0,410.33,420.32,836925
2022-12-01 00:00:00+05:30,423.27,425.0,416.0,417.33,627876
2022-12-02 00:00:00+05:30,416.67,433.67,405.1,424.25,2469810
2022-12-05 00:00:00+05:30,428.3,440.83,417.73,439.43,1394049
2022-12-06 00:00:00+05:30,438.33,441.48,431.67,434.53,332220
2022-12-07 00:00:00+05:30,435.0,436.33,426.33,428.35,403638
2022-12-08 00:00:00+05:30,425.02,430.0,422.97,423.63,445548
2022-12-09 00:00:00+05:30,425.67,427.9,418.0,421.98,593487
2022-12-12 00:00:00+05:30,417.33,425.33,415.65,419.23,492474
2022-12-13 00:00:00+05:30,419.0,425.0,416.67,421.88,873573
2022-12-14 00:00:00+05:30,418.03,423.23,416.07,419.13,768489
2022-12-15 00:00:00+05:30,420.0,421.6,408.53,412.07,687804
2022-12-16 00:00:00+05:30,411.6,418.67,405.0,414.0,836214
2022-12-19 00:00:00+05:30,411.0,414.67,409.4,410.22,389829
2022-12-20 00:00:00+05:30,409.67,414.72,406.33,413.08,370452
2022-12-21 00:00:00+05:30,413.33,415.0,392.7,396.97,708129
2022-12-22 00:00:00+05:30,398.27,398.27,378.33,386.37,639753
2022-12-23 00:00:00+05:30,380.4,384.67,367.05,367.05,860577
2022-12-26 00:00:00+05:30,365.0,385.33,350.73,381.73,436863
2022-12-27 00:00:00+05:30,386.67,387.67,378.33,383.75,508719
2022-12-28 00:00:00+05:30,384.82,389.97,370.73,386.98,277023
2022-12-29 00:00:00+05:30,386.57,393.33,380.1,389.07,580368
2022-12-30 00:00:00+05:30,392.6,401.67,391.0,397.8,458274
2023-01-02 00:00:00+05:30,390.33,406.0,390.33,397.8,446721
2023-01-03 00:00:00+05:30,396.67,409.37,396.67,407.08,504666
2023-01-04 00:00:00+05:30,409.33,409.33,395.0,397.97,385923
2023-01-05 00:00:00+05:30,401.5,402.98,386.33,395.8,332475
2023-01-06 00:00:00+05:30,398.0,399.67,388.0,391.32,260985
2023-02-01 00:00:00+05:30,340.0,345.0,330.63,330.63,1245567
2023-02-02 00:00:00+05:30,314.33,327.5,314.1,319.78,1433892
2023-02-03 00:00:00+05:30,319.67,319.67,303.8,303.8,615402
2023-02-06 00:00:00+05:30,289.33,315.0,288.62,312.73,1469094
2023-02-07 00:00:00+05:30,315.0,324.42,313.75,316.42,726423
2023-02-08 00:00:00+05:30,320.0,321.67,313.37,318.17,519513
2023-02-09 00:00:00+05:30,318.17,320.0,310.33,316.93,1164126
2023-02-10 00:00:00+05:30,316.63,321.33,312.67,317.77,478773
2023-02-13 00:00:00+05:30,317.77,319.33,309.38,313.27,785361
2023-02-14 00:00:00+05:30,312.7,312.72,297.38,304.7,1079265
2023-02-15 00:00:00+05:30,305.0,308.0,300.03,307.0,639567
2023-02-16 00:00:00+05:30,306.0,316.33,306.0,312.95,503178
2023-02-17 00:00:00+05:30,312.95,315.0,304.2,306.6,658284
2023-02-20 00:00:00+05:30,309.33,321.0,309.33,313.27,1959342
2023-02-21 00:00:00+05:30,317.0,319.9,311.67,315.42,873762
2023-02-22 00:00:00+05:30,316.65,319.8,310.67,313.5,1109898
2023-02-23 00:00:00+05:30,314.67,318.33,311.5,315.53,528204
2023-02-24 00:00:00+05:30,316.63,318.27,300.03,301.97,703983
2023-02-27 00:00:00+05:30,302.0,305.42,298.33,302.67,912330
2023-02-28 00:00:00+05:30,301.67,310.0,298.33,307.93,677802
2023-03-01 00:00:00+05:30,307.67,317.65,307.07,315.5,759090
2023-03-02 00:00:00+05:30,315.5,320.47,314.0,316.93,574512
2023-03-03 00:00:00+05:30,319.93,323.33,314.5,318.12,817143
2023-03-06 00:00:00+05:30,318.75,334.02,307.8,334.02,1423266
2023-03-08 00:00:00+05:30,338.23,343.33,328.5,340.98,1214439
2023-03-09 00:00:00+05:30,341.33,341.67,332.67,337.57,727839
2023-03-10 00:00:00+05:30,332.33,334.0,325.0,332.73,1005063
2023-03-13 00:00:00+05:30,330.33,331.75,318.33,322.72,1088646
2023-03-14 00:00:00+05:30,323.0,323.33,310.38,317.47,795969
2023-03-15 00:00:00+05:30,319.0,324.82,312.67,321.47,911751
2023-03-16 00:00:00+05:30,307.0,318.0,305.4,315.17,1961538
2023-03-17 00:00:00+05:30,311.67,314.67,299.42,299.47,9926238
2023-03-20 00:00:00+05:30,284.5,298.0,284.5,296.3,2285613
2023-03-21 00:00:00+05:30,291.85,301.68,291.0,298.8,1656141
2023-03-22 00:00:00+05:30,298.8,305.0,295.0,297.52,1276542
2023-03-23 00:00:00+05:30,298.0,298.0,288.0,294.15,1072140
2023-03-24 00:00:00+05:30,295.3,304.0,291.5,301.55,963570
2023-03-27 00:00:00+05:30,300.0,304.3,292.67,296.3,798450
2023-03-28 00:00:00+05:30,296.3,298.37,288.33,293.92,778692
2023-03-29 00:00:00+05:30,293.92,308.6,292.03,308.47,2527257
2023-03-31 00:00:00+05:30,308.55,323.88,308.47,322.33,1483998
2023-04-03 00:00:00+05:30,321.67,333.33,312.0,328.05,559455
2023-04-05 00:00:00+05:30,327.33,327.33,314.83,322.37,811704
2023-04-06 00:00:00+05:30,320.0,324.67,312.25,322.07,1323279
2023-04-10 00:00:00+05:30,321.5,322.07,315.33,318.93,171252
2023-04-11 00:00:00+05:30,316.67,321.97,314.88,320.55,444843
2023-04-12 00:00:00+05:30,323.0,325.0,316.33,322.45,759945
2023-04-13 00:00:00+05:30,323.23,324.67,317.33,323.4,333501
2023-04-17 00:00:00+05:30,321.78,325.67,316.68,320.0,215292
2023-04-18 00:00:00+05:30,322.13,322.13,310.37,318.57,307182
2023-04-19 00:00:00+05:30,318.55,321.33,315.03,318.32,831948
2023-04-20 00:00:00+05:30,316.67,318.5,311.67,313.4,290076
2023-04-21 00:00:00+05:30,317.33,318.93,309.33,316.28,1151193
2023-04-26 00:00:00+05:30,310.33,312.67,303.33,304.53,661257
2023-04-27 00:00:00+05:30,302.5,313.58,299.33,312.97,887490
2023-04-28 00:00:00+05:30,311.67,314.97,306.38,314.3,364950
2023-05-02 00:00:00+05:30,314.67,316.67,308.35,311.87,224937
2023-05-03 00:00:00+05:30,310.0,315.17,309.67,312.9,241476
2023-05-04 00:00:00+05:30,314.17,315.0,307.0,313.43,563124
2023-05-05 00:00:00+05:30,313.3,313.3,307.52,309.63,224544
2023-05-08 00:00:00+05:30,310.0,311.67,306.33,307.82,245226
2023-05-09 00:00:00+05:30,307.8,311.67,306.02,310.07,209874
2023-05-10 00:00:00+05:30,308.33,312.93,307.33,311.02,254361
2023-05-11 00:00:00+05:30,311.63,314.98,309.33,312.52,431136
2023-05-12 00:00:00+05:30,313.33,314.0,306.67,310.3,176103
2023-05-15 00:00:00+05:30,310.0,321.67,306.0,317.65,750615
2023-05-16 00:00:00+05:30,318.0,321.33,310.47,319.33,408186
2023-05-17 00:00:00+05:30,319.0,319.33,312.52,316.25,330183
2023-05-18 00:00:00+05:30,316.27,321.65,310.4,319.93,653163
2023-05-19 00:00:00+05:30,319.9,319.9,312.0,317.38,343314
2023-05-22 00:00:00+05:30,314.03,320.0,312.33,315.85,372213
2023-05-23 00:00:00+05:30,315.67,331.63,312.17,331.32,1208073
2023-05-24 00:00:00+05:30,333.33,343.0,326.67,339.45,1332360
2023-05-25 00:00:00+05:30,338.73,346.67,335.02,344.5,976872
2023-05-26 00:00:00+05:30,344.0,345.3,337.67,342.37,1205718
2023-05-29 00:00:00+05:30,342.38,344.97,335.67,337.72,488139
2023-05-30 00:00:00+05:30,337.72,342.32,334.43,340.52,581313
2023-05-31 00:00:00+05:30,336.67,351.55,334.02,349.17,837870
2023-06-01 00:00:00+05:30,345.7,351.67,342.67,346.83,768156
2023-06-02 00:00:00+05:30,345.67,346.62,340.02,344.67,941310
2023-06-05 00:00:00+05:30,343.67,346.62,341.0,343.17,806916
2023-06-06 00:00:00+05:30,340.97,345.33,340.67,343.67,1182681
2023-06-07 00:00:00+05:30,343.33,349.33,341.0,345.2,608769
2023-06-08 00:00:00+05:30,345.17,346.53,338.37,341.77,389433
2023-06-09 00:00:00+05:30,341.77,344.93,338.0,341.35,307947
2023-06-12 00:00:00+05:30,341.67,344.3,334.87,340.43,275670
2023-06-13 00:00:00+05:30,342.33,349.62,335.08,348.22,562293
2023-06-14 00:00:00+05:30,349.63,365.62,345.0,364.87,1645026
2023-06-15 00:00:00+05:30,369.67,375.77,363.33,373.75,955350
2023-06-16 00:00:00+05:30,374.97,383.33,374.17,380.0,973782
2023-06-19 00:00:00+05:30,382.67,390.77,379.0,386.67,1038879
2023-06-20 00:00:00+05:30,390.33,393.23,383.67,390.0,811863
2023-06-21 00:00:00+05:30,393.33,400.33,384.33,392.33,790662
2023-06-22 00:00:00+05:30,391.57,395.87,383.33,392.03,724812
2023-06-23 00:00:00+05:30,395.0,396.33,386.0,390.33,452742
2023-06-26 00:00:00+05:30,388.38,399.67,383.67,395.35,459096
2023-06-27 00:00:00+05:30,395.67,399.6,388.42,392.72,467019
2023-06-28 00:00:00+05:30,394.0,397.67,390.4,396.0,362910
2023-06-30 00:00:00+05:30,396.67,398.33,391.77,392.0,264780
2023-07-03 00:00:00+05:30,389.57,400.0,389.57,395.67,909087
2023-07-04 00:00:00+05:30,398.33,398.33,391.78,393.33,1727106
2023-07-05 00:00:00+05:30,394.37,403.3,393.33,396.67,1064493
2023-07-06 00:00:00+05:30,398.13,399.57,395.17,395.33,362229
2023-07-07 00:00:00+05:30,396.67,401.3,390.0,396.67,1162032
2023-07-10 00:00:00+05:30,400.02,408.33,400.02,401.33,953934
2023-07-11 00:00:00+05:30,406.32,408.75,402.35,403.33,1152759
2023-07-12 00:00:00+05:30,405.67,414.02,402.75,408.0,5728926
2023-07-13 00:00:00+05:30,388.37,388.37,388.37,388.37,4922430
2023-07-14 00:00:00+05:30,407.78,407.78,407.78,407.78,680610
2023-07-17 00:00:00+05:30,413.33,419.67,403.83,417.67,8470113
2023-07-18 00:00:00+05:30,417.15,425.0,417.15,424.67,1645551
2023-07-19 00:00:00+05:30,426.23,445.45,420.55,445.45,5723532
2023-07-20 00:00:00+05:30,446.33,457.77,442.67,446.67,1726974
2023-07-21 00:00:00+05:30,442.3,446.63,437.33,443.3,715263
2023-07-24 00:00:00+05:30,443.67,446.1,427.03,430.33,1230849
2023-07-25 00:00:00+05:30,433.0,438.3,428.33,434.33,808152
2023-07-26 00:00:00+05:30,435.33,443.0,431.67,438.4,701814
2023-07-27 00:00:00+05:30,439.98,440.82,433.72,436.68,679167
2023-07-28 00:00:00+05:30,438.97,442.9,435.35,438.33,746538
2023-07-31 00:00:00+05:30,436.67,447.0,436.67,443.97,1126932
2023-08-01 00:00:00+05:30,443.67,449.97,442.35,447.33,947802
2023-08-02 00:00:00+05:30,446.3,446.73,436.67,443.0,841545
2023-08-03 00:00:00+05:30,442.33,443.33,432.0,436.33,553731
2023-08-04 00:00:00+05:30,431.33,458.4,431.33,458.4,1638993
2023-08-07 00:00:00+05:30,459.33,464.33,452.67,456.0,638847
2023-08-08 00:00:00+05:30,457.48,457.48,443.33,448.17,471069
2023-08-09 00:00:00+05:30,449.0,453.33,443.33,444.33,327501
2023-08-10 00:00:00+05:30,448.3,448.3,437.45,441.7,375588
2023-08-11 00:00:00+05:30,442.33,447.67,428.33,434.0,639915
2023-08-14 00:00:00+05:30,414.0,431.0,410.5,430.6,1520301
2023-08-16 00:00:00+05:30,430.0,440.33,429.33,433.0,854289
2023-08-17 00:00:00+05:30,434.3,434.3,427.33,429.0,1652049
2023-08-18 00:00:00+05:30,428.33,435.0,423.33,428.38,723210
2023-08-21 00:00:00+05:30,428.33,436.67,428.17,435.67,487053
2023-08-22 00:00:00+05:30,434.65,436.0,431.0,431.67,269718
2023-08-23 00:00:00+05:30,431.67,433.33,426.33,427.5,236832
2023-08-24 00:00:00+05:30,427.53,431.33,417.67,419.33,591717
2023-08-25 00:00:00+05:30,416.67,423.33,408.0,418.67,645012
2023-08-28 00:00:00+05:30,418.67,425.67,411.37,416.32,642261
2023-08-29 00:00:00+05:30,415.0,418.33,405.0,406.67,508902
2023-08-30 00:00:00+05:30,407.0,412.3,399.33,407.67,517218
2023-08-31 00:00:00+05:30,408.33,411.67,404.33,406.33,396375
2023-09-01 00:00:00+05:30,407.67,418.17,401.67,415.73,1009785
2023-09-04 00:00:00+05:30,416.33,420.0,410.47,417.55,435537
2023-09-05 00:00:00+05:30,417.55,436.23,413.33,428.57,1015461
2023-09-06 00:00:00+05:30,428.57,433.33,425.0,431.35,388314
2023-09-07 00:00:00+05:30,431.0,433.13,425.42,427.52,261183
2023-09-08 00:00:00+05:30,425.0,433.33,421.67,430.37,364278
2023-09-11 00:00:00+05:30,432.33,440.33,430.0,436.8,2669805
2023-09-12 00:00:00+05:30,439.02,441.67,418.52,428.95,1247376
2023-09-13 00:00:00+05:30,425.0,433.33,423.33,429.35,804729
2023-09-14 00:00:00+05:30,428.67,439.92,426.57,436.93,528132
2023-09-15 00:00:00+05:30,436.93,438.33,429.33,436.15,448071
2023-09-18 00:00:00+05:30,431.72,433.33,422.35,427.08,1091607
2023-09-20 00:00:00+05:30,423.35,436.17,422.67,433.08,428781
2023-09-21 00:00:00+05:30,427.33,433.0,424.2,426.67,252987
2023-09-22 00:00:00+05:30,428.33,431.67,423.0,426.67,519810
2023-09-25 00:00:00+05:30,429.98,431.65,423.0,425.03,515475
2023-09-26 00:00:00+05:30,425.03,426.65,419.33,420.3,231522
2023-09-27 00:00:00+05:30,421.65,421.98,413.3,415.23,240828
2023-09-28 00:00:00+05:30,416.33,419.77,405.67,407.35,610218
2023-09-29 00:00:00+05:30,410.35,415.0,409.0,413.05,408738
2023-10-03 00:00:00+05:30,411.67,417.67,410.0,412.03,252402
2023-10-04 00:00:00+05:30,413.0,414.5,405.43,410.48,232509
2023-10-05 00:00:00+05:30,410.0,416.67,405.02,415.2,268254
2023-10-06 00:00:00+05:30,415.0,420.92,408.45,417.82,460212
2023-10-09 00:00:00+05:30,410.67,417.3,406.63,412.08,408546
2023-10-10 00:00:00+05:30,415.28,436.37,412.0,433.05,1343352
2023-10-11 00:00:00+05:30,436.67,449.97,433.67,438.33,1540902
2023-10-12 00:00:00+05:30,440.0,448.27,434.52,443.7,758313
2023-10-13 00:00:00+05:30,440.32,453.3,439.1,450.53,943578
2023-10-16 00:00:00+05:30,448.33,449.0,436.73,440.0,1089927
2023-10-17 00:00:00+05:30,439.33,446.97,438.0,440.47,494355
2023-10-18 00:00:00+05:30,443.33,444.6,436.0,442.23,455331
2023-10-19 00:00:00+05:30,436.67,444.33,430.67,442.37,729543
2023-10-20 00:00:00+05:30,441.67,449.0,436.33,437.92,555558
2023-10-23 00:00:00+05:30,439.33,439.97,418.58,420.5,856731
2023-10-25 00:00:00+05:30,422.33,427.67,408.03,412.05,445308
2023-10-26 00:00:00+05:30,408.33,421.33,397.58,416.77,1167720
2023-10-27 00:00:00+05:30,417.0,432.93,417.0,425.27,1060209
2023-10-30 00:00:00+05:30,425.2,439.97,424.38,436.25,1727178
2023-10-31 00:00:00+05:30,440.0,458.05,436.67,455.97,1796967
2023-11-01 00:00:00+05:30,466.67,478.75,446.83,448.95,5531133
2023-11-02 00:00:00+05:30,450.98,456.67,438.67,454.6,1487763
2023-11-03 00:00:00+05:30,455.67,464.15,453.82,458.35,1324515
2023-11-06 00:00:00+05:30,465.0,476.67,461.68,473.45,2914128
2023-11-07 00:00:00+05:30,475.0,485.55,473.33,478.75,2910666
2023-11-08 00:00:00+05:30,479.3,486.57,475.5,484.23,2381664
2023-11-09 00:00:00+05:30,484.23,493.27,469.4,480.03,2093466
2023-11-10 00:00:00+05:30,480.03,488.33,474.15,482.35,1235949
2023-11-12 00:00:00+05:30,484.33,487.17,479.23,482.08,381117
2023-11-13 00:00:00+05:30,481.6,488.0,478.75,482.35,973383
2023-11-15 00:00:00+05:30,485.6,489.67,481.7,483.0,864564
2023-11-16 00:00:00+05:30,484.95,485.4,475.33,476.85,495642
2023-11-17 00:00:00+05:30,475.32,481.98,468.0,470.5,590010
2023-11-20 00:00:00+05:30,470.0,472.43,458.93,463.1,1210371
2023-11-21 00:00:00+05:30,465.67,467.95,450.33,455.85,1015995
2023-11-22 00:00:00+05:30,453.32,457.33,445.58,448.0,1234839
2023-11-23 00:00:00+05:30,445.05,459.18,445.05,453.18,821790
2023-11-24 00:00:00+05:30,455.33,455.47,437.67,443.45,1327230
2023-11-28 00:00:00+05:30,440.03,449.0,440.03,445.92,1036236
2023-11-29 00:00:00+05:30,448.3,468.2,448.3,468.2,2605377
2023-11-30 00:00:00+05:30,479.83,479.83,460.0,466.73,1768893
2023-12-01 00:00:00+05:30,469.95,469.97,457.33,459.33,637470
2023-12-04 00:00:00+05:30,469.33,482.3,460.4,479.68,3940725
2023-12-05 00:00:00+05:30,481.62,503.67,475.37,503.67,6278007
2023-12-06 00:00:00+05:30,513.47,528.85,502.77,525.65,7209249
2023-12-07 00:00:00+05:30,526.67,555.0,523.68,532.8,5722512
2023-12-08 00:00:00+05:30,536.33,540.63,527.33,534.32,4535736
2023-12-11 00:00:00+05:30,541.68,546.0,526.72,531.65,1965252
2023-12-12 00:00:00+05:30,533.97,535.0,507.0,509.32,1754541
2023-12-13 00:00:00+05:30,506.67,522.33,500.0,519.85,2185665
2023-12-14 00:00:00+05:30,527.0,527.77,517.2,522.82,1461669
2023-12-15 00:00:00+05:30,526.67,527.0,517.33,522.8,1098219
2023-12-18 00:00:00+05:30,521.5,537.97,516.68,530.83,2725725
2023-12-19 00:00:00+05:30,530.65,536.33,525.33,533.13,1588920
2023-12-20 00:00:00+05:30,533.67,536.25,504.67,509.82,2359281
2023-12-21 00:00:00+05:30,503.33,518.52,500.33,515.18,2183085
2023-12-22 00:00:00+05:30,520.0,543.23,517.0,540.55,3842523
2023-12-26 00:00:00+05:30,547.67,547.67,532.35,539.3,1504227
2023-12-27 00:00:00+05:30,541.67,541.67,528.33,530.37,1525611
2023-12-28 00:00:00+05:30,531.67,532.97,509.68,518.77,2453937
2023-12-29 00:00:00+05:30,519.33,527.0,513.35,525.0,1267419
2024-01-01 00:00:00+05:30,524.67,530.33,518.42,522.48,1035420
2024-01-02 00:00:00+05:30,522.48,525.18,511.67,521.13,901947
2024-01-03 00:00:00+05:30,521.13,537.67,517.33,531.52,3568917
2024-01-04 00:00:00+05:30,541.67,542.67,530.68,533.93,2508444
2024-01-05 00:00:00+05:30,538.32,538.32,525.18,529.1,1129035
2024-01-08 00:00:00+05:30,533.33,538.0,524.67,533.08,1215888
2024-01-09 00:00:00+05:30,535.67,571.27,534.02,561.47,7569498
2024-01-10 00:00:00+05:30,567.0,570.33,550.18,554.93,1705356
2024-01-11 00:00:00+05:30,560.0,560.97,546.67,548.95,1171533
2024-01-12 00:00:00+05:30,548.33,557.5,544.0,546.78,660570
2024-01-15 00:00:00+05:30,548.33,551.42,542.03,545.33,1764537
2024-01-16 00:00:00+05:30,546.67,554.32,528.7,533.3,1662417
2024-01-17 00:00:00+05:30,526.67,532.67,520.0,522.07,3408279
2024-01-18 00:00:00+05:30,522.33,526.07,507.43,519.98,1529979
2024-01-19 00:00:00+05:30,523.0,529.33,521.65,527.88,701097
2024-01-20 00:00:00+05:30,529.98,531.33,516.0,518.8,345132
2024-01-23 00:00:00+05:30,519.98,526.5,507.33,515.08,1044456
2024-01-24 00:00:00+05:30,513.42,536.65,508.67,529.85,1713282
2024-01-25 00:00:00+05:30,533.0,533.0,524.33,527.15,1034853
2024-01-29 00:00:00+05:30,529.33,530.98,518.37,522.78,518562
2024-01-30 00:00:00+05:30,523.02,528.33,516.0,525.3,1156530
2024-01-31 00:00:00+05:30,524.97,530.67,521.42,527.37,549171
2024-02-01 00:00:00+05:30,527.35,528.32,520.22,523.45,568356
2024-02-02 00:00:00+05:30,523.7,526.98,512.68,520.47,2303574
2024-02-05 00:00:00+05:30,518.33,520.0,505.0,507.1,1629618
2024-02-06 00:00:00+05:30,507.1,539.47,505.33,535.15,2304966
2024-02-07 00:00:00+05:30,539.62,552.32,535.67,544.13,2462787
2024-02-08 00:00:00+05:30,552.4,570.83,548.5,554.83,3099306
2024-02-09 00:00:00+05:30,533.33,538.0,521.57,534.6,3517395
2024-02-12 00:00:00+05:30,533.33,540.67,516.0,521.28,1948971
2024-02-13 00:00:00+05:30,520.0,520.0,503.33,512.92,1628778
2024-02-14 00:00:00+05:30,507.68,526.12,504.53,524.23,1321794
2024-02-15 00:00:00+05:30,524.02,535.67,524.02,533.8,884244
2024-02-16 00:00:00+05:30,538.33,545.0,525.03,540.55,1197690
2024-02-19 00:00:00+05:30,546.63,562.33,542.97,558.23,1873722
2024-02-20 00:00:00+05:30,541.67,550.67,534.0,549.17,2654859
2024-02-21 00:00:00+05:30,553.62,560.0,542.67,544.43,1643496
2024-02-22 00:00:00+05:30,546.13,550.67,538.5,546.12,953244
2024-02-23 00:00:00+05:30,548.35,553.32,544.48,549.15,850641
2024-02-26 00:00:00+05:30,548.0,566.57,543.35,545.7,1761021
2024-02-27 00:00:00+05:30,546.0,548.33,537.0,540.9,1002006
2024-02-28 00:00:00+05:30,525.02,537.33,511.67,525.97,5162046
2024-02-29 00:00:00+05:30,521.07,524.88,510.0,512.57,1258530
2024-03-01 00:00:00+05:30,515.17,524.67,513.68,522.02,960996
2024-03-02 00:00:00+05:30,523.0,536.67,513.67,534.32,666876
2024-03-04 00:00:00+05:30,540.65,547.0,529.25,533.35,1857867
2024-03-05 00:00:00+05:30,536.17,536.17,522.03,523.0,755967
2024-03-06 00:00:00+05:30,523.33,526.67,505.68,509.37,828000
2024-03-07 00:00:00+05:30,513.97,515.98,507.0,508.83,466332
2024-03-11 00:00:00+05:30,513.33,514.0,491.68,495.17,850260
2024-03-12 00:00:00+05:30,495.27,499.88,455.83,459.28,2861514
2024-03-13 00:00:00+05:30,461.33,464.1,427.0,449.43,4064748
2024-03-14 00:00:00+05:30,439.35,471.33,437.1,466.15,2951001
2024-03-15 00:00:00+05:30,465.1,473.37,461.92,466.92,2019630
2024-03-18 00:00:00+05:30,470.67,477.67,458.02,471.73,1690722
2024-03-19 00:00:00+05:30,469.65,469.65,447.15,452.58,1318863
2024-03-20 00:00:00+05:30,449.33,455.87,443.33,450.77,2903448
2024-03-21 00:00:00+05:30,455.68,459.65,451.02,456.62,1825680
2024-03-22 00:00:00+05:30,456.62,466.32,455.07,460.2,1550268
2024-03-26 00:00:00+05:30,461.67,463.32,446.7,449.43,1001634
2024-03-27 00:00:00+05:30,453.33,461.33,450.02,453.07,2103570
2024-03-28 00:00:00+05:30,455.98,457.33,440.35,446.13,745284
2024-04-01 00:00:00+05:30,453.33,465.32,449.33,462.42,768873
2024-04-02 00:00:00+05:30,463.3,467.67,456.67,465.12,1140519
2024-04-03 00:00:00+05:30,456.67,472.67,455.67,468.18,1293762
2024-04-04 00:00:00+05:30,474.0,474.0,458.33,460.27,724425
2024-04-05 00:00:00+05:30,460.0,466.98,458.33,462.62,1178889
2024-04-08 00:00:00+05:30,454.53,461.13,443.97,456.07,1204029
2024-04-09 00:00:00+05:30,457.62,459.1,449.33,450.12,440817
2024-04-10 00:00:00+05:30,451.65,456.53,441.67,447.92,2468556
2024-04-12 00:00:00+05:30,439.32,456.38,436.48,447.48,3259602
2024-04-15 00:00:00+05:30,438.93,449.97,431.28,446.9,1706286
2024-04-16 00:00:00+05:30,439.33,474.67,439.32,469.5,6360864
2024-04-18 00:00:00+05:30,461.67,473.12,460.67,468.3,2420601
2024-04-19 00:00:00+05:30,456.67,472.32,456.67,467.5,1583499
2024-04-22 00:00:00+05:30,468.33,491.4,468.33,488.8,3289581
2024-04-23 00:00:00+05:30,492.97,498.0,487.33,495.88,1779699
2024-04-24 00:00:00+05:30,497.67,512.98,494.85,502.97,2843811
2024-04-25 00:00:00+05:30,504.65,515.5,495.0,507.05,2414901
2024-04-26 00:00:00+05:30,505.6,535.0,500.67,527.92,4682421
2024-04-29 00:00:00+05:30,533.33,536.33,518.33,521.18,2365923
2024-04-30 00:00:00+05:30,500.0,514.57,497.85,503.57,4463667
2024-05-02 00:00:00+05:30,498.68,499.35,481.37,483.78,2504967
2024-05-03 00:00:00+05:30,487.0,488.33,474.67,482.47,1501734
2024-05-06 00:00:00+05:30,482.47,488.3,469.72,476.8,1085250
2024-05-07 00:00:00+05:30,476.48,489.33,466.67,482.45,1921125
2024-05-08 00:00:00+05:30,482.83,483.33,466.33,470.18,1059900
2024-05-09 00:00:00+05:30,470.33,470.67,446.72,451.13,842589
2024-05-10 00:00:00+05:30,451.13,457.57,447.67,453.8,755283
2024-05-13 00:00:00+05:30,451.17,455.32,438.87,443.62,585771
2024-05-14 00:00:00+05:30,444.88,448.72,440.33,445.0,679242
2024-05-15 00:00:00+05:30,444.18,463.33,444.0,459.57,2268552
2024-05-16 00:00:00+05:30,460.0,470.23,459.03,464.77,661380
2024-05-17 00:00:00+05:30,464.77,473.63,462.35,466.72,688848
2024-05-18 00:00:00+05:30,468.33,480.0,466.63,475.77,297627
2024-05-21 00:00:00+05:30,472.0,478.63,466.67,472.62,763062
2024-05-22 00:00:00+05:30,474.67,478.32,467.33,468.37,524214
2024-05-23 00:00:00+05:30,467.33,474.33,465.13,470.97,689634
2024-05-24 00:00:00+05:30,471.0,481.33,467.67,476.9,2050266
2024-05-27 00:00:00+05:30,476.38,486.67,471.33,479.65,1063977
2024-05-28 00:00:00+05:30,481.67,505.0,477.87,495.23,3707547
2024-05-29 00:00:00+05:30,495.32,495.43,480.7,483.67,1178007
2024-05-30 00:00:00+05:30,483.33,486.33,474.07,477.68,942714
2024-05-31 00:00:00+05:30,478.67,481.67,469.67,476.7,1398528
2024-06-03 00:00:00+05:30,486.67,496.0,483.37,487.47,2150847
2024-06-04 00:00:00+05:30,484.68,487.0,389.98,414.73,4780383
2024-06-05 00:00:00+05:30,429.33,451.0,410.68,447.82,1921998
2024-06-06 00:00:00+05:30,450.0,458.53,443.33,454.83,3750930
2024-06-07 00:00:00+05:30,454.35,468.9,452.82,467.07,1623954
2024-06-10 00:00:00+05:30,503.0,503.0,485.33,492.1,5531061
2024-06-11 00:00:00+05:30,492.67,502.47,487.0,490.97,1742799
2024-06-12 00:00:00+05:30,493.08,501.33,481.02,489.3,1395417
2024-06-13 00:00:00+05:30,489.67,497.67,480.0,493.73,1760196
2024-06-14 00:00:00+05:30,493.33,498.32,489.05,494.52,869679
2024-06-18 00:00:00+05:30,494.52,501.67,486.67,489.08,806640
2024-06-19 00:00:00+05:30,490.73,493.3,479.62,489.57,917280
2024-06-20 00:00:00+05:30,486.35,494.67,484.8,489.57,761397
2024-06-21 00:00:00+05:30,489.33,490.67,486.02,488.77,753861
2024-06-24 00:00:00+05:30,485.0,489.67,483.33,486.63,402462
2024-06-25 00:00:00+05:30,485.75,519.0,477.45,509.52,4972398
2024-06-26 00:00:00+05:30,508.33,525.0,502.28,518.87,1867014
2024-06-27 00:00:00+05:30,518.33,521.17,502.7,504.78,1083273
2024-06-28 00:00:00+05:30,508.33,535.0,507.67,530.47,3566985
2024-07-01 00:00:00+05:30,540.33,574.0,538.67,566.45,9376647
2024-07-02 00:00:00+05:30,583.22,588.13,542.0,553.65,14874084
2024-07-03 00:00:00+05:30,559.68,565.67,541.67,544.12,4955160
2024-07-04 00:00:00+05:30,545.33,554.6,542.67,544.8,3085494
2024-07-05 00:00:00+05:30,543.67,552.98,542.0,549.43,1381986
2024-07-08 00:00:00+05:30,551.57,551.67,540.67,543.93,837258
2024-07-09 00:00:00+05:30,544.33,559.33,543.35,549.67,3519486
2024-07-10 00:00:00+05:30,547.33,551.57,543.0,547.97,2816454
2024-07-11 00:00:00+05:30,546.47,550.95,540.0,542.42,1181406
2024-07-12 00:00:00+05:30,543.35,546.2,528.67,530.97,1040784
2024-07-15 00:00:00+05:30,531.32,534.9,518.03,519.95,939912
2024-07-16 00:00:00+05:30,521.47,524.62,514.33,519.7,1845885
2024-07-18 00:00:00+05:30,519.33,539.67,513.68,533.52,4736178
2024-07-19 00:00:00+05:30,532.92,535.33,515.67,531.43,2233107
2024-07-22 00:00:00+05:30,530.33,546.67,520.38,536.48,5744034
2024-07-23 00:00:00+05:30,536.0,539.35,518.23,536.97,1824234
2024-07-24 00:00:00+05:30,536.67,551.67,534.73,549.63,1708809
2024-07-25 00:00:00+05:30,541.67,551.65,541.32,546.65,981588
2024-07-26 00:00:00+05:30,543.67,558.33,543.67,555.98,1682616
2024-07-29 00:00:00+05:30,558.33,570.0,557.03,566.88,2554689
2024-07-30 00:00:00+05:30,564.47,573.33,561.35,569.4,953571
2024-07-31 00:00:00+05:30,569.4,574.63,564.67,573.37,2917629
2024-08-01 00:00:00+05:30,573.33,576.67,568.33,574.1,1467687
2024-08-02 00:00:00+05:30,563.67,571.67,562.08,568.55,1896504
2024-08-05 00:00:00+05:30,551.67,565.22,544.63,561.92,1330791
2024-08-06 00:00:00+05:30,573.33,599.1,570.57,587.3,7823577
2024-08-07 00:00:00+05:30,590.0,608.33,585.37,604.17,2878158
2024-08-08 00:00:00+05:30,602.35,613.0,583.33,597.45,2311179
2024-08-09 00:00:00+05:30,598.17,604.0,586.72,600.15,1187145
2024-08-12 00:00:00+05:30,596.67,604.93,585.35,591.28,827526
2024-08-13 00:00:00+05:30,594.9,608.3,584.0,596.28,2243478
2024-08-14 00:00:00+05:30,598.67,598.67,584.67,588.1,1508019
2024-08-16 00:00:00+05:30,590.67,614.67,588.13,608.38,3062892
2024-08-19 00:00:00+05:30,610.47,615.0,597.35,600.38,931260
2024-08-20 00:00:00+05:30,601.67,610.33,592.0,607.3,702453
2024-08-21 00:00:00+05:30,604.68,638.33,603.42,633.78,8285535
2024-08-22 00:00:00+05:30,637.67,646.12,625.03,636.57,1936431
2024-08-23 00:00:00+05:30,633.35,648.33,629.68,633.15,827589
2024-08-26 00:00:00+05:30,632.67,634.33,627.15,629.88,433539
2024-08-27 00:00:00+05:30,631.0,640.9,626.08,637.35,727203
2024-08-28 00:00:00+05:30,637.32,642.97,621.7,640.02,1671675
2024-08-29 00:00:00+05:30,641.67,643.33,630.35,639.98,1259784
2024-08-30 00:00:00+05:30,640.97,652.33,638.8,647.38,1152168
2024-09-02 00:00:00+05:30,649.65,658.3,646.67,656.48,2777580
2024-09-03 00:00:00+05:30,653.38,664.07,640.07,650.18,1876017
2024-09-04 00:00:00+05:30,646.72,657.82,632.32,642.65,1634181
2024-09-05 00:00:00+05:30,649.52,650.0,636.87,644.3,2758176
2024-09-06 00:00:00+05:30,640.0,643.33,630.03,640.35,2241381
2024-09-09 00:00:00+05:30,638.45,644.0,625.92,641.4,2202183
2024-09-10 00:00:00+05:30,643.33,648.67,639.25,646.92,1740573
2024-09-11 00:00:00+05:30,640.4,646.52,633.0,638.73,1559790
2024-09-12 00:00:00+05:30,638.73,644.67,638.4,643.78,1941219
2024-09-13 00:00:00+05:30,628.37,632.07,616.67,620.32,42290799
2024-09-16 00:00:00+05:30,620.6,624.8,614.4,617.4,2169822
2024-09-17 00:00:00+05:30,617.67,619.67,609.0,617.1,796005
2024-09-18 00:00:00+05:30,617.33,617.95,595.0,603.05,876675
2024-09-19 00:00:00+05:30,605.0,606.47,580.0,582.95,1514820
2024-09-20 00:00:00+05:30,582.95,590.0,574.7,576.85,1583238
2024-09-23 00:00:00+05:30,585.0,585.0,574.68,580.4,1087845
2024-09-24 00:00:00+05:30,582.67,582.67,570.0,572.68,1740597
2024-09-25 00:00:00+05:30,572.33,580.37,566.78,578.12,1290213
2024-09-26 00:00:00+05:30,575.33,578.83,568.02,570.62,2287560
2024-09-27 00:00:00+05:30,575.33,577.67,564.0,567.17,1131768
2024-09-30 00:00:00+05:30,566.87,571.85,554.67,556.6,1705182
2024-10-01 00:00:00+05:30,559.33,570.67,556.95,566.68,902700
2024-10-03 00:00:00+05:30,558.53,565.0,550.02,554.75,1718004
2024-10-04 00:00:00+05:30,554.75,556.67,540.67,544.03,1501578
2024-10-07 00:00:00+05:30,544.37,547.0,531.25,543.43,1766946
2024-10-08 00:00:00+05:30,540.0,566.67,535.53,563.37,1413192
2024-10-09 00:00:00+05:30,570.0,571.67,560.97,568.72,2880783
2024-10-10 00:00:00+05:30,571.67,582.67,564.95,580.1,1736862
2024-10-11 00:00:00+05:30,580.07,583.33,567.17,581.17,1271322
2024-10-14 00:00:00+05:30,581.17,581.17,566.2,576.2,1240203
2024-10-15 00:00:00+05:30,575.03,580.33,565.0,576.68,1283475
2024-10-16 00:00:00+05:30,573.33,592.77,572.02,588.22,1587255
2024-10-17 00:00:00+05:30,588.33,590.0,573.7,580.57,727179
2024-10-18 00:00:00+05:30,573.35,596.98,567.55,588.33,1874736
2024-10-21 00:00:00+05:30,592.67,594.0,580.18,591.87,1827921
2024-10-22 00:00:00+05:30,589.42,594.83,575.02,588.77,1177338
2024-10-23 00:00:00+05:30,587.07,603.3,572.7,592.48,2593944
2024-10-24 00:00:00+05:30,596.58,599.33,580.23,593.2,1706895
2024-10-25 00:00:00+05:30,593.33,593.33,546.0,552.05,2126616
2024-10-28 00:00:00+05:30,548.33,589.0,548.33,585.9,2257674
2024-10-29 00:00:00+05:30,585.9,600.0,576.95,595.57,1814706
2024-10-30 00:00:00+05:30,590.33,601.67,584.08,589.07,1987452
2024-10-31 00:00:00+05:30,589.18,600.33,584.7,597.75,953877
2024-11-01 00:00:00+05:30,598.33,608.2,597.2,603.7,175584
2024-11-04 00:00:00+05:30,603.0,603.33,588.23,597.13,855108
2024-11-05 00:00:00+05:30,603.0,621.0,598.27,618.65,3987189
2024-11-06 00:00:00+05:30,627.1,633.33,615.27,630.03,2496411
2024-11-07 00:00:00+05:30,630.05,637.33,622.02,633.6,2279919
2024-11-08 00:00:00+05:30,630.08,630.38,611.32,621.4,1457607
2024-11-11 00:00:00+05:30,611.67,629.32,611.67,618.93,2190018
2024-11-12 00:00:00+05:30,620.0,625.18,610.33,620.47,819159
2024-11-13 00:00:00+05:30,613.7,621.17,612.17,614.33,1463919
2024-11-14 00:00:00+05:30,612.67,617.97,609.33,614.6,898587
2024-11-18 00:00:00+05:30,613.33,619.65,608.52,618.18,815415
2024-11-19 00:00:00+05:30,614.35,621.67,610.0,617.53,2226522
2024-11-21 00:00:00+05:30,617.52,618.32,577.67,585.63,1678056
2024-11-22 00:00:00+05:30,585.47,600.0,581.68,597.48,1371972
2024-11-25 00:00:00+05:30,600.48,606.58,583.98,587.28,1868106
2024-11-26 00:00:00+05:30,585.0,589.0,583.27,584.97,1146546
2024-11-27 00:00:00+05:30,587.33,588.33,583.1,584.13,785634
2024-11-28 00:00:00+05:30,584.13,600.17,584.13,597.68,1719531
2024-11-29 00:00:00+05:30,600.02,613.53,595.52,603.43,1381137
2024-12-02 00:00:00+05:30,606.65,628.32,603.33,621.05,2222439
2024-12-03 00:00:00+05:30,621.67,626.6,617.0,622.32,357378
2024-12-04 00:00:00+05:30,625.6,625.6,614.02,619.55,438192
2024-12-05 00:00:00+05:30,618.33,623.33,613.68,622.95,1317216
2024-12-06 00:00:00+05:30,624.0,640.33,610.67,621.7,4915974
2024-12-09 00:00:00+05:30,618.0,623.0,610.82,618.48,828084
2024-12-10 00:00:00+05:30,616.72,619.45,608.35,616.1,1132299
2024-12-11 00:00:00+05:30,613.8,619.67,608.88,611.9,372555
2024-12-12 00:00:00+05:30,611.33,611.8,603.67,608.52,823365
2024-12-13 00:00:00+05:30,606.7,608.3,596.33,606.27,515490
2024-12-16 00:00:00+05:30,606.27,619.37,605.68,611.62,521652
2024-12-17 00:00:00+05:30,613.33,615.63,592.65,595.7,646917
2024-12-18 00:00:00+05:30,593.33,603.0,590.35,599.82,2126148
2024-12-19 00:00:00+05:30,584.83,603.27,584.77,597.6,852081
2024-12-20 00:00:00+05:30,597.6,609.93,569.33,586.2,2402604
2024-12-23 00:00:00+05:30,580.97,585.33,570.02,581.43,1001769
2024-12-24 00:00:00+05:30,576.6,580.0,566.12,578.83,1109139
2024-12-26 00:00:00+05:30,576.83,578.83,567.42,573.43,2879901
2024-12-27 00:00:00+05:30,578.67,585.67,571.52,582.85,1860681
2024-12-30 00:00:00+05:30,581.67,594.83,571.93,591.27,418839
2024-12-31 00:00:00+05:30,587.98,600.0,580.27,593.98,880551
2025-01-01 00:00:00+05:30,586.87,608.33,586.87,603.23,845361
2025-01-02 00:00:00+05:30,603.0,618.68,601.38,612.68,754530
2025-01-03 00:00:00+05:30,611.17,625.0,608.57,621.62,2510709
2025-01-06 00:00:00+05:30,623.0,634.0,607.67,619.12,1960917
2025-01-07 00:00:00+05:30,617.38,628.33,614.33,621.85,987075
2025-01-08 00:00:00+05:30,626.95,628.0,611.68,618.53,1903611
2025-01-09 00:00:00+05:30,614.98,623.83,612.02,619.48,964644
2025-01-10 00:00:00+05:30,622.98,622.98,596.67,604.93,1940754
2025-01-13 00:00:00+05:30,597.67,600.0,583.8,592.13,1470954
2025-01-14 00:00:00+05:30,599.67,609.33,593.38,608.82,1586763
2025-01-15 00:00:00+05:30,616.0,618.67,606.77,613.67,1466439
2025-01-16 00:00:00+05:30,618.0,622.27,611.67,619.07,1520778
2025-01-17 00:00:00+05:30,620.0,621.67,610.07,618.6,1672287
2025-01-20 00:00:00+05:30,616.65,618.9,604.57,607.03,984054
2025-01-21 00:00:00+05:30,612.63,624.47,602.23,611.25,2384856
2025-01-22 00:00:00+05:30,611.25,625.0,598.62,621.52,1892430
2025-01-23 00:00:00+05:30,621.68,635.33,608.32,620.42,2248950
2025-01-24 00:00:00+05:30,618.0,622.5,596.65,605.57,2614179
2025-01-27 00:00:00+05:30,605.57,616.67,574.33,606.02,3302316
2025-01-28 00:00:00+05:30,609.9,616.67,586.6,609.62,2567721
2025-01-29 00:00:00+05:30,614.7,623.0,604.0,617.27,2205048
2025-01-30 00:00:00+05:30,619.67,621.0,605.1,613.12,1847331
2025-01-31 00:00:00+05:30,611.73,618.33,600.02,608.2,2167422
2025-02-01 00:00:00+05:30,603.67,615.98,600.85,606.42,2724348
2025-02-03 00:00:00+05:30,599.92,613.32,589.0,600.0,3336861
2025-02-04 00:00:00+05:30,604.15,607.98,593.88,600.4,2296356
2025-02-05 00:00:00+05:30,603.33,605.0,592.38,600.87,4361301
2025-02-06 00:00:00+05:30,599.98,611.87,590.3,607.22,4940151
2025-02-07 00:00:00+05:30,607.22,619.33,593.52,616.45,2943675
2025-02-10 00:00:00+05:30,613.37,621.67,602.65,617.18,2079594
2025-02-11 00:00:00+05:30,620.2,620.33,602.02,608.52,1882215
2025-02-12 00:00:00+05:30,606.48,606.48,586.75,599.5,2254977
2025-02-13 00:00:00+05:30,599.0,613.33,593.55,606.92,2767902
2025-02-14 00:00:00+05:30,608.33,608.73,598.65,602.3,2209584
2025-02-17 00:00:00+05:30,596.68,600.98,566.68,593.97,3537876
2025-02-18 00:00:00+05:30,594.82,608.33,588.33,605.17,4410012
2025-02-19 00:00:00+05:30,606.7,610.0,599.23,608.13,870681
2025-02-20 00:00:00+05:30,609.33,619.9,606.7,619.4,2019852
2025-02-21 00:00:00+05:30,621.67,626.67,613.68,618.97,1881852
2025-02-24 00:00:00+05:30,615.0,615.0,605.83,609.38,1286232
2025-02-25 00:00:00+05:30,609.0,613.0,606.72,608.48,3302079
2025-02-27 00:00:00+05:30,609.87,615.23,602.33,604.2,1490649
2025-02-28 00:00:00+05:30,602.0,604.72,523.33,586.85,15186228
2025-03-03 00:00:00+05:30,580.33,587.45,564.47,583.17,3854940
2025-03-04 00:00:00+05:30,579.98,582.0,569.93,577.32,1889373
2025-03-05 00:00:00+05:30,575.0,589.97,575.0,586.72,2643276
2025-03-06 00:00:00+05:30,588.17,592.97,582.73,589.95,2542890
2025-03-07 00:00:00+05:30,588.83,588.98,580.15,583.22,1711248
2025-03-10 00:00:00+05:30,578.47,586.9,578.07,583.87,1800171
2025-03-11 00:00:00+05:30,580.0,585.65,578.0,581.42,1785177
2025-03-13 00:00:00+05:30,581.67,581.67,566.25,572.87,1575459
2025-03-17 00:00:00+05:30,573.4,579.95,572.0,575.02,849168
2025-03-18 00:00:00+05:30,576.02,584.92,574.38,580.48,842370
2025-03-19 00:00:00+05:30,582.32,588.97,577.5,582.67,1730862
2025-03-20 00:00:00+05:30,584.98,588.95,580.6,583.48,1876332
2025-03-21 00:00:00+05:30,582.73,591.67,581.68,587.02,1857861
2025-03-24 00:00:00+05:30,587.17,601.32,587.17,598.8,1747227
2025-03-25 00:00:00+05:30,599.0,602.3,586.0,591.6,1779057
2025-03-26 00:00:00+05:30,590.02,599.4,587.43,595.5,1094529
2025-03-27 00:00:00+05:30,594.7,598.23,589.38,594.57,2009646
2025-03-28 00:00:00+05:30,594.67,606.63,593.4,602.8,3371958
2025-04-01 00:00:00+05:30,601.67,605.6,591.33,600.57,1450620
2025-04-02 00:00:00+05:30,598.33,610.48,598.33,608.2,1956165
2025-04-03 00:00:00+05:30,605.33,628.33,605.32,626.25,4828746
2025-04-04 00:00:00+05:30,623.37,626.23,614.08,616.78,4688307
2025-04-07 00:00:00+05:30,601.73,608.12,580.5,591.82,2638569
2025-04-08 00:00:00+05:30,598.97,610.0,593.35,605.58,2181672
2025-04-09 00:00:00+05:30,603.33,608.48,600.57,603.87,1226652
2025-04-11 00:00:00+05:30,606.88,634.97,606.82,628.78,2499357
2025-04-15 00:00:00+05:30,637.87,646.63,627.3,644.43,2186514
2025-04-16 00:00:00+05:30,646.67,670.33,642.37,666.93,8263593
2025-04-17 00:00:00+05:30,668.17,669.0,655.8,657.7,5269704
2025-04-21 00:00:00+05:30,661.33,665.0,652.1,657.8,1659054
2025-04-22 00:00:00+05:30,657.37,663.0,653.67,655.33,6155892
2025-04-23 00:00:00+05:30,657.93,661.3,652.03,654.4,10420380
2025-04-24 00:00:00+05:30,654.27,660.33,636.67,656.2,2066037
2025-04-25 00:00:00+05:30,657.33,659.33,632.7,655.67,2164914
2025-04-28 00:00:00+05:30,655.0,657.53,642.3,643.9,2323713
2025-04-29 00:00:00+05:30,643.3,647.9,635.7,639.47,2092635
2025-04-30 00:00:00+05:30,637.33,643.67,633.17,635.33,978204
2025-05-02 00:00:00+05:30,635.67,637.93,620.67,623.0,1723671
2025-05-05 00:00:00+05:30,622.33,628.67,617.03,624.43,2823660
2025-05-06 00:00:00+05:30,626.67,627.6,612.07,616.9,1283520
2025-05-07 00:00:00+05:30,614.23,615.6,591.17,611.03,2047137
2025-05-08 00:00:00+05:30,613.37,617.9,593.33,599.67,1223604
2025-05-09 00:00:00+05:30,588.67,600.0,578.57,586.63,1457928
2025-05-12 00:00:00+05:30,595.0,612.97,591.2,606.3,4758075
2025-05-13 00:00:00+05:30,602.03,610.47,599.33,606.37,2595978
2025-05-14 00:00:00+05:30,609.97,611.0,592.03,594.43,3137241
2025-05-15 00:00:00+05:30,599.33,607.67,589.0,603.7,2564271
2025-05-16 00:00:00+05:30,608.0,609.67,583.9,595.0,6003825
2025-05-19 00:00:00+05:30,599.0,599.0,575.03,577.37,4501164
2025-05-20 00:00:00+05:30,580.73,581.47,567.33,568.93,2641080
2025-05-21 00:00:00+05:30,570.97,577.07,563.1,575.0,3111252
2025-05-22 00:00:00+05:30,574.97,574.97,565.5,570.43,1675068
2025-05-23 00:00:00+05:30,572.3,572.93,563.77,566.93,1851780
2025-05-26 00:00:00+05:30,569.77,581.07,568.33,579.97,1839168
2025-05-27 00:00:00+05:30,583.0,585.0,573.63,580.1,1649226
2025-05-28 00:00:00+05:30,580.1,584.67,575.17,582.33,1428114
2025-05-29 00:00:00+05:30,584.33,588.4,573.0,585.7,2511945
2025-05-30 00:00:00+05:30,582.67,582.67,549.03,557.1,4220214
2025-06-02 00:00:00+05:30,558.87,574.5,558.87,565.73,3009003
2025-06-03 00:00:00+05:30,573.33,574.97,561.0,562.9,1518441
2025-06-04 00:00:00+05:30,564.0,566.33,552.63,560.07,1947249
2025-06-05 00:00:00+05:30,559.0,563.33,555.27,560.53,1256583
2025-06-06 00:00:00+05:30,560.0,573.37,555.67,570.17,2592675
2025-06-09 00:00:00+05:30,571.77,572.73,564.13,566.9,794079
2025-06-10 00:00:00+05:30,568.33,569.67,562.67,563.33,953061
2025-06-11 00:00:00+05:30,566.0,566.0,555.97,558.23,1105968
2025-06-12 00:00:00+05:30,563.2,566.77,553.37,560.0,2533473
2025-06-13 00:00:00+05:30,556.03,559.27,554.43,557.67,509169
2025-06-16 00:00:00+05:30,558.0,561.2,555.83,560.0,583167
2025-06-17 00:00:00+05:30,560.0,562.1,550.43,552.6,4249833
2025-06-18 00:00:00+05:30,552.6,556.67,550.03,553.87,1668519
2025-06-19 00:00:00+05:30,555.3,557.0,540.33,545.2,2254428
2025-06-20 00:00:00+05:30,544.03,551.37,539.17,549.87,1752162
2025-06-23 00:00:00+05:30,546.67,547.17,537.93,538.3,2962773
2025-06-24 00:00:00+05:30,544.0,545.0,536.43,537.67,3341463
2025-06-25 00:00:00+05:30,540.9,547.93,538.33,544.37,3386763
2025-06-26 00:00:00+05:30,545.37,554.67,544.83,550.8,4276818
2025-06-27 00:00:00+05:30,552.67,557.3,542.17,549.23,2770161
2025-06-30 00:00:00+05:30,550.0,553.3,542.83,550.2,5592327
2025-07-01 00:00:00+05:30,548.0,552.37,541.7,543.03,2129982
2025-07-02 00:00:00+05:30,547.87,549.6,539.97,546.03,2414625
2025-07-03 00:00:00+05:30,546.03,555.3,541.87,553.73,7109295
2025-07-04 00:00:00+05:30,553.33,556.67,548.63,553.6,926250
2025-07-07 00:00:00+05:30,553.33,556.67,540.6,553.7,5263359
2025-07-08 00:00:00+05:30,551.67,557.23,543.03,546.07,6943287
2025-07-09 00:00:00+05:30,546.67,555.63,543.37,553.53,2114226
2025-07-10 00:00:00+05:30,552.77,557.07,551.13,554.53,1556079
2025-07-11 00:00:00+05:30,554.53,558.7,550.67,555.07,1302141
2025-07-14 00:00:00+05:30,556.1,559.67,552.7,557.9,1059135
2025-07-15 00:00:00+05:30,562.83,584.1,557.33,581.5,5813967
2025-07-16 00:00:00+05:30,581.67,624.43,581.53,619.87,15940632
2025-07-17 00:00:00+05:30,617.67,640.87,615.37,636.43,12175707
2025-07-18 00:00:00+05:30,634.67,651.5,631.37,647.23,5900490
2025-07-21 00:00:00+05:30,645.97,650.37,640.57,647.33,3264069
2025-07-22 00:00:00+05:30,649.0,653.93,645.0,647.33,1813209
2025-07-23 00:00:00+05:30,646.0,649.33,622.47,645.03,9561297
2025-07-24 00:00:00+05:30,645.03,646.03,630.0,632.83,1374150
2025-07-25 00:00:00+05:30,634.43,635.8,624.0,626.77,5045520
2025-07-28 00:00:00+05:30,629.33,629.33,607.67,620.43,2036781
2025-07-29 00:00:00+05:30,615.33,632.83,614.2,629.03,2374419
2025-07-30 00:00:00+05:30,633.0,638.93,627.67,633.3,3827943
2025-07-31 00:00:00+05:30,623.33,630.93,620.0,624.57,3248316
2025-08-01 00:00:00+05:30,623.2,631.87,616.67,620.33,976092
2025-08-04 00:00:00+05:30,623.67,623.67,617.03,620.33,529434
2025-08-05 00:00:00+05:30,619.67,620.93,605.7,611.13,905745
2025-08-06 00:00:00+05:30,611.63,614.63,601.4,608.0,1123704
2025-08-07 00:00:00+05:30,606.6,608.73,595.8,606.8,1002120
2025-08-08 00:00:00+05:30,606.67,609.2,584.77,601.57,906888
2025-08-11 00:00:00+05:30,602.17,604.17,591.67,594.43,600321
2025-08-12 00:00:00+05:30,591.67,608.5,590.5,606.43,1577970
2025-08-13 00:00:00+05:30,607.6,610.0,595.6,599.17,1685736
2025-08-14 00:00:00+05:30,602.0,602.0,585.17,588.27,1535868
2025-08-18 00:00:00+05:30,600.0,603.8,590.33,592.57,3805179
2025-08-19 00:00:00+05:30,588.37,601.2,588.37,596.6,1035678
2025-08-20 00:00:00+05:30,599.57,606.83,595.23,604.6,3308262
2025-08-21 00:00:00+05:30,606.67,610.77,597.0,602.9,1382856
2025-08-22 00:00:00+05:30,601.67,605.53,598.0,600.4,570960
2025-08-25 00:00:00+05:30,604.03,605.8,600.4,601.9,882306
2025-08-26 00:00:00+05:30,601.37,603.97,594.7,599.77,801201
2025-08-28 00:00:00+05:30,603.13,603.13,586.33,589.93,1714365
2025-08-29 00:00:00+05:30,593.33,598.8,590.43,592.53,692166
2025-09-01 00:00:00+05:30,597.97,601.0,591.9,597.93,657303
2025-09-02 00:00:00+05:30,601.33,605.0,597.4,601.6,941370
2025-09-03 00:00:00+05:30,603.67,607.33,598.27,605.5,1499586
2025-09-04 00:00:00+05:30,614.97,615.0,601.0,603.47,1616610
2025-09-05 00:00:00+05:30,602.33,605.37,593.87,596.4,982551
2025-09-08 00:00:00+05:30,598.3,600.97,596.67,599.33,412254
2025-09-09 00:00:00+05:30,600.67,602.63,596.67,600.7,689235
2025-09-10 00:00:00+05:30,603.33,603.33,596.0,600.67,858057
2025-09-11 00:00:00+05:30,602.7,603.5,589.5,598.9,2427699
2025-09-12 00:00:00+05:30,598.8,602.0,585.6,592.7,1047249
2025-09-15 00:00:00+05:30,590.6,601.9,589.5,599.0,815908
2025-09-16 00:00:00+05:30,599.0,601.7,595.5,600.3,496016
2025-09-17 00:00:00+05:30,600.0,604.4,595.7,602.3,1274555
2025-09-18 00:00:00+05:30,602.3,607.0,600.2,606.0,1437044
2025-09-19 00:00:00+05:30,607.0,614.9,605.9,608.9,1423136
2025-09-22 00:00:00+05:30,608.0,608.1,592.1,597.4,1043197
2025-09-23 00:00:00+05:30,596.5,603.3,596.5,599.8,2129544
2025-09-24 00:00:00+05:30,600.0,605.8,596.0,600.8,595726
2025-09-25 00:00:00+05:30,600.0,604.6,597.0,600.0,648680
2025-09-26 00:00:00+05:30,596.6,598.9,586.7,589.0,450394
2025-09-29 00:00:00+05:30,590.0,603.1,587.8,597.1,615370
2025-09-30 00:00:00+05:30,597.2,600.9,570.0,575.8,1252621
2025-10-01 00:00:00+05:30,575.8,584.35,567.8,580.95,833268
2025-10-03 00:00:00+05:30,576.1,591.05,576.1,588.45,730453
2025-10-06 00:00:00+05:30,587.0,600.95,583.5,597.55,902590
2025-10-07 00:00:00+05:30,599.0,603.0,591.0,597.25,413182
2025-10-08 00:00:00+05:30,596.95,599.9,593.1,598.2,185683
2025-10-09 00:00:00+05:30,597.0,600.5,591.6,594.55,793782
2025-10-10 00:00:00+05:30,592.0,598.35,589.0,594.1,295918
2025-10-13 00:00:00+05:30,590.0,594.05,581.85,589.8,553234
2025-10-14 00:00:00+05:30,587.8,591.0,576.95,583.6,383700
2025-10-15 00:00:00+05:30,583.0,589.35,580.1,584.6,556159
2025-10-16 00:00:00+05:30,584.6,593.45,583.1,589.85,590961
2025-10-17 00:00:00+05:30,587.2,596.2,584.1,587.85,1918582
2025-10-20 00:00:00+05:30,591.3,594.0,587.0,590.25,254332
2025-10-21 00:00:00+05:30,593.0,594.15,587.1,588.7,88692
2025-10-23 00:00:00+05:30,588.75,598.35,585.8,593.6,1826678
2025-10-24 00:00:00+05:30,591.65,596.0,579.0,580.95,540478
2025-10-27 00:00:00+05:30,582.9,591.65,581.4,590.5,629426
2025-10-28 00:00:00+05:30,590.5,595.7,588.7,593.65,656009
2025-10-29 00:00:00+05:30,593.0,606.95,592.0,604.7,1773586
2025-10-30 00:00:00+05:30,605.05,613.4,603.25,609.55,1000569
2025-10-31 00:00:00+05:30,612.8,614.05,601.35,602.4,707902
2025-11-03 00:00:00+05:30,606.95,606.95,565.05,578.15,9149046
2025-11-04 00:00:00+05:30,582.05,582.5,572.05,575.55,1205332
2025-11-06 00:00:00+05:30,576.0,582.6,567.25,573.0,1036633
2025-11-07 00:00:00+05:30,573.3,580.0,565.8,578.9,952756
2025-11-10 00:00:00+05:30,579.95,584.4,576.7,580.0,1155667
2025-11-11 00:00:00+05:30,580.95,583.7,574.4,581.3,402988
2025-11-12 00:00:00+05:30,586.0,589.9,580.25,588.3,882672
2025-11-13 00:00:00+05:30,588.3,593.9,584.2,590.45,1688646
2025-11-14 00:00:00+05:30,589.5,592.75,581.5,587.8,488732
2025-11-17 00:00:00+05:30,587.8,590.5,584.65,586.9,1391118
2025-11-18 00:00:00+05:30,593.0,594.95,582.0,587.05,2112668
2025-11-19 00:00:00+05:30,585.0,589.95,578.65,582.9,468012
2025-11-20 00:00:00+05:30,581.3,586.55,579.5,581.8,524362
2025-11-21 00:00:00+05:30,582.6,583.7,575.0,579.3,745872
2025-11-24 00:00:00+05:30,579.3,580.45,568.0,569.75,439901
2025-11-25 00:00:00+05:30,568.05,571.5,565.55,569.35,680112
2025-11-26 00:00:00+05:30,568.0,575.4,567.55,569.65,1058621
2025-11-27 00:00:00+05:30,569.95,573.9,565.1,569.45,377745
2025-11-28 00:00:00+05:30,567.5,570.25,565.6,568.15,360701
2025-12-01 00:00:00+05:30,568.15,570.8,562.8,567.85,553676
2025-12-02 00:00:00+05:30,565.1,568.85,561.9,563.35,510611
2025-12-03 00:00:00+05:30,560.9,564.25,551.8,555.15,1166556
2025-12-04 00:00:00+05:30,552.0,558.35,521.0,528.75,1644469
2025-12-05 00:00:00+05:30,527.45,555.15,522.65,550.8,5471238
2025-12-08 00:00:00+05:30,552.9,556.9,542.0,547.85,1967581
2025-12-09 00:00:00+05:30,547.85,548.4,536.15,539.0,7237663
2025-12-10 00:00:00+05:30,537.0,541.7,526.45,528.75,2745190
2025-12-11 00:00:00+05:30,528.75,536.85,526.45,534.05,2804718
2025-12-12 00:00:00+05:30,534.0,539.4,530.0,536.85,4415565
2025-12-15 00:00:00+05:30,537.9,537.9,529.05,529.75,2829489
2025-12-16 00:00:00+05:30,530.95,540.15,529.0,537.85,6005311
2025-12-17 00:00:00+05:30,539.0,549.15,528.0,543.9,7343684
2025-12-18 00:00:00+05:30,543.8,562.4,541.1,550.3,4286293
2025-12-19 00:00:00+05:30,554.45,566.65,547.75,559.4,1887014
2025-12-22 00:00:00+05:30,559.0,563.0,548.7,550.15,726265
2025-12-23 00:00:00+05:30,550.15,558.0,545.25,553.35,3784328
2025-12-24 00:00:00+05:30,552.05,554.7,540.65,547.2,1918838
2025-12-26 00:00:00+05:30,547.5,550.9,544.35,546.55,405275
2025-12-29 00:00:00+05:30,548.0,549.1,538.1,542.05,744255
2025-12-30 00:00:00+05:30,541.0,550.0,537.65,546.3,1301863
2025-12-31 00:00:00+05:30,543.75,547.75,529.45,545.5,1204710
2026-01-01 00:00:00+05:30,549.1,554.55,545.55,552.55,587559
2026-01-02 00:00:00+05:30,553.0,559.2,545.65,557.0,2959410
2026-01-05 00:00:00+05:30,557.0,574.9,556.2,572.95,2007552
2026-01-06 00:00:00+05:30,573.0,580.9,567.55,574.5,2151546
2026-01-07 00:00:00+05:30,577.0,582.35,571.95,576.45,2185044
2026-01-08 00:00:00+05:30,578.8,578.8,560.6,563.95,2850633
2026-01-09 00:00:00+05:30,560.0,564.2,547.95,551.15,1458762
2026-01-12 00:00:00+05:30,550.05,555.5,541.1,551.45,1081441
2026-01-13 00:00:00+05:30,551.95,552.95,541.05,543.85,743171
2026-01-14 00:00:00+05:30,542.05,545.9,541.05,543.55,496759
2026-01-16 00:00:00+05:30,543.0,544.95,518.0,521.6,1383796
2026-01-19 00:00:00+05:30,520.85,528.55,515.0,521.25,912310
2026-01-20 00:00:00+05:30,524.6,525.4,500.0,502.0,1898584
2026-01-21 00:00:00+05:30,501.0,510.15,493.25,505.0,6559276
2026-01-22 00:00:00+05:30,510.0,514.75,505.9,511.0,1031760
2026-01-23 00:00:00+05:30,513.0,515.65,504.9,511.5,3825228
2026-01-27 00:00:00+05:30,510.1,511.2,494.5,503.1,5253146
2026-01-28 00:00:00+05:30,505.0,509.1,492.65,505.75,5801369
2026-01-29 00:00:00+05:30,506.05,510.7,493.25,500.0,3505766
2026-01-30 00:00:00+05:30,500.0,504.9,495.2,500.4,3154894
2026-02-01 00:00:00+05:30,500.0,504.4,484.0,495.75,715707
2026-02-02 00:00:00+05:30,497.05,499.25,480.0,496.1,3620261
2026-02-03 00:00:00+05:30,515.0,515.0,500.0,505.95,1939120
2026-02-04 00:00:00+05:30,506.0,512.0,500.45,510.4,1039010
2026-02-05 00:00:00+05:30,511.0,517.0,500.9,515.5,2038927
2026-02-06 00:00:00+05:30,517.0,526.75,507.1,524.05,2288281
2026-02-09 00:00:00+05:30,528.0,534.95,501.75,531.55,15254059
2026-02-10 00:00:00+05:30,532.05,536.65,517.6,521.55,2795550
2026-02-11 00:00:00+05:30,524.4,526.5,518.0,521.75,2166386
2026-02-12 00:00:00+05:30,519.85,530.25,509.4,523.15,3753492
2026-02-13 00:00:00+05:30,520.0,523.95,511.8,521.25,3557112
2026-02-16 00:00:00+05:30,519.05,526.5,515.55,525.7,1260588
2026-02-17 00:00:00+05:30,524.9,535.95,521.85,530.2,1777456
2026-02-18 00:00:00+05:30,530.05,540.3,528.6,538.25,2103058
2026-02-19 00:00:00+05:30,538.25,538.9,526.1,532.95,1256192
2026-02-20 00:00:00+05:30,529.95,536.95,526.0,534.4,914955
2026-02-23 00:00:00+05:30,535.0,537.6,525.3,532.95,1836937
2026-02-24 00:00:00+05:30,530.0,532.8,518.8,522.4,1556379
2026-02-25 00:00:00+05:30,523.0,527.8,513.0,518.75,2476713
2026-02-26 00:00:00+05:30,516.65,519.55,504.1,516.95,4079114
2026-02-27 00:00:00+05:30,514.0,518.2,502.65,508.0,1817346
2026-03-02 00:00:00+05:30,500.0,505.5,496.05,502.8,1801918
2026-03-04 00:00:00+05:30,496.0,505.9,493.1,503.4,2283232
2026-03-05 00:00:00+05:30,506.0,508.85,497.5,499.8,2250312
2026-03-06 00:00:00+05:30,499.9,504.55,496.4,500.55,879648
2026-03-09 00:00:00+05:30,495.0,497.25,484.05,491.05,1891181
2026-03-10 00:00:00+05:30,497.0,504.0,491.6,500.1,1403136
2026-03-11 00:00:00+05:30,502.05,504.5,494.1,497.85,1081784
2026-03-12 00:00:00+05:30,494.0,494.55,487.2,490.6,1877473
2026-03-13 00:00:00+05:30,492.0,494.45,480.05,481.6,1946280
2026-03-16 00:00:00+05:30,484.85,487.0,476.45,483.8,1891383
2026-03-17 00:00:00+05:30,489.8,489.8,480.4,486.45,1422596
2026-03-18 00:00:00+05:30,488.0,493.05,484.15,490.15,796275
2026-03-19 00:00:00+05:30,483.5,485.8,472.05,474.3,959311
2026-03-20 00:00:00+05:30,478.0,482.45,472.75,474.6,1300103
2026-03-23 00:00:00+05:30,471.0,472.0,460.4,463.3,1603263
2026-03-24 00:00:00+05:30,473.05,476.25,464.2,472.8,1053615
2026-03-25 00:00:00+05:30,478.0,490.5,467.1,485.1,2614123
2026-03-27 00:00:00+05:30,484.95,485.0,472.0,476.45,1655613
2026-03-30 00:00:00+05:30,473.0,473.95,454.0,459.75,3158842
2026-04-01 00:00:00+05:30,473.8,478.0,465.2,470.1,1460492
2026-04-02 00:00:00+05:30,468.0,469.25,457.6,466.95,1979405
2026-04-06 00:00:00+05:30,469.0,473.55,461.5,471.7,1878287
2026-04-07 00:00:00+05:30,472.0,472.0,463.0,468.1,962590
2026-04-08 00:00:00+05:30,479.5,484.0,465.8,468.55,5346258
2026-04-09 00:00:00+05:30,469.8,470.05,456.8,459.7,1626345
2026-04-10 00:00:00+05:30,462.5,468.9,460.8,467.35,1135929
2026-04-13 00:00:00+05:30,459.9,461.95,450.6,460.1,1452733
2026-04-15 00:00:00+05:30,463.1,469.0,463.1,464.7,2716703
2026-04-16 00:00:00+05:30,470.0,470.35,460.65,464.95,945761
2026-04-17 00:00:00+05:30,464.95,473.7,463.55,468.3,2685076
2026-04-20 00:00:00+05:30,468.95,468.95,458.0,459.65,2341311
2026-04-21 00:00:00+05:30,460.05,469.9,458.8,468.1,5619268
2026-04-22 00:00:00+05:30,469.8,475.85,466.2,472.1,1656672
2026-04-23 00:00:00+05:30,471.9,472.4,466.65,469.25,758763
2026-04-24 00:00:00+05:30,472.0,472.0,456.15,462.95,2634632
2026-04-27 00:00:00+05:30,465.2,472.0,462.9,466.5,1626324
2026-04-28 00:00:00+05:30,468.9,468.9,461.1,463.85,1079986
2026-04-29 00:00:00+05:30,465.0,469.4,462.1,466.3,1582925
2026-04-30 00:00:00+05:30,465.2,465.9,455.5,459.45,1811550
2026-05-04 00:00:00+05:30,463.0,465.55,451.65,456.25,1372925
2026-05-05 00:00:00+05:30,456.25,458.3,451.7,457.2,1819346
2026-05-06 00:00:00+05:30,458.0,462.2,455.0,460.05,1862719
2026-05-07 00:00:00+05:30,461.0,461.95,456.15,460.35,1741424
2026-05-08 00:00:00+05:30,460.0,463.75,457.1,461.6,1284672
2026-05-11 00:00:00+05:30,460.6,460.8,451.05,454.1,1388143
2026-05-12 00:00:00+05:30,455.0,456.3,438.0,441.05,2725068
2026-05-13 00:00:00+05:30,443.5,449.5,440.15,446.65,4447600
2026-05-14 00:00:00+05:30,447.95,451.9,445.05,449.95,1495969
2026-05-15 00:00:00+05:30,453.0,469.4,448.3,459.85,7192210
2026-05-18 00:00:00+05:30,462.1,462.5,450.1,456.75,3139729
2026-05-19 00:00:00+05:30,456.95,477.65,456.75,471.1,6838707
2026-05-20 00:00:00+05:30,471.9,472.05,462.0,467.15,2208498
2026-05-21 00:00:00+05:30,470.5,471.5,460.5,463.25,2183232
2026-05-22 00:00:00+05:30,464.0,468.45,460.4,463.45,1314806
2026-05-25 00:00:00+05:30,469.35,470.4,463.5,468.45,2069309
2026-05-26 00:00:00+05:30,467.0,469.5,462.5,465.75,1730797
2026-05-27 00:00:00+05:30,465.95,466.75,452.0,454.75,1174899
2026-05-29 00:00:00+05:30,459.8,460.45,449.3,456.2,3322253
2026-06-01 00:00:00+05:30,457.45,460.6,444.65,449.25,3864370
2026-06-02 00:00:00+05:30,449.25,455.0,441.5,451.55,3878659
2026-06-03 00:00:00+05:30,451.0,451.75,430.35,441.65,6827656
2026-06-04 00:00:00+05:30,444.0,445.05,423.2,427.25,5421306
2026-06-05 00:00:00+05:30,425.0,429.25,408.15,420.45,5359917
2026-06-08 00:00:00+05:30,420.0,424.7,416.1,419.95,6882450
2026-06-09 00:00:00+05:30,422.95,425.4,420.1,422.05,1068516
2026-06-10 00:00:00+05:30,421.0,428.7,416.6,419.6,3020116
2026-06-11 00:00:00+05:30,419.6,423.5,413.75,419.1,4924164
2026-06-12 00:00:00+05:30,425.0,427.5,422.1,425.55,2390987
2026-06-15 00:00:00+05:30,435.0,435.05,423.4,425.7,1284383
2026-06-16 00:00:00+05:30,427.85,429.35,423.05,425.55,666560
2026-06-17 00:00:00+05:30,426.95,426.95,416.3,419.0,3265235
2026-06-18 00:00:00+05:30,421.0,427.3,419.0,424.2,2514438
2026-06-19 00:00:00+05:30,423.95,424.1,419.2,421.7,1950271
2026-06-22 00:00:00+05:30,425.0,425.0,416.7,418.25,1659660
2026-06-23 00:00:00+05:30,418.9,419.1,411.6,414.6,1307563
2026-06-24 00:00:00+05:30,417.7,418.8,410.35,414.2,2438885
2026-06-25 00:00:00+05:30,416.2,416.8,408.8,412.55,2591955
2026-06-29 00:00:00+05:30,413.45,414.5,407.5,412.6,4242453
2026-06-30 00:00:00+05:30,413.0,413.4,406.35,411.05,2820164
2026-07-01 00:00:00+05:30,411.0,415.7,410.15,413.2,1345571
2026-07-02 00:00:00+05:30,414.3,417.1,409.65,413.45,6457579
2026-07-03 00:00:00+05:30,415.0,416.7,411.9,413.95,1312796
2026-07-06 00:00:00+05:30,415.0,417.5,412.45,415.5,2057384
2026-07-07 00:00:00+05:30,415.5,416.5,410.85,414.5,870717
2026-07-08 00:00:00+05:30,414.4,414.4,407.0,409.3,1737228
2026-07-09 00:00:00+05:30,409.8,414.5,408.65,412.25,1589218
2026-07-10 00:00:00+05:30,413.25,415.05,411.5,413.8,1343933
2026-07-13 00:00:00+05:30,412.0,412.15,406.55,408.85,2030352
2026-07-14 00:00:00+05:30,408.85,409.55,405.85,407.55,2782224
2026-07-15 00:00:00+05:30,407.5,408.75,328.2,347.9,81422871
2026-07-16 00:00:00+05:30,353.2,359.1,343.35,347.25,14748859
2026-07-17 00:00:00+05:30,349.85,351.0,334.0,337.7,7624401
2026-07-20 00:00:00+05:30,339.9,342.6,335.05,339.2,6763591
2026-07-21 00:00:00+05:30,340.0,344.5,336.35,340.25,4238561
2026-07-22 00:00:00+05:30,341.4,341.9,334.0,336.15,3209073
2026-07-23 00:00:00+05:30,336.0,342.3,334.35,337.65,3955640
2026-07-24 00:00:00+05:30,336.35,342.9,330.8,340.95,5715863
2026-07-27 00:00:00+05:30,343.45,348.0,341.1,346.85,6854453
2026-07-28 00:00:00+05:30,348.05,349.3,340.85,342.95,7391469
2026-07-29 00:00:00+05:30,346.75,360.95,341.1,357.15,17753509
2026-07-30 00:00:00+05:30,357.35,361.8,354.35,356.35,5222468
2026-07-31 00:00:00+05:30,357.45,360.65,353.15,354.6,2716085
2026-08-03 00:00:00+05:30,358.0,365.5,352.5,364.0,5089623
2026-08-04 00:00:00+05:30,363.45,365.6,356.75,359.9,4508428
2026-08-05 00:00:00+05:30,360.9,360.9,351.95,357.0,2193791
2026-08-06 00:00:00+05:30,356.5,358.5,349.55,355.0,1987849
2026-08-07 00:00:00+05:30,352.95,357.5,351.1,357.5,2796734
2026-08-10 00:00:00+05:30,357.5,357.8,351.0,355.0,6705159
2026-08-11 00:00:00+05:30,355.0,362.9,348.4,353.0,8725259
2026-08-12 00:00:00+05:30,352.95,353.6,342.15,352.6,4146144
2026-08-13 00:00:00+05:30,351.5,354.0,346.9,353.85,1531460
2026-08-14 00:00:00+05:30,353.85,353.85,347.2,352.0,2464334
2026-08-17 00:00:00+05:30,357.0,358.6,347.0,353.9,7402930
2026-08-18 00:00:00+05:30,352.5,353.9,345.8,351.65,3890440
2026-08-19 00:00:00+05:30,351.65,356.2,348.1,350.95,1841471
2026-08-20 00:00:00+05:30,352.95,354.4,349.7,352.3,1623228
2026-08-21 00:00:00+05:30,352.3,352.45,345.4,348.0,1622889
