datetime,open,high,low,close,volume
2011-08-24 00:00:00+05:30,434.01,437.44,428.64,431.99,240291
2011-08-25 00:00:00+05:30,428.86,437.44,427.54,433.31,333316
2011-08-26 00:00:00+05:30,432.56,436.44,417.6,424.44,246778
2011-08-29 00:00:00+05:30,425.06,434.6,424.06,431.27,307195
2011-08-30 00:00:00+05:30,432.54,444.94,429.53,440.2,191977
2011-09-02 00:00:00+05:30,446.19,447.43,430.08,432.59,243913
2011-09-05 00:00:00+05:30,433.01,433.01,425.33,431.6,390537
2011-09-06 00:00:00+05:30,431.02,432.37,424.61,426.18,317912
2011-09-07 00:00:00+05:30,429.98,433.71,426.55,430.8,290149
2011-09-08 00:00:00+05:30,433.04,437.96,431.52,433.16,173308
2011-09-09 00:00:00+05:30,432.02,433.58,421.63,423.89,200805
2011-09-12 00:00:00+05:30,420.83,422.03,415.12,417.92,252470
2011-09-13 00:00:00+05:30,418.15,428.96,413.62,422.0,258183
2011-09-14 00:00:00+05:30,425.53,425.53,415.12,421.23,188811
2011-09-15 00:00:00+05:30,425.31,427.54,420.09,424.19,210118
2011-09-16 00:00:00+05:30,421.58,433.46,421.58,432.39,657457
2011-09-19 00:00:00+05:30,427.54,428.34,423.57,426.8,146863
2011-09-20 00:00:00+05:30,425.31,437.39,423.67,435.6,145815
2011-09-21 00:00:00+05:30,435.6,447.43,433.16,446.39,222662
2011-09-22 00:00:00+05:30,434.18,438.98,420.58,424.64,318550
2011-09-23 00:00:00+05:30,425.56,428.74,418.64,425.23,415886
2011-09-26 00:00:00+05:30,425.23,426.55,414.12,420.36,249916
2011-09-27 00:00:00+05:30,421.08,427.54,421.08,425.11,150290
2011-09-28 00:00:00+05:30,431.02,431.02,403.88,414.32,366200
2011-09-29 00:00:00+05:30,416.46,430.03,407.66,427.52,329832
2011-09-30 00:00:00+05:30,424.56,425.41,409.62,416.48,618195
2011-10-03 00:00:00+05:30,411.46,414.59,404.18,410.91,343345
2011-10-04 00:00:00+05:30,407.68,417.05,405.3,413.1,257076
2011-10-05 00:00:00+05:30,410.89,416.51,405.99,410.99,201861
2011-10-07 00:00:00+05:30,415.12,425.9,415.12,416.03,392138
2011-10-10 00:00:00+05:30,416.03,422.52,410.19,411.78,326266
2011-10-11 00:00:00+05:30,416.51,422.57,412.16,413.0,387131
2011-10-12 00:00:00+05:30,418.45,447.43,417.23,420.91,235026
2011-10-13 00:00:00+05:30,421.63,422.95,411.29,416.11,229404
2011-10-14 00:00:00+05:30,419.42,424.91,415.61,419.99,183846
2011-10-17 00:00:00+05:30,418.1,421.43,409.65,410.24,179974
2011-10-18 00:00:00+05:30,404.18,408.38,399.75,405.57,311177
2011-10-19 00:00:00+05:30,408.16,415.04,404.18,414.02,379514
2011-10-20 00:00:00+05:30,410.14,412.51,400.7,403.21,278770
2011-10-21 00:00:00+05:30,406.59,410.14,403.18,409.0,187944
2011-10-24 00:00:00+05:30,415.12,417.55,404.68,406.22,512966
2011-10-25 00:00:00+05:30,411.64,421.08,406.17,417.15,426424
2011-10-26 00:00:00+05:30,419.59,421.58,415.61,416.98,28101
2011-10-28 00:00:00+05:30,422.55,436.19,421.55,423.49,262934
2011-10-31 00:00:00+05:30,424.04,433.66,423.84,425.01,302480
2011-11-01 00:00:00+05:30,425.06,430.03,416.63,419.91,173390
2011-11-02 00:00:00+05:30,417.6,426.05,417.1,423.91,128458
2011-11-03 00:00:00+05:30,420.66,427.54,416.16,425.36,256551
2011-11-04 00:00:00+05:30,425.06,432.02,425.06,428.51,234003
2011-11-08 00:00:00+05:30,427.05,429.86,419.76,422.95,165509
2011-11-09 00:00:00+05:30,423.34,425.03,411.14,412.78,276715
2011-11-11 00:00:00+05:30,410.14,414.99,408.16,412.31,240409
2011-11-14 00:00:00+05:30,413.25,417.1,404.18,405.77,189408
2011-11-15 00:00:00+05:30,405.77,406.17,385.29,392.07,471173
2011-11-16 00:00:00+05:30,388.77,390.76,367.94,372.76,660879
2011-11-17 00:00:00+05:30,371.86,371.86,355.46,358.79,475031
2011-11-18 00:00:00+05:30,356.45,367.79,349.0,363.49,367489
2011-11-21 00:00:00+05:30,363.91,367.86,356.15,358.42,383478
2011-11-22 00:00:00+05:30,362.87,365.4,344.62,347.78,880723
2011-11-23 00:00:00+05:30,347.5,347.5,329.56,339.3,793138
2011-11-24 00:00:00+05:30,338.8,346.39,324.14,341.12,678946
2011-11-25 00:00:00+05:30,337.81,347.26,332.09,342.58,286436
2011-11-28 00:00:00+05:30,350.44,356.53,338.16,350.98,657576
2011-11-29 00:00:00+05:30,352.97,353.82,343.53,346.51,732486
2011-11-30 00:00:00+05:30,346.51,348.7,334.08,342.51,632384
2011-12-01 00:00:00+05:30,350.49,354.46,345.52,348.4,423652
2011-12-02 00:00:00+05:30,347.01,362.92,346.78,359.66,318276
2011-12-05 00:00:00+05:30,360.38,365.4,352.97,357.07,279231
2011-12-07 00:00:00+05:30,357.94,362.42,355.46,361.7,185345
2011-12-08 00:00:00+05:30,358.94,359.36,350.51,352.87,267737
2011-12-09 00:00:00+05:30,350.14,356.48,338.08,343.35,594228
2011-12-12 00:00:00+05:30,348.0,348.0,334.25,338.13,630230
2011-12-13 00:00:00+05:30,338.06,343.03,327.92,339.25,514024
2011-12-14 00:00:00+05:30,334.7,337.96,330.95,332.96,240307
2011-12-15 00:00:00+05:30,330.6,337.76,328.71,332.39,423290
2011-12-16 00:00:00+05:30,332.09,338.06,319.34,322.82,577412
2011-12-19 00:00:00+05:30,321.88,322.65,317.18,320.09,474685
2011-12-20 00:00:00+05:30,319.69,322.6,311.56,313.37,316981
2011-12-21 00:00:00+05:30,318.2,327.62,315.69,325.16,322074
2011-12-22 00:00:00+05:30,326.08,329.98,318.67,322.99,336973
2011-12-23 00:00:00+05:30,323.14,330.6,322.12,327.07,386222
2011-12-26 00:00:00+05:30,327.62,333.48,323.19,324.71,384943
2011-12-27 00:00:00+05:30,324.64,332.79,321.2,330.87,223744
2011-12-28 00:00:00+05:30,332.84,335.57,325.41,326.55,267009
2011-12-29 00:00:00+05:30,326.13,326.13,314.54,317.38,430771
2011-12-30 00:00:00+05:30,318.17,324.09,317.67,319.17,308084
2012-01-02 00:00:00+05:30,321.43,323.14,314.07,317.25,117109
2012-01-03 00:00:00+05:30,320.61,333.09,318.17,331.62,545741
2012-01-04 00:00:00+05:30,332.59,334.55,326.28,330.35,279106
2012-01-05 00:00:00+05:30,328.16,331.6,325.63,328.34,314221
2012-01-06 00:00:00+05:30,328.12,333.86,321.7,331.69,257734
2012-01-07 00:00:00+05:30,332.09,334.4,329.21,332.34,23007
2012-01-09 00:00:00+05:30,333.53,339.5,332.59,337.51,356559
2012-01-10 00:00:00+05:30,338.56,353.47,338.56,351.56,265965
2012-01-11 00:00:00+05:30,350.96,354.31,347.33,350.21,135681
2012-01-12 00:00:00+05:30,351.48,367.69,348.75,356.58,287241
2012-01-13 00:00:00+05:30,362.32,362.37,351.98,359.34,280953
2012-01-16 00:00:00+05:30,358.34,361.1,355.71,358.54,236624
2012-01-17 00:00:00+05:30,359.73,375.59,359.73,373.21,336337
2012-01-18 00:00:00+05:30,374.27,376.09,365.77,370.72,286575
2012-01-19 00:00:00+05:30,372.86,375.34,366.92,370.27,287860
2012-01-20 00:00:00+05:30,369.38,378.62,369.33,374.72,445444
2012-01-23 00:00:00+05:30,374.13,377.78,370.89,372.78,149391
2012-01-24 00:00:00+05:30,372.78,381.81,367.14,379.2,927168
2012-01-25 00:00:00+05:30,381.81,382.8,372.46,374.15,550613
2012-01-27 00:00:00+05:30,377.73,377.73,369.48,374.7,375803
2012-01-30 00:00:00+05:30,371.37,375.79,365.65,368.53,372584
2012-01-31 00:00:00+05:30,367.89,369.33,352.4,363.54,1718376
2012-02-01 00:00:00+05:30,356.95,365.87,354.91,363.76,504602
2012-02-02 00:00:00+05:30,365.4,367.41,357.94,364.13,364987
2012-02-03 00:00:00+05:30,363.41,373.85,363.41,372.83,586685
2012-02-06 00:00:00+05:30,375.32,389.56,373.85,387.32,1047371
2012-02-07 00:00:00+05:30,387.77,392.74,382.83,386.21,334175
2012-02-08 00:00:00+05:30,387.77,391.63,382.68,390.31,291372
2012-02-09 00:00:00+05:30,391.65,399.36,387.92,398.29,378800
2012-02-10 00:00:00+05:30,398.21,398.21,387.82,392.92,294633
2012-02-13 00:00:00+05:30,393.24,403.13,387.95,400.52,298119
2012-02-14 00:00:00+05:30,399.41,399.41,391.18,393.04,203321
2012-02-15 00:00:00+05:30,396.2,399.9,393.74,397.19,162969
2012-02-16 00:00:00+05:30,397.07,399.68,387.75,397.44,115321
2012-02-17 00:00:00+05:30,398.21,417.5,394.24,408.53,534189
2012-02-21 00:00:00+05:30,409.25,417.1,409.17,411.26,345248
2012-02-22 00:00:00+05:30,412.58,415.02,397.72,401.94,345170
2012-02-23 00:00:00+05:30,401.69,410.14,397.81,404.2,664850
2012-02-24 00:00:00+05:30,397.72,408.65,391.25,393.79,336756
2012-02-27 00:00:00+05:30,392.74,396.72,373.9,384.49,366530
2012-02-28 00:00:00+05:30,386.78,405.64,381.86,403.43,393019
2012-02-29 00:00:00+05:30,405.17,409.6,392.74,395.85,202306
2012-03-01 00:00:00+05:30,393.24,406.17,388.82,404.0,258448
2012-03-02 00:00:00+05:30,404.03,409.15,392.74,395.6,302898
2012-03-03 00:00:00+05:30,392.25,399.7,392.25,393.96,24691
2012-03-05 00:00:00+05:30,393.24,395.73,369.33,381.01,304503
2012-03-06 00:00:00+05:30,380.32,395.03,377.85,390.85,350367
2012-03-07 00:00:00+05:30,390.26,396.2,385.78,392.67,201344
2012-03-09 00:00:00+05:30,392.72,401.54,389.24,392.32,327209
2012-03-12 00:00:00+05:30,397.72,403.68,392.74,401.57,338288
2012-03-13 00:00:00+05:30,404.65,407.36,398.86,400.92,347060
2012-03-14 00:00:00+05:30,403.18,406.69,400.72,403.03,242849
2012-03-15 00:00:00+05:30,402.69,403.68,393.02,399.28,269310
2012-03-16 00:00:00+05:30,397.72,405.17,379.02,383.87,423153
2012-03-19 00:00:00+05:30,385.24,389.34,374.9,385.24,277980
2012-03-20 00:00:00+05:30,387.08,392.2,381.81,389.64,310840
2012-03-21 00:00:00+05:30,389.86,403.53,384.84,398.41,321042
2012-03-22 00:00:00+05:30,397.72,404.68,383.84,391.55,405295
2012-03-23 00:00:00+05:30,392.74,393.86,383.97,387.08,236487
2012-03-26 00:00:00+05:30,387.28,388.77,378.45,380.79,234789
2012-03-27 00:00:00+05:30,388.52,390.23,375.17,378.23,337816
2012-03-28 00:00:00+05:30,379.84,385.29,375.34,382.85,181233
2012-03-29 00:00:00+05:30,382.8,382.8,365.75,370.6,540723
2012-03-30 00:00:00+05:30,370.7,378.72,366.17,377.58,398195
2012-04-02 00:00:00+05:30,373.43,386.26,373.43,383.72,240950
2012-04-03 00:00:00+05:30,385.29,394.63,383.77,392.15,205773
2012-04-04 00:00:00+05:30,389.98,394.24,387.82,391.48,207145
2012-04-09 00:00:00+05:30,391.63,392.47,380.32,383.0,281731
2012-04-10 00:00:00+05:30,380.41,390.76,380.27,388.49,218959
2012-04-11 00:00:00+05:30,385.78,387.77,380.32,383.0,206992
2012-04-12 00:00:00+05:30,383.97,394.73,383.3,392.12,223547
2012-04-13 00:00:00+05:30,392.3,406.17,391.35,393.27,371878
2012-04-16 00:00:00+05:30,390.38,402.19,388.67,399.26,228362
2012-04-17 00:00:00+05:30,397.22,407.16,394.24,404.15,314315
2012-04-18 00:00:00+05:30,407.66,417.6,406.84,412.85,595584
2012-04-19 00:00:00+05:30,408.7,413.82,406.71,412.6,258096
2012-04-20 00:00:00+05:30,409.7,413.45,401.87,403.13,229382
2012-04-23 00:00:00+05:30,400.5,404.65,390.58,392.17,139426
2012-04-24 00:00:00+05:30,393.74,400.2,392.02,395.75,336261
2012-04-25 00:00:00+05:30,396.22,396.22,384.29,387.03,420951
2012-04-26 00:00:00+05:30,385.19,387.77,379.32,384.39,284676
2012-04-27 00:00:00+05:30,387.77,397.69,385.19,390.9,769427
2012-04-28 00:00:00+05:30,395.23,396.72,386.28,387.37,83483
2012-04-30 00:00:00+05:30,388.27,390.26,383.1,385.11,292529
2012-05-02 00:00:00+05:30,384.57,385.19,378.48,381.11,361243
2012-05-03 00:00:00+05:30,378.72,385.04,373.83,380.59,336299
2012-05-04 00:00:00+05:30,376.88,382.43,370.4,372.51,257652
2012-05-07 00:00:00+05:30,367.89,382.8,362.94,378.1,430692
2012-05-08 00:00:00+05:30,377.43,385.29,359.91,362.84,447486
2012-05-09 00:00:00+05:30,359.46,364.31,349.99,356.38,540757
2012-05-10 00:00:00+05:30,352.97,361.92,352.97,357.77,557102
2012-05-11 00:00:00+05:30,354.51,357.84,348.5,352.25,247319
2012-05-14 00:00:00+05:30,350.49,357.02,347.5,354.66,254606
2012-05-15 00:00:00+05:30,350.98,362.92,349.12,359.93,198977
2012-05-16 00:00:00+05:30,352.97,355.96,348.5,351.68,332302
2012-05-17 00:00:00+05:30,352.97,357.42,338.68,343.43,353914
2012-05-18 00:00:00+05:30,339.5,347.5,330.85,343.68,341143
2012-05-21 00:00:00+05:30,343.58,349.96,340.54,340.64,294571
2012-05-22 00:00:00+05:30,342.13,347.5,331.25,333.51,176896
2012-05-23 00:00:00+05:30,332.54,335.27,328.66,332.29,274343
2012-05-24 00:00:00+05:30,332.69,340.54,331.22,339.18,138918
2012-05-25 00:00:00+05:30,338.85,346.01,334.65,342.81,282918
2012-05-28 00:00:00+05:30,340.07,349.29,340.07,341.36,273178
2012-05-29 00:00:00+05:30,345.17,345.86,335.62,337.44,309387
2012-05-30 00:00:00+05:30,333.63,336.57,329.21,330.2,169046
2012-05-31 00:00:00+05:30,328.61,340.05,323.14,336.84,454333
2012-06-01 00:00:00+05:30,334.13,338.7,318.17,320.38,345976
2012-06-04 00:00:00+05:30,318.12,335.57,313.18,330.38,258336
2012-06-05 00:00:00+05:30,333.11,336.86,321.15,322.55,288741
2012-06-06 00:00:00+05:30,327.02,335.08,324.73,331.45,448643
2012-06-07 00:00:00+05:30,332.64,337.06,325.63,332.99,482575
2012-06-08 00:00:00+05:30,331.4,339.03,328.66,334.63,515255
2012-06-11 00:00:00+05:30,336.07,346.21,335.97,338.83,359001
2012-06-12 00:00:00+05:30,338.06,340.92,332.32,339.7,499047
2012-06-13 00:00:00+05:30,340.15,347.01,338.06,345.89,422163
2012-06-14 00:00:00+05:30,345.52,351.58,343.13,344.94,501929
2012-06-15 00:00:00+05:30,347.4,349.0,342.98,346.71,265450
2012-06-18 00:00:00+05:30,348.5,350.49,334.08,338.6,267228
2012-06-19 00:00:00+05:30,338.56,347.7,338.56,346.76,182641
2012-06-20 00:00:00+05:30,344.2,355.31,340.54,352.52,378621
2012-06-21 00:00:00+05:30,352.08,359.93,351.95,358.47,265838
2012-06-22 00:00:00+05:30,356.95,359.41,352.0,355.36,216330
2012-06-25 00:00:00+05:30,358.64,360.38,345.02,347.75,161062
2012-06-26 00:00:00+05:30,348.22,354.96,346.04,352.3,134549
2012-06-27 00:00:00+05:30,353.59,356.95,350.49,351.21,145962
2012-06-28 00:00:00+05:30,351.61,358.79,351.61,355.53,169862
2012-06-29 00:00:00+05:30,356.45,367.89,356.45,364.85,475225
2012-07-02 00:00:00+05:30,365.03,369.63,363.91,366.92,195173
2012-07-03 00:00:00+05:30,365.9,369.85,365.9,367.69,157663
2012-07-04 00:00:00+05:30,369.83,369.83,363.41,364.85,187565
2012-07-05 00:00:00+05:30,364.9,369.8,364.41,366.89,222791
2012-07-06 00:00:00+05:30,366.89,366.89,361.42,364.58,98782
2012-07-09 00:00:00+05:30,361.92,364.41,356.58,358.89,104507
2012-07-10 00:00:00+05:30,358.94,366.79,354.76,365.18,275272
2012-07-11 00:00:00+05:30,364.41,365.05,356.7,357.79,218655
2012-07-12 00:00:00+05:30,355.96,359.44,349.0,350.41,383068
2012-07-13 00:00:00+05:30,353.22,354.24,345.14,346.96,248682
2012-07-16 00:00:00+05:30,349.0,351.41,344.12,346.66,195227
2012-07-17 00:00:00+05:30,350.34,350.34,340.59,343.97,206121
2012-07-18 00:00:00+05:30,341.54,342.53,338.16,340.67,240950
2012-07-19 00:00:00+05:30,343.2,349.37,342.13,345.09,307146
2012-07-20 00:00:00+05:30,343.38,348.35,340.54,340.92,125259
2012-07-23 00:00:00+05:30,338.65,341.17,328.12,331.47,206854
2012-07-24 00:00:00+05:30,329.66,333.83,329.36,331.84,164152
2012-07-25 00:00:00+05:30,329.61,332.59,326.13,328.89,123123
2012-07-26 00:00:00+05:30,329.16,330.65,322.65,323.39,390641
2012-07-27 00:00:00+05:30,325.63,333.56,323.77,324.88,221135
2012-07-30 00:00:00+05:30,327.12,337.56,325.68,335.65,480684
2012-07-31 00:00:00+05:30,335.57,340.05,331.92,338.73,218229
2012-08-01 00:00:00+05:30,339.05,340.97,333.61,335.87,196239
2012-08-02 00:00:00+05:30,335.08,337.14,331.15,332.19,419221
2012-08-03 00:00:00+05:30,331.1,335.82,327.64,333.76,362366
2012-08-06 00:00:00+05:30,338.06,339.38,332.84,334.9,569805
2012-08-07 00:00:00+05:30,334.53,337.81,331.82,335.62,678898
2012-08-08 00:00:00+05:30,336.07,338.53,330.65,332.19,643830
2012-08-09 00:00:00+05:30,333.09,334.33,323.39,328.24,961561
2012-08-10 00:00:00+05:30,326.87,330.1,323.64,327.69,702831
2012-08-13 00:00:00+05:30,321.15,335.57,318.17,333.14,1007620
2012-08-14 00:00:00+05:30,333.14,335.08,327.52,328.94,949717
2012-08-16 00:00:00+05:30,328.94,331.1,325.7,327.15,623308
2012-08-17 00:00:00+05:30,327.12,329.76,324.64,327.37,501668
2012-08-21 00:00:00+05:30,324.76,330.3,323.19,327.2,373047
2012-08-22 00:00:00+05:30,325.18,331.84,324.14,329.63,380115
2012-08-23 00:00:00+05:30,332.59,332.59,329.61,330.68,388479
2012-08-24 00:00:00+05:30,329.16,335.08,326.13,332.91,567504
2012-08-27 00:00:00+05:30,335.05,335.05,330.1,331.57,1072347
2012-08-28 00:00:00+05:30,330.6,337.49,327.32,335.4,195450
2012-08-29 00:00:00+05:30,335.62,338.06,333.88,335.57,317735
2012-08-30 00:00:00+05:30,331.2,342.53,331.2,340.17,704100
2012-08-31 00:00:00+05:30,340.05,341.26,334.83,337.09,306613
2012-09-03 00:00:00+05:30,340.05,340.05,329.61,331.12,307571
2012-09-04 00:00:00+05:30,329.11,334.48,328.19,333.11,104505
2012-09-05 00:00:00+05:30,331.17,336.17,327.64,330.63,161826
2012-09-06 00:00:00+05:30,328.14,334.08,327.12,332.99,143124
2012-09-07 00:00:00+05:30,336.91,338.53,334.33,337.54,152891
2012-09-08 00:00:00+05:30,335.57,338.53,328.12,336.67,13714
2012-09-10 00:00:00+05:30,336.67,339.9,331.2,335.3,274420
2012-09-11 00:00:00+05:30,336.02,348.35,334.55,347.01,871448
2012-09-12 00:00:00+05:30,335.57,340.99,333.58,337.69,3236004
2012-09-13 00:00:00+05:30,338.16,339.03,330.77,332.07,638161
2012-09-14 00:00:00+05:30,336.02,337.29,332.09,334.35,754106
2012-09-17 00:00:00+05:30,335.52,342.04,333.09,338.9,732993
2012-09-18 00:00:00+05:30,335.6,341.49,335.6,340.02,660426
2012-09-20 00:00:00+05:30,337.96,339.95,334.08,339.2,425651
2012-09-21 00:00:00+05:30,339.05,346.51,338.8,344.05,903708
2012-09-24 00:00:00+05:30,345.02,355.58,344.32,353.44,1263457
2012-09-25 00:00:00+05:30,354.96,357.84,346.11,347.65,674243
2012-09-26 00:00:00+05:30,346.36,351.08,344.32,348.8,549177
2012-09-27 00:00:00+05:30,349.84,352.43,347.68,349.99,634086
2012-09-28 00:00:00+05:30,352.85,354.49,350.51,352.5,288697
2012-10-01 00:00:00+05:30,349.57,354.41,349.57,352.95,230698
2012-10-03 00:00:00+05:30,352.48,368.36,351.85,367.27,1716630
2012-10-04 00:00:00+05:30,365.95,372.86,363.98,368.14,652668
2012-10-05 00:00:00+05:30,370.37,371.86,350.49,370.05,763672
2012-10-08 00:00:00+05:30,370.05,371.62,357.6,359.14,327754
2012-10-09 00:00:00+05:30,361.92,363.91,352.6,354.66,278857
2012-10-10 00:00:00+05:30,354.89,354.89,338.48,339.72,1378478
2012-10-11 00:00:00+05:30,341.04,345.86,340.2,341.74,1031108
2012-10-12 00:00:00+05:30,341.59,346.16,338.06,341.41,501543
2012-10-15 00:00:00+05:30,340.54,348.5,339.55,347.06,400134
2012-10-16 00:00:00+05:30,347.13,351.93,343.28,344.32,561427
2012-10-17 00:00:00+05:30,345.52,347.98,340.72,342.93,191496
2012-10-18 00:00:00+05:30,344.07,347.01,341.36,344.45,485105
2012-10-19 00:00:00+05:30,341.64,344.94,339.92,342.01,241377
2012-10-22 00:00:00+05:30,338.7,343.75,338.7,341.56,309747
2012-10-23 00:00:00+05:30,342.08,349.22,340.17,345.44,471642
2012-10-25 00:00:00+05:30,347.5,347.5,341.21,343.58,639217
2012-10-26 00:00:00+05:30,340.07,342.98,336.52,338.41,197422
2012-10-29 00:00:00+05:30,338.56,342.23,335.82,341.39,179282
2012-10-30 00:00:00+05:30,339.1,342.04,335.62,339.23,318505
2012-10-31 00:00:00+05:30,339.8,342.93,336.67,341.59,179896
2012-11-01 00:00:00+05:30,342.04,347.23,340.59,346.31,452865
2012-11-02 00:00:00+05:30,348.0,350.69,348.0,349.69,473949
2012-11-05 00:00:00+05:30,349.69,351.98,345.52,348.8,336510
2012-11-06 00:00:00+05:30,348.72,354.22,347.01,353.52,260759
2012-11-07 00:00:00+05:30,352.9,354.44,348.8,351.08,416495
2012-11-08 00:00:00+05:30,347.5,349.57,344.07,347.63,422272
2012-11-09 00:00:00+05:30,349.99,349.99,339.65,341.36,1004582
2012-11-12 00:00:00+05:30,341.79,344.12,334.53,335.45,693226
2012-11-13 00:00:00+05:30,335.08,338.56,335.08,337.73,64997
2012-11-15 00:00:00+05:30,334.58,338.85,329.86,334.55,649456
2012-11-16 00:00:00+05:30,332.34,337.06,331.6,333.06,499553
2012-11-19 00:00:00+05:30,333.58,335.57,331.62,332.84,222044
2012-11-20 00:00:00+05:30,335.08,335.52,331.17,332.54,742248
2012-11-21 00:00:00+05:30,335.05,335.05,330.1,331.67,328681
2012-11-22 00:00:00+05:30,333.04,333.88,323.17,327.49,672489
2012-11-23 00:00:00+05:30,324.14,332.56,322.65,327.67,730680
2012-11-26 00:00:00+05:30,328.12,331.94,323.96,331.02,391935
2012-11-27 00:00:00+05:30,331.02,336.82,329.26,335.12,505035
2012-11-29 00:00:00+05:30,335.57,340.05,331.15,332.86,777529
2012-11-30 00:00:00+05:30,333.24,336.77,332.09,333.38,394847
2012-12-03 00:00:00+05:30,333.58,338.53,333.09,336.07,404480
2012-12-04 00:00:00+05:30,336.62,340.27,336.12,338.43,238295
2012-12-05 00:00:00+05:30,339.3,341.79,337.06,339.77,243569
2012-12-06 00:00:00+05:30,341.39,341.44,333.98,339.0,200658
2012-12-07 00:00:00+05:30,340.22,343.03,337.06,339.2,359284
2012-12-10 00:00:00+05:30,339.55,341.51,335.62,336.52,175875
2012-12-11 00:00:00+05:30,338.56,340.05,334.33,336.79,200548
2012-12-12 00:00:00+05:30,339.05,341.04,334.68,340.02,146682
2012-12-13 00:00:00+05:30,342.21,347.26,341.14,341.79,892188
2012-12-14 00:00:00+05:30,345.47,345.47,336.57,338.38,232291
2012-12-17 00:00:00+05:30,338.06,339.75,332.49,332.86,216748
2012-12-18 00:00:00+05:30,334.08,335.52,331.1,333.06,356535
2012-12-19 00:00:00+05:30,334.43,336.32,331.6,332.59,505483
2012-12-20 00:00:00+05:30,332.59,335.0,331.22,332.66,226268
2012-12-21 00:00:00+05:30,331.1,332.02,326.67,327.82,213534
2012-12-24 00:00:00+05:30,329.61,331.92,327.34,328.86,202943
2012-12-26 00:00:00+05:30,329.71,333.56,329.13,332.27,193053
2012-12-27 00:00:00+05:30,335.08,335.08,329.01,330.53,353379
2012-12-28 00:00:00+05:30,331.1,334.58,326.25,332.49,176573
2012-12-31 00:00:00+05:30,333.09,334.33,331.25,331.97,104515
2013-01-01 00:00:00+05:30,334.58,336.22,332.34,335.12,151676
2013-01-02 00:00:00+05:30,336.57,342.91,335.35,342.11,409491
2013-01-03 00:00:00+05:30,343.03,345.52,340.57,344.1,295049
2013-01-04 00:00:00+05:30,345.86,345.86,340.54,343.97,201233
2013-01-07 00:00:00+05:30,345.37,345.52,338.65,339.57,221344
2013-01-08 00:00:00+05:30,341.04,341.04,336.07,338.16,113697
2013-01-09 00:00:00+05:30,339.05,341.04,335.62,336.57,173785
2013-01-10 00:00:00+05:30,338.06,338.88,336.09,337.01,144703
2013-01-11 00:00:00+05:30,337.01,337.01,325.63,326.52,321788
2013-01-14 00:00:00+05:30,328.84,331.79,327.12,330.45,185634
2013-01-15 00:00:00+05:30,330.45,331.92,327.12,328.69,402909
2013-01-16 00:00:00+05:30,326.45,334.78,324.71,325.73,622771
2013-01-17 00:00:00+05:30,326.03,328.96,323.19,324.04,274699
2013-01-18 00:00:00+05:30,325.08,328.02,323.59,326.45,238183
2013-01-21 00:00:00+05:30,326.62,328.34,324.64,327.05,91493
2013-01-22 00:00:00+05:30,326.62,328.56,321.15,322.52,210935
2013-01-23 00:00:00+05:30,322.55,324.04,318.22,320.86,189239
2013-01-24 00:00:00+05:30,318.97,322.05,315.84,316.8,155989
2013-01-25 00:00:00+05:30,316.68,320.51,314.19,318.92,169858
2013-01-28 00:00:00+05:30,319.22,321.08,316.23,317.87,155874
2013-01-29 00:00:00+05:30,318.17,320.66,317.67,318.94,134683
2013-01-30 00:00:00+05:30,319.29,321.65,316.68,320.73,188601
2013-01-31 00:00:00+05:30,318.79,329.11,318.74,326.35,1334062
2013-02-01 00:00:00+05:30,325.31,326.85,318.05,319.71,271066
2013-02-04 00:00:00+05:30,321.15,321.25,315.69,316.51,195879
2013-02-05 00:00:00+05:30,315.69,317.87,311.63,316.23,240983
2013-02-06 00:00:00+05:30,316.76,317.28,310.24,311.76,317357
2013-02-07 00:00:00+05:30,310.71,313.13,307.73,308.53,226367
2013-02-08 00:00:00+05:30,308.23,310.47,305.25,306.02,190597
2013-02-11 00:00:00+05:30,307.14,308.03,304.05,304.95,198840
2013-02-12 00:00:00+05:30,305.0,307.09,304.0,305.67,156474
2013-02-13 00:00:00+05:30,305.79,307.98,299.53,300.57,182637
2013-02-14 00:00:00+05:30,299.28,300.7,284.74,286.45,630341
2013-02-15 00:00:00+05:30,285.36,288.17,281.01,282.23,618799
2013-02-18 00:00:00+05:30,281.88,286.35,278.9,281.96,314076
2013-02-19 00:00:00+05:30,280.89,286.8,280.89,284.81,382947
2013-02-20 00:00:00+05:30,287.35,287.85,280.51,281.98,368256
2013-02-21 00:00:00+05:30,281.09,281.43,275.67,276.74,381666
2013-02-22 00:00:00+05:30,276.74,276.76,271.27,272.04,306662
2013-02-25 00:00:00+05:30,272.53,275.74,270.2,271.49,433633
2013-02-26 00:00:00+05:30,271.44,271.44,260.58,262.29,353457
2013-02-27 00:00:00+05:30,264.48,265.97,257.3,258.59,448309
2013-02-28 00:00:00+05:30,259.48,263.44,249.07,250.71,1052896
2013-03-01 00:00:00+05:30,248.82,254.44,245.59,246.19,380656
2013-03-04 00:00:00+05:30,246.09,248.55,239.8,243.45,544301
2013-03-05 00:00:00+05:30,243.23,250.81,242.11,248.9,537963
2013-03-06 00:00:00+05:30,250.68,257.47,250.68,256.08,480559
2013-03-07 00:00:00+05:30,256.65,259.41,254.54,257.32,309822
2013-03-08 00:00:00+05:30,257.02,266.44,254.71,265.03,437171
2013-03-11 00:00:00+05:30,265.13,284.12,265.13,279.67,1737392
2013-03-12 00:00:00+05:30,279.87,279.87,271.94,274.67,787072
2013-03-13 00:00:00+05:30,273.93,273.93,265.03,266.74,390398
2013-03-14 00:00:00+05:30,266.37,270.94,262.04,267.89,394608
2013-03-15 00:00:00+05:30,269.5,287.4,269.48,285.41,1867385
2013-03-18 00:00:00+05:30,281.71,292.69,280.39,289.93,1506246
2013-03-19 00:00:00+05:30,290.33,295.3,281.46,283.15,1019934
2013-03-20 00:00:00+05:30,281.46,286.48,277.53,279.64,487957
2013-03-21 00:00:00+05:30,280.89,285.36,268.46,270.79,472288
2013-03-22 00:00:00+05:30,269.45,277.9,267.29,274.95,561302
2013-03-25 00:00:00+05:30,278.9,280.39,273.18,275.74,452660
2013-03-26 00:00:00+05:30,275.42,275.47,260.03,262.14,536462
2013-03-28 00:00:00+05:30,260.5,277.98,255.83,272.76,1713164
2013-04-01 00:00:00+05:30,272.76,276.86,262.82,263.69,737219
2013-04-02 00:00:00+05:30,263.09,270.4,262.96,268.46,502275
2013-04-03 00:00:00+05:30,268.46,268.51,259.63,260.48,808639
2013-04-04 00:00:00+05:30,260.03,260.08,249.14,250.54,711426
2013-04-05 00:00:00+05:30,250.14,253.92,245.59,247.6,937825
2013-04-08 00:00:00+05:30,249.07,250.46,238.68,239.77,884645
2013-04-09 00:00:00+05:30,242.06,244.59,231.99,235.22,686230
2013-04-10 00:00:00+05:30,238.63,240.12,232.17,237.96,438036
2013-04-11 00:00:00+05:30,239.62,241.61,233.88,238.58,312344
2013-04-12 00:00:00+05:30,236.64,246.09,234.8,244.52,419673
2013-04-15 00:00:00+05:30,242.16,247.58,236.14,237.16,463001
2013-04-16 00:00:00+05:30,234.65,246.06,234.48,243.48,643826
2013-04-17 00:00:00+05:30,245.74,250.26,241.21,243.45,674103
2013-04-18 00:00:00+05:30,245.51,251.06,243.77,249.57,519946
2013-04-22 00:00:00+05:30,251.55,258.76,249.57,255.46,451702
2013-04-23 00:00:00+05:30,256.53,264.6,256.53,263.26,669028
2013-04-25 00:00:00+05:30,264.08,266.0,256.13,259.16,377555
2013-04-26 00:00:00+05:30,259.01,259.01,236.67,250.06,2895938
2013-04-29 00:00:00+05:30,253.05,269.25,249.19,265.43,2029788
2013-04-30 00:00:00+05:30,267.96,280.39,266.0,271.49,1551637
2013-05-02 00:00:00+05:30,269.3,273.83,266.15,269.03,457560
2013-05-03 00:00:00+05:30,267.61,281.53,264.21,278.5,1022577
2013-05-06 00:00:00+05:30,280.89,283.37,277.01,279.15,412925
2013-05-07 00:00:00+05:30,280.02,280.89,274.42,277.73,314281
2013-05-08 00:00:00+05:30,278.38,281.33,274.42,276.59,215557
2013-05-09 00:00:00+05:30,279.25,286.55,276.41,285.63,795132
2013-05-10 00:00:00+05:30,287.55,288.74,278.8,281.38,745380
2013-05-11 00:00:00+05:30,281.38,285.71,280.71,284.89,79558
2013-05-13 00:00:00+05:30,283.5,285.24,273.43,274.0,300074
2013-05-14 00:00:00+05:30,275.91,275.91,268.46,274.45,380538
2013-05-15 00:00:00+05:30,274.87,282.38,274.87,279.89,368169
2013-05-16 00:00:00+05:30,279.89,285.61,279.89,283.25,288518
2013-05-17 00:00:00+05:30,283.52,312.21,280.89,308.6,2548228
2013-05-20 00:00:00+05:30,308.73,311.71,295.8,298.26,1429670
2013-05-21 00:00:00+05:30,295.63,305.99,292.89,297.74,1073570
2013-05-22 00:00:00+05:30,300.6,303.75,291.87,294.09,460100
2013-05-23 00:00:00+05:30,291.65,292.72,280.17,284.09,556831
2013-05-24 00:00:00+05:30,287.57,293.34,276.74,285.68,598839
2013-05-27 00:00:00+05:30,285.88,293.27,283.55,290.33,401980
2013-05-28 00:00:00+05:30,290.03,299.18,287.85,293.94,763378
2013-05-29 00:00:00+05:30,292.32,295.05,287.4,290.21,432259
2013-05-30 00:00:00+05:30,287.2,297.99,285.86,295.78,1051239
2013-05-31 00:00:00+05:30,297.79,301.92,289.59,296.05,913230
2013-06-03 00:00:00+05:30,295.85,298.68,284.19,292.4,331950
2013-06-04 00:00:00+05:30,292.82,296.3,285.44,289.06,494476
2013-06-05 00:00:00+05:30,288.39,294.26,286.06,288.19,319789
2013-06-06 00:00:00+05:30,287.7,292.32,284.99,290.63,390859
2013-06-07 00:00:00+05:30,293.22,293.31,284.47,286.31,348273
2013-06-10 00:00:00+05:30,287.35,295.5,279.42,281.96,246804
2013-06-11 00:00:00+05:30,281.28,285.81,276.91,283.12,299591
2013-06-12 00:00:00+05:30,280.94,285.53,276.14,279.12,362722
2013-06-13 00:00:00+05:30,276.74,278.77,269.97,271.99,311457
2013-06-14 00:00:00+05:30,274.87,276.81,271.47,273.45,276538
2013-06-17 00:00:00+05:30,272.93,278.28,265.03,274.2,624181
2013-06-18 00:00:00+05:30,274.6,278.3,270.5,272.24,299736
2013-06-19 00:00:00+05:30,271.94,275.54,269.25,273.9,281486
2013-06-20 00:00:00+05:30,270.94,274.77,266.49,267.64,324775
2013-06-21 00:00:00+05:30,265.97,266.97,261.0,263.59,383118
2013-06-24 00:00:00+05:30,263.49,264.38,251.73,254.61,291724
2013-06-25 00:00:00+05:30,254.99,265.7,249.12,258.02,520797
2013-06-26 00:00:00+05:30,262.96,265.47,260.25,262.19,490789
2013-06-27 00:00:00+05:30,264.48,270.65,261.65,263.56,416441
2013-06-28 00:00:00+05:30,266.97,284.86,263.61,274.27,573323
2013-07-01 00:00:00+05:30,279.47,287.5,276.96,283.37,540268
2013-07-02 00:00:00+05:30,284.37,289.83,276.51,277.58,503661
2013-07-03 00:00:00+05:30,274.95,281.56,268.73,269.8,655036
2013-07-04 00:00:00+05:30,270.99,272.88,264.08,266.0,442510
2013-07-05 00:00:00+05:30,268.38,273.75,263.49,265.45,426036
2013-07-08 00:00:00+05:30,262.67,263.44,259.51,261.22,368692
2013-07-09 00:00:00+05:30,262.59,266.69,262.59,264.6,296166
2013-07-10 00:00:00+05:30,265.52,267.96,257.1,260.18,277429
2013-07-11 00:00:00+05:30,262.79,267.09,262.27,264.98,330763
2013-07-12 00:00:00+05:30,265.97,277.16,263.49,275.0,679186
2013-07-15 00:00:00+05:30,274.97,282.25,271.07,280.41,430565
2013-07-16 00:00:00+05:30,277.85,290.23,271.12,287.35,692011
2013-07-17 00:00:00+05:30,289.34,293.86,283.87,288.59,632521
2013-07-18 00:00:00+05:30,288.59,291.25,284.47,286.6,329188
2013-07-19 00:00:00+05:30,283.72,290.33,273.55,278.03,391663
2013-07-22 00:00:00+05:30,275.32,278.9,267.71,269.65,328162
2013-07-23 00:00:00+05:30,270.62,275.37,267.46,273.48,303781
2013-07-24 00:00:00+05:30,272.63,272.63,260.5,263.54,369124
2013-07-25 00:00:00+05:30,260.45,270.87,259.51,267.02,321338
2013-07-26 00:00:00+05:30,261.99,271.94,261.99,266.32,402598
2013-07-29 00:00:00+05:30,261.99,266.72,256.55,259.19,216404
2013-07-30 00:00:00+05:30,256.65,256.9,247.63,249.07,463355
2013-07-31 00:00:00+05:30,244.72,257.02,241.61,254.46,439875
2013-08-01 00:00:00+05:30,254.04,258.27,235.1,238.68,504433
2013-08-02 00:00:00+05:30,239.62,244.67,218.77,224.39,2039031
2013-08-05 00:00:00+05:30,222.32,223.69,215.44,218.35,486690
2013-08-06 00:00:00+05:30,216.8,218.35,209.4,211.68,695211
2013-08-07 00:00:00+05:30,212.83,225.7,210.84,223.17,514742
2013-08-08 00:00:00+05:30,221.85,230.13,221.08,224.73,371458
2013-08-12 00:00:00+05:30,229.68,231.77,219.74,226.3,353598
2013-08-13 00:00:00+05:30,226.28,231.64,223.22,225.08,414162
2013-08-14 00:00:00+05:30,223.71,225.43,218.74,219.24,502022
2013-08-16 00:00:00+05:30,217.25,218.47,211.11,212.73,467303
2013-08-19 00:00:00+05:30,210.79,218.25,208.3,215.16,388674
2013-08-20 00:00:00+05:30,212.78,222.97,210.96,219.66,508064
2013-08-21 00:00:00+05:30,221.43,226.05,214.29,220.36,882899
2013-08-22 00:00:00+05:30,218.74,226.08,216.88,223.57,559874
2013-08-23 00:00:00+05:30,223.76,234.65,219.96,224.19,699659
2013-08-26 00:00:00+05:30,227.05,227.69,218.92,221.85,455804
2013-08-27 00:00:00+05:30,218.74,221.73,214.22,218.84,671065
2013-08-28 00:00:00+05:30,216.16,216.75,205.82,212.58,691582
2013-08-29 00:00:00+05:30,211.78,220.73,211.09,212.21,515760
2013-08-30 00:00:00+05:30,213.03,218.25,206.31,215.11,700725
2013-09-02 00:00:00+05:30,214.62,217.25,210.59,212.93,480698
2013-09-03 00:00:00+05:30,214.67,217.6,206.81,208.55,473615
2013-09-04 00:00:00+05:30,208.3,220.73,206.99,213.52,719729
2013-09-05 00:00:00+05:30,216.26,218.25,213.9,215.91,599090
2013-09-06 00:00:00+05:30,216.75,223.71,216.31,219.12,1023076
2013-09-10 00:00:00+05:30,221.28,238.65,221.23,236.14,2720687
2013-09-11 00:00:00+05:30,235.1,282.87,231.22,254.94,4145503
2013-09-12 00:00:00+05:30,257.37,257.55,233.01,234.3,1959103
2013-09-13 00:00:00+05:30,237.09,241.07,234.06,238.33,1206176
2013-09-16 00:00:00+05:30,241.11,245.34,233.41,234.5,853632
2013-09-17 00:00:00+05:30,235.1,235.35,229.21,231.89,580258
2013-09-18 00:00:00+05:30,231.27,234.65,228.98,233.19,606832
2013-09-19 00:00:00+05:30,237.63,244.94,235.65,240.17,927844
2013-09-20 00:00:00+05:30,240.12,243.58,232.94,238.58,895491
2013-09-23 00:00:00+05:30,235.65,240.12,233.71,236.76,796407
2013-09-24 00:00:00+05:30,236.64,240.57,234.2,237.56,697345
2013-09-25 00:00:00+05:30,237.59,239.13,232.84,237.19,644393
2013-09-26 00:00:00+05:30,237.14,239.62,235.05,237.96,628659
2013-09-27 00:00:00+05:30,237.93,241.79,236.14,238.65,573162
2013-09-30 00:00:00+05:30,237.63,240.47,233.91,237.44,770936
2013-10-01 00:00:00+05:30,237.98,244.5,235.97,242.71,521660
2013-10-03 00:00:00+05:30,244.59,247.4,241.41,244.72,1064591
2013-10-04 00:00:00+05:30,243.1,250.56,243.1,246.58,870937
2013-10-07 00:00:00+05:30,246.09,253.54,245.54,252.7,707467
2013-10-08 00:00:00+05:30,253.54,254.99,245.64,247.03,346875
2013-10-09 00:00:00+05:30,244.59,252.13,244.1,250.31,287259
2013-10-10 00:00:00+05:30,250.06,257.52,249.07,255.38,552699
2013-10-11 00:00:00+05:30,258.42,258.51,250.11,253.27,410326
2013-10-14 00:00:00+05:30,253.27,256.03,250.09,251.06,235662
2013-10-15 00:00:00+05:30,252.08,254.34,246.58,250.16,549915
2013-10-17 00:00:00+05:30,251.06,256.0,248.62,250.14,424465
2013-10-18 00:00:00+05:30,250.56,261.0,250.06,259.29,724832
2013-10-21 00:00:00+05:30,259.56,269.45,257.02,268.38,635233
2013-10-22 00:00:00+05:30,266.02,279.02,266.02,276.98,625406
2013-10-23 00:00:00+05:30,277.9,278.5,266.27,270.47,777811
2013-10-24 00:00:00+05:30,269.45,274.37,267.24,270.69,300490
2013-10-25 00:00:00+05:30,270.45,275.37,263.66,264.73,432710
2013-10-28 00:00:00+05:30,266.02,269.8,261.0,261.42,269027
2013-10-29 00:00:00+05:30,258.64,274.92,258.64,271.69,468496
2013-10-30 00:00:00+05:30,273.93,278.35,269.45,275.99,247997
2013-10-31 00:00:00+05:30,276.06,293.31,271.54,289.41,841605
2013-11-01 00:00:00+05:30,289.46,296.82,285.36,293.51,749495
2013-11-03 00:00:00+05:30,293.56,295.73,291.38,293.12,55692
2013-11-05 00:00:00+05:30,289.83,291.8,284.17,284.79,326016
2013-11-06 00:00:00+05:30,285.11,303.13,285.11,292.22,1602548
2013-11-07 00:00:00+05:30,293.27,300.23,279.39,282.18,922039
2013-11-08 00:00:00+05:30,281.88,287.35,280.94,283.67,268427
2013-11-11 00:00:00+05:30,282.87,286.7,267.51,271.76,397645
2013-11-12 00:00:00+05:30,271.39,275.67,263.96,266.72,442685
2013-11-13 00:00:00+05:30,264.95,274.55,262.52,264.31,415278
2013-11-14 00:00:00+05:30,267.09,277.63,266.07,276.51,525830
2013-11-18 00:00:00+05:30,278.4,285.34,272.58,284.07,606040
2013-11-19 00:00:00+05:30,284.37,284.37,279.89,281.68,409716
2013-11-20 00:00:00+05:30,281.71,289.83,277.53,280.26,747001
2013-11-21 00:00:00+05:30,280.31,284.61,267.04,269.45,520481
2013-11-22 00:00:00+05:30,272.88,282.87,270.94,279.1,1105521
2013-11-25 00:00:00+05:30,281.58,301.67,275.94,299.21,2219055
2013-11-26 00:00:00+05:30,299.28,306.74,295.95,303.28,1695849
2013-11-27 00:00:00+05:30,303.21,306.74,294.51,296.17,996643
2013-11-28 00:00:00+05:30,297.32,308.63,296.3,305.42,1779778
2013-11-29 00:00:00+05:30,305.69,311.46,303.26,306.07,1524172
2013-12-02 00:00:00+05:30,305.74,309.02,300.85,302.81,766691
2013-12-03 00:00:00+05:30,301.32,305.0,299.55,300.6,552645
2013-12-04 00:00:00+05:30,299.28,307.09,296.94,300.95,905915
2013-12-05 00:00:00+05:30,305.74,312.21,302.76,308.45,1244732
2013-12-06 00:00:00+05:30,308.23,314.19,303.26,312.8,1074403
2013-12-09 00:00:00+05:30,318.17,324.09,312.75,322.0,2031048
2013-12-10 00:00:00+05:30,324.14,325.55,318.17,321.23,1715248
2013-12-11 00:00:00+05:30,320.66,328.61,318.22,323.54,1065538
2013-12-12 00:00:00+05:30,324.11,326.62,315.44,316.9,549786
2013-12-13 00:00:00+05:30,315.21,316.16,307.61,308.33,503631
2013-12-16 00:00:00+05:30,310.22,313.5,305.84,311.51,592325
2013-12-17 00:00:00+05:30,314.17,318.89,309.17,311.29,506067
2013-12-18 00:00:00+05:30,311.31,317.13,310.22,313.57,700238
2013-12-19 00:00:00+05:30,313.95,317.77,309.37,313.95,494183
2013-12-20 00:00:00+05:30,314.1,324.14,313.62,323.24,1401361
2013-12-23 00:00:00+05:30,325.53,335.08,323.27,331.55,1643691
2013-12-24 00:00:00+05:30,331.94,334.08,326.23,327.17,351313
2013-12-26 00:00:00+05:30,327.57,339.43,327.32,332.94,1258531
2013-12-27 00:00:00+05:30,333.09,336.42,328.61,329.61,456019
2013-12-30 00:00:00+05:30,329.95,337.29,325.83,328.04,300490
2013-12-31 00:00:00+05:30,330.43,332.44,325.63,329.68,276719
2014-01-01 00:00:00+05:30,331.02,334.28,328.12,330.05,449630
2014-01-02 00:00:00+05:30,329.61,332.76,313.37,317.5,360815
2014-01-03 00:00:00+05:30,313.2,318.1,310.71,312.98,683343
2014-01-06 00:00:00+05:30,313.2,316.53,309.75,310.96,480712
2014-01-07 00:00:00+05:30,310.27,313.92,308.23,310.52,350816
2014-01-08 00:00:00+05:30,310.71,316.98,310.71,313.72,560552
2014-01-09 00:00:00+05:30,313.2,316.53,300.82,302.61,585770
2014-01-10 00:00:00+05:30,302.26,306.14,293.36,296.72,455395
2014-01-13 00:00:00+05:30,295.8,298.24,293.59,295.23,475585
2014-01-14 00:00:00+05:30,295.2,303.26,295.01,302.09,399882
2014-01-15 00:00:00+05:30,303.18,305.47,295.8,302.44,624067
2014-01-16 00:00:00+05:30,302.88,305.25,299.03,299.95,461021
2014-01-17 00:00:00+05:30,298.78,301.89,291.7,293.69,676679
2014-01-20 00:00:00+05:30,293.41,296.3,289.41,293.14,272607
2014-01-21 00:00:00+05:30,297.02,300.27,294.21,295.15,307122
2014-01-22 00:00:00+05:30,295.15,298.09,293.34,295.8,283240
2014-01-23 00:00:00+05:30,295.7,302.76,294.31,297.04,530120
2014-01-24 00:00:00+05:30,295.8,297.54,285.88,287.72,286273
2014-01-27 00:00:00+05:30,284.86,284.86,266.27,267.64,571044
2014-01-28 00:00:00+05:30,267.66,271.44,259.76,261.99,494915
2014-01-29 00:00:00+05:30,263.98,269.63,263.54,268.38,474444
2014-01-30 00:00:00+05:30,265.43,271.07,255.03,266.94,1271875
2014-01-31 00:00:00+05:30,270.89,277.41,264.68,274.45,462192
2014-02-03 00:00:00+05:30,272.04,277.9,270.55,272.58,318783
2014-02-04 00:00:00+05:30,268.46,272.29,264.48,269.0,312342
2014-02-05 00:00:00+05:30,269.5,278.35,269.4,273.4,431535
2014-02-06 00:00:00+05:30,274.05,279.25,266.99,273.8,461402
2014-02-07 00:00:00+05:30,274.72,277.36,272.56,274.32,240797
2014-02-10 00:00:00+05:30,274.92,276.34,271.02,272.34,127243
2014-02-11 00:00:00+05:30,273.4,275.12,269.55,270.84,139752
2014-02-12 00:00:00+05:30,271.89,275.91,269.48,273.43,285096
2014-02-13 00:00:00+05:30,273.88,275.24,263.41,264.16,210060
2014-02-14 00:00:00+05:30,264.23,267.46,259.36,263.34,261445
2014-02-17 00:00:00+05:30,261.55,266.49,261.55,263.54,192286
2014-02-18 00:00:00+05:30,263.59,280.84,263.59,279.62,895702
2014-02-19 00:00:00+05:30,281.88,288.14,280.17,284.89,923823
2014-02-20 00:00:00+05:30,282.38,295.3,280.64,290.78,1114126
2014-02-21 00:00:00+05:30,292.72,292.72,286.93,290.78,324827
2014-02-24 00:00:00+05:30,290.78,295.75,289.83,293.12,458354
2014-02-25 00:00:00+05:30,294.36,295.8,290.08,291.08,245001
2014-02-26 00:00:00+05:30,290.83,304.58,290.08,300.5,1933772
2014-02-28 00:00:00+05:30,301.97,310.22,301.74,308.13,848247
2014-03-03 00:00:00+05:30,309.72,310.96,305.67,307.73,546729
2014-03-04 00:00:00+05:30,307.28,311.71,306.24,309.3,673272
2014-03-05 00:00:00+05:30,310.02,322.9,307.68,320.33,1504480
2014-03-06 00:00:00+05:30,320.71,329.58,320.66,323.37,1333557
2014-03-07 00:00:00+05:30,326.97,336.96,325.78,332.37,1421906
2014-03-10 00:00:00+05:30,332.59,346.76,328.31,345.09,2008179
2014-03-11 00:00:00+05:30,346.01,347.95,328.71,336.96,1087049
2014-03-12 00:00:00+05:30,334.08,342.86,331.1,333.21,658946
2014-03-13 00:00:00+05:30,332.14,340.54,328.89,331.05,1084949
2014-03-14 00:00:00+05:30,331.6,341.54,324.71,339.3,842038
2014-03-18 00:00:00+05:30,340.05,349.67,340.05,341.56,1068419
2014-03-19 00:00:00+05:30,343.58,345.99,338.06,340.07,408865
2014-03-20 00:00:00+05:30,339.55,346.01,335.15,340.05,496820
2014-03-21 00:00:00+05:30,341.12,343.4,339.0,341.41,995671
2014-03-22 00:00:00+05:30,342.33,342.46,340.39,341.24,43517
2014-03-24 00:00:00+05:30,341.04,347.01,341.04,344.92,496947
2014-03-25 00:00:00+05:30,344.52,358.66,343.13,354.39,1611125
2014-03-26 00:00:00+05:30,357.25,359.44,351.98,357.25,1094333
2014-03-27 00:00:00+05:30,356.95,363.64,355.01,361.15,988106
2014-03-28 00:00:00+05:30,361.67,376.84,355.53,372.88,1244171
2014-03-31 00:00:00+05:30,375.24,385.29,369.13,383.97,1120160
2014-04-01 00:00:00+05:30,384.22,384.29,362.42,367.86,1687147
2014-04-02 00:00:00+05:30,370.22,377.83,365.03,375.19,979942
2014-04-03 00:00:00+05:30,372.86,380.56,371.44,378.92,1108275
2014-04-04 00:00:00+05:30,377.51,377.83,368.91,370.1,389620
2014-04-07 00:00:00+05:30,373.36,379.27,368.63,372.01,561244
2014-04-09 00:00:00+05:30,373.4,380.44,373.36,376.51,652272
2014-04-10 00:00:00+05:30,377.33,385.96,375.52,378.35,688967
2014-04-11 00:00:00+05:30,377.33,379.25,371.86,377.58,376068
2014-04-15 00:00:00+05:30,375.59,378.82,369.53,375.97,469592
2014-04-16 00:00:00+05:30,375.34,380.51,362.27,365.5,340929
2014-04-17 00:00:00+05:30,366.49,378.8,362.99,376.09,643661
2014-04-21 00:00:00+05:30,375.84,383.25,374.55,377.56,400107
2014-04-22 00:00:00+05:30,378.58,385.24,375.57,376.59,434343
2014-04-23 00:00:00+05:30,375.57,380.69,369.88,371.32,393767
2014-04-25 00:00:00+05:30,372.88,378.7,365.4,367.96,863273
2014-04-28 00:00:00+05:30,381.76,381.76,363.46,370.57,995410
2014-04-29 00:00:00+05:30,370.37,370.37,353.64,356.2,790449
2014-04-30 00:00:00+05:30,358.34,361.27,340.82,345.12,713431
2014-05-02 00:00:00+05:30,348.0,351.48,340.97,343.82,698011
2014-05-05 00:00:00+05:30,347.38,347.38,334.58,335.77,588781
2014-05-06 00:00:00+05:30,335.82,337.56,330.35,332.91,581910
2014-05-07 00:00:00+05:30,331.15,340.54,331.15,335.22,698367
2014-05-08 00:00:00+05:30,335.72,339.45,327.49,331.87,875485
2014-05-09 00:00:00+05:30,328.61,360.33,328.61,357.3,1315605
2014-05-12 00:00:00+05:30,355.56,376.26,355.51,373.9,1180672
2014-05-13 00:00:00+05:30,373.85,388.72,373.85,384.57,814064
2014-05-14 00:00:00+05:30,387.77,396.47,385.56,394.56,796673
2014-05-15 00:00:00+05:30,390.76,410.74,390.76,407.96,1112734
2014-05-16 00:00:00+05:30,414.62,425.36,410.74,417.13,1024100
2014-05-19 00:00:00+05:30,419.49,467.27,419.17,463.86,1258072
2014-05-20 00:00:00+05:30,471.79,477.71,449.44,455.83,522615
2014-05-21 00:00:00+05:30,455.88,474.25,452.67,460.08,608005
2014-05-22 00:00:00+05:30,463.34,468.71,456.35,458.79,318940
2014-05-23 00:00:00+05:30,459.86,481.73,459.86,478.45,697295
2014-05-26 00:00:00+05:30,479.74,492.15,447.75,464.73,610660
2014-05-27 00:00:00+05:30,464.83,485.71,418.27,460.5,509874
2014-05-28 00:00:00+05:30,462.34,464.76,444.45,449.62,452265
2014-05-29 00:00:00+05:30,449.92,460.26,437.04,440.79,845801
2014-05-30 00:00:00+05:30,441.96,448.75,426.92,431.32,975740
2014-06-02 00:00:00+05:30,432.52,458.62,432.52,454.49,530991
2014-06-03 00:00:00+05:30,456.73,468.31,451.46,466.69,621593
2014-06-04 00:00:00+05:30,467.81,474.13,458.86,461.0,520065
2014-06-05 00:00:00+05:30,461.85,482.73,461.85,481.19,1024345
2014-06-06 00:00:00+05:30,482.23,487.7,471.79,481.31,1281556
2014-06-09 00:00:00+05:30,485.96,486.21,470.97,475.64,566011
2014-06-10 00:00:00+05:30,477.26,480.22,465.5,474.18,475995
2014-06-11 00:00:00+05:30,474.28,479.15,458.99,461.77,503146
2014-06-12 00:00:00+05:30,463.56,467.32,450.29,464.46,484461
2014-06-13 00:00:00+05:30,460.38,473.53,440.47,449.39,817208
2014-06-16 00:00:00+05:30,444.89,452.38,423.17,447.55,711466
2014-06-17 00:00:00+05:30,452.1,458.37,442.11,453.42,910720
2014-06-18 00:00:00+05:30,457.87,468.51,449.92,457.27,900405
2014-06-19 00:00:00+05:30,459.86,465.33,446.93,450.21,286496
2014-06-20 00:00:00+05:30,445.69,453.84,440.49,442.53,369116
2014-06-23 00:00:00+05:30,442.51,451.95,430.97,440.97,1108104
2014-06-24 00:00:00+05:30,444.94,452.2,437.91,439.8,966784
2014-06-25 00:00:00+05:30,442.41,446.14,439.48,441.64,833054
2014-06-26 00:00:00+05:30,444.3,451.75,444.25,449.99,782590
2014-06-27 00:00:00+05:30,451.8,463.59,450.19,461.57,963335
2014-06-30 00:00:00+05:30,465.25,477.26,462.94,475.24,711979
2014-07-01 00:00:00+05:30,478.72,483.22,468.98,478.48,644421
2014-07-02 00:00:00+05:30,481.71,496.5,479.99,493.07,970548
2014-07-03 00:00:00+05:30,494.66,502.12,488.49,490.93,1067628
2014-07-04 00:00:00+05:30,496.65,498.54,482.73,492.35,715734
2014-07-07 00:00:00+05:30,492.87,495.58,486.21,489.09,475540
2014-07-08 00:00:00+05:30,491.53,496.65,440.77,450.54,1080965
2014-07-09 00:00:00+05:30,451.75,456.68,434.95,439.97,704371
2014-07-10 00:00:00+05:30,439.97,467.32,423.57,439.87,1028919
2014-07-11 00:00:00+05:30,440.94,444.3,418.1,424.86,788818
2014-07-14 00:00:00+05:30,423.07,436.17,420.83,431.22,406247
2014-07-15 00:00:00+05:30,434.35,448.25,433.16,444.15,418575
2014-07-16 00:00:00+05:30,447.43,450.29,439.13,448.22,421856
2014-07-17 00:00:00+05:30,443.95,457.07,443.75,453.45,365761
2014-07-18 00:00:00+05:30,454.64,459.36,446.63,453.92,416024
2014-07-21 00:00:00+05:30,458.86,458.86,449.92,452.7,179546
2014-07-22 00:00:00+05:30,454.04,458.76,447.98,455.66,360813
2014-07-23 00:00:00+05:30,458.37,461.2,445.49,451.11,507772
2014-07-24 00:00:00+05:30,448.92,457.37,443.95,456.01,430159
2014-07-25 00:00:00+05:30,457.37,460.68,440.47,448.18,388847
2014-07-28 00:00:00+05:30,446.56,456.83,443.45,446.61,252404
2014-07-30 00:00:00+05:30,446.48,450.41,435.4,439.85,551231
2014-07-31 00:00:00+05:30,440.47,443.63,434.4,435.85,428375
2014-08-01 00:00:00+05:30,431.17,436.49,426.05,428.46,339159
2014-08-04 00:00:00+05:30,428.54,443.15,428.54,441.19,544878
2014-08-05 00:00:00+05:30,442.48,445.02,436.49,442.56,453818
2014-08-06 00:00:00+05:30,439.97,449.49,439.97,441.94,293627
2014-08-07 00:00:00+05:30,443.7,445.49,432.54,437.26,373401
2014-08-08 00:00:00+05:30,435.0,435.67,422.99,424.76,1440293
2014-08-11 00:00:00+05:30,427.54,432.52,426.05,427.62,1185564
2014-08-12 00:00:00+05:30,428.39,433.26,422.9,431.45,447009
2014-08-13 00:00:00+05:30,431.55,435.27,405.45,419.34,1547922
2014-08-14 00:00:00+05:30,420.58,425.56,414.29,423.07,426645
2014-08-18 00:00:00+05:30,420.26,430.97,420.26,424.76,329886
2014-08-19 00:00:00+05:30,428.04,431.02,422.4,425.03,305141
2014-08-20 00:00:00+05:30,431.35,431.35,423.57,426.87,497236
2014-08-21 00:00:00+05:30,425.06,433.14,420.21,421.88,675726
2014-08-22 00:00:00+05:30,421.83,425.88,420.09,421.8,398758
2014-08-25 00:00:00+05:30,420.58,424.56,416.11,417.3,278107
2014-08-26 00:00:00+05:30,413.25,418.6,394.24,399.26,823456
2014-08-28 00:00:00+05:30,399.7,400.7,387.8,394.88,1125105
2014-09-01 00:00:00+05:30,395.78,417.05,395.78,415.44,1140927
2014-09-02 00:00:00+05:30,413.62,419.76,409.27,410.27,578941
2014-09-03 00:00:00+05:30,412.63,422.27,411.76,416.71,777916
2014-09-04 00:00:00+05:30,414.62,418.74,405.74,413.75,708437
2014-09-05 00:00:00+05:30,414.12,426.25,410.64,423.39,539343
2014-09-08 00:00:00+05:30,430.3,445.47,428.04,442.83,1467838
2014-09-09 00:00:00+05:30,446.26,454.79,442.83,452.95,1237440
2014-09-10 00:00:00+05:30,449.92,453.22,442.76,445.14,680704
2014-09-11 00:00:00+05:30,447.4,451.78,425.88,446.71,581920
2014-09-12 00:00:00+05:30,445.44,452.3,438.75,441.26,431469
2014-09-15 00:00:00+05:30,439.48,446.21,434.5,438.95,580584
2014-09-16 00:00:00+05:30,438.48,443.35,420.76,427.44,916821
2014-09-17 00:00:00+05:30,431.52,442.38,415.69,440.52,1300633
2014-09-18 00:00:00+05:30,441.96,447.23,439.97,443.4,570115
2014-09-19 00:00:00+05:30,441.12,450.91,439.0,441.91,643922
2014-09-22 00:00:00+05:30,439.5,446.44,437.51,441.29,548539
2014-09-23 00:00:00+05:30,439.52,445.69,435.52,438.56,519001
2014-09-24 00:00:00+05:30,438.48,442.51,424.31,428.91,324284
2014-09-25 00:00:00+05:30,425.13,431.52,402.74,407.19,1052872
2014-09-26 00:00:00+05:30,407.19,416.03,392.3,409.6,749801
2014-09-29 00:00:00+05:30,410.19,416.11,400.72,403.11,374960
2014-09-30 00:00:00+05:30,402.69,422.37,401.34,411.21,688648
2014-10-01 00:00:00+05:30,409.65,416.11,405.35,406.69,289604
2014-10-07 00:00:00+05:30,405.17,410.14,395.73,401.15,571488
2014-10-08 00:00:00+05:30,400.75,408.16,398.71,403.06,382939
2014-10-09 00:00:00+05:30,403.93,418.02,403.93,416.58,706693
2014-10-10 00:00:00+05:30,412.65,414.47,400.7,402.56,342868
2014-10-13 00:00:00+05:30,398.71,410.96,398.01,409.47,479670
2014-10-14 00:00:00+05:30,410.54,412.6,402.84,403.93,285523
2014-10-16 00:00:00+05:30,401.64,406.66,382.2,386.93,484548
2014-10-17 00:00:00+05:30,384.37,397.22,384.37,395.7,530895
2014-10-20 00:00:00+05:30,400.82,411.59,400.2,409.94,468001
2014-10-21 00:00:00+05:30,410.14,414.62,408.55,413.77,281767
2014-10-22 00:00:00+05:30,416.11,429.98,415.46,428.29,604300
2014-10-23 00:00:00+05:30,428.04,429.71,423.57,426.97,66506
2014-10-27 00:00:00+05:30,428.14,431.12,422.62,427.12,281059
2014-10-28 00:00:00+05:30,427.99,433.36,426.05,428.12,407478
2014-10-29 00:00:00+05:30,429.53,432.52,423.82,428.31,389127
2014-10-30 00:00:00+05:30,426.67,432.52,424.16,426.85,598812
2014-10-31 00:00:00+05:30,428.84,437.49,428.84,434.11,708227
2014-11-03 00:00:00+05:30,435.0,441.31,433.09,435.62,422658
2014-11-05 00:00:00+05:30,436.49,439.97,431.74,437.56,392037
2014-11-07 00:00:00+05:30,442.46,443.18,433.96,438.41,367797
2014-11-10 00:00:00+05:30,440.52,440.82,427.54,431.02,237792
2014-11-11 00:00:00+05:30,433.51,435.52,425.8,433.73,316337
2014-11-12 00:00:00+05:30,432.66,449.82,432.66,438.73,1140839
2014-11-13 00:00:00+05:30,439.97,446.29,438.38,441.86,498168
2014-11-14 00:00:00+05:30,440.94,463.84,440.94,461.37,1431579
2014-11-17 00:00:00+05:30,464.71,464.71,454.96,456.65,543285
2014-11-18 00:00:00+05:30,456.4,468.68,455.88,464.23,1073953
2014-11-19 00:00:00+05:30,464.23,473.23,453.97,456.4,787313
2014-11-20 00:00:00+05:30,451.41,454.81,444.22,446.48,482090
2014-11-21 00:00:00+05:30,448.82,453.4,443.25,450.83,408053
2014-11-24 00:00:00+05:30,452.92,466.99,451.43,464.88,729879
2014-11-25 00:00:00+05:30,467.32,468.31,444.45,455.86,1237726
2014-11-26 00:00:00+05:30,452.25,461.5,447.43,449.12,848034
2014-11-27 00:00:00+05:30,449.12,453.89,447.5,448.77,500674
2014-11-28 00:00:00+05:30,450.91,457.84,446.53,450.76,666173
2014-12-01 00:00:00+05:30,452.15,455.38,435.0,439.85,575131
2014-12-02 00:00:00+05:30,434.5,448.42,431.55,446.86,596982
2014-12-03 00:00:00+05:30,451.85,451.98,445.29,448.92,476150
2014-12-04 00:00:00+05:30,449.92,489.44,449.92,485.21,3509062
2014-12-05 00:00:00+05:30,485.78,486.9,460.41,470.37,1201065
2014-12-08 00:00:00+05:30,464.83,468.81,449.64,455.16,606933
2014-12-09 00:00:00+05:30,457.32,461.3,439.7,441.02,746062
2014-12-10 00:00:00+05:30,443.45,454.89,441.02,447.33,581825
2014-12-11 00:00:00+05:30,447.93,455.98,437.49,448.9,588431
2014-12-12 00:00:00+05:30,449.42,454.54,437.49,440.25,545395
2014-12-15 00:00:00+05:30,440.97,445.94,433.11,435.3,582389
2014-12-16 00:00:00+05:30,432.52,438.38,410.64,416.11,524480
2014-12-17 00:00:00+05:30,417.05,419.59,395.23,410.49,897398
2014-12-18 00:00:00+05:30,414.44,431.5,414.44,428.19,548127
2014-12-19 00:00:00+05:30,433.01,438.48,427.05,429.56,585088
2014-12-22 00:00:00+05:30,431.57,436.0,420.76,432.61,409978
2014-12-23 00:00:00+05:30,432.52,436.0,417.7,419.61,437063
2014-12-24 00:00:00+05:30,423.42,433.51,420.68,428.99,786124
2014-12-26 00:00:00+05:30,431.5,431.97,421.85,424.96,279655
2014-12-29 00:00:00+05:30,423.96,436.99,423.96,433.19,426309
2014-12-30 00:00:00+05:30,431.3,447.43,430.53,445.74,852628
2014-12-31 00:00:00+05:30,447.28,454.54,441.96,450.98,671791
2015-01-01 00:00:00+05:30,449.47,456.88,446.63,450.76,298763
2015-01-02 00:00:00+05:30,452.4,456.33,448.2,454.56,315595
2015-01-05 00:00:00+05:30,451.41,463.84,451.41,456.7,531482
2015-01-06 00:00:00+05:30,452.4,454.22,435.05,445.29,617556
2015-01-07 00:00:00+05:30,447.93,452.4,438.38,447.03,323329
2015-01-08 00:00:00+05:30,452.15,461.87,449.42,457.57,493581
2015-01-09 00:00:00+05:30,461.35,465.95,452.92,454.61,381845
2015-01-12 00:00:00+05:30,455.14,463.21,449.94,460.45,395563
2015-01-13 00:00:00+05:30,466.17,466.17,451.11,457.07,433599
2015-01-14 00:00:00+05:30,455.63,467.71,451.95,463.16,720996
2015-01-15 00:00:00+05:30,469.75,479.1,461.82,470.12,725060
2015-01-16 00:00:00+05:30,469.3,482.7,465.63,479.79,732052
2015-01-19 00:00:00+05:30,481.14,490.88,475.07,481.88,871969
2015-01-20 00:00:00+05:30,482.75,486.6,472.36,473.75,534417
2015-01-21 00:00:00+05:30,477.16,494.11,475.27,490.63,738074
2015-01-22 00:00:00+05:30,494.16,505.6,492.17,502.44,1096344
2015-01-23 00:00:00+05:30,505.65,518.94,501.62,516.53,1008432
2015-01-27 00:00:00+05:30,517.03,532.94,509.65,529.09,754413
2015-01-28 00:00:00+05:30,527.47,538.95,519.14,525.13,690536
2015-01-29 00:00:00+05:30,524.98,531.84,520.51,524.96,583585
2015-01-30 00:00:00+05:30,525.88,526.97,492.17,518.1,1738317
2015-02-02 00:00:00+05:30,518.02,548.85,516.53,545.17,877281
2015-02-03 00:00:00+05:30,549.89,556.2,533.41,552.03,784694
2015-02-04 00:00:00+05:30,555.61,555.68,538.16,544.84,659342
2015-02-05 00:00:00+05:30,544.37,550.29,537.66,543.88,571702
2015-02-06 00:00:00+05:30,544.37,561.13,542.88,550.84,817294
2015-02-09 00:00:00+05:30,543.97,565.75,536.92,549.89,979815
2015-02-10 00:00:00+05:30,549.34,575.05,541.89,570.1,720829
2015-02-11 00:00:00+05:30,573.85,588.62,573.85,582.26,621661
2015-02-12 00:00:00+05:30,582.9,594.09,579.17,592.3,454784
2015-02-13 00:00:00+05:30,594.09,600.55,588.15,598.41,453267
2015-02-16 00:00:00+05:30,599.08,620.93,597.09,613.43,792418
2015-02-18 00:00:00+05:30,613.48,626.4,604.08,622.37,627253
2015-02-19 00:00:00+05:30,623.82,634.85,617.5,632.02,673085
2015-02-20 00:00:00+05:30,631.37,634.36,622.18,625.36,348959
2015-02-23 00:00:00+05:30,627.4,642.21,624.31,634.88,621768
2015-02-24 00:00:00+05:30,636.84,640.32,624.91,631.3,463532
2015-02-25 00:00:00+05:30,633.86,673.63,633.86,666.55,1549179
2015-02-26 00:00:00+05:30,670.65,680.34,632.39,636.44,2232259
2015-02-27 00:00:00+05:30,631.37,666.12,627.62,660.06,1327642
2015-02-28 00:00:00+05:30,662.32,672.14,648.08,664.76,743020
2015-03-02 00:00:00+05:30,666.22,708.36,658.49,696.1,939088
2015-03-03 00:00:00+05:30,697.99,720.86,696.0,710.0,773426
2015-03-04 00:00:00+05:30,713.4,722.08,696.7,701.59,642066
2015-03-05 00:00:00+05:30,707.44,707.78,674.05,684.12,896825
2015-03-09 00:00:00+05:30,683.57,697.94,674.08,677.78,566413
2015-03-10 00:00:00+05:30,675.79,686.51,671.14,680.34,569962
2015-03-11 00:00:00+05:30,688.77,699.93,683.62,691.95,789128
2015-03-12 00:00:00+05:30,696.5,740.65,692.35,731.77,1093009
2015-03-13 00:00:00+05:30,735.7,745.72,706.64,712.28,1167157
2015-03-16 00:00:00+05:30,716.93,720.26,684.09,693.62,767232
2015-03-17 00:00:00+05:30,697.19,713.87,687.7,700.13,1342673
2015-03-18 00:00:00+05:30,703.96,715.39,694.41,697.82,701231
2015-03-19 00:00:00+05:30,704.45,712.81,676.36,680.32,709430
2015-03-20 00:00:00+05:30,673.13,689.86,669.16,680.07,633187
2015-03-23 00:00:00+05:30,683.55,687.67,663.96,670.03,498236
2015-03-24 00:00:00+05:30,664.68,672.83,655.61,665.53,613712
2015-03-25 00:00:00+05:30,670.6,680.09,665.48,678.35,719102
2015-03-26 00:00:00+05:30,676.09,689.04,666.89,673.73,1394194
2015-03-27 00:00:00+05:30,678.6,693.02,666.17,686.73,542927
2015-03-30 00:00:00+05:30,695.4,705.22,686.56,702.96,473314
2015-03-31 00:00:00+05:30,705.37,715.37,691.68,694.39,656611
2015-04-01 00:00:00+05:30,694.56,705.45,692.3,702.22,325519
2015-04-06 00:00:00+05:30,705.94,721.85,696.0,719.74,621955
2015-04-07 00:00:00+05:30,724.34,730.8,712.16,720.39,674953
2015-04-08 00:00:00+05:30,724.84,737.21,720.86,726.92,611002
2015-04-09 00:00:00+05:30,730.3,740.74,715.89,725.26,629635
2015-04-10 00:00:00+05:30,728.32,735.28,715.59,719.54,639093
2015-04-13 00:00:00+05:30,724.24,724.34,706.04,716.56,499813
2015-04-15 00:00:00+05:30,720.86,725.81,706.52,711.39,427778
2015-04-16 00:00:00+05:30,711.46,715.74,691.03,698.19,358890
2015-04-17 00:00:00+05:30,700.48,700.48,653.22,659.11,475355
2015-04-20 00:00:00+05:30,662.2,668.61,642.29,647.95,541451
2015-04-21 00:00:00+05:30,650.16,657.42,632.72,642.06,482299
2015-04-22 00:00:00+05:30,644.35,655.24,622.32,644.37,655233
2015-04-23 00:00:00+05:30,649.17,654.56,630.68,637.14,428661
2015-04-24 00:00:00+05:30,638.83,645.79,602.66,610.57,838652
2015-04-27 00:00:00+05:30,633.76,637.84,618.94,628.86,1357725
2015-04-28 00:00:00+05:30,623.57,648.5,616.96,643.11,650459
2015-04-29 00:00:00+05:30,642.86,658.69,640.84,646.61,646509
2015-04-30 00:00:00+05:30,647.33,680.59,642.96,676.51,1217955
2015-05-04 00:00:00+05:30,686.06,700.48,681.83,697.79,1021125
2015-05-05 00:00:00+05:30,678.85,681.09,656.83,668.96,833360
2015-05-06 00:00:00+05:30,663.69,670.0,636.34,644.25,760013
2015-05-07 00:00:00+05:30,644.3,645.77,609.45,621.68,820969
2015-05-08 00:00:00+05:30,627.4,656.68,627.4,647.78,619052
2015-05-11 00:00:00+05:30,649.97,671.94,649.97,667.27,586810
2015-05-12 00:00:00+05:30,670.65,670.65,629.46,634.38,594230
2015-05-13 00:00:00+05:30,638.83,651.03,624.96,645.57,589562
2015-05-14 00:00:00+05:30,650.21,675.12,641.29,670.0,655937
2015-05-15 00:00:00+05:30,675.12,678.1,662.37,667.39,360159
2015-05-18 00:00:00+05:30,668.58,696.92,667.39,693.14,738257
2015-05-19 00:00:00+05:30,692.07,693.02,672.39,677.38,494875
2015-05-20 00:00:00+05:30,683.42,698.41,681.11,693.17,605165
2015-05-21 00:00:00+05:30,687.8,704.85,687.8,693.54,906932
2015-05-22 00:00:00+05:30,693.52,697.39,678.6,683.03,438943
2015-05-25 00:00:00+05:30,683.08,684.24,667.17,671.91,319012
2015-05-26 00:00:00+05:30,670.65,678.1,662.72,672.64,300690
2015-05-27 00:00:00+05:30,668.16,687.05,664.18,676.91,543269
2015-05-28 00:00:00+05:30,677.11,693.52,667.17,689.61,591277
2015-05-29 00:00:00+05:30,690.53,698.49,677.11,680.39,1074379
2015-06-01 00:00:00+05:30,679.94,685.19,674.23,679.12,251692
2015-06-02 00:00:00+05:30,679.6,689.54,657.3,663.96,369957
2015-06-03 00:00:00+05:30,667.12,667.12,639.38,657.9,421407
2015-06-04 00:00:00+05:30,658.72,677.11,651.78,668.11,444258
2015-06-05 00:00:00+05:30,672.39,683.13,668.19,672.09,438859
2015-06-08 00:00:00+05:30,672.09,678.28,641.32,646.96,583443
2015-06-09 00:00:00+05:30,643.8,660.88,640.92,654.32,438189
2015-06-10 00:00:00+05:30,652.6,671.09,648.77,663.44,410048
2015-06-11 00:00:00+05:30,669.55,677.86,636.05,643.78,586953
2015-06-12 00:00:00+05:30,643.8,650.09,636.84,642.68,344647
2015-06-15 00:00:00+05:30,643.8,657.05,640.74,655.43,385572
2015-06-16 00:00:00+05:30,653.74,657.99,646.29,654.39,402123
2015-06-17 00:00:00+05:30,660.7,665.68,652.75,656.85,616443
2015-06-18 00:00:00+05:30,659.91,682.16,653.45,678.18,761560
2015-06-19 00:00:00+05:30,684.22,693.52,679.7,681.86,623457
2015-06-22 00:00:00+05:30,683.57,690.33,671.14,684.44,614699
2015-06-23 00:00:00+05:30,687.75,699.23,680.69,691.88,718599
2015-06-24 00:00:00+05:30,693.52,696.87,671.24,675.12,520666
2015-06-25 00:00:00+05:30,676.12,687.05,673.63,681.21,653436
2015-06-26 00:00:00+05:30,676.76,691.03,676.12,680.86,432211
2015-06-29 00:00:00+05:30,673.63,675.12,648.77,661.4,514439
2015-06-30 00:00:00+05:30,661.75,672.59,655.98,670.57,549280
2015-07-01 00:00:00+05:30,673.13,691.01,673.13,687.7,592458
2015-07-02 00:00:00+05:30,693.52,706.94,691.03,702.39,1161398
2015-07-03 00:00:00+05:30,706.59,715.89,703.78,710.1,652749
2015-07-06 00:00:00+05:30,702.96,719.14,693.76,717.01,698769
2015-07-07 00:00:00+05:30,718.37,730.28,717.01,720.91,863297
2015-07-08 00:00:00+05:30,712.16,718.62,699.98,707.66,628786
2015-07-09 00:00:00+05:30,710.94,724.09,703.46,717.5,704056
2015-07-10 00:00:00+05:30,720.86,727.37,713.92,716.36,740478
2015-07-13 00:00:00+05:30,716.41,732.79,716.41,726.68,935361
2015-07-14 00:00:00+05:30,730.8,739.75,727.94,732.17,592311
2015-07-15 00:00:00+05:30,735.82,741.74,728.76,732.64,568099
2015-07-16 00:00:00+05:30,738.73,740.65,732.79,735.72,594037
2015-07-17 00:00:00+05:30,738.26,749.59,735.52,743.3,630264
2015-07-20 00:00:00+05:30,745.72,748.9,736.17,740.5,523108
2015-07-21 00:00:00+05:30,741.29,745.22,719.02,722.52,351443
2015-07-22 00:00:00+05:30,718.37,733.78,710.42,730.18,568153
2015-07-23 00:00:00+05:30,735.28,738.76,719.79,723.2,394940
2015-07-24 00:00:00+05:30,722.85,729.81,713.4,716.38,313034
2015-07-27 00:00:00+05:30,714.4,715.51,684.37,688.15,349702
2015-07-28 00:00:00+05:30,691.03,696.0,684.32,686.46,345158
2015-07-29 00:00:00+05:30,688.54,724.71,688.54,721.26,586971
2015-07-30 00:00:00+05:30,725.83,728.32,706.86,709.35,803910
2015-07-31 00:00:00+05:30,715.37,729.81,709.5,723.47,467539
2015-08-03 00:00:00+05:30,725.33,739.75,721.85,733.46,597519
2015-08-04 00:00:00+05:30,738.98,738.98,719.86,733.83,543305
2015-08-05 00:00:00+05:30,740.72,750.19,734.28,744.35,782799
2015-08-06 00:00:00+05:30,757.55,775.4,753.17,758.64,1879305
2015-08-07 00:00:00+05:30,762.49,764.96,746.21,749.22,433132
2015-08-10 00:00:00+05:30,750.69,760.63,740.82,745.49,476309
2015-08-11 00:00:00+05:30,746.41,748.45,728.32,730.48,327380
2015-08-12 00:00:00+05:30,728.37,735.75,712.06,714.27,361772
2015-08-13 00:00:00+05:30,717.68,728.32,696.5,698.76,567506
2015-08-14 00:00:00+05:30,699.53,722.8,693.52,718.57,837230
2015-08-17 00:00:00+05:30,724.34,725.81,707.16,711.91,485314
2015-08-18 00:00:00+05:30,716.73,723.34,712.31,714.69,424420
2015-08-19 00:00:00+05:30,719.37,731.8,708.43,723.07,538244
2015-08-20 00:00:00+05:30,720.86,732.79,700.97,703.81,755162
2015-08-21 00:00:00+05:30,700.97,704.95,691.03,695.98,516868
2015-08-24 00:00:00+05:30,681.09,681.09,597.44,609.8,1257851
2015-08-25 00:00:00+05:30,621.78,637.04,549.67,617.55,1199369
2015-08-26 00:00:00+05:30,616.56,632.32,599.11,608.95,829245
2015-08-27 00:00:00+05:30,627.4,631.05,603.81,622.05,856084
2015-08-28 00:00:00+05:30,628.94,657.72,627.5,636.39,1080880
2015-08-31 00:00:00+05:30,633.86,643.78,626.3,628.81,675201
2015-09-01 00:00:00+05:30,621.16,629.48,609.13,617.23,810512
2015-09-02 00:00:00+05:30,633.86,636.34,592.79,598.46,1223563
2015-09-03 00:00:00+05:30,604.88,612.73,595.08,599.9,884561
2015-09-04 00:00:00+05:30,598.11,601.49,577.68,587.03,1033210
2015-09-07 00:00:00+05:30,591.6,593.59,565.28,568.16,791354
2015-09-08 00:00:00+05:30,576.96,593.59,569.5,589.66,866487
2015-09-09 00:00:00+05:30,600.55,614.97,594.78,612.83,641096
2015-09-10 00:00:00+05:30,608.9,625.41,589.22,621.36,767981
2015-09-11 00:00:00+05:30,631.27,638.68,624.41,634.41,996959
2015-09-14 00:00:00+05:30,642.71,649.25,633.86,646.61,641667
2015-09-15 00:00:00+05:30,650.24,652.75,632.47,638.26,587985
2015-09-16 00:00:00+05:30,644.15,646.29,633.24,641.46,483808
2015-09-18 00:00:00+05:30,646.29,658.72,642.09,644.67,595053
2015-09-21 00:00:00+05:30,638.68,662.2,634.9,659.16,485366
2015-09-22 00:00:00+05:30,661.7,666.25,636.84,642.73,632732
2015-09-23 00:00:00+05:30,634.85,649.12,626.4,643.98,460498
2015-09-24 00:00:00+05:30,645.19,654.99,640.45,652.38,401568
2015-09-28 00:00:00+05:30,641.81,645.69,627.17,634.75,587661
2015-09-29 00:00:00+05:30,622.18,652.0,622.18,638.48,496983
2015-09-30 00:00:00+05:30,649.89,663.51,641.49,659.19,688925
2015-10-01 00:00:00+05:30,665.18,673.33,661.35,668.11,719874
2015-10-05 00:00:00+05:30,672.64,688.3,672.19,679.12,948277
2015-10-06 00:00:00+05:30,684.57,685.83,673.73,680.91,502746
2015-10-07 00:00:00+05:30,686.06,691.97,681.19,683.25,663874
2015-10-08 00:00:00+05:30,683.08,684.57,666.05,668.76,445788
2015-10-09 00:00:00+05:30,679.6,679.6,660.98,669.33,429465
2015-10-12 00:00:00+05:30,673.13,683.57,671.27,681.09,410587
2015-10-13 00:00:00+05:30,681.58,688.54,669.18,677.23,401743
2015-10-14 00:00:00+05:30,678.6,683.57,677.11,680.94,236970
2015-10-15 00:00:00+05:30,686.06,688.52,681.68,683.35,332017
2015-10-16 00:00:00+05:30,686.11,691.01,680.09,686.93,575025
2015-10-19 00:00:00+05:30,686.06,690.04,676.61,681.06,379188
2015-10-20 00:00:00+05:30,680.09,687.05,671.14,674.45,417553
2015-10-21 00:00:00+05:30,675.12,680.84,656.73,670.87,405394
2015-10-23 00:00:00+05:30,677.61,683.57,672.39,681.61,439623
2015-10-26 00:00:00+05:30,681.68,691.03,675.12,689.34,400964
2015-10-27 00:00:00+05:30,686.06,694.21,681.09,688.77,386643
2015-10-28 00:00:00+05:30,685.56,690.01,671.39,675.37,465270
2015-10-29 00:00:00+05:30,674.13,681.09,666.79,674.72,449900
2015-10-30 00:00:00+05:30,676.61,677.41,655.01,659.83,303681
2015-11-02 00:00:00+05:30,659.83,663.51,641.51,653.57,331530
2015-11-03 00:00:00+05:30,653.32,668.16,653.25,665.18,298322
2015-11-04 00:00:00+05:30,667.71,675.92,645.29,647.73,528839
2015-11-05 00:00:00+05:30,649.77,651.21,630.18,632.89,465270
2015-11-06 00:00:00+05:30,631.87,638.58,619.19,625.56,301202
2015-11-09 00:00:00+05:30,611.49,636.32,604.23,627.82,364532
2015-11-10 00:00:00+05:30,626.4,626.4,609.5,612.26,276791
2015-11-11 00:00:00+05:30,617.45,621.43,614.97,617.95,44941
2015-11-13 00:00:00+05:30,615.71,626.38,609.45,621.11,285815
2015-11-16 00:00:00+05:30,617.5,625.95,608.5,614.82,474995
2015-11-17 00:00:00+05:30,618.05,623.92,598.56,606.49,446641
2015-11-18 00:00:00+05:30,606.47,612.38,601.54,605.15,262101
2015-11-19 00:00:00+05:30,608.5,615.32,606.52,611.61,343836
2015-11-20 00:00:00+05:30,613.97,625.93,612.01,616.48,390018
2015-11-23 00:00:00+05:30,619.09,621.43,611.74,616.04,207968
2015-11-24 00:00:00+05:30,612.53,620.04,599.48,602.31,495225
2015-11-26 00:00:00+05:30,600.6,607.51,597.57,605.7,772474
2015-11-27 00:00:00+05:30,606.37,614.97,601.54,611.16,485658
2015-11-30 00:00:00+05:30,609.0,624.64,603.21,615.44,1165441
2015-12-01 00:00:00+05:30,619.49,621.45,608.01,610.07,346366
2015-12-02 00:00:00+05:30,611.54,612.68,600.6,602.61,293456
2015-12-03 00:00:00+05:30,596.57,603.31,589.17,591.97,572715
2015-12-04 00:00:00+05:30,586.63,591.5,576.69,578.23,604252
2015-12-07 00:00:00+05:30,579.22,591.18,572.86,585.11,691838
2015-12-08 00:00:00+05:30,586.63,590.58,578.3,581.41,474527
2015-12-09 00:00:00+05:30,578.23,582.6,568.48,571.09,462695
2015-12-10 00:00:00+05:30,569.78,574.45,557.35,569.88,407496
2015-12-11 00:00:00+05:30,575.89,577.68,566.0,569.48,708964
2015-12-14 00:00:00+05:30,567.24,578.58,562.32,574.23,688195
2015-12-15 00:00:00+05:30,576.69,583.55,569.73,577.56,512982
2015-12-16 00:00:00+05:30,583.15,587.92,578.18,585.36,571291
2015-12-17 00:00:00+05:30,586.01,592.35,583.82,586.38,499012
2015-12-18 00:00:00+05:30,586.63,588.87,582.23,586.11,465581
2015-12-21 00:00:00+05:30,585.64,592.27,582.43,584.37,249553
2015-12-22 00:00:00+05:30,586.75,589.12,582.85,586.11,277726
2015-12-23 00:00:00+05:30,586.75,598.76,586.36,597.14,567884
2015-12-24 00:00:00+05:30,598.74,605.52,591.15,592.99,686196
2015-12-28 00:00:00+05:30,592.84,598.61,587.87,595.5,277924
2015-12-29 00:00:00+05:30,596.57,599.06,589.86,592.62,392440
2015-12-30 00:00:00+05:30,591.45,601.2,591.45,593.42,330643
2015-12-31 00:00:00+05:30,593.42,601.54,593.42,596.9,553361
2016-01-01 00:00:00+05:30,597.69,604.01,593.74,597.89,265692
2016-01-04 00:00:00+05:30,595.58,602.12,588.44,591.73,300897
2016-01-05 00:00:00+05:30,594.19,597.54,589.64,594.48,332658
2016-01-06 00:00:00+05:30,596.0,609.32,595.11,599.21,716404
2016-01-07 00:00:00+05:30,594.09,594.09,559.01,562.79,518339
2016-01-08 00:00:00+05:30,565.25,572.78,562.79,567.04,408664
2016-01-11 00:00:00+05:30,564.31,570.72,553.97,560.7,358906
2016-01-12 00:00:00+05:30,563.76,569.23,557.65,559.59,246914
2016-01-13 00:00:00+05:30,562.77,566.2,542.48,557.94,567588
2016-01-14 00:00:00+05:30,551.33,555.36,540.74,549.22,294532
2016-01-15 00:00:00+05:30,552.82,552.82,522.62,526.18,342193
2016-01-18 00:00:00+05:30,530.95,532.17,501.54,503.95,446416
2016-01-19 00:00:00+05:30,506.09,518.52,497.32,514.62,381014
2016-01-20 00:00:00+05:30,511.06,511.06,491.18,501.74,540172
2016-01-21 00:00:00+05:30,503.61,511.56,481.53,484.59,742606
2016-01-22 00:00:00+05:30,493.56,501.62,484.99,497.39,506964
2016-01-25 00:00:00+05:30,503.61,509.32,498.19,501.17,347402
2016-01-27 00:00:00+05:30,507.09,508.9,493.29,502.12,606802
2016-01-28 00:00:00+05:30,502.61,507.09,485.66,489.24,665246
2016-01-29 00:00:00+05:30,493.64,515.54,481.81,507.48,2268965
2016-02-01 00:00:00+05:30,507.48,520.51,485.21,514.64,834054
2016-02-02 00:00:00+05:30,515.04,520.51,509.08,512.93,643697
2016-02-03 00:00:00+05:30,503.61,511.31,494.66,503.11,608687
2016-02-04 00:00:00+05:30,510.12,529.56,503.21,521.08,1015647
2016-02-05 00:00:00+05:30,526.97,529.41,510.14,515.84,541656
2016-02-08 00:00:00+05:30,517.03,530.95,513.4,522.45,491554
2016-02-09 00:00:00+05:30,519.76,525.9,506.09,507.71,380330
2016-02-10 00:00:00+05:30,510.04,513.3,498.01,505.82,387415
2016-02-11 00:00:00+05:30,502.86,506.09,482.23,488.59,521817
2016-02-12 00:00:00+05:30,493.66,500.13,482.53,494.98,968271
2016-02-15 00:00:00+05:30,497.14,520.01,497.14,518.25,369340
2016-02-16 00:00:00+05:30,517.05,521.4,492.2,494.38,597022
2016-02-17 00:00:00+05:30,496.15,516.26,483.47,511.51,658375
2016-02-18 00:00:00+05:30,517.65,520.51,505.12,512.63,485262
2016-02-19 00:00:00+05:30,514.05,519.52,505.27,517.63,285626
2016-02-22 00:00:00+05:30,518.07,526.1,513.08,515.24,458103
2016-02-23 00:00:00+05:30,515.29,517.0,500.4,505.57,385963
2016-02-24 00:00:00+05:30,499.68,504.6,490.68,493.84,662195
2016-02-25 00:00:00+05:30,495.65,542.88,486.21,493.29,993105
2016-02-26 00:00:00+05:30,499.53,501.62,490.18,493.86,346029
2016-02-29 00:00:00+05:30,494.41,497.12,483.12,490.18,510311
2016-03-01 00:00:00+05:30,493.17,513.28,492.17,509.85,512425
2016-03-02 00:00:00+05:30,519.52,533.93,517.28,523.79,824642
2016-03-03 00:00:00+05:30,526.82,529.96,513.55,521.68,835780
2016-03-04 00:00:00+05:30,524.49,526.67,516.11,519.07,737400
2016-03-08 00:00:00+05:30,524.49,529.96,511.69,520.36,1038407
2016-03-09 00:00:00+05:30,522.95,522.95,510.67,518.0,510450
2016-03-10 00:00:00+05:30,522.0,523.39,509.08,514.74,491674
2016-03-11 00:00:00+05:30,514.05,516.98,510.57,513.52,321293
2016-03-14 00:00:00+05:30,516.53,520.76,510.17,514.35,323701
2016-03-15 00:00:00+05:30,514.54,516.78,505.1,507.98,339690
2016-03-16 00:00:00+05:30,508.03,509.55,492.67,499.43,642120
2016-03-17 00:00:00+05:30,502.66,513.95,502.66,509.8,600715
2016-03-18 00:00:00+05:30,509.8,527.47,509.77,523.22,910529
2016-03-21 00:00:00+05:30,523.0,534.43,523.0,532.86,391870
2016-03-22 00:00:00+05:30,535.92,540.15,525.98,533.21,490415
2016-03-23 00:00:00+05:30,532.44,545.32,529.01,543.6,546914
2016-03-28 00:00:00+05:30,546.36,550.31,527.97,533.16,370732
2016-03-29 00:00:00+05:30,524.98,538.33,524.98,532.79,344966
2016-03-30 00:00:00+05:30,539.9,547.38,532.32,544.99,581835
2016-03-31 00:00:00+05:30,544.37,549.29,538.9,546.71,1001784
2016-04-01 00:00:00+05:30,544.37,561.23,542.38,558.24,572502
2016-04-04 00:00:00+05:30,561.77,562.02,551.95,557.6,239796
2016-04-05 00:00:00+05:30,555.81,559.29,544.02,549.19,319360
2016-04-06 00:00:00+05:30,549.54,564.76,548.85,562.12,480040
2016-04-07 00:00:00+05:30,584.64,584.64,550.96,554.34,452919
2016-04-08 00:00:00+05:30,550.84,564.26,548.95,562.87,291636
2016-04-11 00:00:00+05:30,566.74,569.98,555.09,567.39,341227
2016-04-12 00:00:00+05:30,564.26,584.07,564.26,580.96,517597
2016-04-13 00:00:00+05:30,582.65,590.61,577.86,581.88,496743
2016-04-18 00:00:00+05:30,581.61,588.37,576.69,585.86,284539
2016-04-20 00:00:00+05:30,587.13,595.93,583.3,587.3,418818
2016-04-21 00:00:00+05:30,591.1,594.09,582.65,586.53,229034
2016-04-22 00:00:00+05:30,583.65,586.63,577.33,583.4,171840
2016-04-25 00:00:00+05:30,586.63,586.63,570.35,572.26,261194
2016-04-26 00:00:00+05:30,568.76,587.03,567.54,584.09,638427
2016-04-27 00:00:00+05:30,584.14,594.34,575.39,587.8,454114
2016-04-28 00:00:00+05:30,587.8,589.79,569.23,570.7,820770
2016-04-29 00:00:00+05:30,575.44,579.02,557.0,565.65,726162
2016-05-02 00:00:00+05:30,561.72,572.21,557.85,568.76,471974
2016-05-03 00:00:00+05:30,569.45,584.64,569.45,572.68,605104
2016-05-04 00:00:00+05:30,570.22,574.92,562.37,565.18,382052
2016-05-05 00:00:00+05:30,570.72,586.88,564.9,583.62,858144
2016-05-06 00:00:00+05:30,586.63,590.91,578.68,585.19,824803
2016-05-09 00:00:00+05:30,596.08,596.08,571.07,585.06,1512015
2016-05-10 00:00:00+05:30,586.13,591.1,579.45,581.81,622608
2016-05-11 00:00:00+05:30,576.59,585.14,572.93,577.68,451499
2016-05-12 00:00:00+05:30,580.66,585.64,574.2,582.98,423113
2016-05-13 00:00:00+05:30,581.61,587.03,572.64,574.6,448946
2016-05-16 00:00:00+05:30,575.54,578.18,565.0,572.16,473034
2016-05-17 00:00:00+05:30,574.3,581.11,568.24,576.86,963473
2016-05-18 00:00:00+05:30,574.15,575.99,567.86,573.18,501267
2016-05-19 00:00:00+05:30,573.33,579.07,556.85,565.6,572430
2016-05-20 00:00:00+05:30,564.76,568.09,558.79,563.96,619915
2016-05-23 00:00:00+05:30,565.08,569.23,557.6,560.7,518588
2016-05-24 00:00:00+05:30,560.7,564.26,557.05,560.01,317813
2016-05-25 00:00:00+05:30,563.31,575.42,559.78,568.83,818109
2016-05-26 00:00:00+05:30,570.77,593.44,570.77,589.69,734345
2016-05-27 00:00:00+05:30,592.1,606.99,591.6,597.94,554733
2016-05-30 00:00:00+05:30,597.96,611.98,595.63,607.68,612718
2016-05-31 00:00:00+05:30,607.81,614.47,595.88,598.66,955273
2016-06-01 00:00:00+05:30,599.06,613.85,595.85,603.96,773645
2016-06-02 00:00:00+05:30,602.54,607.46,597.77,603.14,429882
2016-06-03 00:00:00+05:30,603.53,608.45,599.56,604.85,409744
2016-06-06 00:00:00+05:30,604.28,608.13,597.57,600.4,303846
2016-06-07 00:00:00+05:30,604.03,608.85,593.69,599.8,728861
2016-06-08 00:00:00+05:30,601.97,625.9,597.57,624.69,1313744
2016-06-09 00:00:00+05:30,630.35,634.7,618.15,620.88,871168
2016-06-10 00:00:00+05:30,621.38,631.17,613.97,618.25,539198
2016-06-13 00:00:00+05:30,613.97,621.43,604.4,618.67,451433
2016-06-14 00:00:00+05:30,621.43,623.79,615.74,620.06,329371
2016-06-15 00:00:00+05:30,621.43,627.1,616.96,625.21,442349
2016-06-16 00:00:00+05:30,626.15,626.4,615.51,622.77,439358
2016-06-17 00:00:00+05:30,628.99,632.64,623.52,627.57,538267
2016-06-20 00:00:00+05:30,620.44,631.75,619.62,629.46,365926
2016-06-21 00:00:00+05:30,629.63,633.34,625.26,629.16,408081
2016-06-22 00:00:00+05:30,629.38,633.36,624.91,629.24,407001
2016-06-23 00:00:00+05:30,632.37,632.37,626.4,629.51,249370
2016-06-24 00:00:00+05:30,617.58,629.98,604.08,625.11,458131
2016-06-27 00:00:00+05:30,625.11,631.37,622.03,624.14,384460
2016-06-28 00:00:00+05:30,631.37,645.54,628.94,643.01,753088
2016-06-29 00:00:00+05:30,644.8,646.31,636.47,638.95,473760
2016-06-30 00:00:00+05:30,640.32,656.23,639.82,651.11,1366600
2016-07-01 00:00:00+05:30,651.76,659.83,645.32,647.55,531834
2016-07-04 00:00:00+05:30,648.8,653.05,639.08,640.69,472016
2016-07-05 00:00:00+05:30,642.31,644.77,634.36,638.81,346145
2016-07-07 00:00:00+05:30,639.5,641.32,632.37,634.53,314981
2016-07-08 00:00:00+05:30,634.36,643.45,632.52,634.36,326485
2016-07-11 00:00:00+05:30,640.79,652.0,637.69,645.89,734019
2016-07-12 00:00:00+05:30,648.28,650.51,641.81,647.51,314567
2016-07-13 00:00:00+05:30,649.77,653.0,643.06,649.49,389972
2016-07-14 00:00:00+05:30,643.55,655.76,643.55,651.98,320018
2016-07-15 00:00:00+05:30,650.02,655.73,647.01,651.43,247291
2016-07-18 00:00:00+05:30,652.25,652.73,637.34,641.04,264740
2016-07-19 00:00:00+05:30,641.32,651.36,640.15,649.39,222724
2016-07-20 00:00:00+05:30,650.76,672.64,649.25,668.11,946450
2016-07-21 00:00:00+05:30,663.69,668.16,654.91,658.19,285026
2016-07-22 00:00:00+05:30,660.36,671.0,655.76,667.37,417358
2016-07-25 00:00:00+05:30,665.63,674.13,661.72,670.08,342987
2016-07-26 00:00:00+05:30,668.66,669.58,658.91,660.28,262787
2016-07-27 00:00:00+05:30,661.05,667.96,658.29,662.64,283513
2016-07-28 00:00:00+05:30,662.2,666.94,648.82,652.75,1237503
2016-07-29 00:00:00+05:30,659.56,662.17,647.9,655.48,724665
2016-08-01 00:00:00+05:30,658.82,672.64,657.77,665.4,603282
2016-08-02 00:00:00+05:30,665.68,671.14,634.85,636.64,675480
2016-08-03 00:00:00+05:30,636.34,640.32,614.42,619.14,475814
2016-08-04 00:00:00+05:30,622.0,631.82,614.49,624.26,625501
2016-08-05 00:00:00+05:30,627.87,648.77,626.9,643.18,953327
2016-08-08 00:00:00+05:30,645.72,658.72,639.4,656.9,491353
2016-08-09 00:00:00+05:30,658.22,661.28,647.28,658.69,344073
2016-08-10 00:00:00+05:30,659.71,660.51,641.32,643.53,503786
2016-08-11 00:00:00+05:30,644.3,657.37,637.09,653.67,285449
2016-08-12 00:00:00+05:30,641.27,651.21,633.68,645.86,341758
2016-08-16 00:00:00+05:30,643.63,649.74,637.84,643.93,266504
2016-08-17 00:00:00+05:30,643.06,645.19,636.84,642.06,240138
2016-08-18 00:00:00+05:30,642.76,645.24,638.85,642.04,133318
2016-08-19 00:00:00+05:30,642.31,652.87,637.86,650.26,388386
2016-08-22 00:00:00+05:30,648.62,654.74,641.61,645.17,378353
2016-08-23 00:00:00+05:30,643.8,644.7,635.18,639.1,413944
2016-08-24 00:00:00+05:30,639.1,641.81,631.45,639.23,235326
2016-08-25 00:00:00+05:30,638.83,645.29,627.89,630.83,636556
2016-08-26 00:00:00+05:30,632.49,646.78,626.4,642.86,374151
2016-08-29 00:00:00+05:30,643.3,643.83,631.87,637.02,210301
2016-08-30 00:00:00+05:30,636.44,643.3,633.36,634.73,404826
2016-08-31 00:00:00+05:30,637.39,641.07,624.44,629.41,401186
2016-09-01 00:00:00+05:30,631.37,634.46,621.7,623.74,387837
2016-09-02 00:00:00+05:30,625.46,630.5,623.72,626.87,299503
2016-09-06 00:00:00+05:30,630.38,636.34,627.89,632.29,380451
2016-09-07 00:00:00+05:30,632.37,653.74,628.89,644.25,745812
2016-09-08 00:00:00+05:30,650.74,655.73,643.33,646.16,620889
2016-09-09 00:00:00+05:30,643.75,646.31,634.36,641.19,473837
2016-09-12 00:00:00+05:30,631.12,631.12,615.07,618.45,664530
2016-09-14 00:00:00+05:30,618.94,626.35,611.49,621.11,641591
2016-09-15 00:00:00+05:30,621.43,625.76,617.75,621.45,200851
2016-09-16 00:00:00+05:30,623.47,629.38,621.33,625.61,467997
2016-09-19 00:00:00+05:30,629.88,630.53,619.86,628.44,351526
2016-09-20 00:00:00+05:30,627.89,628.34,617.45,620.14,179642
2016-09-21 00:00:00+05:30,613.8,635.77,613.8,627.52,531866
2016-09-22 00:00:00+05:30,631.92,633.34,619.94,627.57,343762
2016-09-23 00:00:00+05:30,627.57,636.34,623.92,634.33,397243
2016-09-26 00:00:00+05:30,633.34,639.0,628.99,632.32,260363
2016-09-27 00:00:00+05:30,633.36,639.77,632.57,636.79,575902
2016-09-28 00:00:00+05:30,636.34,642.01,631.97,640.59,359349
2016-09-29 00:00:00+05:30,641.81,646.26,597.64,605.42,713552
2016-09-30 00:00:00+05:30,613.45,621.43,602.79,616.61,349609
2016-10-03 00:00:00+05:30,619.91,627.27,616.14,624.31,335945
2016-10-04 00:00:00+05:30,623.92,626.67,619.99,624.96,312628
2016-10-05 00:00:00+05:30,627.05,630.85,620.49,627.1,373471
2016-10-06 00:00:00+05:30,627.94,629.88,614.2,618.77,203185
2016-10-07 00:00:00+05:30,618.3,620.93,613.97,618.0,142832
2016-10-10 00:00:00+05:30,619.44,620.29,612.11,616.09,156961
2016-10-13 00:00:00+05:30,612.48,618.45,606.52,609.25,272802
2016-10-14 00:00:00+05:30,611.49,612.48,603.14,610.14,138065
2016-10-17 00:00:00+05:30,610.24,614.84,598.36,601.3,126949
2016-10-18 00:00:00+05:30,602.54,615.41,598.39,611.41,214336
2016-10-19 00:00:00+05:30,614.92,615.07,607.76,611.09,186630
2016-10-20 00:00:00+05:30,613.97,614.67,605.52,606.62,185206
2016-10-21 00:00:00+05:30,608.01,612.33,605.1,610.54,94552
2016-10-24 00:00:00+05:30,609.75,612.26,601.07,602.27,194235
2016-10-25 00:00:00+05:30,603.53,606.39,599.33,602.69,116001
2016-10-26 00:00:00+05:30,600.5,602.14,590.01,594.83,185578
2016-10-27 00:00:00+05:30,591.65,595.13,572.96,584.47,361992
2016-10-28 00:00:00+05:30,584.14,592.4,581.19,588.47,112778
2016-10-30 00:00:00+05:30,589.56,592.6,586.63,590.31,39984
2016-11-01 00:00:00+05:30,594.09,594.66,576.02,578.97,178174
2016-11-02 00:00:00+05:30,578.97,584.14,572.34,575.87,244863
2016-11-03 00:00:00+05:30,575.2,578.68,559.29,563.49,283686
2016-11-04 00:00:00+05:30,562.47,563.16,550.34,552.03,239152
2016-11-07 00:00:00+05:30,555.26,561.25,547.83,550.41,217665
2016-11-08 00:00:00+05:30,554.22,561.28,547.41,558.69,165250
2016-11-09 00:00:00+05:30,546.81,546.81,503.11,539.2,377790
2016-11-10 00:00:00+05:30,547.36,556.18,540.42,542.53,249387
2016-11-11 00:00:00+05:30,539.4,579.17,532.54,555.21,549571
2016-11-15 00:00:00+05:30,566.74,569.11,522.13,548.62,455045
2016-11-16 00:00:00+05:30,556.8,565.75,539.92,554.76,437531
2016-11-17 00:00:00+05:30,554.32,573.7,528.46,558.74,620092
2016-11-18 00:00:00+05:30,563.26,564.13,548.35,555.01,238323
2016-11-21 00:00:00+05:30,552.87,557.77,533.68,537.39,173823
2016-11-22 00:00:00+05:30,542.98,546.86,523.19,534.16,299543
2016-11-23 00:00:00+05:30,535.42,544.07,519.61,524.36,1297773
2016-11-24 00:00:00+05:30,521.65,523.74,510.22,520.66,691598
2016-11-25 00:00:00+05:30,520.83,531.42,519.52,524.56,309118
2016-11-28 00:00:00+05:30,524.49,541.09,522.5,536.29,329180
2016-11-29 00:00:00+05:30,536.92,546.11,535.42,540.05,271666
2016-11-30 00:00:00+05:30,540.07,545.86,537.41,540.47,361672
2016-12-01 00:00:00+05:30,541.89,557.8,537.96,555.48,422489
2016-12-02 00:00:00+05:30,555.28,556.3,539.18,542.76,338282
2016-12-05 00:00:00+05:30,544.37,552.13,541.46,543.08,268081
2016-12-06 00:00:00+05:30,543.1,568.11,543.1,559.54,409791
2016-12-07 00:00:00+05:30,564.76,566.74,542.88,546.39,559019
2016-12-08 00:00:00+05:30,552.3,567.54,550.91,565.03,466641
2016-12-09 00:00:00+05:30,567.29,572.24,558.29,562.69,346614
2016-12-12 00:00:00+05:30,571.72,571.72,554.32,564.56,226441
2016-12-13 00:00:00+05:30,561.82,567.22,557.15,563.44,225108
2016-12-14 00:00:00+05:30,563.26,565.0,553.59,556.11,243823
2016-12-15 00:00:00+05:30,546.86,567.24,546.86,561.2,301253
2016-12-16 00:00:00+05:30,562.74,566.59,554.32,560.48,296834
2016-12-19 00:00:00+05:30,559.29,560.88,548.87,552.53,306895
2016-12-20 00:00:00+05:30,553.82,559.24,539.38,542.16,330610
2016-12-21 00:00:00+05:30,539.5,550.64,538.11,547.03,373670
2016-12-22 00:00:00+05:30,549.34,549.34,538.53,540.05,220793
2016-12-23 00:00:00+05:30,539.38,539.38,528.44,532.37,321462
2016-12-26 00:00:00+05:30,529.71,531.42,520.01,522.52,187121
2016-12-27 00:00:00+05:30,523.0,529.21,522.0,527.87,111672
2016-12-28 00:00:00+05:30,528.96,536.67,528.46,529.73,149834
2016-12-29 00:00:00+05:30,529.96,544.22,526.77,539.67,691490
2016-12-30 00:00:00+05:30,541.89,555.51,540.3,553.07,251157
2017-01-02 00:00:00+05:30,554.41,560.26,553.1,556.8,160390
2017-01-03 00:00:00+05:30,557.8,560.78,549.97,551.08,172930
2017-01-04 00:00:00+05:30,550.84,559.73,550.81,557.77,428864
2017-01-05 00:00:00+05:30,559.78,570.92,559.76,567.56,513143
2017-01-06 00:00:00+05:30,573.7,582.35,571.69,578.75,554988
2017-01-09 00:00:00+05:30,582.16,587.62,569.23,571.24,346507
2017-01-10 00:00:00+05:30,576.19,586.16,570.22,582.93,337325
2017-01-11 00:00:00+05:30,584.64,587.62,574.97,585.31,357072
2017-01-12 00:00:00+05:30,585.19,591.13,580.19,586.41,390209
2017-01-13 00:00:00+05:30,587.13,589.81,580.79,583.7,513618
2017-01-16 00:00:00+05:30,586.13,592.1,581.43,585.24,408956
2017-01-17 00:00:00+05:30,585.98,588.12,581.66,583.47,336223
2017-01-18 00:00:00+05:30,584.19,596.57,584.19,592.74,336337
2017-01-19 00:00:00+05:30,594.09,594.71,584.64,587.62,2344872
2017-01-20 00:00:00+05:30,587.62,587.62,570.6,574.0,288025
2017-01-23 00:00:00+05:30,572.49,580.17,570.03,576.16,233373
2017-01-24 00:00:00+05:30,576.16,583.15,571.24,578.82,386476
2017-01-25 00:00:00+05:30,584.14,589.61,580.79,586.68,434936
2017-01-27 00:00:00+05:30,587.45,593.84,579.17,585.29,522565
2017-01-30 00:00:00+05:30,583.65,588.12,582.9,585.93,192258
2017-01-31 00:00:00+05:30,583.65,586.58,566.59,570.03,372373
2017-02-01 00:00:00+05:30,570.03,584.04,563.34,582.33,346167
2017-02-02 00:00:00+05:30,582.65,584.22,573.7,580.02,296222
2017-02-03 00:00:00+05:30,581.66,591.6,578.08,590.66,369165
2017-02-06 00:00:00+05:30,593.94,615.91,592.99,610.05,952199
2017-02-07 00:00:00+05:30,614.97,617.83,602.54,613.67,740033
2017-02-08 00:00:00+05:30,615.46,625.9,598.06,605.99,2379568
2017-02-09 00:00:00+05:30,607.39,613.48,598.98,608.6,495919
2017-02-10 00:00:00+05:30,610.1,610.74,600.05,602.31,235320
2017-02-13 00:00:00+05:30,606.47,607.31,591.45,594.93,322933
2017-02-14 00:00:00+05:30,596.57,605.6,585.54,603.56,403762
2017-02-15 00:00:00+05:30,604.43,609.45,594.58,597.34,683144
2017-02-16 00:00:00+05:30,597.77,603.33,592.74,599.93,378311
2017-02-17 00:00:00+05:30,600.55,607.93,596.82,603.93,348261
2017-02-20 00:00:00+05:30,604.3,608.11,599.56,604.15,403392
2017-02-21 00:00:00+05:30,610.14,613.48,605.02,607.46,561729
2017-02-22 00:00:00+05:30,609.0,613.97,600.08,605.45,458133
2017-02-23 00:00:00+05:30,606.52,609.27,594.88,597.24,447064
2017-02-27 00:00:00+05:30,600.55,602.54,589.44,593.52,375368
2017-02-28 00:00:00+05:30,594.09,601.05,593.49,600.23,375638
2017-03-01 00:00:00+05:30,602.04,614.69,602.04,605.0,470274
2017-03-02 00:00:00+05:30,607.46,609.0,592.37,595.7,270382
2017-03-03 00:00:00+05:30,596.08,599.03,589.14,592.02,289729
2017-03-06 00:00:00+05:30,595.03,597.57,589.61,593.14,311113
2017-03-07 00:00:00+05:30,593.14,604.78,590.93,601.49,473064
2017-03-08 00:00:00+05:30,602.54,604.78,591.6,598.06,479282
2017-03-09 00:00:00+05:30,597.07,601.89,592.99,598.76,218540
2017-03-10 00:00:00+05:30,598.76,602.54,594.14,596.9,257209
2017-03-14 00:00:00+05:30,604.53,625.36,600.05,622.67,938583
2017-03-15 00:00:00+05:30,626.4,628.89,619.99,623.57,547664
2017-03-16 00:00:00+05:30,628.34,632.34,621.63,628.64,541843
2017-03-17 00:00:00+05:30,629.51,631.6,619.24,626.72,441868
2017-03-20 00:00:00+05:30,626.9,630.85,615.46,619.89,413140
2017-03-21 00:00:00+05:30,621.06,625.85,616.56,620.21,360590
2017-03-22 00:00:00+05:30,618.94,618.94,606.64,611.84,349028
2017-03-23 00:00:00+05:30,620.44,620.46,612.21,616.46,266625
2017-03-24 00:00:00+05:30,619.94,624.81,615.46,617.3,325682
2017-03-27 00:00:00+05:30,613.97,619.44,610.22,617.03,197866
2017-03-28 00:00:00+05:30,617.7,621.9,615.59,619.69,290731
2017-03-29 00:00:00+05:30,620.73,629.58,617.45,627.82,865588
2017-03-30 00:00:00+05:30,628.89,633.26,619.09,622.03,508273
2017-03-31 00:00:00+05:30,623.92,628.89,610.0,624.02,382171
2017-04-03 00:00:00+05:30,625.11,649.77,624.04,647.31,752667
2017-04-05 00:00:00+05:30,645.79,651.88,641.94,648.55,519322
2017-04-06 00:00:00+05:30,641.89,648.5,639.35,645.54,291837
2017-04-07 00:00:00+05:30,643.7,655.56,640.87,646.01,756143
2017-04-10 00:00:00+05:30,653.74,659.61,645.89,652.28,507688
2017-04-11 00:00:00+05:30,652.8,658.67,649.89,653.47,299998
2017-04-12 00:00:00+05:30,654.84,655.73,644.37,647.85,270590
2017-04-13 00:00:00+05:30,646.29,651.03,643.8,645.57,154040
2017-04-17 00:00:00+05:30,645.22,647.78,639.33,642.56,244251
2017-04-18 00:00:00+05:30,642.71,657.87,642.71,646.59,320561
2017-04-19 00:00:00+05:30,646.29,648.7,636.34,640.0,285778
2017-04-20 00:00:00+05:30,643.3,653.12,639.33,651.73,256137
2017-04-21 00:00:00+05:30,653.74,664.28,648.28,651.41,427458
2017-04-24 00:00:00+05:30,651.18,656.78,649.29,655.24,173256
2017-04-25 00:00:00+05:30,658.72,670.1,657.27,666.22,690168
2017-04-26 00:00:00+05:30,669.16,675.37,653.55,663.02,588204
2017-04-27 00:00:00+05:30,666.17,668.14,658.77,661.4,234751
2017-04-28 00:00:00+05:30,664.91,664.91,650.79,652.48,237722
2017-05-02 00:00:00+05:30,657.22,666.77,654.44,664.41,267548
2017-05-03 00:00:00+05:30,668.61,678.15,656.53,668.96,315319
2017-05-04 00:00:00+05:30,668.96,684.07,668.96,682.93,617004
2017-05-05 00:00:00+05:30,683.57,685.31,667.89,672.76,265400
2017-05-08 00:00:00+05:30,679.0,682.4,667.96,672.09,231653
2017-05-09 00:00:00+05:30,678.1,725.83,672.19,719.77,2027053
2017-05-10 00:00:00+05:30,728.71,731.47,715.44,727.27,1128126
2017-05-11 00:00:00+05:30,711.91,720.06,695.31,699.31,1265627
2017-05-12 00:00:00+05:30,695.95,698.86,688.54,691.97,351970
2017-05-15 00:00:00+05:30,695.01,707.93,692.72,706.76,272189
2017-05-16 00:00:00+05:30,706.76,710.47,699.41,704.7,335420
2017-05-17 00:00:00+05:30,699.48,707.91,696.05,698.39,274770
2017-05-18 00:00:00+05:30,696.0,701.42,685.11,687.67,230038
2017-05-19 00:00:00+05:30,687.55,697.87,677.01,684.74,225778
2017-05-22 00:00:00+05:30,686.06,690.41,671.42,675.59,209752
2017-05-23 00:00:00+05:30,675.59,684.82,657.57,675.82,521245
2017-05-24 00:00:00+05:30,677.61,679.4,656.35,662.1,255085
2017-05-25 00:00:00+05:30,665.4,676.66,660.23,671.02,311660
2017-05-26 00:00:00+05:30,671.14,691.63,670.62,689.84,433289
2017-05-29 00:00:00+05:30,691.03,694.88,669.18,680.96,153774
2017-05-30 00:00:00+05:30,680.09,682.8,671.64,680.12,98277
2017-05-31 00:00:00+05:30,681.48,696.97,673.33,679.87,500897
2017-06-01 00:00:00+05:30,686.03,686.03,671.04,679.35,258714
2017-06-02 00:00:00+05:30,680.09,685.56,675.62,679.7,138211
2017-06-05 00:00:00+05:30,673.63,694.01,673.63,688.2,179077
2017-06-06 00:00:00+05:30,686.06,688.94,669.45,671.19,300818
2017-06-07 00:00:00+05:30,673.13,675.12,659.29,666.82,419711
2017-06-08 00:00:00+05:30,662.69,675.35,661.2,664.66,228300
2017-06-09 00:00:00+05:30,666.2,671.14,656.83,664.06,215750
2017-06-12 00:00:00+05:30,658.82,665.65,645.99,652.63,229179
2017-06-13 00:00:00+05:30,653.25,663.14,650.26,660.11,230161
2017-06-14 00:00:00+05:30,660.21,667.17,652.38,665.6,281367
2017-06-15 00:00:00+05:30,663.69,667.76,656.13,657.6,230947
2017-06-16 00:00:00+05:30,656.73,663.02,650.49,652.68,302894
2017-06-19 00:00:00+05:30,655.19,657.7,650.16,654.29,296300
2017-06-20 00:00:00+05:30,654.24,666.42,654.24,661.45,221334
2017-06-21 00:00:00+05:30,658.69,666.42,653.64,663.66,211202
2017-06-22 00:00:00+05:30,664.51,676.91,663.54,672.41,516120
2017-06-23 00:00:00+05:30,676.12,678.58,658.22,659.61,225731
2017-06-27 00:00:00+05:30,664.18,664.18,649.34,650.89,229294
2017-06-28 00:00:00+05:30,651.01,653.22,634.95,642.86,355354
2017-06-29 00:00:00+05:30,645.29,657.12,641.32,646.01,315752
2017-06-30 00:00:00+05:30,644.8,666.62,641.84,663.89,294734
2017-07-03 00:00:00+05:30,668.16,670.15,659.51,668.24,151125
2017-07-04 00:00:00+05:30,670.65,679.89,667.22,669.13,319972
2017-07-05 00:00:00+05:30,668.66,675.57,665.55,673.7,171309
2017-07-06 00:00:00+05:30,675.12,678.5,671.12,673.73,175384
2017-07-07 00:00:00+05:30,671.14,678.1,669.16,671.77,88888
2017-07-10 00:00:00+05:30,646.29,680.52,621.43,678.38,49863
2017-07-11 00:00:00+05:30,679.1,682.83,670.9,671.77,160531
2017-07-12 00:00:00+05:30,674.62,677.48,671.14,672.96,85301
2017-07-13 00:00:00+05:30,676.12,680.09,670.2,671.96,196006
2017-07-14 00:00:00+05:30,678.1,678.1,661.67,664.43,191790
2017-07-17 00:00:00+05:30,665.18,676.96,665.18,675.12,160191
2017-07-18 00:00:00+05:30,668.66,680.86,668.66,672.04,229489
2017-07-19 00:00:00+05:30,671.14,677.73,669.65,673.85,138992
2017-07-20 00:00:00+05:30,672.64,688.54,667.61,679.7,547534
2017-07-21 00:00:00+05:30,679.7,686.46,674.4,677.93,264662
2017-07-24 00:00:00+05:30,674.62,687.25,674.62,684.02,232945
2017-07-25 00:00:00+05:30,681.48,686.06,678.58,680.52,83004
2017-07-26 00:00:00+05:30,677.86,696.5,677.86,688.62,581878
2017-07-27 00:00:00+05:30,685.59,696.0,684.07,691.28,606641
2017-07-28 00:00:00+05:30,681.63,725.83,681.63,719.02,982633
2017-07-31 00:00:00+05:30,725.83,730.75,707.44,723.42,1028740
2017-08-01 00:00:00+05:30,703.66,718.15,692.52,694.44,588383
2017-08-02 00:00:00+05:30,700.97,700.97,676.12,680.32,229736
2017-08-03 00:00:00+05:30,680.32,692.02,677.61,685.66,362306
2017-08-04 00:00:00+05:30,662.2,688.54,662.2,678.35,152610
2017-08-07 00:00:00+05:30,678.6,685.04,675.12,675.89,165280
2017-08-08 00:00:00+05:30,675.62,680.07,666.17,668.39,198667
2017-08-09 00:00:00+05:30,664.68,668.51,654.51,659.09,314313
2017-08-10 00:00:00+05:30,656.23,658.39,624.96,641.04,497862
2017-08-11 00:00:00+05:30,632.86,642.06,622.25,637.66,396561
2017-08-14 00:00:00+05:30,636.34,648.25,636.32,640.89,197768
2017-08-16 00:00:00+05:30,643.8,652.23,639.33,650.54,313981
2017-08-17 00:00:00+05:30,653.74,662.15,643.83,657.67,252335
2017-08-18 00:00:00+05:30,654.74,654.74,646.29,650.64,141502
2017-08-21 00:00:00+05:30,648.95,659.56,633.93,636.69,163510
2017-08-22 00:00:00+05:30,641.81,643.03,624.98,627.64,252842
2017-08-23 00:00:00+05:30,632.37,634.33,621.43,624.24,228787
2017-08-24 00:00:00+05:30,623.02,637.34,617.6,628.96,447142
2017-08-28 00:00:00+05:30,633.86,645.34,632.17,642.61,251100
2017-08-29 00:00:00+05:30,642.31,643.33,626.45,632.91,314840
2017-08-30 00:00:00+05:30,638.83,640.77,629.43,634.78,227833
2017-09-01 00:00:00+05:30,638.83,654.24,638.83,650.59,250390
2017-09-04 00:00:00+05:30,648.72,648.77,633.39,636.2,148094
2017-09-05 00:00:00+05:30,636.49,644.8,633.11,640.1,198592
2017-09-06 00:00:00+05:30,635.35,638.58,630.38,636.29,135353
2017-09-07 00:00:00+05:30,635.4,639.15,630.13,632.74,189768
2017-09-08 00:00:00+05:30,633.11,638.08,631.37,635.35,189450
2017-09-11 00:00:00+05:30,638.88,675.62,637.84,662.32,837808
2017-09-12 00:00:00+05:30,663.69,672.04,656.28,669.38,349790
2017-09-13 00:00:00+05:30,668.66,672.06,659.78,663.84,281675
2017-09-14 00:00:00+05:30,668.66,695.01,666.55,687.82,871440
2017-09-15 00:00:00+05:30,681.68,692.27,674.65,687.33,594580
2017-09-18 00:00:00+05:30,686.85,711.36,681.61,702.24,560546
2017-09-19 00:00:00+05:30,697.59,705.94,691.58,700.1,330739
2017-09-20 00:00:00+05:30,702.79,722.6,701.52,712.28,523311
2017-09-21 00:00:00+05:30,711.89,712.98,692.57,698.39,185327
2017-09-22 00:00:00+05:30,694.01,695.48,676.19,677.66,231720
2017-09-25 00:00:00+05:30,675.62,681.09,638.83,658.04,645668
2017-09-26 00:00:00+05:30,655.41,670.65,649.27,657.7,450214
2017-09-27 00:00:00+05:30,665.87,665.87,601.59,606.19,1282870
2017-09-28 00:00:00+05:30,610.79,619.37,586.63,591.03,1577613
2017-09-29 00:00:00+05:30,595.08,604.03,589.36,591.03,576495
2017-10-03 00:00:00+05:30,595.48,602.49,590.06,595.6,266830
2017-10-04 00:00:00+05:30,596.57,614.45,592.89,601.87,651580
2017-10-05 00:00:00+05:30,602.54,613.2,602.04,604.63,482331
2017-10-06 00:00:00+05:30,609.0,615.89,605.05,610.42,265352
2017-10-09 00:00:00+05:30,609.5,615.44,601.99,607.63,261124
2017-10-10 00:00:00+05:30,610.0,620.73,606.14,616.38,316035
2017-10-11 00:00:00+05:30,617.5,628.99,611.49,616.26,362698
2017-10-12 00:00:00+05:30,616.93,621.93,610.99,619.57,157196
2017-10-13 00:00:00+05:30,626.25,626.25,614.22,616.11,187296
2017-10-16 00:00:00+05:30,619.84,622.03,604.5,606.04,287367
2017-10-17 00:00:00+05:30,606.02,614.97,600.92,609.47,398921
2017-10-18 00:00:00+05:30,612.68,615.44,606.76,609.87,248160
2017-10-19 00:00:00+05:30,609.5,615.96,605.52,608.7,26729
2017-10-23 00:00:00+05:30,611.98,611.98,598.09,599.8,273512
2017-10-24 00:00:00+05:30,599.56,610.19,596.72,606.89,347795
2017-10-25 00:00:00+05:30,609.5,623.92,608.31,619.12,448154
2017-10-26 00:00:00+05:30,619.42,637.98,613.97,625.03,500028
2017-10-27 00:00:00+05:30,631.35,637.36,627.82,631.8,482365
2017-10-30 00:00:00+05:30,634.36,636.34,626.48,630.9,154543
2017-10-31 00:00:00+05:30,632.37,643.9,629.21,632.49,377820
2017-11-01 00:00:00+05:30,632.86,642.31,630.63,631.7,385762
2017-11-02 00:00:00+05:30,631.37,636.77,627.99,632.69,172105
2017-11-03 00:00:00+05:30,635.35,638.53,626.15,628.29,181461
2017-11-06 00:00:00+05:30,627.89,635.85,619.69,630.28,252014
2017-11-07 00:00:00+05:30,634.33,637.98,611.49,615.91,190108
2017-11-08 00:00:00+05:30,616.46,621.41,606.74,610.14,107735
2017-11-09 00:00:00+05:30,616.14,616.14,597.74,603.38,214749
2017-11-10 00:00:00+05:30,606.02,616.43,597.32,605.87,266289
2017-11-13 00:00:00+05:30,608.5,610.52,594.01,595.16,195366
2017-11-14 00:00:00+05:30,595.16,601.02,584.39,586.46,413468
2017-11-15 00:00:00+05:30,583.5,600.7,579.1,590.43,556879
2017-11-16 00:00:00+05:30,592.6,595.58,576.24,581.39,460860
2017-11-17 00:00:00+05:30,584.74,598.86,584.74,592.99,434301
2017-11-20 00:00:00+05:30,592.62,595.58,581.34,588.74,499887
2017-11-21 00:00:00+05:30,592.6,599.51,586.98,595.35,451320
2017-11-22 00:00:00+05:30,600.55,606.19,590.76,592.65,446321
2017-11-23 00:00:00+05:30,589.66,600.08,587.15,591.83,549676
2017-11-24 00:00:00+05:30,591.83,598.44,583.55,592.77,810377
2017-11-27 00:00:00+05:30,587.4,593.59,584.24,591.28,446710
2017-11-28 00:00:00+05:30,593.09,611.96,591.1,604.43,684842
2017-11-29 00:00:00+05:30,599.06,603.53,589.51,597.87,587361
2017-11-30 00:00:00+05:30,594.58,603.53,590.76,595.4,690577
2017-12-01 00:00:00+05:30,595.58,602.04,580.66,583.2,225186
2017-12-04 00:00:00+05:30,584.14,587.85,574.13,582.43,291779
2017-12-05 00:00:00+05:30,580.17,583.92,576.02,577.68,248767
2017-12-06 00:00:00+05:30,577.11,581.21,556.53,560.36,754985
2017-12-07 00:00:00+05:30,560.8,582.16,559.81,577.58,400236
2017-12-08 00:00:00+05:30,582.16,588.92,580.17,584.29,333730
2017-12-11 00:00:00+05:30,584.69,594.09,582.65,591.13,229024
2017-12-12 00:00:00+05:30,587.87,589.07,571.47,576.04,489251
2017-12-13 00:00:00+05:30,576.04,581.68,564.93,568.78,382165
2017-12-14 00:00:00+05:30,570.2,570.57,558.81,567.61,497697
2017-12-15 00:00:00+05:30,571.22,582.16,569.35,578.48,531365
2017-12-18 00:00:00+05:30,580.12,593.29,564.18,591.18,483146
2017-12-19 00:00:00+05:30,594.34,600.8,592.6,598.24,440377
2017-12-20 00:00:00+05:30,598.56,600.1,591.6,593.04,229012
2017-12-21 00:00:00+05:30,590.61,620.19,590.61,618.07,764430
2017-12-22 00:00:00+05:30,621.18,623.42,609.0,611.79,453575
2017-12-26 00:00:00+05:30,611.79,619.89,607.01,614.2,249067
2017-12-27 00:00:00+05:30,614.47,618.84,610.52,613.25,170898
2017-12-28 00:00:00+05:30,616.43,627.4,611.49,613.72,806372
2017-12-29 00:00:00+05:30,613.72,620.93,609.62,615.49,301275
2018-01-01 00:00:00+05:30,614.02,622.97,612.73,615.56,186982
2018-01-02 00:00:00+05:30,617.35,630.38,610.14,625.85,488209
2018-01-03 00:00:00+05:30,625.93,632.72,620.26,625.48,278531
2018-01-04 00:00:00+05:30,626.45,637.04,626.45,634.88,355503
2018-01-05 00:00:00+05:30,635.35,641.17,631.37,639.68,359355
2018-01-08 00:00:00+05:30,639.87,649.44,639.87,643.03,711428
2018-01-09 00:00:00+05:30,653.74,653.74,641.91,647.13,584310
2018-01-10 00:00:00+05:30,647.13,648.85,639.45,646.16,321671
2018-01-11 00:00:00+05:30,643.3,646.19,636.1,643.6,303721
2018-01-12 00:00:00+05:30,646.29,660.7,639.45,656.98,733910
2018-01-15 00:00:00+05:30,658.72,660.7,646.29,648.85,263107
2018-01-16 00:00:00+05:30,646.86,650.39,633.59,642.09,427928
2018-01-17 00:00:00+05:30,642.06,659.71,628.94,653.77,470198
2018-01-18 00:00:00+05:30,653.25,654.99,637.19,644.99,282685
2018-01-19 00:00:00+05:30,644.99,651.78,625.66,645.96,483922
2018-01-22 00:00:00+05:30,641.32,657.22,640.59,655.83,460265
2018-01-23 00:00:00+05:30,659.21,662.2,652.25,656.13,299072
2018-01-24 00:00:00+05:30,653.25,661.1,647.16,648.3,508072
2018-01-25 00:00:00+05:30,647.78,657.22,642.04,644.35,448031
2018-01-29 00:00:00+05:30,644.35,650.86,635.35,640.35,227381
2018-01-30 00:00:00+05:30,639.82,646.26,628.04,640.94,356321
2018-01-31 00:00:00+05:30,641.22,661.85,635.37,647.21,1042871
2018-02-01 00:00:00+05:30,647.78,664.18,629.04,658.09,614339
2018-02-02 00:00:00+05:30,656.25,657.9,636.34,642.73,506463
2018-02-05 00:00:00+05:30,632.86,639.33,625.38,630.88,402113
2018-02-06 00:00:00+05:30,611.49,630.88,598.56,624.41,918607
2018-02-07 00:00:00+05:30,626.4,635.72,601.54,605.17,432770
2018-02-08 00:00:00+05:30,606.02,620.76,604.03,609.5,408280
2018-02-09 00:00:00+05:30,601.54,616.36,601.52,611.19,313203
2018-02-12 00:00:00+05:30,615.44,626.6,613.62,624.16,249660
2018-02-14 00:00:00+05:30,624.96,637.44,624.96,634.11,383822
2018-02-15 00:00:00+05:30,636.32,643.8,622.67,625.9,278290
2018-02-16 00:00:00+05:30,626.9,636.27,614.52,630.18,496669
2018-02-19 00:00:00+05:30,628.94,634.06,615.27,618.22,241866
2018-02-20 00:00:00+05:30,616.46,626.8,615.09,617.58,212057
2018-02-21 00:00:00+05:30,622.65,625.16,611.54,618.55,218414
2018-02-22 00:00:00+05:30,617.45,626.28,590.38,593.19,1070263
2018-02-23 00:00:00+05:30,583.25,591.35,575.77,582.7,904641
2018-02-26 00:00:00+05:30,584.14,587.08,580.69,582.48,403644
2018-02-27 00:00:00+05:30,584.12,587.4,572.54,578.7,346047
2018-02-28 00:00:00+05:30,572.46,584.14,569.13,580.61,381662
2018-03-01 00:00:00+05:30,584.47,585.64,571.72,573.28,224738
2018-03-05 00:00:00+05:30,573.21,576.19,564.76,567.86,198635
2018-03-06 00:00:00+05:30,574.95,575.12,557.3,561.15,484312
2018-03-07 00:00:00+05:30,559.78,561.28,540.77,543.15,510263
2018-03-08 00:00:00+05:30,544.42,551.08,536.92,547.9,263276
2018-03-09 00:00:00+05:30,548.85,565.15,538.75,539.8,575348
2018-03-12 00:00:00+05:30,542.46,551.83,540.54,550.26,156914
2018-03-13 00:00:00+05:30,558.29,559.81,542.63,556.28,288510
2018-03-14 00:00:00+05:30,552.23,563.91,551.85,561.37,161519
2018-03-15 00:00:00+05:30,561.28,566.47,555.93,563.07,258402
2018-03-16 00:00:00+05:30,558.29,561.87,545.37,549.39,412874
2018-03-19 00:00:00+05:30,553.32,553.32,536.44,542.14,170745
2018-03-20 00:00:00+05:30,540.99,555.68,538.66,551.08,384082
2018-03-21 00:00:00+05:30,552.45,561.3,542.81,549.12,403436
2018-03-22 00:00:00+05:30,549.34,552.33,538.18,544.65,345751
2018-03-23 00:00:00+05:30,536.92,546.88,536.17,542.33,271193
2018-03-26 00:00:00+05:30,542.38,552.33,532.44,548.4,196633
2018-03-27 00:00:00+05:30,551.83,551.83,540.49,542.63,230094
2018-03-28 00:00:00+05:30,539.95,548.35,531.94,533.36,360063
2018-04-02 00:00:00+05:30,536.82,550.69,528.46,547.78,354935
2018-04-03 00:00:00+05:30,547.78,562.2,544.37,559.01,394166
2018-04-04 00:00:00+05:30,558.81,563.26,545.62,555.09,373166
2018-04-05 00:00:00+05:30,560.28,564.26,557.3,559.21,286096
2018-04-06 00:00:00+05:30,558.79,562.72,554.54,558.49,306471
2018-04-09 00:00:00+05:30,558.29,560.75,549.64,554.99,327583
2018-04-10 00:00:00+05:30,558.79,561.5,550.04,553.94,378269
2018-04-11 00:00:00+05:30,554.09,557.5,547.36,549.34,250577
2018-04-12 00:00:00+05:30,550.34,552.28,542.38,546.78,338522
2018-04-13 00:00:00+05:30,548.82,552.7,534.21,535.0,438581
2018-04-16 00:00:00+05:30,535.0,538.68,530.95,535.85,279205
2018-04-17 00:00:00+05:30,541.34,541.34,533.83,536.54,171371
2018-04-18 00:00:00+05:30,537.41,541.32,535.42,537.01,209227
2018-04-19 00:00:00+05:30,537.96,538.9,527.07,529.21,372075
2018-04-20 00:00:00+05:30,528.96,534.43,524.51,532.96,405975
2018-04-23 00:00:00+05:30,533.31,544.07,531.42,541.27,538393
2018-04-24 00:00:00+05:30,542.38,546.63,536.92,540.99,673909
2018-04-25 00:00:00+05:30,540.4,551.8,539.18,544.12,652364
2018-04-26 00:00:00+05:30,542.88,548.2,538.43,541.24,263859
2018-04-27 00:00:00+05:30,539.48,547.85,539.48,544.6,200125
2018-04-30 00:00:00+05:30,546.86,561.18,543.63,557.99,573695
2018-05-02 00:00:00+05:30,561.28,573.7,557.3,561.2,1097929
2018-05-03 00:00:00+05:30,563.66,563.66,493.49,527.2,3471512
2018-05-04 00:00:00+05:30,526.97,528.96,505.2,509.57,817650
2018-05-07 00:00:00+05:30,510.57,519.52,506.04,517.0,609751
2018-05-08 00:00:00+05:30,519.52,524.71,515.22,517.58,488112
2018-05-09 00:00:00+05:30,517.6,526.48,514.59,518.92,392774
2018-05-10 00:00:00+05:30,520.01,522.5,514.05,517.08,805759
2018-05-11 00:00:00+05:30,519.02,521.55,513.95,515.84,370142
2018-05-14 00:00:00+05:30,516.41,520.31,506.07,507.76,487903
2018-05-15 00:00:00+05:30,511.06,527.97,506.09,524.71,868175
2018-05-16 00:00:00+05:30,520.01,526.3,513.23,524.74,407703
2018-05-17 00:00:00+05:30,525.51,531.89,519.81,521.38,482933
2018-05-18 00:00:00+05:30,523.0,523.0,512.33,515.39,254918
2018-05-21 00:00:00+05:30,515.79,520.98,510.39,514.59,242769
2018-05-22 00:00:00+05:30,516.53,517.3,507.39,508.73,163938
2018-05-23 00:00:00+05:30,507.09,513.9,503.16,508.85,410495
2018-05-24 00:00:00+05:30,512.01,517.97,507.09,511.98,167605
2018-05-25 00:00:00+05:30,511.98,524.98,508.28,521.65,213234
2018-05-28 00:00:00+05:30,522.5,543.53,516.09,540.59,516808
2018-05-29 00:00:00+05:30,544.37,545.62,518.57,521.5,727650
2018-05-30 00:00:00+05:30,521.5,522.67,513.05,517.45,244577
2018-05-31 00:00:00+05:30,520.01,522.3,505.84,519.71,670522
2018-06-01 00:00:00+05:30,519.71,521.5,504.2,509.77,269544
2018-06-04 00:00:00+05:30,511.81,513.38,487.95,493.86,769650
2018-06-05 00:00:00+05:30,493.86,494.34,473.38,481.36,931736
2018-06-06 00:00:00+05:30,481.24,497.14,480.51,491.55,336552
2018-06-07 00:00:00+05:30,496.65,499.08,490.51,497.19,418482
2018-06-08 00:00:00+05:30,496.15,505.45,492.67,501.97,282781
2018-06-11 00:00:00+05:30,504.6,516.04,503.06,513.62,307257
2018-06-12 00:00:00+05:30,513.62,521.01,509.57,518.55,356693
2018-06-13 00:00:00+05:30,518.52,518.52,507.09,508.58,169412
2018-06-14 00:00:00+05:30,507.09,507.09,498.46,501.82,190422
2018-06-15 00:00:00+05:30,504.05,506.34,495.16,496.37,536362
2018-06-18 00:00:00+05:30,497.09,514.87,496.65,503.18,585840
2018-06-19 00:00:00+05:30,503.18,506.81,492.3,495.5,316319
2018-06-20 00:00:00+05:30,497.69,501.94,494.19,496.9,170613
2018-06-21 00:00:00+05:30,500.62,500.62,487.7,492.82,243797
2018-06-22 00:00:00+05:30,493.17,497.14,485.26,494.04,217166
2018-06-25 00:00:00+05:30,495.3,501.12,489.19,490.68,181609
2018-06-26 00:00:00+05:30,494.16,494.66,487.9,490.13,232991
2018-06-27 00:00:00+05:30,491.18,491.43,478.77,481.46,208244
2018-06-28 00:00:00+05:30,482.23,482.23,473.68,474.87,330868
2018-06-29 00:00:00+05:30,477.23,491.18,475.02,487.38,261355
2018-07-02 00:00:00+05:30,488.69,491.63,480.46,486.93,158507
2018-07-03 00:00:00+05:30,482.73,489.41,478.97,484.81,176355
2018-07-04 00:00:00+05:30,486.21,488.84,480.56,482.7,127162
2018-07-05 00:00:00+05:30,484.22,486.16,477.78,483.07,257266
2018-07-06 00:00:00+05:30,480.49,489.54,478.25,485.36,207081
2018-07-09 00:00:00+05:30,488.99,495.16,487.23,492.22,312628
2018-07-10 00:00:00+05:30,493.66,507.06,491.45,504.97,398492
2018-07-11 00:00:00+05:30,504.6,509.32,492.67,495.93,445223
2018-07-12 00:00:00+05:30,497.42,506.09,486.6,488.72,243563
2018-07-13 00:00:00+05:30,492.12,492.35,481.24,483.3,313084
2018-07-16 00:00:00+05:30,483.03,483.25,467.39,473.9,284280
2018-07-17 00:00:00+05:30,476.76,481.66,471.62,478.5,276622
2018-07-18 00:00:00+05:30,482.73,491.18,475.27,477.41,474084
2018-07-19 00:00:00+05:30,478.75,480.99,465.67,469.25,372162
2018-07-20 00:00:00+05:30,469.75,483.05,462.84,479.62,419235
2018-07-23 00:00:00+05:30,482.5,486.46,470.87,482.13,365687
2018-07-24 00:00:00+05:30,482.28,491.6,477.76,478.75,805982
2018-07-25 00:00:00+05:30,479.77,485.59,474.37,477.88,292905
2018-07-26 00:00:00+05:30,482.23,484.37,475.77,481.11,371876
2018-07-27 00:00:00+05:30,484.12,493.17,478.63,489.29,636639
2018-07-30 00:00:00+05:30,491.68,494.66,484.79,486.83,471350
2018-07-31 00:00:00+05:30,486.73,494.16,481.86,491.58,458919
2018-08-01 00:00:00+05:30,493.66,506.59,489.94,498.93,853350
2018-08-02 00:00:00+05:30,498.98,503.76,493.94,495.6,435711
2018-08-03 00:00:00+05:30,497.14,508.83,496.65,503.21,722256
2018-08-06 00:00:00+05:30,506.79,511.06,503.26,507.43,456779
2018-08-07 00:00:00+05:30,510.07,515.04,507.11,512.11,529462
2018-08-08 00:00:00+05:30,515.19,519.47,499.78,504.95,713803
2018-08-09 00:00:00+05:30,504.6,513.35,492.17,499.78,1137091
2018-08-10 00:00:00+05:30,501.05,514.49,498.54,512.9,653547
2018-08-13 00:00:00+05:30,512.06,512.06,498.54,500.75,289049
2018-08-14 00:00:00+05:30,504.0,506.37,497.64,500.52,239593
2018-08-16 00:00:00+05:30,499.13,504.55,494.88,498.56,356687
2018-08-17 00:00:00+05:30,499.13,508.63,499.13,506.22,369531
2018-08-20 00:00:00+05:30,508.08,513.05,503.95,507.06,376885
2018-08-21 00:00:00+05:30,510.77,521.95,508.55,511.83,1994951
2018-08-23 00:00:00+05:30,515.54,520.51,509.8,514.67,642132
2018-08-24 00:00:00+05:30,515.04,517.83,510.12,515.22,436974
2018-08-27 00:00:00+05:30,516.98,519.02,509.85,510.77,243376
2018-08-28 00:00:00+05:30,513.05,515.22,507.61,510.91,327241
2018-08-29 00:00:00+05:30,510.57,516.04,508.23,510.47,580602
2018-08-30 00:00:00+05:30,512.06,513.03,498.14,500.0,377993
2018-08-31 00:00:00+05:30,500.13,509.42,495.98,506.96,611903
2018-09-03 00:00:00+05:30,507.96,511.04,499.13,501.79,248035
2018-09-04 00:00:00+05:30,503.11,505.1,484.24,487.42,458869
2018-09-05 00:00:00+05:30,486.21,493.42,476.76,491.03,398720
2018-09-06 00:00:00+05:30,493.51,498.54,483.45,496.37,413741
2018-09-07 00:00:00+05:30,498.64,498.64,485.31,493.37,671856
2018-09-10 00:00:00+05:30,492.17,492.17,482.5,485.88,329076
2018-09-11 00:00:00+05:30,487.2,492.17,472.54,474.5,1033859
2018-09-12 00:00:00+05:30,472.93,478.55,467.34,469.75,1502396
2018-09-14 00:00:00+05:30,473.26,482.9,471.02,476.69,968961
2018-09-17 00:00:00+05:30,476.16,491.25,473.06,488.29,1196678
2018-09-18 00:00:00+05:30,487.3,490.56,476.74,479.87,561230
2018-09-19 00:00:00+05:30,482.88,487.42,477.26,478.95,244291
2018-09-21 00:00:00+05:30,483.07,484.19,447.93,459.88,928319
2018-09-24 00:00:00+05:30,460.13,465.28,453.89,457.2,299076
2018-09-25 00:00:00+05:30,457.37,473.98,452.67,468.19,760220
2018-09-26 00:00:00+05:30,473.13,473.13,459.36,470.15,371623
2018-09-27 00:00:00+05:30,469.15,474.57,458.17,472.56,648072
2018-09-28 00:00:00+05:30,473.28,475.12,449.92,469.88,947933
2018-10-01 00:00:00+05:30,469.75,473.88,459.36,468.24,421703
2018-10-03 00:00:00+05:30,466.82,491.68,465.1,487.35,658988
2018-10-04 00:00:00+05:30,487.2,487.2,467.59,478.95,594214
2018-10-05 00:00:00+05:30,474.77,479.52,464.08,470.97,395254
2018-10-08 00:00:00+05:30,469.8,471.29,449.92,468.06,474050
2018-10-09 00:00:00+05:30,468.76,468.76,422.7,443.38,1656333
2018-10-10 00:00:00+05:30,444.94,459.73,443.3,455.43,706125
2018-10-11 00:00:00+05:30,445.22,446.93,433.06,440.79,637598
2018-10-12 00:00:00+05:30,445.19,456.65,442.73,454.24,371287
2018-10-15 00:00:00+05:30,453.89,466.69,450.31,464.53,246108
2018-10-16 00:00:00+05:30,463.59,469.65,458.54,466.45,372349
2018-10-17 00:00:00+05:30,469.8,470.3,460.53,463.66,198518
2018-10-19 00:00:00+05:30,461.85,461.85,432.54,434.63,1078730
2018-10-22 00:00:00+05:30,436.54,443.4,428.31,437.34,619348
2018-10-23 00:00:00+05:30,436.39,445.89,423.77,427.69,495366
2018-10-24 00:00:00+05:30,429.04,446.93,427.82,442.73,330751
2018-10-25 00:00:00+05:30,436.49,444.22,428.84,436.89,251301
2018-10-26 00:00:00+05:30,436.09,442.61,427.57,430.4,319807
2018-10-29 00:00:00+05:30,430.3,443.45,426.15,441.66,766026
2018-10-30 00:00:00+05:30,441.66,453.59,435.77,451.13,603045
2018-10-31 00:00:00+05:30,453.45,466.32,443.48,463.19,474293
2018-11-01 00:00:00+05:30,468.93,497.14,465.82,469.06,1949484
2018-11-02 00:00:00+05:30,474.23,480.42,472.83,477.68,491506
2018-11-05 00:00:00+05:30,476.94,487.2,472.09,484.94,538874
2018-11-06 00:00:00+05:30,486.7,489.59,463.34,466.54,384834
2018-11-07 00:00:00+05:30,468.36,469.78,464.33,468.09,66007
2018-11-09 00:00:00+05:30,466.97,476.76,462.89,472.26,477596
2018-11-12 00:00:00+05:30,472.78,477.01,449.32,453.32,729229
2018-11-13 00:00:00+05:30,451.41,464.66,448.45,454.34,715402
2018-11-14 00:00:00+05:30,459.54,459.54,437.49,440.37,2503913
2018-11-15 00:00:00+05:30,442.33,468.31,432.02,463.76,2433283
2018-11-16 00:00:00+05:30,465.33,490.28,457.62,487.92,2934725
2018-11-19 00:00:00+05:30,494.66,494.66,461.85,468.14,5497522
2018-11-20 00:00:00+05:30,470.2,470.2,459.93,464.95,3056227
2018-11-21 00:00:00+05:30,465.82,466.17,452.67,456.01,1266096
2018-11-22 00:00:00+05:30,453.89,458.39,450.98,456.01,1001090
2018-11-26 00:00:00+05:30,456.38,458.96,449.22,454.02,2747949
2018-11-27 00:00:00+05:30,454.39,458.62,449.17,450.34,1271825
2018-11-28 00:00:00+05:30,451.9,455.68,447.98,452.08,1137051
2018-11-29 00:00:00+05:30,452.08,462.34,447.48,457.92,2388025
2018-11-30 00:00:00+05:30,461.1,476.07,452.67,472.61,14089518
2018-12-03 00:00:00+05:30,477.01,477.01,462.84,468.41,983144
2018-12-04 00:00:00+05:30,464.95,471.04,462.89,467.61,602051
2018-12-05 00:00:00+05:30,463.84,467.29,448.35,450.59,2355471
2018-12-06 00:00:00+05:30,453.57,470.57,448.8,458.99,3981123
2018-12-07 00:00:00+05:30,461.05,477.11,456.5,471.49,2391621
2018-12-10 00:00:00+05:30,455.11,471.29,449.99,460.93,2330039
2018-12-11 00:00:00+05:30,453.4,474.28,452.58,466.12,2638680
2018-12-12 00:00:00+05:30,467.02,483.57,466.94,478.45,1889302
2018-12-13 00:00:00+05:30,480.84,486.13,473.43,477.28,1074850
2018-12-14 00:00:00+05:30,476.76,484.72,473.38,480.69,999773
2018-12-17 00:00:00+05:30,481.83,490.03,473.98,481.33,1817023
2018-12-18 00:00:00+05:30,477.23,489.46,476.79,488.2,977351
2018-12-19 00:00:00+05:30,490.18,520.04,489.04,506.69,3835613
2018-12-20 00:00:00+05:30,504.45,510.27,492.37,495.48,1392826
2018-12-21 00:00:00+05:30,497.14,504.58,488.22,493.99,1812491
2018-12-24 00:00:00+05:30,495.16,502.09,489.29,495.11,1134714
2018-12-26 00:00:00+05:30,495.6,519.52,487.5,515.12,4261466
2018-12-27 00:00:00+05:30,519.02,521.5,507.58,513.05,1867966
2018-12-28 00:00:00+05:30,512.06,526.97,509.57,518.7,2900862
2018-12-31 00:00:00+05:30,521.75,525.13,516.56,520.46,965867
2019-01-01 00:00:00+05:30,522.0,529.71,519.22,528.29,2191353
2019-01-02 00:00:00+05:30,530.45,530.75,521.8,525.26,1170033
2019-01-03 00:00:00+05:30,522.62,534.38,516.31,519.47,1447430
2019-01-04 00:00:00+05:30,519.52,530.65,514.64,528.31,1335909
2019-01-07 00:00:00+05:30,529.96,533.91,526.33,527.99,445780
2019-01-08 00:00:00+05:30,527.97,530.45,522.0,523.14,471952
2019-01-09 00:00:00+05:30,523.94,529.14,520.26,523.77,993143
2019-01-10 00:00:00+05:30,525.98,534.43,523.0,532.47,714767
2019-01-11 00:00:00+05:30,533.98,534.43,522.92,525.9,625571
2019-01-14 00:00:00+05:30,523.05,529.68,516.93,524.04,626295
2019-01-15 00:00:00+05:30,528.22,533.16,525.48,528.49,550153
2019-01-16 00:00:00+05:30,532.44,532.44,522.03,527.25,483588
2019-01-17 00:00:00+05:30,526.97,531.84,523.0,529.36,1005407
2019-01-18 00:00:00+05:30,530.92,530.92,522.0,524.36,236923
2019-01-21 00:00:00+05:30,524.34,526.33,517.03,519.42,346159
2019-01-22 00:00:00+05:30,517.03,526.92,515.54,521.75,812811
2019-01-23 00:00:00+05:30,519.59,523.82,518.05,519.52,369913
2019-01-24 00:00:00+05:30,519.02,524.06,505.62,511.04,727421
2019-01-25 00:00:00+05:30,510.57,519.52,506.84,511.93,428962
2019-01-28 00:00:00+05:30,509.97,509.97,486.01,492.89,642786
2019-01-29 00:00:00+05:30,488.2,505.32,488.2,503.08,743129
2019-01-30 00:00:00+05:30,506.59,507.36,496.65,503.83,384440
2019-01-31 00:00:00+05:30,505.15,514.44,499.01,512.11,565369
2019-02-01 00:00:00+05:30,512.56,519.22,507.24,512.61,475685
2019-02-04 00:00:00+05:30,509.57,515.76,502.54,508.73,572929
2019-02-05 00:00:00+05:30,509.08,513.05,492.17,494.46,1056923
2019-02-06 00:00:00+05:30,494.96,512.48,492.17,507.36,2266064
2019-02-07 00:00:00+05:30,519.52,546.11,509.57,520.81,4817906
2019-02-08 00:00:00+05:30,523.42,528.56,510.47,512.46,802486
2019-02-11 00:00:00+05:30,509.82,517.03,492.67,511.96,1278935
2019-02-12 00:00:00+05:30,515.44,521.31,499.63,503.51,717390
2019-02-13 00:00:00+05:30,505.37,508.55,483.72,488.57,1444539
2019-02-14 00:00:00+05:30,486.21,493.14,484.99,490.21,903601
2019-02-15 00:00:00+05:30,488.94,490.21,474.15,478.28,1181543
2019-02-18 00:00:00+05:30,479.15,482.63,467.94,469.35,820119
2019-02-19 00:00:00+05:30,466.94,477.21,465.18,469.7,879349
2019-02-20 00:00:00+05:30,472.29,482.08,470.75,480.54,1007694
2019-02-21 00:00:00+05:30,480.74,492.67,469.55,490.41,1832594
2019-02-22 00:00:00+05:30,489.19,496.85,483.05,493.07,1396994
2019-02-25 00:00:00+05:30,494.66,497.49,487.7,491.65,339483
2019-02-26 00:00:00+05:30,486.75,493.17,479.94,490.81,593530
2019-02-27 00:00:00+05:30,491.48,500.62,483.99,486.73,538838
2019-02-28 00:00:00+05:30,489.19,497.14,481.16,493.14,1223712
2019-03-01 00:00:00+05:30,493.66,507.04,493.29,501.79,1064519
2019-03-05 00:00:00+05:30,499.95,515.24,496.4,512.31,822548
2019-03-06 00:00:00+05:30,515.54,521.43,503.93,506.69,904828
2019-03-07 00:00:00+05:30,506.94,514.12,503.31,507.78,991435
2019-03-08 00:00:00+05:30,507.58,512.06,502.56,509.0,539216
2019-03-11 00:00:00+05:30,508.58,527.97,508.58,525.16,1379122
2019-03-12 00:00:00+05:30,528.96,529.96,522.2,523.67,1055640
2019-03-13 00:00:00+05:30,523.67,531.45,519.54,523.87,1655144
2019-03-14 00:00:00+05:30,525.48,528.02,514.05,515.46,486634
2019-03-15 00:00:00+05:30,514.54,519.52,512.78,514.97,493485
2019-03-18 00:00:00+05:30,515.54,520.44,509.67,515.17,660579
2019-03-19 00:00:00+05:30,515.04,525.7,506.14,521.65,1176056
2019-03-20 00:00:00+05:30,524.46,536.92,517.85,527.82,1937761
2019-03-22 00:00:00+05:30,526.55,530.8,518.52,521.53,889960
2019-03-25 00:00:00+05:30,516.58,525.88,514.54,521.43,434934
2019-03-26 00:00:00+05:30,518.82,529.46,518.82,525.75,647947
2019-03-27 00:00:00+05:30,529.46,539.72,526.23,529.33,1957586
2019-03-28 00:00:00+05:30,529.61,544.07,529.33,540.92,1895841
2019-03-29 00:00:00+05:30,548.85,565.25,547.9,561.18,3836687
2019-04-01 00:00:00+05:30,562.77,568.83,559.06,562.42,1155225
2019-04-02 00:00:00+05:30,566.25,566.25,555.88,562.37,788015
2019-04-03 00:00:00+05:30,561.77,584.04,560.55,577.08,3133338
2019-04-04 00:00:00+05:30,579.62,579.62,564.83,567.42,898474
2019-04-05 00:00:00+05:30,565.0,576.69,561.4,570.17,868768
2019-04-08 00:00:00+05:30,572.26,578.92,567.02,569.4,795331
2019-04-09 00:00:00+05:30,569.28,575.69,563.86,573.73,436163
2019-04-10 00:00:00+05:30,570.85,581.11,568.73,579.5,763179
2019-04-11 00:00:00+05:30,579.82,586.13,576.91,583.75,1697961
2019-04-12 00:00:00+05:30,582.73,594.09,580.32,588.49,838958
2019-04-15 00:00:00+05:30,589.24,592.1,586.7,590.43,763274
2019-04-16 00:00:00+05:30,590.86,595.08,585.96,591.68,462385
2019-04-18 00:00:00+05:30,589.12,593.89,582.4,588.82,629542
2019-04-22 00:00:00+05:30,587.18,588.59,573.18,575.84,449123
2019-04-23 00:00:00+05:30,580.14,583.65,574.2,580.79,430081
2019-04-24 00:00:00+05:30,580.54,586.63,575.44,585.44,375563
2019-04-25 00:00:00+05:30,587.6,597.47,579.57,593.47,882951
2019-04-26 00:00:00+05:30,594.09,595.55,584.39,586.18,1095506
2019-04-30 00:00:00+05:30,583.3,587.4,577.81,583.03,495909
2019-05-02 00:00:00+05:30,578.28,590.63,569.73,571.52,514559
2019-05-03 00:00:00+05:30,573.68,586.26,569.23,584.59,545554
2019-05-06 00:00:00+05:30,582.21,582.21,563.76,568.16,475782
2019-05-07 00:00:00+05:30,568.16,570.65,554.39,557.8,1370016
2019-05-08 00:00:00+05:30,552.38,555.21,534.7,541.41,1777338
2019-05-09 00:00:00+05:30,537.06,546.58,535.05,541.81,719170
2019-05-10 00:00:00+05:30,541.81,549.32,527.69,532.47,947388
2019-05-13 00:00:00+05:30,530.5,531.97,522.0,522.45,878663
2019-05-14 00:00:00+05:30,519.52,548.35,518.79,541.71,2834272
2019-05-15 00:00:00+05:30,545.86,547.9,530.63,533.88,852962
2019-05-16 00:00:00+05:30,536.42,564.26,534.43,561.57,1152588
2019-05-17 00:00:00+05:30,561.35,566.05,551.83,559.76,765587
2019-05-20 00:00:00+05:30,567.19,595.23,567.19,592.65,828187
2019-05-21 00:00:00+05:30,591.8,617.3,582.06,588.15,1582499
2019-05-22 00:00:00+05:30,587.18,591.55,574.7,581.16,663379
2019-05-23 00:00:00+05:30,590.61,608.45,585.26,589.02,1135192
2019-05-24 00:00:00+05:30,588.42,611.88,588.42,605.99,1138334
2019-05-27 00:00:00+05:30,606.02,639.08,606.02,635.18,1823751
2019-05-28 00:00:00+05:30,632.72,634.55,619.44,627.54,639211
2019-05-29 00:00:00+05:30,627.4,637.34,619.59,622.67,748335
2019-05-30 00:00:00+05:30,623.32,651.26,620.41,645.86,1720298
2019-05-31 00:00:00+05:30,648.05,649.89,622.42,632.27,1578830
2019-06-03 00:00:00+05:30,632.79,641.99,625.16,636.37,891132
2019-06-04 00:00:00+05:30,636.34,636.34,626.4,630.01,718991
2019-06-06 00:00:00+05:30,627.4,632.24,616.46,617.28,550844
2019-06-07 00:00:00+05:30,616.46,629.83,611.01,623.05,900305
2019-06-10 00:00:00+05:30,625.46,638.18,622.92,631.35,878096
2019-06-11 00:00:00+05:30,631.37,635.55,626.82,631.42,357178
2019-06-12 00:00:00+05:30,628.89,635.3,621.58,626.33,696126
2019-06-13 00:00:00+05:30,626.4,633.86,623.44,631.87,397951
2019-06-14 00:00:00+05:30,629.38,636.29,621.43,623.37,377705
2019-06-17 00:00:00+05:30,623.42,628.34,618.1,621.78,395149
2019-06-18 00:00:00+05:30,623.42,634.11,618.37,625.76,524035
2019-06-19 00:00:00+05:30,628.34,642.31,610.99,631.02,1588990
2019-06-20 00:00:00+05:30,629.63,635.05,621.95,632.49,748966
2019-06-21 00:00:00+05:30,632.49,636.67,612.28,616.53,949353
2019-06-24 00:00:00+05:30,620.93,623.92,608.03,620.36,684769
2019-06-25 00:00:00+05:30,616.23,624.86,614.22,622.1,610360
2019-06-26 00:00:00+05:30,626.9,628.81,620.71,622.97,531379
2019-06-27 00:00:00+05:30,624.41,646.29,623.47,643.4,1346127
2019-06-28 00:00:00+05:30,647.28,656.18,639.15,651.93,2086287
2019-07-01 00:00:00+05:30,656.21,663.14,646.83,661.43,1243264
2019-07-02 00:00:00+05:30,664.68,666.17,654.29,659.73,1152783
2019-07-03 00:00:00+05:30,662.69,665.48,657.05,662.07,591851
2019-07-04 00:00:00+05:30,662.2,677.04,659.98,674.95,1573212
2019-07-05 00:00:00+05:30,676.46,679.62,623.15,626.2,3027988
2019-07-08 00:00:00+05:30,631.37,638.06,612.58,620.11,1758786
2019-07-09 00:00:00+05:30,621.43,631.72,613.0,626.45,1095896
2019-07-10 00:00:00+05:30,624.04,632.02,598.56,602.94,1573578
2019-07-11 00:00:00+05:30,607.26,619.94,603.86,614.45,985827
2019-07-12 00:00:00+05:30,616.93,618.6,606.79,611.74,671484
2019-07-15 00:00:00+05:30,614.47,615.94,599.75,604.78,818612
2019-07-16 00:00:00+05:30,603.53,613.72,603.53,611.66,950600
2019-07-17 00:00:00+05:30,612.48,618.8,604.03,606.86,730597
2019-07-18 00:00:00+05:30,610.17,611.49,597.12,599.13,559705
2019-07-19 00:00:00+05:30,600.13,606.94,590.71,593.57,552864
2019-07-22 00:00:00+05:30,593.44,593.59,581.16,590.31,541290
2019-07-23 00:00:00+05:30,589.19,606.47,586.53,598.91,889509
2019-07-24 00:00:00+05:30,598.91,598.91,578.77,587.92,661645
2019-07-25 00:00:00+05:30,592.0,596.57,580.49,582.45,569650
2019-07-26 00:00:00+05:30,584.37,595.68,581.68,589.76,412991
2019-07-29 00:00:00+05:30,590.61,598.51,577.71,580.54,520252
2019-07-30 00:00:00+05:30,578.82,587.13,568.73,574.13,620959
2019-07-31 00:00:00+05:30,571.69,578.2,565.25,569.11,988651
2019-08-01 00:00:00+05:30,566.74,572.68,547.85,556.55,787547
2019-08-02 00:00:00+05:30,554.29,561.13,547.13,554.34,827213
2019-08-05 00:00:00+05:30,548.45,558.67,539.92,550.41,539870
2019-08-06 00:00:00+05:30,545.91,567.22,545.91,562.34,839725
2019-08-07 00:00:00+05:30,562.27,564.26,544.65,547.58,695436
2019-08-08 00:00:00+05:30,555.26,592.65,548.85,571.81,4774450
2019-08-09 00:00:00+05:30,573.7,590.61,571.77,579.94,1418386
2019-08-13 00:00:00+05:30,582.65,583.87,565.08,567.76,845292
2019-08-14 00:00:00+05:30,567.76,583.4,563.76,578.08,871275
2019-08-16 00:00:00+05:30,572.76,584.04,567.02,576.74,700871
2019-08-19 00:00:00+05:30,580.17,590.61,577.23,580.14,610543
2019-08-20 00:00:00+05:30,580.71,583.03,570.72,580.61,511065
2019-08-21 00:00:00+05:30,579.17,580.61,569.4,572.66,500479
2019-08-22 00:00:00+05:30,575.17,577.28,560.95,566.37,492622
2019-08-23 00:00:00+05:30,564.76,574.7,558.02,570.52,459625
2019-08-26 00:00:00+05:30,580.59,586.53,564.76,582.75,953080
2019-08-27 00:00:00+05:30,585.66,607.96,585.64,594.98,1285865
2019-08-28 00:00:00+05:30,594.58,598.01,582.78,585.61,282476
2019-08-29 00:00:00+05:30,583.6,592.65,577.18,584.62,403247
2019-08-30 00:00:00+05:30,586.63,601.05,579.72,597.69,852735
2019-09-03 00:00:00+05:30,596.08,600.45,570.57,575.57,857846
2019-09-04 00:00:00+05:30,576.64,582.16,564.76,580.56,498083
2019-09-05 00:00:00+05:30,583.47,587.67,578.7,581.68,469544
2019-09-06 00:00:00+05:30,587.13,593.99,578.1,590.73,395089
2019-09-09 00:00:00+05:30,588.82,609.92,587.1,606.19,768317
2019-09-11 00:00:00+05:30,611.49,616.01,604.53,608.88,1403897
2019-09-12 00:00:00+05:30,612.48,619.94,603.31,611.01,1125157
2019-09-13 00:00:00+05:30,610.44,623.32,608.26,619.59,805411
2019-09-16 00:00:00+05:30,613.97,625.71,611.79,617.7,710293
2019-09-17 00:00:00+05:30,616.46,628.89,614.47,618.02,849567
2019-09-18 00:00:00+05:30,621.43,626.35,615.02,620.19,674453
2019-09-19 00:00:00+05:30,616.73,619.94,609.82,613.58,575157
2019-09-20 00:00:00+05:30,617.01,663.69,611.04,660.08,2049241
2019-09-23 00:00:00+05:30,671.14,726.08,671.14,718.4,2309991
2019-09-24 00:00:00+05:30,718.37,742.63,706.79,713.55,1598563
2019-09-25 00:00:00+05:30,707.96,733.31,707.96,717.13,2273388
2019-09-26 00:00:00+05:30,720.56,745.72,716.86,740.65,2189056
2019-09-27 00:00:00+05:30,739.25,755.66,734.56,750.22,1885377
2019-09-30 00:00:00+05:30,750.22,759.54,734.85,753.7,1659523
2019-10-01 00:00:00+05:30,755.11,778.03,752.23,767.22,2274721
2019-10-03 00:00:00+05:30,767.09,771.57,745.99,758.47,1282172
2019-10-04 00:00:00+05:30,758.64,773.78,758.64,762.32,1469182
2019-10-07 00:00:00+05:30,759.64,775.54,742.34,756.35,1673316
2019-10-09 00:00:00+05:30,756.35,792.94,753.42,789.56,2132523
2019-10-10 00:00:00+05:30,788.47,794.78,772.66,781.66,1609821
2019-10-11 00:00:00+05:30,781.66,792.94,778.06,782.63,1022074
2019-10-14 00:00:00+05:30,785.54,797.67,780.34,782.36,1167121
2019-10-15 00:00:00+05:30,784.84,793.19,782.5,791.45,971393
2019-10-16 00:00:00+05:30,792.94,804.38,791.45,801.02,1204991
2019-10-17 00:00:00+05:30,800.5,811.54,799.61,806.64,1725655
2019-10-18 00:00:00+05:30,808.13,823.27,805.47,819.64,1006956
2019-10-22 00:00:00+05:30,820.29,841.91,818.27,832.72,1192397
2019-10-23 00:00:00+05:30,832.72,853.82,824.91,831.82,1570970
2019-10-24 00:00:00+05:30,831.97,835.67,806.86,810.94,1159008
2019-10-25 00:00:00+05:30,809.35,810.94,791.7,805.67,1193246
2019-10-27 00:00:00+05:30,809.85,815.32,802.89,807.26,78641
2019-10-29 00:00:00+05:30,809.3,826.73,807.39,815.79,949011
2019-10-30 00:00:00+05:30,822.6,830.73,816.09,820.93,642301
2019-10-31 00:00:00+05:30,824.56,833.69,819.39,823.32,910949
2019-11-01 00:00:00+05:30,828.47,841.86,826.13,831.05,895757
2019-11-04 00:00:00+05:30,835.25,843.5,826.28,836.92,1056159
2019-11-05 00:00:00+05:30,834.95,838.21,815.42,833.91,886101
2019-11-06 00:00:00+05:30,835.2,849.59,825.31,836.57,1186133
2019-11-07 00:00:00+05:30,838.53,845.12,824.76,827.77,1307012
2019-11-08 00:00:00+05:30,832.19,836.69,815.42,819.54,1929166
2019-11-11 00:00:00+05:30,818.8,837.59,815.32,832.82,1181127
2019-11-13 00:00:00+05:30,839.68,842.66,807.36,812.61,1695646
2019-11-14 00:00:00+05:30,812.83,820.36,799.53,801.64,1172103
2019-11-15 00:00:00+05:30,802.04,806.96,777.83,783.4,2002171
2019-11-18 00:00:00+05:30,783.25,794.29,768.53,772.86,2231352
2019-11-19 00:00:00+05:30,772.59,790.46,768.36,784.99,1708602
2019-11-20 00:00:00+05:30,780.52,794.41,748.7,767.19,4560242
2019-11-21 00:00:00+05:30,769.58,771.37,757.7,767.17,1739025
2019-11-22 00:00:00+05:30,767.19,767.59,730.95,740.52,2947056
2019-11-25 00:00:00+05:30,742.73,759.46,741.52,756.45,2054522
2019-11-26 00:00:00+05:30,760.63,766.67,726.9,742.68,15331050
2019-11-27 00:00:00+05:30,735.67,737.76,719.86,732.91,2299644
2019-11-28 00:00:00+05:30,736.27,742.68,728.66,739.18,958294
2019-11-29 00:00:00+05:30,738.88,744.72,726.35,730.9,807068
2019-12-02 00:00:00+05:30,730.85,740.25,727.37,737.12,534539
2019-12-03 00:00:00+05:30,734.83,742.48,728.81,734.36,769063
2019-12-04 00:00:00+05:30,733.78,747.56,725.86,738.66,1377567
2019-12-05 00:00:00+05:30,739.25,743.18,730.38,735.3,496327
2019-12-06 00:00:00+05:30,737.61,740.57,724.04,733.36,576724
2019-12-09 00:00:00+05:30,735.77,738.26,727.37,733.19,409051
2019-12-10 00:00:00+05:30,734.78,740.17,725.83,728.19,318139
2019-12-11 00:00:00+05:30,729.56,745.17,722.67,742.24,726822
2019-12-12 00:00:00+05:30,745.22,749.15,732.47,739.65,743362
2019-12-13 00:00:00+05:30,742.58,745.22,708.26,737.81,712190
2019-12-16 00:00:00+05:30,737.76,754.91,737.14,742.41,1888256
2019-12-17 00:00:00+05:30,743.78,748.1,735.92,743.26,787168
2019-12-18 00:00:00+05:30,744.52,753.32,742.24,747.41,901793
2019-12-19 00:00:00+05:30,746.91,764.11,744.22,759.49,1532516
2019-12-20 00:00:00+05:30,762.92,770.52,753.97,765.83,2059999
2019-12-23 00:00:00+05:30,765.1,774.55,757.77,762.25,1003192
2019-12-24 00:00:00+05:30,764.61,769.18,760.78,763.46,400478
2019-12-26 00:00:00+05:30,763.69,766.27,753.67,756.53,536259
2019-12-27 00:00:00+05:30,759.49,763.09,755.78,759.01,379158
2019-12-30 00:00:00+05:30,760.9,768.09,752.53,754.79,800301
2019-12-31 00:00:00+05:30,753.17,757.65,742.09,744.08,664809
2020-01-01 00:00:00+05:30,744.08,749.64,739.3,741.37,318139
2020-01-02 00:00:00+05:30,745.22,755.11,738.56,752.53,680567
2020-01-03 00:00:00+05:30,753.67,754.42,742.06,751.26,641062
2020-01-06 00:00:00+05:30,740.79,748.03,725.61,733.04,506368
2020-01-07 00:00:00+05:30,735.75,744.4,733.29,738.33,376736
2020-01-08 00:00:00+05:30,731.08,737.26,727.37,732.34,432547
2020-01-09 00:00:00+05:30,750.39,751.61,738.78,750.39,420102
2020-01-10 00:00:00+05:30,751.68,761.62,747.13,750.81,1444384
2020-01-13 00:00:00+05:30,751.68,754.76,740.52,746.61,677067
2020-01-14 00:00:00+05:30,747.21,754.17,745.99,751.18,606102
2020-01-15 00:00:00+05:30,749.59,756.65,745.74,749.82,934542
2020-01-16 00:00:00+05:30,750.69,768.98,750.69,763.34,1414946
2020-01-17 00:00:00+05:30,764.11,794.29,764.11,789.46,2093870
2020-01-20 00:00:00+05:30,792.89,799.9,785.76,791.33,918617
2020-01-21 00:00:00+05:30,791.3,800.9,783.05,787.03,1170542
2020-01-22 00:00:00+05:30,789.46,792.94,778.28,784.32,471385
2020-01-23 00:00:00+05:30,784.67,792.85,780.09,786.83,709935
2020-01-24 00:00:00+05:30,786.98,809.3,786.98,807.83,1359371
2020-01-27 00:00:00+05:30,809.85,814.82,770.85,774.1,1974814
2020-01-28 00:00:00+05:30,774.85,783.23,746.24,749.1,1374622
2020-01-29 00:00:00+05:30,752.18,765.3,740.89,759.74,1261230
2020-01-30 00:00:00+05:30,760.63,762.82,747.46,750.59,715592
2020-01-31 00:00:00+05:30,753.17,757.8,736.92,745.84,672367
2020-02-01 00:00:00+05:30,740.79,750.69,695.6,704.1,689557
2020-02-03 00:00:00+05:30,705.77,725.63,703.71,714.52,885607
2020-02-04 00:00:00+05:30,719.17,740.65,719.09,734.48,587934
2020-02-05 00:00:00+05:30,739.25,750.02,735.77,744.55,550058
2020-02-06 00:00:00+05:30,746.71,756.16,742.61,751.26,541169
2020-02-07 00:00:00+05:30,750.69,753.17,738.53,749.25,414838
2020-02-10 00:00:00+05:30,748.7,748.7,731.08,733.76,470489
2020-02-11 00:00:00+05:30,737.02,756.65,725.88,743.11,2818900
2020-02-12 00:00:00+05:30,740.74,740.74,700.6,707.78,3352910
2020-02-13 00:00:00+05:30,710.92,720.86,701.89,706.09,1449087
2020-02-14 00:00:00+05:30,709.62,714.37,692.52,694.96,1048384
2020-02-17 00:00:00+05:30,699.26,699.26,683.22,687.43,1092161
2020-02-18 00:00:00+05:30,685.88,695.45,677.16,693.07,564378
2020-02-19 00:00:00+05:30,697.24,708.43,695.95,706.89,606808
2020-02-20 00:00:00+05:30,703.68,711.04,700.35,702.32,542632
2020-02-24 00:00:00+05:30,698.49,705.57,680.17,682.98,581049
2020-02-25 00:00:00+05:30,687.05,698.46,678.6,687.43,991395
2020-02-26 00:00:00+05:30,684.14,694.83,666.17,669.35,1115763
2020-02-27 00:00:00+05:30,670.15,677.61,655.58,672.34,1367934
2020-02-28 00:00:00+05:30,663.64,668.63,639.55,648.15,1640979
2020-03-02 00:00:00+05:30,656.23,673.98,644.8,651.58,840316
2020-03-03 00:00:00+05:30,655.81,677.48,646.86,674.35,1118531
2020-03-04 00:00:00+05:30,680.59,680.59,651.58,663.12,978769
2020-03-05 00:00:00+05:30,664.23,672.64,656.23,663.89,928202
2020-03-06 00:00:00+05:30,646.78,667.54,641.59,665.68,767190
2020-03-09 00:00:00+05:30,653.64,656.21,630.48,639.63,1159755
2020-03-11 00:00:00+05:30,633.86,643.83,626.65,639.13,1610942
2020-03-12 00:00:00+05:30,623.92,625.41,571.74,586.75,1573080
2020-03-13 00:00:00+05:30,538.01,641.32,498.76,603.36,1162921
2020-03-16 00:00:00+05:30,579.17,588.64,566.47,570.85,1362631
2020-03-17 00:00:00+05:30,573.21,600.45,559.31,564.73,938267
2020-03-18 00:00:00+05:30,568.73,580.86,539.08,555.78,1199594
2020-03-19 00:00:00+05:30,539.9,575.1,517.73,553.42,764070
2020-03-20 00:00:00+05:30,557.07,586.03,539.4,581.43,942455
2020-03-23 00:00:00+05:30,539.4,575.42,471.24,495.18,631316
2020-03-24 00:00:00+05:30,492.67,531.89,492.67,506.49,644095
2020-03-25 00:00:00+05:30,506.49,530.28,502.19,521.63,757704
2020-03-26 00:00:00+05:30,531.94,566.25,531.89,542.19,664813
2020-03-27 00:00:00+05:30,570.72,580.07,512.73,519.09,671980
2020-03-30 00:00:00+05:30,516.26,543.65,507.41,537.39,718884
2020-03-31 00:00:00+05:30,544.37,568.24,541.34,553.52,1720685
2020-04-01 00:00:00+05:30,554.32,559.19,529.51,539.5,570115
2020-04-03 00:00:00+05:30,545.02,545.02,519.02,522.62,564104
2020-04-07 00:00:00+05:30,542.88,557.65,532.24,553.47,475190
2020-04-08 00:00:00+05:30,552.3,584.14,543.38,549.72,733498
2020-04-09 00:00:00+05:30,554.81,586.63,554.32,573.95,995142
2020-04-13 00:00:00+05:30,581.66,599.06,559.29,588.25,1336888
2020-04-15 00:00:00+05:30,589.12,623.15,589.12,593.22,1522350
2020-04-16 00:00:00+05:30,588.22,610.49,582.38,601.54,1426599
2020-04-17 00:00:00+05:30,618.94,618.94,586.78,595.4,784732
2020-04-20 00:00:00+05:30,600.3,602.54,582.16,585.56,511124
2020-04-21 00:00:00+05:30,571.22,582.6,571.22,576.29,366469
2020-04-22 00:00:00+05:30,573.7,576.59,551.83,562.54,1470964
2020-04-23 00:00:00+05:30,564.26,596.4,564.26,581.14,2101482
2020-04-24 00:00:00+05:30,576.19,598.41,564.26,569.68,1556306
2020-04-27 00:00:00+05:30,577.18,584.57,566.25,569.11,574735
2020-04-28 00:00:00+05:30,575.64,590.98,564.26,566.79,1065633
2020-04-29 00:00:00+05:30,570.72,570.72,553.37,560.36,1057438
2020-04-30 00:00:00+05:30,570.72,586.13,563.24,566.62,1226874
2020-05-04 00:00:00+05:30,551.83,551.83,530.95,544.6,1177458
2020-05-05 00:00:00+05:30,550.84,558.17,528.54,531.82,815641
2020-05-06 00:00:00+05:30,531.65,546.36,516.78,521.83,1224738
2020-05-07 00:00:00+05:30,521.95,533.88,519.52,524.39,671661
2020-05-08 00:00:00+05:30,529.16,533.06,515.14,518.7,634671
2020-05-11 00:00:00+05:30,525.18,526.38,505.84,512.11,1155265
2020-05-12 00:00:00+05:30,510.12,514.74,495.3,504.73,1095518
2020-05-13 00:00:00+05:30,522.0,527.97,509.57,519.39,1086209
2020-05-14 00:00:00+05:30,502.12,536.92,492.82,521.58,3424648
2020-05-15 00:00:00+05:30,522.7,541.61,517.05,538.21,2466678
2020-05-18 00:00:00+05:30,539.33,539.4,492.17,495.68,1449264
2020-05-19 00:00:00+05:30,514.52,517.58,497.77,507.51,2322022
2020-05-20 00:00:00+05:30,507.36,517.03,499.36,508.48,1074596
2020-05-21 00:00:00+05:30,509.57,515.29,502.41,507.96,1296246
2020-05-22 00:00:00+05:30,505.6,512.95,497.84,504.6,1066061
2020-05-26 00:00:00+05:30,507.09,516.53,504.6,508.06,985769
2020-05-27 00:00:00+05:30,509.57,510.77,502.36,506.49,1011208
2020-05-28 00:00:00+05:30,509.47,534.38,507.61,532.69,1804697
2020-05-29 00:00:00+05:30,532.69,546.26,526.97,541.49,2596749
2020-06-01 00:00:00+05:30,549.34,570.22,547.7,559.54,1467752
2020-06-02 00:00:00+05:30,560.38,567.24,548.25,551.66,1078808
2020-06-03 00:00:00+05:30,559.29,569.73,552.82,560.9,1593078
2020-06-04 00:00:00+05:30,559.29,565.25,548.92,553.52,1242940
2020-06-05 00:00:00+05:30,556.25,580.66,556.25,572.01,2634659
2020-06-08 00:00:00+05:30,581.46,584.02,558.96,562.24,1431507
2020-06-09 00:00:00+05:30,564.26,570.94,555.28,558.17,705888
2020-06-10 00:00:00+05:30,555.81,561.28,543.25,547.88,792758
2020-06-11 00:00:00+05:30,549.15,553.77,529.56,531.45,867000
2020-06-12 00:00:00+05:30,509.85,536.32,509.75,531.27,730619
2020-06-15 00:00:00+05:30,529.31,536.92,516.53,521.43,830932
2020-06-16 00:00:00+05:30,530.95,530.95,506.66,513.4,1371297
2020-06-17 00:00:00+05:30,511.56,517.97,507.58,510.84,978531
2020-06-18 00:00:00+05:30,510.02,524.39,508.85,518.62,983057
2020-06-19 00:00:00+05:30,519.52,534.23,519.52,530.4,1512638
2020-06-22 00:00:00+05:30,530.45,546.81,530.45,538.83,1031309
2020-06-23 00:00:00+05:30,549.34,554.17,539.4,547.5,979024
2020-06-24 00:00:00+05:30,554.32,562.77,540.94,544.02,1363201
2020-06-25 00:00:00+05:30,544.37,560.01,538.73,551.88,1284030
2020-06-26 00:00:00+05:30,561.28,561.28,550.86,555.01,1162543
2020-06-29 00:00:00+05:30,554.27,554.79,543.2,546.46,580950
2020-06-30 00:00:00+05:30,548.72,560.28,543.38,545.19,1106631
2020-07-01 00:00:00+05:30,545.19,551.38,538.13,544.35,965169
2020-07-02 00:00:00+05:30,549.05,554.07,540.22,544.15,1020232
2020-07-03 00:00:00+05:30,547.85,573.55,545.07,571.32,3822313
2020-07-06 00:00:00+05:30,584.04,590.61,574.2,577.83,6056789
2020-07-07 00:00:00+05:30,583.08,586.63,575.72,583.0,1901542
2020-07-08 00:00:00+05:30,581.66,590.51,566.12,574.95,1925643
2020-07-09 00:00:00+05:30,579.67,581.41,567.04,569.03,1219586
2020-07-10 00:00:00+05:30,571.72,575.69,562.05,565.68,935532
2020-07-13 00:00:00+05:30,568.43,571.59,557.65,568.56,1219888
2020-07-14 00:00:00+05:30,568.24,579.17,559.29,562.17,1645706
2020-07-15 00:00:00+05:30,568.73,579.17,564.28,575.27,2021324
2020-07-16 00:00:00+05:30,577.18,582.65,566.27,576.84,1203394
2020-07-17 00:00:00+05:30,576.84,580.17,564.26,576.16,1443286
2020-07-20 00:00:00+05:30,578.87,590.48,576.79,586.65,2206055
2020-07-21 00:00:00+05:30,595.58,595.8,582.65,586.11,1941098
2020-07-22 00:00:00+05:30,586.11,589.79,575.34,584.09,1123552
2020-07-23 00:00:00+05:30,584.09,587.33,577.68,580.22,796747
2020-07-24 00:00:00+05:30,579.07,585.64,570.72,577.23,1187592
2020-07-27 00:00:00+05:30,574.77,576.61,555.86,565.05,1735809
2020-07-28 00:00:00+05:30,566.69,570.17,558.19,568.16,792032
2020-07-29 00:00:00+05:30,567.12,572.81,562.52,571.12,1314366
2020-07-30 00:00:00+05:30,576.09,577.08,565.0,567.96,1220168
2020-07-31 00:00:00+05:30,566.74,579.17,564.26,577.71,1032608
2020-08-03 00:00:00+05:30,579.12,583.45,569.73,571.54,1258609
2020-08-04 00:00:00+05:30,574.35,586.63,572.73,582.06,1470827
2020-08-05 00:00:00+05:30,585.98,588.97,579.5,581.76,1165316
2020-08-06 00:00:00+05:30,582.33,586.7,575.12,576.41,654971
2020-08-07 00:00:00+05:30,575.69,579.07,567.79,572.88,1177098
2020-08-10 00:00:00+05:30,568.24,572.71,557.2,562.92,1786521
2020-08-11 00:00:00+05:30,565.75,583.15,560.31,575.84,2072315
2020-08-12 00:00:00+05:30,573.7,587.13,565.05,583.13,1629954
2020-08-13 00:00:00+05:30,587.13,588.62,576.69,585.74,1794170
2020-08-14 00:00:00+05:30,589.12,629.38,584.59,602.49,10939755
2020-08-17 00:00:00+05:30,608.36,619.44,602.29,610.97,3057670
2020-08-18 00:00:00+05:30,611.76,620.78,611.36,618.25,1475516
2020-08-19 00:00:00+05:30,619.71,623.22,606.52,608.4,1057933
2020-08-20 00:00:00+05:30,603.93,613.33,600.28,604.73,1227514
2020-08-21 00:00:00+05:30,614.67,620.54,607.51,614.07,1451276
2020-08-24 00:00:00+05:30,618.27,627.89,607.56,609.6,1785308
2020-08-25 00:00:00+05:30,611.98,616.78,607.01,611.59,740514
2020-08-26 00:00:00+05:30,612.48,616.43,608.31,612.71,858625
2020-08-27 00:00:00+05:30,616.96,618.94,602.66,604.03,1174724
2020-08-28 00:00:00+05:30,604.97,614.97,604.97,607.09,1062887
2020-08-31 00:00:00+05:30,609.0,611.44,570.27,576.61,2632238
2020-09-01 00:00:00+05:30,581.16,590.11,568.06,585.51,1217082
2020-09-02 00:00:00+05:30,589.91,596.57,585.39,594.56,1104694
2020-09-03 00:00:00+05:30,595.83,607.29,593.22,605.4,1015601
2020-09-07 00:00:00+05:30,606.52,610.92,598.71,608.85,786595
2020-09-08 00:00:00+05:30,609.0,610.59,595.13,600.18,1118837
2020-09-09 00:00:00+05:30,596.57,597.44,584.52,595.73,611811
2020-09-10 00:00:00+05:30,596.95,607.51,594.86,605.3,693198
2020-09-11 00:00:00+05:30,603.04,613.4,601.72,608.85,1143663
2020-09-14 00:00:00+05:30,613.97,617.45,604.13,614.22,1212200
2020-09-15 00:00:00+05:30,619.94,652.15,613.2,615.34,6731046
2020-09-16 00:00:00+05:30,618.84,629.98,610.37,624.21,1530627
2020-09-17 00:00:00+05:30,621.38,626.18,615.22,623.94,795238
2020-09-18 00:00:00+05:30,625.16,629.88,615.66,624.84,1114786
2020-09-21 00:00:00+05:30,625.13,626.35,610.49,618.25,1067872
2020-09-22 00:00:00+05:30,617.95,620.31,594.96,604.85,914510
2020-09-23 00:00:00+05:30,606.69,621.18,606.52,611.76,1896861
2020-09-24 00:00:00+05:30,607.06,608.9,593.39,602.27,1129729
2020-09-25 00:00:00+05:30,605.22,609.87,589.59,600.4,1238370
2020-09-28 00:00:00+05:30,605.17,629.36,602.46,619.34,941076
2020-09-29 00:00:00+05:30,621.43,635.2,614.47,626.43,1156057
2020-09-30 00:00:00+05:30,630.65,638.83,622.45,628.64,1878291
2020-10-01 00:00:00+05:30,632.47,634.85,623.97,627.02,585072
2020-10-05 00:00:00+05:30,630.78,640.32,626.95,635.55,1137351
2020-10-06 00:00:00+05:30,639.82,644.3,630.28,634.48,878466
2020-10-07 00:00:00+05:30,638.33,638.33,626.4,634.08,679125
2020-10-08 00:00:00+05:30,636.34,645.79,630.55,643.33,1255968
2020-10-09 00:00:00+05:30,642.36,645.44,633.11,638.36,1422524
2020-10-12 00:00:00+05:30,637.11,640.45,624.29,626.18,693556
2020-10-13 00:00:00+05:30,628.54,628.54,607.11,612.61,939919
2020-10-14 00:00:00+05:30,610.0,615.74,604.48,613.87,802389
2020-10-15 00:00:00+05:30,614.02,620.29,609.37,615.54,1056666
2020-10-16 00:00:00+05:30,620.93,630.75,609.7,629.11,1919526
2020-10-19 00:00:00+05:30,631.37,637.84,624.76,634.73,740816
2020-10-20 00:00:00+05:30,633.93,645.14,631.55,640.2,1030740
2020-10-21 00:00:00+05:30,643.38,648.72,637.02,641.66,1251778
2020-10-22 00:00:00+05:30,636.34,646.04,629.68,633.44,776868
2020-10-23 00:00:00+05:30,633.36,641.76,631.37,635.85,848147
2020-10-26 00:00:00+05:30,637.81,640.27,626.65,635.47,901874
2020-10-27 00:00:00+05:30,638.56,638.56,621.08,629.66,925342
2020-10-28 00:00:00+05:30,629.66,643.3,620.93,639.25,1354141
2020-10-29 00:00:00+05:30,637.34,643.5,630.13,640.82,842213
2020-10-30 00:00:00+05:30,640.82,653.22,624.91,630.25,1859747
2020-11-02 00:00:00+05:30,631.37,641.32,627.25,638.01,490297
2020-11-03 00:00:00+05:30,639.8,655.73,638.06,649.44,842432
2020-11-04 00:00:00+05:30,653.27,664.98,647.63,661.47,1084527
2020-11-05 00:00:00+05:30,666.67,672.93,657.72,662.07,957783
2020-11-06 00:00:00+05:30,661.2,668.41,656.25,661.1,927202
2020-11-09 00:00:00+05:30,660.21,673.28,659.69,670.8,745172
2020-11-10 00:00:00+05:30,675.52,683.65,671.49,674.95,1194193
2020-11-11 00:00:00+05:30,676.69,687.97,672.76,681.09,777578
2020-11-12 00:00:00+05:30,681.56,702.96,679.84,698.66,1497932
2020-11-13 00:00:00+05:30,692.52,695.45,674.25,681.16,898074
2020-11-17 00:00:00+05:30,686.06,701.47,678.87,699.78,695352
2020-11-18 00:00:00+05:30,699.48,712.41,689.14,709.03,1493833
2020-11-19 00:00:00+05:30,708.83,717.88,701.17,709.72,1113860
2020-11-20 00:00:00+05:30,709.75,713.4,703.68,708.58,735614
2020-11-23 00:00:00+05:30,712.06,712.06,692.02,695.45,907940
2020-11-24 00:00:00+05:30,695.45,701.97,688.44,692.37,1165689
2020-11-25 00:00:00+05:30,693.52,702.91,675.12,678.23,1143860
2020-11-26 00:00:00+05:30,698.49,762.57,694.09,754.02,19293498
2020-11-27 00:00:00+05:30,758.14,763.02,741.14,752.4,5477741
2020-12-01 00:00:00+05:30,746.16,768.09,740.82,754.44,2015026
2020-12-02 00:00:00+05:30,753.77,755.53,741.19,749.15,971371
2020-12-03 00:00:00+05:30,753.77,770.52,747.56,762.74,1900991
2020-12-04 00:00:00+05:30,764.61,773.06,751.68,760.01,890495
2020-12-07 00:00:00+05:30,759.88,773.06,756.16,763.96,798107
2020-12-08 00:00:00+05:30,763.96,769.88,756.21,764.73,544285
2020-12-09 00:00:00+05:30,767.14,789.94,765.63,778.01,2636669
2020-12-10 00:00:00+05:30,780.81,781.26,758.14,764.11,625179
2020-12-11 00:00:00+05:30,767.91,769.43,754.94,763.49,802415
2020-12-14 00:00:00+05:30,766.1,773.06,758.42,767.81,601554
2020-12-15 00:00:00+05:30,767.81,773.9,760.21,763.84,1217609
2020-12-16 00:00:00+05:30,769.58,770.4,762.12,766.57,328625
2020-12-17 00:00:00+05:30,766.1,777.04,754.74,758.79,1168760
2020-12-18 00:00:00+05:30,758.79,774.05,756.93,765.1,831081
2020-12-21 00:00:00+05:30,766.99,780.02,716.46,734.06,1846753
2020-12-22 00:00:00+05:30,733.06,753.77,716.53,749.72,828456
2020-12-23 00:00:00+05:30,752.18,772.46,745.22,769.88,767068
2020-12-24 00:00:00+05:30,768.09,773.06,754.66,770.95,865592
2020-12-28 00:00:00+05:30,771.82,784.49,765.7,781.98,918863
2020-12-29 00:00:00+05:30,781.98,786.98,773.21,783.4,662442
2020-12-30 00:00:00+05:30,784.1,786.48,775.79,782.18,391559
2020-12-31 00:00:00+05:30,780.52,789.76,774.53,783.28,580415
2021-01-01 00:00:00+05:30,783.28,805.47,781.21,796.2,1485413
2021-01-04 00:00:00+05:30,797.87,804.06,788.12,794.66,486748
2021-01-05 00:00:00+05:30,790.83,805.37,787.97,801.77,575596
2021-01-06 00:00:00+05:30,804.23,813.05,796.5,804.65,803618
2021-01-07 00:00:00+05:30,806.86,827.72,806.74,811.74,1081286
2021-01-08 00:00:00+05:30,815.02,827.74,811.84,822.72,965756
2021-01-11 00:00:00+05:30,822.72,831.72,813.77,824.86,500227
2021-01-12 00:00:00+05:30,823.27,827.77,814.94,816.58,293567
2021-01-13 00:00:00+05:30,816.31,820.24,807.31,809.62,854571
2021-01-14 00:00:00+05:30,805.87,822.82,799.66,820.86,595421
2021-01-15 00:00:00+05:30,822.67,829.11,800.43,806.99,443634
2021-01-18 00:00:00+05:30,807.86,820.81,789.32,813.9,820255
2021-01-19 00:00:00+05:30,813.8,847.63,810.42,835.03,2246748
2021-01-20 00:00:00+05:30,837.69,843.65,831.27,836.32,653976
2021-01-21 00:00:00+05:30,845.14,861.48,824.59,829.86,1379798
2021-01-22 00:00:00+05:30,834.01,841.39,816.68,827.17,432593
2021-01-25 00:00:00+05:30,827.99,849.62,812.23,830.95,783178
2021-01-27 00:00:00+05:30,830.93,830.93,799.18,806.47,658540
2021-01-28 00:00:00+05:30,797.77,817.75,793.29,813.4,372721
2021-01-29 00:00:00+05:30,823.12,823.12,781.93,788.69,794412
2021-02-01 00:00:00+05:30,791.7,845.14,778.03,838.31,718834
2021-02-02 00:00:00+05:30,845.14,909.77,844.62,904.23,2365470
2021-02-03 00:00:00+05:30,895.85,920.71,885.96,892.37,1723742
2021-02-04 00:00:00+05:30,892.42,933.64,889.94,920.71,1560393
2021-02-05 00:00:00+05:30,919.72,929.11,901.32,912.26,629230
2021-02-08 00:00:00+05:30,913.53,938.11,910.79,934.26,844812
2021-02-09 00:00:00+05:30,934.26,944.57,916.24,920.91,618332
2021-02-10 00:00:00+05:30,922.18,929.29,909.77,924.64,455699
2021-02-11 00:00:00+05:30,923.89,932.77,914.74,917.11,404476
2021-02-12 00:00:00+05:30,919.72,938.61,904.83,917.8,765499
2021-02-15 00:00:00+05:30,923.94,942.01,907.29,932.37,1265275
2021-02-16 00:00:00+05:30,931.25,949.54,902.32,909.77,1121802
2021-02-17 00:00:00+05:30,908.28,933.14,904.8,931.13,1084605
2021-02-18 00:00:00+05:30,934.13,943.58,916.14,924.29,868406
2021-02-19 00:00:00+05:30,918.97,935.87,909.85,914.1,957067
2021-02-22 00:00:00+05:30,912.76,917.7,893.74,898.64,1254667
2021-02-23 00:00:00+05:30,899.33,935.72,899.33,929.14,964306
2021-02-24 00:00:00+05:30,932.79,956.01,922.2,946.11,1091593
2021-02-25 00:00:00+05:30,957.5,968.93,946.76,948.55,1294643
2021-02-26 00:00:00+05:30,943.58,966.45,911.86,919.72,1805175
2021-03-01 00:00:00+05:30,926.85,957.0,918.8,948.6,781281
2021-03-02 00:00:00+05:30,954.49,966.94,946.24,964.29,733904
2021-03-03 00:00:00+05:30,969.93,974.4,949.64,952.78,607534
2021-03-04 00:00:00+05:30,945.82,975.4,945.82,965.01,730839
2021-03-05 00:00:00+05:30,964.46,969.93,940.22,945.37,469305
2021-03-08 00:00:00+05:30,949.05,956.98,940.72,944.85,328834
2021-03-09 00:00:00+05:30,947.31,955.34,937.12,945.22,273225
2021-03-10 00:00:00+05:30,947.68,955.51,942.09,947.11,328858
2021-03-12 00:00:00+05:30,952.13,978.26,947.31,954.12,1478658
2021-03-15 00:00:00+05:30,956.75,956.75,916.98,928.96,548759
2021-03-16 00:00:00+05:30,936.79,939.03,921.01,936.35,735618
2021-03-17 00:00:00+05:30,936.35,939.6,899.13,905.17,589330
2021-03-18 00:00:00+05:30,914.27,917.16,885.86,890.51,1234552
2021-03-19 00:00:00+05:30,877.46,920.21,874.0,916.14,857227
2021-03-22 00:00:00+05:30,919.72,930.08,904.3,914.15,921204
2021-03-23 00:00:00+05:30,915.47,933.14,910.54,921.16,556328
2021-03-24 00:00:00+05:30,911.96,925.28,891.8,897.42,980668
2021-03-25 00:00:00+05:30,894.86,903.21,883.7,896.1,870345
2021-03-26 00:00:00+05:30,902.81,909.77,893.74,899.71,424054
2021-03-30 00:00:00+05:30,906.89,924.54,902.42,908.78,461367
2021-03-31 00:00:00+05:30,920.21,924.69,909.9,915.84,338341
2021-04-01 00:00:00+05:30,919.72,928.04,912.26,920.19,250149
2021-04-05 00:00:00+05:30,922.1,926.18,897.94,906.99,304393
2021-04-06 00:00:00+05:30,907.64,914.25,883.72,887.87,793358
2021-04-07 00:00:00+05:30,890.38,897.99,885.44,890.31,468420
2021-04-08 00:00:00+05:30,890.38,922.97,885.46,915.37,727491
2021-04-09 00:00:00+05:30,922.2,950.54,915.39,919.22,2131980
2021-04-12 00:00:00+05:30,899.38,912.76,853.99,859.93,731160
2021-04-13 00:00:00+05:30,860.56,888.5,855.58,879.85,437048
2021-04-15 00:00:00+05:30,874.97,905.65,856.33,903.14,1204456
2021-04-16 00:00:00+05:30,902.59,931.25,897.94,918.6,1267679
2021-04-19 00:00:00+05:30,890.46,904.5,881.44,891.53,571575
2021-04-20 00:00:00+05:30,909.67,909.67,881.93,892.82,469866
2021-04-22 00:00:00+05:30,890.38,906.47,880.07,895.38,664033
2021-04-23 00:00:00+05:30,900.82,904.78,887.43,894.83,286382
2021-04-26 00:00:00+05:30,897.84,911.44,895.33,899.91,368527
2021-04-27 00:00:00+05:30,901.77,918.03,895.85,916.73,364170
2021-04-28 00:00:00+05:30,924.09,935.48,908.41,929.88,589765
2021-04-29 00:00:00+05:30,931.65,953.52,930.16,934.63,1270535
2021-04-30 00:00:00+05:30,934.63,950.71,928.66,935.35,426939
2021-05-03 00:00:00+05:30,925.18,944.57,922.2,937.56,328852
2021-05-04 00:00:00+05:30,940.6,949.54,917.23,934.21,767206
2021-05-05 00:00:00+05:30,931.65,939.6,909.55,912.98,450640
2021-05-06 00:00:00+05:30,918.47,929.06,909.85,926.08,242129
2021-05-07 00:00:00+05:30,927.02,932.32,915.79,926.2,244951
2021-05-10 00:00:00+05:30,927.17,939.15,922.2,936.12,322168
2021-05-11 00:00:00+05:30,926.78,976.34,926.78,968.76,1730259
2021-05-12 00:00:00+05:30,1012.19,1065.63,985.84,996.18,10109422
2021-05-14 00:00:00+05:30,1005.23,1026.4,987.08,990.81,1351971
2021-05-17 00:00:00+05:30,995.28,1030.95,976.96,1025.11,1763330
2021-05-18 00:00:00+05:30,1027.6,1035.05,1005.3,1010.87,894632
2021-05-19 00:00:00+05:30,1011.69,1021.63,1002.91,1009.87,435039
2021-05-20 00:00:00+05:30,1006.72,1018.28,991.43,994.49,453173
2021-05-21 00:00:00+05:30,997.77,1004.03,982.03,987.5,447830
2021-05-24 00:00:00+05:30,989.32,1011.64,981.86,995.11,731201
2021-05-25 00:00:00+05:30,996.35,1010.2,987.55,999.56,714938
2021-05-26 00:00:00+05:30,999.56,1010.2,989.32,991.9,398026
2021-05-27 00:00:00+05:30,999.26,1021.18,993.02,1016.01,1760319
2021-05-28 00:00:00+05:30,1024.12,1031.55,1006.12,1013.78,651640
2021-05-31 00:00:00+05:30,1014.17,1045.99,1009.2,1037.19,1120074
2021-06-01 00:00:00+05:30,1037.19,1044.0,1020.64,1023.77,477141
2021-06-02 00:00:00+05:30,1028.86,1046.99,1027.3,1038.86,1182430
2021-06-03 00:00:00+05:30,1044.0,1072.24,1037.09,1064.24,2017504
2021-06-04 00:00:00+05:30,1073.83,1082.78,1046.99,1053.82,1422377
2021-06-07 00:00:00+05:30,1060.41,1068.34,1047.31,1049.42,458529
2021-06-08 00:00:00+05:30,1050.96,1068.86,1045.99,1048.4,1178192
2021-06-09 00:00:00+05:30,1048.4,1058.89,1029.63,1034.03,768558
2021-06-10 00:00:00+05:30,1041.02,1048.95,1035.05,1040.15,373622
2021-06-11 00:00:00+05:30,1042.01,1058.42,1040.55,1043.8,791413
2021-06-14 00:00:00+05:30,1044.0,1050.14,1020.26,1028.24,571653
2021-06-15 00:00:00+05:30,1031.57,1039.01,1019.07,1024.02,546361
2021-06-16 00:00:00+05:30,1021.13,1024.29,1004.16,1007.51,475729
2021-06-17 00:00:00+05:30,1003.14,1014.02,995.75,999.41,367405
2021-06-18 00:00:00+05:30,1002.74,1014.17,974.75,1006.24,488885
2021-06-21 00:00:00+05:30,999.26,999.26,979.45,996.05,459583
2021-06-22 00:00:00+05:30,1004.23,1005.23,990.81,992.97,201447
2021-06-23 00:00:00+05:30,997.17,1018.15,990.44,1008.33,786024
2021-06-24 00:00:00+05:30,1012.58,1043.01,1002.66,1006.94,2548954
2021-06-25 00:00:00+05:30,1009.97,1014.17,995.56,1001.87,546311
2021-06-28 00:00:00+05:30,1002.49,1008.95,997.54,999.98,231786
2021-06-29 00:00:00+05:30,1002.14,1006.69,984.89,990.44,375392
2021-06-30 00:00:00+05:30,1004.13,1014.12,994.66,1004.75,1558269
2021-07-01 00:00:00+05:30,1008.71,1016.66,1000.38,1004.16,564567
2021-07-02 00:00:00+05:30,1004.73,1009.65,995.78,1004.13,451292
2021-07-05 00:00:00+05:30,1009.65,1018.15,1005.23,1008.16,538450
2021-07-06 00:00:00+05:30,1009.7,1021.63,1005.62,1008.51,486801
2021-07-07 00:00:00+05:30,1008.51,1011.17,996.33,1000.1,397006
2021-07-08 00:00:00+05:30,1001.02,1016.16,996.0,1000.97,489651
2021-07-09 00:00:00+05:30,1000.97,1007.71,990.81,995.36,309140
2021-07-12 00:00:00+05:30,1000.83,1011.69,996.77,999.68,430803
2021-07-13 00:00:00+05:30,1003.21,1013.55,994.83,997.69,825684
2021-07-14 00:00:00+05:30,999.76,1007.11,991.55,994.56,968446
2021-07-15 00:00:00+05:30,997.05,1024.02,995.63,1010.77,1617129
2021-07-16 00:00:00+05:30,1016.41,1016.66,998.51,1000.9,576467
2021-07-19 00:00:00+05:30,998.56,998.56,977.93,981.04,667179
2021-07-20 00:00:00+05:30,981.04,983.7,956.5,966.62,497490
2021-07-22 00:00:00+05:30,971.47,987.8,970.5,982.48,925756
2021-07-23 00:00:00+05:30,985.44,992.77,977.16,981.91,741115
2021-07-26 00:00:00+05:30,982.36,989.27,977.34,982.18,388093
2021-07-27 00:00:00+05:30,985.54,988.65,962.47,965.8,573775
2021-07-28 00:00:00+05:30,968.93,970.0,954.52,965.53,368326
2021-07-29 00:00:00+05:30,970.87,978.6,963.79,971.25,815311
2021-07-30 00:00:00+05:30,973.33,984.84,965.01,971.02,781689
2021-08-02 00:00:00+05:30,975.3,984.35,968.14,983.33,261343
2021-08-03 00:00:00+05:30,990.31,1013.95,984.84,1008.31,1649355
2021-08-04 00:00:00+05:30,1012.48,1020.14,1007.71,1015.81,693898
2021-08-05 00:00:00+05:30,1024.12,1028.57,1014.17,1024.91,681096
2021-08-06 00:00:00+05:30,1024.14,1041.52,1019.15,1036.82,858606
2021-08-09 00:00:00+05:30,1043.41,1046.79,1024.74,1028.59,625018
2021-08-10 00:00:00+05:30,1032.02,1056.43,1014.2,1023.97,1276083
2021-08-11 00:00:00+05:30,984.32,1102.72,979.37,1089.44,8919286
2021-08-12 00:00:00+05:30,1079.25,1097.2,1063.94,1089.71,1634571
2021-08-13 00:00:00+05:30,1088.75,1130.95,1077.34,1115.96,3374188
2021-08-16 00:00:00+05:30,1115.96,1128.32,1093.84,1106.15,517418
2021-08-17 00:00:00+05:30,1104.16,1129.86,1096.85,1118.92,931511
2021-08-18 00:00:00+05:30,1119.84,1142.34,1101.92,1106.99,1040363
2021-08-20 00:00:00+05:30,1104.38,1114.92,1085.86,1102.62,518254
2021-08-23 00:00:00+05:30,1106.42,1109.68,1071.84,1075.65,620699
2021-08-24 00:00:00+05:30,1073.83,1096.7,1068.69,1093.64,630914
2021-08-25 00:00:00+05:30,1100.68,1110.22,1080.32,1088.47,616544
2021-08-26 00:00:00+05:30,1089.09,1104.63,1084.27,1099.21,639658
2021-08-27 00:00:00+05:30,1100.03,1118.57,1098.89,1104.75,884967
2021-08-30 00:00:00+05:30,1113.6,1125.56,1107.07,1122.75,524916
2021-08-31 00:00:00+05:30,1129.21,1137.66,1121.56,1129.71,683824
2021-09-01 00:00:00+05:30,1133.49,1143.43,1124.64,1136.25,529665
2021-09-02 00:00:00+05:30,1140.95,1152.38,1129.88,1136.1,436161
2021-09-03 00:00:00+05:30,1142.44,1146.41,1118.67,1127.22,425824
2021-09-06 00:00:00+05:30,1130.51,1135.48,1108.41,1110.25,412633
2021-09-07 00:00:00+05:30,1111.71,1116.44,1097.2,1099.41,352131
2021-09-08 00:00:00+05:30,1100.18,1103.39,1080.29,1098.89,711846
2021-09-09 00:00:00+05:30,1099.68,1120.79,1099.19,1108.9,761146
2021-09-13 00:00:00+05:30,1108.63,1119.0,1094.88,1097.97,272995
2021-09-14 00:00:00+05:30,1098.69,1104.38,1094.64,1097.35,252488
2021-09-15 00:00:00+05:30,1098.44,1107.21,1096.23,1098.07,152153
2021-09-16 00:00:00+05:30,1098.24,1100.8,1090.51,1093.52,351214
2021-09-17 00:00:00+05:30,1097.15,1098.19,1073.96,1084.05,469425
2021-09-20 00:00:00+05:30,1083.77,1094.61,1054.22,1062.02,464622
2021-09-21 00:00:00+05:30,1055.51,1082.23,1051.98,1078.58,347481
2021-09-22 00:00:00+05:30,1082.78,1092.52,1065.95,1074.8,576811
2021-09-23 00:00:00+05:30,1077.56,1084.77,1070.38,1075.17,256201
2021-09-24 00:00:00+05:30,1078.8,1079.57,1047.38,1054.07,232492
2021-09-27 00:00:00+05:30,1054.19,1058.34,1039.28,1042.31,386357
2021-09-28 00:00:00+05:30,1040.52,1063.39,1036.79,1044.5,414659
2021-09-29 00:00:00+05:30,1043.9,1066.37,1030.08,1057.7,524401
2021-09-30 00:00:00+05:30,1061.3,1072.34,1049.74,1058.62,783930
2021-10-01 00:00:00+05:30,1055.44,1071.3,1048.97,1068.09,271557
2021-10-04 00:00:00+05:30,1071.35,1111.12,1063.91,1106.97,982359
2021-10-05 00:00:00+05:30,1109.18,1119.57,1102.84,1117.41,880489
2021-10-06 00:00:00+05:30,1117.41,1126.53,1086.26,1091.45,530368
2021-10-07 00:00:00+05:30,1104.65,1114.25,1101.07,1112.09,280215
2021-10-08 00:00:00+05:30,1118.57,1130.9,1102.17,1105.37,595624
2021-10-11 00:00:00+05:30,1105.65,1116.51,1101.17,1111.99,228499
2021-10-12 00:00:00+05:30,1116.09,1135.97,1106.97,1126.45,569499
2021-10-13 00:00:00+05:30,1128.52,1132.07,1106.89,1118.23,310363
2021-10-14 00:00:00+05:30,1125.53,1147.38,1119.87,1128.19,790190
2021-10-18 00:00:00+05:30,1137.47,1147.91,1114.47,1126.48,501030
2021-10-19 00:00:00+05:30,1134.86,1196.63,1128.57,1149.2,3151240
2021-10-20 00:00:00+05:30,1149.15,1152.38,1094.71,1099.04,585394
2021-10-21 00:00:00+05:30,1109.63,1112.78,1080.34,1088.3,318125
2021-10-22 00:00:00+05:30,1093.14,1098.56,1066.87,1080.24,255254
2021-10-25 00:00:00+05:30,1091.23,1091.23,1045.34,1072.64,358554
2021-10-26 00:00:00+05:30,1072.89,1088.47,1069.7,1078.43,275385
2021-10-27 00:00:00+05:30,1069.88,1103.21,1069.88,1079.37,324634
2021-10-28 00:00:00+05:30,1079.37,1091.83,1067.96,1075.2,522901
2021-10-29 00:00:00+05:30,1071.62,1097.99,1057.25,1087.08,286883
2021-11-01 00:00:00+05:30,1092.23,1114.45,1088.57,1111.44,538936
2021-11-02 00:00:00+05:30,1111.89,1124.39,1111.89,1118.9,362585
2021-11-03 00:00:00+05:30,1121.48,1155.09,1119.32,1149.05,751137
2021-11-04 00:00:00+05:30,1158.35,1160.83,1133.54,1146.34,115441
2021-11-08 00:00:00+05:30,1146.34,1184.2,1144.77,1180.15,570823
2021-11-09 00:00:00+05:30,1182.71,1204.26,1173.98,1197.37,1038359
2021-11-10 00:00:00+05:30,1195.13,1213.03,1182.21,1188.02,455325
2021-11-11 00:00:00+05:30,1188.02,1196.6,1172.19,1191.9,469956
2021-11-12 00:00:00+05:30,1198.12,1207.24,1182.23,1185.51,525158
2021-11-15 00:00:00+05:30,1193.15,1193.15,1161.35,1166.75,288725
2021-11-16 00:00:00+05:30,1166.75,1191.16,1156.98,1169.75,351023
2021-11-17 00:00:00+05:30,1162.37,1205.33,1158.52,1169.95,722710
2021-11-18 00:00:00+05:30,1172.76,1181.64,1143.43,1150.24,399725
2021-11-22 00:00:00+05:30,1148.4,1160.16,1111.99,1125.51,414439
2021-11-23 00:00:00+05:30,1110.87,1152.88,1110.87,1148.03,276019
2021-11-24 00:00:00+05:30,1153.27,1163.32,1125.53,1131.7,624129
2021-11-25 00:00:00+05:30,1108.63,1108.76,1044.0,1071.27,4331753
2021-11-26 00:00:00+05:30,1073.31,1086.26,1036.25,1042.01,1307092
2021-11-29 00:00:00+05:30,1043.51,1075.94,1004.73,1060.61,775818
2021-11-30 00:00:00+05:30,1061.68,1077.88,1052.03,1069.8,1036680
2021-12-01 00:00:00+05:30,1067.44,1083.23,1056.93,1065.13,623988
2021-12-02 00:00:00+05:30,1065.38,1098.69,1061.43,1092.8,626563
2021-12-03 00:00:00+05:30,1085.76,1103.16,1078.53,1086.68,793440
2021-12-06 00:00:00+05:30,1083.77,1108.13,1077.81,1084.05,502563
2021-12-07 00:00:00+05:30,1093.69,1111.12,1084.44,1098.84,947148
2021-12-08 00:00:00+05:30,1110.02,1118.08,1095.93,1107.71,824383
2021-12-09 00:00:00+05:30,1108.63,1134.48,1107.81,1129.31,1039582
2021-12-10 00:00:00+05:30,1130.41,1227.92,1129.31,1215.69,6789929
2021-12-13 00:00:00+05:30,1225.46,1281.07,1216.01,1246.41,4301319
2021-12-14 00:00:00+05:30,1242.86,1264.44,1228.29,1250.76,1308003
2021-12-15 00:00:00+05:30,1250.81,1274.3,1225.61,1234.78,1580283
2021-12-16 00:00:00+05:30,1242.86,1242.86,1222.1,1231.23,516386
2021-12-17 00:00:00+05:30,1230.93,1230.93,1194.34,1203.68,764998
2021-12-20 00:00:00+05:30,1191.65,1191.65,1153.37,1170.87,601150
2021-12-21 00:00:00+05:30,1176.71,1192.65,1161.53,1172.71,402399
2021-12-22 00:00:00+05:30,1173.31,1187.68,1169.61,1177.34,801470
2021-12-23 00:00:00+05:30,1183.55,1213.53,1181.61,1205.13,1013604
2021-12-24 00:00:00+05:30,1207.07,1211.04,1170.77,1180.39,639644
2021-12-27 00:00:00+05:30,1180.57,1195.46,1163.22,1169.8,1200755
2021-12-28 00:00:00+05:30,1193.15,1227.95,1180.72,1196.03,2682806
2021-12-29 00:00:00+05:30,1192.65,1199.11,1179.75,1183.38,525329
2021-12-30 00:00:00+05:30,1183.2,1187.03,1165.48,1170.6,440611
2021-12-31 00:00:00+05:30,1172.94,1186.19,1170.15,1173.93,700306
2022-01-03 00:00:00+05:30,1176.27,1192.85,1173.26,1176.64,607416
2022-01-04 00:00:00+05:30,1180.62,1187.23,1167.29,1171.92,596127
2022-01-05 00:00:00+05:30,1171.59,1177.76,1149.42,1155.54,718253
2022-01-06 00:00:00+05:30,1153.37,1156.41,1135.5,1139.6,671059
2022-01-07 00:00:00+05:30,1140.95,1150.89,1124.99,1131.03,343727
2022-01-10 00:00:00+05:30,1128.52,1156.21,1115.62,1150.71,1594938
2022-01-11 00:00:00+05:30,1157.8,1159.34,1138.46,1150.19,689366
2022-01-12 00:00:00+05:30,1157.67,1169.38,1152.03,1167.82,1126929
2022-01-13 00:00:00+05:30,1176.96,1181.19,1159.99,1173.31,595321
2022-01-14 00:00:00+05:30,1167.79,1193.69,1161.53,1190.44,1163574
2022-01-17 00:00:00+05:30,1200.5,1200.88,1175.75,1183.85,463998
2022-01-18 00:00:00+05:30,1184.69,1191.78,1144.0,1155.71,641104
2022-01-19 00:00:00+05:30,1157.85,1187.18,1147.68,1183.38,915572
2022-01-20 00:00:00+05:30,1177.24,1196.63,1170.77,1191.7,859260
2022-01-21 00:00:00+05:30,1186.19,1219.99,1144.65,1165.28,1861030
2022-01-24 00:00:00+05:30,1162.77,1172.02,1091.38,1109.0,837504
2022-01-25 00:00:00+05:30,1106.05,1139.38,1081.91,1131.9,586287
2022-01-27 00:00:00+05:30,1121.01,1138.43,1107.96,1132.84,533578
2022-01-28 00:00:00+05:30,1138.81,1159.89,1127.97,1132.97,301736
2022-01-31 00:00:00+05:30,1144.82,1161.33,1140.45,1156.01,324119
2022-02-01 00:00:00+05:30,1160.33,1209.9,1153.42,1202.14,1025309
2022-02-02 00:00:00+05:30,1208.76,1227.2,1196.43,1212.56,719152
2022-02-03 00:00:00+05:30,1210.55,1222.65,1193.15,1212.24,400962
2022-02-04 00:00:00+05:30,1213.53,1225.46,1198.24,1204.48,324113
2022-02-07 00:00:00+05:30,1185.69,1207.96,1168.29,1201.0,1107387
2022-02-08 00:00:00+05:30,1205.2,1241.87,1170.28,1175.07,1997031
2022-02-09 00:00:00+05:30,1175.07,1206.15,1175.07,1201.8,376776
2022-02-10 00:00:00+05:30,1203.66,1217.75,1190.71,1214.22,370174
2022-02-11 00:00:00+05:30,1205.57,1208.06,1189.49,1194.04,320050
2022-02-14 00:00:00+05:30,1183.2,1185.14,1153.92,1158.54,370720
2022-02-15 00:00:00+05:30,1159.07,1208.88,1151.11,1203.73,627528
2022-02-16 00:00:00+05:30,1205.57,1213.03,1187.18,1190.31,313068
2022-02-17 00:00:00+05:30,1190.86,1229.44,1190.66,1217.88,1034827
2022-02-18 00:00:00+05:30,1217.88,1245.35,1212.04,1221.68,1189513
2022-02-21 00:00:00+05:30,1219.97,1230.73,1196.13,1200.9,515211
2022-02-22 00:00:00+05:30,1185.76,1205.52,1164.49,1196.58,486515
2022-02-23 00:00:00+05:30,1203.24,1223.05,1189.34,1191.41,447098
2022-02-24 00:00:00+05:30,1163.32,1173.38,1129.36,1136.32,560622
2022-02-25 00:00:00+05:30,1159.34,1196.63,1153.87,1188.7,572639
2022-02-28 00:00:00+05:30,1178.23,1178.23,1141.74,1167.02,948297
2022-03-02 00:00:00+05:30,1167.07,1189.54,1160.83,1179.32,447794
2022-03-03 00:00:00+05:30,1193.15,1212.01,1170.82,1175.62,563187
2022-03-04 00:00:00+05:30,1171.27,1176.32,1135.97,1138.31,387680
2022-03-07 00:00:00+05:30,1118.57,1132.52,1093.72,1104.01,376933
2022-03-09 00:00:00+05:30,1118.57,1145.99,1103.06,1133.89,381415
2022-03-10 00:00:00+05:30,1172.27,1172.27,1135.97,1154.84,362489
2022-03-11 00:00:00+05:30,1148.5,1176.02,1144.4,1173.31,344134
2022-03-14 00:00:00+05:30,1173.26,1188.17,1164.04,1173.16,522269
2022-03-15 00:00:00+05:30,1173.16,1180.34,1143.95,1151.19,381169
2022-03-16 00:00:00+05:30,1167.19,1182.03,1158.84,1172.86,290950
2022-03-17 00:00:00+05:30,1186.19,1210.1,1171.87,1183.67,998154
2022-03-21 00:00:00+05:30,1193.15,1198.27,1164.11,1167.74,336908
2022-03-22 00:00:00+05:30,1170.2,1173.26,1124.64,1152.95,585519
2022-03-23 00:00:00+05:30,1165.21,1165.21,1119.07,1141.47,1175227
2022-03-24 00:00:00+05:30,1132.99,1144.28,1126.53,1140.6,431947
2022-03-25 00:00:00+05:30,1145.42,1149.6,1122.58,1130.41,473563
2022-03-28 00:00:00+05:30,1129.01,1136.37,1113.6,1129.64,304745
2022-03-29 00:00:00+05:30,1138.46,1147.93,1130.6,1143.43,358486
2022-03-30 00:00:00+05:30,1153.15,1171.89,1137.47,1165.03,572426
2022-03-31 00:00:00+05:30,1159.34,1182.18,1149.17,1177.34,700670
2022-04-01 00:00:00+05:30,1177.34,1194.11,1171.22,1176.84,467565
2022-04-04 00:00:00+05:30,1183.1,1210.55,1180.74,1206.87,537253
2022-04-05 00:00:00+05:30,1208.16,1224.52,1206.57,1211.61,507360
2022-04-06 00:00:00+05:30,1216.83,1237.79,1211.04,1222.3,589598
2022-04-07 00:00:00+05:30,1215.52,1247.83,1212.71,1228.24,548586
2022-04-08 00:00:00+05:30,1232.92,1257.28,1231.97,1252.11,718031
2022-04-11 00:00:00+05:30,1251.83,1256.06,1234.88,1242.64,458392
2022-04-12 00:00:00+05:30,1235.9,1248.28,1206.59,1218.3,354559
2022-04-13 00:00:00+05:30,1210.55,1237.39,1210.55,1226.45,278459
2022-04-18 00:00:00+05:30,1224.37,1224.37,1190.78,1215.12,444475
2022-04-19 00:00:00+05:30,1225.36,1232.74,1168.79,1184.22,452654
2022-04-20 00:00:00+05:30,1186.43,1193.17,1168.29,1185.09,372562
2022-04-21 00:00:00+05:30,1192.2,1196.43,1176.24,1183.13,396917
2022-04-22 00:00:00+05:30,1180.57,1180.57,1158.35,1163.17,204762
2022-04-25 00:00:00+05:30,1155.86,1158.17,1118.57,1124.39,276039
2022-04-26 00:00:00+05:30,1137.96,1148.85,1122.35,1130.6,1097819
2022-04-27 00:00:00+05:30,1113.6,1132.0,1105.87,1123.84,349533
2022-04-28 00:00:00+05:30,1143.43,1143.43,1123.55,1133.29,372633
2022-04-29 00:00:00+05:30,1140.95,1144.43,1123.67,1129.19,651471
2022-05-02 00:00:00+05:30,1123.55,1130.63,1100.68,1117.13,692053
2022-05-04 00:00:00+05:30,1127.52,1128.84,1089.86,1093.84,724283
2022-05-05 00:00:00+05:30,1105.33,1164.29,1096.23,1144.65,2046685
2022-05-06 00:00:00+05:30,1129.51,1135.9,1097.37,1101.67,438473
2022-05-09 00:00:00+05:30,1098.69,1101.67,1068.91,1092.95,595292
2022-05-10 00:00:00+05:30,1092.95,1147.53,1092.7,1118.75,1464073
2022-05-11 00:00:00+05:30,1118.7,1156.85,1118.7,1152.08,997051
2022-05-12 00:00:00+05:30,1151.39,1151.88,1121.16,1131.45,620607
2022-05-13 00:00:00+05:30,1150.89,1166.4,1071.1,1143.68,2307446
2022-05-16 00:00:00+05:30,1150.89,1155.86,1130.01,1143.36,499111
2022-05-17 00:00:00+05:30,1149.4,1162.42,1143.68,1149.07,509187
2022-05-18 00:00:00+05:30,1155.86,1175.3,1138.68,1168.41,700073
2022-05-19 00:00:00+05:30,1142.93,1150.61,1135.0,1140.75,325300
2022-05-20 00:00:00+05:30,1148.9,1183.2,1148.9,1179.37,507662
2022-05-23 00:00:00+05:30,1183.2,1201.47,1170.55,1176.04,433844
2022-05-24 00:00:00+05:30,1177.24,1203.56,1174.73,1193.54,661959
2022-05-25 00:00:00+05:30,1198.51,1201.9,1162.84,1166.57,435431
2022-05-26 00:00:00+05:30,1166.85,1174.58,1139.13,1166.3,416666
2022-05-27 00:00:00+05:30,1170.77,1188.17,1163.47,1180.94,398225
2022-05-30 00:00:00+05:30,1189.67,1210.02,1181.71,1202.04,311550
2022-05-31 00:00:00+05:30,1202.19,1227.45,1202.19,1210.02,859218
2022-06-01 00:00:00+05:30,1210.1,1231.15,1196.38,1202.62,386890
2022-06-02 00:00:00+05:30,1200.6,1212.63,1192.15,1196.2,221731
2022-06-03 00:00:00+05:30,1200.95,1203.59,1164.63,1167.62,244651
2022-06-06 00:00:00+05:30,1165.36,1181.04,1157.3,1174.75,278370
2022-06-07 00:00:00+05:30,1156.48,1181.11,1149.89,1170.72,293291
2022-06-08 00:00:00+05:30,1173.26,1190.86,1157.35,1174.75,529340
2022-06-09 00:00:00+05:30,1168.29,1180.67,1163.34,1177.61,228630
2022-06-10 00:00:00+05:30,1166.9,1189.39,1160.83,1179.03,154637
2022-06-13 00:00:00+05:30,1169.18,1199.98,1168.31,1184.02,760295
2022-06-14 00:00:00+05:30,1184.57,1196.13,1150.27,1193.42,854272
2022-06-15 00:00:00+05:30,1205.57,1205.57,1178.23,1184.42,466157
2022-06-16 00:00:00+05:30,1193.15,1203.14,1158.54,1164.14,349285
2022-06-17 00:00:00+05:30,1153.37,1182.11,1142.41,1155.14,982605
2022-06-20 00:00:00+05:30,1155.36,1164.83,1128.19,1135.78,242022
2022-06-21 00:00:00+05:30,1141.44,1170.43,1137.96,1166.6,293627
2022-06-22 00:00:00+05:30,1167.79,1168.41,1118.97,1130.6,655583
2022-06-23 00:00:00+05:30,1132.27,1165.28,1131.65,1161.92,257867
2022-06-24 00:00:00+05:30,1168.29,1183.92,1161.8,1165.23,198808
2022-06-27 00:00:00+05:30,1172.76,1193.07,1171.77,1180.19,315687
2022-06-28 00:00:00+05:30,1173.26,1185.76,1165.23,1183.5,453615
2022-06-29 00:00:00+05:30,1175.55,1200.11,1163.49,1195.98,679059
2022-06-30 00:00:00+05:30,1195.98,1206.54,1183.08,1193.37,608184
2022-07-01 00:00:00+05:30,1183.7,1205.57,1176.39,1196.68,419281
2022-07-04 00:00:00+05:30,1203.04,1256.26,1198.81,1253.57,1037625
2022-07-05 00:00:00+05:30,1259.76,1292.55,1249.4,1272.84,1590682
2022-07-06 00:00:00+05:30,1277.66,1320.41,1272.71,1316.36,1468138
2022-07-07 00:00:00+05:30,1319.92,1329.46,1305.03,1324.19,838663
2022-07-08 00:00:00+05:30,1327.87,1338.66,1317.93,1333.02,635440
2022-07-11 00:00:00+05:30,1327.37,1348.25,1322.97,1330.13,412341
2022-07-12 00:00:00+05:30,1321.41,1330.73,1308.13,1315.22,479722
2022-07-13 00:00:00+05:30,1319.42,1322.4,1305.72,1312.31,281594
2022-07-14 00:00:00+05:30,1312.31,1323.2,1304.03,1315.0,322388
2022-07-15 00:00:00+05:30,1314.95,1336.72,1305.82,1332.84,490844
2022-07-18 00:00:00+05:30,1341.69,1353.72,1333.02,1349.6,957013
2022-07-19 00:00:00+05:30,1347.76,1367.1,1332.1,1334.71,897056
2022-07-20 00:00:00+05:30,1337.37,1351.54,1323.75,1330.53,717842
2022-07-21 00:00:00+05:30,1335.28,1398.47,1327.37,1393.79,1519894
2022-07-22 00:00:00+05:30,1392.0,1392.43,1364.66,1368.74,841813
2022-07-25 00:00:00+05:30,1368.74,1376.57,1346.66,1353.5,787498
2022-07-26 00:00:00+05:30,1360.38,1360.38,1324.89,1330.73,673511
2022-07-27 00:00:00+05:30,1328.27,1354.67,1322.4,1337.47,841338
2022-07-28 00:00:00+05:30,1342.81,1352.48,1327.47,1334.04,662112
2022-07-29 00:00:00+05:30,1345.92,1357.2,1320.07,1339.41,861849
2022-08-01 00:00:00+05:30,1351.93,1375.1,1342.51,1371.55,1261637
2022-08-02 00:00:00+05:30,1381.79,1399.46,1357.2,1360.58,1470691
2022-08-03 00:00:00+05:30,1327.37,1336.82,1279.18,1299.86,3591262
2022-08-04 00:00:00+05:30,1314.82,1319.89,1293.12,1316.69,705399
2022-08-05 00:00:00+05:30,1322.9,1351.24,1315.67,1337.59,1092856
2022-08-08 00:00:00+05:30,1342.29,1401.2,1334.93,1396.3,1661985
2022-08-10 00:00:00+05:30,1404.43,1416.76,1390.01,1395.88,1293581
2022-08-11 00:00:00+05:30,1401.95,1425.68,1401.95,1410.97,922479
2022-08-12 00:00:00+05:30,1411.76,1429.24,1403.56,1414.52,811819
2022-08-16 00:00:00+05:30,1423.82,1453.65,1415.77,1449.37,762423
2022-08-17 00:00:00+05:30,1453.65,1459.81,1430.28,1439.83,729145
2022-08-18 00:00:00+05:30,1439.73,1451.41,1423.87,1430.81,449385
2022-08-19 00:00:00+05:30,1429.79,1445.22,1402.44,1416.98,590097
2022-08-22 00:00:00+05:30,1414.32,1446.69,1404.48,1429.61,1139076
2022-08-23 00:00:00+05:30,1425.66,1450.62,1411.39,1431.3,1207880
2022-08-24 00:00:00+05:30,1437.24,1447.88,1417.9,1437.14,1031194
2022-08-25 00:00:00+05:30,1449.17,1466.52,1427.57,1433.49,1159867
2022-08-26 00:00:00+05:30,1444.7,1475.52,1436.75,1451.69,1118873
2022-08-29 00:00:00+05:30,1429.79,1440.72,1408.91,1415.79,906864
2022-08-30 00:00:00+05:30,1428.79,1444.87,1422.98,1433.56,1129476
2022-09-01 00:00:00+05:30,1432.27,1479.0,1421.96,1452.08,1762805
2022-09-02 00:00:00+05:30,1461.43,1478.26,1442.74,1448.63,821330
2022-09-05 00:00:00+05:30,1453.57,1465.85,1443.23,1459.32,308717
2022-09-06 00:00:00+05:30,1465.58,1471.79,1436.45,1466.97,464163
2022-09-07 00:00:00+05:30,1464.09,1483.97,1455.46,1462.05,485022
2022-09-08 00:00:00+05:30,1469.76,1473.96,1458.12,1465.75,212737
2022-09-09 00:00:00+05:30,1478.51,1479.0,1445.2,1454.22,247347
2022-09-12 00:00:00+05:30,1442.84,1482.48,1442.84,1474.03,396139
2022-09-13 00:00:00+05:30,1481.41,1524.19,1471.15,1517.56,1281935
2022-09-14 00:00:00+05:30,1497.02,1550.07,1497.02,1545.42,1270529
2022-09-15 00:00:00+05:30,1550.09,1560.29,1516.29,1521.88,478729
2022-09-16 00:00:00+05:30,1521.88,1525.93,1464.09,1471.12,918151
2022-09-19 00:00:00+05:30,1471.12,1484.65,1456.16,1470.83,659895
2022-09-20 00:00:00+05:30,1478.18,1500.63,1461.6,1465.53,492059
2022-09-21 00:00:00+05:30,1464.09,1477.86,1445.79,1448.03,248680
2022-09-22 00:00:00+05:30,1446.69,1467.15,1433.51,1451.31,340358
2022-09-23 00:00:00+05:30,1458.12,1467.02,1415.84,1419.07,217446
2022-09-26 00:00:00+05:30,1402.94,1417.56,1370.63,1375.7,455331
2022-09-27 00:00:00+05:30,1375.7,1381.07,1338.11,1354.64,826748
2022-09-28 00:00:00+05:30,1342.29,1364.16,1328.37,1342.39,362835
2022-09-29 00:00:00+05:30,1349.12,1363.27,1342.29,1359.14,489609
2022-09-30 00:00:00+05:30,1365.95,1385.14,1343.53,1377.49,597712
2022-10-03 00:00:00+05:30,1377.49,1380.94,1339.08,1345.77,479091
2022-10-04 00:00:00+05:30,1359.69,1386.73,1354.99,1367.05,220709
2022-10-06 00:00:00+05:30,1373.88,1400.73,1368.29,1392.23,396298
2022-10-07 00:00:00+05:30,1395.98,1405.38,1377.14,1401.75,624272
2022-10-10 00:00:00+05:30,1379.57,1394.24,1368.71,1379.5,218128
2022-10-11 00:00:00+05:30,1386.26,1388.8,1351.93,1355.39,299199
2022-10-12 00:00:00+05:30,1362.17,1381.96,1343.08,1377.06,369120
2022-10-13 00:00:00+05:30,1377.06,1381.09,1353.28,1362.2,218361
2022-10-14 00:00:00+05:30,1387.93,1387.93,1358.89,1365.36,291873
2022-10-17 00:00:00+05:30,1364.61,1374.4,1352.26,1364.88,124650
2022-10-18 00:00:00+05:30,1367.34,1415.87,1360.21,1403.79,677560
2022-10-19 00:00:00+05:30,1406.92,1443.48,1404.46,1434.68,984043
2022-10-20 00:00:00+05:30,1429.29,1456.13,1417.61,1429.74,1434269
2022-10-21 00:00:00+05:30,1430.28,1438.39,1393.0,1398.94,308792
2022-10-24 00:00:00+05:30,1410.89,1415.27,1392.13,1400.85,45687
2022-10-25 00:00:00+05:30,1406.92,1415.64,1393.64,1408.93,214264
2022-10-27 00:00:00+05:30,1422.28,1437.74,1408.14,1431.65,520268
2022-10-28 00:00:00+05:30,1435.7,1455.14,1426.83,1450.84,784652
2022-10-31 00:00:00+05:30,1462.1,1471.55,1450.67,1454.44,668766
2022-11-01 00:00:00+05:30,1461.73,1476.52,1452.95,1464.21,614661
2022-11-02 00:00:00+05:30,1465.53,1465.53,1440.25,1446.09,190492
2022-11-03 00:00:00+05:30,1441.72,1458.37,1434.16,1437.52,331007
2022-11-04 00:00:00+05:30,1444.15,1484.67,1437.52,1478.11,763389
2022-11-07 00:00:00+05:30,1485.52,1498.09,1452.31,1463.09,539920
2022-11-09 00:00:00+05:30,1470.8,1471.55,1443.53,1449.87,312829
2022-11-10 00:00:00+05:30,1449.77,1462.6,1435.2,1451.06,383949
2022-11-11 00:00:00+05:30,1458.32,1475.5,1445.55,1450.27,599492
2022-11-14 00:00:00+05:30,1453.13,1462.57,1438.73,1443.86,280231
2022-11-15 00:00:00+05:30,1450.17,1450.64,1414.13,1416.76,526161
2022-11-16 00:00:00+05:30,1420.84,1446.17,1407.49,1431.82,878066
2022-11-17 00:00:00+05:30,1427.57,1444.2,1422.25,1426.75,541147
2022-11-18 00:00:00+05:30,1433.71,1442.71,1405.8,1411.04,448902
2022-11-21 00:00:00+05:30,1411.86,1414.37,1387.53,1397.75,1002076
2022-11-22 00:00:00+05:30,1404.75,1411.04,1386.56,1393.74,693922
2022-11-23 00:00:00+05:30,1386.06,1391.26,1338.06,1376.96,2895312
2022-11-24 00:00:00+05:30,1387.58,1415.54,1382.16,1400.28,1255765
2022-11-25 00:00:00+05:30,1400.28,1413.8,1367.15,1381.34,991047
2022-11-28 00:00:00+05:30,1382.06,1397.72,1369.71,1374.45,502876
2022-11-29 00:00:00+05:30,1378.06,1388.42,1367.84,1381.41,389266
2022-11-30 00:00:00+05:30,1384.22,1394.99,1375.0,1379.55,949015
2022-12-01 00:00:00+05:30,1386.04,1387.43,1364.36,1379.55,876438
2022-12-02 00:00:00+05:30,1380.07,1380.27,1355.14,1375.47,604974
2022-12-05 00:00:00+05:30,1380.57,1384.6,1362.67,1374.16,354173
2022-12-06 00:00:00+05:30,1375.05,1379.57,1367.15,1373.98,328583
2022-12-07 00:00:00+05:30,1402.97,1465.58,1402.97,1444.38,5733484
2022-12-08 00:00:00+05:30,1446.69,1470.55,1434.01,1464.51,1132396
2022-12-09 00:00:00+05:30,1466.57,1488.95,1460.04,1475.03,1430718
2022-12-12 00:00:00+05:30,1471.22,1518.75,1469.13,1510.5,1788739
2022-12-13 00:00:00+05:30,1509.35,1519.92,1473.81,1486.54,1176814
2022-12-14 00:00:00+05:30,1488.67,1512.56,1480.25,1505.55,888266
2022-12-15 00:00:00+05:30,1503.86,1503.86,1469.21,1474.78,394202
2022-12-16 00:00:00+05:30,1465.11,1468.86,1434.11,1439.26,875612
2022-12-19 00:00:00+05:30,1439.26,1474.01,1425.81,1469.81,436276
2022-12-20 00:00:00+05:30,1462.1,1484.94,1458.2,1469.43,834615
2022-12-21 00:00:00+05:30,1474.03,1485.42,1423.85,1433.99,315826
2022-12-22 00:00:00+05:30,1437.24,1446.69,1415.42,1422.35,392212
2022-12-23 00:00:00+05:30,1416.86,1422.2,1378.88,1385.64,410871
2022-12-26 00:00:00+05:30,1399.96,1431.25,1399.96,1408.81,1042352
2022-12-27 00:00:00+05:30,1416.86,1426.8,1398.79,1418.3,369742
2022-12-28 00:00:00+05:30,1416.09,1432.59,1409.4,1422.4,220391
2022-12-29 00:00:00+05:30,1421.33,1421.81,1389.92,1403.14,628599
2022-12-30 00:00:00+05:30,1410.17,1424.29,1401.95,1405.13,279490
2023-01-02 00:00:00+05:30,1414.87,1416.79,1400.36,1406.1,249855
2023-01-03 00:00:00+05:30,1408.41,1419.22,1404.43,1410.62,182452
2023-01-04 00:00:00+05:30,1405.92,1415.79,1396.97,1399.68,112048
2023-01-05 00:00:00+05:30,1408.91,1444.82,1399.73,1439.33,609896
2023-01-06 00:00:00+05:30,1446.51,1452.03,1428.54,1437.59,459483
2023-01-09 00:00:00+05:30,1439.7,1458.37,1435.75,1443.53,322394
2023-01-10 00:00:00+05:30,1449.17,1451.66,1419.1,1426.88,255367
2023-01-11 00:00:00+05:30,1431.77,1466.52,1419.15,1462.1,679920
2023-01-12 00:00:00+05:30,1462.1,1487.11,1460.73,1482.14,687215
2023-01-13 00:00:00+05:30,1478.01,1481.39,1456.13,1474.83,438813
2023-01-16 00:00:00+05:30,1476.02,1481.86,1458.82,1463.44,204880
2023-01-17 00:00:00+05:30,1506.05,1518.25,1444.3,1464.31,2784125
2023-01-18 00:00:00+05:30,1476.52,1533.32,1473.11,1523.57,2730963
2023-01-19 00:00:00+05:30,1523.25,1538.11,1512.81,1515.12,994380
2023-01-20 00:00:00+05:30,1519.2,1544.87,1513.38,1521.71,1246788
2023-01-23 00:00:00+05:30,1533.69,1539.93,1509.53,1520.51,582926
2023-01-24 00:00:00+05:30,1520.51,1520.51,1499.24,1510.32,568157
2023-01-25 00:00:00+05:30,1510.32,1512.36,1473.53,1489.1,518286
2023-01-27 00:00:00+05:30,1490.91,1496.55,1441.97,1470.5,332922
2023-01-30 00:00:00+05:30,1470.08,1484.89,1441.72,1450.19,436536
2023-01-31 00:00:00+05:30,1454.22,1481.49,1450.37,1454.87,786020
2023-02-01 00:00:00+05:30,1466.57,1526.75,1437.44,1464.14,2053486
2023-02-02 00:00:00+05:30,1464.14,1477.96,1443.73,1454.39,699494
2023-02-03 00:00:00+05:30,1459.09,1515.79,1451.81,1505.2,1174660
2023-02-06 00:00:00+05:30,1512.81,1534.68,1501.08,1530.41,764324
2023-02-07 00:00:00+05:30,1539.65,1558.55,1519.27,1550.12,748133
2023-02-08 00:00:00+05:30,1550.59,1558.3,1536.72,1551.59,390384
2023-02-09 00:00:00+05:30,1546.61,1577.93,1539.16,1542.99,1069652
2023-02-10 00:00:00+05:30,1540.15,1563.52,1536.17,1556.43,406249
2023-02-13 00:00:00+05:30,1573.46,1573.46,1530.36,1555.76,599267
2023-02-14 00:00:00+05:30,1558.52,1564.84,1531.25,1553.55,1172121
2023-02-15 00:00:00+05:30,1566.0,1614.75,1536.8,1605.48,2939275
2023-02-16 00:00:00+05:30,1614.2,1615.72,1597.37,1602.15,1025433
2023-02-17 00:00:00+05:30,1602.12,1613.23,1583.6,1588.35,704496
2023-02-20 00:00:00+05:30,1595.78,1611.72,1587.38,1589.34,681511
2023-02-21 00:00:00+05:30,1600.78,1642.96,1588.75,1637.69,2676844
2023-02-22 00:00:00+05:30,1638.09,1647.44,1613.75,1616.46,1035447
2023-02-23 00:00:00+05:30,1620.64,1630.63,1608.31,1619.2,636486
2023-02-24 00:00:00+05:30,1627.3,1629.66,1600.8,1613.98,322842
2023-02-27 00:00:00+05:30,1613.98,1620.84,1572.12,1591.81,615673
2023-02-28 00:00:00+05:30,1599.78,1622.85,1580.92,1614.03,791936
2023-03-01 00:00:00+05:30,1619.7,1624.02,1605.9,1619.27,443230
2023-03-02 00:00:00+05:30,1620.69,1620.69,1551.09,1557.08,1138077
2023-03-03 00:00:00+05:30,1568.49,1582.46,1557.05,1572.76,608264
2023-03-06 00:00:00+05:30,1578.93,1605.08,1575.72,1597.82,465622
2023-03-08 00:00:00+05:30,1597.82,1637.59,1593.59,1634.34,628880
2023-03-09 00:00:00+05:30,1638.09,1651.41,1633.47,1640.23,650055
2023-03-10 00:00:00+05:30,1620.69,1651.84,1614.25,1645.07,439806
2023-03-13 00:00:00+05:30,1649.92,1650.49,1613.11,1625.64,553486
2023-03-14 00:00:00+05:30,1623.13,1628.92,1601.65,1617.16,493276
2023-03-15 00:00:00+05:30,1633.02,1645.62,1623.18,1630.93,527911
2023-03-16 00:00:00+05:30,1626.46,1628.05,1592.8,1622.58,453038
2023-03-17 00:00:00+05:30,1630.63,1649.03,1622.03,1635.8,733763
2023-03-20 00:00:00+05:30,1620.69,1644.53,1620.69,1636.72,288957
2023-03-21 00:00:00+05:30,1643.06,1656.91,1632.12,1647.11,455041
2023-03-22 00:00:00+05:30,1654.5,1663.92,1628.49,1644.25,723483
2023-03-23 00:00:00+05:30,1644.25,1660.46,1639.03,1652.98,506344
2023-03-24 00:00:00+05:30,1665.43,1665.43,1643.48,1657.2,667823
2023-03-27 00:00:00+05:30,1657.2,1668.19,1628.92,1635.48,572695
2023-03-28 00:00:00+05:30,1638.04,1644.5,1618.23,1627.0,323327
2023-03-29 00:00:00+05:30,1628.62,1664.94,1628.62,1653.43,714354
2023-03-31 00:00:00+05:30,1653.48,1665.43,1648.03,1654.99,392017
2023-04-03 00:00:00+05:30,1663.94,1670.4,1645.65,1666.8,307167
2023-04-05 00:00:00+05:30,1666.8,1679.15,1652.43,1666.0,490206
2023-04-06 00:00:00+05:30,1666.4,1673.01,1651.76,1670.33,559172
2023-04-10 00:00:00+05:30,1672.89,1690.29,1668.09,1682.14,497182
2023-04-11 00:00:00+05:30,1680.35,1690.29,1659.96,1663.74,439374
2023-04-12 00:00:00+05:30,1667.4,1678.76,1649.3,1657.8,308933
2023-04-13 00:00:00+05:30,1660.44,1673.34,1645.55,1653.75,487116
2023-04-17 00:00:00+05:30,1655.49,1677.86,1648.53,1660.46,355281
2023-04-18 00:00:00+05:30,1666.87,1671.82,1643.16,1648.41,475542
2023-04-19 00:00:00+05:30,1650.27,1655.49,1619.7,1621.56,544122
2023-04-20 00:00:00+05:30,1629.14,1641.15,1622.13,1626.31,387791
2023-04-21 00:00:00+05:30,1635.55,1638.71,1610.75,1615.44,387646
2023-04-24 00:00:00+05:30,1615.72,1633.12,1613.75,1624.96,257762
2023-04-25 00:00:00+05:30,1632.57,1669.01,1626.16,1656.16,839157
2023-04-26 00:00:00+05:30,1659.44,1718.3,1658.0,1713.98,1453563
2023-04-27 00:00:00+05:30,1715.12,1731.06,1705.2,1709.9,971190
2023-04-28 00:00:00+05:30,1715.15,1724.57,1705.73,1714.95,908127
2023-05-02 00:00:00+05:30,1721.21,1754.3,1715.17,1740.05,693212
2023-05-03 00:00:00+05:30,1740.0,1764.12,1725.29,1760.34,698148
2023-05-04 00:00:00+05:30,1761.38,1788.18,1755.91,1778.96,805666
2023-05-05 00:00:00+05:30,1784.72,1811.64,1780.27,1806.84,702909
2023-05-08 00:00:00+05:30,1814.55,1839.43,1799.98,1834.34,650826
2023-05-09 00:00:00+05:30,1850.87,1851.49,1805.83,1821.83,954297
2023-05-10 00:00:00+05:30,1829.49,1869.16,1822.16,1846.62,1128625
2023-05-11 00:00:00+05:30,1850.07,1895.11,1843.66,1887.68,1039136
2023-05-12 00:00:00+05:30,1906.55,1957.95,1885.07,1934.41,2474018
2023-05-15 00:00:00+05:30,1945.82,1951.44,1898.72,1905.75,950763
2023-05-16 00:00:00+05:30,1916.99,1946.29,1912.02,1924.94,729853
2023-05-17 00:00:00+05:30,1932.9,1948.01,1909.31,1934.49,750527
2023-05-18 00:00:00+05:30,1948.31,1948.31,1900.13,1905.18,811688
2023-05-19 00:00:00+05:30,1909.6,1927.92,1799.19,1850.72,1483049
2023-05-22 00:00:00+05:30,1789.77,1792.7,1647.56,1690.14,9928291
2023-05-23 00:00:00+05:30,1698.72,1706.2,1674.41,1695.56,2074791
2023-05-24 00:00:00+05:30,1695.56,1731.4,1678.36,1705.7,1733220
2023-05-25 00:00:00+05:30,1709.18,1739.28,1699.39,1733.67,1479298
2023-05-26 00:00:00+05:30,1740.0,1762.38,1729.54,1749.65,892037
2023-05-29 00:00:00+05:30,1757.4,1766.85,1735.53,1746.32,999958
2023-05-30 00:00:00+05:30,1756.41,1792.2,1750.02,1769.68,1603546
2023-05-31 00:00:00+05:30,1769.83,1779.08,1751.36,1765.68,3876740
2023-06-01 00:00:00+05:30,1765.68,1769.68,1748.95,1757.06,397259
2023-06-02 00:00:00+05:30,1759.39,1774.78,1753.28,1766.18,469966
2023-06-05 00:00:00+05:30,1766.18,1781.61,1745.99,1750.94,436757
2023-06-06 00:00:00+05:30,1752.46,1786.24,1748.06,1782.88,623658
2023-06-07 00:00:00+05:30,1797.18,1819.47,1789.72,1816.51,1159065
2023-06-08 00:00:00+05:30,1824.0,1826.31,1795.71,1819.27,796001
2023-06-09 00:00:00+05:30,1826.98,1837.17,1805.15,1818.83,549660
2023-06-12 00:00:00+05:30,1828.99,1829.46,1808.61,1818.75,242612
2023-06-13 00:00:00+05:30,1817.06,1860.41,1812.11,1856.53,606259
2023-06-14 00:00:00+05:30,1863.79,1873.91,1852.66,1870.85,500646
2023-06-15 00:00:00+05:30,1873.24,1878.21,1854.62,1865.13,501887
2023-06-16 00:00:00+05:30,1862.62,1888.65,1859.32,1884.18,615234
2023-06-19 00:00:00+05:30,1890.14,1908.04,1884.82,1887.68,457863
2023-06-20 00:00:00+05:30,1904.06,1909.03,1886.93,1905.55,640563
2023-06-21 00:00:00+05:30,1906.55,1918.93,1879.25,1889.15,719598
2023-06-22 00:00:00+05:30,1893.12,1894.12,1829.69,1835.43,696965
2023-06-23 00:00:00+05:30,1837.94,1841.92,1809.65,1822.03,345741
2023-06-26 00:00:00+05:30,1829.46,1845.9,1812.24,1837.2,430527
2023-06-27 00:00:00+05:30,1837.2,1847.06,1833.72,1844.9,411963
2023-06-28 00:00:00+05:30,1856.34,1880.0,1830.63,1861.8,871325
2023-06-30 00:00:00+05:30,1871.25,1876.82,1851.71,1875.72,391907
2023-07-03 00:00:00+05:30,1874.23,1883.18,1846.62,1851.61,274110
2023-07-04 00:00:00+05:30,1852.86,1864.24,1824.52,1839.93,504663
2023-07-05 00:00:00+05:30,1840.43,1868.76,1840.03,1849.87,461516
2023-07-06 00:00:00+05:30,1851.74,1869.26,1844.73,1852.91,436620
2023-07-07 00:00:00+05:30,1845.17,1863.67,1829.54,1838.44,365484
2023-07-10 00:00:00+05:30,1839.43,1846.27,1808.93,1812.09,476570
2023-07-11 00:00:00+05:30,1822.78,1877.22,1815.1,1874.8,805238
2023-07-12 00:00:00+05:30,1889.05,1926.41,1889.05,1899.09,1832622
2023-07-13 00:00:00+05:30,1909.23,1909.23,1841.45,1861.8,877714
2023-07-14 00:00:00+05:30,1863.27,1866.48,1830.04,1832.97,965278
2023-07-17 00:00:00+05:30,1851.36,1856.41,1832.99,1839.43,658282
2023-07-18 00:00:00+05:30,1841.97,1858.32,1829.49,1842.91,594554
2023-07-19 00:00:00+05:30,1831.58,1864.29,1831.58,1843.34,598372
2023-07-20 00:00:00+05:30,1848.38,1860.78,1745.5,1810.6,1337359
2023-07-21 00:00:00+05:30,1808.11,1819.89,1792.7,1799.66,701614
2023-07-24 00:00:00+05:30,1799.66,1845.2,1792.23,1836.67,552594
2023-07-25 00:00:00+05:30,1839.36,1854.05,1822.7,1833.77,679755
2023-07-26 00:00:00+05:30,1838.94,1875.23,1825.54,1868.32,411589
2023-07-27 00:00:00+05:30,1871.72,1882.04,1858.9,1864.84,350168
2023-07-28 00:00:00+05:30,1871.75,1921.11,1861.01,1914.08,817019
2023-07-31 00:00:00+05:30,1958.45,2022.63,1940.1,1978.14,3209233
2023-08-01 00:00:00+05:30,1991.06,1991.06,1927.92,1937.87,658349
2023-08-02 00:00:00+05:30,1933.89,1937.59,1882.93,1898.97,647448
2023-08-03 00:00:00+05:30,1900.56,1922.85,1857.98,1889.15,895899
2023-08-04 00:00:00+05:30,1894.12,1903.44,1871.1,1876.72,526815
2023-08-07 00:00:00+05:30,1894.12,1921.96,1886.39,1906.55,696434
2023-08-08 00:00:00+05:30,1912.02,1912.02,1850.37,1879.2,758481
2023-08-09 00:00:00+05:30,1889.1,1889.1,1828.89,1853.35,1688080
2023-08-10 00:00:00+05:30,1857.33,1863.77,1816.79,1825.02,593064
2023-08-11 00:00:00+05:30,1824.47,1843.88,1811.17,1817.09,431199
2023-08-14 00:00:00+05:30,1822.63,1822.63,1773.31,1793.42,545174
2023-08-16 00:00:00+05:30,1789.72,1803.81,1775.2,1794.69,449067
2023-08-17 00:00:00+05:30,1801.65,1804.14,1773.31,1777.79,452889
2023-08-18 00:00:00+05:30,1778.78,1805.63,1778.78,1794.19,792004
2023-08-21 00:00:00+05:30,1806.02,1822.41,1797.18,1815.07,616534
2023-08-22 00:00:00+05:30,1820.99,1832.97,1815.99,1819.62,357721
2023-08-23 00:00:00+05:30,1822.03,1858.32,1822.03,1847.44,646945
2023-08-24 00:00:00+05:30,1858.77,1913.01,1856.48,1886.24,1470755
2023-08-25 00:00:00+05:30,1892.13,1921.46,1879.33,1882.21,784071
2023-08-28 00:00:00+05:30,1887.13,1920.42,1880.82,1912.49,550531
2023-08-29 00:00:00+05:30,1923.45,1931.4,1914.75,1922.6,626460
2023-08-30 00:00:00+05:30,1931.4,1933.87,1917.51,1924.44,500095
2023-08-31 00:00:00+05:30,1921.46,1985.05,1917.04,1951.29,1407995
2023-09-01 00:00:00+05:30,1949.85,1951.22,1910.05,1932.42,537750
2023-09-04 00:00:00+05:30,1933.89,1947.91,1901.7,1935.01,389682
2023-09-05 00:00:00+05:30,1938.86,1952.23,1930.34,1939.04,461325
2023-09-06 00:00:00+05:30,1948.8,1965.71,1937.77,1961.13,471081
2023-09-07 00:00:00+05:30,1963.1,1979.33,1953.78,1958.72,436628
2023-09-08 00:00:00+05:30,1961.23,1975.6,1952.81,1961.53,317490
2023-09-11 00:00:00+05:30,1961.53,1988.53,1956.29,1966.08,626730
2023-09-12 00:00:00+05:30,1972.02,1980.02,1895.63,1908.98,688088
2023-09-13 00:00:00+05:30,1916.39,1916.39,1889.25,1900.58,283910
2023-09-14 00:00:00+05:30,1907.39,1914.5,1889.64,1903.14,335937
2023-09-15 00:00:00+05:30,1909.83,1915.97,1891.63,1894.54,794251
2023-09-18 00:00:00+05:30,1894.54,1904.51,1869.66,1878.58,299302
2023-09-20 00:00:00+05:30,1876.12,1894.09,1864.12,1878.73,589445
2023-09-21 00:00:00+05:30,1874.23,1898.02,1850.87,1859.32,547377
2023-09-22 00:00:00+05:30,1863.37,1872.29,1829.54,1833.99,289027
2023-09-25 00:00:00+05:30,1844.4,1846.79,1820.54,1836.75,289944
2023-09-26 00:00:00+05:30,1839.43,1843.56,1823.95,1829.64,389436
2023-09-27 00:00:00+05:30,1829.49,1856.83,1811.17,1852.13,443708
2023-09-28 00:00:00+05:30,1859.79,1859.79,1797.18,1802.92,534664
2023-09-29 00:00:00+05:30,1804.21,1834.44,1804.21,1825.76,361451
2023-10-03 00:00:00+05:30,1819.55,1825.51,1769.09,1774.63,1395232
2023-10-04 00:00:00+05:30,1774.8,1790.74,1737.94,1740.7,1566206
2023-10-05 00:00:00+05:30,1749.45,1767.05,1742.64,1749.8,561865
2023-10-06 00:00:00+05:30,1762.23,1777.29,1741.0,1756.41,882229
2023-10-09 00:00:00+05:30,1749.95,1768.52,1724.42,1760.86,548262
2023-10-10 00:00:00+05:30,1758.4,1791.76,1758.4,1786.24,474416
2023-10-11 00:00:00+05:30,1802.64,1806.6,1762.65,1769.09,941327
2023-10-12 00:00:00+05:30,1769.86,1794.69,1769.09,1788.72,456168
2023-10-13 00:00:00+05:30,1772.32,1794.34,1770.98,1785.84,317540
2023-10-16 00:00:00+05:30,1789.72,1799.16,1777.81,1790.74,579695
2023-10-17 00:00:00+05:30,1802.05,1802.05,1779.78,1786.26,457220
2023-10-18 00:00:00+05:30,1787.23,1795.19,1732.55,1736.2,1067534
2023-10-19 00:00:00+05:30,1734.01,1734.01,1707.79,1721.98,833296
2023-10-20 00:00:00+05:30,1715.12,1727.55,1698.27,1711.07,502368
2023-10-23 00:00:00+05:30,1711.07,1727.33,1691.81,1697.62,382744
2023-10-25 00:00:00+05:30,1697.62,1711.09,1682.83,1706.62,482585
2023-10-26 00:00:00+05:30,1700.23,1706.67,1665.43,1693.65,814639
2023-10-27 00:00:00+05:30,1690.29,1714.62,1682.71,1703.71,313038
2023-10-30 00:00:00+05:30,1690.36,1722.08,1690.29,1708.19,256274
2023-10-31 00:00:00+05:30,1700.73,1705.2,1613.73,1655.96,2358122
2023-11-01 00:00:00+05:30,1660.46,1669.91,1647.44,1653.33,707123
2023-11-02 00:00:00+05:30,1657.93,1681.24,1654.99,1675.82,240333
2023-11-03 00:00:00+05:30,1687.8,1687.8,1667.27,1674.16,510695
2023-11-06 00:00:00+05:30,1678.13,1680.4,1659.79,1673.98,903654
2023-11-07 00:00:00+05:30,1640.58,1673.26,1640.55,1664.24,808462
2023-11-08 00:00:00+05:30,1662.95,1705.28,1662.95,1702.17,388226
2023-11-09 00:00:00+05:30,1708.19,1712.66,1680.84,1683.33,815317
2023-11-10 00:00:00+05:30,1682.83,1700.03,1678.88,1693.94,540105
2023-11-12 00:00:00+05:30,1705.15,1705.15,1695.26,1702.74,25616
2023-11-13 00:00:00+05:30,1700.73,1706.94,1689.42,1699.24,193664
2023-11-15 00:00:00+05:30,1722.6,1774.21,1696.78,1737.77,2405116
2023-11-16 00:00:00+05:30,1744.88,1760.21,1723.52,1752.43,775643
2023-11-17 00:00:00+05:30,1754.92,1780.37,1741.02,1775.18,620911
2023-11-20 00:00:00+05:30,1779.78,1787.23,1769.83,1782.86,219896
2023-11-21 00:00:00+05:30,1789.72,1794.49,1770.53,1784.27,354726
2023-11-22 00:00:00+05:30,1784.27,1789.72,1749.95,1764.36,329231
2023-11-23 00:00:00+05:30,1767.84,1807.62,1754.92,1799.26,632157
2023-11-24 00:00:00+05:30,1809.6,1810.52,1792.23,1803.94,463447
2023-11-28 00:00:00+05:30,1809.6,1818.06,1777.56,1812.84,544297
2023-11-29 00:00:00+05:30,1828.5,1828.5,1783.08,1807.49,1602671
2023-11-30 00:00:00+05:30,1809.55,1822.31,1797.52,1818.35,1014483
2023-12-01 00:00:00+05:30,1824.52,1879.18,1813.18,1865.83,806624
2023-12-04 00:00:00+05:30,1889.12,1908.01,1859.62,1892.73,1231195
2023-12-05 00:00:00+05:30,1894.12,1914.0,1877.24,1910.77,648207
2023-12-06 00:00:00+05:30,1914.0,1951.04,1906.57,1914.97,878365
2023-12-07 00:00:00+05:30,1922.93,1922.95,1895.96,1905.18,282232
2023-12-08 00:00:00+05:30,1916.99,1930.14,1881.71,1902.67,319501
2023-12-11 00:00:00+05:30,1904.06,1936.38,1904.06,1932.03,367992
2023-12-12 00:00:00+05:30,1932.03,1941.99,1905.55,1917.76,268150
2023-12-13 00:00:00+05:30,1922.46,1962.23,1918.06,1955.96,523337
2023-12-14 00:00:00+05:30,1963.72,1963.72,1929.32,1947.83,428838
2023-12-15 00:00:00+05:30,1956.26,1966.2,1921.06,1942.49,750652
2023-12-18 00:00:00+05:30,1946.47,2110.38,1939.41,2057.8,3307483
2023-12-19 00:00:00+05:30,2063.15,2075.28,1988.6,1998.32,1040208
2023-12-20 00:00:00+05:30,2015.82,2041.2,1927.13,1943.41,868272
2023-12-21 00:00:00+05:30,1916.99,1975.65,1893.7,1972.15,692930
2023-12-22 00:00:00+05:30,2030.83,2048.23,1953.55,1966.48,1257127
2023-12-26 00:00:00+05:30,1981.12,1997.28,1971.23,1990.74,363520
2023-12-27 00:00:00+05:30,2003.47,2014.85,1970.95,1977.46,852172
2023-12-28 00:00:00+05:30,1993.27,2004.34,1961.36,1968.62,1519383
2023-12-29 00:00:00+05:30,1975.15,2003.84,1962.75,2000.86,386095
2024-01-01 00:00:00+05:30,2002.99,2017.41,1993.05,2001.28,257455
2024-01-02 00:00:00+05:30,2010.97,2012.94,1972.02,2009.26,423350
2024-01-03 00:00:00+05:30,2015.92,2043.26,2015.5,2030.91,698596
2024-01-04 00:00:00+05:30,2039.28,2051.76,2026.63,2032.65,445006
2024-01-05 00:00:00+05:30,2037.87,2045.52,2016.91,2026.96,281683
2024-01-08 00:00:00+05:30,2035.31,2036.35,1989.59,1996.28,338815
2024-01-09 00:00:00+05:30,2003.91,2096.95,2003.49,2084.72,1314919
2024-01-10 00:00:00+05:30,2083.51,2102.55,2062.1,2078.43,537287
2024-01-11 00:00:00+05:30,2082.04,2086.96,2053.7,2068.02,263139
2024-01-12 00:00:00+05:30,2073.91,2082.44,2044.55,2065.19,322249
2024-01-15 00:00:00+05:30,2069.66,2077.81,2046.84,2069.88,308731
2024-01-16 00:00:00+05:30,2076.22,2088.0,2031.78,2040.01,379506
2024-01-17 00:00:00+05:30,2034.31,2054.62,2002.62,2041.67,357422
2024-01-18 00:00:00+05:30,2038.29,2041.15,1971.18,2009.36,377279
2024-01-19 00:00:00+05:30,2028.84,2063.64,2019.85,2058.92,224327
2024-01-20 00:00:00+05:30,2070.6,2070.6,2013.96,2025.51,102409
2024-01-23 00:00:00+05:30,2033.32,2054.99,1998.52,2030.29,964819
2024-01-24 00:00:00+05:30,2028.35,2093.97,2016.42,2087.51,440931
2024-01-25 00:00:00+05:30,2094.94,2098.49,2058.18,2090.69,329814
2024-01-29 00:00:00+05:30,2089.99,2147.14,2086.19,2140.48,926108
2024-01-30 00:00:00+05:30,2147.16,2155.12,2040.38,2059.94,983122
2024-01-31 00:00:00+05:30,2045.75,2094.39,2031.5,2058.37,984922
2024-02-01 00:00:00+05:30,2068.62,2112.54,2003.22,2040.6,1282916
2024-02-02 00:00:00+05:30,2050.72,2132.72,2044.31,2069.26,1088349
2024-02-05 00:00:00+05:30,2075.58,2112.86,2050.2,2064.14,618390
2024-02-06 00:00:00+05:30,2072.99,2112.86,2055.72,2096.33,317606
2024-02-07 00:00:00+05:30,2132.72,2132.72,2069.14,2112.46,459364
2024-02-08 00:00:00+05:30,2121.81,2155.12,2095.46,2101.2,472459
2024-02-09 00:00:00+05:30,2103.27,2138.32,2066.08,2125.69,465171
2024-02-12 00:00:00+05:30,2125.69,2167.2,2089.99,2097.13,625050
2024-02-13 00:00:00+05:30,2096.95,2237.05,2047.24,2144.28,1491417
2024-02-14 00:00:00+05:30,2127.5,2211.3,2127.48,2177.19,1054427
2024-02-15 00:00:00+05:30,2187.43,2190.39,2149.13,2160.96,204929
2024-02-16 00:00:00+05:30,2170.11,2196.16,2156.11,2186.76,284986
2024-02-19 00:00:00+05:30,2187.91,2211.79,2175.0,2195.69,217937
2024-02-20 00:00:00+05:30,2204.83,2214.78,2191.19,2205.21,262815
2024-02-21 00:00:00+05:30,2209.8,2256.46,2195.41,2207.49,438869
2024-02-22 00:00:00+05:30,2212.29,2280.4,2196.38,2263.25,476532
2024-02-23 00:00:00+05:30,2275.43,2283.01,2246.39,2255.29,311978
2024-02-26 00:00:00+05:30,2262.01,2284.38,2234.66,2269.84,359882
2024-02-27 00:00:00+05:30,2269.79,2309.98,2268.47,2279.55,459426
2024-02-28 00:00:00+05:30,2293.8,2316.02,2256.19,2275.33,353570
2024-02-29 00:00:00+05:30,2277.57,2346.52,2241.65,2326.26,709324
2024-03-01 00:00:00+05:30,2336.58,2338.99,2308.51,2336.95,235131
2024-03-02 00:00:00+05:30,2348.98,2363.72,2334.12,2354.92,39071
2024-03-04 00:00:00+05:30,2351.52,2355.49,2322.76,2331.21,247502
2024-03-05 00:00:00+05:30,2345.72,2366.23,2330.19,2351.57,193566
2024-03-06 00:00:00+05:30,2358.95,2358.95,2301.83,2340.83,347752
2024-03-07 00:00:00+05:30,2351.49,2357.95,2314.58,2320.99,288377
2024-03-11 00:00:00+05:30,2321.66,2472.0,2321.66,2351.91,2265808
2024-03-12 00:00:00+05:30,2358.95,2403.67,2336.58,2377.57,823468
2024-03-13 00:00:00+05:30,2378.76,2408.17,2293.72,2311.77,762389
2024-03-14 00:00:00+05:30,2312.19,2380.42,2276.8,2362.13,487010
2024-03-15 00:00:00+05:30,2370.38,2396.53,2327.68,2372.02,461154
2024-03-18 00:00:00+05:30,2373.84,2413.63,2359.4,2403.39,345628
2024-03-19 00:00:00+05:30,2406.18,2410.92,2288.18,2306.67,748005
2024-03-20 00:00:00+05:30,2321.02,2365.63,2268.14,2341.32,360161
2024-03-21 00:00:00+05:30,2361.43,2462.85,2357.23,2457.06,928544
2024-03-22 00:00:00+05:30,2453.43,2484.33,2418.43,2481.52,566110
2024-03-26 00:00:00+05:30,2481.52,2541.0,2470.81,2534.76,859596
2024-03-27 00:00:00+05:30,2550.35,2664.69,2544.11,2629.22,1591923
2024-03-28 00:00:00+05:30,2629.22,2687.06,2603.29,2671.68,801355
2024-04-01 00:00:00+05:30,2674.06,2748.58,2674.06,2715.85,745955
2024-04-02 00:00:00+05:30,2721.84,2783.51,2711.62,2772.5,530726
2024-04-03 00:00:00+05:30,2739.76,2820.0,2739.76,2806.53,686819
2024-04-04 00:00:00+05:30,2806.9,2868.52,2786.49,2797.45,736378
2024-04-05 00:00:00+05:30,2805.28,2829.97,2753.31,2801.03,487831
2024-04-08 00:00:00+05:30,2822.78,2852.34,2801.9,2817.81,470880
2024-04-09 00:00:00+05:30,2836.21,2841.58,2775.95,2786.62,294635
2024-04-10 00:00:00+05:30,2800.39,2800.39,2759.17,2775.46,366475
2024-04-12 00:00:00+05:30,2775.46,2828.8,2759.15,2772.8,404595
2024-04-15 00:00:00+05:30,2742.35,2793.95,2694.5,2704.89,438257
2024-04-16 00:00:00+05:30,2701.98,2766.98,2692.16,2750.13,537740
2024-04-18 00:00:00+05:30,2751.19,2805.88,2734.07,2773.84,1010098
2024-04-19 00:00:00+05:30,2771.35,2806.75,2724.75,2778.79,962687
2024-04-22 00:00:00+05:30,2784.98,2900.83,2783.51,2867.73,992640
2024-04-23 00:00:00+05:30,2883.43,2889.85,2826.24,2831.58,367624
2024-04-24 00:00:00+05:30,2848.14,2860.59,2812.27,2818.28,535422
2024-04-25 00:00:00+05:30,2818.81,2866.53,2800.41,2848.41,418838
2024-04-26 00:00:00+05:30,2858.55,2887.51,2832.65,2857.83,309250
2024-04-29 00:00:00+05:30,2860.67,2897.7,2850.85,2871.83,297698
2024-04-30 00:00:00+05:30,2892.78,2944.53,2878.51,2904.17,754602
2024-05-02 00:00:00+05:30,2904.17,2970.66,2903.32,2918.98,503852
2024-05-03 00:00:00+05:30,2938.1,2957.01,2916.42,2947.09,273382
2024-05-06 00:00:00+05:30,2962.98,3080.3,2962.46,3036.38,1549531
2024-05-07 00:00:00+05:30,3054.45,3106.01,2998.77,3029.89,846358
2024-05-08 00:00:00+05:30,3042.12,3150.4,2993.95,3134.49,1093921
2024-05-09 00:00:00+05:30,3141.45,3149.41,3039.96,3047.59,754701
2024-05-10 00:00:00+05:30,3064.97,3086.42,3016.94,3066.46,863263
2024-05-13 00:00:00+05:30,3098.5,3313.96,3091.51,3291.14,2697965
2024-05-14 00:00:00+05:30,3311.28,3331.73,3222.74,3311.2,1352023
2024-05-15 00:00:00+05:30,3489.95,3599.32,3443.22,3539.32,5618592
2024-05-16 00:00:00+05:30,3539.32,3603.82,3477.02,3501.81,2463801
2024-05-17 00:00:00+05:30,3514.81,3594.35,3501.93,3572.15,1361038
2024-05-18 00:00:00+05:30,3592.16,3592.16,3573.5,3580.51,52295
2024-05-21 00:00:00+05:30,3593.7,3652.52,3578.04,3621.32,1343552
2024-05-22 00:00:00+05:30,3646.05,3646.05,3546.67,3559.2,937596
2024-05-23 00:00:00+05:30,3574.47,3672.5,3562.61,3664.77,721308
2024-05-24 00:00:00+05:30,3651.52,3651.52,3599.32,3620.85,377722
2024-05-27 00:00:00+05:30,3620.87,3640.06,3563.98,3586.97,800088
2024-05-28 00:00:00+05:30,3596.59,3616.72,3525.74,3548.27,610079
2024-05-29 00:00:00+05:30,3529.67,3556.84,3480.01,3488.36,938308
2024-05-30 00:00:00+05:30,3482.0,3504.86,3449.88,3472.38,560725
2024-05-31 00:00:00+05:30,3501.38,3510.88,3441.26,3464.07,1861254
2024-06-03 00:00:00+05:30,3604.29,3651.47,3548.66,3616.23,1337238
2024-06-04 00:00:00+05:30,3639.09,3639.09,2892.98,3167.88,2491994
2024-06-05 00:00:00+05:30,3291.07,3291.09,3051.05,3245.46,1479413
2024-06-06 00:00:00+05:30,3281.13,3399.67,3278.69,3377.57,845435
2024-06-07 00:00:00+05:30,3380.6,3428.28,3333.85,3417.91,529313
2024-06-10 00:00:00+05:30,3425.3,3457.41,3393.01,3408.69,520294
2024-06-11 00:00:00+05:30,3440.29,3497.06,3420.95,3430.82,833680
2024-06-12 00:00:00+05:30,3439.71,3546.6,3439.19,3512.47,1034016
2024-06-13 00:00:00+05:30,3544.64,3712.67,3525.89,3677.18,1749230
2024-06-14 00:00:00+05:30,3695.52,3933.93,3686.77,3872.85,2646584
2024-06-18 00:00:00+05:30,3890.13,3898.11,3808.64,3841.85,666594
2024-06-19 00:00:00+05:30,3860.82,3882.69,3736.04,3747.47,699610
2024-06-20 00:00:00+05:30,3748.47,3754.33,3693.8,3740.96,627903
2024-06-21 00:00:00+05:30,3757.71,3778.29,3679.24,3696.91,504707
2024-06-24 00:00:00+05:30,3690.85,3799.4,3654.85,3775.29,615494
2024-06-25 00:00:00+05:30,3790.52,3852.37,3747.25,3758.41,992885
2024-06-26 00:00:00+05:30,3766.86,3810.61,3731.12,3776.85,440939
2024-06-27 00:00:00+05:30,3770.86,3944.49,3748.52,3893.73,2494875
2024-06-28 00:00:00+05:30,3903.87,3903.87,3793.23,3830.25,908143
2024-07-01 00:00:00+05:30,3840.74,3922.47,3831.04,3913.29,687334
2024-07-02 00:00:00+05:30,3913.02,3927.44,3803.7,3863.93,615224
2024-07-03 00:00:00+05:30,3874.24,3934.37,3855.35,3879.24,561391
2024-07-04 00:00:00+05:30,3879.24,3951.75,3849.61,3910.98,569135
2024-07-05 00:00:00+05:30,3911.53,3961.59,3885.18,3920.25,624449
2024-07-08 00:00:00+05:30,3944.46,3944.74,3820.58,3848.57,471694
2024-07-09 00:00:00+05:30,3857.84,3889.65,3840.49,3859.78,366683
2024-07-10 00:00:00+05:30,3877.72,3909.49,3778.29,3900.91,661159
2024-07-11 00:00:00+05:30,3944.27,3944.27,3858.68,3865.79,427765
2024-07-12 00:00:00+05:30,3881.7,3890.15,3778.72,3785.03,857476
2024-07-15 00:00:00+05:30,3785.03,3812.72,3754.53,3798.08,501881
2024-07-16 00:00:00+05:30,3808.12,3821.99,3700.74,3712.97,687044
2024-07-18 00:00:00+05:30,3712.97,3717.92,3507.38,3540.26,1744125
2024-07-19 00:00:00+05:30,3542.52,3554.58,3393.01,3405.54,1367576
2024-07-22 00:00:00+05:30,3325.92,3498.9,3325.92,3491.52,751263
2024-07-23 00:00:00+05:30,3499.84,3532.08,3298.55,3374.96,1294905
2024-07-24 00:00:00+05:30,3390.3,3461.12,3335.84,3366.21,899047
2024-07-25 00:00:00+05:30,3349.26,3455.15,3316.52,3398.95,689404
2024-07-26 00:00:00+05:30,3420.65,3468.65,3400.49,3438.89,709131
2024-07-29 00:00:00+05:30,3463.85,3534.99,3453.81,3527.91,752126
2024-07-30 00:00:00+05:30,3529.72,3558.51,3473.82,3490.52,793959
2024-07-31 00:00:00+05:30,3517.27,3569.49,3440.24,3546.08,936427
2024-08-01 00:00:00+05:30,3553.56,3561.49,3454.03,3494.33,1080242
2024-08-02 00:00:00+05:30,3430.29,3471.53,3380.6,3418.61,892808
2024-08-05 00:00:00+05:30,3319.63,3385.55,3283.21,3328.23,1005131
2024-08-06 00:00:00+05:30,3328.23,3397.78,3264.1,3277.12,492664
2024-08-07 00:00:00+05:30,3329.87,3415.38,3264.74,3393.38,741723
2024-08-08 00:00:00+05:30,3360.69,3404.91,3310.13,3365.17,955838
2024-08-09 00:00:00+05:30,3405.44,3437.87,3366.19,3425.07,1459929
2024-08-12 00:00:00+05:30,3380.58,3504.86,3363.18,3440.71,2060618
2024-08-13 00:00:00+05:30,3433.82,3501.88,3405.46,3464.65,1053206
2024-08-14 00:00:00+05:30,3465.91,3511.13,3399.22,3499.92,677942
2024-08-16 00:00:00+05:30,3524.75,3607.65,3511.25,3573.82,804952
2024-08-19 00:00:00+05:30,3601.31,3601.31,3523.33,3530.84,473579
2024-08-20 00:00:00+05:30,3555.57,3555.57,3482.2,3521.79,354221
2024-08-21 00:00:00+05:30,3521.79,3544.24,3495.97,3521.3,297707
2024-08-22 00:00:00+05:30,3541.95,3541.95,3494.95,3507.87,326137
2024-08-23 00:00:00+05:30,3507.87,3533.67,3484.98,3491.02,255151
2024-08-26 00:00:00+05:30,3512.62,3512.62,3476.68,3501.41,301474
2024-08-27 00:00:00+05:30,3519.78,3529.03,3480.01,3484.41,362899
2024-08-28 00:00:00+05:30,3488.71,3497.41,3450.3,3455.87,406047
2024-08-29 00:00:00+05:30,3445.23,3457.24,3383.19,3415.03,741938
2024-08-30 00:00:00+05:30,3428.3,3449.16,3408.89,3426.86,1415160
2024-09-02 00:00:00+05:30,3444.09,3452.66,3361.71,3370.44,534543
2024-09-03 00:00:00+05:30,3383.56,3397.46,3348.26,3365.07,699918
2024-09-04 00:00:00+05:30,3365.07,3387.86,3336.33,3360.1,424046
2024-09-05 00:00:00+05:30,3375.61,3380.6,3319.95,3324.0,437284
2024-09-06 00:00:00+05:30,3302.03,3330.86,3281.65,3288.28,556247
2024-09-09 00:00:00+05:30,3286.12,3305.49,3232.8,3260.39,579919
2024-09-10 00:00:00+05:30,3281.15,3303.52,3249.78,3272.65,464069
2024-09-11 00:00:00+05:30,3280.03,3333.18,3263.15,3277.52,501072
2024-09-12 00:00:00+05:30,3304.89,3312.94,3272.08,3308.19,310671
2024-09-13 00:00:00+05:30,3320.92,3355.72,3313.99,3335.96,347801
2024-09-16 00:00:00+05:30,3345.78,3368.15,3334.84,3337.23,145083
2024-09-17 00:00:00+05:30,3343.29,3368.15,3327.01,3362.63,199317
2024-09-18 00:00:00+05:30,3380.58,3381.5,3333.85,3350.9,236863
2024-09-19 00:00:00+05:30,3368.15,3402.33,3233.92,3343.62,728493
2024-09-20 00:00:00+05:30,3356.64,3411.25,3337.0,3396.86,1172166
2024-09-23 00:00:00+05:30,3416.37,3460.1,3400.96,3449.38,433557
2024-09-24 00:00:00+05:30,3449.38,3541.9,3445.21,3527.58,782365
2024-09-25 00:00:00+05:30,3533.2,3590.85,3517.29,3568.0,1057672
2024-09-26 00:00:00+05:30,3584.41,3598.25,3475.09,3518.41,550388
2024-09-27 00:00:00+05:30,3518.41,3641.08,3497.41,3626.76,1084792
2024-09-30 00:00:00+05:30,3626.42,3639.04,3569.05,3599.32,664351
2024-10-01 00:00:00+05:30,3616.62,3753.44,3606.31,3734.4,1039397
2024-10-03 00:00:00+05:30,3704.57,3737.53,3631.64,3652.22,487374
2024-10-04 00:00:00+05:30,3651.52,3663.23,3570.49,3602.73,559071
2024-10-07 00:00:00+05:30,3632.06,3648.02,3468.13,3479.09,521000
2024-10-08 00:00:00+05:30,3484.98,3678.84,3457.76,3665.02,670665
2024-10-09 00:00:00+05:30,3666.44,3849.44,3661.42,3816.67,1062899
2024-10-10 00:00:00+05:30,3828.01,3847.82,3773.89,3821.42,440176
2024-10-11 00:00:00+05:30,3823.04,3867.76,3757.41,3852.82,444040
2024-10-14 00:00:00+05:30,3867.78,3870.27,3815.08,3840.64,324868
2024-10-15 00:00:00+05:30,3880.46,3917.54,3829.87,3912.55,705989
2024-10-16 00:00:00+05:30,3912.55,4041.73,3905.59,3970.34,1956198
2024-10-17 00:00:00+05:30,3970.34,3977.15,3803.3,3836.78,782331
2024-10-18 00:00:00+05:30,3838.0,3904.87,3760.89,3879.21,552387
2024-10-21 00:00:00+05:30,3897.61,3914.24,3705.74,3719.43,455717
2024-10-22 00:00:00+05:30,3719.43,3719.43,3584.83,3598.68,934385
2024-10-23 00:00:00+05:30,3598.33,3617.54,3405.91,3416.4,959503
2024-10-24 00:00:00+05:30,3429.8,3466.06,3338.82,3404.44,930849
2024-10-25 00:00:00+05:30,3420.35,3429.22,3309.06,3368.87,633267
2024-10-28 00:00:00+05:30,3378.81,3413.99,3328.38,3356.39,552721
2024-10-29 00:00:00+05:30,3375.61,3440.09,3315.95,3434.07,505610
2024-10-30 00:00:00+05:30,3438.74,3486.37,3391.02,3445.23,393602
2024-10-31 00:00:00+05:30,3435.26,3484.06,3435.26,3468.23,343204
2024-11-01 00:00:00+05:30,3468.25,3484.46,3418.54,3454.7,35682
2024-11-04 00:00:00+05:30,3483.44,3483.44,3372.23,3457.14,573077
2024-11-05 00:00:00+05:30,3455.18,3479.01,3390.65,3458.95,528931
2024-11-06 00:00:00+05:30,3479.51,3534.69,3449.51,3505.16,507099
2024-11-07 00:00:00+05:30,3539.66,3555.05,3458.16,3516.52,407188
2024-11-08 00:00:00+05:30,3523.76,3593.06,3484.73,3566.68,649383
2024-11-11 00:00:00+05:30,3562.06,3569.49,3496.91,3502.9,436258
2024-11-12 00:00:00+05:30,3509.81,3528.6,3369.14,3380.31,449441
2024-11-13 00:00:00+05:30,3380.36,3393.01,3303.55,3333.13,431823
2024-11-14 00:00:00+05:30,3332.85,3364.6,3274.31,3349.18,512147
2024-11-18 00:00:00+05:30,3393.01,3398.65,3287.17,3301.14,284497
2024-11-19 00:00:00+05:30,3322.41,3374.51,3295.84,3303.84,445792
2024-11-21 00:00:00+05:30,3303.77,3336.83,3257.01,3301.86,435433
2024-11-22 00:00:00+05:30,3313.19,3467.58,3305.51,3405.14,702591
2024-11-25 00:00:00+05:30,3471.06,3677.25,3465.79,3653.26,2953173
2024-11-26 00:00:00+05:30,3678.37,3683.91,3594.33,3600.57,542141
2024-11-27 00:00:00+05:30,3728.08,3789.7,3665.96,3697.16,2736576
2024-11-28 00:00:00+05:30,3721.07,3777.47,3677.52,3688.81,1478825
2024-11-29 00:00:00+05:30,3699.25,3794.7,3691.32,3758.83,1162585
2024-12-02 00:00:00+05:30,3765.87,3802.16,3721.15,3760.0,833248
2024-12-03 00:00:00+05:30,3788.24,3852.37,3774.09,3843.42,934389
2024-12-04 00:00:00+05:30,3867.78,3950.6,3839.24,3852.47,1118155
2024-12-05 00:00:00+05:30,3877.72,3902.58,3840.44,3873.97,583521
2024-12-06 00:00:00+05:30,3877.72,3926.44,3853.91,3871.56,474185
2024-12-09 00:00:00+05:30,3871.56,3946.01,3846.4,3898.63,608842
2024-12-10 00:00:00+05:30,3907.55,3927.44,3870.86,3922.66,515213
2024-12-11 00:00:00+05:30,3922.66,3938.37,3897.61,3913.02,346887
2024-12-12 00:00:00+05:30,3916.48,3957.27,3892.64,3935.52,387709
2024-12-13 00:00:00+05:30,3934.89,3952.22,3873.72,3919.91,267548
2024-12-16 00:00:00+05:30,3930.05,3995.02,3919.78,3961.72,491499
2024-12-17 00:00:00+05:30,3952.54,3975.96,3865.29,3873.07,496019
2024-12-18 00:00:00+05:30,3890.13,3919.28,3793.21,3811.6,478747
2024-12-19 00:00:00+05:30,3753.44,3812.35,3723.63,3794.28,359578
2024-12-20 00:00:00+05:30,3830.49,3834.65,3391.42,3414.83,3348855
2024-12-23 00:00:00+05:30,3410.43,3435.17,3302.28,3390.89,1790902
2024-12-24 00:00:00+05:30,3385.55,3390.4,3271.23,3308.44,1615472
2024-12-26 00:00:00+05:30,3310.98,3350.75,3302.06,3333.62,577461
2024-12-27 00:00:00+05:30,3330.89,3363.18,3242.5,3254.3,539156
2024-12-30 00:00:00+05:30,3271.21,3328.88,3176.87,3198.43,2421079
2024-12-31 00:00:00+05:30,3215.45,3284.75,3196.16,3249.36,877172
2025-01-01 00:00:00+05:30,3256.29,3307.75,3232.85,3298.62,468737
2025-01-02 00:00:00+05:30,3330.37,3338.27,3263.75,3330.12,787983
2025-01-03 00:00:00+05:30,3340.81,3350.75,3279.34,3285.97,596035
2025-01-06 00:00:00+05:30,3295.47,3297.78,3194.4,3218.11,577744
2025-01-07 00:00:00+05:30,3227.76,3254.85,3194.17,3222.56,623542
2025-01-08 00:00:00+05:30,3218.53,3228.33,3099.49,3130.34,1080920
2025-01-09 00:00:00+05:30,3130.66,3189.63,3086.05,3102.33,686884
2025-01-10 00:00:00+05:30,3097.16,3109.44,3016.17,3034.96,760993
2025-01-13 00:00:00+05:30,3022.16,3022.36,2873.49,2885.08,664150
2025-01-14 00:00:00+05:30,2891.39,2933.1,2867.95,2914.98,682195
2025-01-15 00:00:00+05:30,2930.66,2941.45,2881.94,2887.66,598151
2025-01-16 00:00:00+05:30,2919.95,3004.59,2916.27,2987.86,690854
2025-01-17 00:00:00+05:30,2987.84,3087.26,2954.55,3073.97,722750
2025-01-20 00:00:00+05:30,3077.32,3090.37,3039.04,3050.7,179914
2025-01-21 00:00:00+05:30,3052.96,3062.41,2939.44,2944.88,416368
2025-01-22 00:00:00+05:30,2962.93,2972.85,2873.49,2911.5,477003
2025-01-23 00:00:00+05:30,2923.18,3048.98,2922.63,3016.59,483460
2025-01-24 00:00:00+05:30,3007.72,3016.17,2900.44,2923.06,497184
2025-01-27 00:00:00+05:30,2913.26,2913.26,2823.78,2877.15,394212
2025-01-28 00:00:00+05:30,2949.53,2965.71,2784.01,2825.94,701823
2025-01-29 00:00:00+05:30,2828.75,2905.81,2812.84,2895.64,336961
2025-01-30 00:00:00+05:30,2903.82,2954.5,2879.83,2920.6,593812
2025-01-31 00:00:00+05:30,2943.09,3032.58,2919.98,3019.33,824335
2025-02-01 00:00:00+05:30,3046.5,3055.45,2808.86,2857.71,1023641
2025-02-03 00:00:00+05:30,2859.57,2868.52,2576.37,2598.02,3482766
2025-02-04 00:00:00+05:30,2632.38,2701.98,2608.94,2694.79,2246804
2025-02-05 00:00:00+05:30,2715.13,2801.9,2703.15,2774.31,1107583
2025-02-06 00:00:00+05:30,2803.89,2837.55,2775.06,2804.39,825334
2025-02-07 00:00:00+05:30,2827.75,2833.72,2708.44,2737.03,796665
2025-02-10 00:00:00+05:30,2736.8,2758.4,2651.29,2659.35,680360
2025-02-11 00:00:00+05:30,2664.72,2674.63,2558.18,2587.56,1008688
2025-02-12 00:00:00+05:30,2585.15,2632.33,2489.2,2584.73,1628295
2025-02-13 00:00:00+05:30,2535.43,2633.52,2495.19,2538.04,2174081
2025-02-14 00:00:00+05:30,2540.41,2564.12,2459.2,2481.17,662671
2025-02-17 00:00:00+05:30,2459.35,2476.65,2380.9,2415.77,1603495
2025-02-18 00:00:00+05:30,2440.36,2455.07,2362.75,2407.99,1034316
2025-02-19 00:00:00+05:30,2391.26,2479.75,2372.72,2463.3,1335187
2025-02-20 00:00:00+05:30,2459.87,2504.54,2432.58,2498.6,884933
2025-02-21 00:00:00+05:30,2490.69,2515.28,2414.18,2446.62,919909
2025-02-24 00:00:00+05:30,2434.46,2434.51,2372.15,2422.53,1130125
2025-02-25 00:00:00+05:30,2429.05,2452.21,2392.51,2405.06,579329
2025-02-27 00:00:00+05:30,2406.6,2419.97,2316.02,2329.94,757583
2025-02-28 00:00:00+05:30,2311.72,2341.55,2277.42,2298.55,1085746
2025-03-03 00:00:00+05:30,2301.75,2416.62,2269.96,2404.54,957268
2025-03-04 00:00:00+05:30,2356.24,2470.41,2356.24,2451.86,1171554
2025-03-05 00:00:00+05:30,2451.86,2551.32,2451.86,2528.35,1473623
2025-03-06 00:00:00+05:30,2557.81,2619.08,2528.37,2565.41,1707375
2025-03-07 00:00:00+05:30,2565.76,2572.1,2508.39,2538.47,1181913
2025-03-10 00:00:00+05:30,2538.47,2556.46,2460.86,2473.07,669046
2025-03-11 00:00:00+05:30,2436.01,2477.99,2412.14,2456.91,1050279
2025-03-13 00:00:00+05:30,2460.37,2529.12,2431.83,2449.88,822094
2025-03-17 00:00:00+05:30,2473.29,2482.99,2430.31,2454.13,513763
2025-03-18 00:00:00+05:30,2470.16,2543.49,2460.46,2539.21,521207
2025-03-19 00:00:00+05:30,2549.35,2611.12,2531.93,2597.33,1009782
2025-03-20 00:00:00+05:30,2614.98,2619.35,2540.9,2582.22,647136
2025-03-21 00:00:00+05:30,2585.6,2639.83,2572.67,2585.47,1483299
2025-03-24 00:00:00+05:30,2617.46,2657.06,2587.63,2596.68,709231
2025-03-25 00:00:00+05:30,2610.01,2627.26,2539.41,2544.93,471513
2025-03-26 00:00:00+05:30,2634.86,2744.23,2585.65,2693.65,5592451
2025-03-27 00:00:00+05:30,2694.52,2704.46,2634.86,2641.9,1273535
2025-03-28 00:00:00+05:30,2655.74,2658.23,2576.3,2622.61,1419058
2025-04-01 00:00:00+05:30,2605.03,2662.21,2585.15,2600.04,663733
2025-04-02 00:00:00+05:30,2600.06,2635.36,2556.31,2626.34,748996
2025-04-03 00:00:00+05:30,2585.65,2646.79,2585.65,2609.28,799626
2025-04-04 00:00:00+05:30,2628.62,2628.62,2411.67,2450.0,2207600
2025-04-07 00:00:00+05:30,2450.0,3087.0,2450.0,2812.45,2716014
2025-04-08 00:00:00+05:30,2938.35,3031.0,2750.0,2763.45,2603929
2025-04-09 00:00:00+05:30,2789.0,2791.95,2667.8,2715.85,866126
2025-04-11 00:00:00+05:30,2813.0,2813.0,2710.05,2727.8,784039
2025-04-15 00:00:00+05:30,2798.0,2850.0,2741.5,2839.5,872503
2025-04-16 00:00:00+05:30,2860.0,2904.5,2799.0,2811.5,865906
2025-04-17 00:00:00+05:30,2813.5,2850.0,2770.0,2810.0,537062
2025-04-21 00:00:00+05:30,2846.0,2847.0,2744.0,2827.0,653092
2025-04-22 00:00:00+05:30,2840.5,2879.5,2813.0,2856.5,576915
2025-04-23 00:00:00+05:30,2875.0,2915.0,2841.5,2872.0,607062
2025-04-24 00:00:00+05:30,2885.0,2923.5,2870.0,2903.5,453763
2025-04-25 00:00:00+05:30,2905.0,2918.5,2767.0,2833.5,776070
2025-04-28 00:00:00+05:30,2833.5,2926.5,2833.0,2916.5,460919
2025-04-29 00:00:00+05:30,2931.5,2988.0,2904.0,2930.0,674757
2025-04-30 00:00:00+05:30,2939.0,2945.5,2857.0,2901.5,512358
2025-05-02 00:00:00+05:30,2901.5,2950.0,2895.8,2919.7,434034
2025-05-05 00:00:00+05:30,2938.0,2965.0,2899.8,2951.7,237370
2025-05-06 00:00:00+05:30,2951.7,2972.4,2916.8,2941.1,269762
2025-05-07 00:00:00+05:30,2882.3,3009.6,2882.1,2967.2,415422
2025-05-08 00:00:00+05:30,2974.6,2975.0,2820.0,2838.6,898180
2025-05-09 00:00:00+05:30,2795.0,2875.0,2788.3,2857.2,539592
2025-05-12 00:00:00+05:30,2929.0,2953.6,2865.9,2895.9,506851
2025-05-13 00:00:00+05:30,2914.0,2947.3,2903.0,2916.7,784313
2025-05-14 00:00:00+05:30,2918.0,3039.9,2918.0,3006.8,1814823
2025-05-15 00:00:00+05:30,3010.0,3028.0,2972.0,3009.5,501027
2025-05-16 00:00:00+05:30,3028.0,3114.9,2996.0,3069.5,809043
2025-05-19 00:00:00+05:30,3080.0,3150.8,3025.8,3104.4,596943
2025-05-20 00:00:00+05:30,3140.0,3207.8,3054.4,3127.7,1314196
2025-05-21 00:00:00+05:30,3189.0,3305.0,3128.6,3290.8,1482098
2025-05-22 00:00:00+05:30,3306.6,3348.0,3227.4,3304.6,1026833
2025-05-23 00:00:00+05:30,3310.7,3335.0,3251.1,3277.3,650091
2025-05-26 00:00:00+05:30,3290.0,3308.9,3240.0,3248.7,585314
2025-05-27 00:00:00+05:30,3306.8,3306.8,3256.2,3299.1,663341
2025-05-28 00:00:00+05:30,3325.0,3347.7,3300.3,3337.6,570286
2025-05-29 00:00:00+05:30,3357.7,3376.0,3326.6,3349.2,515527
2025-05-30 00:00:00+05:30,3360.0,3370.0,3252.0,3265.6,756152
2025-06-02 00:00:00+05:30,3270.0,3313.9,3258.1,3292.0,349448
2025-06-03 00:00:00+05:30,3306.0,3364.8,3302.1,3314.0,390549
2025-06-04 00:00:00+05:30,3320.3,3336.5,3275.1,3309.3,259833
2025-06-05 00:00:00+05:30,3315.0,3336.3,3276.6,3280.5,185492
2025-06-06 00:00:00+05:30,3300.0,3348.0,3283.0,3297.5,333166
2025-06-09 00:00:00+05:30,3320.0,3405.0,3306.6,3383.3,618824
2025-06-10 00:00:00+05:30,3400.0,3409.0,3362.7,3371.7,348784
2025-06-11 00:00:00+05:30,3381.0,3398.0,3338.2,3349.9,412042
2025-06-12 00:00:00+05:30,3350.0,3357.9,3258.0,3267.5,348509
2025-06-13 00:00:00+05:30,3195.1,3271.3,3169.9,3260.0,347257
2025-06-16 00:00:00+05:30,3248.0,3313.0,3243.8,3271.5,362584
2025-06-17 00:00:00+05:30,3278.0,3373.3,3276.5,3321.6,834726
2025-06-18 00:00:00+05:30,3344.9,3370.0,3300.2,3355.8,382866
2025-06-19 00:00:00+05:30,3349.9,3385.0,3260.3,3284.8,547608
2025-06-20 00:00:00+05:30,3274.8,3297.4,3195.1,3214.2,1000560
2025-06-23 00:00:00+05:30,3200.0,3200.0,3082.0,3091.6,1299174
2025-06-24 00:00:00+05:30,3109.0,3230.0,3109.0,3159.8,1187970
2025-06-25 00:00:00+05:30,3187.0,3190.0,3101.1,3149.1,845690
2025-06-26 00:00:00+05:30,3158.0,3175.0,3121.5,3164.9,501325
2025-06-27 00:00:00+05:30,3184.0,3271.9,3165.0,3178.4,2052948
2025-06-30 00:00:00+05:30,3204.8,3298.7,3196.2,3251.5,880507
2025-07-01 00:00:00+05:30,3272.0,3378.8,3260.0,3323.1,1445646
2025-07-02 00:00:00+05:30,3339.0,3365.0,3267.0,3287.7,592322
2025-07-03 00:00:00+05:30,3290.0,3326.9,3285.0,3311.7,496857
2025-07-04 00:00:00+05:30,3320.0,3320.0,3237.0,3292.4,504152
2025-07-07 00:00:00+05:30,3290.0,3307.5,3250.0,3278.2,439627
2025-07-08 00:00:00+05:30,3295.0,3354.9,3275.3,3296.8,549860
2025-07-09 00:00:00+05:30,3292.4,3303.0,3213.0,3218.3,458107
2025-07-10 00:00:00+05:30,3227.0,3228.0,3167.0,3191.6,354856
2025-07-11 00:00:00+05:30,3178.0,3190.3,3105.1,3117.7,370986
2025-07-14 00:00:00+05:30,3139.0,3164.0,3065.0,3152.6,588779
2025-07-15 00:00:00+05:30,3148.1,3161.7,3113.5,3146.8,361397
2025-07-16 00:00:00+05:30,3123.0,3140.0,3080.0,3089.3,624769
2025-07-17 00:00:00+05:30,3081.1,3134.6,3038.5,3110.3,991736
2025-07-18 00:00:00+05:30,3110.3,3150.0,3105.0,3128.4,462228
2025-07-21 00:00:00+05:30,3125.0,3159.8,3098.0,3154.8,257721
2025-07-22 00:00:00+05:30,3160.0,3163.8,3120.9,3141.8,348800
2025-07-23 00:00:00+05:30,3145.0,3162.0,3111.8,3143.1,205688
2025-07-24 00:00:00+05:30,3143.0,3143.0,3101.1,3129.0,295195
2025-07-25 00:00:00+05:30,3129.0,3130.0,3030.2,3038.2,246680
2025-07-28 00:00:00+05:30,3040.0,3077.0,3016.5,3061.6,398906
2025-07-29 00:00:00+05:30,3053.5,3088.7,3034.6,3068.0,255592
2025-07-30 00:00:00+05:30,3068.0,3079.5,3020.0,3071.4,310945
2025-07-31 00:00:00+05:30,3010.0,3059.3,3005.0,3033.4,299015
2025-08-01 00:00:00+05:30,3050.0,3050.0,2998.0,3023.6,281885
2025-08-04 00:00:00+05:30,3000.0,3009.0,2928.5,2993.6,478003
2025-08-05 00:00:00+05:30,3029.9,3090.1,3006.2,3081.0,772626
2025-08-06 00:00:00+05:30,3100.0,3114.0,3057.0,3083.9,392854
2025-08-07 00:00:00+05:30,3079.0,3128.5,3051.0,3117.0,457545
2025-08-08 00:00:00+05:30,3147.0,3147.0,3023.0,3031.8,263161
2025-08-11 00:00:00+05:30,3020.0,3138.7,2925.0,3114.8,1102245
2025-08-12 00:00:00+05:30,3114.8,3200.0,3085.1,3135.1,697711
2025-08-13 00:00:00+05:30,3136.9,3192.0,3102.2,3150.7,305836
2025-08-14 00:00:00+05:30,3150.7,3188.9,3118.2,3169.0,330958
2025-08-18 00:00:00+05:30,3213.9,3213.9,3110.2,3118.0,276357
2025-08-19 00:00:00+05:30,3125.0,3153.4,3120.1,3133.2,189758
2025-08-20 00:00:00+05:30,3135.0,3164.8,3120.2,3155.1,259839
2025-08-21 00:00:00+05:30,3174.0,3235.0,3150.0,3197.2,708572
2025-08-22 00:00:00+05:30,3210.0,3234.3,3158.0,3173.2,290166
2025-08-25 00:00:00+05:30,3185.0,3210.0,3147.8,3164.6,335061
2025-08-26 00:00:00+05:30,3154.6,3159.4,3039.0,3048.0,829921
2025-08-28 00:00:00+05:30,3057.7,3078.0,3017.9,3043.2,527913
2025-08-29 00:00:00+05:30,3043.1,3094.0,3017.5,3063.7,430652
2025-09-01 00:00:00+05:30,3078.8,3151.3,3064.0,3138.9,231094
2025-09-02 00:00:00+05:30,3139.0,3198.0,3120.0,3190.3,326742
2025-09-03 00:00:00+05:30,3190.0,3224.9,3180.0,3211.9,240535
2025-09-04 00:00:00+05:30,3225.0,3230.7,3150.0,3154.4,191346
2025-09-05 00:00:00+05:30,3168.7,3182.8,3085.0,3089.1,316358
2025-09-08 00:00:00+05:30,3110.0,3140.9,3090.1,3121.6,221407
2025-09-09 00:00:00+05:30,3131.4,3200.0,3095.2,3190.1,307706
2025-09-10 00:00:00+05:30,3192.1,3219.1,3131.4,3142.7,655563
2025-09-11 00:00:00+05:30,3147.0,3210.0,3147.0,3185.3,448621
2025-09-12 00:00:00+05:30,3202.0,3212.0,3181.5,3202.0,172093
2025-09-15 00:00:00+05:30,3200.0,3325.0,3190.1,3293.7,1094939
2025-09-16 00:00:00+05:30,3303.1,3334.1,3285.0,3313.8,441922
2025-09-17 00:00:00+05:30,3316.0,3368.0,3306.6,3322.7,569372
2025-09-18 00:00:00+05:30,3322.6,3350.1,3288.1,3317.8,459746
2025-09-19 00:00:00+05:30,3337.9,3346.8,3308.5,3325.9,431619
2025-09-22 00:00:00+05:30,3335.0,3335.0,3235.8,3243.5,292028
2025-09-23 00:00:00+05:30,3243.5,3272.9,3225.5,3240.4,204819
2025-09-24 00:00:00+05:30,3240.0,3244.4,3193.9,3201.0,257405
2025-09-25 00:00:00+05:30,3199.9,3222.0,3145.4,3156.3,180638
2025-09-26 00:00:00+05:30,3156.0,3156.0,3075.0,3096.3,246575
2025-09-29 00:00:00+05:30,3115.0,3147.0,3092.4,3105.2,615998
2025-09-30 00:00:00+05:30,3105.2,3137.7,3098.0,3129.2,315843
2025-10-01 00:00:00+05:30,3135.0,3158.4,3094.1,3121.5,195465
2025-10-03 00:00:00+05:30,3121.5,3174.8,3107.3,3164.1,223614
2025-10-06 00:00:00+05:30,3182.0,3276.9,3156.8,3251.7,597115
2025-10-07 00:00:00+05:30,3250.0,3262.2,3208.0,3250.8,221931
2025-10-08 00:00:00+05:30,3250.0,3270.0,3202.9,3216.8,204414
2025-10-09 00:00:00+05:30,3205.2,3225.0,3170.0,3178.4,129907
2025-10-10 00:00:00+05:30,3178.0,3201.8,3140.0,3147.4,234596
2025-10-13 00:00:00+05:30,3147.3,3147.4,3022.7,3077.5,622559
2025-10-14 00:00:00+05:30,3080.0,3119.9,3063.5,3107.3,364449
2025-10-15 00:00:00+05:30,3111.0,3145.0,3097.0,3118.6,208170
2025-10-16 00:00:00+05:30,3118.0,3150.0,3103.8,3119.0,415106
2025-10-17 00:00:00+05:30,3115.0,3142.4,3101.5,3121.2,221425
2025-10-20 00:00:00+05:30,3124.9,3144.1,3093.0,3096.8,91651
2025-10-21 00:00:00+05:30,3124.0,3124.0,3099.0,3102.9,37003
2025-10-23 00:00:00+05:30,3135.0,3174.3,3110.0,3149.9,381414
2025-10-24 00:00:00+05:30,3150.0,3175.0,3121.0,3152.2,202470
2025-10-27 00:00:00+05:30,3161.0,3177.3,3141.3,3159.9,123806
2025-10-28 00:00:00+05:30,3169.0,3169.0,3078.2,3109.7,266222
2025-10-29 00:00:00+05:30,3122.0,3165.4,3111.0,3148.7,197714
2025-10-30 00:00:00+05:30,3164.0,3164.5,3115.9,3126.8,122934
2025-10-31 00:00:00+05:30,3131.0,3153.1,3093.1,3096.3,128829
2025-11-03 00:00:00+05:30,3099.9,3143.8,3095.0,3125.1,132017
2025-11-04 00:00:00+05:30,3135.0,3135.0,3092.0,3119.6,131676
2025-11-06 00:00:00+05:30,3109.9,3127.4,3071.5,3083.5,297842
2025-11-07 00:00:00+05:30,3085.0,3085.1,3005.0,3033.4,304289
2025-11-10 00:00:00+05:30,3033.4,3088.0,3003.1,3053.0,465289
2025-11-11 00:00:00+05:30,3064.0,3069.9,3007.1,3022.0,214908
2025-11-12 00:00:00+05:30,3050.0,3068.4,3017.7,3056.6,284010
2025-11-13 00:00:00+05:30,3065.0,3124.7,3056.5,3066.1,324328
2025-11-14 00:00:00+05:30,3070.0,3105.0,3037.7,3084.2,284674
2025-11-17 00:00:00+05:30,3093.4,3242.0,3093.4,3232.6,1556685
2025-11-18 00:00:00+05:30,3244.8,3269.9,3201.3,3249.5,596935
2025-11-19 00:00:00+05:30,3222.0,3246.0,3186.1,3211.5,336775
2025-11-20 00:00:00+05:30,3220.0,3243.8,3205.7,3216.3,344112
2025-11-21 00:00:00+05:30,3205.0,3214.9,3146.0,3168.0,424858
2025-11-24 00:00:00+05:30,3174.9,3184.5,3147.0,3163.9,597847
2025-11-25 00:00:00+05:30,3198.2,3202.9,3154.0,3181.1,397365
2025-11-26 00:00:00+05:30,3195.0,3332.6,3184.8,3318.8,1149408
2025-11-27 00:00:00+05:30,3310.0,3316.6,3266.2,3312.1,269573
2025-11-28 00:00:00+05:30,3309.0,3311.9,3285.0,3297.0,186409
2025-12-01 00:00:00+05:30,3324.9,3324.9,3274.4,3310.2,194610
2025-12-02 00:00:00+05:30,3310.2,3384.0,3301.1,3361.0,744346
2025-12-03 00:00:00+05:30,3372.1,3374.6,3308.8,3329.9,368000
2025-12-04 00:00:00+05:30,3332.9,3375.0,3313.0,3362.5,268367
2025-12-05 00:00:00+05:30,3362.5,3374.0,3280.6,3325.9,287226
2025-12-08 00:00:00+05:30,3325.9,3325.9,3192.5,3204.2,308854
2025-12-09 00:00:00+05:30,3200.0,3210.0,3125.0,3142.8,387788
2025-12-10 00:00:00+05:30,3150.0,3183.3,3105.2,3179.9,358536
2025-12-11 00:00:00+05:30,3180.7,3205.4,3155.7,3196.5,223515
2025-12-12 00:00:00+05:30,3207.9,3208.7,2992.8,3144.6,1390227
2025-12-15 00:00:00+05:30,3142.1,3188.5,3100.1,3157.8,810524
2025-12-16 00:00:00+05:30,3157.8,3175.0,3130.7,3161.4,255211
2025-12-17 00:00:00+05:30,3171.0,3180.0,3130.8,3140.1,282648
2025-12-18 00:00:00+05:30,3132.0,3132.0,3051.9,3074.0,489930
2025-12-19 00:00:00+05:30,3067.0,3122.0,3065.0,3111.6,488781
2025-12-22 00:00:00+05:30,3120.0,3151.0,3110.0,3140.0,355883
2025-12-23 00:00:00+05:30,3141.4,3141.4,3107.5,3134.2,219121
2025-12-24 00:00:00+05:30,3134.2,3147.0,3090.0,3098.0,255036
2025-12-26 00:00:00+05:30,3098.0,3123.0,3088.4,3100.9,229163
2025-12-29 00:00:00+05:30,3100.9,3108.3,3050.0,3054.3,157194
2025-12-30 00:00:00+05:30,3056.1,3063.5,2993.4,3029.5,406282
2025-12-31 00:00:00+05:30,3045.0,3080.0,3031.6,3063.3,114705
2026-01-01 00:00:00+05:30,3072.0,3095.7,3050.2,3094.8,68164
2026-01-02 00:00:00+05:30,3094.8,3117.2,3058.4,3097.7,283939
2026-01-05 00:00:00+05:30,3097.7,3123.0,3072.6,3086.6,155847
2026-01-06 00:00:00+05:30,3089.0,3132.0,3058.4,3128.1,374745
2026-01-07 00:00:00+05:30,3120.0,3138.4,3090.0,3133.6,190568
2026-01-08 00:00:00+05:30,3130.0,3152.5,2990.8,3009.5,581946
2026-01-09 00:00:00+05:30,3013.0,3108.0,2985.0,3043.8,587723
2026-01-12 00:00:00+05:30,3035.0,3035.0,2925.0,2980.8,423168
2026-01-13 00:00:00+05:30,3014.0,3015.1,2930.4,2947.7,561556
2026-01-14 00:00:00+05:30,2950.0,2986.0,2930.5,2970.8,148958
2026-01-16 00:00:00+05:30,2971.0,2974.8,2903.0,2919.2,280317
2026-01-19 00:00:00+05:30,2919.9,2975.9,2910.1,2952.6,219839
2026-01-20 00:00:00+05:30,2942.0,2950.0,2837.6,2848.6,203479
2026-01-21 00:00:00+05:30,2848.2,2895.9,2826.0,2884.5,291591
2026-01-22 00:00:00+05:30,2901.0,2934.4,2872.7,2928.2,239704
2026-01-23 00:00:00+05:30,2928.0,2942.6,2890.0,2900.4,281797
2026-01-27 00:00:00+05:30,2918.0,2926.5,2852.0,2894.0,227790
2026-01-28 00:00:00+05:30,2891.0,2989.0,2887.0,2980.8,249534
2026-01-29 00:00:00+05:30,2980.0,3118.9,2960.8,3096.3,487145
2026-01-30 00:00:00+05:30,3092.6,3115.0,3052.3,3101.3,242521
2026-02-01 00:00:00+05:30,3124.0,3134.9,2891.3,2981.8,279037
2026-02-02 00:00:00+05:30,2984.9,3098.0,2972.6,3089.9,211371
2026-02-03 00:00:00+05:30,3160.0,3249.0,3159.9,3211.7,555228
2026-02-04 00:00:00+05:30,3246.0,3321.0,3190.0,3290.5,466540
2026-02-05 00:00:00+05:30,3305.0,3324.6,3250.1,3300.0,205714
2026-02-06 00:00:00+05:30,3288.0,3324.4,3132.0,3176.2,851068
2026-02-09 00:00:00+05:30,3115.1,3138.8,3036.7,3109.0,643425
2026-02-10 00:00:00+05:30,3126.0,3140.2,3094.0,3111.5,223168
2026-02-11 00:00:00+05:30,3119.9,3158.0,3105.1,3151.6,191571
2026-02-12 00:00:00+05:30,3160.0,3165.8,3114.7,3148.5,410311
2026-02-13 00:00:00+05:30,3131.0,3184.5,3083.1,3116.5,411114
2026-02-16 00:00:00+05:30,3116.5,3226.0,3083.1,3215.6,293293
2026-02-17 00:00:00+05:30,3212.0,3262.0,3162.6,3186.4,274307
2026-02-18 00:00:00+05:30,3198.9,3214.7,3170.5,3187.9,159481
2026-02-19 00:00:00+05:30,3187.9,3218.9,3098.2,3107.1,176679
2026-02-20 00:00:00+05:30,3111.9,3307.0,3105.0,3206.2,1339800
2026-02-23 00:00:00+05:30,3210.1,3317.0,3201.0,3302.2,756804
2026-02-24 00:00:00+05:30,3305.0,3391.9,3274.2,3365.6,532121
2026-02-25 00:00:00+05:30,3376.9,3396.0,3304.0,3350.8,386158
2026-02-26 00:00:00+05:30,3365.0,3373.8,3328.4,3336.9,153440
2026-02-27 00:00:00+05:30,3336.0,3440.0,3271.8,3418.6,857596
2026-03-02 00:00:00+05:30,3396.2,3396.3,3295.2,3341.6,598519
2026-03-04 00:00:00+05:30,3285.0,3285.0,3141.7,3161.0,424094
2026-03-05 00:00:00+05:30,3172.0,3236.0,3170.1,3215.7,277723
2026-03-06 00:00:00+05:30,3215.1,3318.9,3177.5,3268.9,384941
2026-03-09 00:00:00+05:30,3180.0,3246.8,3130.0,3228.9,292747
2026-03-10 00:00:00+05:30,3265.0,3333.0,3246.4,3274.9,359689
2026-03-11 00:00:00+05:30,3296.0,3348.4,3262.6,3272.2,293668
2026-03-12 00:00:00+05:30,3249.5,3349.6,3219.6,3324.7,361947
2026-03-13 00:00:00+05:30,3324.0,3361.9,3195.9,3207.6,312590
2026-03-16 00:00:00+05:30,3220.0,3233.1,3101.0,3149.6,681618
2026-03-17 00:00:00+05:30,3153.4,3183.3,3121.0,3173.5,269351
2026-03-18 00:00:00+05:30,3180.0,3231.6,3144.0,3220.9,203255
2026-03-19 00:00:00+05:30,3175.0,3175.0,3066.0,3079.0,410905
2026-03-20 00:00:00+05:30,3121.1,3199.0,3089.9,3129.6,336513
2026-03-23 00:00:00+05:30,3110.0,3110.0,2937.0,2988.3,524215
2026-03-24 00:00:00+05:30,3069.9,3070.0,2980.0,3001.8,563273
2026-03-25 00:00:00+05:30,3015.0,3127.0,3015.0,3101.3,366090
2026-03-27 00:00:00+05:30,3096.0,3105.0,3010.0,3048.9,499098
2026-03-30 00:00:00+05:30,2997.6,3020.3,2923.1,2935.0,480280
2026-04-01 00:00:00+05:30,3010.0,3072.3,2985.7,3017.0,276980
2026-04-02 00:00:00+05:30,2970.0,3045.0,2906.0,3026.6,265901
2026-04-06 00:00:00+05:30,3041.4,3065.9,2965.1,3048.0,372908
2026-04-07 00:00:00+05:30,3053.4,3084.0,2992.8,3075.5,184684
2026-04-08 00:00:00+05:30,3180.0,3245.6,3147.0,3226.1,398432
2026-04-09 00:00:00+05:30,3230.9,3255.0,3181.0,3222.5,279120
2026-04-10 00:00:00+05:30,3234.4,3402.4,3232.0,3388.5,625209
2026-04-13 00:00:00+05:30,3340.0,3375.5,3275.5,3343.5,329882
2026-04-15 00:00:00+05:30,3400.0,3590.0,3365.6,3576.1,2134727
2026-04-16 00:00:00+05:30,3600.0,3619.3,3532.8,3563.8,1020682
2026-04-17 00:00:00+05:30,3589.0,3718.9,3565.0,3707.9,1034058
2026-04-20 00:00:00+05:30,3702.0,3778.5,3659.5,3709.0,659226
2026-04-21 00:00:00+05:30,3726.0,3787.0,3701.0,3721.7,371076
2026-04-22 00:00:00+05:30,3709.0,3885.0,3706.6,3844.3,882278
2026-04-23 00:00:00+05:30,3849.0,3901.0,3811.5,3864.4,663008
2026-04-24 00:00:00+05:30,3882.0,3893.6,3767.9,3808.9,315661
2026-04-27 00:00:00+05:30,3830.5,3881.0,3797.0,3856.0,309453
2026-04-28 00:00:00+05:30,3856.0,3892.0,3805.5,3827.3,267852
2026-04-29 00:00:00+05:30,3850.0,3870.0,3765.6,3776.8,204618
2026-04-30 00:00:00+05:30,3790.0,3847.6,3734.5,3808.2,474246
2026-05-04 00:00:00+05:30,3850.0,3930.0,3820.0,3834.1,813487
2026-05-05 00:00:00+05:30,3851.2,3866.5,3809.5,3846.6,253569
2026-05-06 00:00:00+05:30,3880.0,3885.0,3783.0,3841.8,330665
2026-05-07 00:00:00+05:30,3860.0,3895.5,3792.9,3871.5,315030
2026-05-08 00:00:00+05:30,3871.6,3906.9,3786.0,3822.6,366353
2026-05-11 00:00:00+05:30,3720.0,3720.0,3552.9,3605.6,996964
2026-05-12 00:00:00+05:30,3605.0,3644.8,3555.8,3574.4,385531
2026-05-13 00:00:00+05:30,3574.4,3628.5,3518.2,3532.2,396807
2026-05-14 00:00:00+05:30,3574.0,3712.0,3469.0,3693.8,788580
2026-05-15 00:00:00+05:30,3724.5,3724.5,3575.0,3587.9,284206
2026-05-18 00:00:00+05:30,3572.0,3572.0,3454.5,3535.1,305148
2026-05-19 00:00:00+05:30,3540.0,3593.9,3518.8,3550.9,213583
2026-05-20 00:00:00+05:30,3524.0,3705.0,3493.1,3696.4,507079
2026-05-21 00:00:00+05:30,3739.0,3780.0,3710.8,3720.6,346583
2026-05-22 00:00:00+05:30,3720.6,3834.0,3714.0,3811.7,534453
2026-05-25 00:00:00+05:30,3836.4,3878.5,3658.0,3667.5,471211
2026-05-26 00:00:00+05:30,3685.8,3697.9,3620.0,3677.2,713402
2026-05-27 00:00:00+05:30,3569.7,3909.9,3543.3,3878.7,1738785
2026-05-29 00:00:00+05:30,3859.7,3937.3,3744.6,3844.0,2024437
2026-06-01 00:00:00+05:30,3850.0,3856.7,3681.7,3711.3,526590
2026-06-02 00:00:00+05:30,3712.7,3756.9,3639.6,3729.7,628712
2026-06-03 00:00:00+05:30,3728.1,3755.0,3665.0,3709.6,464320
2026-06-04 00:00:00+05:30,3719.0,3765.0,3679.1,3686.9,341821
2026-06-05 00:00:00+05:30,3695.0,3724.9,3647.1,3700.8,343897
2026-06-08 00:00:00+05:30,3620.0,3675.0,3568.1,3624.0,449233
2026-06-09 00:00:00+05:30,3623.9,3630.0,3573.1,3619.8,323100
2026-06-10 00:00:00+05:30,3634.0,3635.7,3555.1,3582.7,600841
2026-06-11 00:00:00+05:30,3555.8,3586.0,3501.0,3522.0,249193
2026-06-12 00:00:00+05:30,3590.0,3599.7,3518.0,3569.6,223315
2026-06-15 00:00:00+05:30,3630.0,3650.0,3582.7,3601.8,367596
2026-06-16 00:00:00+05:30,3611.0,3669.0,3604.4,3636.9,325257
2026-06-17 00:00:00+05:30,3661.0,3737.8,3626.0,3725.4,401570
2026-06-18 00:00:00+05:30,3735.0,3755.0,3686.4,3746.2,342772
2026-06-19 00:00:00+05:30,3744.5,3776.1,3710.5,3759.6,339876
2026-06-22 00:00:00+05:30,3779.0,3785.0,3726.0,3767.8,285178
2026-06-23 00:00:00+05:30,3770.0,3807.7,3654.0,3685.9,303345
2026-06-24 00:00:00+05:30,3688.0,3710.4,3550.1,3561.5,326149
2026-06-25 00:00:00+05:30,3581.3,3665.0,3571.6,3627.9,504071
2026-06-29 00:00:00+05:30,3650.0,3668.4,3561.1,3573.1,402739
2026-06-30 00:00:00+05:30,3600.4,3616.3,3576.7,3599.9,301665
2026-07-01 00:00:00+05:30,3606.1,3630.0,3550.0,3560.7,313455
2026-07-02 00:00:00+05:30,3578.5,3616.5,3519.0,3580.4,241163
2026-07-03 00:00:00+05:30,3590.0,3599.2,3497.5,3536.3,433734
2026-07-06 00:00:00+05:30,3553.9,3583.6,3515.1,3571.6,427908
2026-07-07 00:00:00+05:30,3574.0,3584.9,3450.0,3495.0,379280
2026-07-08 00:00:00+05:30,3479.1,3502.0,3398.1,3446.1,358879
2026-07-09 00:00:00+05:30,3429.0,3484.6,3426.0,3476.4,283931
2026-07-10 00:00:00+05:30,3490.7,3542.0,3486.0,3496.5,231262
2026-07-13 00:00:00+05:30,3479.3,3498.0,3440.5,3477.8,231661
2026-07-14 00:00:00+05:30,3450.0,3525.0,3437.0,3510.3,224121
2026-07-15 00:00:00+05:30,3531.0,3608.0,3527.8,3571.8,315307
2026-07-16 00:00:00+05:30,3599.0,3855.0,3558.7,3657.6,1382371
2026-07-17 00:00:00+05:30,3657.6,3690.2,3614.8,3658.8,339615
2026-07-20 00:00:00+05:30,3651.0,3700.0,3617.0,3678.4,157367
2026-07-21 00:00:00+05:30,3678.4,3709.3,3631.6,3667.8,244297
2026-07-22 00:00:00+05:30,3685.0,3700.0,3632.0,3649.4,226832
2026-07-23 00:00:00+05:30,3640.0,3709.0,3617.4,3686.3,301522
2026-07-24 00:00:00+05:30,3631.2,3711.6,3622.6,3689.8,232607
2026-07-27 00:00:00+05:30,3721.0,3745.0,3690.0,3718.0,273869
2026-07-28 00:00:00+05:30,3700.0,3712.9,3620.0,3681.0,337464
2026-07-29 00:00:00+05:30,3660.0,3681.1,3576.1,3650.8,234026
2026-07-30 00:00:00+05:30,3650.8,3665.0,3582.6,3658.8,214869
2026-07-31 00:00:00+05:30,3662.1,3808.4,3662.1,3760.0,565322
2026-08-03 00:00:00+05:30,3741.7,3905.0,3694.2,3900.0,609663
2026-08-04 00:00:00+05:30,3919.6,4073.8,3919.6,4000.5,1107988
2026-08-05 00:00:00+05:30,4035.0,4069.9,3955.0,3980.0,355546
2026-08-06 00:00:00+05:30,3990.4,4019.0,3948.8,3952.0,213389
2026-08-07 00:00:00+05:30,3955.1,3984.5,3921.0,3940.1,221514
2026-08-10 00:00:00+05:30,3940.2,3992.6,3905.0,3914.3,261301
2026-08-11 00:00:00+05:30,3924.0,4040.0,3854.6,4011.0,1266007
2026-08-12 00:00:00+05:30,4022.0,4097.9,3991.7,4019.0,716413
2026-08-13 00:00:00+05:30,4020.0,4024.0,3951.0,3987.0,233755
2026-08-14 00:00:00+05:30,3968.1,4052.0,3924.0,3940.0,299051
2026-08-17 00:00:00+05:30,3940.0,3966.2,3910.3,3943.0,201072
2026-08-18 00:00:00+05:30,3940.2,3988.5,3936.4,3957.0,120386
2026-08-19 00:00:00+05:30,3940.0,3956.3,3875.3,3898.9,146047
2026-08-20 00:00:00+05:30,3935.1,3954.8,3880.0,3880.0,189186
2026-08-21 00:00:00+05:30,3880.0,3960.0,3879.9,3920.0,373459
