datetime,open,high,low,close,volume
2011-08-24 00:00:00+05:30,44.64,45.19,42.58,42.8,58292984
2011-08-25 00:00:00+05:30,43.01,43.41,41.54,41.78,103515442
2011-08-26 00:00:00+05:30,41.62,41.89,39.39,39.77,52463888
2011-08-29 00:00:00+05:30,40.39,42.38,40.18,42.13,55126358
2011-08-30 00:00:00+05:30,42.85,44.53,42.85,44.12,80283160
2011-09-02 00:00:00+05:30,44.26,46.4,43.41,46.15,79277979
2011-09-05 00:00:00+05:30,45.77,46.71,45.22,46.59,65052579
2011-09-06 00:00:00+05:30,46.14,46.86,45.02,46.66,50927091
2011-09-07 00:00:00+05:30,46.62,47.42,46.61,46.95,34191165
2011-09-08 00:00:00+05:30,47.06,47.28,46.05,46.27,35598286
2011-09-09 00:00:00+05:30,46.14,46.22,44.74,44.91,48682936
2011-09-12 00:00:00+05:30,44.19,44.26,42.58,42.83,64637503
2011-09-13 00:00:00+05:30,43.36,44.05,42.45,43.07,44927808
2011-09-14 00:00:00+05:30,43.32,44.6,42.76,44.21,36695256
2011-09-15 00:00:00+05:30,44.73,44.92,43.33,43.85,59224704
2011-09-16 00:00:00+05:30,44.3,44.69,43.05,43.4,78032432
2011-09-19 00:00:00+05:30,43.21,43.21,42.53,42.73,26840658
2011-09-20 00:00:00+05:30,42.73,43.56,42.59,43.42,36301194
2011-09-21 00:00:00+05:30,43.55,43.55,42.86,43.18,24451356
2011-09-22 00:00:00+05:30,42.47,42.47,41.44,41.66,47090071
2011-09-23 00:00:00+05:30,41.21,41.27,40.03,40.76,57074483
2011-09-26 00:00:00+05:30,40.68,41.41,39.57,41.01,40904855
2011-09-27 00:00:00+05:30,41.59,41.94,41.01,41.34,41857303
2011-09-28 00:00:00+05:30,41.62,41.81,40.08,40.25,37030649
2011-09-29 00:00:00+05:30,39.93,41.25,39.27,40.85,57727769
2011-09-30 00:00:00+05:30,40.55,40.76,39.0,39.11,55255535
2011-10-03 00:00:00+05:30,38.49,38.49,37.0,37.17,53630771
2011-10-04 00:00:00+05:30,37.09,38.18,36.76,37.44,50319943
2011-10-05 00:00:00+05:30,37.74,38.31,37.48,37.73,44812786
2011-10-07 00:00:00+05:30,38.94,39.68,38.67,39.52,46659895
2011-10-10 00:00:00+05:30,39.52,41.1,39.24,40.96,56290384
2011-10-11 00:00:00+05:30,41.42,41.75,40.56,40.83,52012602
2011-10-12 00:00:00+05:30,40.97,41.91,40.84,41.82,34005985
2011-10-13 00:00:00+05:30,41.96,43.07,41.59,42.7,50265596
2011-10-14 00:00:00+05:30,42.38,42.47,40.89,41.23,46498268
2011-10-17 00:00:00+05:30,41.53,41.76,40.81,41.44,29637826
2011-10-18 00:00:00+05:30,40.52,40.95,39.84,40.42,35854421
2011-10-19 00:00:00+05:30,40.65,41.19,40.45,40.87,25170277
2011-10-20 00:00:00+05:30,40.44,41.8,39.88,41.59,60076583
2011-10-21 00:00:00+05:30,41.78,41.91,40.59,40.78,35351963
2011-10-24 00:00:00+05:30,41.35,41.81,40.95,41.11,26318110
2011-10-25 00:00:00+05:30,41.42,42.93,41.15,42.57,52412313
2011-10-26 00:00:00+05:30,42.75,42.85,42.28,42.5,6892042
2011-10-28 00:00:00+05:30,44.07,46.3,43.99,45.55,57746384
2011-10-31 00:00:00+05:30,45.2,46.02,44.74,45.47,52292374
2011-11-01 00:00:00+05:30,44.92,45.25,43.85,44.45,31891687
2011-11-02 00:00:00+05:30,43.65,44.5,43.23,44.06,39454717
2011-11-03 00:00:00+05:30,43.82,44.24,42.88,43.48,41120384
2011-11-04 00:00:00+05:30,44.04,44.85,43.8,43.99,45857787
2011-11-08 00:00:00+05:30,44.29,44.45,43.7,44.02,22852661
2011-11-09 00:00:00+05:30,44.34,44.76,41.82,42.15,62938780
2011-11-11 00:00:00+05:30,40.49,40.86,39.85,40.48,64758525
2011-11-14 00:00:00+05:30,40.97,41.24,38.57,38.85,54182352
2011-11-15 00:00:00+05:30,38.94,39.08,37.3,37.71,86144791
2011-11-16 00:00:00+05:30,37.68,39.31,37.07,38.23,83434845
2011-11-17 00:00:00+05:30,38.32,39.13,37.48,37.68,58568296
2011-11-18 00:00:00+05:30,37.51,37.51,36.26,36.86,64537846
2011-11-21 00:00:00+05:30,36.62,36.85,35.49,35.76,52013739
2011-11-22 00:00:00+05:30,36.02,37.62,35.85,36.89,66370301
2011-11-23 00:00:00+05:30,36.53,36.58,35.56,36.04,53188426
2011-11-24 00:00:00+05:30,35.88,36.63,34.56,36.31,75778540
2011-11-25 00:00:00+05:30,35.76,35.88,35.05,35.31,51469921
2011-11-28 00:00:00+05:30,35.67,36.64,35.6,36.44,50069202
2011-11-29 00:00:00+05:30,36.63,37.48,36.17,36.46,57798151
2011-11-30 00:00:00+05:30,36.16,36.59,35.93,36.28,36987653
2011-12-01 00:00:00+05:30,37.8,38.63,37.48,37.92,77158308
2011-12-02 00:00:00+05:30,37.67,39.82,37.4,39.47,74265932
2011-12-05 00:00:00+05:30,39.25,39.31,38.52,38.72,48795495
2011-12-07 00:00:00+05:30,38.87,39.65,38.52,39.32,50023882
2011-12-08 00:00:00+05:30,38.98,39.26,37.86,38.05,39981502
2011-12-09 00:00:00+05:30,37.2,38.08,36.83,37.44,49630616
2011-12-12 00:00:00+05:30,37.93,38.19,36.16,36.3,39309325
2011-12-13 00:00:00+05:30,35.88,37.2,35.15,36.97,69506165
2011-12-14 00:00:00+05:30,36.91,36.96,35.27,35.39,58465316
2011-12-15 00:00:00+05:30,34.85,35.78,34.6,35.34,61985928
2011-12-16 00:00:00+05:30,35.6,35.96,34.13,34.37,53658964
2011-12-19 00:00:00+05:30,34.28,34.37,33.34,34.24,44111280
2011-12-20 00:00:00+05:30,34.4,34.52,32.08,32.28,69412879
2011-12-21 00:00:00+05:30,33.15,33.28,32.14,32.91,89359478
2011-12-22 00:00:00+05:30,32.68,33.62,32.17,33.33,76110418
2011-12-23 00:00:00+05:30,33.52,33.77,32.49,32.71,69599461
2011-12-26 00:00:00+05:30,32.91,33.87,32.78,33.68,48352640
2011-12-27 00:00:00+05:30,33.71,33.84,32.69,32.88,32985460
2011-12-28 00:00:00+05:30,32.74,33.03,32.3,32.66,34365716
2011-12-29 00:00:00+05:30,32.48,32.84,32.12,32.2,51506736
2011-12-30 00:00:00+05:30,32.45,32.67,31.45,31.58,43841861
2012-01-02 00:00:00+05:30,31.82,32.58,31.27,32.12,40838201
2012-01-03 00:00:00+05:30,32.49,34.26,32.41,34.08,61834505
2012-01-04 00:00:00+05:30,34.28,34.61,33.55,34.27,57885564
2012-01-05 00:00:00+05:30,34.37,34.99,33.85,34.15,44326692
2012-01-06 00:00:00+05:30,33.81,34.64,32.98,34.25,48348987
2012-01-07 00:00:00+05:30,34.27,34.27,34.0,34.16,2858640
2012-01-09 00:00:00+05:30,34.14,34.45,33.39,34.07,40977349
2012-01-10 00:00:00+05:30,34.02,35.16,34.02,35.01,55417035
2012-01-11 00:00:00+05:30,35.19,36.2,34.97,36.07,59695614
2012-01-12 00:00:00+05:30,36.07,36.96,35.86,36.62,51434603
2012-01-13 00:00:00+05:30,36.92,40.01,36.91,39.15,129252516
2012-01-16 00:00:00+05:30,38.85,40.44,38.44,39.72,84406981
2012-01-17 00:00:00+05:30,39.88,42.23,39.84,41.7,87120919
2012-01-18 00:00:00+05:30,41.78,41.91,39.68,40.01,77266948
2012-01-19 00:00:00+05:30,40.49,41.62,40.49,41.05,69428584
2012-01-20 00:00:00+05:30,41.25,41.86,40.54,41.11,62772862
2012-01-23 00:00:00+05:30,40.97,41.24,39.84,40.17,47890088
2012-01-24 00:00:00+05:30,40.31,41.44,39.71,40.72,61601094
2012-01-25 00:00:00+05:30,40.97,42.09,40.87,41.89,78306045
2012-01-27 00:00:00+05:30,42.38,43.56,42.14,43.2,61384982
2012-01-30 00:00:00+05:30,42.94,42.98,41.15,41.65,49381649
2012-01-31 00:00:00+05:30,41.89,42.7,40.69,42.45,70121468
2012-02-01 00:00:00+05:30,42.57,44.64,42.46,44.35,87163851
2012-02-02 00:00:00+05:30,44.83,45.28,43.72,44.82,84873462
2012-02-03 00:00:00+05:30,44.64,44.64,43.34,44.03,62500236
2012-02-06 00:00:00+05:30,44.7,45.01,43.61,44.0,55448456
2012-02-07 00:00:00+05:30,44.26,44.45,42.31,42.51,79572394
2012-02-08 00:00:00+05:30,42.75,43.49,41.66,42.44,101739287
2012-02-09 00:00:00+05:30,42.18,42.79,41.44,42.58,99029840
2012-02-10 00:00:00+05:30,40.87,45.05,40.74,44.74,222228292
2012-02-13 00:00:00+05:30,44.83,46.04,43.93,45.69,69208553
2012-02-14 00:00:00+05:30,45.49,46.31,45.33,45.95,65786515
2012-02-15 00:00:00+05:30,46.24,46.78,45.86,46.63,68716300
2012-02-16 00:00:00+05:30,46.3,46.45,44.7,45.12,57254811
2012-02-17 00:00:00+05:30,45.58,46.05,44.31,45.01,60880464
2012-02-21 00:00:00+05:30,45.22,47.18,45.22,46.29,81286451
2012-02-22 00:00:00+05:30,46.39,46.79,44.07,44.31,47853548
2012-02-23 00:00:00+05:30,44.26,45.1,43.36,44.39,71164537
2012-02-24 00:00:00+05:30,44.56,45.29,43.92,44.78,63463569
2012-02-27 00:00:00+05:30,45.01,45.01,41.3,41.66,70547513
2012-02-28 00:00:00+05:30,42.07,43.51,42.04,43.3,55110249
2012-02-29 00:00:00+05:30,43.79,44.75,43.25,44.5,58813663
2012-03-01 00:00:00+05:30,44.44,44.44,43.0,43.58,53207827
2012-03-02 00:00:00+05:30,43.88,44.5,43.34,43.88,40039236
2012-03-03 00:00:00+05:30,44.04,44.21,43.88,44.04,2762604
2012-03-05 00:00:00+05:30,43.79,43.79,42.25,42.44,37031148
2012-03-06 00:00:00+05:30,42.27,43.04,39.79,40.02,77724223
2012-03-07 00:00:00+05:30,39.75,40.48,39.17,39.91,80124749
2012-03-09 00:00:00+05:30,40.68,43.08,40.68,42.87,69394360
2012-03-12 00:00:00+05:30,43.33,43.63,42.32,42.98,49321887
2012-03-13 00:00:00+05:30,43.28,44.24,43.28,44.08,43072448
2012-03-14 00:00:00+05:30,44.73,44.81,43.19,43.4,60873498
2012-03-15 00:00:00+05:30,43.46,43.97,42.85,43.58,52665889
2012-03-16 00:00:00+05:30,43.6,44.62,42.36,42.81,59577926
2012-03-19 00:00:00+05:30,42.85,43.65,42.02,42.21,35627945
2012-03-20 00:00:00+05:30,42.28,43.04,41.92,42.83,46795476
2012-03-21 00:00:00+05:30,42.65,44.65,42.19,44.49,52967705
2012-03-22 00:00:00+05:30,44.21,44.8,42.1,42.37,72678642
2012-03-23 00:00:00+05:30,42.3,42.89,41.7,42.24,50084525
2012-03-26 00:00:00+05:30,42.2,42.53,41.25,41.45,47167270
2012-03-27 00:00:00+05:30,42.37,42.44,41.3,42.1,51859204
2012-03-28 00:00:00+05:30,41.9,43.12,41.57,42.86,54222968
2012-03-29 00:00:00+05:30,42.39,42.85,41.94,42.67,43350468
2012-03-30 00:00:00+05:30,42.73,44.7,42.68,44.43,52637813
2012-04-02 00:00:00+05:30,44.34,44.95,43.99,44.43,34808008
2012-04-03 00:00:00+05:30,44.78,45.41,44.65,45.03,44590547
2012-04-04 00:00:00+05:30,44.68,45.13,44.38,44.78,33160085
2012-04-09 00:00:00+05:30,44.49,44.49,42.92,43.3,28452339
2012-04-10 00:00:00+05:30,43.27,43.31,42.32,42.64,46394236
2012-04-11 00:00:00+05:30,42.22,42.83,41.78,42.03,44617465
2012-04-12 00:00:00+05:30,42.44,42.98,42.2,42.69,32880907
2012-04-13 00:00:00+05:30,43.13,43.56,42.1,42.36,32982433
2012-04-16 00:00:00+05:30,42.12,43.03,41.91,42.86,27652132
2012-04-17 00:00:00+05:30,43.78,43.78,42.51,43.47,30628141
2012-04-18 00:00:00+05:30,43.74,44.4,43.58,43.81,42782451
2012-04-19 00:00:00+05:30,43.95,44.23,43.47,43.99,29540421
2012-04-20 00:00:00+05:30,43.85,44.69,43.7,44.29,40887270
2012-04-23 00:00:00+05:30,44.26,45.14,43.29,43.59,50816401
2012-04-24 00:00:00+05:30,43.7,44.58,43.33,44.28,24906603
2012-04-25 00:00:00+05:30,44.45,44.76,43.25,43.84,32465725
2012-04-26 00:00:00+05:30,43.88,44.68,43.65,43.96,41587853
2012-04-27 00:00:00+05:30,43.95,44.14,42.79,43.43,27258962
2012-04-28 00:00:00+05:30,43.52,43.77,43.46,43.63,1715426
2012-04-30 00:00:00+05:30,43.56,44.2,43.34,43.66,28642839
2012-05-02 00:00:00+05:30,43.79,44.2,43.33,43.49,17571514
2012-05-03 00:00:00+05:30,43.23,43.3,42.0,42.2,33586342
2012-05-04 00:00:00+05:30,41.82,42.0,40.37,40.73,44653940
2012-05-07 00:00:00+05:30,39.76,41.8,39.66,41.59,42451241
2012-05-08 00:00:00+05:30,41.86,41.88,39.93,40.23,35359471
2012-05-09 00:00:00+05:30,39.7,40.72,39.01,39.31,44211564
2012-05-10 00:00:00+05:30,39.36,40.02,38.92,39.14,40939791
2012-05-11 00:00:00+05:30,38.8,39.54,38.52,38.8,37229495
2012-05-14 00:00:00+05:30,38.66,39.31,37.86,38.44,34521408
2012-05-15 00:00:00+05:30,38.17,39.55,38.07,39.38,41307985
2012-05-16 00:00:00+05:30,38.71,38.74,37.53,37.73,54266526
2012-05-17 00:00:00+05:30,37.99,38.59,37.86,38.22,41539144
2012-05-18 00:00:00+05:30,37.4,37.86,36.73,37.66,65817001
2012-05-21 00:00:00+05:30,37.11,38.27,36.61,37.93,101819087
2012-05-22 00:00:00+05:30,38.36,38.6,37.38,37.6,44143922
2012-05-23 00:00:00+05:30,37.39,37.8,37.14,37.32,36589652
2012-05-24 00:00:00+05:30,37.55,37.9,36.86,37.54,38419910
2012-05-25 00:00:00+05:30,37.45,38.66,37.29,38.48,42480687
2012-05-28 00:00:00+05:30,38.52,39.13,38.42,38.79,33794385
2012-05-29 00:00:00+05:30,38.9,39.46,38.66,39.16,34288910
2012-05-30 00:00:00+05:30,38.8,39.04,38.38,38.64,25704463
2012-05-31 00:00:00+05:30,38.2,38.4,37.58,38.01,44790413
2012-06-01 00:00:00+05:30,38.05,38.37,37.21,37.47,32619028
2012-06-04 00:00:00+05:30,37.01,38.25,36.64,38.05,33777915
2012-06-05 00:00:00+05:30,38.23,38.51,37.32,37.48,25374772
2012-06-06 00:00:00+05:30,37.86,38.75,37.86,38.61,31349865
2012-06-07 00:00:00+05:30,39.08,39.54,38.61,38.71,40741199
2012-06-08 00:00:00+05:30,38.79,39.2,38.19,38.65,36631660
2012-06-11 00:00:00+05:30,39.18,39.46,38.3,38.6,29426906
2012-06-12 00:00:00+05:30,38.32,39.03,38.17,38.88,31958500
2012-06-13 00:00:00+05:30,39.05,39.22,38.64,38.79,31093964
2012-06-14 00:00:00+05:30,38.8,39.25,38.23,38.32,30647042
2012-06-15 00:00:00+05:30,38.43,39.17,38.35,39.04,26913014
2012-06-18 00:00:00+05:30,39.46,40.04,38.95,39.53,57509119
2012-06-19 00:00:00+05:30,39.65,40.02,39.11,39.58,40084334
2012-06-20 00:00:00+05:30,39.92,40.44,39.66,40.19,41157846
2012-06-21 00:00:00+05:30,39.96,40.68,39.82,40.51,30853481
2012-06-22 00:00:00+05:30,40.01,40.2,39.22,39.42,41744564
2012-06-25 00:00:00+05:30,39.55,40.0,38.76,39.05,26702402
2012-06-26 00:00:00+05:30,38.8,38.85,38.19,38.66,44793407
2012-06-27 00:00:00+05:30,38.81,39.74,38.81,39.62,34750889
2012-06-28 00:00:00+05:30,39.66,40.58,39.57,40.4,52408076
2012-06-29 00:00:00+05:30,40.91,41.81,40.73,41.57,46400150
2012-07-02 00:00:00+05:30,41.81,42.8,41.59,42.09,42996801
2012-07-03 00:00:00+05:30,42.19,42.45,41.62,42.03,25897724
2012-07-04 00:00:00+05:30,42.19,42.91,42.1,42.55,33213115
2012-07-05 00:00:00+05:30,42.51,42.74,42.24,42.53,22188289
2012-07-06 00:00:00+05:30,42.47,42.49,41.77,42.21,20150765
2012-07-09 00:00:00+05:30,41.91,41.91,40.98,41.21,22125458
2012-07-10 00:00:00+05:30,41.15,41.61,40.73,41.32,40096333
2012-07-11 00:00:00+05:30,41.16,41.75,40.97,41.06,32350225
2012-07-12 00:00:00+05:30,40.95,41.11,40.22,40.35,37347109
2012-07-13 00:00:00+05:30,40.49,40.78,39.94,40.02,35224443
2012-07-16 00:00:00+05:30,39.32,39.43,38.25,38.42,42600265
2012-07-17 00:00:00+05:30,38.71,38.95,38.13,38.22,36043966
2012-07-18 00:00:00+05:30,38.14,38.96,38.07,38.77,35654502
2012-07-19 00:00:00+05:30,39.18,39.26,38.87,39.03,28592984
2012-07-20 00:00:00+05:30,38.75,39.35,38.75,39.17,24828672
2012-07-23 00:00:00+05:30,38.8,38.84,37.48,37.62,31097107
2012-07-24 00:00:00+05:30,37.61,37.9,37.09,37.37,35394980
2012-07-25 00:00:00+05:30,37.29,37.46,36.32,36.4,54639191
2012-07-26 00:00:00+05:30,36.55,36.82,35.97,36.16,79073727
2012-07-27 00:00:00+05:30,36.73,37.93,36.69,37.59,54226292
2012-07-30 00:00:00+05:30,38.05,38.76,37.89,38.64,36573416
2012-07-31 00:00:00+05:30,38.73,39.24,37.76,39.03,42948836
2012-08-01 00:00:00+05:30,39.08,39.25,38.42,38.57,31797912
2012-08-02 00:00:00+05:30,38.53,38.64,37.91,38.23,33357275
2012-08-03 00:00:00+05:30,37.88,37.89,36.96,37.39,43630548
2012-08-06 00:00:00+05:30,38.05,38.5,37.79,38.07,32146282
2012-08-07 00:00:00+05:30,38.23,38.54,38.0,38.25,28770413
2012-08-08 00:00:00+05:30,38.41,39.06,38.29,38.43,48051503
2012-08-09 00:00:00+05:30,38.22,38.6,37.89,38.26,44871221
2012-08-10 00:00:00+05:30,38.15,38.32,37.54,37.68,31922757
2012-08-13 00:00:00+05:30,37.76,37.78,36.87,37.24,44670060
2012-08-14 00:00:00+05:30,36.73,38.32,36.6,38.24,69939696
2012-08-16 00:00:00+05:30,38.24,38.55,37.41,37.5,45994482
2012-08-17 00:00:00+05:30,37.6,37.84,36.92,37.18,47819335
2012-08-21 00:00:00+05:30,37.2,37.43,36.44,36.93,59680418
2012-08-22 00:00:00+05:30,36.93,37.34,36.65,36.97,40248245
2012-08-23 00:00:00+05:30,37.28,37.99,37.2,37.53,51171481
2012-08-24 00:00:00+05:30,37.29,37.3,36.33,36.52,57282292
2012-08-27 00:00:00+05:30,36.77,36.86,36.21,36.32,35522224
2012-08-28 00:00:00+05:30,36.67,36.67,35.14,35.62,48960669
2012-08-29 00:00:00+05:30,35.36,35.72,35.13,35.26,31656949
2012-08-30 00:00:00+05:30,35.15,35.2,34.33,34.46,59628397
2012-08-31 00:00:00+05:30,34.47,34.71,33.72,34.03,50801726
2012-09-03 00:00:00+05:30,34.29,34.53,33.45,33.71,38792967
2012-09-04 00:00:00+05:30,33.69,34.37,33.48,34.25,33545577
2012-09-05 00:00:00+05:30,33.96,34.06,32.82,32.95,59878469
2012-09-06 00:00:00+05:30,33.03,33.33,32.7,33.08,49961157
2012-09-07 00:00:00+05:30,33.92,35.03,33.92,34.93,75719075
2012-09-08 00:00:00+05:30,35.04,35.31,34.95,35.21,7364491
2012-09-10 00:00:00+05:30,35.31,36.11,35.31,35.79,64696044
2012-09-11 00:00:00+05:30,35.62,35.71,35.24,35.5,25969804
2012-09-12 00:00:00+05:30,35.97,36.54,35.43,36.46,46632457
2012-09-13 00:00:00+05:30,36.54,36.77,36.0,36.5,39765549
2012-09-14 00:00:00+05:30,37.64,38.42,37.59,38.14,79689370
2012-09-17 00:00:00+05:30,38.61,39.1,38.05,38.61,68613840
2012-09-18 00:00:00+05:30,38.42,38.6,38.05,38.17,34965261
2012-09-20 00:00:00+05:30,37.76,37.84,36.92,37.02,40273369
2012-09-21 00:00:00+05:30,37.34,38.98,37.34,38.55,74782247
2012-09-24 00:00:00+05:30,38.56,39.07,38.09,38.3,46513803
2012-09-25 00:00:00+05:30,38.28,38.46,37.35,37.7,44817034
2012-09-26 00:00:00+05:30,37.49,38.14,37.11,37.31,48951962
2012-09-27 00:00:00+05:30,37.31,37.9,37.2,37.32,53517459
2012-09-28 00:00:00+05:30,37.76,38.57,37.56,37.75,56264730
2012-10-01 00:00:00+05:30,37.85,37.91,37.01,37.57,40014877
2012-10-03 00:00:00+05:30,37.62,38.22,37.43,38.03,45088502
2012-10-04 00:00:00+05:30,38.31,38.87,38.19,38.52,55136350
2012-10-05 00:00:00+05:30,38.86,38.99,31.92,38.66,62083419
2012-10-08 00:00:00+05:30,38.52,39.35,38.22,38.39,77522647
2012-10-09 00:00:00+05:30,38.74,39.17,38.43,38.8,38126556
2012-10-10 00:00:00+05:30,38.79,39.41,38.62,38.76,53164386
2012-10-11 00:00:00+05:30,39.03,39.73,38.63,39.58,63719374
2012-10-12 00:00:00+05:30,39.77,40.16,39.5,39.64,55613174
2012-10-15 00:00:00+05:30,39.56,39.79,39.18,39.45,32955101
2012-10-16 00:00:00+05:30,39.72,39.82,38.34,38.53,31759005
2012-10-17 00:00:00+05:30,39.07,39.07,38.06,38.35,33668606
2012-10-18 00:00:00+05:30,38.55,38.85,38.22,38.78,43211363
2012-10-19 00:00:00+05:30,38.61,38.88,38.16,38.37,32856049
2012-10-22 00:00:00+05:30,38.16,38.65,37.96,38.41,23832495
2012-10-23 00:00:00+05:30,38.05,38.6,38.01,38.08,17879139
2012-10-25 00:00:00+05:30,38.15,38.31,37.47,37.56,46628952
2012-10-26 00:00:00+05:30,37.43,37.84,37.35,37.65,20590582
2012-10-29 00:00:00+05:30,37.76,38.07,37.58,37.86,19950761
2012-10-30 00:00:00+05:30,37.86,38.02,36.96,37.01,22593469
2012-10-31 00:00:00+05:30,37.1,37.26,36.6,36.93,40641499
2012-11-01 00:00:00+05:30,37.01,37.66,36.92,37.43,26313926
2012-11-02 00:00:00+05:30,37.71,38.04,37.53,37.89,27351207
2012-11-05 00:00:00+05:30,37.58,37.65,37.25,37.45,18151404
2012-11-06 00:00:00+05:30,37.11,37.64,37.09,37.57,25794298
2012-11-07 00:00:00+05:30,37.35,38.13,37.35,37.85,25777170
2012-11-08 00:00:00+05:30,37.62,38.12,37.35,38.04,24079764
2012-11-09 00:00:00+05:30,38.06,38.49,36.3,36.78,61129898
2012-11-12 00:00:00+05:30,36.31,36.38,35.9,36.17,40214106
2012-11-13 00:00:00+05:30,36.34,36.49,36.17,36.34,7944540
2012-11-15 00:00:00+05:30,36.25,36.25,35.23,35.35,35790677
2012-11-16 00:00:00+05:30,35.31,35.78,34.76,34.85,33132901
2012-11-19 00:00:00+05:30,34.84,35.19,34.1,34.23,38557061
2012-11-20 00:00:00+05:30,34.66,34.68,33.82,33.95,34187905
2012-11-21 00:00:00+05:30,34.16,34.52,33.91,34.35,24976070
2012-11-22 00:00:00+05:30,34.66,34.79,34.16,34.46,31392839
2012-11-23 00:00:00+05:30,34.54,34.69,34.02,34.36,23696671
2012-11-26 00:00:00+05:30,34.4,35.24,34.4,35.02,30632643
2012-11-27 00:00:00+05:30,35.31,35.68,35.16,35.4,33751188
2012-11-29 00:00:00+05:30,35.5,35.95,35.38,35.48,42074573
2012-11-30 00:00:00+05:30,35.48,36.52,35.48,36.37,51179965
2012-12-03 00:00:00+05:30,36.54,37.05,36.44,36.79,36720019
2012-12-04 00:00:00+05:30,36.82,36.95,36.42,36.74,25666830
2012-12-05 00:00:00+05:30,37.16,37.66,36.98,37.5,42009119
2012-12-06 00:00:00+05:30,37.63,38.04,36.94,37.65,27668294
2012-12-07 00:00:00+05:30,37.9,38.04,36.93,37.13,37436773
2012-12-10 00:00:00+05:30,37.2,37.75,37.16,37.7,27559908
2012-12-11 00:00:00+05:30,37.92,37.94,36.98,37.3,32646743
2012-12-12 00:00:00+05:30,37.38,37.7,37.14,37.24,33275967
2012-12-13 00:00:00+05:30,37.35,37.45,36.46,36.6,32501680
2012-12-14 00:00:00+05:30,36.63,37.67,36.44,37.39,27979720
2012-12-17 00:00:00+05:30,37.53,37.9,37.23,37.58,33123259
2012-12-18 00:00:00+05:30,37.77,39.19,37.3,39.02,88552729
2012-12-19 00:00:00+05:30,39.35,40.01,39.18,39.94,93813818
2012-12-20 00:00:00+05:30,39.84,40.83,39.15,40.65,81737450
2012-12-21 00:00:00+05:30,40.33,41.11,40.02,40.56,61773468
2012-12-24 00:00:00+05:30,40.5,41.05,40.2,40.36,52995027
2012-12-26 00:00:00+05:30,40.4,40.85,40.28,40.49,25852170
2012-12-27 00:00:00+05:30,40.78,41.14,40.49,40.57,44710496
2012-12-28 00:00:00+05:30,40.67,40.83,40.15,40.36,30084727
2012-12-31 00:00:00+05:30,40.27,40.66,40.22,40.35,19505103
2013-01-01 00:00:00+05:30,40.67,41.44,40.62,41.27,32964965
2013-01-02 00:00:00+05:30,41.67,41.79,41.13,41.26,27575040
2013-01-03 00:00:00+05:30,41.44,41.87,41.33,41.65,34872506
2013-01-04 00:00:00+05:30,41.53,41.53,40.49,40.82,38705649
2013-01-07 00:00:00+05:30,40.96,42.19,40.51,41.52,72761033
2013-01-08 00:00:00+05:30,41.42,41.44,40.5,40.81,40100485
2013-01-09 00:00:00+05:30,40.88,41.02,39.65,39.77,79322567
2013-01-10 00:00:00+05:30,40.02,40.2,39.39,39.6,50977360
2013-01-11 00:00:00+05:30,39.6,40.0,39.14,39.3,35589760
2013-01-14 00:00:00+05:30,39.37,39.98,38.93,39.91,29606161
2013-01-15 00:00:00+05:30,39.89,40.29,39.66,40.0,31682975
2013-01-16 00:00:00+05:30,39.69,39.9,38.95,39.08,25176584
2013-01-17 00:00:00+05:30,38.74,39.6,38.5,39.43,44607101
2013-01-18 00:00:00+05:30,39.52,39.84,38.93,39.08,28742634
2013-01-21 00:00:00+05:30,39.08,39.46,38.75,39.0,27081544
2013-01-22 00:00:00+05:30,39.0,39.49,38.34,38.49,27147359
2013-01-23 00:00:00+05:30,38.65,38.95,37.91,38.38,32845165
2013-01-24 00:00:00+05:30,38.48,38.79,37.93,38.09,33321246
2013-01-25 00:00:00+05:30,38.11,38.45,37.53,38.3,36001979
2013-01-28 00:00:00+05:30,38.39,38.65,38.11,38.2,29752774
2013-01-29 00:00:00+05:30,38.22,38.74,37.4,37.58,40971127
2013-01-30 00:00:00+05:30,37.76,38.47,37.63,38.26,36964515
2013-01-31 00:00:00+05:30,38.14,38.34,37.81,38.13,31577382
2013-02-01 00:00:00+05:30,38.29,38.77,37.63,37.75,34564329
2013-02-04 00:00:00+05:30,37.95,38.09,37.12,37.2,40363575
2013-02-05 00:00:00+05:30,36.92,37.47,36.88,37.17,30996357
2013-02-06 00:00:00+05:30,37.33,37.93,37.33,37.43,36904838
2013-02-07 00:00:00+05:30,37.43,37.48,36.69,36.77,28416257
2013-02-08 00:00:00+05:30,36.81,37.1,36.26,36.49,31735708
2013-02-11 00:00:00+05:30,36.73,36.77,36.17,36.24,27634303
2013-02-12 00:00:00+05:30,36.27,36.49,35.99,36.25,26525069
2013-02-13 00:00:00+05:30,36.27,36.51,35.32,35.41,42517354
2013-02-14 00:00:00+05:30,34.84,36.02,34.68,35.87,75821971
2013-02-15 00:00:00+05:30,35.6,36.0,35.01,35.42,38182910
2013-02-18 00:00:00+05:30,35.41,36.44,35.27,36.28,39966423
2013-02-19 00:00:00+05:30,36.35,36.61,35.8,36.42,28030849
2013-02-20 00:00:00+05:30,36.53,36.62,35.61,35.72,43571211
2013-02-21 00:00:00+05:30,35.39,35.39,34.23,34.27,61588893
2013-02-22 00:00:00+05:30,34.3,34.65,33.97,34.33,52514678
2013-02-25 00:00:00+05:30,34.44,34.69,33.88,33.97,34455041
2013-02-26 00:00:00+05:30,33.9,33.92,32.82,32.91,47860727
2013-02-27 00:00:00+05:30,33.02,33.73,32.61,33.63,50067610
2013-02-28 00:00:00+05:30,33.81,33.95,31.83,32.16,74545077
2013-03-01 00:00:00+05:30,32.19,32.73,32.02,32.12,34188404
2013-03-04 00:00:00+05:30,32.02,32.05,31.39,31.52,34589230
2013-03-05 00:00:00+05:30,31.57,32.54,31.41,32.41,49962080
2013-03-06 00:00:00+05:30,32.69,33.57,32.31,33.22,51317648
2013-03-07 00:00:00+05:30,33.23,33.23,32.45,33.01,31687679
2013-03-08 00:00:00+05:30,33.15,34.06,33.15,33.82,50935363
2013-03-11 00:00:00+05:30,33.77,34.17,33.39,33.84,38897668
2013-03-12 00:00:00+05:30,33.9,34.04,33.15,33.55,36173801
2013-03-13 00:00:00+05:30,33.43,33.61,33.03,33.16,25482468
2013-03-14 00:00:00+05:30,33.16,33.74,32.64,33.63,32620387
2013-03-15 00:00:00+05:30,33.7,34.17,33.26,33.38,29577830
2013-03-18 00:00:00+05:30,32.85,33.15,32.61,32.89,21213393
2013-03-19 00:00:00+05:30,33.05,33.13,31.87,31.99,29909475
2013-03-20 00:00:00+05:30,31.99,32.24,31.32,31.52,32611191
2013-03-21 00:00:00+05:30,31.69,32.11,30.61,30.87,36152638
2013-03-22 00:00:00+05:30,30.8,30.89,30.15,30.31,40483153
2013-03-25 00:00:00+05:30,30.89,30.92,29.49,29.61,50430367
2013-03-26 00:00:00+05:30,29.4,29.56,28.72,28.87,48351185
2013-03-28 00:00:00+05:30,28.77,29.89,28.32,29.46,140503680
2013-04-01 00:00:00+05:30,29.64,29.81,29.21,29.64,34635995
2013-04-02 00:00:00+05:30,29.58,30.27,29.5,30.11,36192299
2013-04-03 00:00:00+05:30,30.02,30.63,29.73,29.84,40689794
2013-04-04 00:00:00+05:30,29.67,29.71,28.54,28.66,50756256
2013-04-05 00:00:00+05:30,28.58,29.44,28.55,29.12,42324517
2013-04-08 00:00:00+05:30,29.24,29.43,28.69,28.81,35385519
2013-04-09 00:00:00+05:30,29.01,29.55,28.59,28.67,41042803
2013-04-10 00:00:00+05:30,28.94,29.09,28.25,28.75,60665732
2013-04-11 00:00:00+05:30,29.01,29.04,28.04,28.11,67473610
2013-04-12 00:00:00+05:30,27.97,28.56,27.79,28.2,52937346
2013-04-15 00:00:00+05:30,28.06,28.06,27.66,27.73,38031444
2013-04-16 00:00:00+05:30,27.73,28.32,27.55,28.1,64327372
2013-04-17 00:00:00+05:30,28.35,28.58,27.88,27.97,69317735
2013-04-18 00:00:00+05:30,27.99,28.49,27.67,28.23,58277311
2013-04-22 00:00:00+05:30,28.42,29.02,28.35,28.88,56384658
2013-04-23 00:00:00+05:30,28.92,29.4,28.83,29.11,53434367
2013-04-25 00:00:00+05:30,29.22,29.61,29.19,29.43,48295278
2013-04-26 00:00:00+05:30,29.5,29.82,28.65,28.73,38164731
2013-04-29 00:00:00+05:30,28.77,28.88,28.36,28.48,26827703
2013-04-30 00:00:00+05:30,28.71,28.95,28.04,28.51,43872433
2013-05-02 00:00:00+05:30,28.63,28.86,28.44,28.69,30069733
2013-05-03 00:00:00+05:30,28.58,29.61,28.35,29.31,56976557
2013-05-06 00:00:00+05:30,29.51,30.45,29.48,30.38,62557694
2013-05-07 00:00:00+05:30,30.53,30.74,30.14,30.58,53444232
2013-05-08 00:00:00+05:30,30.72,30.78,29.79,30.01,54919016
2013-05-09 00:00:00+05:30,30.11,30.31,29.65,29.77,33306698
2013-05-10 00:00:00+05:30,29.85,30.17,29.67,29.99,30044790
2013-05-11 00:00:00+05:30,30.04,30.13,29.95,30.01,1941849
2013-05-13 00:00:00+05:30,30.03,30.25,28.72,28.78,43071567
2013-05-14 00:00:00+05:30,28.52,28.88,27.92,28.62,65961012
2013-05-15 00:00:00+05:30,28.72,29.17,28.72,29.03,40101356
2013-05-16 00:00:00+05:30,29.03,29.63,28.97,29.36,46960140
2013-05-17 00:00:00+05:30,29.45,29.52,29.05,29.37,33667363
2013-05-20 00:00:00+05:30,29.47,30.11,29.43,29.7,43433868
2013-05-21 00:00:00+05:30,29.66,29.81,28.88,29.06,31568399
2013-05-22 00:00:00+05:30,28.94,29.52,28.64,28.81,35224422
2013-05-23 00:00:00+05:30,28.72,29.24,27.81,28.21,90180742
2013-05-24 00:00:00+05:30,29.21,30.09,28.86,29.48,122286216
2013-05-27 00:00:00+05:30,29.49,30.01,29.27,29.87,39332293
2013-05-28 00:00:00+05:30,29.76,30.49,29.76,30.3,55464862
2013-05-29 00:00:00+05:30,30.3,30.41,29.43,29.62,38297189
2013-05-30 00:00:00+05:30,29.48,29.48,28.32,28.41,68094106
2013-05-31 00:00:00+05:30,28.61,28.61,27.32,27.48,71888130
2013-06-03 00:00:00+05:30,27.64,28.04,27.31,27.92,46297934
2013-06-04 00:00:00+05:30,27.99,28.48,27.98,28.13,40745935
2013-06-05 00:00:00+05:30,28.04,28.48,27.9,28.17,35447734
2013-06-06 00:00:00+05:30,27.97,27.97,27.62,27.81,36488902
2013-06-07 00:00:00+05:30,27.69,28.1,27.43,27.5,29259980
2013-06-10 00:00:00+05:30,27.55,27.87,27.18,27.37,28042434
2013-06-11 00:00:00+05:30,27.12,27.26,26.16,26.48,52181674
2013-06-12 00:00:00+05:30,26.38,26.49,25.69,25.78,55720498
2013-06-13 00:00:00+05:30,25.52,26.34,24.91,25.06,65970463
2013-06-14 00:00:00+05:30,25.37,26.03,25.34,25.82,42644046
2013-06-17 00:00:00+05:30,25.9,26.17,25.36,26.09,36387344
2013-06-18 00:00:00+05:30,25.97,27.15,25.78,26.85,60199271
2013-06-19 00:00:00+05:30,26.85,27.65,26.65,27.41,75606984
2013-06-20 00:00:00+05:30,26.91,26.92,25.5,25.67,77548536
2013-06-21 00:00:00+05:30,25.65,26.03,25.01,25.62,59055898
2013-06-24 00:00:00+05:30,25.45,25.94,25.01,25.11,57719476
2013-06-25 00:00:00+05:30,25.1,25.46,24.7,25.09,55227034
2013-06-26 00:00:00+05:30,25.33,25.38,24.73,24.92,45480695
2013-06-27 00:00:00+05:30,25.33,25.4,24.61,24.88,52369509
2013-06-28 00:00:00+05:30,25.14,25.81,25.14,25.78,65179845
2013-07-01 00:00:00+05:30,25.62,26.62,25.62,26.43,46596268
2013-07-02 00:00:00+05:30,26.53,26.96,26.37,26.55,44352474
2013-07-03 00:00:00+05:30,26.28,26.29,25.29,25.38,41995315
2013-07-04 00:00:00+05:30,25.71,25.75,24.81,24.94,48807388
2013-07-05 00:00:00+05:30,25.29,25.41,24.82,24.93,35780971
2013-07-08 00:00:00+05:30,24.76,24.76,24.3,24.48,41462509
2013-07-09 00:00:00+05:30,24.73,24.87,24.5,24.64,36003476
2013-07-10 00:00:00+05:30,24.77,24.77,24.04,24.13,52194852
2013-07-11 00:00:00+05:30,24.67,24.99,24.4,24.58,57555523
2013-07-12 00:00:00+05:30,24.63,24.86,24.34,24.73,39429784
2013-07-15 00:00:00+05:30,23.97,24.44,23.72,24.24,53700568
2013-07-16 00:00:00+05:30,23.86,24.12,23.61,23.69,33885653
2013-07-17 00:00:00+05:30,23.69,23.87,22.81,22.9,47005950
2013-07-18 00:00:00+05:30,22.92,23.13,22.57,23.04,39864303
2013-07-19 00:00:00+05:30,23.03,23.37,22.6,22.7,47615487
2013-07-22 00:00:00+05:30,22.69,22.7,21.96,22.02,49725654
2013-07-23 00:00:00+05:30,22.6,22.6,21.95,22.09,45511542
2013-07-24 00:00:00+05:30,22.01,22.22,21.53,21.62,42685310
2013-07-25 00:00:00+05:30,21.45,21.7,20.91,20.99,53889338
2013-07-26 00:00:00+05:30,21.05,21.33,20.4,20.61,38106221
2013-07-29 00:00:00+05:30,20.55,21.12,20.17,20.28,63779561
2013-07-30 00:00:00+05:30,20.28,20.46,19.54,19.72,44453809
2013-07-31 00:00:00+05:30,19.6,20.5,19.06,20.31,66542686
2013-08-01 00:00:00+05:30,20.46,20.68,19.51,19.79,48946759
2013-08-02 00:00:00+05:30,19.81,19.98,18.95,19.06,48119845
2013-08-05 00:00:00+05:30,19.06,19.72,18.67,19.58,48768608
2013-08-06 00:00:00+05:30,19.4,19.4,18.53,18.67,54429014
2013-08-07 00:00:00+05:30,18.6,19.67,18.39,19.58,59742846
2013-08-08 00:00:00+05:30,19.59,20.82,19.47,20.61,73876479
2013-08-12 00:00:00+05:30,20.79,22.55,20.78,22.28,130055728
2013-08-13 00:00:00+05:30,22.03,22.93,21.82,22.73,99905504
2013-08-14 00:00:00+05:30,24.77,24.77,23.19,23.55,211981098
2013-08-16 00:00:00+05:30,23.45,23.48,21.82,22.16,85927394
2013-08-19 00:00:00+05:30,21.66,23.44,21.06,23.25,142283849
2013-08-20 00:00:00+05:30,22.95,24.37,22.57,24.2,114873866
2013-08-21 00:00:00+05:30,24.49,24.76,23.0,23.37,125046028
2013-08-22 00:00:00+05:30,23.35,25.98,23.13,25.81,161366825
2013-08-23 00:00:00+05:30,25.98,26.75,25.44,26.59,154875693
2013-08-26 00:00:00+05:30,26.75,26.88,25.77,26.1,109880317
2013-08-27 00:00:00+05:30,25.9,26.34,25.53,25.64,74915841
2013-08-28 00:00:00+05:30,25.42,26.67,24.97,26.27,103492558
2013-08-29 00:00:00+05:30,26.6,26.79,25.99,26.21,87085750
2013-08-30 00:00:00+05:30,26.37,27.27,25.43,25.8,129480861
2013-09-02 00:00:00+05:30,25.9,27.4,25.85,27.25,90579285
2013-09-03 00:00:00+05:30,27.57,27.81,26.33,26.49,111763498
2013-09-04 00:00:00+05:30,26.6,27.48,26.32,27.3,66484888
2013-09-05 00:00:00+05:30,27.77,27.91,26.84,27.18,68733726
2013-09-06 00:00:00+05:30,27.33,27.77,26.7,27.51,64062360
2013-09-10 00:00:00+05:30,27.9,28.44,27.63,28.31,65342577
2013-09-11 00:00:00+05:30,28.44,30.02,28.11,29.73,96414720
2013-09-12 00:00:00+05:30,29.56,29.9,28.38,28.51,70438607
2013-09-13 00:00:00+05:30,28.5,28.8,27.91,28.09,77415228
2013-09-16 00:00:00+05:30,28.68,28.9,27.26,27.46,58973051
2013-09-17 00:00:00+05:30,27.32,27.54,26.83,27.14,78136836
2013-09-18 00:00:00+05:30,27.3,27.48,26.9,27.33,36598031
2013-09-19 00:00:00+05:30,28.26,29.52,28.06,29.25,78902436
2013-09-20 00:00:00+05:30,29.19,29.22,27.79,28.25,87433493
2013-09-23 00:00:00+05:30,28.05,28.61,27.39,27.64,47647778
2013-09-24 00:00:00+05:30,27.45,27.99,27.32,27.55,42394622
2013-09-25 00:00:00+05:30,27.69,27.8,26.96,27.41,39784981
2013-09-26 00:00:00+05:30,27.38,28.39,27.32,28.24,69569378
2013-09-27 00:00:00+05:30,28.24,28.53,26.93,27.07,56460603
2013-09-30 00:00:00+05:30,26.78,26.78,25.06,25.57,110246770
2013-10-01 00:00:00+05:30,25.83,26.23,25.32,25.97,65142233
2013-10-03 00:00:00+05:30,26.03,27.26,26.03,26.92,69434881
2013-10-04 00:00:00+05:30,26.74,27.71,26.57,27.16,67393768
2013-10-07 00:00:00+05:30,27.12,28.42,26.97,28.29,76426782
2013-10-08 00:00:00+05:30,28.66,28.78,27.84,27.95,56627243
2013-10-09 00:00:00+05:30,27.5,28.72,27.5,28.56,59499029
2013-10-10 00:00:00+05:30,28.79,29.29,28.72,29.06,63124757
2013-10-11 00:00:00+05:30,29.35,29.5,28.63,29.0,51973175
2013-10-14 00:00:00+05:30,29.01,29.1,28.32,28.4,41616120
2013-10-15 00:00:00+05:30,28.53,29.5,28.32,29.24,83515304
2013-10-17 00:00:00+05:30,29.29,29.8,29.09,29.2,65210469
2013-10-18 00:00:00+05:30,29.46,31.08,29.27,30.97,139439363
2013-10-21 00:00:00+05:30,30.98,31.88,30.98,31.65,76282495
2013-10-22 00:00:00+05:30,31.74,32.34,31.5,32.01,61880102
2013-10-23 00:00:00+05:30,32.08,32.39,31.18,31.57,71246556
2013-10-24 00:00:00+05:30,31.36,32.1,31.05,31.28,53054004
2013-10-25 00:00:00+05:30,31.09,31.15,30.24,30.31,58473768
2013-10-28 00:00:00+05:30,30.61,30.83,29.32,29.41,73233652
2013-10-29 00:00:00+05:30,29.29,30.82,29.07,30.69,82740539
2013-10-30 00:00:00+05:30,30.89,31.07,30.24,30.76,52508285
2013-10-31 00:00:00+05:30,30.66,31.86,30.53,31.54,66462886
2013-11-01 00:00:00+05:30,31.55,32.19,31.32,31.66,48196258
2013-11-03 00:00:00+05:30,31.83,32.11,31.83,31.91,9868295
2013-11-05 00:00:00+05:30,31.96,32.48,31.23,31.92,47324416
2013-11-06 00:00:00+05:30,32.05,32.18,31.3,31.39,46054489
2013-11-07 00:00:00+05:30,31.29,32.95,31.29,32.57,103923021
2013-11-08 00:00:00+05:30,32.57,33.61,32.54,33.5,83423388
2013-11-11 00:00:00+05:30,33.51,34.42,33.17,33.98,80350791
2013-11-12 00:00:00+05:30,34.09,34.23,32.97,33.19,80360900
2013-11-13 00:00:00+05:30,32.99,34.27,32.99,33.69,86703093
2013-11-14 00:00:00+05:30,34.66,35.49,33.82,35.35,178246082
2013-11-18 00:00:00+05:30,35.69,36.53,35.63,36.43,78432812
2013-11-19 00:00:00+05:30,36.55,36.87,35.8,36.09,101402153
2013-11-20 00:00:00+05:30,36.05,36.62,35.73,36.26,76805181
2013-11-21 00:00:00+05:30,36.06,36.25,35.5,36.03,67235824
2013-11-22 00:00:00+05:30,36.15,37.25,36.12,36.96,80861234
2013-11-25 00:00:00+05:30,37.11,37.58,37.04,37.48,50569770
2013-11-26 00:00:00+05:30,37.31,37.48,36.68,36.89,52049747
2013-11-27 00:00:00+05:30,36.92,37.29,36.53,37.17,43580099
2013-11-28 00:00:00+05:30,37.28,38.02,37.25,37.75,49221412
2013-11-29 00:00:00+05:30,37.86,38.18,37.54,37.73,37693970
2013-12-02 00:00:00+05:30,37.68,38.6,37.29,38.45,62877733
2013-12-03 00:00:00+05:30,38.33,38.77,38.15,38.59,61259670
2013-12-04 00:00:00+05:30,38.52,39.15,38.42,38.98,44713958
2013-12-05 00:00:00+05:30,39.47,39.77,39.2,39.68,59113080
2013-12-06 00:00:00+05:30,39.65,39.93,39.36,39.81,44132624
2013-12-09 00:00:00+05:30,40.49,40.68,39.55,39.64,53280226
2013-12-10 00:00:00+05:30,39.55,40.01,39.32,39.86,50620708
2013-12-11 00:00:00+05:30,39.74,40.01,39.18,39.39,71192857
2013-12-12 00:00:00+05:30,39.07,39.29,38.75,38.87,62201680
2013-12-13 00:00:00+05:30,38.6,39.24,38.53,39.1,65211998
2013-12-16 00:00:00+05:30,39.1,39.57,38.35,38.51,49355209
2013-12-17 00:00:00+05:30,38.55,38.91,38.23,38.49,37298071
2013-12-18 00:00:00+05:30,38.5,39.22,38.41,39.07,32028244
2013-12-19 00:00:00+05:30,39.36,39.48,38.54,38.69,37228901
2013-12-20 00:00:00+05:30,38.69,39.44,38.64,39.36,28712796
2013-12-23 00:00:00+05:30,39.36,40.19,39.29,39.85,28721269
2013-12-24 00:00:00+05:30,39.93,40.06,39.24,39.4,24518668
2013-12-26 00:00:00+05:30,39.37,40.21,39.2,40.06,42514614
2013-12-27 00:00:00+05:30,40.06,40.32,39.84,40.03,26287294
2013-12-30 00:00:00+05:30,40.02,40.36,39.73,40.08,22555050
2013-12-31 00:00:00+05:30,40.16,40.19,39.79,39.95,12858066
2014-01-01 00:00:00+05:30,40.02,40.19,39.9,40.11,12672493
2014-01-02 00:00:00+05:30,40.12,41.01,39.27,39.48,42477799
2014-01-03 00:00:00+05:30,39.22,39.5,38.52,38.85,33807637
2014-01-06 00:00:00+05:30,38.7,39.15,38.1,38.45,28719602
2014-01-07 00:00:00+05:30,38.6,38.79,36.97,37.17,41417454
2014-01-08 00:00:00+05:30,37.17,37.41,36.69,36.95,48219810
2014-01-09 00:00:00+05:30,37.14,37.6,36.5,36.8,42349960
2014-01-10 00:00:00+05:30,36.99,37.03,36.12,36.21,34676760
2014-01-13 00:00:00+05:30,36.28,36.65,35.95,36.35,29182526
2014-01-14 00:00:00+05:30,36.26,36.63,35.15,35.25,38713582
2014-01-15 00:00:00+05:30,35.41,35.79,35.09,35.31,35126092
2014-01-16 00:00:00+05:30,35.46,36.21,35.39,35.89,38696241
2014-01-17 00:00:00+05:30,35.88,36.32,35.33,35.56,36489900
2014-01-20 00:00:00+05:30,35.55,35.72,34.85,35.27,34884505
2014-01-21 00:00:00+05:30,35.41,36.35,35.41,36.12,43457272
2014-01-22 00:00:00+05:30,36.19,37.1,36.19,37.03,49198083
2014-01-23 00:00:00+05:30,37.0,37.01,36.45,36.66,26515406
2014-01-24 00:00:00+05:30,36.27,36.35,35.26,35.41,31658233
2014-01-27 00:00:00+05:30,34.79,34.81,33.15,33.29,46862692
2014-01-28 00:00:00+05:30,33.34,34.74,33.2,34.53,51506619
2014-01-29 00:00:00+05:30,34.7,34.78,33.55,33.71,48198095
2014-01-30 00:00:00+05:30,33.24,33.34,32.13,32.64,59654827
2014-01-31 00:00:00+05:30,32.81,33.7,32.73,33.53,55181289
2014-02-03 00:00:00+05:30,33.42,33.42,32.21,32.31,37792522
2014-02-04 00:00:00+05:30,31.84,32.66,31.65,32.3,77214375
2014-02-05 00:00:00+05:30,32.48,33.99,32.4,33.85,50519809
2014-02-06 00:00:00+05:30,34.08,34.58,33.55,34.02,68710757
2014-02-07 00:00:00+05:30,34.15,36.44,34.15,36.2,124462963
2014-02-10 00:00:00+05:30,36.44,37.03,35.84,36.02,66299294
2014-02-11 00:00:00+05:30,36.44,37.01,36.28,36.7,45380103
2014-02-12 00:00:00+05:30,36.31,36.44,35.1,35.25,99599398
2014-02-13 00:00:00+05:30,35.41,35.67,34.39,34.6,62150285
2014-02-14 00:00:00+05:30,34.74,35.07,33.85,34.92,64110537
2014-02-17 00:00:00+05:30,34.98,35.35,34.51,35.23,36436764
2014-02-18 00:00:00+05:30,35.22,35.96,35.04,35.75,38295713
2014-02-19 00:00:00+05:30,35.77,35.78,34.95,35.21,33630888
2014-02-20 00:00:00+05:30,34.76,34.83,34.28,34.54,45441352
2014-02-21 00:00:00+05:30,34.54,35.39,34.54,35.26,33792314
2014-02-24 00:00:00+05:30,35.2,35.2,34.5,34.77,34763611
2014-02-25 00:00:00+05:30,34.81,35.04,33.86,33.95,46578598
2014-02-26 00:00:00+05:30,34.0,34.17,32.81,32.89,107175776
2014-02-28 00:00:00+05:30,33.05,33.39,32.08,32.38,105064610
2014-03-03 00:00:00+05:30,32.4,32.91,32.08,32.52,60474382
2014-03-04 00:00:00+05:30,32.63,33.2,32.52,33.13,60584881
2014-03-05 00:00:00+05:30,33.41,33.88,33.13,33.52,70528580
2014-03-06 00:00:00+05:30,33.71,34.41,33.53,34.3,60536236
2014-03-07 00:00:00+05:30,34.67,35.16,34.33,34.95,67085506
2014-03-10 00:00:00+05:30,34.68,34.92,34.13,34.29,52649854
2014-03-11 00:00:00+05:30,34.29,34.32,32.24,32.37,97136752
2014-03-12 00:00:00+05:30,32.11,32.83,31.77,31.98,92774222
2014-03-13 00:00:00+05:30,32.21,32.76,31.48,31.72,59140370
2014-03-14 00:00:00+05:30,31.45,32.28,31.27,32.18,65410324
2014-03-18 00:00:00+05:30,32.58,32.77,31.93,32.08,44108530
2014-03-19 00:00:00+05:30,32.34,33.84,32.04,33.58,101664563
2014-03-20 00:00:00+05:30,33.64,33.89,32.74,32.96,53836531
2014-03-21 00:00:00+05:30,33.07,34.37,33.07,34.17,86578970
2014-03-22 00:00:00+05:30,34.16,34.26,33.93,34.12,7045302
2014-03-24 00:00:00+05:30,34.35,34.56,33.54,34.19,59263792
2014-03-25 00:00:00+05:30,34.11,35.0,34.05,34.57,56055732
2014-03-26 00:00:00+05:30,34.98,35.41,34.87,35.3,59327674
2014-03-27 00:00:00+05:30,35.31,35.73,35.15,35.35,60965478
2014-03-28 00:00:00+05:30,35.67,36.14,35.41,35.93,39907681
2014-03-31 00:00:00+05:30,36.22,37.33,36.07,37.1,74752270
2014-04-01 00:00:00+05:30,37.29,37.98,36.4,37.78,88888069
2014-04-02 00:00:00+05:30,37.9,38.14,37.58,37.99,56947409
2014-04-03 00:00:00+05:30,37.99,38.8,37.08,37.45,74845354
2014-04-04 00:00:00+05:30,37.66,38.11,37.24,37.86,48711129
2014-04-07 00:00:00+05:30,37.91,38.38,37.5,38.3,39215615
2014-04-09 00:00:00+05:30,38.61,39.53,38.42,39.43,53043778
2014-04-10 00:00:00+05:30,39.45,40.0,38.72,39.35,62614080
2014-04-11 00:00:00+05:30,39.13,39.88,38.71,39.54,55714944
2014-04-15 00:00:00+05:30,39.51,39.98,38.39,38.53,49487943
2014-04-16 00:00:00+05:30,38.66,39.25,38.12,38.96,43285482
2014-04-17 00:00:00+05:30,38.8,39.54,38.73,39.45,34842349
2014-04-21 00:00:00+05:30,39.51,40.07,39.32,39.88,40192019
2014-04-22 00:00:00+05:30,39.92,39.92,39.37,39.63,34693272
2014-04-23 00:00:00+05:30,39.65,40.43,39.57,40.17,53988135
2014-04-25 00:00:00+05:30,40.17,40.77,39.77,40.2,50874793
2014-04-28 00:00:00+05:30,40.02,40.67,39.94,40.1,35679361
2014-04-29 00:00:00+05:30,40.02,40.14,38.05,38.19,72849445
2014-04-30 00:00:00+05:30,38.33,38.38,37.03,37.73,75440365
2014-05-02 00:00:00+05:30,37.95,38.29,36.55,36.73,62187398
2014-05-05 00:00:00+05:30,36.77,38.03,36.62,37.44,55686847
2014-05-06 00:00:00+05:30,37.61,38.09,37.54,37.83,39140221
2014-05-07 00:00:00+05:30,37.78,37.99,37.31,37.66,27956762
2014-05-08 00:00:00+05:30,37.78,38.26,37.52,37.86,35064620
2014-05-09 00:00:00+05:30,37.67,39.62,37.58,39.24,68807186
2014-05-12 00:00:00+05:30,39.27,40.2,39.19,39.56,55722324
2014-05-13 00:00:00+05:30,39.94,41.58,39.67,40.22,94808125
2014-05-14 00:00:00+05:30,40.49,42.82,40.49,42.6,115317007
2014-05-15 00:00:00+05:30,43.03,44.07,42.45,43.38,151546462
2014-05-16 00:00:00+05:30,44.54,45.75,40.23,41.52,207268702
2014-05-19 00:00:00+05:30,41.91,43.34,41.02,42.45,116474132
2014-05-20 00:00:00+05:30,42.71,44.67,42.71,43.99,96622635
2014-05-21 00:00:00+05:30,44.07,44.29,43.06,43.56,58262211
2014-05-22 00:00:00+05:30,43.79,45.0,43.79,44.35,61762106
2014-05-23 00:00:00+05:30,44.45,45.49,44.2,45.03,60466450
2014-05-26 00:00:00+05:30,45.4,46.62,42.62,44.04,82397575
2014-05-27 00:00:00+05:30,43.92,45.1,43.47,44.98,50445244
2014-05-28 00:00:00+05:30,45.22,45.53,43.98,44.19,40515476
2014-05-29 00:00:00+05:30,44.36,44.69,43.64,43.88,45386835
2014-05-30 00:00:00+05:30,43.98,44.92,43.6,44.74,55187203
2014-06-02 00:00:00+05:30,44.81,46.67,44.4,46.42,59008963
2014-06-03 00:00:00+05:30,46.85,49.76,46.71,49.61,132858970
2014-06-04 00:00:00+05:30,49.65,51.17,49.45,50.61,114061330
2014-06-05 00:00:00+05:30,50.83,52.81,50.67,52.45,97075269
2014-06-06 00:00:00+05:30,53.16,53.56,52.01,52.8,80347233
2014-06-09 00:00:00+05:30,53.21,54.61,52.74,54.17,62635317
2014-06-10 00:00:00+05:30,54.15,54.15,52.03,52.61,59365817
2014-06-11 00:00:00+05:30,52.73,53.28,51.33,51.74,54905743
2014-06-12 00:00:00+05:30,51.7,52.54,51.19,51.76,39488081
2014-06-13 00:00:00+05:30,51.66,52.1,49.34,49.49,46010294
2014-06-16 00:00:00+05:30,49.41,49.85,48.22,49.4,74066172
2014-06-17 00:00:00+05:30,49.44,50.31,48.31,50.13,70802862
2014-06-18 00:00:00+05:30,50.49,50.84,48.78,49.15,59627760
2014-06-19 00:00:00+05:30,49.44,49.57,48.5,48.92,43344554
2014-06-20 00:00:00+05:30,48.88,50.34,48.76,48.96,58063439
2014-06-23 00:00:00+05:30,49.05,49.78,49.02,49.62,36146872
2014-06-24 00:00:00+05:30,49.68,50.47,49.67,50.13,32087475
2014-06-25 00:00:00+05:30,50.2,50.67,49.92,50.0,24420965
2014-06-26 00:00:00+05:30,50.1,50.52,49.33,49.52,34871656
2014-06-27 00:00:00+05:30,49.79,50.01,48.69,48.87,34035122
2014-06-30 00:00:00+05:30,49.1,49.97,48.95,49.76,40032568
2014-07-01 00:00:00+05:30,49.91,51.35,49.91,50.91,56413902
2014-07-02 00:00:00+05:30,51.51,51.79,51.09,51.18,34540628
2014-07-03 00:00:00+05:30,51.53,51.75,50.59,50.76,36078763
2014-07-04 00:00:00+05:30,51.32,51.32,50.02,50.53,38628685
2014-07-07 00:00:00+05:30,50.58,51.13,50.25,50.48,27015358
2014-07-08 00:00:00+05:30,50.67,50.83,48.03,48.36,38463032
2014-07-09 00:00:00+05:30,48.59,49.61,48.14,48.81,55086920
2014-07-10 00:00:00+05:30,48.97,50.65,48.03,49.1,72540832
2014-07-11 00:00:00+05:30,48.97,49.37,47.02,47.27,64715540
2014-07-14 00:00:00+05:30,46.79,48.73,46.36,48.35,81334362
2014-07-15 00:00:00+05:30,48.86,49.91,48.44,49.64,47241250
2014-07-16 00:00:00+05:30,50.05,51.42,49.49,51.11,46814175
2014-07-17 00:00:00+05:30,51.14,52.74,50.88,52.62,74612836
2014-07-18 00:00:00+05:30,52.36,53.54,51.72,53.02,77467292
2014-07-21 00:00:00+05:30,53.11,53.86,52.75,52.99,46614798
2014-07-22 00:00:00+05:30,53.4,53.61,52.3,52.94,42735856
2014-07-23 00:00:00+05:30,53.25,53.3,51.85,52.22,44809271
2014-07-24 00:00:00+05:30,52.45,53.81,52.09,53.5,67838162
2014-07-25 00:00:00+05:30,53.68,54.09,51.98,52.51,62659581
2014-07-28 00:00:00+05:30,52.75,53.15,51.25,51.65,53580534
2014-07-30 00:00:00+05:30,51.89,51.98,50.61,51.43,65783955
2014-07-31 00:00:00+05:30,51.47,52.95,51.14,52.12,60329086
2014-08-01 00:00:00+05:30,51.61,53.29,51.28,51.68,69503330
2014-08-04 00:00:00+05:30,51.92,52.45,51.22,51.97,58685548
2014-08-05 00:00:00+05:30,52.18,53.3,51.32,52.94,58389232
2014-08-06 00:00:00+05:30,52.93,53.57,51.7,51.84,47602320
2014-08-07 00:00:00+05:30,51.9,52.96,51.89,52.34,68513323
2014-08-08 00:00:00+05:30,52.0,52.0,50.42,50.64,59902106
2014-08-11 00:00:00+05:30,51.27,51.4,49.84,50.36,51242637
2014-08-12 00:00:00+05:30,50.57,51.51,50.2,51.05,61912128
2014-08-13 00:00:00+05:30,51.03,51.04,49.79,50.34,55287073
2014-08-14 00:00:00+05:30,50.25,51.41,49.45,51.01,90832542
2014-08-18 00:00:00+05:30,50.67,51.69,50.62,51.46,49592665
2014-08-19 00:00:00+05:30,51.71,52.17,51.06,51.24,47248737
2014-08-20 00:00:00+05:30,51.21,51.98,51.0,51.38,47277981
2014-08-21 00:00:00+05:30,50.85,51.03,50.22,50.53,46526556
2014-08-22 00:00:00+05:30,50.74,51.07,50.33,50.64,30968058
2014-08-25 00:00:00+05:30,50.64,50.85,48.0,48.22,60340777
2014-08-26 00:00:00+05:30,48.35,49.77,48.23,49.44,72553989
2014-08-28 00:00:00+05:30,49.23,49.63,48.24,48.32,45237748
2014-09-01 00:00:00+05:30,48.67,49.58,48.22,49.36,56763280
2014-09-02 00:00:00+05:30,49.36,49.62,48.77,48.89,39126640
2014-09-03 00:00:00+05:30,49.07,49.98,49.04,49.54,57401116
2014-09-04 00:00:00+05:30,49.41,49.77,47.53,47.94,59331816
2014-09-05 00:00:00+05:30,47.99,48.59,47.66,48.35,46628262
2014-09-08 00:00:00+05:30,48.51,48.97,48.08,48.73,40172470
2014-09-09 00:00:00+05:30,48.31,49.02,48.04,48.84,33737872
2014-09-10 00:00:00+05:30,48.5,49.25,48.36,48.89,40733649
2014-09-11 00:00:00+05:30,49.06,49.42,48.5,48.74,45209025
2014-09-12 00:00:00+05:30,48.74,49.1,48.46,48.59,46724457
2014-09-15 00:00:00+05:30,48.31,48.4,47.52,47.81,41398605
2014-09-16 00:00:00+05:30,47.82,47.92,45.82,46.16,57827426
2014-09-17 00:00:00+05:30,46.43,47.18,45.74,46.94,55689650
2014-09-18 00:00:00+05:30,46.72,47.98,46.72,47.6,51718134
2014-09-19 00:00:00+05:30,47.95,48.3,47.57,48.12,52783470
2014-09-22 00:00:00+05:30,47.56,47.68,46.93,47.17,35695586
2014-09-23 00:00:00+05:30,47.09,47.26,45.55,45.73,42322415
2014-09-24 00:00:00+05:30,45.58,45.81,44.13,44.47,74137413
2014-09-25 00:00:00+05:30,44.54,44.94,42.53,43.36,65291543
2014-09-26 00:00:00+05:30,43.32,44.92,43.17,44.66,42538251
2014-09-29 00:00:00+05:30,44.67,45.23,43.76,43.92,33153809
2014-09-30 00:00:00+05:30,43.94,44.54,42.95,43.23,48336754
2014-10-01 00:00:00+05:30,42.9,43.07,41.95,42.26,50655622
2014-10-07 00:00:00+05:30,42.07,42.66,41.26,41.45,82081009
2014-10-08 00:00:00+05:30,41.2,43.11,41.02,42.96,71211089
2014-10-09 00:00:00+05:30,43.33,44.21,43.05,44.03,52816972
2014-10-10 00:00:00+05:30,43.31,43.32,42.02,42.19,52415478
2014-10-13 00:00:00+05:30,41.79,43.3,41.45,43.11,39636818
2014-10-14 00:00:00+05:30,43.14,43.51,41.52,42.95,61839761
2014-10-16 00:00:00+05:30,43.39,44.04,41.06,41.35,87779058
2014-10-17 00:00:00+05:30,41.78,42.75,41.11,42.15,71243784
2014-10-20 00:00:00+05:30,42.85,43.07,42.03,42.39,46304465
2014-10-21 00:00:00+05:30,42.75,43.53,42.59,42.91,56430233
2014-10-22 00:00:00+05:30,43.41,43.59,42.78,43.05,42709988
2014-10-23 00:00:00+05:30,43.42,43.42,43.14,43.23,7043964
2014-10-27 00:00:00+05:30,43.37,43.49,42.29,42.42,39703323
2014-10-28 00:00:00+05:30,42.39,42.72,42.06,42.49,42532124
2014-10-29 00:00:00+05:30,42.76,44.53,42.73,44.42,72926335
2014-10-30 00:00:00+05:30,44.45,44.96,44.11,44.69,49010853
2014-10-31 00:00:00+05:30,45.01,46.47,44.69,46.14,62102543
2014-11-03 00:00:00+05:30,46.33,46.61,45.72,46.06,39866267
2014-11-05 00:00:00+05:30,46.24,46.37,44.92,45.02,36442615
2014-11-07 00:00:00+05:30,45.11,45.84,44.32,44.39,41130004
2014-11-10 00:00:00+05:30,44.7,44.83,43.56,44.34,47379751
2014-11-11 00:00:00+05:30,44.56,45.34,44.41,45.23,48552846
2014-11-12 00:00:00+05:30,45.2,45.46,43.85,44.11,67414145
2014-11-13 00:00:00+05:30,43.8,44.78,43.52,44.38,62901646
2014-11-14 00:00:00+05:30,43.98,45.45,43.98,45.03,73156666
2014-11-17 00:00:00+05:30,44.84,45.48,44.74,45.21,25258455
2014-11-18 00:00:00+05:30,45.2,46.07,44.9,45.81,42330920
2014-11-19 00:00:00+05:30,45.78,46.4,44.2,44.36,47522052
2014-11-20 00:00:00+05:30,44.44,44.53,43.51,43.94,41112048
2014-11-21 00:00:00+05:30,43.98,44.5,43.33,43.59,42365219
2014-11-24 00:00:00+05:30,44.54,45.18,44.31,44.88,46112074
2014-11-25 00:00:00+05:30,44.74,44.83,43.18,43.74,46363102
2014-11-26 00:00:00+05:30,43.79,44.16,43.36,43.91,37582303
2014-11-27 00:00:00+05:30,43.79,44.17,43.23,43.34,44366374
2014-11-28 00:00:00+05:30,43.46,44.76,43.46,44.58,51256771
2014-12-01 00:00:00+05:30,44.73,44.73,43.24,43.43,32654537
2014-12-02 00:00:00+05:30,43.41,44.02,43.34,43.81,32887948
2014-12-03 00:00:00+05:30,44.02,44.23,43.51,43.67,29806537
2014-12-04 00:00:00+05:30,43.71,44.02,43.01,43.49,35270645
2014-12-05 00:00:00+05:30,43.65,44.14,43.27,43.43,32574461
2014-12-08 00:00:00+05:30,43.7,43.88,42.42,42.55,32449500
2014-12-09 00:00:00+05:30,42.51,42.51,40.97,41.09,43185973
2014-12-10 00:00:00+05:30,40.72,41.72,40.27,40.73,50272233
2014-12-11 00:00:00+05:30,40.59,40.97,39.27,39.43,55978395
2014-12-12 00:00:00+05:30,39.55,39.83,37.67,37.92,69269218
2014-12-15 00:00:00+05:30,37.58,38.46,37.29,37.76,50944601
2014-12-16 00:00:00+05:30,37.39,37.93,36.44,36.69,61289615
2014-12-17 00:00:00+05:30,37.1,38.13,36.45,37.05,85125169
2014-12-18 00:00:00+05:30,37.77,38.22,37.62,37.82,46830783
2014-12-19 00:00:00+05:30,38.2,38.71,37.95,38.18,49168382
2014-12-22 00:00:00+05:30,38.28,38.57,37.55,38.05,34556598
2014-12-23 00:00:00+05:30,38.15,38.29,36.98,37.18,40182133
2014-12-24 00:00:00+05:30,36.85,37.64,36.83,37.22,78063842
2014-12-26 00:00:00+05:30,37.3,37.64,36.74,37.5,32076463
2014-12-29 00:00:00+05:30,37.59,38.66,37.58,38.06,43296929
2014-12-30 00:00:00+05:30,38.08,38.22,37.22,37.32,30784523
2014-12-31 00:00:00+05:30,37.39,37.83,37.25,37.61,23923933
2015-01-01 00:00:00+05:30,37.4,38.23,37.4,38.09,26881339
2015-01-02 00:00:00+05:30,38.23,38.89,38.23,38.68,36464553
2015-01-05 00:00:00+05:30,38.89,39.69,38.89,39.24,55277409
2015-01-06 00:00:00+05:30,38.99,38.99,37.14,37.34,65524879
2015-01-07 00:00:00+05:30,37.46,37.46,36.12,36.62,50429464
2015-01-08 00:00:00+05:30,37.1,37.36,36.78,37.19,33660536
2015-01-09 00:00:00+05:30,37.86,38.13,37.21,37.64,53741461
2015-01-12 00:00:00+05:30,37.62,37.62,37.01,37.36,28574848
2015-01-13 00:00:00+05:30,37.39,37.56,36.75,36.87,31885411
2015-01-14 00:00:00+05:30,36.86,36.86,35.36,35.49,75706991
2015-01-15 00:00:00+05:30,35.67,36.61,35.04,36.23,74451632
2015-01-16 00:00:00+05:30,35.97,36.3,35.44,36.11,48193348
2015-01-19 00:00:00+05:30,36.22,36.44,35.84,36.23,29624436
2015-01-20 00:00:00+05:30,36.31,38.01,36.31,37.86,63902346
2015-01-21 00:00:00+05:30,38.14,38.23,37.06,37.4,41388963
2015-01-22 00:00:00+05:30,37.48,38.11,37.29,37.99,48078581
2015-01-23 00:00:00+05:30,38.61,38.8,37.58,37.96,48066603
2015-01-27 00:00:00+05:30,37.93,38.05,37.25,37.52,42180952
2015-01-28 00:00:00+05:30,37.39,37.39,36.62,36.84,42426638
2015-01-29 00:00:00+05:30,36.76,36.95,36.13,36.77,54824000
2015-01-30 00:00:00+05:30,36.96,37.2,36.4,36.77,38236110
2015-02-02 00:00:00+05:30,36.72,37.18,35.99,36.15,33757198
2015-02-03 00:00:00+05:30,36.44,36.49,35.61,35.89,36567077
2015-02-04 00:00:00+05:30,36.15,37.05,36.07,36.65,46940177
2015-02-05 00:00:00+05:30,36.89,36.99,35.6,35.72,32940861
2015-02-06 00:00:00+05:30,35.79,35.85,34.56,34.72,47990721
2015-02-09 00:00:00+05:30,33.62,34.04,32.6,32.72,80020441
2015-02-10 00:00:00+05:30,32.49,33.9,32.49,33.69,56079985
2015-02-11 00:00:00+05:30,33.9,34.72,33.24,34.37,42014726
2015-02-12 00:00:00+05:30,34.49,34.6,33.53,34.4,36270357
2015-02-13 00:00:00+05:30,34.72,35.01,34.4,34.52,39676574
2015-02-16 00:00:00+05:30,34.73,35.26,34.69,34.83,31764591
2015-02-18 00:00:00+05:30,35.03,35.03,34.34,34.61,34326872
2015-02-19 00:00:00+05:30,34.66,35.77,34.66,35.34,82323148
2015-02-20 00:00:00+05:30,35.6,35.96,35.13,35.29,36553973
2015-02-23 00:00:00+05:30,35.46,35.49,34.37,34.59,32760746
2015-02-24 00:00:00+05:30,34.67,34.84,33.64,33.82,34915777
2015-02-25 00:00:00+05:30,34.17,34.35,32.97,33.05,41756606
2015-02-26 00:00:00+05:30,33.18,33.42,32.42,32.51,85633424
2015-02-27 00:00:00+05:30,32.72,33.4,32.57,33.02,53249580
2015-02-28 00:00:00+05:30,33.54,34.33,32.63,33.45,79603571
2015-03-02 00:00:00+05:30,33.66,33.83,32.87,33.2,46513431
2015-03-03 00:00:00+05:30,33.24,33.7,32.91,33.26,54379690
2015-03-04 00:00:00+05:30,33.53,33.63,32.55,32.79,49624882
2015-03-05 00:00:00+05:30,32.82,32.89,32.14,32.32,50652840
2015-03-09 00:00:00+05:30,32.32,32.37,31.55,31.67,46390795
2015-03-10 00:00:00+05:30,31.84,31.92,31.08,31.23,43450285
2015-03-11 00:00:00+05:30,31.36,31.55,30.54,30.63,49719824
2015-03-12 00:00:00+05:30,30.86,31.68,30.84,31.38,45920980
2015-03-13 00:00:00+05:30,31.64,31.68,30.61,30.75,34826017
2015-03-16 00:00:00+05:30,30.97,30.97,30.43,30.72,29489313
2015-03-17 00:00:00+05:30,31.08,31.68,30.8,31.32,45969252
2015-03-18 00:00:00+05:30,31.61,31.61,31.02,31.24,32914845
2015-03-19 00:00:00+05:30,31.48,32.47,31.42,31.7,65291872
2015-03-20 00:00:00+05:30,31.7,32.15,30.79,30.95,61335254
2015-03-23 00:00:00+05:30,31.12,31.55,30.95,31.21,38018606
2015-03-24 00:00:00+05:30,31.09,31.44,30.54,30.81,47293123
2015-03-25 00:00:00+05:30,30.89,30.98,30.32,30.43,37641120
2015-03-26 00:00:00+05:30,30.42,30.6,29.57,29.72,69202288
2015-03-27 00:00:00+05:30,29.89,30.07,29.31,29.67,42678897
2015-03-30 00:00:00+05:30,29.95,30.6,29.68,30.36,31756191
2015-03-31 00:00:00+05:30,30.73,30.74,29.68,29.83,41783673
2015-04-01 00:00:00+05:30,29.85,30.6,29.76,30.48,32770090
2015-04-06 00:00:00+05:30,30.55,30.66,29.82,29.96,38967327
2015-04-07 00:00:00+05:30,30.16,31.57,29.85,31.41,77450175
2015-04-08 00:00:00+05:30,31.65,31.92,30.95,31.65,66735905
2015-04-09 00:00:00+05:30,31.78,32.72,31.74,32.59,65321286
2015-04-10 00:00:00+05:30,32.56,32.87,32.14,32.27,51142290
2015-04-13 00:00:00+05:30,32.42,32.8,32.12,32.51,36559251
2015-04-15 00:00:00+05:30,32.49,32.51,31.66,31.8,33979586
2015-04-16 00:00:00+05:30,31.87,32.33,31.41,31.8,40040510
2015-04-17 00:00:00+05:30,31.71,33.17,31.56,32.58,74127028
2015-04-20 00:00:00+05:30,32.82,33.37,31.94,32.44,66547199
2015-04-21 00:00:00+05:30,32.63,33.15,32.35,32.8,53041346
2015-04-22 00:00:00+05:30,32.96,33.38,32.14,33.09,50803489
2015-04-23 00:00:00+05:30,33.43,34.93,33.37,34.79,129466674
2015-04-24 00:00:00+05:30,35.01,35.3,34.15,34.89,89819896
2015-04-27 00:00:00+05:30,34.76,35.11,34.04,34.74,53057104
2015-04-28 00:00:00+05:30,34.84,35.23,34.48,34.96,44172911
2015-04-29 00:00:00+05:30,35.02,35.72,34.66,34.84,57897489
2015-04-30 00:00:00+05:30,34.66,34.74,33.82,33.94,65625577
2015-05-04 00:00:00+05:30,34.05,34.54,33.64,34.06,34706885
2015-05-05 00:00:00+05:30,34.32,35.88,34.17,35.8,81394263
2015-05-06 00:00:00+05:30,35.88,36.21,34.47,34.62,63701535
2015-05-07 00:00:00+05:30,34.45,34.91,33.95,34.59,43970391
2015-05-08 00:00:00+05:30,34.85,35.31,34.29,34.53,36665640
2015-05-11 00:00:00+05:30,35.04,35.92,34.89,35.51,47546539
2015-05-12 00:00:00+05:30,35.35,35.41,33.2,33.3,58133575
2015-05-13 00:00:00+05:30,33.55,34.04,33.12,33.86,57299579
2015-05-14 00:00:00+05:30,33.9,34.64,33.65,34.51,39863793
2015-05-15 00:00:00+05:30,33.9,34.46,33.44,34.29,54891864
2015-05-18 00:00:00+05:30,34.37,34.56,34.0,34.29,25416897
2015-05-19 00:00:00+05:30,34.28,34.84,34.11,34.69,31215241
2015-05-20 00:00:00+05:30,34.6,34.6,33.48,34.02,68389901
2015-05-21 00:00:00+05:30,32.96,33.05,32.13,32.23,108899888
2015-05-22 00:00:00+05:30,32.3,32.73,32.06,32.14,41658818
2015-05-25 00:00:00+05:30,31.97,32.0,31.17,31.27,41354346
2015-05-26 00:00:00+05:30,31.69,31.69,31.01,31.35,30785574
2015-05-27 00:00:00+05:30,31.35,31.48,30.8,30.9,30688848
2015-05-28 00:00:00+05:30,31.06,31.16,30.34,30.58,49313541
2015-05-29 00:00:00+05:30,30.61,31.28,30.61,30.94,39518026
2015-06-01 00:00:00+05:30,31.07,31.37,30.83,31.04,21002951
2015-06-02 00:00:00+05:30,31.08,31.16,30.18,30.3,24583028
2015-06-03 00:00:00+05:30,30.33,30.41,29.59,29.78,31156349
2015-06-04 00:00:00+05:30,29.87,30.02,28.68,29.01,50440869
2015-06-05 00:00:00+05:30,29.1,29.87,28.46,29.3,53373363
2015-06-08 00:00:00+05:30,29.38,29.66,28.39,28.46,40047052
2015-06-09 00:00:00+05:30,27.88,28.94,27.59,28.7,73733604
2015-06-10 00:00:00+05:30,28.72,28.99,28.41,28.82,31016129
2015-06-11 00:00:00+05:30,28.83,28.9,27.99,28.13,42360823
2015-06-12 00:00:00+05:30,28.06,28.34,27.7,28.02,28867044
2015-06-15 00:00:00+05:30,28.06,28.51,27.88,27.97,28616781
2015-06-16 00:00:00+05:30,27.95,28.02,27.4,27.73,32582606
2015-06-17 00:00:00+05:30,28.6,29.28,28.09,28.73,88384868
2015-06-18 00:00:00+05:30,28.66,28.86,28.34,28.6,41198155
2015-06-19 00:00:00+05:30,28.77,29.17,28.64,28.72,34930920
2015-06-22 00:00:00+05:30,29.1,29.46,28.91,29.25,37881953
2015-06-23 00:00:00+05:30,29.3,29.82,29.27,29.48,31995771
2015-06-24 00:00:00+05:30,29.57,29.61,28.53,28.68,30070455
2015-06-25 00:00:00+05:30,28.61,28.7,28.36,28.51,48934473
2015-06-26 00:00:00+05:30,28.49,28.54,27.97,28.12,35898330
2015-06-29 00:00:00+05:30,27.69,28.04,27.07,27.9,37500889
2015-06-30 00:00:00+05:30,27.9,28.86,27.8,28.69,32517980
2015-07-01 00:00:00+05:30,28.72,29.1,28.57,28.91,33383790
2015-07-02 00:00:00+05:30,28.93,29.24,28.55,28.66,40777165
2015-07-03 00:00:00+05:30,28.85,29.0,28.21,28.36,29121968
2015-07-06 00:00:00+05:30,27.78,28.23,27.5,28.16,39376234
2015-07-07 00:00:00+05:30,28.41,28.54,27.88,28.08,35028389
2015-07-08 00:00:00+05:30,27.69,27.69,26.54,26.67,86457142
2015-07-09 00:00:00+05:30,26.7,27.07,26.33,26.42,65992582
2015-07-10 00:00:00+05:30,26.64,26.79,26.25,26.45,42702183
2015-07-13 00:00:00+05:30,26.7,26.91,26.27,26.79,36495124
2015-07-14 00:00:00+05:30,26.82,27.0,26.42,26.48,36430116
2015-07-15 00:00:00+05:30,26.62,26.82,26.28,26.41,39074736
2015-07-16 00:00:00+05:30,26.85,26.98,26.38,26.44,67040206
2015-07-17 00:00:00+05:30,26.56,26.97,26.37,26.75,68490737
2015-07-20 00:00:00+05:30,26.84,27.09,26.65,26.7,39647447
2015-07-21 00:00:00+05:30,26.75,26.75,25.79,25.87,54104452
2015-07-22 00:00:00+05:30,25.54,26.46,25.3,26.41,62765779
2015-07-23 00:00:00+05:30,25.8,25.85,25.36,25.42,73919400
2015-07-24 00:00:00+05:30,25.4,25.58,24.88,24.96,40460386
2015-07-27 00:00:00+05:30,24.77,24.79,23.55,23.61,81217068
2015-07-28 00:00:00+05:30,23.64,23.77,23.2,23.47,58811911
2015-07-29 00:00:00+05:30,23.64,23.98,23.49,23.6,42512097
2015-07-30 00:00:00+05:30,23.82,23.83,23.31,23.37,54889167
2015-07-31 00:00:00+05:30,23.54,23.8,23.07,23.25,93956109
2015-08-03 00:00:00+05:30,23.25,23.62,23.1,23.35,37762503
2015-08-04 00:00:00+05:30,23.52,24.46,23.17,24.14,103249421
2015-08-05 00:00:00+05:30,24.49,25.29,24.48,24.7,84727752
2015-08-06 00:00:00+05:30,24.71,24.99,24.13,24.58,67712967
2015-08-07 00:00:00+05:30,24.58,24.91,24.5,24.68,40262432
2015-08-10 00:00:00+05:30,24.76,24.96,24.49,24.59,36115791
2015-08-11 00:00:00+05:30,24.48,24.49,23.14,23.24,93734283
2015-08-12 00:00:00+05:30,23.96,24.29,23.18,23.45,161114842
2015-08-13 00:00:00+05:30,23.86,23.91,21.88,22.0,146162334
2015-08-14 00:00:00+05:30,22.06,22.53,21.57,22.38,96262405
2015-08-17 00:00:00+05:30,22.46,23.4,22.06,23.24,90518970
2015-08-18 00:00:00+05:30,23.36,24.0,23.22,23.76,104117461
2015-08-19 00:00:00+05:30,23.55,23.86,23.24,23.52,45703975
2015-08-20 00:00:00+05:30,23.33,23.39,22.65,22.75,49125854
2015-08-21 00:00:00+05:30,22.46,22.46,21.8,22.34,55716994
2015-08-24 00:00:00+05:30,21.59,21.59,19.08,19.41,124361299
2015-08-25 00:00:00+05:30,19.78,20.52,18.84,20.1,150859769
2015-08-26 00:00:00+05:30,20.06,20.69,19.68,20.31,88525099
2015-08-27 00:00:00+05:30,20.72,21.64,20.26,21.32,151074236
2015-08-28 00:00:00+05:30,21.9,22.09,21.02,21.56,99680780
2015-08-31 00:00:00+05:30,21.22,21.54,21.06,21.23,61401154
2015-09-01 00:00:00+05:30,20.91,21.31,20.06,20.37,68759009
2015-09-02 00:00:00+05:30,20.61,21.27,19.8,20.67,94610563
2015-09-03 00:00:00+05:30,21.04,21.91,20.92,21.64,75212561
2015-09-04 00:00:00+05:30,21.56,21.56,20.44,20.61,76771923
2015-09-07 00:00:00+05:30,20.84,21.09,20.26,20.33,52391575
2015-09-08 00:00:00+05:30,20.59,21.94,20.46,21.54,87465731
2015-09-09 00:00:00+05:30,22.22,22.77,21.88,22.55,93699868
2015-09-10 00:00:00+05:30,22.26,22.88,21.81,22.62,77011058
2015-09-11 00:00:00+05:30,22.92,22.93,21.74,21.94,62751837
2015-09-14 00:00:00+05:30,22.04,22.91,22.04,22.77,76021062
2015-09-15 00:00:00+05:30,22.77,22.96,21.52,21.58,97143017
2015-09-16 00:00:00+05:30,21.85,21.98,21.39,21.71,76365820
2015-09-18 00:00:00+05:30,22.04,22.17,21.41,21.48,81017892
2015-09-21 00:00:00+05:30,21.31,21.59,21.01,21.33,57069545
2015-09-22 00:00:00+05:30,21.47,21.56,20.64,20.73,54139462
2015-09-23 00:00:00+05:30,20.19,21.1,20.15,20.81,76397400
2015-09-24 00:00:00+05:30,20.72,20.79,20.18,20.26,59830419
2015-09-28 00:00:00+05:30,20.5,20.57,19.64,19.71,60851857
2015-09-29 00:00:00+05:30,19.31,19.47,18.81,18.97,128334483
2015-09-30 00:00:00+05:30,19.48,20.19,19.35,20.02,98668092
2015-10-01 00:00:00+05:30,20.25,20.29,19.8,19.99,51744734
2015-10-05 00:00:00+05:30,20.24,21.26,20.17,21.19,86238449
2015-10-06 00:00:00+05:30,21.44,21.57,21.01,21.42,78152052
2015-10-07 00:00:00+05:30,21.19,22.38,21.06,22.3,104472605
2015-10-08 00:00:00+05:30,22.4,22.86,22.24,22.68,94671430
2015-10-09 00:00:00+05:30,22.83,23.83,22.81,23.65,111709671
2015-10-12 00:00:00+05:30,24.02,24.67,23.52,23.62,112240917
2015-10-13 00:00:00+05:30,23.35,23.42,22.91,23.07,61814839
2015-10-14 00:00:00+05:30,22.98,23.83,22.94,23.39,66793830
2015-10-15 00:00:00+05:30,23.46,24.22,23.36,24.04,74416676
2015-10-16 00:00:00+05:30,24.1,24.17,23.39,23.82,56561651
2015-10-19 00:00:00+05:30,23.84,23.93,23.24,23.39,47554535
2015-10-20 00:00:00+05:30,23.27,23.44,22.6,22.68,55732571
2015-10-21 00:00:00+05:30,22.76,23.21,22.44,23.02,85398092
2015-10-23 00:00:00+05:30,23.3,23.69,22.99,23.17,53155317
2015-10-26 00:00:00+05:30,23.29,23.69,23.19,23.51,44471638
2015-10-27 00:00:00+05:30,23.43,23.57,22.98,23.16,36142540
2015-10-28 00:00:00+05:30,23.03,23.4,22.98,23.27,36496345
2015-10-29 00:00:00+05:30,23.19,23.68,23.04,23.32,48729754
2015-10-30 00:00:00+05:30,23.39,24.0,23.09,23.22,65552265
2015-11-02 00:00:00+05:30,23.21,23.22,22.25,22.5,52133741
2015-11-03 00:00:00+05:30,22.76,22.88,22.12,22.2,47707562
2015-11-04 00:00:00+05:30,22.52,22.6,22.02,22.17,51621408
2015-11-05 00:00:00+05:30,22.22,22.22,21.12,21.23,93462348
2015-11-06 00:00:00+05:30,20.61,20.89,20.26,20.74,105193161
2015-11-09 00:00:00+05:30,20.25,21.13,20.03,20.93,66607535
2015-11-10 00:00:00+05:30,20.79,20.93,20.45,20.53,48170975
2015-11-11 00:00:00+05:30,20.76,20.88,20.69,20.76,8199390
2015-11-13 00:00:00+05:30,20.6,21.06,20.4,20.97,47008912
2015-11-16 00:00:00+05:30,20.99,21.84,20.74,21.72,73517034
2015-11-17 00:00:00+05:30,21.84,22.2,21.74,22.09,55652283
2015-11-18 00:00:00+05:30,22.05,22.13,21.21,21.27,56105279
2015-11-19 00:00:00+05:30,21.42,21.63,21.25,21.54,38876494
2015-11-20 00:00:00+05:30,21.48,21.92,21.48,21.66,40982032
2015-11-23 00:00:00+05:30,21.74,21.74,21.01,21.14,43562100
2015-11-24 00:00:00+05:30,21.03,21.32,20.95,21.13,44375867
2015-11-26 00:00:00+05:30,21.24,21.66,21.11,21.46,48719571
2015-11-27 00:00:00+05:30,21.46,22.13,21.43,21.78,57267808
2015-11-30 00:00:00+05:30,21.89,22.07,21.55,21.62,48387448
2015-12-01 00:00:00+05:30,21.74,22.46,21.69,22.37,69941395
2015-12-02 00:00:00+05:30,22.6,23.16,22.42,22.96,94064930
2015-12-03 00:00:00+05:30,22.62,22.93,22.3,22.62,75476617
2015-12-04 00:00:00+05:30,22.42,23.0,22.33,22.63,58807855
2015-12-07 00:00:00+05:30,23.05,23.31,22.83,22.94,52418642
2015-12-08 00:00:00+05:30,22.79,22.89,21.99,22.11,48271969
2015-12-09 00:00:00+05:30,22.04,22.21,21.18,21.36,50201958
2015-12-10 00:00:00+05:30,21.4,22.11,21.33,21.94,51021332
2015-12-11 00:00:00+05:30,22.14,22.97,22.14,22.69,126601281
2015-12-14 00:00:00+05:30,22.51,23.44,22.46,23.07,120145467
2015-12-15 00:00:00+05:30,23.26,23.28,22.72,23.01,55417226
2015-12-16 00:00:00+05:30,23.22,23.41,22.8,23.04,61162869
2015-12-17 00:00:00+05:30,23.25,24.29,23.17,24.21,128617334
2015-12-18 00:00:00+05:30,24.16,24.29,23.92,24.08,73738775
2015-12-21 00:00:00+05:30,24.06,24.62,23.98,24.34,65785633
2015-12-22 00:00:00+05:30,24.39,24.65,24.16,24.24,48254289
2015-12-23 00:00:00+05:30,24.7,25.09,24.7,24.9,81795131
2015-12-24 00:00:00+05:30,25.05,25.05,24.54,24.8,40816284
2015-12-28 00:00:00+05:30,24.86,24.89,23.83,23.93,56466411
2015-12-29 00:00:00+05:30,24.09,24.22,23.86,24.04,40356779
2015-12-30 00:00:00+05:30,24.15,24.65,24.02,24.36,72342612
2015-12-31 00:00:00+05:30,24.49,24.56,24.2,24.47,47218261
2016-01-01 00:00:00+05:30,24.39,24.48,23.86,24.24,33465682
2016-01-04 00:00:00+05:30,24.01,24.79,23.84,24.19,74133697
2016-01-05 00:00:00+05:30,24.25,26.03,24.25,25.83,159375885
2016-01-06 00:00:00+05:30,25.69,25.86,25.05,25.31,79159813
2016-01-07 00:00:00+05:30,24.77,24.8,23.37,23.53,100917566
2016-01-08 00:00:00+05:30,23.73,24.14,23.45,23.88,66892404
2016-01-11 00:00:00+05:30,23.26,23.86,23.0,23.7,64618909
2016-01-12 00:00:00+05:30,23.83,24.04,22.9,23.14,57610422
2016-01-13 00:00:00+05:30,23.4,23.71,22.32,23.22,79454515
2016-01-14 00:00:00+05:30,22.13,22.84,21.8,22.48,94345435
2016-01-15 00:00:00+05:30,22.84,22.88,21.48,21.63,63623742
2016-01-18 00:00:00+05:30,21.64,22.98,21.21,22.22,89382436
2016-01-19 00:00:00+05:30,22.37,22.69,21.78,22.41,66941643
2016-01-20 00:00:00+05:30,21.92,22.04,21.33,21.85,58263050
2016-01-21 00:00:00+05:30,22.1,22.54,21.78,22.19,66317409
2016-01-22 00:00:00+05:30,22.44,23.62,22.38,23.34,69136102
2016-01-25 00:00:00+05:30,23.45,24.15,23.43,24.0,59215880
2016-01-27 00:00:00+05:30,24.01,24.48,23.86,24.26,66214928
2016-01-28 00:00:00+05:30,24.2,24.34,23.77,23.94,63889837
2016-01-29 00:00:00+05:30,23.98,24.37,23.3,23.52,71654910
2016-02-01 00:00:00+05:30,23.44,24.01,23.21,23.48,46942460
2016-02-02 00:00:00+05:30,23.57,23.64,21.67,21.8,89075044
2016-02-03 00:00:00+05:30,21.46,22.03,20.85,21.09,82736174
2016-02-04 00:00:00+05:30,21.13,21.53,20.62,21.28,124339350
2016-02-05 00:00:00+05:30,20.34,22.44,20.34,22.02,273999680
2016-02-08 00:00:00+05:30,22.47,22.97,21.85,22.05,109717542
2016-02-09 00:00:00+05:30,21.74,22.35,21.67,22.18,80307976
2016-02-10 00:00:00+05:30,22.12,22.39,21.39,22.2,80872659
2016-02-11 00:00:00+05:30,22.22,22.35,20.8,21.14,65323006
2016-02-12 00:00:00+05:30,21.28,21.6,19.88,20.48,99537459
2016-02-15 00:00:00+05:30,20.91,23.35,20.91,23.23,144439676
2016-02-16 00:00:00+05:30,23.51,23.69,22.9,23.06,97127853
2016-02-17 00:00:00+05:30,23.07,23.82,22.41,23.66,88086949
2016-02-18 00:00:00+05:30,24.01,24.16,22.9,23.62,100446190
2016-02-19 00:00:00+05:30,23.4,23.96,23.25,23.85,71895457
2016-02-22 00:00:00+05:30,23.88,24.25,23.7,24.04,51079714
2016-02-23 00:00:00+05:30,24.09,24.64,23.74,23.88,89753423
2016-02-24 00:00:00+05:30,23.6,23.9,23.26,23.35,50373440
2016-02-25 00:00:00+05:30,23.27,23.53,23.03,23.37,59339323
2016-02-26 00:00:00+05:30,23.5,23.7,22.9,23.4,56670504
2016-02-29 00:00:00+05:30,23.25,24.83,23.08,23.46,104599244
2016-03-01 00:00:00+05:30,23.54,24.31,23.22,24.21,75512286
2016-03-02 00:00:00+05:30,24.49,25.38,24.44,25.2,81186879
2016-03-03 00:00:00+05:30,25.71,27.22,25.62,27.03,186179250
2016-03-04 00:00:00+05:30,27.22,27.42,26.79,27.17,97375642
2016-03-08 00:00:00+05:30,27.1,27.94,27.03,27.48,98558910
2016-03-09 00:00:00+05:30,26.7,27.92,26.49,27.82,107869774
2016-03-10 00:00:00+05:30,27.9,28.37,27.62,27.94,90864249
2016-03-11 00:00:00+05:30,27.88,28.08,27.34,27.69,81059963
2016-03-14 00:00:00+05:30,27.87,28.28,27.8,27.94,47203681
2016-03-15 00:00:00+05:30,27.97,28.44,27.7,28.29,74098134
2016-03-16 00:00:00+05:30,28.25,28.51,27.71,28.2,74749286
2016-03-17 00:00:00+05:30,28.68,28.78,27.77,27.87,85008628
2016-03-18 00:00:00+05:30,28.22,28.51,27.96,28.46,77670673
2016-03-21 00:00:00+05:30,28.44,28.81,28.31,28.59,60014059
2016-03-22 00:00:00+05:30,28.54,29.36,28.38,29.17,69861447
2016-03-23 00:00:00+05:30,29.36,29.94,29.25,29.87,67723926
2016-03-28 00:00:00+05:30,29.98,29.98,28.01,28.17,96309690
2016-03-29 00:00:00+05:30,28.25,28.98,28.25,28.61,63045201
2016-03-30 00:00:00+05:30,29.14,30.68,28.75,30.54,132085480
2016-03-31 00:00:00+05:30,30.6,30.6,29.61,30.11,141759431
2016-04-01 00:00:00+05:30,29.91,30.12,29.51,29.92,59146604
2016-04-04 00:00:00+05:30,29.74,30.43,29.64,30.17,54876817
2016-04-05 00:00:00+05:30,29.85,30.08,29.03,29.41,60773756
2016-04-06 00:00:00+05:30,29.66,31.27,29.53,30.94,154938694
2016-04-07 00:00:00+05:30,31.07,31.34,30.33,30.48,91421585
2016-04-08 00:00:00+05:30,30.42,30.59,30.05,30.33,64572081
2016-04-11 00:00:00+05:30,30.32,31.39,30.14,31.19,95726169
2016-04-12 00:00:00+05:30,30.5,31.16,29.95,30.56,117977268
2016-04-13 00:00:00+05:30,30.84,31.66,30.7,31.35,109207566
2016-04-18 00:00:00+05:30,31.26,31.76,30.86,31.6,76380485
2016-04-20 00:00:00+05:30,31.83,33.84,31.8,33.66,195195827
2016-04-21 00:00:00+05:30,33.79,34.28,33.25,33.39,109910867
2016-04-22 00:00:00+05:30,33.71,34.26,33.18,33.3,128442953
2016-04-25 00:00:00+05:30,33.2,33.31,32.45,32.72,65407457
2016-04-26 00:00:00+05:30,32.69,33.96,32.69,33.77,88616622
2016-04-27 00:00:00+05:30,33.8,34.13,33.35,33.6,64004902
2016-04-28 00:00:00+05:30,33.62,34.09,32.6,32.73,107028165
2016-04-29 00:00:00+05:30,32.74,33.33,32.27,33.06,82874526
2016-05-02 00:00:00+05:30,32.87,33.05,32.43,32.67,44400216
2016-05-03 00:00:00+05:30,32.84,33.49,32.68,32.86,67691103
2016-05-04 00:00:00+05:30,32.58,32.7,30.83,30.96,84499258
2016-05-05 00:00:00+05:30,30.98,31.53,30.53,31.25,88517305
2016-05-06 00:00:00+05:30,31.08,31.22,30.62,31.01,56946368
2016-05-09 00:00:00+05:30,31.08,31.54,30.81,30.95,49466302
2016-05-10 00:00:00+05:30,31.16,31.76,30.62,30.89,114152439
2016-05-11 00:00:00+05:30,30.13,31.27,30.06,31.06,60396281
2016-05-12 00:00:00+05:30,31.19,31.28,30.76,31.13,49978540
2016-05-13 00:00:00+05:30,30.79,31.02,30.25,30.38,59492116
2016-05-16 00:00:00+05:30,30.42,30.82,30.08,30.74,41740231
2016-05-17 00:00:00+05:30,30.96,31.19,30.55,30.81,51816931
2016-05-18 00:00:00+05:30,30.67,31.1,30.43,30.99,39921474
2016-05-19 00:00:00+05:30,30.75,31.77,30.61,30.72,69135741
2016-05-20 00:00:00+05:30,30.72,30.8,30.24,30.38,48964004
2016-05-23 00:00:00+05:30,30.58,30.68,29.43,29.53,67930227
2016-05-24 00:00:00+05:30,29.52,29.99,29.31,29.92,53336717
2016-05-25 00:00:00+05:30,30.14,30.75,29.96,30.57,58656729
2016-05-26 00:00:00+05:30,30.14,31.02,30.14,30.63,136901367
2016-05-27 00:00:00+05:30,30.7,31.27,30.56,31.04,46770033
2016-05-30 00:00:00+05:30,31.27,31.51,30.27,30.36,70275896
2016-05-31 00:00:00+05:30,30.56,31.78,30.16,31.49,106633540
2016-06-01 00:00:00+05:30,31.63,31.98,31.02,31.28,68841644
2016-06-02 00:00:00+05:30,31.27,32.2,31.11,32.08,59178078
2016-06-03 00:00:00+05:30,32.4,32.8,31.68,31.88,93788864
2016-06-06 00:00:00+05:30,31.55,32.08,31.28,31.82,52772862
2016-06-07 00:00:00+05:30,31.98,32.38,31.74,32.26,41398446
2016-06-08 00:00:00+05:30,32.32,32.63,31.88,32.16,47430211
2016-06-09 00:00:00+05:30,32.02,32.65,32.02,32.21,63031906
2016-06-10 00:00:00+05:30,32.21,32.44,31.41,31.49,58471326
2016-06-13 00:00:00+05:30,30.92,31.07,30.23,30.43,69836142
2016-06-14 00:00:00+05:30,30.61,30.84,30.26,30.6,42565934
2016-06-15 00:00:00+05:30,30.71,31.22,30.49,31.1,43899840
2016-06-16 00:00:00+05:30,31.03,31.41,30.52,31.12,68925256
2016-06-17 00:00:00+05:30,31.36,31.41,30.49,30.65,60557431
2016-06-20 00:00:00+05:30,30.55,31.73,30.4,31.67,65844089
2016-06-21 00:00:00+05:30,31.64,31.8,31.34,31.46,37069524
2016-06-22 00:00:00+05:30,31.45,31.45,30.8,31.31,49133893
2016-06-23 00:00:00+05:30,31.22,31.64,30.85,31.45,49743441
2016-06-24 00:00:00+05:30,28.92,29.8,27.9,29.44,153023635
2016-06-27 00:00:00+05:30,29.17,29.43,28.96,29.24,69861553
2016-06-28 00:00:00+05:30,29.33,29.61,28.91,29.33,84165075
2016-06-29 00:00:00+05:30,29.57,29.85,29.44,29.53,59634991
2016-06-30 00:00:00+05:30,29.73,30.54,29.68,30.32,67877494
2016-07-01 00:00:00+05:30,30.75,31.16,30.74,30.9,53032671
2016-07-04 00:00:00+05:30,30.95,31.44,30.88,31.19,34328232
2016-07-05 00:00:00+05:30,31.31,31.77,31.1,31.42,41873847
2016-07-07 00:00:00+05:30,31.47,31.76,29.79,29.92,107533681
2016-07-08 00:00:00+05:30,29.66,30.08,29.39,29.98,82449012
2016-07-11 00:00:00+05:30,30.61,31.05,30.1,30.79,81684250
2016-07-12 00:00:00+05:30,31.07,32.38,30.98,32.24,104983122
2016-07-13 00:00:00+05:30,32.46,33.78,32.42,33.69,141715863
2016-07-14 00:00:00+05:30,33.79,34.03,33.28,33.84,84640678
2016-07-15 00:00:00+05:30,33.84,35.26,33.6,35.12,142622140
2016-07-18 00:00:00+05:30,35.17,35.73,34.23,34.43,81736887
2016-07-19 00:00:00+05:30,34.65,35.0,34.12,34.87,87562670
2016-07-20 00:00:00+05:30,35.05,35.13,34.51,34.7,62727223
2016-07-21 00:00:00+05:30,34.84,34.84,34.01,34.12,56739759
2016-07-22 00:00:00+05:30,34.12,34.74,33.57,34.42,78291041
2016-07-25 00:00:00+05:30,34.37,34.64,34.1,34.25,60276608
2016-07-26 00:00:00+05:30,34.27,35.31,34.19,34.64,82813065
2016-07-27 00:00:00+05:30,34.74,34.89,33.35,34.19,109999576
2016-07-28 00:00:00+05:30,33.71,33.83,32.83,32.95,111780424
2016-07-29 00:00:00+05:30,33.06,33.81,33.06,33.44,88658301
2016-08-01 00:00:00+05:30,33.54,34.52,33.36,34.36,107061731
2016-08-02 00:00:00+05:30,34.51,34.91,33.91,34.08,86096858
2016-08-03 00:00:00+05:30,34.34,34.51,33.42,33.72,61023392
2016-08-04 00:00:00+05:30,33.94,35.31,33.66,35.2,102357978
2016-08-05 00:00:00+05:30,35.6,36.07,35.46,35.95,96820536
2016-08-08 00:00:00+05:30,36.01,36.21,35.43,35.74,70746445
2016-08-09 00:00:00+05:30,35.69,36.02,35.18,35.35,59661899
2016-08-10 00:00:00+05:30,35.59,35.73,34.67,34.87,48782604
2016-08-11 00:00:00+05:30,34.87,35.18,34.04,34.69,46929835
2016-08-12 00:00:00+05:30,34.84,35.63,34.78,35.29,46839480
2016-08-16 00:00:00+05:30,35.31,35.88,35.13,35.71,64818160
2016-08-17 00:00:00+05:30,35.78,37.01,35.78,36.9,99318500
2016-08-18 00:00:00+05:30,36.96,37.09,36.27,36.46,62867188
2016-08-19 00:00:00+05:30,36.65,37.17,36.12,36.93,95008172
2016-08-22 00:00:00+05:30,36.87,36.87,36.21,36.55,59076637
2016-08-23 00:00:00+05:30,36.53,36.82,35.61,36.27,71366824
2016-08-24 00:00:00+05:30,36.31,36.47,35.67,35.78,45255683
2016-08-25 00:00:00+05:30,35.95,36.0,34.89,35.06,50690601
2016-08-26 00:00:00+05:30,35.31,35.4,34.59,34.79,45785782
2016-08-29 00:00:00+05:30,34.74,35.36,34.63,35.2,39483037
2016-08-30 00:00:00+05:30,35.35,35.74,35.31,35.57,40398330
2016-08-31 00:00:00+05:30,35.6,35.91,34.73,34.85,48106742
2016-09-01 00:00:00+05:30,34.97,35.57,34.8,35.28,47289608
2016-09-02 00:00:00+05:30,35.4,35.43,34.88,35.24,29990485
2016-09-06 00:00:00+05:30,35.31,36.42,35.26,36.33,61891421
2016-09-07 00:00:00+05:30,36.45,37.12,36.41,36.72,73959825
2016-09-08 00:00:00+05:30,36.75,38.48,36.75,37.95,119298866
2016-09-09 00:00:00+05:30,38.13,38.32,37.03,37.16,63317986
2016-09-12 00:00:00+05:30,36.26,36.34,34.9,35.15,71329977
2016-09-14 00:00:00+05:30,34.84,35.6,34.2,35.21,117925066
2016-09-15 00:00:00+05:30,35.22,35.32,34.26,34.51,51766800
2016-09-16 00:00:00+05:30,34.8,35.02,33.68,33.79,64516831
2016-09-19 00:00:00+05:30,33.9,34.27,33.46,34.06,54385074
2016-09-20 00:00:00+05:30,34.31,34.84,33.83,34.43,60503583
2016-09-21 00:00:00+05:30,34.4,35.08,34.4,34.83,72939799
2016-09-22 00:00:00+05:30,35.57,35.77,35.11,35.53,70820797
2016-09-23 00:00:00+05:30,35.54,35.64,34.94,35.03,47379464
2016-09-26 00:00:00+05:30,34.97,35.46,34.69,34.82,46208928
2016-09-27 00:00:00+05:30,35.09,35.28,34.52,34.65,46764702
2016-09-28 00:00:00+05:30,34.68,35.99,34.68,35.82,67311876
2016-09-29 00:00:00+05:30,36.1,36.15,34.37,34.73,141877947
2016-09-30 00:00:00+05:30,34.64,35.55,34.21,35.24,58468469
2016-10-03 00:00:00+05:30,35.49,36.24,35.44,36.05,47580572
2016-10-04 00:00:00+05:30,36.35,37.01,36.01,36.84,90508139
2016-10-05 00:00:00+05:30,37.22,37.34,36.63,36.79,54738052
2016-10-06 00:00:00+05:30,36.99,37.28,36.4,36.71,82087475
2016-10-07 00:00:00+05:30,37.0,38.38,36.75,38.29,123287691
2016-10-10 00:00:00+05:30,38.6,39.62,38.52,39.4,123627374
2016-10-13 00:00:00+05:30,38.99,39.59,38.5,38.97,117932319
2016-10-14 00:00:00+05:30,39.18,39.32,38.56,38.83,56018014
2016-10-17 00:00:00+05:30,38.82,39.16,38.38,38.69,71282936
2016-10-18 00:00:00+05:30,39.03,40.16,38.81,40.02,80541939
2016-10-19 00:00:00+05:30,40.12,40.28,39.67,40.12,52814679
2016-10-20 00:00:00+05:30,40.28,40.67,40.05,40.36,53758940
2016-10-21 00:00:00+05:30,40.21,40.35,39.71,40.23,43798919
2016-10-24 00:00:00+05:30,40.25,40.63,40.02,40.12,30603091
2016-10-25 00:00:00+05:30,38.61,39.48,38.46,39.11,92351171
2016-10-26 00:00:00+05:30,39.02,39.44,36.81,37.54,88161875
2016-10-27 00:00:00+05:30,36.54,37.67,36.1,37.4,145580119
2016-10-28 00:00:00+05:30,37.55,38.28,37.42,38.18,72081794
2016-10-30 00:00:00+05:30,38.33,38.42,37.9,38.11,6765870
2016-11-01 00:00:00+05:30,38.13,39.92,37.77,39.34,100599184
2016-11-02 00:00:00+05:30,38.23,39.21,38.23,38.93,78686504
2016-11-03 00:00:00+05:30,38.71,39.52,37.54,37.98,90197254
2016-11-04 00:00:00+05:30,38.04,38.38,37.5,37.96,54116356
2016-11-07 00:00:00+05:30,38.26,39.11,38.26,38.86,47957686
2016-11-08 00:00:00+05:30,38.99,39.12,38.19,38.48,34547201
2016-11-09 00:00:00+05:30,35.79,38.04,35.5,37.61,62780667
2016-11-10 00:00:00+05:30,38.42,41.37,38.42,41.15,115723429
2016-11-11 00:00:00+05:30,40.73,41.58,39.93,40.16,92735707
2016-11-15 00:00:00+05:30,38.75,39.36,36.82,37.01,98260725
2016-11-16 00:00:00+05:30,37.39,37.8,35.87,36.99,87399884
2016-11-17 00:00:00+05:30,37.06,37.54,36.44,36.99,46316443
2016-11-18 00:00:00+05:30,36.73,38.84,35.9,36.27,49484906
2016-11-21 00:00:00+05:30,36.3,36.69,34.5,34.98,69725548
2016-11-22 00:00:00+05:30,35.48,35.76,35.11,35.6,43998106
2016-11-23 00:00:00+05:30,35.88,37.18,35.79,36.98,54412757
2016-11-24 00:00:00+05:30,36.45,37.74,36.31,37.5,75574416
2016-11-25 00:00:00+05:30,37.58,38.94,37.43,38.49,75292106
2016-11-28 00:00:00+05:30,38.41,38.77,37.9,38.29,49687320
2016-11-29 00:00:00+05:30,39.08,39.33,38.4,38.51,63875088
2016-11-30 00:00:00+05:30,38.58,39.18,38.07,39.09,57112010
2016-12-01 00:00:00+05:30,39.3,39.41,38.4,38.57,32640520
2016-12-02 00:00:00+05:30,38.22,38.79,38.08,38.27,38473184
2016-12-05 00:00:00+05:30,38.38,39.04,38.1,38.94,37166792
2016-12-06 00:00:00+05:30,38.99,39.62,38.8,39.41,41237572
2016-12-07 00:00:00+05:30,39.49,39.68,38.49,38.79,49911875
2016-12-08 00:00:00+05:30,39.34,40.75,39.27,40.62,100301414
2016-12-09 00:00:00+05:30,40.75,41.0,40.34,40.55,43478785
2016-12-12 00:00:00+05:30,40.39,40.54,39.85,39.95,26457640
2016-12-13 00:00:00+05:30,40.4,40.4,39.32,39.66,33928563
2016-12-14 00:00:00+05:30,39.74,40.14,39.25,39.34,34481917
2016-12-15 00:00:00+05:30,39.14,40.25,38.88,39.49,47297816
2016-12-16 00:00:00+05:30,39.82,39.82,38.85,38.99,37674123
2016-12-19 00:00:00+05:30,38.71,39.2,38.53,38.64,24926258
2016-12-20 00:00:00+05:30,38.78,38.99,37.77,38.0,37601820
2016-12-21 00:00:00+05:30,38.14,38.45,37.8,38.09,29172895
2016-12-22 00:00:00+05:30,38.09,38.22,36.75,36.93,43371770
2016-12-23 00:00:00+05:30,37.06,37.25,36.45,36.81,42391415
2016-12-26 00:00:00+05:30,36.59,36.69,35.64,35.8,34321032
2016-12-27 00:00:00+05:30,35.97,37.17,35.54,36.95,41349823
2016-12-28 00:00:00+05:30,37.04,37.08,36.4,36.58,41839814
2016-12-29 00:00:00+05:30,36.59,37.09,36.47,36.95,36337521
2016-12-30 00:00:00+05:30,37.01,37.24,36.55,36.85,32440495
2017-01-02 00:00:00+05:30,37.05,38.46,36.62,38.3,59232722
2017-01-03 00:00:00+05:30,38.33,38.51,37.79,37.98,35453925
2017-01-04 00:00:00+05:30,38.06,38.52,37.8,38.18,35509535
2017-01-05 00:00:00+05:30,38.53,39.79,38.36,39.49,76415442
2017-01-06 00:00:00+05:30,39.6,40.06,39.14,39.51,43941189
2017-01-09 00:00:00+05:30,39.9,39.95,39.49,39.74,33159883
2017-01-10 00:00:00+05:30,39.81,40.73,39.8,40.67,54352729
2017-01-11 00:00:00+05:30,40.99,42.47,40.93,42.21,121385513
2017-01-12 00:00:00+05:30,42.28,42.49,41.74,42.15,56932118
2017-01-13 00:00:00+05:30,42.38,42.42,41.55,42.03,44940126
2017-01-16 00:00:00+05:30,41.84,43.27,41.74,43.17,70890201
2017-01-17 00:00:00+05:30,43.23,43.28,42.46,42.78,35495455
2017-01-18 00:00:00+05:30,42.83,44.26,42.78,44.11,96810364
2017-01-19 00:00:00+05:30,44.14,44.15,43.54,43.99,36582304
2017-01-20 00:00:00+05:30,43.88,44.05,42.62,42.8,52321958
2017-01-23 00:00:00+05:30,42.46,43.7,42.43,43.49,46191269
2017-01-24 00:00:00+05:30,43.51,43.93,43.18,43.72,39626910
2017-01-25 00:00:00+05:30,43.98,44.9,43.89,44.21,66978479
2017-01-27 00:00:00+05:30,44.25,44.62,43.64,44.2,52853883
2017-01-30 00:00:00+05:30,44.12,44.12,43.33,43.51,35283419
2017-01-31 00:00:00+05:30,43.34,44.39,43.33,43.61,48249139
2017-02-01 00:00:00+05:30,43.7,44.82,43.05,44.69,59174180
2017-02-02 00:00:00+05:30,44.59,45.29,43.91,44.92,63586279
2017-02-03 00:00:00+05:30,44.91,45.2,44.09,44.53,56117479
2017-02-06 00:00:00+05:30,44.68,44.98,44.18,44.58,51042909
2017-02-07 00:00:00+05:30,44.74,45.18,44.27,44.53,51358944
2017-02-08 00:00:00+05:30,45.67,45.71,44.02,44.32,119858485
2017-02-09 00:00:00+05:30,44.23,44.58,42.99,43.31,68870676
2017-02-10 00:00:00+05:30,43.98,44.43,43.37,44.09,84016466
2017-02-13 00:00:00+05:30,44.56,44.92,44.27,44.51,52018889
2017-02-14 00:00:00+05:30,44.63,44.72,43.89,44.49,34528968
2017-02-15 00:00:00+05:30,44.52,44.71,43.06,43.33,44903576
2017-02-16 00:00:00+05:30,43.76,44.4,42.91,44.26,51186262
2017-02-17 00:00:00+05:30,44.48,44.72,43.95,44.09,41648008
2017-02-20 00:00:00+05:30,44.07,46.05,43.77,45.87,89634471
2017-02-21 00:00:00+05:30,46.05,46.7,45.67,46.23,85626533
2017-02-22 00:00:00+05:30,46.19,46.28,45.26,45.58,53205597
2017-02-23 00:00:00+05:30,45.68,45.95,45.03,45.74,51081084
2017-02-27 00:00:00+05:30,45.69,45.97,45.16,45.26,28998589
2017-02-28 00:00:00+05:30,45.34,45.74,45.25,45.46,36134374
2017-03-01 00:00:00+05:30,45.67,47.32,45.52,47.12,81940289
2017-03-02 00:00:00+05:30,47.27,47.61,46.36,46.58,60766291
2017-03-03 00:00:00+05:30,46.57,46.87,46.1,46.63,35656700
2017-03-06 00:00:00+05:30,46.63,47.18,46.17,46.4,44104197
2017-03-07 00:00:00+05:30,46.47,46.52,45.26,45.39,54401873
2017-03-08 00:00:00+05:30,45.66,45.81,44.27,44.49,63025556
2017-03-09 00:00:00+05:30,44.44,44.77,44.04,44.21,47739609
2017-03-10 00:00:00+05:30,44.12,44.68,43.53,44.05,48035076
2017-03-14 00:00:00+05:30,45.11,45.11,44.3,44.5,59099403
2017-03-15 00:00:00+05:30,44.63,45.2,44.3,45.11,59060029
2017-03-16 00:00:00+05:30,45.66,47.18,45.39,47.05,110347403
2017-03-17 00:00:00+05:30,47.45,47.91,46.91,47.29,72210770
2017-03-20 00:00:00+05:30,47.32,47.34,46.33,46.77,42427615
2017-03-21 00:00:00+05:30,46.79,47.21,46.37,46.75,52750573
2017-03-22 00:00:00+05:30,46.14,46.5,45.81,45.97,49402112
2017-03-23 00:00:00+05:30,45.91,46.77,45.91,46.66,43822896
2017-03-24 00:00:00+05:30,46.71,47.08,46.25,46.45,32728136
2017-03-27 00:00:00+05:30,46.4,46.4,44.7,44.87,65729556
2017-03-28 00:00:00+05:30,44.97,45.45,44.92,45.22,46685773
2017-03-29 00:00:00+05:30,45.39,45.66,45.23,45.62,34662892
2017-03-30 00:00:00+05:30,45.62,45.8,44.81,44.97,49297029
2017-03-31 00:00:00+05:30,45.26,45.76,45.11,45.46,34142520
2017-04-03 00:00:00+05:30,45.77,46.14,45.47,45.75,33345541
2017-04-05 00:00:00+05:30,45.96,46.92,45.83,46.46,52240544
2017-04-06 00:00:00+05:30,46.49,47.5,45.58,47.24,53719003
2017-04-07 00:00:00+05:30,47.17,47.68,46.21,46.45,57128490
2017-04-10 00:00:00+05:30,46.8,46.97,46.18,46.65,31777970
2017-04-11 00:00:00+05:30,46.66,46.71,45.8,45.97,43374254
2017-04-12 00:00:00+05:30,46.18,46.38,44.83,44.96,53175737
2017-04-13 00:00:00+05:30,44.68,45.13,43.53,43.65,62730069
2017-04-17 00:00:00+05:30,43.33,44.06,43.3,43.55,40222717
2017-04-18 00:00:00+05:30,43.99,44.64,42.19,42.37,77593570
2017-04-19 00:00:00+05:30,42.19,42.9,41.63,42.45,100104213
2017-04-20 00:00:00+05:30,42.45,42.92,42.21,42.79,42715648
2017-04-21 00:00:00+05:30,43.32,43.39,42.29,42.46,49313212
2017-04-24 00:00:00+05:30,42.57,42.81,42.1,42.44,52628118
2017-04-25 00:00:00+05:30,42.7,43.12,42.5,42.82,45131423
2017-04-26 00:00:00+05:30,43.03,43.63,42.45,42.74,49636658
2017-04-27 00:00:00+05:30,42.75,42.83,41.81,41.99,65729205
2017-04-28 00:00:00+05:30,42.19,43.2,41.99,42.31,66432155
2017-05-02 00:00:00+05:30,42.47,42.75,41.76,41.91,49792924
2017-05-03 00:00:00+05:30,42.12,42.37,41.21,41.51,53187396
2017-05-04 00:00:00+05:30,42.1,42.19,41.07,41.67,69401135
2017-05-05 00:00:00+05:30,41.58,41.58,40.31,40.83,60546812
2017-05-08 00:00:00+05:30,40.87,41.1,40.32,40.67,58568976
2017-05-09 00:00:00+05:30,40.68,41.44,40.61,40.82,50321281
2017-05-10 00:00:00+05:30,40.99,41.3,40.79,41.2,37589598
2017-05-11 00:00:00+05:30,41.5,41.94,41.41,41.54,58754337
2017-05-12 00:00:00+05:30,41.66,41.8,40.74,41.13,61551653
2017-05-15 00:00:00+05:30,41.25,43.03,41.23,42.95,103583625
2017-05-16 00:00:00+05:30,43.61,43.7,42.88,42.99,109361952
2017-05-17 00:00:00+05:30,44.26,46.99,43.87,46.51,524643996
2017-05-18 00:00:00+05:30,45.97,46.77,45.54,45.79,141976574
2017-05-19 00:00:00+05:30,46.14,46.71,45.23,46.1,96365364
2017-05-22 00:00:00+05:30,46.41,46.8,45.61,45.81,66075652
2017-05-23 00:00:00+05:30,46.06,46.79,44.98,46.18,103847511
2017-05-24 00:00:00+05:30,46.38,46.62,45.34,45.52,76884089
2017-05-25 00:00:00+05:30,45.67,45.87,44.89,45.65,68610400
2017-05-26 00:00:00+05:30,45.85,48.49,45.74,48.19,172450552
2017-05-29 00:00:00+05:30,48.23,49.03,47.67,47.81,71914262
2017-05-30 00:00:00+05:30,47.88,48.4,47.49,48.2,43347262
2017-05-31 00:00:00+05:30,48.04,48.5,47.32,47.53,46354267
2017-06-01 00:00:00+05:30,47.53,47.84,46.52,46.82,41268558
2017-06-02 00:00:00+05:30,47.27,47.39,45.96,46.33,60327217
2017-06-05 00:00:00+05:30,46.43,47.08,45.86,46.27,50361292
2017-06-06 00:00:00+05:30,46.51,46.76,46.0,46.17,43786962
2017-06-07 00:00:00+05:30,46.31,46.55,45.86,46.22,34906008
2017-06-08 00:00:00+05:30,47.37,48.16,46.86,46.99,126664261
2017-06-09 00:00:00+05:30,46.94,47.87,46.7,47.75,67247855
2017-06-12 00:00:00+05:30,47.81,48.42,47.6,47.88,56101785
2017-06-13 00:00:00+05:30,47.93,48.3,47.6,47.9,63347018
2017-06-14 00:00:00+05:30,47.84,48.0,47.19,47.34,49867011
2017-06-15 00:00:00+05:30,47.16,47.7,47.02,47.33,43303512
2017-06-16 00:00:00+05:30,47.46,47.81,47.19,47.27,36368294
2017-06-19 00:00:00+05:30,48.06,49.03,47.79,48.93,101875526
2017-06-20 00:00:00+05:30,49.35,49.5,49.02,49.19,62775835
2017-06-21 00:00:00+05:30,49.09,49.31,48.57,48.75,45245224
2017-06-22 00:00:00+05:30,49.06,49.19,48.22,48.5,40488536
2017-06-23 00:00:00+05:30,48.4,48.4,47.34,47.77,42427965
2017-06-27 00:00:00+05:30,48.03,48.39,47.44,48.11,48273785
2017-06-28 00:00:00+05:30,48.22,49.24,47.97,49.03,73227812
2017-06-29 00:00:00+05:30,49.43,50.53,49.16,50.39,102491625
2017-06-30 00:00:00+05:30,50.33,51.6,49.92,51.39,89933177
2017-07-03 00:00:00+05:30,51.37,52.11,51.05,51.85,68468225
2017-07-04 00:00:00+05:30,51.9,52.22,51.27,51.56,53516503
2017-07-05 00:00:00+05:30,51.27,52.03,51.23,51.79,50182536
2017-07-06 00:00:00+05:30,51.8,52.5,51.7,52.23,69091832
2017-07-07 00:00:00+05:30,52.08,52.26,51.88,52.11,43537284
2017-07-10 00:00:00+05:30,52.63,52.89,51.71,52.68,11569036
2017-07-11 00:00:00+05:30,52.77,52.92,52.28,52.44,52167434
2017-07-12 00:00:00+05:30,52.74,52.85,52.27,52.65,43122749
2017-07-13 00:00:00+05:30,53.21,53.3,52.76,53.11,45155888
2017-07-14 00:00:00+05:30,53.2,53.2,52.43,52.59,49671329
2017-07-17 00:00:00+05:30,52.93,53.09,52.46,52.72,26126951
2017-07-18 00:00:00+05:30,52.51,53.58,52.45,53.05,36552858
2017-07-19 00:00:00+05:30,53.11,53.9,53.05,53.79,34892724
2017-07-20 00:00:00+05:30,52.95,53.09,52.38,52.47,34622477
2017-07-21 00:00:00+05:30,52.55,52.55,51.2,52.1,34988845
2017-07-24 00:00:00+05:30,52.21,52.21,51.55,51.65,22941254
2017-07-25 00:00:00+05:30,51.69,52.18,51.68,52.07,30159090
2017-07-26 00:00:00+05:30,52.27,53.49,52.18,53.28,75259443
2017-07-27 00:00:00+05:30,53.39,53.54,52.56,52.85,42678833
2017-07-28 00:00:00+05:30,52.81,52.81,51.65,51.97,25609107
2017-07-31 00:00:00+05:30,52.1,53.81,52.1,53.41,59726716
2017-08-01 00:00:00+05:30,53.65,54.17,53.55,53.9,54061531
2017-08-02 00:00:00+05:30,53.96,54.04,53.25,53.61,31725025
2017-08-03 00:00:00+05:30,53.4,53.52,52.51,52.67,34898023
2017-08-04 00:00:00+05:30,52.68,54.7,52.67,54.23,35713925
2017-08-07 00:00:00+05:30,55.09,56.66,55.0,56.51,116943480
2017-08-08 00:00:00+05:30,57.47,58.91,57.07,58.05,212864599
2017-08-09 00:00:00+05:30,58.01,58.42,56.74,56.98,55245192
2017-08-10 00:00:00+05:30,56.96,57.89,56.32,56.91,81594861
2017-08-11 00:00:00+05:30,56.5,57.06,55.68,56.2,91101387
2017-08-14 00:00:00+05:30,57.2,58.91,56.97,58.74,90853121
2017-08-16 00:00:00+05:30,58.86,59.58,58.43,59.44,77839012
2017-08-17 00:00:00+05:30,59.34,59.99,58.77,58.9,49022598
2017-08-18 00:00:00+05:30,58.62,59.21,58.4,58.92,35957242
2017-08-21 00:00:00+05:30,59.6,60.14,58.3,58.53,44340125
2017-08-22 00:00:00+05:30,59.32,59.32,57.86,58.35,39190682
2017-08-23 00:00:00+05:30,58.76,59.94,58.06,59.76,41613189
2017-08-24 00:00:00+05:30,59.89,60.32,59.39,60.18,52130725
2017-08-28 00:00:00+05:30,60.28,60.54,59.5,59.88,37864093
2017-08-29 00:00:00+05:30,59.85,60.31,59.14,59.35,36563286
2017-08-30 00:00:00+05:30,59.8,60.4,59.72,60.14,37422268
2017-09-01 00:00:00+05:30,60.27,61.47,60.18,61.33,65330493
2017-09-04 00:00:00+05:30,61.31,61.37,60.41,60.89,25605231
2017-09-05 00:00:00+05:30,60.99,61.63,60.95,61.41,33649205
2017-09-06 00:00:00+05:30,60.94,61.79,60.79,61.5,28951728
2017-09-07 00:00:00+05:30,61.87,61.87,61.24,61.48,26593528
2017-09-08 00:00:00+05:30,61.6,62.5,61.39,61.72,50038143
2017-09-11 00:00:00+05:30,61.87,62.52,61.46,62.4,34073945
2017-09-12 00:00:00+05:30,63.57,65.26,63.52,64.31,109503320
2017-09-13 00:00:00+05:30,64.2,64.4,63.63,64.0,24988792
2017-09-14 00:00:00+05:30,63.99,64.38,63.29,63.82,20239463
2017-09-15 00:00:00+05:30,63.66,64.17,63.24,63.94,34424575
2017-09-18 00:00:00+05:30,63.66,64.32,63.2,63.37,24351402
2017-09-19 00:00:00+05:30,63.44,64.16,63.38,63.7,39383019
2017-09-20 00:00:00+05:30,63.68,65.15,63.52,64.76,93242869
2017-09-21 00:00:00+05:30,65.34,65.57,64.15,64.71,65118808
2017-09-22 00:00:00+05:30,64.41,64.41,61.31,61.59,46923463
2017-09-25 00:00:00+05:30,61.68,61.7,58.68,60.25,75010539
2017-09-26 00:00:00+05:30,60.51,61.87,60.16,61.6,41930626
2017-09-27 00:00:00+05:30,62.15,62.15,60.56,61.15,52666972
2017-09-28 00:00:00+05:30,61.49,61.82,60.52,61.18,69860831
2017-09-29 00:00:00+05:30,61.66,61.87,61.22,61.45,30145137
2017-10-03 00:00:00+05:30,61.82,62.71,61.82,62.23,30263005
2017-10-04 00:00:00+05:30,62.19,62.39,61.63,62.06,29568475
2017-10-05 00:00:00+05:30,61.97,62.66,61.91,62.25,16486810
2017-10-06 00:00:00+05:30,62.65,65.34,62.63,65.12,100504412
2017-10-09 00:00:00+05:30,65.26,66.34,65.13,65.66,59667803
2017-10-10 00:00:00+05:30,66.01,66.31,64.52,65.05,44576445
2017-10-11 00:00:00+05:30,65.4,65.81,63.41,64.25,44513709
2017-10-12 00:00:00+05:30,64.79,65.34,64.17,65.13,48042817
2017-10-13 00:00:00+05:30,65.69,67.56,65.45,66.94,102245429
2017-10-16 00:00:00+05:30,67.16,67.76,67.02,67.33,44737276
2017-10-17 00:00:00+05:30,67.33,67.64,66.72,67.1,29745702
2017-10-18 00:00:00+05:30,67.41,67.6,66.59,66.83,36118775
2017-10-19 00:00:00+05:30,66.75,66.96,66.19,66.44,4358335
2017-10-23 00:00:00+05:30,66.54,67.27,66.46,67.05,28882494
2017-10-24 00:00:00+05:30,67.49,68.59,67.24,67.74,48368409
2017-10-25 00:00:00+05:30,68.0,68.44,66.82,67.58,33607314
2017-10-26 00:00:00+05:30,67.59,69.01,67.41,68.67,60170888
2017-10-27 00:00:00+05:30,69.02,69.19,68.05,68.45,29488973
2017-10-30 00:00:00+05:30,68.74,69.22,67.16,67.64,53590941
2017-10-31 00:00:00+05:30,68.18,68.73,65.66,66.28,143835852
2017-11-01 00:00:00+05:30,67.2,67.52,66.26,66.61,57964472
2017-11-02 00:00:00+05:30,66.76,66.76,65.69,66.5,33805216
2017-11-03 00:00:00+05:30,66.67,67.15,66.26,66.76,34910054
2017-11-06 00:00:00+05:30,66.39,67.42,65.86,66.56,41867826
2017-11-07 00:00:00+05:30,66.85,67.16,64.64,65.28,47330883
2017-11-08 00:00:00+05:30,65.47,65.97,64.42,65.28,38126811
2017-11-09 00:00:00+05:30,65.83,66.4,65.31,66.24,26993504
2017-11-10 00:00:00+05:30,65.98,66.74,65.52,66.13,30721883
2017-11-13 00:00:00+05:30,66.25,66.34,64.71,65.08,34388514
2017-11-14 00:00:00+05:30,64.93,65.46,64.2,64.56,39199357
2017-11-15 00:00:00+05:30,63.94,64.18,63.03,63.83,45639636
2017-11-16 00:00:00+05:30,64.31,64.93,63.68,64.64,26180501
2017-11-17 00:00:00+05:30,65.36,66.8,65.36,66.03,42825361
2017-11-20 00:00:00+05:30,65.72,66.67,64.99,66.12,34927925
2017-11-21 00:00:00+05:30,66.29,67.66,66.11,66.99,38836037
2017-11-22 00:00:00+05:30,67.19,67.52,66.51,66.96,24126666
2017-11-23 00:00:00+05:30,67.18,67.48,66.59,67.12,39110117
2017-11-24 00:00:00+05:30,67.06,67.13,66.23,66.72,20443120
2017-11-27 00:00:00+05:30,66.77,66.77,65.83,66.16,19808140
2017-11-28 00:00:00+05:30,66.09,67.14,65.65,66.28,27015984
2017-11-29 00:00:00+05:30,66.13,66.96,66.13,66.8,32459864
2017-11-30 00:00:00+05:30,66.39,66.58,64.98,65.37,42370273
2017-12-01 00:00:00+05:30,65.44,65.72,63.76,64.12,41857781
2017-12-04 00:00:00+05:30,64.52,65.25,64.08,64.77,24660672
2017-12-05 00:00:00+05:30,64.51,64.56,63.19,63.63,35351401
2017-12-06 00:00:00+05:30,62.81,63.23,62.22,62.87,45300346
2017-12-07 00:00:00+05:30,63.1,64.98,63.1,64.79,42705497
2017-12-08 00:00:00+05:30,64.89,67.23,64.52,65.71,79728277
2017-12-11 00:00:00+05:30,65.8,66.54,65.42,65.88,23440462
2017-12-12 00:00:00+05:30,65.81,66.68,64.61,64.97,42263491
2017-12-13 00:00:00+05:30,65.16,65.28,63.65,64.12,38884575
2017-12-14 00:00:00+05:30,64.51,64.86,63.2,64.58,33384077
2017-12-15 00:00:00+05:30,65.54,66.0,65.08,65.42,33537486
2017-12-18 00:00:00+05:30,64.89,67.31,63.47,66.36,54090053
2017-12-19 00:00:00+05:30,66.77,67.05,66.41,66.88,21610608
2017-12-20 00:00:00+05:30,67.51,67.51,65.16,66.18,78454262
2017-12-21 00:00:00+05:30,66.18,67.55,66.02,67.3,50987649
2017-12-22 00:00:00+05:30,67.5,67.5,66.59,66.98,35284375
2017-12-26 00:00:00+05:30,67.24,68.28,67.05,67.96,63833834
2017-12-27 00:00:00+05:30,67.97,68.71,67.61,68.13,38349730
2017-12-28 00:00:00+05:30,68.28,69.64,68.24,69.33,122886982
2017-12-29 00:00:00+05:30,69.5,70.14,68.75,68.97,29907744
2018-01-01 00:00:00+05:30,68.98,69.25,67.76,68.01,19474160
2018-01-02 00:00:00+05:30,68.18,68.86,67.36,68.68,26199562
2018-01-03 00:00:00+05:30,68.93,69.45,68.86,69.21,27978042
2018-01-04 00:00:00+05:30,69.36,71.9,68.93,71.6,85831156
2018-01-05 00:00:00+05:30,71.95,73.16,71.81,72.58,75777510
2018-01-08 00:00:00+05:30,73.24,73.25,72.04,72.4,27442390
2018-01-09 00:00:00+05:30,72.51,73.54,72.23,72.73,33956480
2018-01-10 00:00:00+05:30,72.63,73.17,71.84,72.78,31759409
2018-01-11 00:00:00+05:30,72.78,73.26,72.36,72.6,20546600
2018-01-12 00:00:00+05:30,72.63,73.15,71.58,72.54,23042036
2018-01-15 00:00:00+05:30,72.7,74.68,72.61,73.78,44297820
2018-01-16 00:00:00+05:30,73.71,73.71,71.58,72.11,29640396
2018-01-17 00:00:00+05:30,72.32,73.26,71.29,72.89,31730611
2018-01-18 00:00:00+05:30,72.98,73.44,70.27,70.79,49024764
2018-01-19 00:00:00+05:30,70.87,71.76,69.92,70.91,34170819
2018-01-22 00:00:00+05:30,70.82,71.23,70.38,70.84,38288290
2018-01-23 00:00:00+05:30,70.82,74.12,70.82,73.43,85341154
2018-01-24 00:00:00+05:30,73.5,73.51,71.3,71.77,52404869
2018-01-25 00:00:00+05:30,72.04,72.81,71.41,72.43,89172822
2018-01-29 00:00:00+05:30,72.61,74.57,72.53,73.75,69106911
2018-01-30 00:00:00+05:30,73.51,73.82,72.63,73.06,63918189
2018-01-31 00:00:00+05:30,73.55,74.79,70.17,70.51,129589018
2018-02-01 00:00:00+05:30,70.8,71.28,68.16,69.68,74039308
2018-02-02 00:00:00+05:30,69.2,69.3,66.61,67.05,65009259
2018-02-05 00:00:00+05:30,66.1,67.45,65.05,66.41,46987219
2018-02-06 00:00:00+05:30,64.1,67.9,63.26,66.45,67045569
2018-02-07 00:00:00+05:30,66.8,68.22,65.7,66.18,67895208
2018-02-08 00:00:00+05:30,66.01,67.7,65.4,67.15,58455899
2018-02-09 00:00:00+05:30,66.37,69.0,66.02,68.53,91402878
2018-02-12 00:00:00+05:30,71.6,71.69,69.74,71.31,120363068
2018-02-14 00:00:00+05:30,71.93,72.05,70.46,70.8,48859509
2018-02-15 00:00:00+05:30,71.14,71.92,69.73,70.06,51312449
2018-02-16 00:00:00+05:30,70.8,70.95,68.36,68.98,50127599
2018-02-19 00:00:00+05:30,69.34,69.34,63.9,64.89,176587077
2018-02-20 00:00:00+05:30,65.48,66.15,64.82,65.13,102144778
2018-02-21 00:00:00+05:30,65.49,65.56,63.3,64.1,103075388
2018-02-22 00:00:00+05:30,64.04,64.78,63.29,63.76,89506308
2018-02-23 00:00:00+05:30,64.09,68.64,63.9,67.78,218662136
2018-02-26 00:00:00+05:30,68.0,69.27,67.32,68.02,91997748
2018-02-27 00:00:00+05:30,68.14,68.69,66.92,67.18,68053758
2018-02-28 00:00:00+05:30,66.39,67.5,66.0,67.16,71126498
2018-03-01 00:00:00+05:30,67.14,68.5,67.01,67.51,71283988
2018-03-05 00:00:00+05:30,66.93,66.93,65.18,65.59,97854658
2018-03-06 00:00:00+05:30,66.49,67.4,65.66,65.98,84149598
2018-03-07 00:00:00+05:30,65.7,66.14,64.47,64.77,51305769
2018-03-08 00:00:00+05:30,65.69,66.1,63.27,63.59,71261048
2018-03-09 00:00:00+05:30,64.01,64.68,60.15,60.68,180963667
2018-03-12 00:00:00+05:30,61.45,62.64,60.64,62.29,121935808
2018-03-13 00:00:00+05:30,62.3,63.32,61.44,62.89,104904048
2018-03-14 00:00:00+05:30,62.4,63.09,61.86,62.06,86551808
2018-03-15 00:00:00+05:30,62.0,62.26,60.96,61.18,75109508
2018-03-16 00:00:00+05:30,61.18,61.39,59.44,60.02,117395818
2018-03-19 00:00:00+05:30,60.0,60.19,57.29,57.5,125423168
2018-03-20 00:00:00+05:30,57.1,60.09,56.85,59.3,176450347
2018-03-21 00:00:00+05:30,59.9,60.17,58.05,58.23,119394508
2018-03-22 00:00:00+05:30,58.27,58.75,57.2,58.09,114862448
2018-03-23 00:00:00+05:30,56.01,56.88,55.35,56.65,141335497
2018-03-26 00:00:00+05:30,56.89,58.84,56.08,58.16,109299978
2018-03-27 00:00:00+05:30,59.05,59.9,58.76,59.0,100381678
2018-03-28 00:00:00+05:30,58.11,58.3,56.53,57.11,186550567
2018-04-02 00:00:00+05:30,57.31,58.03,56.81,57.88,68893448
2018-04-03 00:00:00+05:30,57.02,58.55,56.84,57.97,105083168
2018-04-04 00:00:00+05:30,58.31,59.05,55.76,56.06,139098927
2018-04-05 00:00:00+05:30,57.39,58.36,56.95,58.05,132621678
2018-04-06 00:00:00+05:30,57.49,58.99,57.3,58.72,85202008
2018-04-09 00:00:00+05:30,58.95,59.58,58.34,58.62,94892208
2018-04-10 00:00:00+05:30,59.3,60.46,59.23,60.19,108507098
2018-04-11 00:00:00+05:30,60.8,61.09,60.04,60.81,87247158
2018-04-12 00:00:00+05:30,60.69,60.88,59.67,59.84,66284989
2018-04-13 00:00:00+05:30,60.0,60.47,59.04,59.41,67161458
2018-04-16 00:00:00+05:30,59.1,59.68,58.52,59.16,51458129
2018-04-17 00:00:00+05:30,59.5,60.46,59.2,59.61,64003779
2018-04-18 00:00:00+05:30,60.1,60.49,59.46,60.16,42591349
2018-04-19 00:00:00+05:30,60.61,62.45,60.61,62.2,108170078
2018-04-20 00:00:00+05:30,61.9,61.9,60.26,60.62,63462739
2018-04-23 00:00:00+05:30,60.83,61.1,60.01,60.66,45911609
2018-04-24 00:00:00+05:30,59.45,60.18,58.94,59.76,59530459
2018-04-25 00:00:00+05:30,59.8,59.85,58.43,58.62,41224429
2018-04-26 00:00:00+05:30,58.8,59.16,57.67,57.82,74630618
2018-04-27 00:00:00+05:30,58.3,59.48,58.13,58.98,47174049
2018-04-30 00:00:00+05:30,59.17,59.99,58.6,59.5,36587539
2018-05-02 00:00:00+05:30,59.71,59.74,57.3,57.45,42410679
2018-05-03 00:00:00+05:30,57.4,58.74,56.81,58.55,67789038
2018-05-04 00:00:00+05:30,58.67,58.98,57.93,58.08,38816319
2018-05-07 00:00:00+05:30,58.6,59.8,58.1,59.65,45535089
2018-05-08 00:00:00+05:30,60.0,60.42,59.05,59.64,41259579
2018-05-09 00:00:00+05:30,59.34,60.89,59.26,60.32,62382109
2018-05-10 00:00:00+05:30,60.39,60.68,59.12,59.42,40012689
2018-05-11 00:00:00+05:30,59.7,61.06,59.12,60.73,61555369
2018-05-14 00:00:00+05:30,60.82,61.5,60.23,61.04,51731389
2018-05-15 00:00:00+05:30,60.9,63.68,60.55,62.6,128184358
2018-05-16 00:00:00+05:30,62.6,63.25,61.7,62.13,84263008
2018-05-17 00:00:00+05:30,63.0,63.08,60.22,61.03,160373407
2018-05-18 00:00:00+05:30,61.5,61.67,59.04,59.14,82166288
2018-05-21 00:00:00+05:30,59.25,60.08,57.48,57.7,71622328
2018-05-22 00:00:00+05:30,57.81,58.35,56.95,57.68,60966459
2018-05-23 00:00:00+05:30,57.6,57.6,53.74,54.01,171483857
2018-05-24 00:00:00+05:30,54.39,55.39,53.66,54.82,87008218
2018-05-25 00:00:00+05:30,55.4,57.08,55.2,56.83,88956188
2018-05-28 00:00:00+05:30,57.1,57.95,56.51,57.67,52356669
2018-05-29 00:00:00+05:30,57.5,58.8,56.94,57.54,64779109
2018-05-30 00:00:00+05:30,56.81,58.15,56.76,57.79,62018879
2018-05-31 00:00:00+05:30,58.4,58.73,57.21,57.57,66525099
2018-06-01 00:00:00+05:30,57.0,57.96,55.63,56.07,92496658
2018-06-04 00:00:00+05:30,56.41,57.25,56.03,56.62,87425268
2018-06-05 00:00:00+05:30,56.68,57.49,56.06,57.21,46882039
2018-06-06 00:00:00+05:30,57.45,58.17,56.92,57.98,44453049
2018-06-07 00:00:00+05:30,58.21,60.39,58.19,60.21,92793528
2018-06-08 00:00:00+05:30,59.9,60.82,59.2,60.05,83860778
2018-06-11 00:00:00+05:30,60.11,60.55,58.63,58.87,51511009
2018-06-12 00:00:00+05:30,58.7,58.88,57.72,58.0,85889348
2018-06-13 00:00:00+05:30,57.96,58.38,56.6,56.76,90600318
2018-06-14 00:00:00+05:30,56.7,57.48,56.1,56.96,74825138
2018-06-15 00:00:00+05:30,57.12,57.48,56.2,56.6,62087639
2018-06-18 00:00:00+05:30,56.3,56.35,54.73,55.85,105669648
2018-06-19 00:00:00+05:30,55.8,56.56,54.95,55.5,94521898
2018-06-20 00:00:00+05:30,55.63,56.59,55.33,56.33,66107029
2018-06-21 00:00:00+05:30,56.9,56.9,55.61,55.78,84651978
2018-06-22 00:00:00+05:30,56.04,56.46,55.61,56.19,62478449
2018-06-25 00:00:00+05:30,55.98,56.48,55.64,55.86,38992609
2018-06-26 00:00:00+05:30,55.84,55.99,53.83,54.95,102075818
2018-06-27 00:00:00+05:30,55.17,55.25,53.91,54.32,56541499
2018-06-28 00:00:00+05:30,54.5,55.65,54.4,54.85,86559778
2018-06-29 00:00:00+05:30,55.2,56.98,55.11,56.78,94773838
2018-07-02 00:00:00+05:30,57.6,58.65,55.63,56.05,157630477
2018-07-03 00:00:00+05:30,56.2,57.24,55.35,56.6,112361768
2018-07-04 00:00:00+05:30,56.74,57.34,55.96,57.11,68629468
2018-07-05 00:00:00+05:30,56.5,56.5,55.2,55.33,60136529
2018-07-06 00:00:00+05:30,55.0,56.43,54.64,55.35,66147829
2018-07-09 00:00:00+05:30,56.37,56.58,55.48,55.56,74437508
2018-07-10 00:00:00+05:30,55.9,57.1,55.69,56.87,100049048
2018-07-11 00:00:00+05:30,56.57,56.57,55.42,55.57,61112449
2018-07-12 00:00:00+05:30,56.0,56.79,55.32,55.52,84439878
2018-07-13 00:00:00+05:30,55.94,56.2,55.3,55.86,55791289
2018-07-16 00:00:00+05:30,55.97,55.99,51.71,51.93,111598848
2018-07-17 00:00:00+05:30,52.2,53.57,51.3,53.24,107927058
2018-07-18 00:00:00+05:30,53.6,53.7,50.1,50.43,164512087
2018-07-19 00:00:00+05:30,50.8,51.34,49.3,49.87,168086507
2018-07-20 00:00:00+05:30,49.9,50.58,49.5,50.32,72614088
2018-07-23 00:00:00+05:30,50.6,51.95,49.83,51.69,68781338
2018-07-24 00:00:00+05:30,51.6,52.96,51.6,52.74,83983688
2018-07-25 00:00:00+05:30,53.1,53.8,52.9,53.6,67826378
2018-07-26 00:00:00+05:30,53.7,54.0,53.14,53.49,74811908
2018-07-27 00:00:00+05:30,53.8,55.36,53.63,55.02,64628849
2018-07-30 00:00:00+05:30,54.95,55.85,54.74,55.3,47877069
2018-07-31 00:00:00+05:30,55.2,56.49,54.36,56.31,63739659
2018-08-01 00:00:00+05:30,56.29,56.76,55.13,55.58,60679919
2018-08-02 00:00:00+05:30,55.27,56.09,54.06,55.43,94930988
2018-08-03 00:00:00+05:30,55.64,56.0,55.07,55.45,55706899
2018-08-06 00:00:00+05:30,55.9,56.49,55.13,55.33,55438809
2018-08-07 00:00:00+05:30,55.74,57.67,55.37,57.32,92858538
2018-08-08 00:00:00+05:30,57.83,58.38,57.36,57.75,90084308
2018-08-09 00:00:00+05:30,58.0,58.77,57.58,58.6,57576869
2018-08-10 00:00:00+05:30,58.6,58.6,57.27,57.67,57254929
2018-08-13 00:00:00+05:30,57.5,58.22,56.6,56.88,78568308
2018-08-14 00:00:00+05:30,58.7,58.7,56.26,57.9,240305596
2018-08-16 00:00:00+05:30,57.0,57.67,56.33,56.76,79071708
2018-08-17 00:00:00+05:30,57.2,58.52,57.18,58.02,87432138
2018-08-20 00:00:00+05:30,58.3,60.18,58.29,59.94,116623178
2018-08-21 00:00:00+05:30,60.23,60.25,58.06,58.22,108737068
2018-08-23 00:00:00+05:30,58.49,58.49,57.02,57.17,66768299
2018-08-24 00:00:00+05:30,57.04,57.94,56.83,57.56,60602689
2018-08-27 00:00:00+05:30,58.19,58.7,57.9,58.12,53919459
2018-08-28 00:00:00+05:30,58.25,59.39,57.81,59.04,90212968
2018-08-29 00:00:00+05:30,59.03,60.19,58.56,59.42,98855318
2018-08-30 00:00:00+05:30,59.23,61.0,59.11,60.84,102836568
2018-08-31 00:00:00+05:30,60.82,61.45,59.91,60.05,86333538
2018-09-03 00:00:00+05:30,60.3,61.0,59.8,60.08,54791329
2018-09-04 00:00:00+05:30,60.09,60.45,59.06,59.31,60995719
2018-09-05 00:00:00+05:30,59.0,59.7,58.12,59.44,57911569
2018-09-06 00:00:00+05:30,59.8,60.78,59.45,60.03,66897159
2018-09-07 00:00:00+05:30,60.23,62.2,59.71,61.92,94458358
2018-09-10 00:00:00+05:30,62.0,62.5,61.13,61.37,62842579
2018-09-11 00:00:00+05:30,61.54,61.7,58.84,59.21,81111718
2018-09-12 00:00:00+05:30,59.25,60.72,58.31,60.56,85663838
2018-09-14 00:00:00+05:30,61.16,62.05,61.0,61.5,79755588
2018-09-17 00:00:00+05:30,61.0,62.44,60.56,61.64,71838908
2018-09-18 00:00:00+05:30,61.8,62.46,60.93,61.28,78280628
2018-09-19 00:00:00+05:30,61.8,63.08,61.74,62.12,101346268
2018-09-21 00:00:00+05:30,63.0,64.76,58.43,62.52,229773786
2018-09-24 00:00:00+05:30,61.89,62.63,59.57,60.77,112429138
2018-09-25 00:00:00+05:30,60.9,60.9,57.5,60.1,109856238
2018-09-26 00:00:00+05:30,60.5,61.42,59.8,60.89,86477198
2018-09-27 00:00:00+05:30,61.12,62.08,60.74,61.16,82395418
2018-09-28 00:00:00+05:30,61.2,61.2,57.5,58.13,130270068
2018-10-01 00:00:00+05:30,58.0,58.58,55.75,58.32,69729488
2018-10-03 00:00:00+05:30,58.4,59.44,57.62,57.96,72170628
2018-10-04 00:00:00+05:30,57.68,58.78,57.0,58.23,76298398
2018-10-05 00:00:00+05:30,58.0,58.6,56.23,56.8,78689668
2018-10-08 00:00:00+05:30,56.7,57.0,54.4,55.98,91710478
2018-10-09 00:00:00+05:30,56.0,58.39,55.46,57.25,77344338
2018-10-10 00:00:00+05:30,57.32,58.78,57.32,58.37,71533138
2018-10-11 00:00:00+05:30,55.7,56.4,54.91,55.52,104016428
2018-10-12 00:00:00+05:30,56.08,57.88,55.81,57.65,57334069
2018-10-15 00:00:00+05:30,57.83,57.95,56.65,57.0,41001829
2018-10-16 00:00:00+05:30,57.11,58.4,56.96,57.28,56605679
2018-10-17 00:00:00+05:30,57.81,57.95,55.21,55.47,50205759
2018-10-19 00:00:00+05:30,55.3,56.26,54.5,55.5,77181958
2018-10-22 00:00:00+05:30,55.9,56.12,54.16,54.48,51019509
2018-10-23 00:00:00+05:30,54.0,55.0,53.52,54.56,46346879
2018-10-24 00:00:00+05:30,55.2,55.46,54.14,55.01,42196169
2018-10-25 00:00:00+05:30,54.47,55.06,54.0,54.58,44678589
2018-10-26 00:00:00+05:30,54.76,56.16,54.11,55.16,60994129
2018-10-29 00:00:00+05:30,55.65,57.55,55.23,57.37,57383129
2018-10-30 00:00:00+05:30,57.13,57.2,56.31,56.45,40153189
2018-10-31 00:00:00+05:30,55.5,55.78,52.94,55.39,140703327
2018-11-01 00:00:00+05:30,55.58,56.39,55.4,55.66,54690569
2018-11-02 00:00:00+05:30,56.1,58.24,56.07,57.41,79794568
2018-11-05 00:00:00+05:30,57.4,58.36,56.75,57.75,45358559
2018-11-06 00:00:00+05:30,57.96,58.44,57.0,57.58,39102739
2018-11-07 00:00:00+05:30,58.1,58.23,57.9,58.03,4138709
2018-11-09 00:00:00+05:30,57.94,57.94,56.85,57.22,43487159
2018-11-12 00:00:00+05:30,57.36,58.97,57.22,58.29,81209958
2018-11-13 00:00:00+05:30,58.3,59.15,57.91,58.92,76264868
2018-11-14 00:00:00+05:30,60.5,61.06,58.43,58.91,216492886
2018-11-15 00:00:00+05:30,59.03,59.69,58.15,58.94,63895209
2018-11-16 00:00:00+05:30,59.0,59.1,56.96,57.41,74569268
2018-11-19 00:00:00+05:30,57.75,58.38,57.4,58.24,48892869
2018-11-20 00:00:00+05:30,57.7,57.8,56.2,56.33,76363678
2018-11-21 00:00:00+05:30,56.2,56.2,55.0,55.14,112428978
2018-11-22 00:00:00+05:30,55.2,55.36,53.82,53.97,85416118
2018-11-26 00:00:00+05:30,54.4,54.4,52.17,53.07,100037868
2018-11-27 00:00:00+05:30,52.97,52.99,51.25,52.23,157909067
2018-11-28 00:00:00+05:30,52.23,52.89,51.87,52.4,113524658
2018-11-29 00:00:00+05:30,53.2,53.89,52.92,53.36,139293317
2018-11-30 00:00:00+05:30,53.5,53.68,52.55,52.95,78540708
2018-12-03 00:00:00+05:30,54.12,55.27,53.58,53.81,120923648
2018-12-04 00:00:00+05:30,53.27,54.05,53.22,53.82,61538099
2018-12-05 00:00:00+05:30,53.3,53.3,51.5,51.77,70780818
2018-12-06 00:00:00+05:30,51.33,52.17,50.1,51.02,129667138
2018-12-07 00:00:00+05:30,51.07,51.49,50.32,50.93,82529268
2018-12-10 00:00:00+05:30,49.94,50.95,49.7,50.29,54147049
2018-12-11 00:00:00+05:30,49.56,50.37,48.62,50.08,112425718
2018-12-12 00:00:00+05:30,50.6,52.25,50.55,52.03,81419828
2018-12-13 00:00:00+05:30,52.81,52.81,50.8,51.23,68100948
2018-12-14 00:00:00+05:30,51.1,51.78,50.65,51.36,51559799
2018-12-17 00:00:00+05:30,51.8,52.53,51.64,52.4,48048539
2018-12-18 00:00:00+05:30,52.3,52.84,51.96,52.7,56735269
2018-12-19 00:00:00+05:30,52.79,53.25,52.46,52.74,49280429
2018-12-20 00:00:00+05:30,52.0,52.7,52.0,52.34,35173349
2018-12-21 00:00:00+05:30,52.42,53.2,51.83,52.02,59696699
2018-12-24 00:00:00+05:30,51.8,52.07,51.2,51.37,43294399
2018-12-26 00:00:00+05:30,50.9,51.73,50.44,51.35,49537409
2018-12-27 00:00:00+05:30,51.8,51.98,50.5,50.65,50169309
2018-12-28 00:00:00+05:30,50.82,51.65,50.81,51.29,63074079
2018-12-31 00:00:00+05:30,52.0,52.5,51.62,52.11,79658118
2019-01-01 00:00:00+05:30,52.4,52.45,51.36,51.58,41281729
2019-01-02 00:00:00+05:30,50.6,50.68,49.2,49.37,117473498
2019-01-03 00:00:00+05:30,49.3,49.32,48.03,48.13,135329437
2019-01-04 00:00:00+05:30,48.1,49.29,47.96,48.77,104800718
2019-01-07 00:00:00+05:30,49.54,50.1,48.39,48.55,84067868
2019-01-08 00:00:00+05:30,48.57,49.34,48.38,49.14,62697059
2019-01-09 00:00:00+05:30,48.9,49.73,47.53,47.92,126966598
2019-01-10 00:00:00+05:30,48.0,48.42,47.75,48.04,70809998
2019-01-11 00:00:00+05:30,48.4,48.43,47.2,47.42,75408238
2019-01-14 00:00:00+05:30,47.42,47.44,46.68,47.09,58899169
2019-01-15 00:00:00+05:30,47.3,47.65,46.9,47.51,76031808
2019-01-16 00:00:00+05:30,47.61,47.99,47.27,47.46,52802929
2019-01-17 00:00:00+05:30,47.63,47.83,47.05,47.32,42819349
2019-01-18 00:00:00+05:30,47.36,47.77,46.8,47.07,49148489
2019-01-21 00:00:00+05:30,47.3,47.75,47.01,47.17,46136899
2019-01-22 00:00:00+05:30,47.07,47.07,45.5,45.66,89577658
2019-01-23 00:00:00+05:30,45.7,46.79,45.7,46.46,72593858
2019-01-24 00:00:00+05:30,46.45,46.45,45.72,46.08,47908459
2019-01-25 00:00:00+05:30,46.22,46.58,45.12,45.29,41579669
2019-01-28 00:00:00+05:30,45.29,45.4,44.33,44.57,43351469
2019-01-29 00:00:00+05:30,44.4,45.22,44.14,44.38,52257239
2019-01-30 00:00:00+05:30,44.67,47.14,44.67,46.75,108579248
2019-01-31 00:00:00+05:30,47.21,47.89,46.77,47.67,92437288
2019-02-01 00:00:00+05:30,47.7,48.2,47.0,47.47,50159939
2019-02-04 00:00:00+05:30,47.49,47.86,45.2,47.61,109720288
2019-02-05 00:00:00+05:30,47.7,47.7,45.95,46.47,72819268
2019-02-06 00:00:00+05:30,46.6,48.67,46.38,48.51,109992648
2019-02-07 00:00:00+05:30,48.35,49.14,47.81,48.91,78573378
2019-02-08 00:00:00+05:30,48.3,48.78,46.6,46.88,84145138
2019-02-11 00:00:00+05:30,47.5,48.7,46.03,48.07,232623136
2019-02-12 00:00:00+05:30,47.84,49.72,47.67,48.74,188361107
2019-02-13 00:00:00+05:30,49.0,49.34,48.2,48.4,84032648
2019-02-14 00:00:00+05:30,48.2,48.64,47.54,48.26,61850419
2019-02-15 00:00:00+05:30,48.3,48.34,46.27,46.75,74992398
2019-02-18 00:00:00+05:30,46.89,47.7,46.44,46.56,62535139
2019-02-19 00:00:00+05:30,46.54,48.06,46.54,47.1,82245448
2019-02-20 00:00:00+05:30,47.25,49.39,47.25,49.12,154872507
2019-02-21 00:00:00+05:30,49.26,50.29,49.04,49.89,117827138
2019-02-22 00:00:00+05:30,49.7,50.4,49.21,50.23,100057228
2019-02-25 00:00:00+05:30,50.4,50.95,49.83,50.51,103576038
2019-02-26 00:00:00+05:30,49.8,50.86,49.17,50.36,98562988
2019-02-27 00:00:00+05:30,50.7,51.23,49.8,50.71,94443458
2019-02-28 00:00:00+05:30,50.66,51.1,49.83,50.05,74854178
2019-03-01 00:00:00+05:30,50.35,50.97,50.2,50.76,66725689
2019-03-05 00:00:00+05:30,50.84,52.29,50.52,52.18,91180368
2019-03-06 00:00:00+05:30,52.29,52.54,51.55,52.09,63112269
2019-03-07 00:00:00+05:30,51.99,52.32,51.36,52.12,61536309
2019-03-08 00:00:00+05:30,51.68,51.86,50.63,50.79,65048469
2019-03-11 00:00:00+05:30,51.0,52.24,50.95,52.07,59082749
2019-03-12 00:00:00+05:30,52.44,53.05,52.1,52.52,82982748
2019-03-13 00:00:00+05:30,52.5,52.5,51.26,51.38,64091529
2019-03-14 00:00:00+05:30,51.4,52.18,51.35,51.77,44966419
2019-03-15 00:00:00+05:30,51.8,52.1,51.25,51.55,42339379
2019-03-18 00:00:00+05:30,51.95,52.68,51.53,52.52,63176049
2019-03-19 00:00:00+05:30,52.78,53.19,52.07,52.75,63298399
2019-03-20 00:00:00+05:30,52.61,52.63,51.11,51.36,87023068
2019-03-22 00:00:00+05:30,51.7,52.4,51.56,51.84,52334459
2019-03-25 00:00:00+05:30,51.28,51.77,50.71,51.52,50368869
2019-03-26 00:00:00+05:30,51.6,52.1,51.42,51.94,33298249
2019-03-27 00:00:00+05:30,52.0,52.3,51.31,51.58,52391579
2019-03-28 00:00:00+05:30,51.44,51.65,50.48,50.63,89650928
2019-03-29 00:00:00+05:30,51.0,52.5,50.81,52.1,119656108
2019-04-01 00:00:00+05:30,53.0,54.4,52.81,53.52,135235537
2019-04-02 00:00:00+05:30,53.8,53.8,52.61,53.07,50868179
2019-04-03 00:00:00+05:30,53.69,54.76,53.35,53.55,114896798
2019-04-04 00:00:00+05:30,53.28,53.74,52.65,53.07,52599169
2019-04-05 00:00:00+05:30,53.12,55.1,53.12,54.93,100377128
2019-04-08 00:00:00+05:30,55.32,55.7,54.58,54.91,106009008
2019-04-09 00:00:00+05:30,55.1,55.5,54.03,55.31,66189359
2019-04-10 00:00:00+05:30,55.17,55.94,54.17,54.44,78891528
2019-04-11 00:00:00+05:30,54.1,54.64,53.35,53.57,60823979
2019-04-12 00:00:00+05:30,53.7,54.27,53.22,53.37,62740159
2019-04-15 00:00:00+05:30,53.69,55.5,53.61,55.32,103903168
2019-04-16 00:00:00+05:30,55.36,55.69,54.92,55.33,63236539
2019-04-18 00:00:00+05:30,55.35,55.45,53.67,54.31,66605219
2019-04-22 00:00:00+05:30,54.0,54.58,53.31,53.42,36976859
2019-04-23 00:00:00+05:30,53.5,53.85,52.15,52.34,51193759
2019-04-24 00:00:00+05:30,52.69,52.79,51.27,52.53,83768348
2019-04-25 00:00:00+05:30,52.2,52.93,50.9,51.08,83594178
2019-04-26 00:00:00+05:30,52.09,54.78,51.56,54.53,381810104
2019-04-30 00:00:00+05:30,54.31,56.08,53.57,55.72,142581607
2019-05-02 00:00:00+05:30,55.41,56.17,54.95,55.5,90100298
2019-05-03 00:00:00+05:30,55.4,55.6,54.66,54.78,58796359
2019-05-06 00:00:00+05:30,53.43,54.35,52.75,53.6,99648388
2019-05-07 00:00:00+05:30,54.5,54.5,52.9,53.06,65414979
2019-05-08 00:00:00+05:30,53.13,53.24,52.16,52.27,64784319
2019-05-09 00:00:00+05:30,52.26,52.64,51.64,51.92,51055969
2019-05-10 00:00:00+05:30,52.2,52.58,47.91,48.68,372409204
2019-05-13 00:00:00+05:30,48.01,48.8,46.34,47.23,159569197
2019-05-14 00:00:00+05:30,46.7,47.76,45.63,46.96,211286056
2019-05-15 00:00:00+05:30,47.31,48.1,46.07,46.3,126650568
2019-05-16 00:00:00+05:30,46.4,47.13,45.52,46.93,112547308
2019-05-17 00:00:00+05:30,46.51,47.15,46.1,46.95,70884858
2019-05-20 00:00:00+05:30,47.8,49.48,47.67,48.38,84575828
2019-05-21 00:00:00+05:30,48.49,48.49,46.88,47.26,63370579
2019-05-22 00:00:00+05:30,47.2,48.06,46.74,47.3,83642238
2019-05-23 00:00:00+05:30,47.76,48.65,46.21,46.47,93403758
2019-05-24 00:00:00+05:30,46.5,48.63,45.84,48.42,108824808
2019-05-27 00:00:00+05:30,48.45,51.43,48.36,51.26,182077047
2019-05-28 00:00:00+05:30,51.41,51.86,50.52,50.71,99606128
2019-05-29 00:00:00+05:30,50.57,51.18,49.19,49.33,85236868
2019-05-30 00:00:00+05:30,49.3,49.65,48.6,48.8,72043628
2019-05-31 00:00:00+05:30,49.08,49.48,48.11,48.83,102769908
2019-06-03 00:00:00+05:30,48.9,50.19,48.51,49.77,85053918
2019-06-04 00:00:00+05:30,49.6,50.28,49.19,49.77,62125659
2019-06-06 00:00:00+05:30,49.77,50.26,48.3,48.46,72227988
2019-06-07 00:00:00+05:30,48.3,48.99,47.58,48.21,68111038
2019-06-10 00:00:00+05:30,48.9,49.48,48.31,48.61,68509168
2019-06-11 00:00:00+05:30,48.99,49.42,48.7,49.25,65345479
2019-06-12 00:00:00+05:30,49.28,50.8,49.01,50.59,127555248
2019-06-13 00:00:00+05:30,50.4,50.59,49.66,50.26,72248568
2019-06-14 00:00:00+05:30,49.91,50.85,49.71,50.18,66058959
2019-06-17 00:00:00+05:30,50.01,50.09,47.21,47.31,119382858
2019-06-18 00:00:00+05:30,47.33,47.85,46.37,47.23,106394538
2019-06-19 00:00:00+05:30,48.21,49.84,48.21,49.41,188375227
2019-06-20 00:00:00+05:30,49.41,50.28,48.99,50.1,78263558
2019-06-21 00:00:00+05:30,50.0,50.09,49.45,49.77,61262459
2019-06-24 00:00:00+05:30,49.72,49.98,48.19,48.63,72619998
2019-06-25 00:00:00+05:30,47.4,49.98,47.4,49.8,136491187
2019-06-26 00:00:00+05:30,49.5,51.23,49.03,51.06,129600838
2019-06-27 00:00:00+05:30,51.15,51.65,50.67,51.07,119467138
2019-06-28 00:00:00+05:30,51.15,51.57,49.91,50.44,87600338
2019-07-01 00:00:00+05:30,50.99,51.49,50.32,50.7,85443748
2019-07-02 00:00:00+05:30,50.86,51.09,50.21,50.88,57240039
2019-07-03 00:00:00+05:30,50.79,51.48,50.46,51.03,69464088
2019-07-04 00:00:00+05:30,50.0,50.27,49.38,49.53,72630588
2019-07-05 00:00:00+05:30,49.65,49.85,47.53,47.84,76163478
2019-07-08 00:00:00+05:30,47.5,47.95,46.52,46.81,80825908
2019-07-09 00:00:00+05:30,46.9,47.2,46.26,46.85,68585798
2019-07-10 00:00:00+05:30,46.95,47.44,44.81,45.48,134813437
2019-07-11 00:00:00+05:30,46.13,46.65,45.37,46.2,99870378
2019-07-12 00:00:00+05:30,46.43,47.95,46.03,47.29,132441178
2019-07-15 00:00:00+05:30,47.8,47.83,46.34,46.83,78060788
2019-07-16 00:00:00+05:30,46.51,47.86,46.41,47.67,64352099
2019-07-17 00:00:00+05:30,47.6,47.98,46.85,47.57,54793219
2019-07-18 00:00:00+05:30,47.3,47.54,46.39,46.66,52331729
2019-07-19 00:00:00+05:30,47.0,47.3,45.33,45.81,72848848
2019-07-22 00:00:00+05:30,45.81,46.73,45.12,46.56,69544518
2019-07-23 00:00:00+05:30,46.62,46.79,45.68,45.99,55292839
2019-07-24 00:00:00+05:30,46.1,46.3,44.31,44.6,83420008
2019-07-25 00:00:00+05:30,44.8,45.2,43.83,44.04,75280908
2019-07-26 00:00:00+05:30,43.9,44.82,43.57,44.55,65857859
2019-07-29 00:00:00+05:30,44.56,44.59,43.1,43.35,78727228
2019-07-30 00:00:00+05:30,43.49,44.19,40.62,41.51,94629208
2019-07-31 00:00:00+05:30,41.3,43.36,40.95,43.21,115417998
2019-08-01 00:00:00+05:30,42.75,43.19,41.48,42.0,94219848
2019-08-02 00:00:00+05:30,41.39,41.72,40.46,40.91,134859517
2019-08-05 00:00:00+05:30,40.4,40.4,38.97,39.93,112888538
2019-08-06 00:00:00+05:30,39.37,40.8,39.37,40.16,101975848
2019-08-07 00:00:00+05:30,39.5,39.65,37.59,38.19,133016088
2019-08-08 00:00:00+05:30,37.9,37.95,36.06,36.74,228263936
2019-08-09 00:00:00+05:30,37.05,37.37,36.09,36.24,133527608
2019-08-13 00:00:00+05:30,36.17,36.76,34.54,34.87,147820507
2019-08-14 00:00:00+05:30,35.36,37.08,35.34,36.47,187387687
2019-08-16 00:00:00+05:30,36.0,36.69,35.55,36.31,119202108
2019-08-19 00:00:00+05:30,36.59,36.7,35.72,35.96,98849658
2019-08-20 00:00:00+05:30,35.97,36.19,35.32,35.83,93637338
2019-08-21 00:00:00+05:30,35.7,35.82,34.19,34.3,114233778
2019-08-22 00:00:00+05:30,33.99,34.7,33.04,33.37,154597997
2019-08-23 00:00:00+05:30,33.3,34.9,33.04,34.53,112101338
2019-08-26 00:00:00+05:30,34.64,34.76,32.22,33.81,237649986
2019-08-27 00:00:00+05:30,34.1,35.47,34.02,35.09,173752957
2019-08-28 00:00:00+05:30,35.09,35.09,33.34,33.7,126417158
2019-08-29 00:00:00+05:30,33.4,34.27,32.86,33.56,134813097
2019-08-30 00:00:00+05:30,34.2,34.75,33.72,34.49,179722067
2019-09-03 00:00:00+05:30,34.1,34.12,32.9,33.14,92206528
2019-09-04 00:00:00+05:30,33.14,34.1,32.73,33.93,129047098
2019-09-05 00:00:00+05:30,34.6,35.2,34.23,34.52,142508847
2019-09-06 00:00:00+05:30,34.7,35.79,34.29,35.54,115554868
2019-09-09 00:00:00+05:30,35.54,36.06,34.82,35.38,143296187
2019-09-11 00:00:00+05:30,35.53,36.87,35.52,36.71,136500267
2019-09-12 00:00:00+05:30,36.88,37.95,36.3,36.51,188468197
2019-09-13 00:00:00+05:30,36.7,36.92,35.78,36.74,116222488
2019-09-16 00:00:00+05:30,36.2,36.64,35.86,36.11,80643188
2019-09-17 00:00:00+05:30,36.12,36.6,34.21,34.5,131983998
2019-09-18 00:00:00+05:30,34.8,36.13,34.54,35.83,162531837
2019-09-19 00:00:00+05:30,35.6,35.6,34.01,34.47,136564947
2019-09-20 00:00:00+05:30,34.79,38.1,34.41,36.86,267647136
2019-09-23 00:00:00+05:30,37.76,38.89,36.9,37.74,163931637
2019-09-24 00:00:00+05:30,37.8,37.93,36.82,37.08,95789888
2019-09-25 00:00:00+05:30,36.75,36.8,35.76,36.21,91169848
2019-09-26 00:00:00+05:30,36.5,37.94,36.34,37.58,140661517
2019-09-27 00:00:00+05:30,37.3,37.35,35.8,35.97,105687768
2019-09-30 00:00:00+05:30,35.5,36.37,34.56,36.05,147196957
2019-10-01 00:00:00+05:30,36.2,36.47,34.41,35.16,125641888
2019-10-03 00:00:00+05:30,34.65,34.89,33.85,33.96,121309558
2019-10-04 00:00:00+05:30,34.48,34.48,33.11,33.31,114452158
2019-10-07 00:00:00+05:30,33.49,33.83,32.35,32.48,124157798
2019-10-09 00:00:00+05:30,32.34,33.8,32.04,33.65,147767407
2019-10-10 00:00:00+05:30,33.29,33.46,32.8,33.0,115074978
2019-10-11 00:00:00+05:30,33.5,34.25,33.2,33.9,171588487
2019-10-14 00:00:00+05:30,34.58,35.28,34.3,34.49,167239627
2019-10-15 00:00:00+05:30,34.51,35.84,33.87,34.92,179722067
2019-10-16 00:00:00+05:30,35.38,35.38,34.53,34.74,128143018
2019-10-17 00:00:00+05:30,34.6,36.14,34.04,35.61,166951577
2019-10-18 00:00:00+05:30,35.6,36.28,35.18,35.96,165680357
2019-10-22 00:00:00+05:30,35.75,36.38,35.3,35.45,119442828
2019-10-23 00:00:00+05:30,35.2,35.88,34.93,35.62,93184498
2019-10-24 00:00:00+05:30,35.61,36.2,35.38,35.99,109734018
2019-10-25 00:00:00+05:30,35.63,36.9,35.61,36.23,149966917
2019-10-27 00:00:00+05:30,36.38,36.56,36.31,36.5,10820159
2019-10-29 00:00:00+05:30,36.56,39.97,36.56,39.02,251553136
2019-10-30 00:00:00+05:30,38.99,39.37,38.43,38.8,143714417
2019-10-31 00:00:00+05:30,38.89,39.01,37.62,38.06,217560226
2019-11-01 00:00:00+05:30,38.01,40.29,37.8,39.95,241111946
2019-11-04 00:00:00+05:30,40.3,42.17,40.3,40.92,289344335
2019-11-05 00:00:00+05:30,41.4,41.79,40.16,40.4,208744336
2019-11-06 00:00:00+05:30,40.2,40.89,39.87,40.45,179351467
2019-11-07 00:00:00+05:30,40.4,40.89,38.88,40.31,407007593
2019-11-08 00:00:00+05:30,40.15,40.62,39.51,39.8,214235196
2019-11-11 00:00:00+05:30,39.55,40.38,39.4,40.15,135739737
2019-11-13 00:00:00+05:30,40.09,40.89,39.27,39.79,175114687
2019-11-14 00:00:00+05:30,39.61,39.87,38.94,39.2,108694248
2019-11-15 00:00:00+05:30,39.2,40.3,39.06,39.45,118132588
2019-11-18 00:00:00+05:30,39.64,41.26,39.6,41.01,189065277
2019-11-19 00:00:00+05:30,41.4,41.49,40.0,40.18,142650827
2019-11-20 00:00:00+05:30,40.1,40.85,39.73,39.87,122556018
2019-11-21 00:00:00+05:30,39.9,39.92,38.33,38.51,102085538
2019-11-22 00:00:00+05:30,38.6,40.28,38.31,40.0,172719487
2019-11-25 00:00:00+05:30,40.53,42.1,40.3,41.95,276124575
2019-11-26 00:00:00+05:30,42.5,42.93,41.68,42.42,282763115
2019-11-27 00:00:00+05:30,42.53,42.7,41.92,42.14,109846788
2019-11-28 00:00:00+05:30,42.22,43.43,42.22,43.21,157660727
2019-11-29 00:00:00+05:30,42.75,42.95,42.11,42.75,126319558
2019-12-02 00:00:00+05:30,42.5,42.7,41.9,42.09,83371708
2019-12-03 00:00:00+05:30,41.8,41.86,39.64,39.97,168706557
2019-12-04 00:00:00+05:30,39.28,41.15,38.9,40.93,261132486
2019-12-05 00:00:00+05:30,41.11,41.19,39.71,39.98,111108838
2019-12-06 00:00:00+05:30,40.15,40.75,39.39,40.33,169310817
2019-12-09 00:00:00+05:30,40.3,41.18,40.2,40.67,123184518
2019-12-10 00:00:00+05:30,40.5,40.96,40.02,40.21,93495848
2019-12-11 00:00:00+05:30,40.24,40.82,40.04,40.56,82278628
2019-12-12 00:00:00+05:30,40.83,42.09,40.68,41.87,149846707
2019-12-13 00:00:00+05:30,43.03,43.46,42.35,42.84,216281826
2019-12-16 00:00:00+05:30,43.2,43.2,42.02,42.1,95658308
2019-12-17 00:00:00+05:30,42.36,44.19,42.31,43.94,307577375
2019-12-18 00:00:00+05:30,43.94,45.48,43.61,44.48,400283974
2019-12-19 00:00:00+05:30,44.0,44.94,43.8,44.68,205472856
2019-12-20 00:00:00+05:30,44.6,46.34,44.31,46.1,269312615
2019-12-23 00:00:00+05:30,46.1,46.75,45.71,46.22,186311427
2019-12-24 00:00:00+05:30,46.22,46.47,45.94,46.3,112355048
2019-12-26 00:00:00+05:30,46.3,47.2,46.3,46.79,182556027
2019-12-27 00:00:00+05:30,46.93,47.18,46.32,46.95,111443328
2019-12-30 00:00:00+05:30,47.01,47.63,46.51,47.48,114620738
2019-12-31 00:00:00+05:30,47.27,47.53,46.95,47.21,96441448
2020-01-01 00:00:00+05:30,47.3,47.65,46.48,46.78,121005298
2020-01-02 00:00:00+05:30,47.2,48.78,47.2,48.49,216749606
2020-01-03 00:00:00+05:30,48.3,48.62,47.95,48.37,129568628
2020-01-06 00:00:00+05:30,48.0,48.0,47.06,47.33,96016078
2020-01-07 00:00:00+05:30,47.55,48.46,47.36,47.61,131957878
2020-01-08 00:00:00+05:30,47.17,47.82,46.7,47.53,133048408
2020-01-09 00:00:00+05:30,48.5,48.6,47.91,48.32,101311518
2020-01-10 00:00:00+05:30,48.55,49.39,48.0,48.62,159276337
2020-01-13 00:00:00+05:30,49.11,49.7,48.78,49.58,109427498
2020-01-14 00:00:00+05:30,49.65,50.6,49.58,49.86,156608217
2020-01-15 00:00:00+05:30,49.19,50.36,48.92,50.21,121179478
2020-01-16 00:00:00+05:30,50.2,50.41,49.21,49.44,104383688
2020-01-17 00:00:00+05:30,49.33,49.89,49.19,49.53,56824599
2020-01-20 00:00:00+05:30,49.7,49.98,48.92,49.07,72918778
2020-01-21 00:00:00+05:30,48.78,48.78,47.35,47.62,113158028
2020-01-22 00:00:00+05:30,47.87,47.99,47.32,47.51,76621708
2020-01-23 00:00:00+05:30,47.59,48.19,47.32,48.03,72000198
2020-01-24 00:00:00+05:30,48.03,48.51,47.65,48.34,74811298
2020-01-27 00:00:00+05:30,47.78,47.78,46.01,46.25,129631188
2020-01-28 00:00:00+05:30,46.0,46.2,44.2,44.63,180152827
2020-01-29 00:00:00+05:30,45.28,45.97,44.96,45.22,110818338
2020-01-30 00:00:00+05:30,45.19,45.45,44.14,44.86,146520157
2020-01-31 00:00:00+05:30,45.3,45.43,43.65,43.87,107387268
2020-02-01 00:00:00+05:30,43.15,44.0,42.01,42.38,129152118
2020-02-03 00:00:00+05:30,41.8,43.9,41.66,43.61,162371257
2020-02-04 00:00:00+05:30,44.2,45.34,43.35,45.19,133362628
2020-02-05 00:00:00+05:30,45.23,47.97,44.8,47.51,160567647
2020-02-06 00:00:00+05:30,47.8,48.73,47.16,47.76,166660737
2020-02-07 00:00:00+05:30,47.57,47.97,46.89,47.1,116499088
2020-02-10 00:00:00+05:30,46.03,46.33,44.0,44.38,267960476
2020-02-11 00:00:00+05:30,44.84,45.77,44.27,44.41,168243707
2020-02-12 00:00:00+05:30,45.0,45.45,44.26,44.8,117858578
2020-02-13 00:00:00+05:30,44.88,45.17,43.94,44.13,99652208
2020-02-14 00:00:00+05:30,44.1,44.56,43.34,43.46,94848168
2020-02-17 00:00:00+05:30,43.55,44.09,43.3,43.69,97247648
2020-02-18 00:00:00+05:30,43.4,43.52,42.13,43.14,115024228
2020-02-19 00:00:00+05:30,43.65,43.85,42.82,43.32,84651088
2020-02-20 00:00:00+05:30,42.9,44.77,42.8,44.36,129802368
2020-02-24 00:00:00+05:30,43.49,43.49,41.34,41.55,175231417
2020-02-25 00:00:00+05:30,41.9,42.56,41.44,42.13,145581757
2020-02-26 00:00:00+05:30,41.13,41.94,41.13,41.63,142707057
2020-02-27 00:00:00+05:30,41.49,41.59,40.71,41.28,102263788
2020-02-28 00:00:00+05:30,39.87,39.9,37.5,38.18,245328326
2020-03-02 00:00:00+05:30,39.37,39.4,35.8,36.41,202207716
2020-03-03 00:00:00+05:30,37.35,39.1,37.01,38.76,186489327
2020-03-04 00:00:00+05:30,38.81,38.99,36.51,37.72,229371476
2020-03-05 00:00:00+05:30,38.4,38.78,37.43,37.58,146284677
2020-03-06 00:00:00+05:30,35.7,35.83,34.67,35.15,148481877
2020-03-09 00:00:00+05:30,33.75,33.77,31.98,32.23,204238256
2020-03-11 00:00:00+05:30,32.4,32.61,29.61,29.98,286937085
2020-03-12 00:00:00+05:30,27.5,29.18,26.72,28.75,437677623
2020-03-13 00:00:00+05:30,27.0,33.21,25.54,32.67,338423094
2020-03-16 00:00:00+05:30,30.4,31.77,28.71,28.96,236064516
2020-03-17 00:00:00+05:30,30.0,30.77,28.05,28.28,206546026
2020-03-18 00:00:00+05:30,29.0,29.32,27.57,28.09,187726747
2020-03-19 00:00:00+05:30,26.9,28.45,26.05,27.19,187232567
2020-03-20 00:00:00+05:30,27.97,30.5,27.42,29.78,173078817
2020-03-23 00:00:00+05:30,26.8,27.8,25.36,27.12,121006838
2020-03-24 00:00:00+05:30,27.71,28.57,25.86,27.19,129288768
2020-03-25 00:00:00+05:30,26.71,29.5,26.71,28.68,94428338
2020-03-26 00:00:00+05:30,29.0,29.55,28.01,28.45,114938368
2020-03-27 00:00:00+05:30,29.1,29.53,27.42,27.73,111841388
2020-03-30 00:00:00+05:30,26.7,27.08,25.09,25.41,158537607
2020-03-31 00:00:00+05:30,26.23,27.25,25.97,26.96,157874107
2020-04-01 00:00:00+05:30,26.6,26.8,25.81,26.64,119650308
2020-04-03 00:00:00+05:30,26.77,26.89,25.1,25.38,125280298
2020-04-07 00:00:00+05:30,26.61,27.77,26.12,27.62,159568727
2020-04-08 00:00:00+05:30,27.1,29.29,26.67,27.48,204351556
2020-04-09 00:00:00+05:30,28.05,28.96,27.77,28.49,138557877
2020-04-13 00:00:00+05:30,28.5,29.2,27.39,28.26,155105977
2020-04-15 00:00:00+05:30,28.74,29.57,28.19,28.52,209919426
2020-04-16 00:00:00+05:30,27.6,29.19,27.6,28.89,172488057
2020-04-17 00:00:00+05:30,29.75,29.97,28.55,29.34,174928837
2020-04-20 00:00:00+05:30,29.48,29.5,28.51,28.64,119613548
2020-04-21 00:00:00+05:30,28.01,28.1,26.33,26.6,169254167
2020-04-22 00:00:00+05:30,26.61,26.99,25.92,26.84,147898567
2020-04-23 00:00:00+05:30,27.0,27.9,26.9,27.03,154681217
2020-04-24 00:00:00+05:30,26.63,27.39,26.45,26.76,123838458
2020-04-27 00:00:00+05:30,27.4,27.69,27.05,27.17,124108118
2020-04-28 00:00:00+05:30,27.39,27.54,26.96,27.36,85481338
2020-04-29 00:00:00+05:30,27.3,28.62,27.13,28.27,198766957
2020-04-30 00:00:00+05:30,29.0,30.45,28.87,29.83,236360816
2020-05-04 00:00:00+05:30,28.5,28.62,27.01,27.36,128921578
2020-05-05 00:00:00+05:30,27.9,28.24,27.1,27.27,121823548
2020-05-06 00:00:00+05:30,27.41,28.05,27.21,27.78,95077308
2020-05-07 00:00:00+05:30,27.55,28.29,27.47,27.59,89584108
2020-05-08 00:00:00+05:30,28.28,28.4,27.2,27.29,98782128
2020-05-11 00:00:00+05:30,27.56,28.3,27.5,27.62,109074078
2020-05-12 00:00:00+05:30,27.33,27.68,26.45,27.4,150403337
2020-05-13 00:00:00+05:30,28.75,28.8,27.35,27.66,147237477
2020-05-14 00:00:00+05:30,27.2,27.52,26.73,26.86,107969588
2020-05-15 00:00:00+05:30,27.0,27.68,26.88,27.35,149914577
2020-05-18 00:00:00+05:30,27.41,27.62,26.25,26.66,116160798
2020-05-19 00:00:00+05:30,27.2,28.04,26.75,27.2,168971727
2020-05-20 00:00:00+05:30,27.2,28.4,27.01,28.32,144236567
2020-05-21 00:00:00+05:30,28.39,28.63,27.85,28.37,130358808
2020-05-22 00:00:00+05:30,27.9,28.03,27.33,27.45,106569108
2020-05-26 00:00:00+05:30,27.75,28.44,27.7,28.05,121087398
2020-05-27 00:00:00+05:30,28.22,29.04,27.91,28.8,140075617
2020-05-28 00:00:00+05:30,29.19,29.86,28.94,29.55,166024617
2020-05-29 00:00:00+05:30,29.21,29.69,28.79,29.52,131280268
2020-06-01 00:00:00+05:30,30.2,31.78,30.2,31.52,243846326
2020-06-02 00:00:00+05:30,31.8,32.35,31.46,31.94,165632667
2020-06-03 00:00:00+05:30,32.55,32.63,31.51,31.74,103871358
2020-06-04 00:00:00+05:30,31.69,32.26,31.46,32.0,112513308
2020-06-05 00:00:00+05:30,32.58,34.37,32.51,33.9,309184945
2020-06-08 00:00:00+05:30,34.77,35.08,32.74,33.36,164818087
2020-06-09 00:00:00+05:30,33.6,34.4,32.89,33.22,149268617
2020-06-10 00:00:00+05:30,33.11,33.15,32.2,32.4,172188927
2020-06-11 00:00:00+05:30,32.2,32.35,31.1,31.32,139069847
2020-06-12 00:00:00+05:30,30.0,32.05,30.0,31.76,175580097
2020-06-15 00:00:00+05:30,31.38,31.5,30.26,30.62,185829267
2020-06-16 00:00:00+05:30,31.51,32.26,30.13,30.9,234420266
2020-06-17 00:00:00+05:30,30.72,31.48,30.51,30.82,114474108
2020-06-18 00:00:00+05:30,30.82,31.92,30.71,31.81,113692778
2020-06-19 00:00:00+05:30,32.1,32.59,31.73,32.06,151346927
2020-06-22 00:00:00+05:30,31.98,32.8,31.84,32.57,110313848
2020-06-23 00:00:00+05:30,32.77,33.35,32.62,33.2,125511538
2020-06-24 00:00:00+05:30,33.66,33.82,32.48,32.61,207829556
2020-06-25 00:00:00+05:30,32.2,32.74,32.1,32.31,113457278
2020-06-26 00:00:00+05:30,32.58,33.0,32.26,32.39,97063348
2020-06-29 00:00:00+05:30,32.3,32.6,31.21,32.09,119611978
2020-06-30 00:00:00+05:30,32.31,33.77,32.31,32.67,365236464
2020-07-01 00:00:00+05:30,32.9,32.96,32.03,32.37,104895328
2020-07-02 00:00:00+05:30,32.71,33.75,32.46,33.49,119719278
2020-07-03 00:00:00+05:30,33.7,33.7,32.74,32.99,106127298
2020-07-06 00:00:00+05:30,33.32,34.17,33.03,33.89,141442077
2020-07-07 00:00:00+05:30,33.88,33.89,32.81,33.03,108395208
2020-07-08 00:00:00+05:30,33.28,34.64,33.2,33.42,215611676
2020-07-09 00:00:00+05:30,33.7,34.85,33.65,34.45,244038056
2020-07-10 00:00:00+05:30,34.2,34.43,33.52,33.87,125269088
2020-07-13 00:00:00+05:30,34.33,34.7,33.85,34.21,121150018
2020-07-14 00:00:00+05:30,33.9,33.9,33.26,33.67,83070888
2020-07-15 00:00:00+05:30,34.07,34.65,33.8,33.93,96876628
2020-07-16 00:00:00+05:30,33.8,34.65,33.16,34.17,105861058
2020-07-17 00:00:00+05:30,34.6,35.68,34.52,35.1,244169746
2020-07-20 00:00:00+05:30,35.11,35.47,34.66,35.24,95328168
2020-07-21 00:00:00+05:30,35.6,36.06,34.95,35.92,113682748
2020-07-22 00:00:00+05:30,36.05,36.29,34.66,35.01,178442367
2020-07-23 00:00:00+05:30,35.01,35.64,34.77,35.19,96252768
2020-07-24 00:00:00+05:30,34.7,34.98,34.26,34.61,89189398
2020-07-27 00:00:00+05:30,35.1,35.39,34.43,35.29,118356278
2020-07-28 00:00:00+05:30,35.36,36.0,35.28,35.85,106403268
2020-07-29 00:00:00+05:30,35.9,37.85,35.62,37.38,301161305
2020-07-30 00:00:00+05:30,37.7,37.78,36.41,36.66,103990748
2020-07-31 00:00:00+05:30,36.56,37.04,36.04,36.63,90249548
2020-08-03 00:00:00+05:30,36.48,37.69,36.21,37.35,111375708
2020-08-04 00:00:00+05:30,37.45,37.8,36.77,37.23,111844298
2020-08-05 00:00:00+05:30,37.31,39.79,37.31,39.58,305597595
2020-08-06 00:00:00+05:30,38.98,40.28,38.55,40.05,221233576
2020-08-07 00:00:00+05:30,39.59,40.67,39.31,40.41,151763427
2020-08-10 00:00:00+05:30,40.58,41.16,39.96,41.02,120183048
2020-08-11 00:00:00+05:30,41.31,42.76,41.25,41.65,258851916
2020-08-12 00:00:00+05:30,41.37,41.74,40.76,41.45,115746918
2020-08-13 00:00:00+05:30,41.82,42.17,40.89,41.31,124222028
2020-08-14 00:00:00+05:30,41.0,43.1,40.91,41.85,477423712
2020-08-17 00:00:00+05:30,41.8,42.92,41.43,42.51,181459527
2020-08-18 00:00:00+05:30,42.17,43.68,41.97,43.45,173422607
2020-08-19 00:00:00+05:30,43.45,43.56,42.89,43.17,118437308
2020-08-20 00:00:00+05:30,42.5,43.83,42.31,43.26,158466087
2020-08-21 00:00:00+05:30,43.58,44.2,42.66,42.89,134823267
2020-08-24 00:00:00+05:30,43.36,43.78,42.81,42.95,90938888
2020-08-25 00:00:00+05:30,43.2,43.27,42.15,42.4,105544838
2020-08-26 00:00:00+05:30,42.5,42.78,42.22,42.5,79571638
2020-08-27 00:00:00+05:30,42.55,43.02,42.3,42.69,95497158
2020-08-28 00:00:00+05:30,42.97,43.8,42.31,42.42,152120167
2020-08-31 00:00:00+05:30,42.65,43.02,41.0,41.3,157461387
2020-09-01 00:00:00+05:30,41.39,43.27,41.2,42.87,140728477
2020-09-02 00:00:00+05:30,43.01,44.17,42.71,43.87,117393408
2020-09-03 00:00:00+05:30,44.25,44.37,43.59,43.81,102142888
2020-09-07 00:00:00+05:30,42.37,42.84,41.85,42.25,96284058
2020-09-08 00:00:00+05:30,42.58,42.58,40.26,40.51,116373698
2020-09-09 00:00:00+05:30,39.88,42.02,38.65,41.74,319998745
2020-09-10 00:00:00+05:30,42.4,42.59,40.11,40.8,229207826
2020-09-11 00:00:00+05:30,40.88,41.27,40.25,40.75,136871267
2020-09-14 00:00:00+05:30,41.0,41.41,40.22,40.47,123311208
2020-09-15 00:00:00+05:30,40.7,41.06,40.36,40.53,91327488
2020-09-16 00:00:00+05:30,40.65,41.0,40.27,40.46,99874118
2020-09-17 00:00:00+05:30,40.2,40.75,39.32,39.87,148080217
2020-09-18 00:00:00+05:30,40.21,40.57,39.34,39.55,168422437
2020-09-21 00:00:00+05:30,39.6,39.92,37.1,37.34,141387607
2020-09-22 00:00:00+05:30,37.4,37.85,35.82,37.42,220130266
2020-09-23 00:00:00+05:30,37.7,37.8,35.65,36.13,169845997
2020-09-24 00:00:00+05:30,35.68,35.73,34.28,34.39,124958398
2020-09-25 00:00:00+05:30,34.8,35.56,34.42,35.21,122425758
2020-09-28 00:00:00+05:30,36.0,36.5,35.57,36.1,122704778
2020-09-29 00:00:00+05:30,36.5,37.18,36.17,37.01,178917187
2020-09-30 00:00:00+05:30,37.11,37.15,35.8,35.98,129637838
2020-10-01 00:00:00+05:30,36.43,37.03,36.32,36.5,95551228
2020-10-05 00:00:00+05:30,37.01,38.55,36.95,38.23,195906347
2020-10-06 00:00:00+05:30,38.68,38.73,37.31,37.74,142863757
2020-10-07 00:00:00+05:30,37.6,37.93,37.0,37.11,96941238
2020-10-08 00:00:00+05:30,37.45,38.3,37.17,37.37,141111687
2020-10-09 00:00:00+05:30,37.61,38.7,36.71,36.95,220065876
2020-10-12 00:00:00+05:30,37.35,37.72,36.25,37.11,157568607
2020-10-13 00:00:00+05:30,37.2,37.63,36.67,36.84,119025638
2020-10-14 00:00:00+05:30,37.04,37.73,36.96,37.56,148921877
2020-10-15 00:00:00+05:30,38.1,38.86,37.15,37.39,316510225
2020-10-16 00:00:00+05:30,37.71,39.59,37.52,39.39,288555265
2020-10-19 00:00:00+05:30,39.76,40.0,39.18,39.55,147299937
2020-10-20 00:00:00+05:30,39.2,39.74,38.96,39.24,109496818
2020-10-21 00:00:00+05:30,39.63,40.8,39.44,40.41,263519576
2020-10-22 00:00:00+05:30,40.19,41.36,40.01,40.97,208884216
2020-10-23 00:00:00+05:30,41.3,42.6,41.22,42.35,285888495
2020-10-26 00:00:00+05:30,42.34,42.34,40.42,40.84,166087797
2020-10-27 00:00:00+05:30,40.87,41.69,40.34,41.1,160621707
2020-10-28 00:00:00+05:30,41.15,41.82,40.05,40.23,169657547
2020-10-29 00:00:00+05:30,39.95,40.5,39.53,40.14,138604097
2020-10-30 00:00:00+05:30,40.27,41.29,39.52,41.06,180210507
2020-11-02 00:00:00+05:30,41.0,41.25,39.87,40.29,131431088
2020-11-03 00:00:00+05:30,40.75,41.22,40.45,40.69,122580338
2020-11-04 00:00:00+05:30,40.89,41.51,40.14,40.39,136143657
2020-11-05 00:00:00+05:30,41.2,42.83,40.92,42.55,265177556
2020-11-06 00:00:00+05:30,42.45,43.29,42.27,42.65,173981927
2020-11-09 00:00:00+05:30,43.3,43.99,42.74,43.83,158308617
2020-11-10 00:00:00+05:30,44.0,45.33,43.56,44.19,262002396
2020-11-11 00:00:00+05:30,44.19,47.74,43.96,47.4,368618324
2020-11-12 00:00:00+05:30,47.2,47.99,46.63,47.32,234936846
2020-11-13 00:00:00+05:30,47.09,48.84,46.5,48.66,234181866
2020-11-14 00:00:00+05:30,49.66,49.95,48.7,49.22,78373998
2020-11-17 00:00:00+05:30,50.6,53.1,50.17,52.27,642845980
2020-11-18 00:00:00+05:30,51.8,52.38,51.07,51.72,174815127
2020-11-19 00:00:00+05:30,51.19,53.57,51.0,52.36,201379976
2020-11-20 00:00:00+05:30,52.6,54.17,52.1,53.29,266859996
2020-11-23 00:00:00+05:30,53.8,54.6,53.64,54.31,170254247
2020-11-24 00:00:00+05:30,54.8,55.05,54.14,54.83,130291258
2020-11-25 00:00:00+05:30,55.1,55.87,53.95,54.13,176809887
2020-11-26 00:00:00+05:30,54.6,57.11,54.13,56.84,225701846
2020-11-27 00:00:00+05:30,57.0,58.24,56.31,57.74,462912473
2020-12-01 00:00:00+05:30,59.2,59.2,57.7,58.58,147391087
2020-12-02 00:00:00+05:30,58.57,60.76,58.41,60.44,249970846
2020-12-03 00:00:00+05:30,60.9,62.48,60.8,62.09,247756516
2020-12-04 00:00:00+05:30,62.4,63.25,61.46,62.27,201535516
2020-12-07 00:00:00+05:30,62.36,62.9,60.95,61.46,155883207
2020-12-08 00:00:00+05:30,61.6,62.15,60.25,61.35,170158527
2020-12-09 00:00:00+05:30,61.8,62.07,60.71,60.94,127307308
2020-12-10 00:00:00+05:30,60.6,61.4,59.35,61.01,198293277
2020-12-11 00:00:00+05:30,61.49,62.55,61.43,62.17,163956977
2020-12-14 00:00:00+05:30,62.68,63.89,62.53,62.68,177227147
2020-12-15 00:00:00+05:30,62.35,63.71,61.74,63.54,132263118
2020-12-16 00:00:00+05:30,64.12,64.95,63.82,64.34,160402557
2020-12-17 00:00:00+05:30,64.34,64.6,63.15,63.53,79651858
2020-12-18 00:00:00+05:30,63.83,64.09,62.8,63.13,253515056
2020-12-21 00:00:00+05:30,62.4,62.77,58.56,59.59,190766537
2020-12-22 00:00:00+05:30,59.6,61.05,58.5,60.14,188468787
2020-12-23 00:00:00+05:30,59.9,62.42,59.63,62.14,122383428
2020-12-24 00:00:00+05:30,62.53,63.7,61.93,62.23,120907398
2020-12-28 00:00:00+05:30,62.83,63.54,62.66,63.27,104805168
2020-12-29 00:00:00+05:30,63.79,63.97,62.11,63.22,104163258
2020-12-30 00:00:00+05:30,63.3,64.4,62.41,64.05,115144278
2020-12-31 00:00:00+05:30,63.66,65.35,63.66,64.37,177130117
2021-01-01 00:00:00+05:30,64.5,64.97,64.0,64.31,84113958
2021-01-04 00:00:00+05:30,64.9,69.99,64.65,69.3,381849544
2021-01-05 00:00:00+05:30,68.7,69.39,67.51,68.06,215452536
2021-01-06 00:00:00+05:30,68.4,69.67,67.5,68.38,196105217
2021-01-07 00:00:00+05:30,69.3,73.15,69.17,72.28,382321934
2021-01-08 00:00:00+05:30,72.7,72.73,70.31,71.32,193293127
2021-01-11 00:00:00+05:30,71.2,71.2,68.82,69.57,170245087
2021-01-12 00:00:00+05:30,69.5,72.45,69.11,69.49,245254836
2021-01-13 00:00:00+05:30,70.15,71.46,69.3,70.92,193538707
2021-01-14 00:00:00+05:30,71.0,71.45,69.71,70.64,115408578
2021-01-15 00:00:00+05:30,71.2,72.15,69.77,70.59,206884366
2021-01-18 00:00:00+05:30,70.8,70.88,65.95,66.67,250452256
2021-01-19 00:00:00+05:30,67.2,68.4,64.7,68.11,312451175
2021-01-20 00:00:00+05:30,69.02,69.95,68.26,69.02,233131496
2021-01-21 00:00:00+05:30,69.1,69.48,66.16,66.67,161178667
2021-01-22 00:00:00+05:30,67.0,67.58,63.37,64.7,237156646
2021-01-25 00:00:00+05:30,65.1,66.19,63.1,65.2,163484727
2021-01-27 00:00:00+05:30,65.09,65.12,62.38,62.6,149180837
2021-01-28 00:00:00+05:30,61.8,63.06,61.26,62.37,170917517
2021-01-29 00:00:00+05:30,63.01,63.38,59.6,60.1,268265746
2021-02-01 00:00:00+05:30,60.49,64.0,59.75,63.61,210846936
2021-02-02 00:00:00+05:30,64.3,64.8,62.41,64.17,180489567
2021-02-03 00:00:00+05:30,64.49,66.43,63.73,65.32,148463807
2021-02-04 00:00:00+05:30,65.4,66.35,63.86,65.6,147649947
2021-02-05 00:00:00+05:30,65.69,69.06,65.14,68.51,291008875
2021-02-08 00:00:00+05:30,69.4,70.49,68.27,70.3,214621686
2021-02-09 00:00:00+05:30,70.65,71.65,69.16,69.92,293370275
2021-02-10 00:00:00+05:30,71.0,72.45,68.01,69.03,573979181
2021-02-11 00:00:00+05:30,68.76,70.46,68.29,69.47,163407047
2021-02-12 00:00:00+05:30,69.5,69.79,67.85,68.05,147054787
2021-02-15 00:00:00+05:30,68.71,68.8,67.0,67.22,131716718
2021-02-16 00:00:00+05:30,67.22,70.86,66.83,69.92,336618374
2021-02-17 00:00:00+05:30,69.77,70.35,68.75,69.68,159574827
2021-02-18 00:00:00+05:30,70.0,71.1,69.4,69.78,148561467
2021-02-19 00:00:00+05:30,69.6,69.6,65.6,67.07,223923856
2021-02-22 00:00:00+05:30,67.29,69.79,67.09,68.46,281491085
2021-02-23 00:00:00+05:30,68.96,73.6,68.22,72.93,389070704
2021-02-24 00:00:00+05:30,73.5,74.5,72.0,72.77,216767886
2021-02-25 00:00:00+05:30,73.52,75.3,73.2,74.29,219015956
2021-02-26 00:00:00+05:30,72.5,74.16,71.11,71.52,235515906
2021-03-01 00:00:00+05:30,72.4,73.83,71.14,73.04,140586457
2021-03-02 00:00:00+05:30,73.05,73.98,72.32,73.55,111133988
2021-03-03 00:00:00+05:30,74.1,78.25,74.1,77.72,288428345
2021-03-04 00:00:00+05:30,75.1,76.69,74.37,75.8,228738216
2021-03-05 00:00:00+05:30,74.85,75.6,72.7,73.33,168819597
2021-03-08 00:00:00+05:30,74.4,75.12,73.51,73.73,106145958
2021-03-09 00:00:00+05:30,74.5,75.1,70.23,70.68,195564377
2021-03-10 00:00:00+05:30,71.49,73.0,70.31,72.45,196858597
2021-03-12 00:00:00+05:30,74.0,74.5,71.4,72.0,161214087
2021-03-15 00:00:00+05:30,72.2,73.9,71.51,73.64,155432307
2021-03-16 00:00:00+05:30,74.01,74.01,71.92,72.41,125699978
2021-03-17 00:00:00+05:30,72.5,72.6,70.07,70.44,105409588
2021-03-18 00:00:00+05:30,71.63,72.29,69.83,70.49,143206507
2021-03-19 00:00:00+05:30,70.28,73.68,68.13,73.3,246378136
2021-03-22 00:00:00+05:30,73.11,74.57,72.5,74.35,137603697
2021-03-23 00:00:00+05:30,74.6,74.95,73.33,74.12,118738958
2021-03-24 00:00:00+05:30,73.1,73.3,69.9,70.28,210302826
2021-03-25 00:00:00+05:30,71.01,73.07,68.84,72.32,367223994
2021-03-26 00:00:00+05:30,73.04,77.49,72.52,76.69,429122463
2021-03-30 00:00:00+05:30,78.0,81.0,77.79,80.0,284803375
2021-03-31 00:00:00+05:30,79.4,82.35,79.01,81.19,280445845
2021-04-01 00:00:00+05:30,82.1,86.89,81.9,86.31,368420974
2021-04-05 00:00:00+05:30,86.2,87.79,83.72,86.78,305759855
2021-04-06 00:00:00+05:30,87.55,88.25,85.82,86.29,207789196
2021-04-07 00:00:00+05:30,86.95,88.5,86.47,87.49,171132077
2021-04-08 00:00:00+05:30,88.4,95.37,88.27,91.84,530630552
2021-04-09 00:00:00+05:30,92.1,93.0,88.57,89.95,321790685
2021-04-12 00:00:00+05:30,87.66,89.32,84.34,85.16,221355036
2021-04-13 00:00:00+05:30,86.2,88.16,84.9,87.9,204285016
2021-04-15 00:00:00+05:30,89.2,91.15,87.95,89.82,218563566
2021-04-16 00:00:00+05:30,90.38,91.44,88.63,89.03,173985977
2021-04-19 00:00:00+05:30,86.98,89.9,86.0,88.81,191469957
2021-04-20 00:00:00+05:30,90.0,90.58,88.2,89.4,169152927
2021-04-22 00:00:00+05:30,90.0,93.87,89.71,92.14,319028145
2021-04-23 00:00:00+05:30,92.98,94.5,91.08,92.56,247523856
2021-04-26 00:00:00+05:30,93.5,95.6,93.01,94.08,212348576
2021-04-27 00:00:00+05:30,94.83,98.3,94.43,97.78,249045146
2021-04-28 00:00:00+05:30,98.5,98.6,96.2,97.14,204479676
2021-04-29 00:00:00+05:30,98.3,103.7,98.3,103.14,447186463
2021-04-30 00:00:00+05:30,102.4,105.26,101.11,103.4,281297375
2021-05-03 00:00:00+05:30,103.2,106.9,101.85,106.48,264840996
2021-05-04 00:00:00+05:30,107.45,108.67,105.76,106.39,249616276
2021-05-05 00:00:00+05:30,108.4,108.84,104.7,107.02,192498387
2021-05-06 00:00:00+05:30,105.5,112.9,104.25,110.09,464345363
2021-05-07 00:00:00+05:30,113.5,119.2,113.01,118.24,553254321
2021-05-10 00:00:00+05:30,121.0,122.9,118.19,121.64,305808835
2021-05-11 00:00:00+05:30,119.0,124.6,117.69,123.39,411083803
2021-05-12 00:00:00+05:30,123.2,124.69,116.33,117.92,308891915
2021-05-14 00:00:00+05:30,118.5,118.5,111.52,113.21,376480314
2021-05-17 00:00:00+05:30,113.8,115.82,110.35,115.09,287534295
2021-05-18 00:00:00+05:30,117.5,119.65,115.71,118.0,245738796
2021-05-19 00:00:00+05:30,117.3,118.96,115.8,116.43,174350257
2021-05-20 00:00:00+05:30,113.11,113.55,109.81,110.51,284462525
2021-05-21 00:00:00+05:30,111.4,112.39,110.59,111.31,141049257
2021-05-24 00:00:00+05:30,110.8,110.9,108.21,109.2,189238417
2021-05-25 00:00:00+05:30,110.2,112.6,110.0,110.52,181137517
2021-05-26 00:00:00+05:30,109.05,109.4,107.25,108.22,154327027
2021-05-27 00:00:00+05:30,108.22,110.98,107.5,109.67,227910316
2021-05-28 00:00:00+05:30,113.1,114.36,109.75,110.35,192085807
2021-05-31 00:00:00+05:30,111.2,112.97,109.9,112.57,154286467
2021-06-01 00:00:00+05:30,112.0,112.3,108.55,110.09,176909247
2021-06-02 00:00:00+05:30,110.5,112.98,110.4,112.41,128625908
2021-06-03 00:00:00+05:30,112.96,113.98,111.3,112.2,121094768
2021-06-04 00:00:00+05:30,111.6,112.88,110.7,112.07,97133468
2021-06-07 00:00:00+05:30,113.0,115.0,112.56,112.87,122185918
2021-06-08 00:00:00+05:30,113.27,113.27,110.01,111.11,108343728
2021-06-09 00:00:00+05:30,111.7,112.8,109.4,110.1,111143378
2021-06-10 00:00:00+05:30,110.93,112.58,110.29,111.45,77767638
2021-06-11 00:00:00+05:30,112.78,116.46,111.31,115.84,174458557
2021-06-14 00:00:00+05:30,116.8,117.87,114.0,116.48,160312637
2021-06-15 00:00:00+05:30,117.0,118.68,116.01,117.43,97681018
2021-06-16 00:00:00+05:30,116.9,118.48,113.17,114.22,175211067
2021-06-17 00:00:00+05:30,111.9,113.38,109.57,110.38,162076867
2021-06-18 00:00:00+05:30,110.5,110.99,105.03,109.23,403470763
2021-06-21 00:00:00+05:30,107.0,110.9,106.37,110.62,130014318
2021-06-22 00:00:00+05:30,111.42,113.1,110.65,111.23,90246338
2021-06-23 00:00:00+05:30,112.05,112.76,109.79,110.01,78063358
2021-06-24 00:00:00+05:30,110.5,112.05,109.85,111.32,72394698
2021-06-25 00:00:00+05:30,113.5,117.0,113.0,116.53,180227697
2021-06-28 00:00:00+05:30,117.4,118.9,116.3,118.4,116603348
2021-06-29 00:00:00+05:30,118.45,119.2,116.56,117.26,78037588
2021-06-30 00:00:00+05:30,118.11,119.1,116.28,116.66,80432668
2021-07-01 00:00:00+05:30,117.19,117.68,115.65,116.36,56149279
2021-07-02 00:00:00+05:30,116.6,116.68,113.02,113.6,75734068
2021-07-05 00:00:00+05:30,114.6,116.18,113.6,115.69,76798998
2021-07-06 00:00:00+05:30,115.87,117.8,115.03,116.73,91468348
2021-07-07 00:00:00+05:30,116.8,122.5,115.85,121.87,167456257
2021-07-08 00:00:00+05:30,122.5,123.0,118.12,118.98,124105848
2021-07-09 00:00:00+05:30,119.2,124.41,118.8,123.94,178593557
2021-07-12 00:00:00+05:30,125.1,125.85,121.84,122.7,166477747
2021-07-13 00:00:00+05:30,123.8,124.35,122.31,122.88,79155278
2021-07-14 00:00:00+05:30,123.2,124.77,121.9,124.47,83413878
2021-07-15 00:00:00+05:30,124.61,126.58,123.77,125.6,96555508
2021-07-16 00:00:00+05:30,126.47,128.13,125.91,127.85,84969248
2021-07-19 00:00:00+05:30,125.9,129.09,125.37,126.64,89046288
2021-07-20 00:00:00+05:30,127.2,127.23,122.5,123.34,85799398
2021-07-22 00:00:00+05:30,124.9,127.8,124.8,127.3,78940238
2021-07-23 00:00:00+05:30,127.94,129.55,127.4,128.14,86418648
2021-07-26 00:00:00+05:30,128.9,130.83,127.81,129.8,86784328
2021-07-27 00:00:00+05:30,131.5,133.45,130.81,133.07,103413818
2021-07-28 00:00:00+05:30,133.2,137.0,130.62,136.5,128351248
2021-07-29 00:00:00+05:30,137.5,148.18,136.8,145.86,300610405
2021-07-30 00:00:00+05:30,145.57,147.27,142.78,143.43,140492647
2021-08-02 00:00:00+05:30,144.6,144.7,140.55,141.01,97689198
2021-08-03 00:00:00+05:30,141.4,142.09,139.04,140.72,86405598
2021-08-04 00:00:00+05:30,142.0,144.8,140.51,141.62,112894348
2021-08-05 00:00:00+05:30,141.53,145.0,138.75,144.66,162217987
2021-08-06 00:00:00+05:30,144.9,145.7,142.6,142.89,96740248
2021-08-09 00:00:00+05:30,143.4,144.33,140.54,141.22,78594928
2021-08-10 00:00:00+05:30,141.2,141.8,136.72,137.36,84516228
2021-08-11 00:00:00+05:30,139.0,142.97,138.42,142.62,145353567
2021-08-12 00:00:00+05:30,143.6,144.47,141.66,143.54,109431078
2021-08-13 00:00:00+05:30,140.5,147.66,139.07,146.17,289698715
2021-08-16 00:00:00+05:30,148.4,153.45,147.22,151.94,271144875
2021-08-17 00:00:00+05:30,151.94,153.4,149.18,150.37,189709227
2021-08-18 00:00:00+05:30,150.95,151.89,148.82,150.05,123317448
2021-08-20 00:00:00+05:30,144.51,144.7,136.28,137.56,273400685
2021-08-23 00:00:00+05:30,140.2,140.98,131.08,135.87,229257286
2021-08-24 00:00:00+05:30,138.2,142.0,137.7,140.47,176075787
2021-08-25 00:00:00+05:30,141.8,142.6,138.08,139.02,125650098
2021-08-26 00:00:00+05:30,139.04,139.48,136.5,137.51,91578978
2021-08-27 00:00:00+05:30,137.9,139.45,137.59,138.42,73940808
2021-08-30 00:00:00+05:30,139.9,144.5,139.8,144.06,134443867
2021-08-31 00:00:00+05:30,144.5,145.9,143.2,145.03,247521076
2021-09-01 00:00:00+05:30,145.13,145.55,140.7,141.12,88128968
2021-09-02 00:00:00+05:30,141.1,143.2,141.0,142.51,61480459
2021-09-03 00:00:00+05:30,142.8,145.3,141.65,144.37,84523818
2021-09-06 00:00:00+05:30,144.7,145.2,142.32,143.7,69586758
2021-09-07 00:00:00+05:30,144.4,145.9,142.07,142.87,63527169
2021-09-08 00:00:00+05:30,142.6,144.27,141.86,142.99,46762239
2021-09-09 00:00:00+05:30,142.0,145.2,142.0,144.7,53130299
2021-09-13 00:00:00+05:30,144.7,147.2,143.65,146.35,56702079
2021-09-14 00:00:00+05:30,147.6,147.6,144.9,145.23,55037669
2021-09-15 00:00:00+05:30,145.23,146.37,144.44,145.51,44174639
2021-09-16 00:00:00+05:30,146.0,147.19,143.13,143.68,56067969
2021-09-17 00:00:00+05:30,143.7,144.03,136.0,138.59,195720297
2021-09-20 00:00:00+05:30,135.0,135.19,124.74,125.31,282384115
2021-09-21 00:00:00+05:30,125.8,129.69,123.29,129.22,255935396
2021-09-22 00:00:00+05:30,129.94,131.8,128.31,130.58,111242468
2021-09-23 00:00:00+05:30,133.0,133.95,130.61,131.87,99462508
2021-09-24 00:00:00+05:30,132.0,132.4,125.85,127.21,132866158
2021-09-27 00:00:00+05:30,127.2,128.87,126.11,127.05,86688768
2021-09-28 00:00:00+05:30,127.35,129.68,126.3,128.1,81007358
2021-09-29 00:00:00+05:30,127.0,130.98,126.72,129.56,94945768
2021-09-30 00:00:00+05:30,130.3,131.64,128.39,128.89,75145678
2021-10-01 00:00:00+05:30,127.5,131.1,126.5,129.79,90374698
2021-10-04 00:00:00+05:30,129.79,132.78,128.04,132.42,103668828
2021-10-05 00:00:00+05:30,131.4,133.27,131.02,131.69,57952159
2021-10-06 00:00:00+05:30,131.99,132.86,127.32,127.99,86316928
2021-10-07 00:00:00+05:30,129.5,130.68,128.36,128.92,46033669
2021-10-08 00:00:00+05:30,130.2,134.41,129.64,130.12,107220148
2021-10-11 00:00:00+05:30,130.5,132.74,129.8,131.32,63496579
2021-10-12 00:00:00+05:30,131.32,133.5,130.5,132.91,60970189
2021-10-13 00:00:00+05:30,132.55,137.66,131.81,135.43,132857178
2021-10-14 00:00:00+05:30,137.4,139.06,135.4,137.51,82273708
2021-10-18 00:00:00+05:30,141.8,142.48,139.11,141.11,109232298
2021-10-19 00:00:00+05:30,142.1,142.66,135.76,136.69,87569238
2021-10-20 00:00:00+05:30,137.2,137.6,132.67,134.33,69757738
2021-10-21 00:00:00+05:30,135.67,135.79,128.97,131.47,83575728
2021-10-22 00:00:00+05:30,132.0,132.47,127.1,129.63,80712888
2021-10-25 00:00:00+05:30,130.2,131.6,126.73,129.33,64185009
2021-10-26 00:00:00+05:30,130.3,135.1,130.15,134.37,77228748
2021-10-27 00:00:00+05:30,134.6,135.17,132.13,132.62,72418038
2021-10-28 00:00:00+05:30,131.49,131.6,129.11,129.96,93076818
2021-10-29 00:00:00+05:30,129.03,133.37,129.0,131.6,79147598
2021-11-01 00:00:00+05:30,134.0,137.29,133.0,136.49,96875328
2021-11-02 00:00:00+05:30,137.0,137.0,131.08,131.37,72161368
2021-11-03 00:00:00+05:30,132.48,133.2,131.2,132.61,57302439
2021-11-04 00:00:00+05:30,133.1,133.5,132.41,132.59,6744339
2021-11-08 00:00:00+05:30,134.09,134.77,130.61,134.33,54936669
2021-11-09 00:00:00+05:30,134.29,136.03,132.89,133.6,47565159
2021-11-10 00:00:00+05:30,132.8,132.9,128.71,129.86,118804168
2021-11-11 00:00:00+05:30,130.49,132.45,128.84,129.96,136638597
2021-11-12 00:00:00+05:30,134.0,134.0,127.11,128.73,232395576
2021-11-15 00:00:00+05:30,129.5,129.9,124.15,124.55,121082148
2021-11-16 00:00:00+05:30,124.55,126.11,122.37,122.88,123148798
2021-11-17 00:00:00+05:30,122.5,123.74,121.51,122.01,87802038
2021-11-18 00:00:00+05:30,122.36,122.83,118.2,118.66,101083508
2021-11-22 00:00:00+05:30,118.81,119.68,114.6,116.51,96210008
2021-11-23 00:00:00+05:30,116.81,120.9,116.52,119.21,93829628
2021-11-24 00:00:00+05:30,120.04,120.3,117.12,117.85,67671008
2021-11-25 00:00:00+05:30,118.0,118.66,116.6,117.37,47502859
2021-11-26 00:00:00+05:30,115.79,115.95,110.63,111.23,106455258
2021-11-29 00:00:00+05:30,111.23,113.7,107.51,111.48,93929908
2021-11-30 00:00:00+05:30,111.1,112.79,106.3,107.12,133559838
2021-12-01 00:00:00+05:30,109.2,109.7,106.65,108.26,93791138
2021-12-02 00:00:00+05:30,108.3,111.6,107.4,111.24,91286808
2021-12-03 00:00:00+05:30,111.5,113.42,110.23,111.8,100737838
2021-12-06 00:00:00+05:30,111.4,114.1,110.22,110.88,82159398
2021-12-07 00:00:00+05:30,112.11,115.56,112.1,114.88,85053898
2021-12-08 00:00:00+05:30,115.9,117.7,114.9,117.3,74485008
2021-12-09 00:00:00+05:30,118.2,118.2,115.9,117.69,52123939
2021-12-10 00:00:00+05:30,117.35,118.89,116.76,118.0,48121299
2021-12-13 00:00:00+05:30,118.8,119.9,116.17,116.53,53537779
2021-12-14 00:00:00+05:30,115.9,117.79,114.7,116.72,53522639
2021-12-15 00:00:00+05:30,117.01,117.56,114.9,115.41,44308329
2021-12-16 00:00:00+05:30,116.4,116.88,114.36,115.32,42460079
2021-12-17 00:00:00+05:30,115.4,115.89,112.5,113.21,47435019
2021-12-20 00:00:00+05:30,111.7,111.72,106.61,107.3,73526498
2021-12-21 00:00:00+05:30,109.0,112.43,108.5,110.51,70268488
2021-12-22 00:00:00+05:30,111.5,113.1,111.0,112.89,43669169
2021-12-23 00:00:00+05:30,113.8,114.68,112.02,112.77,46214779
2021-12-24 00:00:00+05:30,113.01,113.35,110.39,111.55,40936299
2021-12-27 00:00:00+05:30,111.11,112.47,110.24,112.18,27588509
2021-12-28 00:00:00+05:30,112.7,113.15,112.2,112.75,28807809
2021-12-29 00:00:00+05:30,112.0,112.67,110.8,111.63,41935199
2021-12-30 00:00:00+05:30,111.79,112.7,109.9,110.1,41140929
2021-12-31 00:00:00+05:30,110.5,112.35,110.27,111.15,36870209
2022-01-03 00:00:00+05:30,111.5,115.1,111.5,114.25,38658029
2022-01-04 00:00:00+05:30,115.3,115.97,113.65,114.88,59757309
2022-01-05 00:00:00+05:30,114.7,118.08,114.13,117.76,61861759
2022-01-06 00:00:00+05:30,117.2,118.3,115.56,116.33,53353999
2022-01-07 00:00:00+05:30,116.52,117.4,114.79,116.04,39738569
2022-01-10 00:00:00+05:30,116.5,117.34,115.39,116.91,38224999
2022-01-11 00:00:00+05:30,115.87,116.27,111.3,113.03,96978848
2022-01-12 00:00:00+05:30,113.99,115.08,113.24,114.72,50358429
2022-01-13 00:00:00+05:30,115.4,122.55,115.22,122.12,157231157
2022-01-14 00:00:00+05:30,121.3,122.63,120.61,121.36,52679069
2022-01-17 00:00:00+05:30,121.5,124.5,119.04,122.98,89696068
2022-01-18 00:00:00+05:30,123.0,123.38,119.0,119.49,58408969
2022-01-19 00:00:00+05:30,119.6,122.09,118.3,120.96,73043208
2022-01-20 00:00:00+05:30,121.01,122.4,119.7,120.67,59205969
2022-01-21 00:00:00+05:30,120.0,120.43,115.64,116.97,71662668
2022-01-24 00:00:00+05:30,116.0,116.37,109.0,109.92,83920758
2022-01-25 00:00:00+05:30,109.47,112.1,108.71,110.91,57330629
2022-01-27 00:00:00+05:30,109.0,110.35,106.13,108.84,90566558
2022-01-28 00:00:00+05:30,110.59,112.58,108.1,108.47,78648928
2022-01-31 00:00:00+05:30,110.99,111.46,108.05,108.56,55709389
2022-02-01 00:00:00+05:30,110.49,117.45,108.64,116.74,170752677
2022-02-02 00:00:00+05:30,117.99,117.99,115.83,116.75,75247338
2022-02-03 00:00:00+05:30,115.3,118.17,114.63,116.66,65140899
2022-02-04 00:00:00+05:30,117.38,119.78,117.03,117.63,93174178
2022-02-07 00:00:00+05:30,116.83,121.46,116.1,118.3,145105247
2022-02-08 00:00:00+05:30,119.5,122.24,117.15,121.96,140839837
2022-02-09 00:00:00+05:30,123.1,123.4,120.82,122.24,73520598
2022-02-10 00:00:00+05:30,123.0,125.43,122.6,124.84,93920568
2022-02-11 00:00:00+05:30,123.9,126.5,123.31,125.45,96762258
2022-02-14 00:00:00+05:30,122.01,122.78,118.01,118.69,80216128
2022-02-15 00:00:00+05:30,119.69,121.2,115.16,120.78,101889208
2022-02-16 00:00:00+05:30,121.5,121.79,118.65,119.18,66092139
2022-02-17 00:00:00+05:30,120.11,120.95,118.62,119.1,56557919
2022-02-18 00:00:00+05:30,118.7,120.5,118.3,119.08,47251199
2022-02-21 00:00:00+05:30,118.8,120.2,117.44,118.19,49787319
2022-02-22 00:00:00+05:30,115.8,116.67,111.93,113.87,93858568
2022-02-23 00:00:00+05:30,114.8,115.26,113.4,113.9,49608379
2022-02-24 00:00:00+05:30,109.4,112.0,106.71,107.4,121268668
2022-02-25 00:00:00+05:30,109.77,115.07,109.56,114.54,92128858
2022-02-28 00:00:00+05:30,113.4,122.5,112.92,122.08,176054457
2022-03-02 00:00:00+05:30,122.08,129.96,121.86,128.94,248475316
2022-03-03 00:00:00+05:30,130.6,132.87,129.37,130.33,174503377
2022-03-04 00:00:00+05:30,130.24,131.99,127.3,127.71,162829227
2022-03-07 00:00:00+05:30,127.59,130.18,126.4,129.19,110400008
2022-03-09 00:00:00+05:30,127.39,127.68,124.86,125.54,69348878
2022-03-10 00:00:00+05:30,125.79,131.38,124.1,130.87,136740617
2022-03-11 00:00:00+05:30,131.5,133.99,129.62,130.17,118822988
2022-03-14 00:00:00+05:30,130.5,131.17,127.77,129.7,52780819
2022-03-15 00:00:00+05:30,129.18,129.3,122.8,123.38,96143128
2022-03-16 00:00:00+05:30,124.5,127.12,124.02,126.53,63024509
2022-03-17 00:00:00+05:30,127.5,131.78,127.11,130.35,106239758
2022-03-21 00:00:00+05:30,130.8,133.4,129.45,130.3,84227628
2022-03-22 00:00:00+05:30,132.0,133.0,128.81,130.2,81795878
2022-03-23 00:00:00+05:30,132.4,134.78,129.24,133.1,130552378
2022-03-24 00:00:00+05:30,133.1,135.95,132.6,135.06,94605268
2022-03-25 00:00:00+05:30,135.49,136.6,133.36,133.9,69457438
2022-03-28 00:00:00+05:30,134.0,135.5,132.76,133.9,46554909
2022-03-29 00:00:00+05:30,134.4,134.62,132.7,133.47,43202369
2022-03-30 00:00:00+05:30,133.5,133.56,130.0,130.81,58483159
2022-03-31 00:00:00+05:30,130.8,132.05,130.01,130.72,40067949
2022-04-01 00:00:00+05:30,131.0,134.09,130.55,131.71,55321589
2022-04-04 00:00:00+05:30,131.71,135.4,131.45,134.19,69670318
2022-04-05 00:00:00+05:30,134.85,135.8,132.93,134.49,63296419
2022-04-06 00:00:00+05:30,135.0,138.67,134.68,137.08,114097538
2022-04-07 00:00:00+05:30,137.7,138.1,134.1,134.95,55650639
2022-04-08 00:00:00+05:30,136.1,138.0,135.63,137.08,52287709
2022-04-11 00:00:00+05:30,137.07,138.4,135.3,135.79,44778819
2022-04-12 00:00:00+05:30,135.3,136.0,129.61,132.03,69191678
2022-04-13 00:00:00+05:30,133.5,134.6,131.5,131.95,44937799
2022-04-18 00:00:00+05:30,133.19,135.81,132.89,133.91,80700418
2022-04-19 00:00:00+05:30,135.26,136.67,130.9,132.66,64772189
2022-04-20 00:00:00+05:30,132.97,133.65,130.31,131.43,54100209
2022-04-21 00:00:00+05:30,131.6,132.28,128.59,130.22,66690279
2022-04-22 00:00:00+05:30,130.16,131.16,127.38,127.76,55848229
2022-04-25 00:00:00+05:30,125.0,126.3,121.28,122.04,72310458
2022-04-26 00:00:00+05:30,123.5,124.17,122.5,123.36,44812709
2022-04-27 00:00:00+05:30,122.7,125.5,121.04,124.67,71209738
2022-04-28 00:00:00+05:30,125.95,126.87,124.3,126.09,51295829
2022-04-29 00:00:00+05:30,126.8,129.17,126.57,127.11,57173519
2022-05-02 00:00:00+05:30,125.7,130.28,124.88,129.52,54426169
2022-05-04 00:00:00+05:30,132.73,133.0,125.45,126.14,138374017
2022-05-05 00:00:00+05:30,128.0,131.65,127.8,128.43,87338158
2022-05-06 00:00:00+05:30,126.8,129.0,124.3,128.37,69256758
2022-05-09 00:00:00+05:30,126.0,127.42,124.4,125.23,50552969
2022-05-10 00:00:00+05:30,125.1,125.47,115.86,116.49,145537417
2022-05-11 00:00:00+05:30,117.5,119.09,112.34,116.57,107063148
2022-05-12 00:00:00+05:30,115.69,116.24,110.3,111.77,94191608
2022-05-13 00:00:00+05:30,113.5,115.18,109.2,109.7,82924408
2022-05-16 00:00:00+05:30,111.9,113.48,109.4,110.35,62665269
2022-05-17 00:00:00+05:30,112.4,119.72,111.54,118.87,112876008
2022-05-18 00:00:00+05:30,119.7,120.9,117.5,118.03,81575798
2022-05-19 00:00:00+05:30,115.1,115.49,111.52,112.22,66545629
2022-05-20 00:00:00+05:30,116.24,117.84,114.12,117.06,65527499
2022-05-23 00:00:00+05:30,109.7,109.7,100.16,102.3,273883455
2022-05-24 00:00:00+05:30,103.1,103.99,100.2,100.64,123116658
2022-05-25 00:00:00+05:30,100.64,101.84,99.18,99.91,99343398
2022-05-26 00:00:00+05:30,100.7,106.76,99.53,105.2,150536727
2022-05-27 00:00:00+05:30,106.25,106.77,103.2,104.35,74772198
2022-05-30 00:00:00+05:30,105.9,106.38,104.35,104.75,72701588
2022-05-31 00:00:00+05:30,104.5,107.19,103.7,105.57,121248848
2022-06-01 00:00:00+05:30,106.55,107.9,105.33,106.36,94055288
2022-06-02 00:00:00+05:30,106.78,108.48,105.91,108.16,79177038
2022-06-03 00:00:00+05:30,109.2,109.28,106.5,106.73,53954859
2022-06-06 00:00:00+05:30,106.5,108.29,104.92,107.81,57262489
2022-06-07 00:00:00+05:30,106.7,108.15,106.36,106.85,43341569
2022-06-08 00:00:00+05:30,108.1,108.89,107.41,108.68,64734339
2022-06-09 00:00:00+05:30,107.5,108.73,104.12,104.49,98547808
2022-06-10 00:00:00+05:30,103.0,103.14,101.07,102.37,95225628
2022-06-13 00:00:00+05:30,100.43,101.2,99.0,99.2,82235748
2022-06-14 00:00:00+05:30,98.83,101.37,98.56,99.62,77202598
2022-06-15 00:00:00+05:30,95.4,97.43,95.07,95.96,92443328
2022-06-16 00:00:00+05:30,97.5,97.5,89.82,90.17,122741048
2022-06-17 00:00:00+05:30,89.8,92.74,89.55,90.67,121290258
2022-06-20 00:00:00+05:30,90.5,90.5,84.27,86.14,139866887
2022-06-21 00:00:00+05:30,87.5,89.55,86.4,88.48,124526968
2022-06-22 00:00:00+05:30,87.3,87.39,83.57,83.81,109877388
2022-06-23 00:00:00+05:30,84.0,85.6,82.7,84.13,111515838
2022-06-24 00:00:00+05:30,85.0,86.48,84.47,85.29,85433808
2022-06-27 00:00:00+05:30,87.05,87.89,86.31,86.79,72814728
2022-06-28 00:00:00+05:30,86.6,88.44,86.04,87.89,84647328
2022-06-29 00:00:00+05:30,87.0,88.88,86.85,88.16,72318468
2022-06-30 00:00:00+05:30,88.15,89.45,86.33,86.71,84672088
2022-07-01 00:00:00+05:30,86.7,87.5,85.91,87.29,5475251
2022-07-04 00:00:00+05:30,86.88,87.12,84.33,85.46,7754371
2022-07-05 00:00:00+05:30,86.2,87.92,85.78,86.02,7905527
2022-07-06 00:00:00+05:30,85.85,86.11,83.81,85.82,8143347
2022-07-07 00:00:00+05:30,86.7,90.66,85.85,90.0,11099859
2022-07-08 00:00:00+05:30,91.79,91.79,88.05,88.59,11194604
2022-07-11 00:00:00+05:30,88.52,92.9,87.51,91.28,15016503
2022-07-12 00:00:00+05:30,90.49,91.6,89.36,90.21,10017215
2022-07-13 00:00:00+05:30,90.6,91.42,90.07,90.49,7012545
2022-07-14 00:00:00+05:30,91.0,91.1,89.5,90.8,7449359
2022-07-15 00:00:00+05:30,90.5,91.03,87.75,88.38,8124770
2022-07-18 00:00:00+05:30,89.7,90.8,89.23,90.43,7304075
2022-07-19 00:00:00+05:30,90.1,92.19,90.1,91.95,8533225
2022-07-20 00:00:00+05:30,93.6,93.8,92.52,92.85,7708621
2022-07-21 00:00:00+05:30,93.0,93.89,92.45,93.43,5087557
2022-07-22 00:00:00+05:30,94.25,94.4,93.2,93.61,4859999
2022-07-25 00:00:00+05:30,93.5,96.49,93.36,96.07,9962372
2022-07-26 00:00:00+05:30,97.2,97.67,94.61,94.95,12624271
2022-07-27 00:00:00+05:30,95.1,96.16,94.36,95.94,5254698
2022-07-28 00:00:00+05:30,98.1,102.0,97.15,100.35,137004671
2022-07-29 00:00:00+05:30,103.0,109.3,102.15,107.6,166943939
2022-08-01 00:00:00+05:30,110.5,111.45,106.15,108.25,125344546
2022-08-02 00:00:00+05:30,108.0,108.0,105.35,107.0,64929748
2022-08-03 00:00:00+05:30,107.0,108.45,106.0,107.05,61419714
2022-08-04 00:00:00+05:30,107.5,109.5,106.05,107.7,79518228
2022-08-05 00:00:00+05:30,107.65,109.25,107.1,107.35,54457046
2022-08-08 00:00:00+05:30,107.85,108.15,106.7,107.2,41378819
2022-08-10 00:00:00+05:30,107.9,109.9,106.5,109.2,73870793
2022-08-11 00:00:00+05:30,110.3,110.65,108.6,109.1,75319279
2022-08-12 00:00:00+05:30,109.35,112.9,108.8,112.65,95936059
2022-08-16 00:00:00+05:30,113.7,113.7,111.1,113.0,69199733
2022-08-17 00:00:00+05:30,113.5,113.5,112.25,112.5,54001291
2022-08-18 00:00:00+05:30,112.5,113.0,111.4,112.55,49383759
2022-08-19 00:00:00+05:30,112.55,112.9,109.55,110.05,57120882
2022-08-22 00:00:00+05:30,109.5,109.6,104.7,105.05,74031160
2022-08-23 00:00:00+05:30,104.2,108.25,103.5,107.6,70526911
2022-08-24 00:00:00+05:30,107.55,108.15,105.75,106.55,55667606
2022-08-25 00:00:00+05:30,107.05,107.9,105.75,106.25,42173840
2022-08-26 00:00:00+05:30,107.25,109.2,107.1,107.35,71252190
2022-08-29 00:00:00+05:30,104.05,105.65,103.25,104.85,59892411
2022-08-30 00:00:00+05:30,106.5,108.5,106.05,108.3,67398705
2022-09-01 00:00:00+05:30,107.0,107.75,105.9,106.4,52453862
2022-09-02 00:00:00+05:30,107.0,107.0,105.0,105.5,45592777
2022-09-05 00:00:00+05:30,106.05,107.3,105.8,106.9,40344608
2022-09-06 00:00:00+05:30,107.4,108.8,106.05,108.6,59491243
2022-09-07 00:00:00+05:30,107.55,108.9,107.1,107.6,43939669
2022-09-08 00:00:00+05:30,108.4,108.4,105.35,105.85,71221642
2022-09-09 00:00:00+05:30,107.0,107.35,105.5,105.7,63647166
2022-09-12 00:00:00+05:30,106.8,107.95,106.5,107.75,40821082
2022-09-13 00:00:00+05:30,108.0,108.7,107.55,107.75,44167696
2022-09-14 00:00:00+05:30,106.3,110.4,105.8,109.15,86372218
2022-09-15 00:00:00+05:30,108.65,109.0,106.5,107.0,62918293
2022-09-16 00:00:00+05:30,106.2,107.5,105.0,105.7,107952931
2022-09-19 00:00:00+05:30,106.2,106.2,103.0,103.1,51144923
2022-09-20 00:00:00+05:30,104.2,106.35,104.0,105.8,52129940
2022-09-21 00:00:00+05:30,105.8,107.2,104.3,104.45,46124719
2022-09-22 00:00:00+05:30,104.45,105.3,103.5,103.6,61376727
2022-09-23 00:00:00+05:30,106.2,107.9,103.75,104.3,109731015
2022-09-26 00:00:00+05:30,104.4,104.45,98.5,99.85,101279427
2022-09-27 00:00:00+05:30,101.35,101.35,96.5,97.65,104935876
2022-09-28 00:00:00+05:30,96.55,97.85,95.0,95.2,71717927
2022-09-29 00:00:00+05:30,97.0,98.25,96.4,96.85,60881869
2022-09-30 00:00:00+05:30,96.85,100.4,95.7,99.3,66435675
2022-10-03 00:00:00+05:30,99.6,99.65,98.0,98.35,37279189
2022-10-04 00:00:00+05:30,100.3,101.5,100.0,101.15,40182213
2022-10-06 00:00:00+05:30,102.0,103.8,101.75,103.55,48149398
2022-10-07 00:00:00+05:30,103.3,103.5,101.9,103.3,36074229
2022-10-10 00:00:00+05:30,102.0,103.5,101.15,103.2,36638624
2022-10-11 00:00:00+05:30,103.55,103.65,99.8,100.35,41079826
2022-10-12 00:00:00+05:30,100.35,101.2,99.0,100.55,41349562
2022-10-13 00:00:00+05:30,101.1,101.8,98.8,100.1,34659237
2022-10-14 00:00:00+05:30,101.85,102.8,99.9,100.1,32455145
2022-10-17 00:00:00+05:30,99.75,100.4,98.1,99.55,37559990
2022-10-18 00:00:00+05:30,100.3,101.0,99.8,100.65,30717230
2022-10-19 00:00:00+05:30,100.6,101.25,99.7,100.05,38760774
2022-10-20 00:00:00+05:30,99.5,101.2,98.8,100.9,38088381
2022-10-21 00:00:00+05:30,100.85,101.45,99.35,100.2,30963667
2022-10-24 00:00:00+05:30,102.0,102.1,101.0,101.2,7462087
2022-10-25 00:00:00+05:30,101.15,102.5,100.7,101.2,37135536
2022-10-27 00:00:00+05:30,102.25,104.65,102.05,104.2,74341522
2022-10-28 00:00:00+05:30,104.1,104.6,100.8,101.6,50993440
2022-10-31 00:00:00+05:30,101.9,102.15,100.3,101.55,38701128
2022-11-01 00:00:00+05:30,98.55,101.45,98.55,101.2,69020933
2022-11-02 00:00:00+05:30,101.0,103.0,100.8,101.25,42333359
2022-11-03 00:00:00+05:30,100.75,102.45,100.0,102.0,39107241
2022-11-04 00:00:00+05:30,102.5,105.0,102.2,104.75,70284268
2022-11-07 00:00:00+05:30,105.9,107.45,104.6,106.7,74411212
2022-11-09 00:00:00+05:30,107.25,107.55,105.55,106.1,38292565
2022-11-10 00:00:00+05:30,105.2,106.0,104.45,104.7,27857973
2022-11-11 00:00:00+05:30,106.25,108.2,106.25,107.55,77908815
2022-11-14 00:00:00+05:30,108.5,110.0,108.25,108.7,55466425
2022-11-15 00:00:00+05:30,109.0,109.35,107.2,108.55,35000324
2022-11-16 00:00:00+05:30,108.45,108.8,105.2,106.55,40397411
2022-11-17 00:00:00+05:30,105.9,106.8,104.5,105.85,32892609
2022-11-18 00:00:00+05:30,105.85,106.3,104.7,105.5,28988204
2022-11-21 00:00:00+05:30,107.7,107.7,103.85,104.25,58383059
2022-11-22 00:00:00+05:30,104.4,105.4,103.55,105.2,27836895
2022-11-23 00:00:00+05:30,105.7,106.0,104.95,105.45,22807206
2022-11-24 00:00:00+05:30,105.85,105.95,104.6,105.5,23730083
2022-11-25 00:00:00+05:30,105.6,106.5,105.1,106.2,27358784
2022-11-28 00:00:00+05:30,106.0,106.4,104.5,104.9,33516118
2022-11-29 00:00:00+05:30,105.0,107.65,104.95,106.1,40650704
2022-11-30 00:00:00+05:30,106.1,107.95,105.9,107.65,61142050
2022-12-01 00:00:00+05:30,108.7,111.3,108.0,110.75,91698663
2022-12-02 00:00:00+05:30,110.8,112.5,110.15,112.0,70534484
2022-12-05 00:00:00+05:30,113.3,116.1,112.65,115.85,96417657
2022-12-06 00:00:00+05:30,115.35,115.35,112.25,112.95,50581245
2022-12-07 00:00:00+05:30,113.4,113.5,110.85,111.2,39486127
2022-12-08 00:00:00+05:30,111.75,113.0,110.8,111.85,32411060
2022-12-09 00:00:00+05:30,112.8,113.75,109.7,110.45,35662033
2022-12-12 00:00:00+05:30,110.2,112.1,108.7,111.7,37077807
2022-12-13 00:00:00+05:30,112.55,112.85,110.8,111.2,32261638
2022-12-14 00:00:00+05:30,111.6,113.2,111.1,113.05,38606984
2022-12-15 00:00:00+05:30,112.65,113.45,110.7,110.95,34356645
2022-12-16 00:00:00+05:30,110.35,112.1,109.45,111.05,34734270
2022-12-19 00:00:00+05:30,111.05,112.1,110.8,111.8,17280004
2022-12-20 00:00:00+05:30,111.15,111.5,109.0,110.95,34816155
2022-12-21 00:00:00+05:30,111.8,112.0,108.7,109.4,32293634
2022-12-22 00:00:00+05:30,110.0,110.6,106.35,107.65,39635512
2022-12-23 00:00:00+05:30,106.0,106.75,101.95,102.25,46746900
2022-12-26 00:00:00+05:30,102.8,105.55,101.65,105.0,33992144
2022-12-27 00:00:00+05:30,106.65,111.55,105.85,111.15,76024621
2022-12-28 00:00:00+05:30,111.05,112.3,109.7,110.0,50660601
2022-12-29 00:00:00+05:30,109.0,112.0,108.85,111.75,51751642
2022-12-30 00:00:00+05:30,112.9,114.75,112.1,112.65,56048485
2023-01-02 00:00:00+05:30,114.4,119.7,113.75,119.25,143444095
2023-01-03 00:00:00+05:30,119.8,120.5,117.75,118.45,74419090
2023-01-04 00:00:00+05:30,118.75,119.05,115.35,115.75,55634568
2023-01-05 00:00:00+05:30,116.5,117.0,114.5,116.55,58806907
2023-01-06 00:00:00+05:30,117.0,117.85,115.25,115.65,58551863
2023-01-09 00:00:00+05:30,116.9,118.1,116.55,117.55,37763131
2023-01-10 00:00:00+05:30,117.65,119.75,117.55,118.85,56750710
2023-01-11 00:00:00+05:30,119.45,120.35,118.0,118.85,49321252
2023-01-12 00:00:00+05:30,118.95,119.25,117.6,118.1,33740024
2023-01-13 00:00:00+05:30,118.55,121.6,118.15,120.45,68884010
2023-01-16 00:00:00+05:30,121.45,121.45,118.8,119.95,44362359
2023-01-17 00:00:00+05:30,119.75,119.9,118.0,119.35,27880531
2023-01-18 00:00:00+05:30,120.0,123.0,120.0,122.45,64749065
2023-01-19 00:00:00+05:30,121.8,124.3,121.15,123.55,53564076
2023-01-20 00:00:00+05:30,123.4,124.2,122.0,122.95,37784498
2023-01-23 00:00:00+05:30,123.4,123.85,121.5,122.0,28601260
2023-01-24 00:00:00+05:30,122.5,122.55,120.1,120.4,27707765
2023-01-25 00:00:00+05:30,120.35,122.25,120.1,121.0,46522102
2023-01-27 00:00:00+05:30,121.9,123.25,119.1,120.65,58771746
2023-01-30 00:00:00+05:30,120.45,121.1,116.9,118.75,46551837
2023-01-31 00:00:00+05:30,118.75,120.45,117.75,119.7,43986769
2023-02-01 00:00:00+05:30,120.1,124.15,119.3,122.05,72919626
2023-02-02 00:00:00+05:30,121.95,122.5,118.4,119.95,38768010
2023-02-03 00:00:00+05:30,120.05,121.0,117.2,120.35,46977350
2023-02-06 00:00:00+05:30,119.1,119.75,117.0,117.45,49539027
2023-02-07 00:00:00+05:30,112.6,115.35,110.55,111.45,110953246
2023-02-08 00:00:00+05:30,111.45,112.75,110.1,111.45,66523699
2023-02-09 00:00:00+05:30,112.15,112.95,109.95,111.25,64710455
2023-02-10 00:00:00+05:30,111.0,111.25,108.3,108.8,60810058
2023-02-13 00:00:00+05:30,108.8,110.6,108.4,108.75,56186469
2023-02-14 00:00:00+05:30,109.55,109.9,108.25,109.25,31163587
2023-02-15 00:00:00+05:30,109.0,110.6,108.8,110.3,35544190
2023-02-16 00:00:00+05:30,111.0,112.2,110.65,112.0,30956191
2023-02-17 00:00:00+05:30,111.55,113.1,111.3,112.25,34107244
2023-02-20 00:00:00+05:30,112.3,112.7,111.05,112.35,19896764
2023-02-21 00:00:00+05:30,112.9,114.2,112.75,113.15,29830864
2023-02-22 00:00:00+05:30,113.25,113.7,110.65,111.15,24391211
2023-02-23 00:00:00+05:30,111.55,113.65,111.35,112.05,30845778
2023-02-24 00:00:00+05:30,112.5,112.9,109.55,109.75,34326940
2023-02-27 00:00:00+05:30,109.8,110.05,105.15,106.1,56217189
2023-02-28 00:00:00+05:30,106.85,107.05,103.55,103.95,76540448
2023-03-01 00:00:00+05:30,104.7,107.1,104.5,105.5,76175319
2023-03-02 00:00:00+05:30,106.05,106.9,104.35,104.65,55276248
2023-03-03 00:00:00+05:30,106.0,107.45,105.0,107.0,117173472
2023-03-06 00:00:00+05:30,107.5,107.6,105.0,105.8,106855153
2023-03-08 00:00:00+05:30,105.3,106.9,104.0,106.5,43938506
2023-03-09 00:00:00+05:30,107.85,108.95,107.5,108.2,51965901
2023-03-10 00:00:00+05:30,107.0,108.35,106.6,108.1,47698438
2023-03-13 00:00:00+05:30,108.25,109.0,106.35,106.8,34549789
2023-03-14 00:00:00+05:30,107.0,108.55,106.2,106.4,48583815
2023-03-15 00:00:00+05:30,107.5,109.15,107.4,108.65,38929810
2023-03-16 00:00:00+05:30,107.25,107.25,103.7,105.05,81087541
2023-03-17 00:00:00+05:30,106.45,107.35,105.0,107.0,48959572
2023-03-20 00:00:00+05:30,106.1,106.45,103.85,104.5,41559989
2023-03-21 00:00:00+05:30,105.1,105.4,104.3,104.75,26431024
2023-03-22 00:00:00+05:30,104.75,105.95,104.4,104.8,25889648
2023-03-23 00:00:00+05:30,104.4,105.5,104.35,104.9,20911671
2023-03-24 00:00:00+05:30,105.0,105.05,101.55,102.1,39005722
2023-03-27 00:00:00+05:30,102.55,103.4,102.1,102.3,24750708
2023-03-28 00:00:00+05:30,102.85,103.1,102.35,102.5,18697623
2023-03-29 00:00:00+05:30,102.5,104.5,101.65,103.6,37198537
2023-03-31 00:00:00+05:30,105.0,105.5,104.1,104.65,34555321
2023-04-03 00:00:00+05:30,105.1,105.25,103.8,104.1,21830429
2023-04-05 00:00:00+05:30,104.1,105.0,103.2,104.85,25187470
2023-04-06 00:00:00+05:30,104.85,105.1,104.2,104.35,21051309
2023-04-10 00:00:00+05:30,104.5,105.75,104.5,104.95,19991997
2023-04-11 00:00:00+05:30,105.55,107.85,105.1,107.55,49292732
2023-04-12 00:00:00+05:30,108.2,108.4,106.95,107.6,27345619
2023-04-13 00:00:00+05:30,107.5,108.15,105.9,107.5,34876662
2023-04-17 00:00:00+05:30,107.6,108.3,106.75,107.1,24628080
2023-04-18 00:00:00+05:30,107.2,107.9,106.85,107.6,25465215
2023-04-19 00:00:00+05:30,107.85,110.4,107.75,108.1,62093727
2023-04-20 00:00:00+05:30,108.2,108.7,107.4,108.0,18327004
2023-04-21 00:00:00+05:30,108.0,108.1,105.35,106.15,37634645
2023-04-24 00:00:00+05:30,106.4,106.7,105.35,106.5,23475012
2023-04-25 00:00:00+05:30,106.7,107.6,106.25,107.05,23331701
2023-04-26 00:00:00+05:30,106.5,107.05,105.85,106.85,23590297
2023-04-27 00:00:00+05:30,106.3,107.85,106.3,107.65,22364308
2023-04-28 00:00:00+05:30,107.8,108.5,107.3,107.95,30072920
2023-05-02 00:00:00+05:30,108.0,110.85,108.0,110.3,52822162
2023-05-03 00:00:00+05:30,109.8,111.0,108.75,109.7,51272624
2023-05-04 00:00:00+05:30,110.0,111.9,109.5,111.05,38636907
2023-05-05 00:00:00+05:30,110.85,110.85,108.4,108.65,32958346
2023-05-08 00:00:00+05:30,109.25,109.85,108.25,109.55,23130472
2023-05-09 00:00:00+05:30,109.6,111.2,109.15,109.55,27985259
2023-05-10 00:00:00+05:30,109.6,110.0,108.6,109.25,19211639
2023-05-11 00:00:00+05:30,109.2,109.5,108.25,108.55,19798938
2023-05-12 00:00:00+05:30,108.35,108.4,106.55,106.75,36794838
2023-05-15 00:00:00+05:30,107.05,108.2,105.65,107.7,22148028
2023-05-16 00:00:00+05:30,108.2,108.65,107.2,107.4,18587658
2023-05-17 00:00:00+05:30,107.4,107.5,105.55,106.0,28895465
2023-05-18 00:00:00+05:30,106.5,107.15,105.1,105.2,24208481
2023-05-19 00:00:00+05:30,105.6,105.7,104.05,104.65,29846339
2023-05-22 00:00:00+05:30,105.0,105.25,104.3,105.0,21588716
2023-05-23 00:00:00+05:30,105.1,106.05,105.0,105.6,21300107
2023-05-24 00:00:00+05:30,105.1,105.8,104.9,105.2,28454367
2023-05-25 00:00:00+05:30,105.0,105.2,104.3,104.85,25885062
2023-05-26 00:00:00+05:30,105.0,106.75,104.95,106.4,28358528
2023-05-29 00:00:00+05:30,106.8,108.85,106.3,108.45,41058225
2023-05-30 00:00:00+05:30,108.95,108.95,106.9,107.05,33475211
2023-05-31 00:00:00+05:30,106.4,106.95,105.6,105.8,41249944
2023-06-01 00:00:00+05:30,105.9,106.7,105.8,105.95,21211538
2023-06-02 00:00:00+05:30,106.5,108.3,106.5,108.0,46680804
2023-06-05 00:00:00+05:30,108.65,109.9,107.8,109.4,39642539
2023-06-06 00:00:00+05:30,109.75,109.85,108.3,109.0,26751372
2023-06-07 00:00:00+05:30,109.5,111.75,108.9,111.5,45157197
2023-06-08 00:00:00+05:30,111.5,113.0,110.95,111.15,46362189
2023-06-09 00:00:00+05:30,111.25,111.65,108.65,108.9,36392617
2023-06-12 00:00:00+05:30,109.15,110.6,109.15,109.5,23472313
2023-06-13 00:00:00+05:30,110.0,111.85,109.65,111.15,30018212
2023-06-14 00:00:00+05:30,111.5,114.0,111.4,113.8,66687649
2023-06-15 00:00:00+05:30,113.9,114.2,113.25,113.75,39430138
2023-06-16 00:00:00+05:30,114.4,114.8,113.85,114.3,31549984
2023-06-19 00:00:00+05:30,115.45,115.6,113.1,114.15,33163824
2023-06-20 00:00:00+05:30,114.1,115.25,113.55,114.45,30207032
2023-06-21 00:00:00+05:30,114.9,114.9,112.85,113.95,35456058
2023-06-22 00:00:00+05:30,110.6,112.15,110.6,111.2,34329438
2023-06-23 00:00:00+05:30,110.5,110.6,109.25,109.35,21889000
2023-06-26 00:00:00+05:30,109.6,110.2,108.1,110.2,25257569
2023-06-27 00:00:00+05:30,110.6,111.5,110.2,110.9,24020280
2023-06-28 00:00:00+05:30,111.5,112.05,110.95,111.7,23732806
2023-06-30 00:00:00+05:30,111.6,112.15,110.55,111.9,26565057
2023-07-03 00:00:00+05:30,112.25,114.25,112.1,113.15,30764980
2023-07-04 00:00:00+05:30,113.2,113.4,112.1,112.4,24874026
2023-07-05 00:00:00+05:30,112.55,113.55,112.4,112.85,27697332
2023-07-06 00:00:00+05:30,112.0,112.85,111.5,112.65,33995247
2023-07-07 00:00:00+05:30,112.0,113.3,111.3,111.65,29722872
2023-07-10 00:00:00+05:30,112.25,115.7,111.85,115.25,60503374
2023-07-11 00:00:00+05:30,115.6,116.1,114.8,115.2,37522872
2023-07-12 00:00:00+05:30,115.15,116.05,114.0,114.8,32651175
2023-07-13 00:00:00+05:30,116.0,116.95,114.5,115.0,44350104
2023-07-14 00:00:00+05:30,115.7,117.85,114.8,117.65,34235745
2023-07-17 00:00:00+05:30,117.95,119.35,117.1,117.8,48806743
2023-07-18 00:00:00+05:30,118.0,118.15,116.4,116.6,23273313
2023-07-19 00:00:00+05:30,116.7,117.15,116.1,116.55,17151532
2023-07-20 00:00:00+05:30,116.7,117.25,116.35,116.9,22239051
2023-07-21 00:00:00+05:30,116.6,117.9,115.5,116.7,31419905
2023-07-24 00:00:00+05:30,116.5,116.5,114.4,115.2,37953620
2023-07-25 00:00:00+05:30,115.0,119.9,114.5,119.2,87075988
2023-07-26 00:00:00+05:30,119.8,120.6,118.95,119.95,29532402
2023-07-27 00:00:00+05:30,120.25,121.45,119.2,120.3,39542885
2023-07-28 00:00:00+05:30,120.2,121.1,118.75,120.4,33868517
2023-07-31 00:00:00+05:30,120.6,123.85,120.6,122.85,52153179
2023-08-01 00:00:00+05:30,123.55,124.05,122.55,123.1,27680157
2023-08-02 00:00:00+05:30,122.9,122.9,118.3,119.2,54785208
2023-08-03 00:00:00+05:30,118.7,119.6,117.5,118.7,34484813
2023-08-04 00:00:00+05:30,119.4,119.75,118.0,119.0,22215779
2023-08-07 00:00:00+05:30,119.6,119.6,118.05,118.8,20597661
2023-08-08 00:00:00+05:30,119.0,119.5,118.0,118.15,21190914
2023-08-09 00:00:00+05:30,118.35,120.5,116.9,120.5,34077012
2023-08-10 00:00:00+05:30,120.0,120.65,119.25,119.95,24298847
2023-08-11 00:00:00+05:30,120.3,121.4,119.2,120.55,26268314
2023-08-14 00:00:00+05:30,120.3,120.3,117.35,117.95,32887637
2023-08-16 00:00:00+05:30,117.95,117.95,115.4,115.95,31081065
2023-08-17 00:00:00+05:30,115.9,116.8,114.7,116.0,28327806
2023-08-18 00:00:00+05:30,116.3,116.35,114.75,116.0,30275490
2023-08-21 00:00:00+05:30,116.75,117.1,115.85,116.8,22516112
2023-08-22 00:00:00+05:30,117.15,117.75,116.55,117.55,17236752
2023-08-23 00:00:00+05:30,117.85,119.2,117.8,118.85,43638588
2023-08-24 00:00:00+05:30,119.5,120.05,118.05,118.3,26989640
2023-08-25 00:00:00+05:30,118.0,118.1,116.7,117.1,23579852
2023-08-28 00:00:00+05:30,117.0,118.2,117.0,117.55,19087633
2023-08-29 00:00:00+05:30,118.5,120.15,117.75,119.7,35865212
2023-08-30 00:00:00+05:30,120.5,122.7,120.3,122.0,51318209
2023-08-31 00:00:00+05:30,122.85,123.5,122.2,123.0,60059673
2023-09-01 00:00:00+05:30,123.5,128.7,123.4,127.05,76460408
2023-09-04 00:00:00+05:30,129.2,132.9,128.85,131.75,68525900
2023-09-05 00:00:00+05:30,131.75,132.45,128.85,131.7,36466807
2023-09-06 00:00:00+05:30,132.4,132.4,128.2,129.6,36058850
2023-09-07 00:00:00+05:30,129.5,130.8,128.6,130.15,30268235
2023-09-08 00:00:00+05:30,131.4,131.65,129.2,129.5,34313523
2023-09-11 00:00:00+05:30,129.5,131.85,129.2,131.15,33377857
2023-09-12 00:00:00+05:30,132.8,133.15,128.65,129.0,38065283
2023-09-13 00:00:00+05:30,129.6,130.5,127.7,129.55,23371459
2023-09-14 00:00:00+05:30,131.0,134.2,130.8,131.7,58800620
2023-09-15 00:00:00+05:30,132.6,133.3,129.85,131.95,85058495
2023-09-18 00:00:00+05:30,135.0,135.0,130.05,130.45,62420823
2023-09-20 00:00:00+05:30,130.45,131.8,128.0,128.3,43627379
2023-09-21 00:00:00+05:30,128.3,129.25,127.2,127.8,29826091
2023-09-22 00:00:00+05:30,127.15,128.7,125.5,126.75,34059194
2023-09-25 00:00:00+05:30,127.3,128.3,126.1,127.4,23466981
2023-09-26 00:00:00+05:30,129.0,130.55,128.4,128.9,48936598
2023-09-27 00:00:00+05:30,128.75,128.75,126.7,128.15,33277329
2023-09-28 00:00:00+05:30,128.35,129.3,126.3,126.8,29982233
2023-09-29 00:00:00+05:30,128.2,129.55,127.55,128.9,28406435
2023-10-03 00:00:00+05:30,129.0,129.1,127.25,128.0,18613557
2023-10-04 00:00:00+05:30,127.0,127.1,124.5,125.3,33272725
2023-10-05 00:00:00+05:30,125.9,126.15,124.55,125.25,27063441
2023-10-06 00:00:00+05:30,126.5,127.0,125.1,125.9,21928671
2023-10-09 00:00:00+05:30,124.8,124.9,122.6,123.85,21457836
2023-10-10 00:00:00+05:30,124.7,125.9,123.75,125.3,28745957
2023-10-11 00:00:00+05:30,126.0,126.3,124.7,124.95,24455932
2023-10-12 00:00:00+05:30,125.35,126.9,125.1,125.9,19361688
2023-10-13 00:00:00+05:30,125.0,125.75,124.0,125.05,26912800
2023-10-16 00:00:00+05:30,125.1,127.25,124.95,127.0,23868700
2023-10-17 00:00:00+05:30,127.9,128.55,127.0,127.4,24241710
2023-10-18 00:00:00+05:30,127.85,128.7,126.6,127.1,20926079
2023-10-19 00:00:00+05:30,125.5,126.5,124.35,126.0,30941319
2023-10-20 00:00:00+05:30,125.0,125.75,122.7,123.1,30746140
2023-10-23 00:00:00+05:30,123.35,123.4,119.7,120.0,30699479
2023-10-25 00:00:00+05:30,121.2,122.8,120.75,121.35,27346103
2023-10-26 00:00:00+05:30,120.85,120.9,118.9,119.9,36298907
2023-10-27 00:00:00+05:30,120.5,121.8,119.5,119.9,28424007
2023-10-30 00:00:00+05:30,121.05,121.25,118.95,119.15,18753217
2023-10-31 00:00:00+05:30,120.0,120.15,118.4,118.75,22319950
2023-11-01 00:00:00+05:30,119.0,119.1,116.0,116.6,24717941
2023-11-02 00:00:00+05:30,114.6,118.55,114.6,118.1,72538804
2023-11-03 00:00:00+05:30,118.2,118.6,117.1,117.3,31747230
2023-11-06 00:00:00+05:30,118.5,119.65,117.5,119.4,27883152
2023-11-07 00:00:00+05:30,119.3,120.2,118.4,119.65,25818033
2023-11-08 00:00:00+05:30,119.75,120.5,118.55,119.05,22552386
2023-11-09 00:00:00+05:30,119.2,120.5,118.85,119.65,22979112
2023-11-10 00:00:00+05:30,119.5,120.45,118.8,120.05,23584510
2023-11-12 00:00:00+05:30,121.6,121.6,120.6,120.85,3984034
2023-11-13 00:00:00+05:30,120.85,121.25,119.9,121.0,17951775
2023-11-15 00:00:00+05:30,121.7,124.4,121.5,124.05,38344393
2023-11-16 00:00:00+05:30,124.0,125.25,123.0,124.7,30836413
2023-11-17 00:00:00+05:30,124.7,125.75,124.3,125.2,23319439
2023-11-20 00:00:00+05:30,125.05,125.65,124.05,124.35,18780290
2023-11-21 00:00:00+05:30,125.05,126.4,124.95,126.25,29643312
2023-11-22 00:00:00+05:30,126.4,126.9,125.5,126.1,19588063
2023-11-23 00:00:00+05:30,126.35,127.4,125.9,126.7,30736851
2023-11-24 00:00:00+05:30,126.7,127.0,125.55,125.95,14719450
2023-11-28 00:00:00+05:30,127.0,127.0,126.0,126.85,18377843
2023-11-29 00:00:00+05:30,127.15,128.15,126.7,127.75,23092165
2023-11-30 00:00:00+05:30,127.8,128.85,126.5,127.9,40165104
2023-12-01 00:00:00+05:30,128.9,130.3,128.05,130.0,31192397
2023-12-04 00:00:00+05:30,132.2,132.35,130.4,131.0,41230928
2023-12-05 00:00:00+05:30,131.0,132.45,130.0,131.6,35192149
2023-12-06 00:00:00+05:30,132.5,133.4,130.8,131.85,40753593
2023-12-07 00:00:00+05:30,131.7,132.2,129.8,130.0,34686333
2023-12-08 00:00:00+05:30,130.15,131.4,127.95,129.2,34393711
2023-12-11 00:00:00+05:30,129.85,130.5,128.75,130.05,24038059
2023-12-12 00:00:00+05:30,130.05,132.15,129.7,130.1,30696410
2023-12-13 00:00:00+05:30,130.55,131.5,129.15,131.4,22767972
2023-12-14 00:00:00+05:30,132.3,133.25,131.5,132.0,43372143
2023-12-15 00:00:00+05:30,133.4,136.75,133.0,136.45,77377446
2023-12-18 00:00:00+05:30,136.85,137.6,135.1,136.6,38461877
2023-12-19 00:00:00+05:30,136.65,137.6,134.8,135.4,27726431
2023-12-20 00:00:00+05:30,135.9,136.15,128.75,129.75,39495961
2023-12-21 00:00:00+05:30,128.7,131.45,127.85,131.0,34914399
2023-12-22 00:00:00+05:30,132.4,134.75,131.75,133.55,37357334
2023-12-26 00:00:00+05:30,134.7,136.1,134.45,135.2,25936447
2023-12-27 00:00:00+05:30,135.85,138.9,135.5,137.2,48101400
2023-12-28 00:00:00+05:30,138.15,138.75,136.85,138.15,34661176
2023-12-29 00:00:00+05:30,138.6,141.25,137.15,139.6,49202910
2024-01-01 00:00:00+05:30,140.0,140.95,139.05,139.85,21186105
2024-01-02 00:00:00+05:30,140.5,140.6,137.05,139.6,27764060
2024-01-03 00:00:00+05:30,139.5,139.6,134.35,135.35,45176618
2024-01-04 00:00:00+05:30,136.0,136.35,134.0,134.25,43913498
2024-01-05 00:00:00+05:30,135.0,135.95,132.85,133.65,71330190
2024-01-08 00:00:00+05:30,135.3,135.95,131.75,132.0,39559717
2024-01-09 00:00:00+05:30,133.5,134.8,132.5,133.65,30736868
2024-01-10 00:00:00+05:30,133.8,134.7,132.1,134.1,27213624
2024-01-11 00:00:00+05:30,134.85,135.65,134.2,134.9,23113349
2024-01-12 00:00:00+05:30,135.8,136.25,134.65,135.3,32883921
2024-01-15 00:00:00+05:30,136.0,136.25,133.95,134.9,34158775
2024-01-16 00:00:00+05:30,134.7,138.5,134.0,137.25,56361287
2024-01-17 00:00:00+05:30,135.45,135.75,131.4,131.65,58982971
2024-01-18 00:00:00+05:30,131.65,132.25,128.2,131.0,45273496
2024-01-19 00:00:00+05:30,132.6,134.7,131.6,134.25,32653013
2024-01-20 00:00:00+05:30,134.25,135.2,133.3,133.95,16578179
2024-01-23 00:00:00+05:30,134.8,135.2,129.3,130.1,35373970
2024-01-24 00:00:00+05:30,130.2,135.55,130.1,135.15,39340119
2024-01-25 00:00:00+05:30,136.5,136.5,132.0,133.75,61358839
2024-01-29 00:00:00+05:30,134.7,135.4,133.5,135.0,29745400
2024-01-30 00:00:00+05:30,135.6,137.7,134.5,134.7,35704185
2024-01-31 00:00:00+05:30,135.0,136.7,134.5,135.95,36079354
2024-02-01 00:00:00+05:30,136.4,136.75,134.5,134.8,31701793
2024-02-02 00:00:00+05:30,135.3,139.6,134.8,138.7,69296192
2024-02-05 00:00:00+05:30,140.0,143.35,139.35,141.55,80737626
2024-02-06 00:00:00+05:30,143.0,145.1,140.45,144.65,53192936
2024-02-07 00:00:00+05:30,146.85,147.4,144.05,144.4,61517064
2024-02-08 00:00:00+05:30,145.3,145.65,143.05,143.65,38997666
2024-02-09 00:00:00+05:30,144.2,144.45,139.15,141.3,35961925
2024-02-12 00:00:00+05:30,142.0,142.95,136.65,137.4,36477544
2024-02-13 00:00:00+05:30,137.75,138.25,134.1,137.85,39155909
2024-02-14 00:00:00+05:30,137.0,141.5,135.75,141.2,29141690
2024-02-15 00:00:00+05:30,141.5,143.45,141.0,141.2,31587387
2024-02-16 00:00:00+05:30,142.05,143.45,141.5,142.3,22316127
2024-02-19 00:00:00+05:30,142.95,143.35,141.35,141.95,16973568
2024-02-20 00:00:00+05:30,141.95,142.25,140.05,141.05,24291123
2024-02-21 00:00:00+05:30,141.55,146.2,141.45,143.9,88000833
2024-02-22 00:00:00+05:30,145.0,146.15,143.5,145.9,46728176
2024-02-23 00:00:00+05:30,146.4,147.1,145.0,145.45,28414697
2024-02-26 00:00:00+05:30,145.85,145.95,142.25,142.65,22570277
2024-02-27 00:00:00+05:30,142.65,144.5,142.0,144.2,24119469
2024-02-28 00:00:00+05:30,144.05,144.95,140.05,140.75,20721926
2024-02-29 00:00:00+05:30,140.8,141.85,139.4,140.85,32248156
2024-03-01 00:00:00+05:30,143.0,150.65,143.0,149.95,123709943
2024-03-02 00:00:00+05:30,152.0,156.2,151.0,155.25,21643047
2024-03-04 00:00:00+05:30,154.9,154.9,151.05,153.1,67577785
2024-03-05 00:00:00+05:30,153.2,154.0,150.75,151.85,37165490
2024-03-06 00:00:00+05:30,151.8,152.65,147.9,151.6,51782444
2024-03-07 00:00:00+05:30,152.4,159.15,152.25,157.25,124847699
2024-03-11 00:00:00+05:30,158.9,158.9,153.0,153.45,54155385
2024-03-12 00:00:00+05:30,154.2,154.55,150.9,152.5,34947937
2024-03-13 00:00:00+05:30,152.8,152.9,142.5,143.65,70937597
2024-03-14 00:00:00+05:30,143.6,143.95,138.35,142.45,91956952
2024-03-15 00:00:00+05:30,142.9,143.7,139.85,141.7,68482621
2024-03-18 00:00:00+05:30,142.55,150.25,142.2,149.7,166913078
2024-03-19 00:00:00+05:30,149.0,152.45,147.6,148.75,105004268
2024-03-20 00:00:00+05:30,149.6,150.65,143.85,145.65,77550319
2024-03-21 00:00:00+05:30,148.0,151.2,147.8,150.1,84225737
2024-03-22 00:00:00+05:30,149.0,152.75,148.35,151.8,68241556
2024-03-26 00:00:00+05:30,151.15,153.4,150.5,152.4,52965508
2024-03-27 00:00:00+05:30,152.45,154.1,152.0,152.7,35328794
2024-03-28 00:00:00+05:30,152.7,157.0,152.7,155.85,62575327
2024-04-01 00:00:00+05:30,156.8,163.9,156.5,163.15,84583929
2024-04-02 00:00:00+05:30,162.95,165.5,161.8,164.65,69533405
2024-04-03 00:00:00+05:30,164.65,166.25,163.1,163.65,50938559
2024-04-04 00:00:00+05:30,165.55,165.95,161.0,163.4,61094750
2024-04-05 00:00:00+05:30,163.9,164.15,160.8,163.35,44668121
2024-04-08 00:00:00+05:30,166.95,166.95,164.2,165.2,48255703
2024-04-09 00:00:00+05:30,166.0,169.8,165.2,166.0,63884687
2024-04-10 00:00:00+05:30,167.3,169.2,164.5,165.05,64134758
2024-04-12 00:00:00+05:30,166.0,166.0,163.0,163.5,55317636
2024-04-15 00:00:00+05:30,161.8,164.7,158.6,160.85,66426404
2024-04-16 00:00:00+05:30,160.85,162.45,159.0,160.05,41391261
2024-04-18 00:00:00+05:30,160.9,164.0,159.15,160.05,68093672
2024-04-19 00:00:00+05:30,160.0,162.5,157.3,162.1,60078229
2024-04-22 00:00:00+05:30,163.8,164.7,161.5,161.85,39304790
2024-04-23 00:00:00+05:30,163.5,163.5,160.8,161.15,30295177
2024-04-24 00:00:00+05:30,162.45,166.9,161.45,165.55,59894921
2024-04-25 00:00:00+05:30,165.4,168.0,164.15,167.7,50128523
2024-04-26 00:00:00+05:30,168.0,170.7,165.25,165.8,65355111
2024-04-29 00:00:00+05:30,168.2,169.6,166.9,167.4,44906151
2024-04-30 00:00:00+05:30,168.4,168.4,164.5,165.0,55043389
2024-05-02 00:00:00+05:30,165.0,168.9,165.0,167.35,69320283
2024-05-03 00:00:00+05:30,168.95,170.75,165.15,166.5,62573586
2024-05-06 00:00:00+05:30,167.95,168.65,164.7,167.6,37621296
2024-05-07 00:00:00+05:30,167.95,167.95,162.3,164.25,43611824
2024-05-08 00:00:00+05:30,164.2,167.1,163.5,166.05,30128705
2024-05-09 00:00:00+05:30,165.95,166.7,161.5,161.9,30223088
2024-05-10 00:00:00+05:30,163.2,164.35,161.85,162.25,31472419
2024-05-13 00:00:00+05:30,162.45,164.5,158.05,163.85,36561003
2024-05-14 00:00:00+05:30,164.1,166.55,163.5,164.95,46261468
2024-05-15 00:00:00+05:30,164.95,167.55,164.95,165.6,29601304
2024-05-16 00:00:00+05:30,167.25,168.0,162.3,165.9,41126570
2024-05-17 00:00:00+05:30,166.6,168.45,165.45,167.35,39181277
2024-05-18 00:00:00+05:30,168.0,168.3,167.3,167.9,3593239
2024-05-21 00:00:00+05:30,168.5,175.2,167.95,174.35,84833644
2024-05-22 00:00:00+05:30,175.45,175.5,171.5,173.3,42919832
2024-05-23 00:00:00+05:30,173.05,175.8,170.5,175.5,49377680
2024-05-24 00:00:00+05:30,174.95,177.55,174.15,174.85,38674485
2024-05-27 00:00:00+05:30,177.7,177.7,174.85,175.5,30410585
2024-05-28 00:00:00+05:30,175.9,177.5,173.45,174.9,39208456
2024-05-29 00:00:00+05:30,174.75,176.0,173.5,174.25,36575550
2024-05-30 00:00:00+05:30,172.0,172.0,163.35,164.15,108813875
2024-05-31 00:00:00+05:30,166.05,167.95,164.0,167.2,83713848
2024-06-03 00:00:00+05:30,173.25,175.0,168.85,174.25,86397540
2024-06-04 00:00:00+05:30,174.5,174.65,148.15,158.95,125042158
2024-06-05 00:00:00+05:30,162.15,169.6,159.0,169.2,60098501
2024-06-06 00:00:00+05:30,170.0,174.7,169.4,172.05,57920819
2024-06-07 00:00:00+05:30,172.0,179.65,170.8,178.9,84319867
2024-06-10 00:00:00+05:30,180.21,182.1,177.36,180.29,74286848
2024-06-11 00:00:00+05:30,180.5,183.75,180.5,181.33,55555544
2024-06-12 00:00:00+05:30,182.25,183.87,181.5,182.23,33304643
2024-06-13 00:00:00+05:30,183.4,184.1,180.51,182.56,36669164
2024-06-14 00:00:00+05:30,182.95,183.5,181.4,183.15,28509237
2024-06-18 00:00:00+05:30,183.8,184.6,180.6,181.12,35032118
2024-06-19 00:00:00+05:30,182.45,182.49,179.31,180.02,27476795
2024-06-20 00:00:00+05:30,181.6,182.95,179.37,182.28,38837494
2024-06-21 00:00:00+05:30,179.4,180.9,178.18,179.94,65494855
2024-06-24 00:00:00+05:30,177.44,178.95,175.1,177.96,47597307
2024-06-25 00:00:00+05:30,177.99,179.0,175.25,175.68,30599989
2024-06-26 00:00:00+05:30,175.68,176.0,171.84,172.56,44006436
2024-06-27 00:00:00+05:30,172.56,174.95,171.8,174.16,49767976
2024-06-28 00:00:00+05:30,174.17,177.1,173.57,174.01,37521949
2024-07-01 00:00:00+05:30,174.5,175.99,173.51,174.07,27807688
2024-07-02 00:00:00+05:30,174.47,175.75,173.6,174.54,33359495
2024-07-03 00:00:00+05:30,174.54,176.88,174.4,176.37,29090492
2024-07-04 00:00:00+05:30,177.0,178.19,175.82,176.29,29504744
2024-07-05 00:00:00+05:30,176.2,176.2,173.4,174.71,38123217
2024-07-08 00:00:00+05:30,174.6,175.47,172.09,172.28,31479861
2024-07-09 00:00:00+05:30,173.6,173.7,171.51,171.8,25127904
2024-07-10 00:00:00+05:30,172.5,172.89,167.02,167.98,41525591
2024-07-11 00:00:00+05:30,170.0,170.95,168.67,168.92,33987236
2024-07-12 00:00:00+05:30,170.2,170.39,168.01,168.69,33311402
2024-07-15 00:00:00+05:30,168.69,168.99,165.8,166.76,32635187
2024-07-16 00:00:00+05:30,167.8,169.82,166.7,167.07,26506026
2024-07-18 00:00:00+05:30,167.61,167.61,164.44,166.36,36568852
2024-07-19 00:00:00+05:30,166.0,166.09,157.2,157.77,77987514
2024-07-22 00:00:00+05:30,158.4,160.7,156.41,160.32,40353690
2024-07-23 00:00:00+05:30,161.6,161.97,155.0,160.02,37077411
2024-07-24 00:00:00+05:30,160.02,162.02,159.19,160.31,28086566
2024-07-25 00:00:00+05:30,158.5,158.5,156.9,157.39,45155876
2024-07-26 00:00:00+05:30,158.75,162.95,158.21,162.55,45642032
2024-07-29 00:00:00+05:30,164.7,164.7,162.33,162.87,31754833
2024-07-30 00:00:00+05:30,162.9,165.3,161.31,164.07,42824600
2024-07-31 00:00:00+05:30,166.29,166.5,163.55,165.33,52769925
2024-08-01 00:00:00+05:30,168.2,168.95,160.9,163.06,118341338
2024-08-02 00:00:00+05:30,161.0,161.19,154.72,158.22,72427529
2024-08-05 00:00:00+05:30,153.66,154.0,149.0,149.82,102883971
2024-08-06 00:00:00+05:30,151.21,153.8,149.61,150.32,53507102
2024-08-07 00:00:00+05:30,153.7,154.3,151.9,153.86,32029697
2024-08-08 00:00:00+05:30,153.4,153.44,150.0,150.28,51858615
2024-08-09 00:00:00+05:30,153.0,153.0,151.25,151.81,23290101
2024-08-12 00:00:00+05:30,151.0,153.4,149.88,152.06,30550334
2024-08-13 00:00:00+05:30,152.1,152.95,148.5,148.88,29396493
2024-08-14 00:00:00+05:30,149.9,149.9,142.35,146.17,97911180
2024-08-16 00:00:00+05:30,148.0,150.0,146.46,149.52,54131721
2024-08-19 00:00:00+05:30,150.85,154.3,150.39,153.96,62889770
2024-08-20 00:00:00+05:30,155.7,155.7,152.8,153.93,37559016
2024-08-21 00:00:00+05:30,153.0,154.18,151.77,151.92,49749381
2024-08-22 00:00:00+05:30,152.51,154.35,152.51,154.14,36719176
2024-08-23 00:00:00+05:30,154.0,154.39,152.55,154.2,31490857
2024-08-26 00:00:00+05:30,154.61,156.4,153.7,155.7,32497603
2024-08-27 00:00:00+05:30,155.8,156.5,154.6,154.7,24523684
2024-08-28 00:00:00+05:30,154.7,155.0,153.05,153.7,25195197
2024-08-29 00:00:00+05:30,153.21,153.56,151.2,152.97,44452983
2024-08-30 00:00:00+05:30,153.0,155.25,152.47,152.76,55134023
2024-09-02 00:00:00+05:30,153.9,153.9,152.14,152.88,19200143
2024-09-03 00:00:00+05:30,152.84,153.45,152.01,152.15,19780066
2024-09-04 00:00:00+05:30,149.5,152.18,149.16,151.18,39613696
2024-09-05 00:00:00+05:30,151.0,152.79,151.0,151.72,28347324
2024-09-06 00:00:00+05:30,151.94,152.9,149.65,151.22,30709532
2024-09-09 00:00:00+05:30,150.9,150.9,148.05,149.47,32624586
2024-09-10 00:00:00+05:30,150.5,151.59,148.81,149.42,41607844
2024-09-11 00:00:00+05:30,149.9,150.2,147.62,148.17,24633287
2024-09-12 00:00:00+05:30,152.0,152.44,148.75,151.74,73191476
2024-09-13 00:00:00+05:30,152.78,155.4,152.5,153.49,54894255
2024-09-16 00:00:00+05:30,155.0,155.66,153.5,154.21,32575460
2024-09-17 00:00:00+05:30,154.0,154.24,152.27,152.82,18275113
2024-09-18 00:00:00+05:30,152.4,152.98,149.61,150.6,24856345
2024-09-19 00:00:00+05:30,151.89,152.19,147.79,149.54,36913781
2024-09-20 00:00:00+05:30,151.0,153.34,150.65,152.02,53873369
2024-09-23 00:00:00+05:30,154.38,154.39,152.8,153.99,33281905
2024-09-24 00:00:00+05:30,155.15,161.5,154.85,160.53,137414352
2024-09-25 00:00:00+05:30,161.5,162.69,159.52,161.66,58044967
2024-09-26 00:00:00+05:30,162.0,165.9,160.48,165.61,88661662
2024-09-27 00:00:00+05:30,167.0,169.01,165.89,166.55,72795668
2024-09-30 00:00:00+05:30,167.55,170.18,167.26,168.11,91447986
2024-10-01 00:00:00+05:30,169.49,169.49,165.1,167.03,50761579
2024-10-03 00:00:00+05:30,165.5,169.99,164.52,166.98,75959797
2024-10-04 00:00:00+05:30,167.0,169.1,164.0,166.75,53880875
2024-10-07 00:00:00+05:30,167.1,167.95,162.33,164.36,48775098
2024-10-08 00:00:00+05:30,163.0,163.59,156.7,159.52,74956764
2024-10-09 00:00:00+05:30,159.52,162.2,158.11,159.06,42766218
2024-10-10 00:00:00+05:30,158.3,161.18,156.6,159.72,46507936
2024-10-11 00:00:00+05:30,159.3,163.78,159.2,160.66,53263433
2024-10-14 00:00:00+05:30,161.88,163.38,158.04,158.32,35566857
2024-10-15 00:00:00+05:30,159.5,159.53,155.05,155.63,38964393
2024-10-16 00:00:00+05:30,155.19,156.55,154.02,155.24,28518262
2024-10-17 00:00:00+05:30,155.65,156.3,152.1,152.4,28404223
2024-10-18 00:00:00+05:30,152.4,156.2,151.1,155.39,34750795
2024-10-21 00:00:00+05:30,156.1,157.93,154.59,155.03,25799090
2024-10-22 00:00:00+05:30,154.9,154.9,150.1,150.39,39079846
2024-10-23 00:00:00+05:30,150.3,151.95,148.05,148.78,42107893
2024-10-24 00:00:00+05:30,149.49,149.83,148.01,148.98,22115070
2024-10-25 00:00:00+05:30,149.0,149.5,144.43,145.86,39730802
2024-10-28 00:00:00+05:30,146.0,149.73,144.73,149.38,28386897
2024-10-29 00:00:00+05:30,149.85,150.45,146.55,150.06,32258407
2024-10-30 00:00:00+05:30,148.1,150.95,148.1,148.97,21362130
2024-10-31 00:00:00+05:30,149.08,149.95,148.2,148.56,26383702
2024-11-01 00:00:00+05:30,149.66,150.25,149.0,149.75,5106804
2024-11-04 00:00:00+05:30,150.0,150.0,145.1,146.95,25571021
2024-11-05 00:00:00+05:30,147.0,152.55,146.95,152.29,42772283
2024-11-06 00:00:00+05:30,154.0,154.95,149.59,153.62,48928986
2024-11-07 00:00:00+05:30,156.11,156.92,150.2,150.95,88254789
2024-11-08 00:00:00+05:30,152.0,152.0,146.94,147.57,61980989
2024-11-11 00:00:00+05:30,147.57,147.69,144.1,145.01,47497863
2024-11-12 00:00:00+05:30,145.65,147.13,143.6,144.17,28861672
2024-11-13 00:00:00+05:30,143.6,143.6,138.6,139.17,57609083
2024-11-14 00:00:00+05:30,139.71,140.73,137.5,137.98,36345184
2024-11-18 00:00:00+05:30,139.49,143.25,138.0,141.21,40233848
2024-11-19 00:00:00+05:30,142.0,142.49,139.06,139.46,37611903
2024-11-21 00:00:00+05:30,139.5,141.6,137.25,140.22,58398744
2024-11-22 00:00:00+05:30,140.15,143.19,139.65,142.78,43710169
2024-11-25 00:00:00+05:30,144.94,146.15,142.84,143.67,53883890
2024-11-26 00:00:00+05:30,144.22,145.8,143.58,144.47,25608469
2024-11-27 00:00:00+05:30,144.31,144.9,142.9,144.53,24895631
2024-11-28 00:00:00+05:30,144.0,145.25,143.09,143.39,30947861
2024-11-29 00:00:00+05:30,143.9,145.49,143.05,144.54,29742979
2024-12-02 00:00:00+05:30,144.11,146.83,143.14,146.41,23840351
2024-12-03 00:00:00+05:30,146.75,148.2,146.34,146.54,35527228
2024-12-04 00:00:00+05:30,147.0,147.05,144.0,145.85,38537808
2024-12-05 00:00:00+05:30,146.5,147.88,144.8,147.07,36328245
2024-12-06 00:00:00+05:30,147.5,148.68,146.6,148.29,30604899
2024-12-09 00:00:00+05:30,148.29,150.67,146.63,149.88,39059139
2024-12-10 00:00:00+05:30,150.19,152.5,149.31,150.32,36278104
2024-12-11 00:00:00+05:30,150.59,152.11,150.06,150.6,20499709
2024-12-12 00:00:00+05:30,150.87,151.63,148.7,150.78,25761723
2024-12-13 00:00:00+05:30,150.0,150.05,145.55,148.95,39701388
2024-12-16 00:00:00+05:30,148.94,149.8,147.1,147.79,22634773
2024-12-17 00:00:00+05:30,147.79,148.5,145.33,145.68,27110781
2024-12-18 00:00:00+05:30,146.0,146.9,143.3,144.46,19850229
2024-12-19 00:00:00+05:30,141.55,143.8,141.1,143.26,27104579
2024-12-20 00:00:00+05:30,142.89,144.4,140.0,140.68,46503449
2024-12-23 00:00:00+05:30,142.45,143.8,140.61,141.71,27514178
2024-12-24 00:00:00+05:30,141.2,141.5,139.25,140.38,25882917
2024-12-26 00:00:00+05:30,140.95,141.15,139.51,140.36,23939932
2024-12-27 00:00:00+05:30,140.7,141.75,138.61,138.91,19562177
2024-12-30 00:00:00+05:30,138.91,139.25,136.09,136.88,32555723
2024-12-31 00:00:00+05:30,136.87,138.68,136.56,138.05,20080291
2025-01-01 00:00:00+05:30,138.1,138.45,136.58,136.74,18169498
2025-01-02 00:00:00+05:30,137.0,138.45,136.4,138.18,23388424
2025-01-03 00:00:00+05:30,138.18,139.73,137.84,138.36,23351832
2025-01-06 00:00:00+05:30,138.36,138.39,131.35,132.18,44620509
2025-01-07 00:00:00+05:30,132.78,133.88,132.01,133.38,24239451
2025-01-08 00:00:00+05:30,133.93,134.24,131.77,132.64,31570331
2025-01-09 00:00:00+05:30,132.0,132.4,129.7,129.93,31903107
2025-01-10 00:00:00+05:30,129.93,130.39,126.7,127.43,34855510
2025-01-13 00:00:00+05:30,126.0,126.5,122.62,122.93,38968332
2025-01-14 00:00:00+05:30,122.94,127.64,122.94,126.93,36877365
2025-01-15 00:00:00+05:30,128.0,128.31,125.78,126.53,18773125
2025-01-16 00:00:00+05:30,128.0,128.47,126.56,127.81,22164393
2025-01-17 00:00:00+05:30,127.9,131.16,127.64,130.28,27421959
2025-01-20 00:00:00+05:30,130.99,132.1,128.91,131.66,20571916
2025-01-21 00:00:00+05:30,132.06,132.4,129.25,129.7,32238213
2025-01-22 00:00:00+05:30,130.25,130.35,127.12,128.92,27505569
2025-01-23 00:00:00+05:30,127.85,130.75,127.7,130.37,20722538
2025-01-24 00:00:00+05:30,130.5,133.2,129.31,129.74,37092106
2025-01-27 00:00:00+05:30,129.02,129.45,125.74,126.37,24650571
2025-01-28 00:00:00+05:30,126.37,130.49,124.74,128.62,40373804
2025-01-29 00:00:00+05:30,129.0,131.34,128.55,130.8,16674706
2025-01-30 00:00:00+05:30,130.8,132.15,130.1,131.12,25256096
2025-01-31 00:00:00+05:30,131.12,135.0,129.93,134.62,26689228
2025-02-01 00:00:00+05:30,135.0,135.5,130.25,132.97,21173846
2025-02-03 00:00:00+05:30,131.29,132.51,127.81,131.82,27765357
2025-02-04 00:00:00+05:30,132.8,134.34,131.87,133.42,25032519
2025-02-05 00:00:00+05:30,133.15,135.39,133.08,134.4,16958362
2025-02-06 00:00:00+05:30,134.5,134.87,132.02,132.54,22408168
2025-02-07 00:00:00+05:30,133.3,138.75,132.56,138.31,52950146
2025-02-10 00:00:00+05:30,138.1,138.1,133.0,134.04,26120805
2025-02-11 00:00:00+05:30,133.0,134.34,129.7,130.11,23635428
2025-02-12 00:00:00+05:30,129.35,133.29,128.31,132.28,37927696
2025-02-13 00:00:00+05:30,132.28,137.69,131.86,136.25,52036196
2025-02-14 00:00:00+05:30,136.25,139.25,133.33,134.47,41469242
2025-02-17 00:00:00+05:30,132.91,134.8,130.73,134.29,21189637
2025-02-18 00:00:00+05:30,134.29,134.9,131.75,134.54,23957576
2025-02-19 00:00:00+05:30,134.5,136.88,133.03,135.76,18447487
2025-02-20 00:00:00+05:30,135.27,138.36,135.0,138.04,24139808
2025-02-21 00:00:00+05:30,137.91,141.6,137.15,140.76,41987785
2025-02-24 00:00:00+05:30,138.81,140.66,136.66,137.65,25193205
2025-02-25 00:00:00+05:30,138.49,139.35,136.7,137.07,23575603
2025-02-27 00:00:00+05:30,137.21,138.99,135.88,138.69,30747044
2025-02-28 00:00:00+05:30,137.8,137.8,134.06,137.2,45540594
2025-03-03 00:00:00+05:30,137.0,139.05,134.31,138.57,31154401
2025-03-04 00:00:00+05:30,136.15,140.94,135.81,139.34,28634645
2025-03-05 00:00:00+05:30,139.0,146.49,139.0,146.1,62109377
2025-03-06 00:00:00+05:30,146.79,152.2,146.2,150.44,79121467
2025-03-07 00:00:00+05:30,149.74,152.45,149.27,151.56,81821791
2025-03-10 00:00:00+05:30,151.56,154.24,150.41,151.05,54450331
2025-03-11 00:00:00+05:30,148.1,151.7,148.0,150.75,35916900
2025-03-13 00:00:00+05:30,152.0,153.56,150.02,150.88,48286431
2025-03-17 00:00:00+05:30,151.99,152.64,150.9,151.81,35879781
2025-03-18 00:00:00+05:30,153.0,154.83,152.22,154.66,38125586
2025-03-19 00:00:00+05:30,156.8,159.2,156.5,158.6,66161413
2025-03-20 00:00:00+05:30,160.0,160.1,156.65,159.04,39889517
2025-03-21 00:00:00+05:30,159.03,159.75,156.82,157.28,49184821
2025-03-24 00:00:00+05:30,158.0,159.0,157.11,158.42,30905773
2025-03-25 00:00:00+05:30,159.0,159.0,156.05,156.73,28467187
2025-03-26 00:00:00+05:30,156.2,157.54,155.01,155.81,23182869
2025-03-27 00:00:00+05:30,154.8,156.1,154.2,155.42,25909068
2025-03-28 00:00:00+05:30,155.38,156.91,153.37,154.24,24589315
2025-04-01 00:00:00+05:30,152.07,155.34,152.07,153.12,29142122
2025-04-02 00:00:00+05:30,154.0,156.25,152.27,154.69,24977582
2025-04-03 00:00:00+05:30,153.0,155.97,152.6,153.62,15117526
2025-04-04 00:00:00+05:30,152.62,152.99,140.0,140.39,80846143
2025-04-07 00:00:00+05:30,128.0,130.35,125.33,129.48,121806340
2025-04-08 00:00:00+05:30,134.89,136.2,128.02,130.28,68999181
2025-04-09 00:00:00+05:30,130.0,130.0,125.3,127.18,73399980
2025-04-11 00:00:00+05:30,134.67,134.7,130.49,133.42,73706472
2025-04-15 00:00:00+05:30,135.6,137.0,134.84,136.41,38967608
2025-04-16 00:00:00+05:30,136.41,137.6,134.62,136.97,42684087
2025-04-17 00:00:00+05:30,134.4,137.96,133.7,137.14,62282856
2025-04-21 00:00:00+05:30,137.65,140.3,137.05,139.18,26503486
2025-04-22 00:00:00+05:30,142.0,142.84,137.7,138.16,58429662
2025-04-23 00:00:00+05:30,139.39,141.5,137.32,141.16,37851304
2025-04-24 00:00:00+05:30,140.7,141.88,140.28,141.52,23061444
2025-04-25 00:00:00+05:30,142.0,143.45,138.02,138.85,37764696
2025-04-28 00:00:00+05:30,138.54,142.6,138.38,142.07,26971589
2025-04-29 00:00:00+05:30,142.07,143.3,140.92,141.5,25758449
2025-04-30 00:00:00+05:30,141.45,141.56,138.0,140.08,29205042
2025-05-02 00:00:00+05:30,140.0,143.1,139.45,141.18,34852288
2025-05-05 00:00:00+05:30,141.57,142.7,141.2,142.08,17213477
2025-05-06 00:00:00+05:30,142.08,145.4,141.54,144.44,42658262
2025-05-07 00:00:00+05:30,142.2,146.95,142.2,146.0,34674594
2025-05-08 00:00:00+05:30,146.0,146.66,142.85,143.67,29687927
2025-05-09 00:00:00+05:30,140.99,143.27,140.51,142.78,21875453
2025-05-12 00:00:00+05:30,145.61,151.95,144.5,151.63,47087413
2025-05-13 00:00:00+05:30,152.0,152.99,149.01,149.43,54389876
2025-05-14 00:00:00+05:30,151.0,157.15,151.0,155.31,60002060
2025-05-15 00:00:00+05:30,155.5,157.84,154.3,157.35,57066105
2025-05-16 00:00:00+05:30,157.35,158.15,157.0,157.55,22884754
2025-05-19 00:00:00+05:30,158.0,158.14,156.13,157.57,21839582
2025-05-20 00:00:00+05:30,158.35,162.1,158.0,158.69,58061639
2025-05-21 00:00:00+05:30,159.45,161.85,158.53,161.64,36044599
2025-05-22 00:00:00+05:30,160.98,163.6,160.36,161.29,60715453
2025-05-23 00:00:00+05:30,161.6,163.53,161.5,162.97,29483665
2025-05-26 00:00:00+05:30,163.1,165.55,162.05,162.51,25581584
2025-05-27 00:00:00+05:30,162.51,163.9,160.62,161.66,23296776
2025-05-28 00:00:00+05:30,162.4,162.69,160.65,161.24,13044476
2025-05-29 00:00:00+05:30,162.19,163.95,161.5,163.12,26455081
2025-05-30 00:00:00+05:30,163.11,163.89,160.51,161.02,32739340
2025-06-02 00:00:00+05:30,159.0,160.12,157.3,159.04,31365564
2025-06-03 00:00:00+05:30,159.04,160.65,157.17,157.35,28398746
2025-06-04 00:00:00+05:30,157.5,158.98,156.81,158.18,16660138
2025-06-05 00:00:00+05:30,158.86,159.09,157.05,157.97,23708504
2025-06-06 00:00:00+05:30,155.7,157.88,154.25,157.49,25804151
2025-06-09 00:00:00+05:30,157.69,158.2,156.82,157.32,15315437
2025-06-10 00:00:00+05:30,158.0,159.3,155.5,155.68,22764080
2025-06-11 00:00:00+05:30,156.45,157.53,155.31,156.41,17605668
2025-06-12 00:00:00+05:30,156.0,156.26,151.85,152.89,27846151
2025-06-13 00:00:00+05:30,149.8,152.5,149.8,152.13,24277592
2025-06-16 00:00:00+05:30,152.01,154.5,150.84,154.17,16188193
2025-06-17 00:00:00+05:30,153.81,154.89,152.35,152.6,16740382
2025-06-18 00:00:00+05:30,152.2,153.2,150.8,152.11,14860746
2025-06-19 00:00:00+05:30,152.0,152.45,150.5,151.0,20145922
2025-06-20 00:00:00+05:30,150.75,153.17,150.63,151.97,29944714
2025-06-23 00:00:00+05:30,150.5,153.3,150.48,152.43,17096676
2025-06-24 00:00:00+05:30,153.8,156.97,153.64,154.79,25403324
2025-06-25 00:00:00+05:30,155.9,156.9,155.51,156.39,18240433
2025-06-26 00:00:00+05:30,156.87,161.1,156.45,160.54,40650557
2025-06-27 00:00:00+05:30,161.0,163.3,160.7,161.45,31989509
2025-06-30 00:00:00+05:30,160.99,162.2,159.5,159.76,15842285
2025-07-01 00:00:00+05:30,160.01,160.44,157.73,160.06,17823415
2025-07-02 00:00:00+05:30,160.06,166.15,159.83,165.88,63315210
2025-07-03 00:00:00+05:30,166.0,168.78,165.21,165.91,60571824
2025-07-04 00:00:00+05:30,165.91,166.49,162.0,163.01,22938753
2025-07-07 00:00:00+05:30,163.0,163.35,160.05,162.4,17469909
2025-07-08 00:00:00+05:30,162.45,162.9,161.6,161.97,11398248
2025-07-09 00:00:00+05:30,161.95,161.95,157.51,159.0,29839077
2025-07-10 00:00:00+05:30,160.0,161.55,159.28,160.66,17566887
2025-07-11 00:00:00+05:30,160.64,161.62,159.32,159.84,20689511
2025-07-14 00:00:00+05:30,159.84,161.12,159.3,160.44,15152964
2025-07-15 00:00:00+05:30,160.26,160.85,157.95,159.0,17993051
2025-07-16 00:00:00+05:30,159.0,159.27,157.0,157.33,14591157
2025-07-17 00:00:00+05:30,157.5,160.7,157.12,159.9,21733241
2025-07-18 00:00:00+05:30,160.1,162.75,160.1,162.37,30728478
2025-07-21 00:00:00+05:30,162.5,165.6,162.49,163.02,29812899
2025-07-22 00:00:00+05:30,163.3,164.41,162.73,163.04,13615524
2025-07-23 00:00:00+05:30,163.25,164.14,161.88,162.77,14287149
2025-07-24 00:00:00+05:30,163.0,164.75,162.81,163.48,14377270
2025-07-25 00:00:00+05:30,163.5,163.59,161.05,161.43,12443495
2025-07-28 00:00:00+05:30,161.23,162.29,159.09,159.68,19296285
2025-07-29 00:00:00+05:30,158.2,162.45,158.2,161.69,15262937
2025-07-30 00:00:00+05:30,161.69,162.79,161.05,161.36,16083106
2025-07-31 00:00:00+05:30,161.0,162.13,156.56,157.94,26213891
2025-08-01 00:00:00+05:30,157.93,157.93,152.51,153.01,23927359
2025-08-04 00:00:00+05:30,153.5,159.92,153.5,159.56,30064719
2025-08-05 00:00:00+05:30,159.56,160.14,158.28,159.62,14441034
2025-08-06 00:00:00+05:30,159.62,159.8,157.8,158.66,13438851
2025-08-07 00:00:00+05:30,157.15,160.0,156.26,159.67,23159540
2025-08-08 00:00:00+05:30,159.5,159.95,157.01,157.95,11951173
2025-08-11 00:00:00+05:30,157.95,160.0,157.15,158.52,14325736
2025-08-12 00:00:00+05:30,158.52,161.65,158.5,160.16,20056598
2025-08-13 00:00:00+05:30,160.96,162.4,159.9,160.18,18079396
2025-08-14 00:00:00+05:30,160.02,160.6,154.83,155.3,47256126
2025-08-18 00:00:00+05:30,158.0,159.0,156.0,157.96,61022494
2025-08-19 00:00:00+05:30,158.5,159.46,156.76,159.23,21224239
2025-08-20 00:00:00+05:30,158.2,162.76,158.03,161.92,28520245
2025-08-21 00:00:00+05:30,161.92,162.54,161.19,161.51,17282594
2025-08-22 00:00:00+05:30,161.25,161.28,158.1,158.55,16063984
2025-08-25 00:00:00+05:30,159.2,160.33,158.64,159.63,16376542
2025-08-26 00:00:00+05:30,159.16,159.16,154.64,155.03,19621100
2025-08-28 00:00:00+05:30,155.78,155.87,153.16,153.63,22269875
2025-08-29 00:00:00+05:30,154.5,155.1,153.05,154.48,16971859
2025-09-01 00:00:00+05:30,154.48,156.36,153.7,156.17,10798622
2025-09-02 00:00:00+05:30,156.17,159.07,155.5,158.39,21202113
2025-09-03 00:00:00+05:30,158.4,168.0,158.4,167.85,82352014
2025-09-04 00:00:00+05:30,169.0,169.3,166.62,166.81,26316842
2025-09-05 00:00:00+05:30,167.0,168.0,165.94,167.68,16798170
2025-09-08 00:00:00+05:30,170.0,172.5,168.46,168.82,36402317
2025-09-09 00:00:00+05:30,169.3,169.72,167.99,169.15,14028910
2025-09-10 00:00:00+05:30,169.19,170.73,168.75,169.43,13128306
2025-09-11 00:00:00+05:30,169.35,170.9,168.46,169.41,13829526
2025-09-12 00:00:00+05:30,169.6,171.0,168.63,169.78,12119036
2025-09-15 00:00:00+05:30,169.77,170.2,168.63,169.23,10611401
2025-09-16 00:00:00+05:30,169.39,172.27,169.02,172.02,26629438
2025-09-17 00:00:00+05:30,172.5,172.9,169.35,171.36,21381306
2025-09-18 00:00:00+05:30,171.46,172.2,169.81,172.03,16413388
2025-09-19 00:00:00+05:30,172.1,172.67,170.6,171.48,25406461
2025-09-22 00:00:00+05:30,170.8,172.21,170.51,171.39,20970704
2025-09-23 00:00:00+05:30,171.45,173.81,171.2,173.29,24533561
2025-09-24 00:00:00+05:30,173.16,174.44,172.38,172.66,20168891
2025-09-25 00:00:00+05:30,172.9,173.85,171.86,172.38,17026549
2025-09-26 00:00:00+05:30,172.22,173.37,167.2,167.4,20157657
2025-09-29 00:00:00+05:30,167.6,170.28,167.56,168.98,16832342
2025-09-30 00:00:00+05:30,169.5,170.15,168.41,168.77,24553596
2025-10-01 00:00:00+05:30,169.0,169.74,166.13,167.51,17542776
2025-10-03 00:00:00+05:30,168.12,174.74,168.12,173.21,55172705
2025-10-06 00:00:00+05:30,173.3,173.48,169.3,170.06,21474004
2025-10-07 00:00:00+05:30,170.4,172.2,170.4,171.43,19189843
2025-10-08 00:00:00+05:30,172.0,173.63,170.06,171.94,22662699
2025-10-09 00:00:00+05:30,172.79,177.82,172.78,176.42,68504717
2025-10-10 00:00:00+05:30,176.0,176.14,172.9,173.86,18085975
2025-10-13 00:00:00+05:30,173.0,173.8,170.91,173.03,19386219
2025-10-14 00:00:00+05:30,174.91,176.45,169.25,170.51,22082970
2025-10-15 00:00:00+05:30,170.83,174.0,170.11,173.24,15031989
2025-10-16 00:00:00+05:30,173.0,174.49,172.22,174.0,12205250
2025-10-17 00:00:00+05:30,173.6,174.31,170.99,172.22,21659007
2025-10-20 00:00:00+05:30,173.3,173.3,170.82,171.95,18049579
2025-10-21 00:00:00+05:30,172.4,173.25,172.1,172.78,2471987
2025-10-23 00:00:00+05:30,173.9,176.08,173.64,174.16,31472510
2025-10-24 00:00:00+05:30,174.6,177.35,173.72,174.44,25226376
2025-10-27 00:00:00+05:30,175.89,177.9,175.53,176.66,23832477
2025-10-28 00:00:00+05:30,177.35,182.06,177.02,181.81,59511794
2025-10-29 00:00:00+05:30,183.67,186.94,182.05,185.19,51610530
2025-10-30 00:00:00+05:30,184.4,185.19,182.64,184.35,24270977
2025-10-31 00:00:00+05:30,184.0,184.3,182.12,182.84,16041321
2025-11-03 00:00:00+05:30,182.4,184.1,181.8,182.67,16652212
2025-11-04 00:00:00+05:30,183.0,183.09,178.9,179.29,18746387
2025-11-06 00:00:00+05:30,179.29,180.67,176.52,177.27,23664538
2025-11-07 00:00:00+05:30,177.0,182.25,175.01,181.37,19165876
2025-11-10 00:00:00+05:30,182.03,182.51,180.2,181.48,18376132
2025-11-11 00:00:00+05:30,182.9,182.9,179.02,181.04,14109340
2025-11-12 00:00:00+05:30,181.44,182.15,178.0,178.61,19037263
2025-11-13 00:00:00+05:30,184.0,184.0,175.1,176.65,82083661
2025-11-14 00:00:00+05:30,177.52,177.7,172.12,174.26,38345500
2025-11-17 00:00:00+05:30,175.13,175.25,172.62,173.17,28204282
2025-11-18 00:00:00+05:30,172.4,173.12,170.55,172.45,34278387
2025-11-19 00:00:00+05:30,172.45,173.9,172.06,173.21,19621610
2025-11-20 00:00:00+05:30,174.1,174.36,172.26,172.46,15968891
2025-11-21 00:00:00+05:30,171.8,171.9,167.7,168.0,28412865
2025-11-24 00:00:00+05:30,168.0,168.38,165.18,165.36,31202769
2025-11-25 00:00:00+05:30,166.0,167.27,165.08,166.33,19983310
2025-11-26 00:00:00+05:30,167.0,169.95,166.9,169.67,15044796
2025-11-27 00:00:00+05:30,170.45,171.0,167.18,168.13,17546627
2025-11-28 00:00:00+05:30,168.13,169.0,167.29,167.96,11975539
2025-12-01 00:00:00+05:30,169.0,169.65,167.7,168.63,11758473
2025-12-02 00:00:00+05:30,168.43,168.85,167.0,167.78,15355023
2025-12-03 00:00:00+05:30,167.78,167.99,165.0,166.92,18873943
2025-12-04 00:00:00+05:30,167.8,167.97,166.2,166.77,11419966
2025-12-05 00:00:00+05:30,167.0,167.65,165.0,167.11,33500436
2025-12-08 00:00:00+05:30,167.09,168.2,163.0,163.47,15772400
2025-12-09 00:00:00+05:30,163.39,163.39,160.06,160.67,25766371
2025-12-10 00:00:00+05:30,161.0,163.68,160.81,162.23,22537548
2025-12-11 00:00:00+05:30,163.5,166.66,163.17,166.38,32603566
2025-12-12 00:00:00+05:30,167.6,172.5,167.4,171.89,41130927
2025-12-15 00:00:00+05:30,170.95,173.17,170.5,172.87,23254201
2025-12-16 00:00:00+05:30,172.7,172.7,169.25,169.83,22981935
2025-12-17 00:00:00+05:30,170.09,171.3,169.66,170.34,11624504
2025-12-18 00:00:00+05:30,169.92,170.45,167.56,168.12,13152378
2025-12-19 00:00:00+05:30,169.15,169.62,167.83,168.69,28448892
2025-12-22 00:00:00+05:30,169.04,171.46,169.0,169.22,23729300
2025-12-23 00:00:00+05:30,169.35,171.35,169.25,170.9,17348078
2025-12-24 00:00:00+05:30,171.35,171.65,169.67,170.07,17430406
2025-12-26 00:00:00+05:30,169.89,169.9,167.82,169.12,16904834
2025-12-29 00:00:00+05:30,169.51,174.13,169.29,172.3,48001907
2025-12-30 00:00:00+05:30,172.78,176.35,170.8,175.8,33741158
2025-12-31 00:00:00+05:30,180.0,181.4,178.5,180.08,50897201
2026-01-01 00:00:00+05:30,180.6,182.2,180.2,181.89,21507757
2026-01-02 00:00:00+05:30,182.0,183.85,181.6,182.88,23006840
2026-01-05 00:00:00+05:30,182.88,186.89,182.87,185.72,30646009
2026-01-06 00:00:00+05:30,186.0,187.85,184.47,186.2,28514282
2026-01-07 00:00:00+05:30,186.2,186.65,182.9,183.8,18231588
2026-01-08 00:00:00+05:30,185.45,185.87,179.55,180.12,38454951
2026-01-09 00:00:00+05:30,179.05,181.5,177.33,178.4,25318701
2026-01-12 00:00:00+05:30,178.4,183.65,177.64,183.24,25782267
2026-01-13 00:00:00+05:30,183.5,184.39,181.1,182.57,19155081
2026-01-14 00:00:00+05:30,182.57,190.65,181.66,189.25,55907778
2026-01-16 00:00:00+05:30,190.05,191.0,187.31,188.21,26028519
2026-01-19 00:00:00+05:30,187.1,189.44,186.8,188.27,19709364
2026-01-20 00:00:00+05:30,188.27,190.0,183.03,183.56,20094927
2026-01-21 00:00:00+05:30,183.56,185.71,180.88,184.41,35037961
2026-01-22 00:00:00+05:30,185.89,189.99,185.79,189.1,35681682
2026-01-23 00:00:00+05:30,190.5,192.4,187.27,187.61,28492706
2026-01-27 00:00:00+05:30,189.67,193.14,187.72,192.28,42314287
2026-01-28 00:00:00+05:30,193.49,195.2,192.1,193.85,33310718
2026-01-29 00:00:00+05:30,194.45,202.99,194.11,202.32,60610904
2026-01-30 00:00:00+05:30,198.55,199.0,190.63,193.13,52262849
2026-02-01 00:00:00+05:30,188.81,193.76,184.26,185.38,26527491
2026-02-02 00:00:00+05:30,185.38,189.0,182.55,188.51,25601945
2026-02-03 00:00:00+05:30,193.58,199.0,191.51,192.93,28467895
2026-02-04 00:00:00+05:30,193.99,196.14,193.45,195.4,13859145
2026-02-05 00:00:00+05:30,193.0,198.41,191.52,197.76,31293689
2026-02-06 00:00:00+05:30,197.6,197.6,194.37,197.06,18446912
2026-02-09 00:00:00+05:30,202.0,206.34,197.55,202.0,68967709
2026-02-10 00:00:00+05:30,202.99,211.1,201.08,208.01,82443790
2026-02-11 00:00:00+05:30,209.4,210.25,205.3,207.59,40897457
2026-02-12 00:00:00+05:30,208.0,210.39,206.2,208.11,24109860
2026-02-13 00:00:00+05:30,206.59,206.85,202.56,203.18,25870923
2026-02-16 00:00:00+05:30,201.0,206.12,200.55,205.81,17932490
2026-02-17 00:00:00+05:30,205.5,205.8,201.66,203.08,18506676
2026-02-18 00:00:00+05:30,203.55,209.7,203.55,209.03,48357001
2026-02-19 00:00:00+05:30,211.0,211.39,204.25,205.41,27749813
2026-02-20 00:00:00+05:30,206.41,209.3,204.73,208.36,26605844
2026-02-23 00:00:00+05:30,210.0,210.1,205.5,208.14,23377191
2026-02-24 00:00:00+05:30,207.21,209.54,206.75,209.13,23413086
2026-02-25 00:00:00+05:30,210.1,216.45,209.4,214.64,48873839
2026-02-26 00:00:00+05:30,215.95,215.95,213.01,215.52,25522669
2026-02-27 00:00:00+05:30,215.5,215.9,211.66,212.33,25598534
2026-03-02 00:00:00+05:30,205.0,214.34,204.5,211.01,30523310
2026-03-04 00:00:00+05:30,207.0,207.0,194.43,196.73,72096617
2026-03-05 00:00:00+05:30,198.5,203.04,197.63,200.57,41033397
2026-03-06 00:00:00+05:30,199.5,202.2,197.1,198.46,28551376
2026-03-09 00:00:00+05:30,193.45,193.7,187.03,191.01,43019965
2026-03-10 00:00:00+05:30,194.01,196.64,192.0,195.0,25783308
2026-03-11 00:00:00+05:30,197.14,198.88,194.0,194.74,34207226
2026-03-12 00:00:00+05:30,193.99,194.66,190.1,193.47,24413736
2026-03-13 00:00:00+05:30,191.95,192.5,182.26,183.51,42683952
2026-03-16 00:00:00+05:30,183.0,187.65,181.25,186.94,44789516
2026-03-17 00:00:00+05:30,187.8,196.31,186.85,195.43,45672442
2026-03-18 00:00:00+05:30,196.4,196.43,193.17,195.41,26353743
2026-03-19 00:00:00+05:30,190.8,194.22,189.37,190.51,24146344
2026-03-20 00:00:00+05:30,193.4,199.44,193.34,196.77,46881257
2026-03-23 00:00:00+05:30,193.0,193.95,186.51,187.17,44393392
2026-03-24 00:00:00+05:30,192.0,192.19,187.78,190.79,34321983
2026-03-25 00:00:00+05:30,193.03,197.15,192.32,196.65,34767360
2026-03-27 00:00:00+05:30,194.32,195.5,192.64,193.22,36938046
2026-03-30 00:00:00+05:30,192.0,194.42,188.3,191.86,45914996
2026-04-01 00:00:00+05:30,200.0,200.2,194.0,194.6,35813622
2026-04-02 00:00:00+05:30,192.91,194.85,187.95,194.14,27633959
2026-04-06 00:00:00+05:30,193.02,196.65,190.25,196.1,28115748
2026-04-07 00:00:00+05:30,195.6,198.42,193.28,198.13,32090982
2026-04-08 00:00:00+05:30,202.01,206.4,202.0,204.18,37018381
2026-04-09 00:00:00+05:30,204.51,208.19,204.06,205.2,36853400
2026-04-10 00:00:00+05:30,207.98,209.0,204.8,206.61,28385501
2026-04-13 00:00:00+05:30,203.7,207.0,201.5,206.39,25848544
2026-04-15 00:00:00+05:30,209.0,211.15,207.6,208.72,30858355
2026-04-16 00:00:00+05:30,209.75,212.92,209.01,210.69,26751249
2026-04-17 00:00:00+05:30,210.69,212.46,208.5,212.12,22837792
2026-04-20 00:00:00+05:30,212.0,213.4,209.8,211.72,24992602
2026-04-21 00:00:00+05:30,211.72,214.49,211.08,212.01,17427021
2026-04-22 00:00:00+05:30,211.0,213.78,210.51,213.03,20795714
2026-04-23 00:00:00+05:30,213.04,213.1,210.16,210.91,19304122
2026-04-24 00:00:00+05:30,211.0,212.0,208.6,210.07,22379072
2026-04-27 00:00:00+05:30,211.0,215.0,210.93,213.27,33068230
2026-04-28 00:00:00+05:30,213.2,218.24,212.2,215.05,34950491
2026-04-29 00:00:00+05:30,216.1,217.0,211.36,215.88,32800573
2026-04-30 00:00:00+05:30,215.78,215.78,210.0,211.36,24894783
2026-05-04 00:00:00+05:30,212.55,214.5,211.4,212.24,23140911
2026-05-05 00:00:00+05:30,212.2,212.34,209.45,211.32,20733709
2026-05-06 00:00:00+05:30,214.0,216.73,212.42,215.47,24082651
2026-05-07 00:00:00+05:30,216.7,219.2,215.75,217.09,21243369
2026-05-08 00:00:00+05:30,217.0,217.4,214.25,214.49,17760366
2026-05-11 00:00:00+05:30,213.5,215.0,211.52,212.08,16301350
2026-05-12 00:00:00+05:30,212.0,216.33,211.5,212.0,28371348
2026-05-13 00:00:00+05:30,213.24,220.91,213.07,219.62,46231533
2026-05-14 00:00:00+05:30,222.3,222.9,219.02,221.13,34985006
2026-05-15 00:00:00+05:30,223.0,224.4,216.0,216.84,33231023
2026-05-18 00:00:00+05:30,211.0,211.82,205.05,209.71,73796001
2026-05-19 00:00:00+05:30,210.59,212.33,208.9,209.29,32573663
2026-05-20 00:00:00+05:30,207.5,207.5,203.04,207.01,56670462
2026-05-21 00:00:00+05:30,209.75,210.07,207.66,208.58,24385712
2026-05-22 00:00:00+05:30,209.6,210.88,208.26,209.19,22023114
2026-05-25 00:00:00+05:30,211.3,211.75,209.44,210.22,23090495
2026-05-26 00:00:00+05:30,209.9,211.14,209.51,210.47,17801824
2026-05-27 00:00:00+05:30,210.7,218.96,210.7,214.7,39110042
2026-05-29 00:00:00+05:30,215.69,215.7,206.7,208.02,67467374
2026-06-01 00:00:00+05:30,210.0,211.4,206.5,210.57,23733470
2026-06-02 00:00:00+05:30,209.01,213.46,208.57,210.6,29358964
2026-06-03 00:00:00+05:30,210.71,212.49,207.6,211.89,23198930
2026-06-04 00:00:00+05:30,210.42,212.24,209.31,210.57,18939468
2026-06-05 00:00:00+05:30,209.4,210.5,203.9,206.77,35802398
2026-06-08 00:00:00+05:30,203.44,205.21,201.6,202.72,31036948
2026-06-09 00:00:00+05:30,203.0,204.0,200.34,203.18,42111455
2026-06-10 00:00:00+05:30,203.0,203.4,198.0,199.31,34008938
2026-06-11 00:00:00+05:30,197.44,199.35,196.05,197.96,38292223
2026-06-12 00:00:00+05:30,200.0,200.82,195.8,197.86,27622963
2026-06-15 00:00:00+05:30,199.96,200.95,196.82,197.28,27071539
2026-06-16 00:00:00+05:30,197.51,197.6,193.31,196.0,29255187
2026-06-17 00:00:00+05:30,196.79,199.5,195.6,199.01,22491220
2026-06-18 00:00:00+05:30,199.01,200.7,198.15,200.52,22111931
2026-06-19 00:00:00+05:30,199.25,199.36,196.5,198.96,31571461
2026-06-22 00:00:00+05:30,199.3,200.66,198.7,198.97,19238506
2026-06-23 00:00:00+05:30,197.75,197.98,192.73,193.56,34634510
2026-06-24 00:00:00+05:30,192.8,193.38,189.59,190.16,51305789
2026-06-25 00:00:00+05:30,190.0,190.86,187.61,188.71,34151735
2026-06-29 00:00:00+05:30,188.73,191.27,188.6,189.57,62549132
2026-06-30 00:00:00+05:30,189.5,190.4,187.05,188.06,33686235
2026-07-01 00:00:00+05:30,188.5,188.71,184.7,185.17,20614036
2026-07-02 00:00:00+05:30,186.0,188.6,185.14,187.67,29139217
2026-07-03 00:00:00+05:30,190.6,192.98,189.11,189.8,28474469
2026-07-06 00:00:00+05:30,190.39,191.45,189.19,190.87,14466645
2026-07-07 00:00:00+05:30,191.0,191.3,189.0,189.79,22805982
2026-07-08 00:00:00+05:30,187.66,189.79,186.52,188.2,17816943
2026-07-09 00:00:00+05:30,189.5,189.87,186.62,187.91,21203724
2026-07-10 00:00:00+05:30,189.68,193.3,188.74,191.19,23145573
2026-07-13 00:00:00+05:30,189.0,189.27,185.4,187.11,47597415
2026-07-14 00:00:00+05:30,186.7,190.35,186.7,188.27,24096425
2026-07-15 00:00:00+05:30,188.74,189.33,184.81,185.26,24924570
2026-07-16 00:00:00+05:30,186.5,186.75,184.91,185.49,13166990
2026-07-17 00:00:00+05:30,185.2,186.59,183.41,185.89,20132684
2026-07-20 00:00:00+05:30,186.68,187.19,185.76,186.41,11188887
2026-07-21 00:00:00+05:30,186.75,188.1,184.7,187.24,21618426
2026-07-22 00:00:00+05:30,187.99,187.99,184.91,186.53,16643117
2026-07-23 00:00:00+05:30,186.0,186.0,183.5,184.23,20581098
2026-07-24 00:00:00+05:30,183.41,183.52,181.2,182.67,16117953
2026-07-27 00:00:00+05:30,183.6,184.89,183.33,184.25,11857396
2026-07-28 00:00:00+05:30,184.31,185.14,182.01,182.63,19135253
2026-07-29 00:00:00+05:30,183.5,188.67,183.04,187.27,24872418
2026-07-30 00:00:00+05:30,188.01,188.99,186.1,186.92,13769746
2026-07-31 00:00:00+05:30,188.25,191.84,186.31,189.69,34249584
2026-08-03 00:00:00+05:30,192.94,193.5,188.49,191.0,27563681
2026-08-04 00:00:00+05:30,190.7,192.6,189.0,190.95,22165429
2026-08-05 00:00:00+05:30,192.25,192.99,189.84,192.99,22780522
2026-08-06 00:00:00+05:30,193.45,193.65,188.99,189.3,18802510
2026-08-07 00:00:00+05:30,189.41,189.69,186.75,187.55,9924021
2026-08-10 00:00:00+05:30,187.56,192.35,187.55,190.24,33338101
2026-08-11 00:00:00+05:30,190.24,190.56,186.78,188.25,20973262
2026-08-12 00:00:00+05:30,188.35,188.88,183.6,186.2,36484049
2026-08-13 00:00:00+05:30,186.2,186.66,183.46,184.85,19940424
2026-08-14 00:00:00+05:30,184.0,184.19,180.0,183.5,16131505
2026-08-17 00:00:00+05:30,183.5,186.35,182.06,186.0,16278106
2026-08-18 00:00:00+05:30,186.34,187.11,184.33,185.5,13393441
2026-08-19 00:00:00+05:30,184.16,184.95,182.5,184.0,15509632
2026-08-20 00:00:00+05:30,185.0,185.6,182.95,183.5,21782667
2026-08-21 00:00:00+05:30,184.4,184.94,182.0,183.0,26299054
