datetime,open,high,low,close,volume
2011-08-24 00:00:00+05:30,87.14,88.32,83.31,84.0,29979628
2011-08-25 00:00:00+05:30,85.23,86.52,84.53,85.61,28882474
2011-08-26 00:00:00+05:30,85.71,87.79,83.14,83.72,25405527
2011-08-29 00:00:00+05:30,85.35,88.27,85.1,87.58,29649536
2011-08-30 00:00:00+05:30,89.36,89.7,87.13,88.98,26796966
2011-09-02 00:00:00+05:30,90.85,91.49,88.94,90.47,32713698
2011-09-05 00:00:00+05:30,89.66,90.98,88.86,90.28,17253149
2011-09-06 00:00:00+05:30,89.68,92.72,89.68,91.79,31489450
2011-09-07 00:00:00+05:30,92.45,93.57,90.39,92.19,24601457
2011-09-08 00:00:00+05:30,92.79,95.05,92.17,94.77,22065512
2011-09-09 00:00:00+05:30,94.86,94.86,91.16,91.68,16773705
2011-09-12 00:00:00+05:30,87.47,89.42,86.01,87.71,18672600
2011-09-13 00:00:00+05:30,88.28,88.82,82.43,83.66,26770210
2011-09-14 00:00:00+05:30,84.5,86.09,83.9,85.41,19222939
2011-09-15 00:00:00+05:30,85.7,91.34,84.83,90.62,22141255
2011-09-16 00:00:00+05:30,92.2,97.99,91.34,97.0,55466690
2011-09-19 00:00:00+05:30,95.89,98.71,94.57,96.91,27330625
2011-09-20 00:00:00+05:30,96.76,99.97,96.76,99.61,24188544
2011-09-21 00:00:00+05:30,98.89,100.03,97.99,98.8,18837573
2011-09-22 00:00:00+05:30,96.31,96.82,92.05,92.68,19131298
2011-09-23 00:00:00+05:30,90.2,90.98,87.5,88.01,35600928
2011-09-26 00:00:00+05:30,88.4,89.0,85.25,87.95,15251580
2011-09-27 00:00:00+05:30,90.71,94.09,90.26,93.34,19320404
2011-09-28 00:00:00+05:30,94.03,95.71,91.82,93.52,21473247
2011-09-29 00:00:00+05:30,92.0,97.6,90.62,96.43,33465717
2011-09-30 00:00:00+05:30,96.07,97.63,93.05,93.52,19937657
2011-10-03 00:00:00+05:30,92.3,94.34,91.31,92.05,13134278
2011-10-04 00:00:00+05:30,91.22,91.45,86.75,87.92,29349740
2011-10-05 00:00:00+05:30,88.82,91.01,87.89,88.34,14818460
2011-10-07 00:00:00+05:30,91.73,96.1,91.73,95.38,26230330
2011-10-10 00:00:00+05:30,95.29,103.36,95.23,102.33,33745247
2011-10-11 00:00:00+05:30,103.5,106.65,102.7,105.93,38086408
2011-10-12 00:00:00+05:30,105.48,113.87,102.27,108.33,45282886
2011-10-13 00:00:00+05:30,109.92,111.59,104.73,105.39,31144484
2011-10-14 00:00:00+05:30,104.28,108.63,104.13,107.91,24830902
2011-10-17 00:00:00+05:30,109.68,114.59,109.68,112.73,40280412
2011-10-18 00:00:00+05:30,110.4,110.66,106.56,108.63,25071409
2011-10-19 00:00:00+05:30,110.21,112.82,110.21,112.04,20281338
2011-10-20 00:00:00+05:30,109.35,110.58,108.33,109.74,22723741
2011-10-21 00:00:00+05:30,110.75,111.23,106.17,106.77,20557566
2011-10-24 00:00:00+05:30,109.46,112.35,109.46,111.56,21561165
2011-10-25 00:00:00+05:30,112.67,115.91,110.75,114.95,27427034
2011-10-26 00:00:00+05:30,116.69,116.81,114.08,114.95,7058297
2011-10-28 00:00:00+05:30,118.51,124.66,118.22,123.94,29818419
2011-10-31 00:00:00+05:30,123.16,123.16,118.51,118.94,22183300
2011-11-01 00:00:00+05:30,116.93,121.33,114.95,115.94,34174705
2011-11-02 00:00:00+05:30,114.05,118.01,112.73,115.13,38406784
2011-11-03 00:00:00+05:30,114.47,115.22,111.12,113.09,36351860
2011-11-04 00:00:00+05:30,115.97,116.09,111.32,112.73,30000627
2011-11-08 00:00:00+05:30,113.57,114.29,111.03,113.69,20419592
2011-11-09 00:00:00+05:30,114.71,115.04,110.15,110.72,23192935
2011-11-11 00:00:00+05:30,110.3,112.76,108.18,108.75,30894352
2011-11-14 00:00:00+05:30,110.3,111.18,105.57,106.56,26309317
2011-11-15 00:00:00+05:30,104.13,110.58,103.02,108.63,37138916
2011-11-16 00:00:00+05:30,109.08,110.15,106.53,109.26,27586165
2011-11-17 00:00:00+05:30,109.08,109.68,104.16,104.97,20996588
2011-11-18 00:00:00+05:30,103.08,103.08,100.06,102.07,21501304
2011-11-21 00:00:00+05:30,101.44,101.44,95.98,96.82,22440662
2011-11-22 00:00:00+05:30,97.69,105.0,97.69,103.36,39583750
2011-11-23 00:00:00+05:30,101.88,102.57,99.21,100.9,23524989
2011-11-24 00:00:00+05:30,100.03,104.85,98.38,103.71,32421463
2011-11-25 00:00:00+05:30,101.61,107.76,101.61,102.99,33248646
2011-11-28 00:00:00+05:30,104.58,109.65,104.19,108.99,25564013
2011-11-29 00:00:00+05:30,108.39,108.95,105.3,106.35,22157292
2011-11-30 00:00:00+05:30,104.58,105.72,101.61,103.56,25125514
2011-12-01 00:00:00+05:30,108.48,111.15,108.42,109.68,27499042
2011-12-02 00:00:00+05:30,109.08,115.52,108.92,115.01,26273548
2011-12-05 00:00:00+05:30,114.38,116.63,113.39,114.83,19069134
2011-12-07 00:00:00+05:30,114.47,117.32,113.87,114.71,20732072
2011-12-08 00:00:00+05:30,114.02,114.77,111.38,113.0,20265508
2011-12-09 00:00:00+05:30,110.09,111.29,107.94,109.68,24813739
2011-12-12 00:00:00+05:30,112.1,112.55,105.6,106.29,24032819
2011-12-13 00:00:00+05:30,104.58,109.29,104.43,107.22,23830357
2011-12-14 00:00:00+05:30,105.99,108.89,105.6,106.14,24187514
2011-12-15 00:00:00+05:30,104.88,105.48,100.39,103.47,30164055
2011-12-16 00:00:00+05:30,105.12,107.73,102.07,103.33,26562708
2011-12-19 00:00:00+05:30,103.08,108.06,101.44,107.76,34228100
2011-12-20 00:00:00+05:30,107.88,108.33,104.19,104.82,24307952
2011-12-21 00:00:00+05:30,107.73,109.02,104.7,106.08,35168510
2011-12-22 00:00:00+05:30,104.88,110.55,103.98,110.03,20563181
2011-12-23 00:00:00+05:30,110.81,112.28,109.49,110.84,17675332
2011-12-26 00:00:00+05:30,111.47,113.06,110.93,111.92,11843181
2011-12-27 00:00:00+05:30,111.47,111.72,108.39,109.14,10344575
2011-12-28 00:00:00+05:30,108.48,109.98,107.19,108.0,14645273
2011-12-29 00:00:00+05:30,106.92,109.38,106.74,107.37,16655821
2011-12-30 00:00:00+05:30,108.18,110.15,105.96,107.1,15497643
2012-01-02 00:00:00+05:30,108.45,110.9,107.16,110.24,16798759
2012-01-03 00:00:00+05:30,111.62,116.75,111.59,116.24,26196574
2012-01-04 00:00:00+05:30,116.18,121.37,115.67,120.58,37560996
2012-01-05 00:00:00+05:30,120.43,123.31,119.98,121.12,35725755
2012-01-06 00:00:00+05:30,119.86,122.86,118.97,122.02,22374333
2012-01-07 00:00:00+05:30,121.96,122.5,121.51,121.81,1550058
2012-01-09 00:00:00+05:30,120.97,121.48,118.79,120.22,19155570
2012-01-10 00:00:00+05:30,120.46,123.73,120.46,122.92,19669710
2012-01-11 00:00:00+05:30,123.58,124.24,120.91,122.8,25794230
2012-01-12 00:00:00+05:30,121.66,125.56,121.39,123.58,20120706
2012-01-13 00:00:00+05:30,125.95,127.78,123.76,125.14,31714644
2012-01-16 00:00:00+05:30,123.46,128.61,122.23,128.1,35835766
2012-01-17 00:00:00+05:30,130.65,132.69,129.54,130.29,39724876
2012-01-18 00:00:00+05:30,130.26,131.82,127.44,128.16,40499797
2012-01-19 00:00:00+05:30,130.05,132.0,129.7,130.92,24047258
2012-01-20 00:00:00+05:30,131.79,132.63,129.21,131.31,17587493
2012-01-23 00:00:00+05:30,132.39,133.8,130.41,131.31,15229762
2012-01-24 00:00:00+05:30,132.45,134.55,129.76,133.02,23018026
2012-01-25 00:00:00+05:30,133.65,140.45,133.47,138.41,37378213
2012-01-27 00:00:00+05:30,140.6,144.68,139.4,143.75,43561501
2012-01-30 00:00:00+05:30,142.76,143.06,138.68,140.18,28846949
2012-01-31 00:00:00+05:30,140.9,147.16,140.9,146.08,21649201
2012-02-01 00:00:00+05:30,146.14,150.91,145.88,148.87,33801644
2012-02-02 00:00:00+05:30,151.33,151.45,146.8,147.7,29004346
2012-02-03 00:00:00+05:30,148.18,149.83,144.22,148.42,23312211
2012-02-06 00:00:00+05:30,150.13,151.63,147.22,150.88,19589794
2012-02-07 00:00:00+05:30,152.67,152.67,148.69,150.04,21096205
2012-02-08 00:00:00+05:30,150.97,151.87,147.16,150.19,16914706
2012-02-09 00:00:00+05:30,149.35,155.13,148.99,154.21,27756964
2012-02-10 00:00:00+05:30,153.84,156.96,153.13,154.24,26131480
2012-02-13 00:00:00+05:30,154.21,156.3,152.08,154.81,18063912
2012-02-14 00:00:00+05:30,155.5,163.43,155.19,160.59,35978493
2012-02-15 00:00:00+05:30,167.03,175.42,166.61,172.51,61439381
2012-02-16 00:00:00+05:30,169.61,170.39,164.4,165.35,37848981
2012-02-17 00:00:00+05:30,168.65,169.91,162.51,164.18,28141879
2012-02-21 00:00:00+05:30,164.93,165.41,161.54,162.6,30556982
2012-02-22 00:00:00+05:30,163.01,165.41,159.36,160.89,32216237
2012-02-23 00:00:00+05:30,160.62,164.06,159.24,160.89,28764597
2012-02-24 00:00:00+05:30,161.82,162.86,157.74,159.09,15514108
2012-02-27 00:00:00+05:30,160.56,160.56,153.04,155.79,22227240
2012-02-28 00:00:00+05:30,157.29,165.09,157.02,163.83,24725128
2012-02-29 00:00:00+05:30,165.41,167.09,160.2,162.39,21695982
2012-03-01 00:00:00+05:30,161.76,164.15,159.06,160.14,17071438
2012-03-02 00:00:00+05:30,161.52,163.01,158.61,160.41,18291668
2012-03-03 00:00:00+05:30,159.66,161.04,159.42,160.59,814364
2012-03-05 00:00:00+05:30,160.02,165.17,159.57,164.3,22900556
2012-03-06 00:00:00+05:30,164.27,167.21,158.22,160.02,19287737
2012-03-07 00:00:00+05:30,158.82,161.7,157.26,160.59,14205836
2012-03-09 00:00:00+05:30,163.17,168.98,163.17,168.2,19982150
2012-03-12 00:00:00+05:30,169.61,171.94,166.04,170.33,20427071
2012-03-13 00:00:00+05:30,171.5,172.36,169.22,169.61,15771453
2012-03-14 00:00:00+05:30,171.71,175.0,171.31,173.8,16733426
2012-03-15 00:00:00+05:30,173.77,176.29,170.62,174.07,16295648
2012-03-16 00:00:00+05:30,172.91,178.51,169.4,171.82,27178463
2012-03-19 00:00:00+05:30,172.33,175.3,168.62,169.88,15605949
2012-03-20 00:00:00+05:30,170.02,171.37,161.6,162.66,30347509
2012-03-21 00:00:00+05:30,162.92,166.28,158.28,165.47,38427059
2012-03-22 00:00:00+05:30,164.43,169.25,160.62,161.88,24225384
2012-03-23 00:00:00+05:30,163.01,165.17,160.41,163.43,20213798
2012-03-26 00:00:00+05:30,163.43,163.43,159.6,160.86,17845663
2012-03-27 00:00:00+05:30,163.55,165.12,159.3,163.49,18279313
2012-03-28 00:00:00+05:30,162.95,163.4,160.92,162.51,12542133
2012-03-29 00:00:00+05:30,161.13,164.21,160.14,162.98,16364006
2012-03-30 00:00:00+05:30,164.81,165.77,163.55,164.96,10583822
2012-04-02 00:00:00+05:30,167.75,167.81,165.23,165.89,13224920
2012-04-03 00:00:00+05:30,166.91,169.01,164.99,168.56,13711801
2012-04-04 00:00:00+05:30,167.81,168.89,166.19,166.94,7980813
2012-04-09 00:00:00+05:30,166.01,167.12,164.03,165.17,6571474
2012-04-10 00:00:00+05:30,165.47,170.62,165.12,170.06,13613031
2012-04-11 00:00:00+05:30,168.5,171.68,168.23,169.64,16427918
2012-04-12 00:00:00+05:30,170.96,172.42,170.21,171.53,9448117
2012-04-13 00:00:00+05:30,172.6,176.56,172.0,173.38,12873490
2012-04-16 00:00:00+05:30,173.65,180.93,171.91,180.21,20417117
2012-04-17 00:00:00+05:30,182.19,182.76,177.79,180.61,23262939
2012-04-18 00:00:00+05:30,181.9,186.54,181.59,185.64,28179293
2012-04-19 00:00:00+05:30,186.6,191.96,185.55,191.33,25994886
2012-04-20 00:00:00+05:30,190.4,192.23,187.29,189.77,14963381
2012-04-23 00:00:00+05:30,189.69,191.72,184.98,185.64,13070339
2012-04-24 00:00:00+05:30,185.49,188.34,185.22,186.9,10273232
2012-04-25 00:00:00+05:30,187.5,189.06,185.34,188.16,14376418
2012-04-26 00:00:00+05:30,189.32,189.32,186.0,187.05,11293826
2012-04-27 00:00:00+05:30,187.47,188.0,184.41,187.37,9350757
2012-04-28 00:00:00+05:30,187.59,188.31,186.45,187.65,356912
2012-04-30 00:00:00+05:30,185.79,190.29,185.76,189.71,7755900
2012-05-02 00:00:00+05:30,187.56,187.56,181.98,182.5,16972532
2012-05-03 00:00:00+05:30,182.28,182.79,179.44,180.36,16765350
2012-05-04 00:00:00+05:30,178.9,182.01,176.98,180.87,19360598
2012-05-07 00:00:00+05:30,178.54,185.79,174.73,184.83,21811870
2012-05-08 00:00:00+05:30,184.59,185.52,176.8,177.64,17908781
2012-05-09 00:00:00+05:30,174.97,178.18,173.45,175.51,18694892
2012-05-10 00:00:00+05:30,176.23,178.09,172.07,173.32,11099138
2012-05-11 00:00:00+05:30,172.63,180.93,172.63,178.3,13261101
2012-05-14 00:00:00+05:30,179.2,180.18,171.19,174.16,11761269
2012-05-15 00:00:00+05:30,172.6,175.3,170.59,174.01,15218249
2012-05-16 00:00:00+05:30,165.95,166.04,160.47,161.22,38452715
2012-05-17 00:00:00+05:30,160.97,165.35,158.01,162.51,22807899
2012-05-18 00:00:00+05:30,158.82,159.84,153.43,155.76,21010667
2012-05-21 00:00:00+05:30,155.94,158.37,154.68,156.93,13096987
2012-05-22 00:00:00+05:30,159.96,161.6,157.86,158.88,14195252
2012-05-23 00:00:00+05:30,157.08,159.09,155.53,156.69,12971239
2012-05-24 00:00:00+05:30,157.5,160.65,153.96,160.02,14669426
2012-05-25 00:00:00+05:30,159.27,162.89,157.23,161.25,8673523
2012-05-28 00:00:00+05:30,162.23,166.4,160.65,165.77,13515250
2012-05-29 00:00:00+05:30,168.35,169.67,163.64,165.26,20952520
2012-05-30 00:00:00+05:30,155.22,155.7,144.76,145.66,67571189
2012-05-31 00:00:00+05:30,142.58,143.3,138.02,139.64,62463785
2012-06-01 00:00:00+05:30,140.84,141.44,133.38,134.57,39801542
2012-06-04 00:00:00+05:30,132.06,138.09,130.2,137.15,30768597
2012-06-05 00:00:00+05:30,136.77,137.46,132.48,132.84,25690835
2012-06-06 00:00:00+05:30,133.74,141.68,133.74,140.48,44600658
2012-06-07 00:00:00+05:30,141.17,143.18,139.07,141.71,22674550
2012-06-08 00:00:00+05:30,140.24,143.81,139.58,143.36,17304286
2012-06-11 00:00:00+05:30,144.44,146.2,140.0,141.14,16465594
2012-06-12 00:00:00+05:30,139.46,146.11,139.37,145.6,21606459
2012-06-13 00:00:00+05:30,146.23,146.23,141.59,142.28,16444984
2012-06-14 00:00:00+05:30,142.64,143.51,135.2,135.86,21125364
2012-06-15 00:00:00+05:30,136.71,144.71,136.71,144.02,27358306
2012-06-18 00:00:00+05:30,145.63,148.63,140.39,142.61,30308687
2012-06-19 00:00:00+05:30,143.24,145.39,141.59,142.73,17419199
2012-06-20 00:00:00+05:30,144.44,148.27,143.84,147.4,21973811
2012-06-21 00:00:00+05:30,146.8,149.71,145.42,148.75,18728468
2012-06-22 00:00:00+05:30,146.74,150.55,145.22,148.09,21460673
2012-06-25 00:00:00+05:30,148.87,150.97,146.83,147.55,18943288
2012-06-26 00:00:00+05:30,147.14,149.11,146.29,147.85,8030235
2012-06-27 00:00:00+05:30,148.63,149.32,142.79,143.36,15438079
2012-06-28 00:00:00+05:30,143.12,145.04,139.49,144.05,24571352
2012-06-29 00:00:00+05:30,145.63,147.58,144.14,145.31,21933299
2012-07-02 00:00:00+05:30,143.69,145.31,142.37,142.61,15394428
2012-07-03 00:00:00+05:30,144.05,144.68,140.9,142.37,15257847
2012-07-04 00:00:00+05:30,142.73,144.59,141.17,141.56,17588318
2012-07-05 00:00:00+05:30,141.56,144.22,140.57,143.84,19022913
2012-07-06 00:00:00+05:30,144.44,146.05,142.28,144.22,20539985
2012-07-09 00:00:00+05:30,142.76,145.82,142.76,144.35,17054445
2012-07-10 00:00:00+05:30,145.31,148.87,144.94,147.74,20766560
2012-07-11 00:00:00+05:30,146.42,147.61,143.72,144.71,14516357
2012-07-12 00:00:00+05:30,144.14,144.31,141.32,141.92,15705923
2012-07-13 00:00:00+05:30,141.44,142.94,140.39,141.41,13707343
2012-07-16 00:00:00+05:30,142.34,142.82,137.0,137.4,14431646
2012-07-17 00:00:00+05:30,138.98,139.25,135.0,135.39,19835279
2012-07-18 00:00:00+05:30,134.1,134.19,130.89,132.81,19640896
2012-07-19 00:00:00+05:30,134.55,135.75,134.13,134.73,11023469
2012-07-20 00:00:00+05:30,134.25,135.12,133.08,133.89,6505979
2012-07-23 00:00:00+05:30,132.39,132.45,128.85,129.48,9510930
2012-07-24 00:00:00+05:30,129.76,130.53,127.87,129.36,12164104
2012-07-25 00:00:00+05:30,128.07,128.97,126.52,127.65,11225203
2012-07-26 00:00:00+05:30,127.12,127.84,121.69,122.92,24056505
2012-07-27 00:00:00+05:30,126.16,129.1,125.38,127.56,19566340
2012-07-30 00:00:00+05:30,129.7,133.53,129.07,132.87,15012906
2012-07-31 00:00:00+05:30,133.05,136.05,130.14,135.6,18651288
2012-08-01 00:00:00+05:30,134.57,137.66,133.77,136.26,17211736
2012-08-02 00:00:00+05:30,135.51,136.05,132.81,133.47,9589314
2012-08-03 00:00:00+05:30,132.45,133.05,129.54,132.42,12097244
2012-08-06 00:00:00+05:30,135.75,137.81,135.51,137.27,12541114
2012-08-07 00:00:00+05:30,138.65,143.54,138.5,143.12,20268515
2012-08-08 00:00:00+05:30,143.93,147.31,143.65,144.74,24934569
2012-08-09 00:00:00+05:30,145.28,147.43,138.83,143.42,49008954
2012-08-10 00:00:00+05:30,141.62,141.98,138.29,139.01,18507120
2012-08-13 00:00:00+05:30,138.5,138.75,134.07,136.8,15119262
2012-08-14 00:00:00+05:30,136.35,141.38,136.35,140.84,14101981
2012-08-16 00:00:00+05:30,140.87,143.69,139.16,141.11,19948682
2012-08-17 00:00:00+05:30,141.86,145.82,141.77,143.96,21158076
2012-08-21 00:00:00+05:30,144.5,148.18,144.5,147.55,16445109
2012-08-22 00:00:00+05:30,146.62,149.77,146.23,148.69,14494792
2012-08-23 00:00:00+05:30,148.33,148.81,145.99,147.01,17575790
2012-08-24 00:00:00+05:30,145.63,148.9,144.68,147.46,14247329
2012-08-27 00:00:00+05:30,147.37,147.85,143.96,144.47,11055768
2012-08-28 00:00:00+05:30,143.48,144.08,140.93,142.22,11709204
2012-08-29 00:00:00+05:30,142.04,142.04,139.1,139.88,10650269
2012-08-30 00:00:00+05:30,138.53,143.36,137.72,141.89,14783511
2012-08-31 00:00:00+05:30,141.8,142.76,138.23,140.42,11360957
2012-09-03 00:00:00+05:30,141.56,143.48,137.03,138.38,14854448
2012-09-04 00:00:00+05:30,138.32,141.14,137.93,140.75,9915471
2012-09-05 00:00:00+05:30,139.28,140.96,136.4,137.06,10204815
2012-09-06 00:00:00+05:30,135.92,140.72,134.88,139.67,15390569
2012-09-07 00:00:00+05:30,143.54,146.32,142.96,145.82,22140196
2012-09-08 00:00:00+05:30,146.98,147.7,146.59,147.25,1402959
2012-09-10 00:00:00+05:30,146.95,149.74,145.39,149.17,14785375
2012-09-11 00:00:00+05:30,147.43,150.37,147.25,149.71,14671397
2012-09-12 00:00:00+05:30,150.43,158.4,150.4,157.77,24645607
2012-09-13 00:00:00+05:30,158.46,158.49,154.38,155.47,14030374
2012-09-14 00:00:00+05:30,158.82,163.01,157.68,162.0,24705033
2012-09-17 00:00:00+05:30,165.59,173.38,164.63,166.52,37019135
2012-09-18 00:00:00+05:30,164.99,166.88,163.34,163.92,19781791
2012-09-20 00:00:00+05:30,161.22,166.88,160.47,162.77,20892900
2012-09-21 00:00:00+05:30,163.32,166.13,162.35,165.09,23347021
2012-09-24 00:00:00+05:30,164.69,167.75,163.2,164.03,18827828
2012-09-25 00:00:00+05:30,164.33,165.35,159.72,161.16,11460620
2012-09-26 00:00:00+05:30,159.84,160.89,157.26,157.68,11143033
2012-09-27 00:00:00+05:30,158.37,160.14,154.98,155.7,17478532
2012-09-28 00:00:00+05:30,158.34,163.01,157.71,160.35,19255542
2012-10-01 00:00:00+05:30,160.62,165.53,160.62,164.63,15718081
2012-10-03 00:00:00+05:30,164.81,165.41,161.94,163.92,15245503
2012-10-04 00:00:00+05:30,164.96,167.21,163.7,164.4,12649864
2012-10-05 00:00:00+05:30,165.71,169.31,131.52,168.14,28524601
2012-10-08 00:00:00+05:30,168.68,170.02,162.42,163.29,12665790
2012-10-09 00:00:00+05:30,164.93,166.76,159.48,161.63,13122440
2012-10-10 00:00:00+05:30,160.08,163.61,159.78,160.29,12293417
2012-10-11 00:00:00+05:30,161.04,164.75,158.94,164.09,13102005
2012-10-12 00:00:00+05:30,164.09,164.43,161.76,162.57,12548361
2012-10-15 00:00:00+05:30,162.2,162.57,159.54,161.46,7929102
2012-10-16 00:00:00+05:30,158.82,159.39,156.54,157.2,15891294
2012-10-17 00:00:00+05:30,158.82,160.44,156.42,158.76,12635455
2012-10-18 00:00:00+05:30,159.42,162.89,159.42,161.97,11059169
2012-10-19 00:00:00+05:30,161.82,163.86,159.75,161.22,6555651
2012-10-22 00:00:00+05:30,160.32,161.04,158.58,160.05,7459973
2012-10-23 00:00:00+05:30,159.42,160.11,157.68,158.58,5206968
2012-10-25 00:00:00+05:30,158.58,159.15,155.97,156.57,12567559
2012-10-26 00:00:00+05:30,156.07,158.34,155.28,156.72,5984266
2012-10-29 00:00:00+05:30,157.08,158.43,152.35,153.87,7826501
2012-10-30 00:00:00+05:30,154.12,154.47,146.83,148.42,15953027
2012-10-31 00:00:00+05:30,148.63,153.01,148.48,152.67,15222274
2012-11-01 00:00:00+05:30,154.02,161.54,154.02,160.29,17469323
2012-11-02 00:00:00+05:30,163.01,163.01,158.88,161.85,18472454
2012-11-05 00:00:00+05:30,161.82,164.63,159.75,161.7,13030243
2012-11-06 00:00:00+05:30,161.22,163.29,158.88,159.99,15964496
2012-11-07 00:00:00+05:30,159.9,163.83,159.75,161.43,16146135
2012-11-08 00:00:00+05:30,160.32,171.11,159.0,170.18,40733929
2012-11-09 00:00:00+05:30,170.21,170.56,167.27,168.17,11992931
2012-11-12 00:00:00+05:30,167.18,170.15,166.67,168.26,11567745
2012-11-13 00:00:00+05:30,168.41,168.89,165.86,166.34,1910707
2012-11-15 00:00:00+05:30,163.61,164.69,161.7,163.17,21806243
2012-11-16 00:00:00+05:30,163.61,164.4,157.62,158.82,12217406
2012-11-19 00:00:00+05:30,158.97,160.11,157.02,158.28,11040796
2012-11-20 00:00:00+05:30,160.65,162.03,156.84,159.48,11453160
2012-11-21 00:00:00+05:30,159.96,160.62,158.22,159.12,8817841
2012-11-22 00:00:00+05:30,158.37,160.86,154.27,155.07,12533930
2012-11-23 00:00:00+05:30,153.43,156.93,153.43,156.13,14172380
2012-11-26 00:00:00+05:30,157.02,160.14,156.87,157.74,12730566
2012-11-27 00:00:00+05:30,158.43,160.56,158.07,159.81,14139792
2012-11-29 00:00:00+05:30,160.62,167.63,160.38,166.88,33388198
2012-11-30 00:00:00+05:30,166.61,170.21,162.98,163.89,118459557
2012-12-03 00:00:00+05:30,163.61,165.89,162.48,163.08,16079340
2012-12-04 00:00:00+05:30,163.77,165.05,161.4,162.74,11205038
2012-12-05 00:00:00+05:30,163.08,167.21,163.08,164.78,17648880
2012-12-06 00:00:00+05:30,166.19,168.98,164.12,168.32,17622933
2012-12-07 00:00:00+05:30,168.59,172.31,167.24,168.95,21371946
2012-12-10 00:00:00+05:30,169.82,171.5,166.61,167.78,15874732
2012-12-11 00:00:00+05:30,168.5,169.52,163.74,166.67,15043664
2012-12-12 00:00:00+05:30,167.21,168.26,164.75,165.71,12738474
2012-12-13 00:00:00+05:30,169.13,174.01,168.62,172.54,32483557
2012-12-14 00:00:00+05:30,172.31,176.32,170.59,175.06,20441325
2012-12-17 00:00:00+05:30,175.54,177.28,174.46,176.23,13842336
2012-12-18 00:00:00+05:30,177.88,180.07,176.2,178.81,24129667
2012-12-19 00:00:00+05:30,179.8,184.95,179.5,184.44,19410869
2012-12-20 00:00:00+05:30,184.47,185.31,181.3,182.73,13483020
2012-12-21 00:00:00+05:30,180.12,181.68,178.35,179.44,9067657
2012-12-24 00:00:00+05:30,180.64,186.03,178.06,183.96,16395556
2012-12-26 00:00:00+05:30,183.03,184.86,182.04,183.45,8056137
2012-12-27 00:00:00+05:30,183.99,188.19,182.76,185.31,21854153
2012-12-28 00:00:00+05:30,186.21,187.23,184.71,185.82,12648660
2012-12-31 00:00:00+05:30,185.49,188.07,185.49,187.37,5903284
2013-01-01 00:00:00+05:30,189.38,190.77,188.49,189.83,6571197
2013-01-02 00:00:00+05:30,190.89,192.35,189.54,190.58,11439234
2013-01-03 00:00:00+05:30,191.78,192.83,190.07,190.64,10177539
2013-01-04 00:00:00+05:30,190.89,190.89,187.71,189.03,14800973
2013-01-07 00:00:00+05:30,190.46,190.94,187.34,187.74,8160203
2013-01-08 00:00:00+05:30,188.19,189.6,187.68,188.28,12058397
2013-01-09 00:00:00+05:30,191.18,197.99,191.15,196.19,27534520
2013-01-10 00:00:00+05:30,198.68,202.21,198.16,199.99,21053718
2013-01-11 00:00:00+05:30,200.68,201.46,195.86,198.02,12163091
2013-01-14 00:00:00+05:30,198.53,199.54,195.89,196.4,11902739
2013-01-15 00:00:00+05:30,197.71,199.96,196.52,198.7,11209597
2013-01-16 00:00:00+05:30,197.48,197.71,190.89,191.81,21041305
2013-01-17 00:00:00+05:30,194.24,198.53,194.24,197.15,16605880
2013-01-18 00:00:00+05:30,197.84,199.22,195.38,196.9,8279516
2013-01-21 00:00:00+05:30,197.24,197.78,193.13,193.73,6454670
2013-01-22 00:00:00+05:30,193.85,194.51,188.97,190.91,10074373
2013-01-23 00:00:00+05:30,189.98,191.0,185.85,187.62,12026706
2013-01-24 00:00:00+05:30,171.82,177.4,168.89,175.87,60908584
2013-01-25 00:00:00+05:30,176.74,182.73,173.89,180.4,25665630
2013-01-28 00:00:00+05:30,180.4,185.91,180.01,184.92,17682831
2013-01-29 00:00:00+05:30,183.39,189.32,181.59,182.34,22178353
2013-01-30 00:00:00+05:30,181.65,182.19,178.69,179.32,13240231
2013-01-31 00:00:00+05:30,178.21,179.67,176.8,178.6,11673252
2013-02-01 00:00:00+05:30,178.48,180.1,160.77,168.8,28492141
2013-02-04 00:00:00+05:30,175.63,177.94,173.45,175.0,18467206
2013-02-05 00:00:00+05:30,173.2,174.61,170.81,172.13,10367181
2013-02-06 00:00:00+05:30,173.68,173.95,170.24,171.53,11404424
2013-02-07 00:00:00+05:30,171.05,174.28,170.99,172.96,9513396
2013-02-08 00:00:00+05:30,175.0,176.92,170.62,171.05,16512356
2013-02-11 00:00:00+05:30,173.8,175.18,172.91,174.34,8605413
2013-02-12 00:00:00+05:30,176.35,179.7,174.67,178.92,11040084
2013-02-13 00:00:00+05:30,185.22,186.99,181.65,182.61,16376137
2013-02-14 00:00:00+05:30,182.79,183.39,176.65,178.12,12460146
2013-02-15 00:00:00+05:30,172.63,183.33,172.6,182.47,20826861
2013-02-18 00:00:00+05:30,182.58,184.71,180.75,183.27,13837370
2013-02-19 00:00:00+05:30,183.09,184.89,181.74,183.84,8987338
2013-02-20 00:00:00+05:30,184.14,185.34,180.7,182.16,11726078
2013-02-21 00:00:00+05:30,180.46,180.81,176.98,178.32,12703385
2013-02-22 00:00:00+05:30,176.77,178.32,173.71,175.54,13792324
2013-02-25 00:00:00+05:30,177.88,180.55,176.86,179.29,9870885
2013-02-26 00:00:00+05:30,176.68,177.34,171.16,173.45,15152421
2013-02-27 00:00:00+05:30,173.83,174.31,168.74,171.56,14584274
2013-02-28 00:00:00+05:30,175.75,175.75,168.14,172.33,24118840
2013-03-01 00:00:00+05:30,174.4,175.72,168.83,172.85,26111254
2013-03-04 00:00:00+05:30,173.2,175.27,171.25,173.65,16137993
2013-03-05 00:00:00+05:30,174.13,181.24,174.13,180.1,21965869
2013-03-06 00:00:00+05:30,181.65,186.66,181.38,185.43,23347955
2013-03-07 00:00:00+05:30,183.99,184.65,181.32,183.33,16419981
2013-03-08 00:00:00+05:30,183.33,184.53,180.18,182.07,12432137
2013-03-11 00:00:00+05:30,182.44,183.93,179.86,180.72,9601669
2013-03-12 00:00:00+05:30,183.57,184.56,180.7,182.61,13194897
2013-03-13 00:00:00+05:30,183.39,183.48,178.0,180.4,15532972
2013-03-14 00:00:00+05:30,179.2,181.41,175.6,180.4,14082690
2013-03-15 00:00:00+05:30,180.36,180.55,173.8,174.46,15818114
2013-03-18 00:00:00+05:30,173.74,173.8,170.87,171.91,9844993
2013-03-19 00:00:00+05:30,172.66,173.77,166.82,168.77,15827102
2013-03-20 00:00:00+05:30,168.77,171.85,165.71,171.19,15954816
2013-03-21 00:00:00+05:30,170.3,170.33,161.6,163.97,19593050
2013-03-22 00:00:00+05:30,164.75,166.79,158.88,162.03,21392389
2013-03-25 00:00:00+05:30,163.89,165.29,161.13,162.26,13904375
2013-03-26 00:00:00+05:30,162.72,166.55,159.63,165.29,15642009
2013-03-28 00:00:00+05:30,163.32,163.61,159.9,161.31,24234159
2013-04-01 00:00:00+05:30,159.99,160.29,157.08,159.12,9037324
2013-04-02 00:00:00+05:30,157.38,161.07,154.95,160.14,17450175
2013-04-03 00:00:00+05:30,159.45,160.02,153.24,154.15,21715488
2013-04-04 00:00:00+05:30,153.46,157.89,152.5,154.44,15633011
2013-04-05 00:00:00+05:30,154.35,156.66,150.91,152.95,14521967
2013-04-08 00:00:00+05:30,154.53,156.3,151.75,153.84,7908021
2013-04-09 00:00:00+05:30,155.22,159.15,155.22,157.53,24363240
2013-04-10 00:00:00+05:30,158.22,161.22,154.44,160.62,12233076
2013-04-11 00:00:00+05:30,166.61,168.65,165.09,166.7,23495333
2013-04-12 00:00:00+05:30,164.66,168.02,163.14,164.9,8978502
2013-04-15 00:00:00+05:30,162.06,163.2,158.28,161.22,12947223
2013-04-16 00:00:00+05:30,158.82,163.29,157.5,162.39,10869493
2013-04-17 00:00:00+05:30,164.24,164.84,161.16,162.54,16193374
2013-04-18 00:00:00+05:30,160.8,170.45,160.32,169.28,17937942
2013-04-22 00:00:00+05:30,169.76,172.33,168.86,170.96,10878152
2013-04-23 00:00:00+05:30,170.33,170.51,166.01,168.71,7186870
2013-04-25 00:00:00+05:30,171.11,177.43,170.65,175.78,16269986
2013-04-26 00:00:00+05:30,176.2,178.6,173.92,177.58,13441016
2013-04-29 00:00:00+05:30,176.59,179.05,175.03,177.49,8423585
2013-04-30 00:00:00+05:30,177.52,180.4,174.46,179.8,13286724
2013-05-02 00:00:00+05:30,177.22,180.27,175.03,178.21,15325508
2013-05-03 00:00:00+05:30,176.17,176.41,170.53,171.16,14020980
2013-05-06 00:00:00+05:30,170.81,175.81,169.52,174.43,13041049
2013-05-07 00:00:00+05:30,175.33,180.21,175.33,178.84,9142970
2013-05-08 00:00:00+05:30,179.74,183.24,178.95,179.95,10777675
2013-05-09 00:00:00+05:30,180.4,182.04,176.86,179.86,9306178
2013-05-10 00:00:00+05:30,179.86,185.79,179.35,185.22,12336911
2013-05-11 00:00:00+05:30,185.1,185.1,183.54,184.32,533420
2013-05-13 00:00:00+05:30,183.18,185.67,177.34,178.27,6316375
2013-05-14 00:00:00+05:30,178.48,182.1,177.04,179.98,11178263
2013-05-15 00:00:00+05:30,181.27,186.96,181.05,185.1,14040790
2013-05-16 00:00:00+05:30,183.99,185.46,181.18,181.98,8653463
2013-05-17 00:00:00+05:30,180.55,184.83,180.27,181.81,11639684
2013-05-20 00:00:00+05:30,183.15,189.51,179.8,181.02,15469674
2013-05-21 00:00:00+05:30,180.7,181.65,175.0,175.57,12461902
2013-05-22 00:00:00+05:30,177.46,178.69,173.2,174.49,9906483
2013-05-23 00:00:00+05:30,172.19,175.96,170.96,174.43,13216924
2013-05-24 00:00:00+05:30,175.3,177.49,169.52,172.66,15185751
2013-05-27 00:00:00+05:30,171.76,177.34,170.9,176.5,9201576
2013-05-28 00:00:00+05:30,176.2,178.95,174.16,177.28,11887292
2013-05-29 00:00:00+05:30,179.2,183.0,177.13,182.07,17794607
2013-05-30 00:00:00+05:30,188.79,191.24,186.27,190.01,24844902
2013-05-31 00:00:00+05:30,189.54,191.49,187.05,187.77,11400861
2013-06-03 00:00:00+05:30,185.64,189.26,184.23,188.22,13334695
2013-06-04 00:00:00+05:30,185.79,190.46,181.56,183.45,12990578
2013-06-05 00:00:00+05:30,182.52,185.79,182.01,184.17,9455590
2013-06-06 00:00:00+05:30,182.19,185.61,182.19,183.81,9203580
2013-06-07 00:00:00+05:30,183.09,185.73,178.6,180.93,9743857
2013-06-10 00:00:00+05:30,180.72,182.07,175.24,177.43,10803258
2013-06-11 00:00:00+05:30,177.64,178.32,173.05,175.69,16264908
2013-06-12 00:00:00+05:30,174.4,177.7,173.8,175.93,10783519
2013-06-13 00:00:00+05:30,174.04,174.04,167.87,169.58,13092910
2013-06-14 00:00:00+05:30,173.2,178.84,172.25,177.88,12698951
2013-06-17 00:00:00+05:30,177.88,180.15,172.93,179.47,12022934
2013-06-18 00:00:00+05:30,178.6,179.5,175.6,178.35,13778763
2013-06-19 00:00:00+05:30,176.8,177.25,174.25,175.06,8029503
2013-06-20 00:00:00+05:30,172.07,175.15,169.82,173.05,22403613
2013-06-21 00:00:00+05:30,170.81,173.35,169.1,172.03,14007338
2013-06-24 00:00:00+05:30,170.81,172.39,168.11,170.15,16183621
2013-06-25 00:00:00+05:30,169.76,170.65,163.08,168.68,21102771
2013-06-26 00:00:00+05:30,168.41,169.46,161.31,163.4,17318314
2013-06-27 00:00:00+05:30,164.54,166.28,157.68,162.0,35207839
2013-06-28 00:00:00+05:30,164.93,169.01,164.93,168.59,13538416
2013-07-01 00:00:00+05:30,166.61,174.43,166.01,173.68,12964777
2013-07-02 00:00:00+05:30,172.0,172.76,169.01,171.68,10518669
2013-07-03 00:00:00+05:30,169.1,173.42,166.46,170.33,17529323
2013-07-04 00:00:00+05:30,171.41,176.05,169.16,175.18,11722916
2013-07-05 00:00:00+05:30,177.4,178.78,175.66,177.52,10651194
2013-07-08 00:00:00+05:30,173.14,173.51,169.19,172.48,12251058
2013-07-09 00:00:00+05:30,172.91,174.07,170.59,173.26,11805723
2013-07-10 00:00:00+05:30,172.42,172.91,168.29,170.24,16495977
2013-07-11 00:00:00+05:30,172.42,174.76,169.46,170.75,9861390
2013-07-12 00:00:00+05:30,170.93,176.38,170.87,175.3,14338642
2013-07-15 00:00:00+05:30,174.28,174.88,171.44,172.88,8864782
2013-07-16 00:00:00+05:30,170.21,175.21,168.83,174.73,11575816
2013-07-17 00:00:00+05:30,174.19,174.43,169.19,170.96,8965908
2013-07-18 00:00:00+05:30,170.56,172.66,168.26,171.94,8690462
2013-07-19 00:00:00+05:30,172.0,178.35,172.0,176.59,10425102
2013-07-22 00:00:00+05:30,176.2,180.27,175.78,178.51,8893778
2013-07-23 00:00:00+05:30,178.72,180.7,176.35,179.08,12210194
2013-07-24 00:00:00+05:30,178.6,180.36,176.62,178.18,8001758
2013-07-25 00:00:00+05:30,178.6,181.74,176.62,179.74,13520171
2013-07-26 00:00:00+05:30,180.4,180.78,172.19,173.77,7100380
2013-07-29 00:00:00+05:30,172.6,178.0,172.6,177.25,7656487
2013-07-30 00:00:00+05:30,177.37,178.39,169.19,170.75,10648330
2013-07-31 00:00:00+05:30,169.31,175.3,166.61,174.11,10136321
2013-08-01 00:00:00+05:30,174.7,176.02,170.33,173.17,6783169
2013-08-02 00:00:00+05:30,172.48,174.94,169.16,174.07,9221619
2013-08-05 00:00:00+05:30,173.95,180.99,167.33,170.65,10618670
2013-08-06 00:00:00+05:30,170.48,173.14,168.05,172.33,13242965
2013-08-07 00:00:00+05:30,170.27,171.85,162.89,167.15,32215582
2013-08-08 00:00:00+05:30,171.11,175.78,164.99,167.09,26943029
2013-08-12 00:00:00+05:30,169.01,171.05,166.76,168.59,11430949
2013-08-13 00:00:00+05:30,168.35,176.2,165.44,174.31,20176641
2013-08-14 00:00:00+05:30,178.75,194.42,178.72,191.24,37664653
2013-08-16 00:00:00+05:30,190.29,193.82,186.6,188.16,26045424
2013-08-19 00:00:00+05:30,184.11,185.04,178.24,180.81,16061831
2013-08-20 00:00:00+05:30,178.0,178.84,171.16,172.57,18671004
2013-08-21 00:00:00+05:30,174.28,176.56,166.94,169.82,11063763
2013-08-22 00:00:00+05:30,170.21,176.74,170.21,174.97,17430535
2013-08-23 00:00:00+05:30,176.8,182.55,176.26,180.36,17103826
2013-08-26 00:00:00+05:30,180.7,182.37,175.9,178.66,9036159
2013-08-27 00:00:00+05:30,176.8,177.1,172.45,173.83,11036476
2013-08-28 00:00:00+05:30,173.83,179.5,171.59,178.57,17361066
2013-08-29 00:00:00+05:30,179.5,185.19,176.98,183.39,17509313
2013-08-30 00:00:00+05:30,184.62,185.01,175.9,179.35,10642946
2013-09-02 00:00:00+05:30,177.4,180.99,175.03,179.61,10939745
2013-09-03 00:00:00+05:30,180.99,186.6,177.19,178.21,13625825
2013-09-04 00:00:00+05:30,181.24,188.03,179.95,186.81,12933631
2013-09-05 00:00:00+05:30,189.42,194.39,188.57,190.64,14558381
2013-09-06 00:00:00+05:30,190.77,191.78,187.11,190.46,8630763
2013-09-10 00:00:00+05:30,191.84,211.77,191.84,209.52,31737281
2013-09-11 00:00:00+05:30,208.87,210.09,201.49,204.04,15213372
2013-09-12 00:00:00+05:30,204.91,204.97,197.48,199.85,10997189
2013-09-13 00:00:00+05:30,198.97,202.75,197.84,200.2,9858273
2013-09-16 00:00:00+05:30,203.17,204.25,194.69,198.59,9567039
2013-09-17 00:00:00+05:30,197.18,202.36,196.73,200.8,8135347
2013-09-18 00:00:00+05:30,204.37,204.37,199.54,201.88,10919860
2013-09-19 00:00:00+05:30,206.64,210.69,204.61,209.25,15546633
2013-09-20 00:00:00+05:30,206.7,212.67,199.22,202.78,19356876
2013-09-23 00:00:00+05:30,202.36,204.58,198.44,200.08,6571744
2013-09-24 00:00:00+05:30,200.48,205.12,200.26,202.03,14774633
2013-09-25 00:00:00+05:30,203.23,208.24,203.23,206.23,16143033
2013-09-26 00:00:00+05:30,205.15,208.15,204.37,205.89,8063349
2013-09-27 00:00:00+05:30,205.57,207.49,202.78,203.83,5548747
2013-09-30 00:00:00+05:30,202.63,203.47,197.78,199.28,5826675
2013-10-01 00:00:00+05:30,199.51,203.65,197.96,201.16,8393884
2013-10-03 00:00:00+05:30,201.19,208.77,200.23,207.33,13730775
2013-10-04 00:00:00+05:30,206.77,218.63,206.41,209.79,20458419
2013-10-07 00:00:00+05:30,209.76,211.44,205.87,208.5,9211686
2013-10-08 00:00:00+05:30,211.08,215.4,209.64,210.09,12176995
2013-10-09 00:00:00+05:30,210.24,213.57,209.76,212.28,14697373
2013-10-10 00:00:00+05:30,212.16,224.05,211.02,222.73,20635728
2013-10-11 00:00:00+05:30,224.74,233.49,220.88,230.92,30074433
2013-10-14 00:00:00+05:30,231.4,235.71,231.16,234.01,11969257
2013-10-15 00:00:00+05:30,234.24,235.53,229.12,233.04,13838337
2013-10-17 00:00:00+05:30,231.01,231.01,222.11,223.79,16582007
2013-10-18 00:00:00+05:30,225.67,228.82,224.45,227.53,11566052
2013-10-21 00:00:00+05:30,227.74,234.64,226.93,227.77,11528398
2013-10-22 00:00:00+05:30,227.98,230.8,225.4,227.74,8618592
2013-10-23 00:00:00+05:30,228.43,229.15,220.61,224.53,10620942
2013-10-24 00:00:00+05:30,226.0,230.56,224.39,227.32,12241306
2013-10-25 00:00:00+05:30,226.6,227.38,223.3,225.5,4947620
2013-10-28 00:00:00+05:30,226.03,228.82,224.21,226.3,5708274
2013-10-29 00:00:00+05:30,226.36,230.26,224.74,228.73,9456798
2013-10-30 00:00:00+05:30,229.54,230.23,226.06,227.5,8885028
2013-10-31 00:00:00+05:30,227.74,231.58,227.26,228.43,15199992
2013-11-01 00:00:00+05:30,230.14,233.14,229.66,230.5,7491200
2013-11-03 00:00:00+05:30,231.34,235.29,231.34,234.33,3005727
2013-11-05 00:00:00+05:30,231.94,240.3,231.94,236.91,15124340
2013-11-06 00:00:00+05:30,238.11,240.21,233.73,234.36,10877686
2013-11-07 00:00:00+05:30,234.27,236.67,226.16,227.83,9486598
2013-11-08 00:00:00+05:30,227.02,234.33,222.5,230.23,21123583
2013-11-11 00:00:00+05:30,227.74,231.34,224.45,226.0,17940945
2013-11-12 00:00:00+05:30,226.42,227.35,214.62,215.75,13819804
2013-11-13 00:00:00+05:30,216.95,221.42,216.95,219.47,12495496
2013-11-14 00:00:00+05:30,223.01,232.69,223.01,231.97,20491499
2013-11-18 00:00:00+05:30,232.54,236.13,228.97,235.08,19259582
2013-11-19 00:00:00+05:30,236.73,237.18,232.0,234.55,7772795
2013-11-20 00:00:00+05:30,233.01,235.18,230.38,231.34,8150308
2013-11-21 00:00:00+05:30,229.78,231.64,228.55,229.63,6060743
2013-11-22 00:00:00+05:30,230.59,230.59,222.95,224.24,10327101
2013-11-25 00:00:00+05:30,226.06,232.0,226.06,231.43,6360845
2013-11-26 00:00:00+05:30,232.32,234.58,227.17,233.89,8649411
2013-11-27 00:00:00+05:30,235.84,239.67,235.29,239.25,11190094
2013-11-28 00:00:00+05:30,241.59,242.75,236.49,238.47,15203991
2013-11-29 00:00:00+05:30,239.13,240.84,236.91,238.95,8037193
2013-12-02 00:00:00+05:30,238.53,242.03,237.39,239.67,12732162
2013-12-03 00:00:00+05:30,240.33,241.94,236.85,239.16,12618904
2013-12-04 00:00:00+05:30,238.11,240.21,234.09,235.32,8211264
2013-12-05 00:00:00+05:30,240.03,240.33,232.66,233.92,8376585
2013-12-06 00:00:00+05:30,231.94,236.49,231.31,234.27,7765572
2013-12-09 00:00:00+05:30,241.23,241.28,233.44,235.8,13094402
2013-12-10 00:00:00+05:30,236.61,237.57,233.35,234.15,12675159
2013-12-11 00:00:00+05:30,230.86,231.79,225.4,226.42,13888580
2013-12-12 00:00:00+05:30,224.21,224.21,215.16,216.03,25735093
2013-12-13 00:00:00+05:30,218.21,222.89,217.79,221.96,14353196
2013-12-16 00:00:00+05:30,220.55,222.41,219.26,220.58,7931985
2013-12-17 00:00:00+05:30,222.77,224.71,218.54,219.86,11636726
2013-12-18 00:00:00+05:30,219.95,222.26,217.26,220.85,14572134
2013-12-19 00:00:00+05:30,222.95,223.55,218.18,221.48,12377476
2013-12-20 00:00:00+05:30,220.13,225.65,220.13,223.96,8855077
2013-12-23 00:00:00+05:30,224.02,226.81,223.61,225.13,5388335
2013-12-24 00:00:00+05:30,225.16,225.34,222.65,223.33,3793310
2013-12-26 00:00:00+05:30,223.55,225.67,220.55,221.9,9241170
2013-12-27 00:00:00+05:30,222.41,224.39,221.09,222.89,5510034
2013-12-30 00:00:00+05:30,224.24,226.6,223.16,224.62,6162318
2013-12-31 00:00:00+05:30,224.21,226.6,224.21,225.59,7244245
2014-01-01 00:00:00+05:30,226.27,227.02,224.18,224.71,2252999
2014-01-02 00:00:00+05:30,224.71,225.47,221.27,223.16,4977471
2014-01-03 00:00:00+05:30,220.55,220.55,215.75,217.37,8260953
2014-01-06 00:00:00+05:30,220.25,222.05,218.27,219.92,9063313
2014-01-07 00:00:00+05:30,219.95,221.75,218.0,218.81,6637916
2014-01-08 00:00:00+05:30,218.81,222.7,218.48,221.9,9006607
2014-01-09 00:00:00+05:30,223.07,223.19,218.75,220.52,5949329
2014-01-10 00:00:00+05:30,221.75,222.11,219.05,219.95,5118893
2014-01-13 00:00:00+05:30,223.33,227.41,222.8,225.43,11071677
2014-01-14 00:00:00+05:30,224.81,225.05,220.61,222.83,5402204
2014-01-15 00:00:00+05:30,224.15,226.63,223.36,226.12,8001205
2014-01-16 00:00:00+05:30,227.14,227.14,219.83,221.6,12857427
2014-01-17 00:00:00+05:30,220.25,224.08,219.98,221.57,8255875
2014-01-20 00:00:00+05:30,222.38,225.79,222.05,224.68,5360194
2014-01-21 00:00:00+05:30,224.74,232.41,223.07,230.62,9544395
2014-01-22 00:00:00+05:30,228.61,232.24,227.77,231.4,9335173
2014-01-23 00:00:00+05:30,230.89,233.14,228.16,229.9,6257106
2014-01-24 00:00:00+05:30,227.14,228.97,221.03,221.99,5976656
2014-01-27 00:00:00+05:30,217.55,217.55,207.09,208.71,15251288
2014-01-28 00:00:00+05:30,207.07,215.4,207.07,213.51,10915727
2014-01-29 00:00:00+05:30,215.82,217.28,210.09,210.81,5427184
2014-01-30 00:00:00+05:30,209.34,220.25,209.16,216.8,15050073
2014-01-31 00:00:00+05:30,214.8,214.8,207.96,209.49,11445675
2014-02-03 00:00:00+05:30,207.96,209.61,201.13,201.61,9306180
2014-02-04 00:00:00+05:30,199.03,207.78,199.03,207.27,18921425
2014-02-05 00:00:00+05:30,205.57,214.86,203.5,212.82,15580756
2014-02-06 00:00:00+05:30,211.59,215.91,209.16,214.34,13348349
2014-02-07 00:00:00+05:30,215.75,217.55,213.42,215.88,9064980
2014-02-10 00:00:00+05:30,218.75,220.19,214.56,218.18,10862258
2014-02-11 00:00:00+05:30,228.37,229.36,222.14,224.45,26132686
2014-02-12 00:00:00+05:30,225.34,229.54,224.84,225.73,12882225
2014-02-13 00:00:00+05:30,227.74,229.81,224.56,225.31,11268325
2014-02-14 00:00:00+05:30,227.86,233.73,227.86,233.01,11160925
2014-02-17 00:00:00+05:30,234.96,237.0,230.29,231.69,14268060
2014-02-18 00:00:00+05:30,232.51,236.28,230.92,234.58,10031244
2014-02-19 00:00:00+05:30,234.93,235.53,232.48,234.64,6515515
2014-02-20 00:00:00+05:30,234.64,236.73,233.38,234.84,11119104
2014-02-21 00:00:00+05:30,236.73,238.41,235.44,237.45,10560652
2014-02-24 00:00:00+05:30,237.96,240.24,236.25,237.66,8666577
2014-02-25 00:00:00+05:30,239.13,239.55,235.86,238.83,5059006
2014-02-26 00:00:00+05:30,237.99,241.25,237.36,240.45,12080276
2014-02-28 00:00:00+05:30,245.72,250.64,242.34,249.89,20929504
2014-03-03 00:00:00+05:30,248.72,248.72,244.67,246.14,11034365
2014-03-04 00:00:00+05:30,246.47,252.13,243.2,247.46,9271011
2014-03-05 00:00:00+05:30,248.72,249.44,244.01,245.48,6677924
2014-03-06 00:00:00+05:30,246.62,247.1,242.37,244.79,9439669
2014-03-07 00:00:00+05:30,244.82,249.23,243.03,245.18,10006937
2014-03-10 00:00:00+05:30,242.37,243.71,235.8,237.33,9640912
2014-03-11 00:00:00+05:30,235.53,242.43,235.53,238.5,10092869
2014-03-12 00:00:00+05:30,237.99,238.53,232.54,233.04,7472760
2014-03-13 00:00:00+05:30,235.8,237.72,230.65,232.54,6437089
2014-03-14 00:00:00+05:30,229.54,236.55,229.54,235.68,5353362
2014-03-18 00:00:00+05:30,236.13,238.14,228.04,228.49,11364844
2014-03-19 00:00:00+05:30,231.28,232.32,227.47,230.35,10453675
2014-03-20 00:00:00+05:30,228.94,230.74,226.99,227.56,6829125
2014-03-21 00:00:00+05:30,229.03,233.73,228.88,233.23,9486429
2014-03-22 00:00:00+05:30,232.89,233.73,231.66,233.14,501926
2014-03-24 00:00:00+05:30,234.33,236.4,233.29,234.64,5271924
2014-03-25 00:00:00+05:30,234.93,235.84,231.72,234.24,6492454
2014-03-26 00:00:00+05:30,236.49,241.53,236.49,240.71,12260056
2014-03-27 00:00:00+05:30,241.53,242.69,235.98,237.75,15294868
2014-03-28 00:00:00+05:30,240.21,241.74,236.97,238.11,5614883
2014-03-31 00:00:00+05:30,240.33,242.22,237.72,238.92,6872398
2014-04-01 00:00:00+05:30,242.81,243.63,239.43,241.62,6584232
2014-04-02 00:00:00+05:30,243.8,248.72,242.72,248.18,10502345
2014-04-03 00:00:00+05:30,249.26,250.52,243.98,246.53,8845900
2014-04-04 00:00:00+05:30,248.36,248.36,242.4,243.03,4840197
2014-04-07 00:00:00+05:30,242.75,245.72,240.24,242.12,6328178
2014-04-09 00:00:00+05:30,244.52,253.39,244.23,252.25,11489927
2014-04-10 00:00:00+05:30,253.51,260.7,253.51,258.19,10545876
2014-04-11 00:00:00+05:30,257.05,262.38,253.03,253.87,10148757
2014-04-15 00:00:00+05:30,255.07,257.38,245.15,246.89,11455565
2014-04-16 00:00:00+05:30,245.42,251.08,245.33,246.41,6311344
2014-04-17 00:00:00+05:30,248.93,258.06,248.9,257.17,7637614
2014-04-21 00:00:00+05:30,254.65,260.43,254.2,258.97,4703067
2014-04-22 00:00:00+05:30,258.25,260.52,255.67,256.99,4151453
2014-04-23 00:00:00+05:30,257.89,259.92,253.09,254.74,8982799
2014-04-25 00:00:00+05:30,254.74,258.16,253.27,253.66,6871902
2014-04-28 00:00:00+05:30,253.57,253.57,248.72,249.59,5869991
2014-04-29 00:00:00+05:30,249.35,250.99,244.28,245.09,3970747
2014-04-30 00:00:00+05:30,247.94,250.52,242.25,248.57,9317061
2014-05-02 00:00:00+05:30,250.52,251.9,246.44,248.57,4700161
2014-05-05 00:00:00+05:30,244.85,249.26,244.85,248.39,4088762
2014-05-06 00:00:00+05:30,248.66,252.91,248.42,251.21,4565033
2014-05-07 00:00:00+05:30,251.11,252.73,249.02,249.73,5640210
2014-05-08 00:00:00+05:30,251.65,254.23,250.24,253.54,5073716
2014-05-09 00:00:00+05:30,254.08,257.17,251.27,256.21,8346693
2014-05-12 00:00:00+05:30,256.15,267.6,255.61,266.82,10529547
2014-05-13 00:00:00+05:30,268.05,273.14,262.98,264.27,9128182
2014-05-14 00:00:00+05:30,263.7,267.36,260.13,265.11,4802410
2014-05-15 00:00:00+05:30,266.7,268.88,261.99,263.49,7263688
2014-05-16 00:00:00+05:30,266.16,278.68,265.8,269.6,15675180
2014-05-19 00:00:00+05:30,273.29,274.37,265.38,266.34,9715686
2014-05-20 00:00:00+05:30,267.33,270.8,261.66,263.61,10392514
2014-05-21 00:00:00+05:30,265.08,266.67,260.16,261.87,8754275
2014-05-22 00:00:00+05:30,262.21,264.39,256.66,258.19,12659575
2014-05-23 00:00:00+05:30,256.12,263.64,254.71,258.49,12223746
2014-05-26 00:00:00+05:30,262.5,271.94,262.5,266.13,15207606
2014-05-27 00:00:00+05:30,268.11,270.5,259.81,261.66,9168816
2014-05-28 00:00:00+05:30,259.51,261.18,253.81,256.96,14068740
2014-05-29 00:00:00+05:30,254.38,259.12,252.53,254.29,11830494
2014-05-30 00:00:00+05:30,246.62,253.03,243.95,248.75,18400764
2014-06-02 00:00:00+05:30,248.72,253.33,246.05,252.16,9098835
2014-06-03 00:00:00+05:30,250.13,254.11,249.47,252.25,14708425
2014-06-04 00:00:00+05:30,254.71,257.41,252.31,252.94,10732607
2014-06-05 00:00:00+05:30,251.71,261.33,250.01,260.7,15000546
2014-06-06 00:00:00+05:30,261.9,264.0,256.81,263.16,13456859
2014-06-09 00:00:00+05:30,263.4,271.73,263.4,268.85,11663585
2014-06-10 00:00:00+05:30,269.88,272.93,265.17,271.73,10597409
2014-06-11 00:00:00+05:30,270.89,271.79,262.35,267.14,9714391
2014-06-12 00:00:00+05:30,266.7,270.57,264.75,269.42,7049368
2014-06-13 00:00:00+05:30,269.66,269.84,260.7,262.65,9008259
2014-06-16 00:00:00+05:30,261.61,262.65,257.14,258.22,7927457
2014-06-17 00:00:00+05:30,260.16,265.62,256.0,264.24,8067452
2014-06-18 00:00:00+05:30,266.4,266.7,258.03,259.6,5029173
2014-06-19 00:00:00+05:30,262.5,265.98,260.7,262.86,11120556
2014-06-20 00:00:00+05:30,264.42,264.93,259.47,262.53,7893607
2014-06-23 00:00:00+05:30,261.55,265.2,258.43,261.06,6272852
2014-06-24 00:00:00+05:30,260.16,267.05,260.16,264.99,6636461
2014-06-25 00:00:00+05:30,264.33,268.85,263.22,265.65,7393731
2014-06-26 00:00:00+05:30,265.5,269.0,261.42,262.5,6725773
2014-06-27 00:00:00+05:30,261.96,264.21,257.77,259.12,4327199
2014-06-30 00:00:00+05:30,260.1,261.42,257.14,258.49,5355934
2014-07-01 00:00:00+05:30,259.38,271.43,259.38,270.17,10617541
2014-07-02 00:00:00+05:30,270.53,274.85,266.76,273.17,9618630
2014-07-03 00:00:00+05:30,273.17,283.36,272.69,281.53,16737199
2014-07-04 00:00:00+05:30,281.68,284.23,279.59,281.35,11654185
2014-07-07 00:00:00+05:30,284.08,287.64,282.94,286.98,8751900
2014-07-08 00:00:00+05:30,287.38,290.49,278.9,281.68,11156020
2014-07-09 00:00:00+05:30,281.56,281.62,271.49,274.04,6483702
2014-07-10 00:00:00+05:30,275.81,284.53,269.54,271.58,8848561
2014-07-11 00:00:00+05:30,272.84,276.56,265.98,267.27,4520401
2014-07-14 00:00:00+05:30,266.7,275.0,265.26,273.29,5962091
2014-07-15 00:00:00+05:30,274.64,278.62,273.71,277.42,5958457
2014-07-16 00:00:00+05:30,279.4,282.64,276.95,281.86,5930438
2014-07-17 00:00:00+05:30,279.88,286.09,278.77,284.86,8443508
2014-07-18 00:00:00+05:30,282.76,286.18,279.49,284.86,6847879
2014-07-21 00:00:00+05:30,285.43,286.75,281.68,284.65,3545761
2014-07-22 00:00:00+05:30,284.65,292.59,283.03,291.69,7008849
2014-07-23 00:00:00+05:30,290.97,292.41,285.72,290.58,7833611
2014-07-24 00:00:00+05:30,289.59,291.99,285.94,290.82,5512005
2014-07-25 00:00:00+05:30,291.27,291.27,273.53,276.35,10472209
2014-07-28 00:00:00+05:30,273.59,281.71,270.47,272.0,13854071
2014-07-30 00:00:00+05:30,272.69,272.96,264.9,270.5,22443857
2014-07-31 00:00:00+05:30,271.49,272.51,266.73,267.74,15638458
2014-08-01 00:00:00+05:30,266.58,273.14,262.5,263.7,14663944
2014-08-04 00:00:00+05:30,265.08,268.74,264.39,267.65,12411036
2014-08-05 00:00:00+05:30,269.51,274.43,266.22,273.77,6654035
2014-08-06 00:00:00+05:30,272.69,272.69,266.82,268.22,8021710
2014-08-07 00:00:00+05:30,268.25,269.91,263.82,264.9,8041874
2014-08-08 00:00:00+05:30,262.21,262.41,257.95,259.44,10715986
2014-08-11 00:00:00+05:30,263.46,268.77,261.9,267.62,14421442
2014-08-12 00:00:00+05:30,288.27,288.87,280.72,284.08,24577217
2014-08-13 00:00:00+05:30,285.91,287.58,279.34,283.78,10399229
2014-08-14 00:00:00+05:30,284.29,291.18,283.87,290.43,10594148
2014-08-18 00:00:00+05:30,293.1,303.04,293.01,301.94,14290452
2014-08-19 00:00:00+05:30,304.16,312.06,302.98,310.96,16451892
2014-08-20 00:00:00+05:30,311.05,312.84,306.19,307.0,9025946
2014-08-21 00:00:00+05:30,309.25,310.54,303.35,307.3,9020151
2014-08-22 00:00:00+05:30,308.8,312.03,306.01,306.58,7270758
2014-08-25 00:00:00+05:30,309.85,310.45,302.87,304.7,6612520
2014-08-26 00:00:00+05:30,298.76,308.77,297.47,307.24,7799301
2014-08-28 00:00:00+05:30,313.86,318.63,313.23,314.67,9240694
2014-09-01 00:00:00+05:30,315.24,317.34,309.7,311.65,10436227
2014-09-02 00:00:00+05:30,311.65,312.09,306.88,309.4,7760418
2014-09-03 00:00:00+05:30,315.3,317.94,312.43,313.2,12208648
2014-09-04 00:00:00+05:30,313.26,313.26,305.2,307.45,13020545
2014-09-05 00:00:00+05:30,307.45,309.61,301.55,303.26,16610457
2014-09-08 00:00:00+05:30,304.45,306.85,301.4,305.71,15296343
2014-09-09 00:00:00+05:30,306.31,310.69,304.21,309.94,15080419
2014-09-10 00:00:00+05:30,307.93,312.21,307.09,309.58,12076776
2014-09-11 00:00:00+05:30,310.45,310.63,306.25,308.26,6594214
2014-09-12 00:00:00+05:30,308.65,311.26,307.69,309.97,7669114
2014-09-15 00:00:00+05:30,306.85,308.89,305.74,307.09,4956757
2014-09-16 00:00:00+05:30,305.65,306.1,296.45,299.51,9567566
2014-09-17 00:00:00+05:30,300.86,305.36,294.51,303.82,8255591
2014-09-18 00:00:00+05:30,303.07,315.72,300.08,314.88,11765485
2014-09-19 00:00:00+05:30,314.76,317.04,309.58,310.99,8563213
2014-09-22 00:00:00+05:30,308.65,325.13,308.05,323.66,13162890
2014-09-23 00:00:00+05:30,324.65,325.19,309.31,310.33,12429097
2014-09-24 00:00:00+05:30,309.25,310.3,303.58,307.69,6417548
2014-09-25 00:00:00+05:30,307.27,308.5,299.66,302.27,10549345
2014-09-26 00:00:00+05:30,300.92,307.48,295.08,306.31,11972716
2014-09-29 00:00:00+05:30,305.71,309.01,304.24,306.1,8519998
2014-09-30 00:00:00+05:30,308.47,308.47,299.84,300.95,9206588
2014-10-01 00:00:00+05:30,300.38,304.1,299.21,301.31,6152805
2014-10-07 00:00:00+05:30,301.31,309.73,301.31,302.63,9017496
2014-10-08 00:00:00+05:30,303.85,307.27,300.86,305.05,6542462
2014-10-09 00:00:00+05:30,308.62,313.15,307.63,312.0,6205349
2014-10-10 00:00:00+05:30,308.35,308.35,293.28,295.28,12440698
2014-10-13 00:00:00+05:30,293.67,298.58,287.7,297.41,8573771
2014-10-14 00:00:00+05:30,299.0,299.78,291.33,292.47,6416631
2014-10-16 00:00:00+05:30,290.94,300.32,288.69,289.95,10967849
2014-10-17 00:00:00+05:30,289.92,289.92,280.48,285.15,15840579
2014-10-20 00:00:00+05:30,292.41,297.86,290.43,296.45,9640329
2014-10-21 00:00:00+05:30,299.09,302.15,295.91,300.53,6558168
2014-10-22 00:00:00+05:30,304.84,311.95,304.84,311.14,9645860
2014-10-23 00:00:00+05:30,311.05,311.05,308.41,309.04,904945
2014-10-27 00:00:00+05:30,309.85,310.45,301.01,301.88,5245222
2014-10-28 00:00:00+05:30,303.07,306.43,301.49,304.84,3999019
2014-10-29 00:00:00+05:30,308.95,316.11,308.95,315.36,7290317
2014-10-30 00:00:00+05:30,313.06,318.45,311.71,315.81,10305283
2014-10-31 00:00:00+05:30,315.45,322.74,312.21,321.14,6531686
2014-11-03 00:00:00+05:30,318.0,321.17,315.39,318.48,4613284
2014-11-05 00:00:00+05:30,317.04,323.51,312.4,321.23,10870707
2014-11-07 00:00:00+05:30,321.89,326.0,318.96,319.65,4094833
2014-11-10 00:00:00+05:30,318.09,320.31,310.9,313.03,5596194
2014-11-11 00:00:00+05:30,314.64,316.14,309.91,312.66,4211351
2014-11-12 00:00:00+05:30,313.69,321.77,312.78,318.75,5972260
2014-11-13 00:00:00+05:30,319.44,321.23,313.72,315.69,4621474
2014-11-14 00:00:00+05:30,317.55,321.71,311.43,313.98,7788356
2014-11-17 00:00:00+05:30,311.65,328.15,311.65,326.78,11818781
2014-11-18 00:00:00+05:30,328.81,330.04,323.93,324.59,7508117
2014-11-19 00:00:00+05:30,326.06,326.6,313.15,317.34,7723515
2014-11-20 00:00:00+05:30,319.44,319.95,311.83,314.49,6321043
2014-11-21 00:00:00+05:30,316.77,323.28,315.96,318.24,6635546
2014-11-24 00:00:00+05:30,318.24,322.82,314.64,315.48,6262260
2014-11-25 00:00:00+05:30,316.77,317.07,307.45,312.75,7197160
2014-11-26 00:00:00+05:30,312.66,314.52,308.65,311.62,7657688
2014-11-27 00:00:00+05:30,308.65,313.35,306.55,311.62,9413007
2014-11-28 00:00:00+05:30,314.29,323.03,312.55,319.74,13640141
2014-12-01 00:00:00+05:30,323.54,323.54,317.7,321.23,8498743
2014-12-02 00:00:00+05:30,321.05,321.11,316.5,317.01,5932638
2014-12-03 00:00:00+05:30,320.76,322.91,315.42,317.04,6669526
2014-12-04 00:00:00+05:30,320.04,321.99,312.84,316.29,6008211
2014-12-05 00:00:00+05:30,314.32,318.09,313.12,314.85,4076821
2014-12-08 00:00:00+05:30,314.7,317.94,307.87,309.07,5175974
2014-12-09 00:00:00+05:30,310.0,312.15,300.47,301.61,9182377
2014-12-10 00:00:00+05:30,297.26,308.59,295.59,306.25,9279656
2014-12-11 00:00:00+05:30,303.73,307.33,298.46,302.0,6718342
2014-12-12 00:00:00+05:30,299.0,304.3,297.26,299.63,6438979
2014-12-15 00:00:00+05:30,296.6,300.74,295.08,296.03,6432509
2014-12-16 00:00:00+05:30,293.67,294.68,286.78,288.66,7945922
2014-12-17 00:00:00+05:30,286.83,291.51,280.87,285.15,10299355
2014-12-18 00:00:00+05:30,288.3,293.67,288.18,290.61,7293089
2014-12-19 00:00:00+05:30,293.85,298.34,290.16,291.21,7702791
2014-12-22 00:00:00+05:30,291.33,298.04,288.48,296.48,5325498
2014-12-23 00:00:00+05:30,297.74,300.53,291.03,292.56,6877083
2014-12-24 00:00:00+05:30,293.76,295.31,288.6,290.04,10747132
2014-12-26 00:00:00+05:30,289.47,292.2,287.04,290.76,3861610
2014-12-29 00:00:00+05:30,290.76,298.46,290.76,296.69,4653071
2014-12-30 00:00:00+05:30,299.06,299.36,293.82,295.91,2809316
2014-12-31 00:00:00+05:30,296.37,298.88,294.3,296.99,5311806
2015-01-01 00:00:00+05:30,296.37,299.33,295.02,298.73,1559315
2015-01-02 00:00:00+05:30,298.01,310.09,298.01,306.73,6922182
2015-01-05 00:00:00+05:30,305.71,315.24,303.67,313.92,11157583
2015-01-06 00:00:00+05:30,308.26,308.26,299.21,300.5,13173148
2015-01-07 00:00:00+05:30,296.66,299.9,293.19,295.97,15241763
2015-01-08 00:00:00+05:30,302.06,308.53,300.26,306.85,9138443
2015-01-09 00:00:00+05:30,312.4,314.61,308.95,313.03,6691836
2015-01-12 00:00:00+05:30,310.75,314.46,306.4,313.03,4227122
2015-01-13 00:00:00+05:30,311.86,315.06,308.8,311.32,7146234
2015-01-14 00:00:00+05:30,312.55,315.63,308.02,311.86,10021684
2015-01-15 00:00:00+05:30,316.62,321.23,313.89,319.41,11395108
2015-01-16 00:00:00+05:30,318.3,321.11,313.09,315.09,7016354
2015-01-19 00:00:00+05:30,315.54,323.39,313.53,322.74,7622552
2015-01-20 00:00:00+05:30,322.88,336.22,320.48,335.14,10136805
2015-01-21 00:00:00+05:30,333.73,334.69,327.23,330.53,10765816
2015-01-22 00:00:00+05:30,330.01,340.83,328.75,339.52,9922574
2015-01-23 00:00:00+05:30,344.61,354.29,344.01,352.67,12818443
2015-01-27 00:00:00+05:30,357.22,364.2,357.22,362.32,11908461
2015-01-28 00:00:00+05:30,358.99,359.11,351.8,353.12,13698428
2015-01-29 00:00:00+05:30,351.2,360.01,347.96,358.75,9697950
2015-01-30 00:00:00+05:30,360.43,362.41,348.26,350.69,6902193
2015-02-02 00:00:00+05:30,352.28,357.13,348.11,355.1,7203050
2015-02-03 00:00:00+05:30,358.18,367.03,357.32,361.57,10070773
2015-02-04 00:00:00+05:30,363.57,363.57,352.52,354.44,5610782
2015-02-05 00:00:00+05:30,354.2,361.33,348.8,353.12,11304126
2015-02-06 00:00:00+05:30,339.84,342.81,330.95,335.38,20175415
2015-02-09 00:00:00+05:30,329.63,332.3,324.41,325.22,7641055
2015-02-10 00:00:00+05:30,326.03,340.41,325.64,338.08,9273233
2015-02-11 00:00:00+05:30,339.81,342.45,331.64,334.96,7655915
2015-02-12 00:00:00+05:30,336.94,339.21,331.13,336.7,9061415
2015-02-13 00:00:00+05:30,337.23,339.93,332.62,338.94,5788770
2015-02-16 00:00:00+05:30,341.01,347.88,338.92,344.1,9564398
2015-02-18 00:00:00+05:30,343.23,351.8,336.01,350.18,9651722
2015-02-19 00:00:00+05:30,351.2,355.12,342.87,345.53,7126640
2015-02-20 00:00:00+05:30,347.31,350.6,342.96,347.54,6450294
2015-02-23 00:00:00+05:30,348.8,350.27,342.84,344.13,5019267
2015-02-24 00:00:00+05:30,345.81,346.41,335.59,338.26,7181801
2015-02-25 00:00:00+05:30,339.63,345.21,338.02,340.53,5089153
2015-02-26 00:00:00+05:30,341.67,342.84,334.03,336.01,5895073
2015-02-27 00:00:00+05:30,339.84,348.2,337.72,344.7,7192830
2015-02-28 00:00:00+05:30,345.72,358.96,337.89,355.61,6855228
2015-03-02 00:00:00+05:30,358.04,360.19,343.47,350.6,8174857
2015-03-03 00:00:00+05:30,349.11,349.11,342.81,344.07,5931860
2015-03-04 00:00:00+05:30,348.51,354.86,341.67,344.07,10305921
2015-03-05 00:00:00+05:30,345.21,346.29,340.23,342.03,5537805
2015-03-09 00:00:00+05:30,342.21,343.77,336.82,338.68,5887035
2015-03-10 00:00:00+05:30,340.35,343.23,334.84,335.74,6466658
2015-03-11 00:00:00+05:30,336.22,338.74,328.55,330.16,5257705
2015-03-12 00:00:00+05:30,332.56,339.78,332.2,337.96,5663665
2015-03-13 00:00:00+05:30,339.0,339.03,332.68,334.63,8885678
2015-03-16 00:00:00+05:30,335.05,339.03,332.17,333.76,4600882
2015-03-17 00:00:00+05:30,338.02,347.01,337.06,342.54,8907812
2015-03-18 00:00:00+05:30,341.82,342.21,333.52,335.74,7543761
2015-03-19 00:00:00+05:30,338.62,340.98,330.38,331.9,5439750
2015-03-20 00:00:00+05:30,329.0,330.01,324.23,328.18,8451956
2015-03-23 00:00:00+05:30,328.46,334.3,328.46,330.5,5206561
2015-03-24 00:00:00+05:30,330.7,331.13,316.68,318.99,7460284
2015-03-25 00:00:00+05:30,320.94,326.99,319.74,324.74,14239030
2015-03-26 00:00:00+05:30,318.18,323.03,312.12,314.19,10804145
2015-03-27 00:00:00+05:30,315.03,321.71,310.54,320.85,7794081
2015-03-30 00:00:00+05:30,321.74,324.26,318.45,323.63,6624086
2015-03-31 00:00:00+05:30,323.72,335.5,322.19,329.75,8930360
2015-04-01 00:00:00+05:30,329.09,339.46,328.43,338.55,6970747
2015-04-06 00:00:00+05:30,341.37,347.18,336.19,343.94,9462531
2015-04-07 00:00:00+05:30,344.49,345.49,335.41,339.22,5288892
2015-04-08 00:00:00+05:30,342.04,344.82,338.52,339.92,6235658
2015-04-09 00:00:00+05:30,340.7,341.94,334.32,338.95,5026879
2015-04-10 00:00:00+05:30,338.28,344.7,336.31,340.61,4638546
2015-04-13 00:00:00+05:30,340.82,341.37,334.44,336.74,4772610
2015-04-15 00:00:00+05:30,333.71,333.71,325.84,327.17,6804045
2015-04-16 00:00:00+05:30,329.17,333.71,323.39,327.66,6653283
2015-04-17 00:00:00+05:30,327.81,329.81,323.36,324.09,4506794
2015-04-20 00:00:00+05:30,328.81,328.81,315.43,322.78,8277962
2015-04-21 00:00:00+05:30,321.73,325.69,316.91,319.27,5358469
2015-04-22 00:00:00+05:30,320.24,320.67,309.13,316.91,7121867
2015-04-23 00:00:00+05:30,319.52,319.52,307.8,309.95,8196472
2015-04-24 00:00:00+05:30,311.92,314.79,307.89,312.49,7106908
2015-04-27 00:00:00+05:30,315.4,316.61,310.59,312.89,5092524
2015-04-28 00:00:00+05:30,315.1,323.15,313.79,320.76,10600209
2015-04-29 00:00:00+05:30,318.88,319.64,312.86,315.34,6088415
2015-04-30 00:00:00+05:30,313.7,315.28,306.77,307.68,16533901
2015-05-04 00:00:00+05:30,309.8,312.37,301.17,306.59,9663247
2015-05-05 00:00:00+05:30,308.44,312.19,306.35,309.01,5614247
2015-05-06 00:00:00+05:30,307.83,307.83,300.14,301.38,9788037
2015-05-07 00:00:00+05:30,298.75,304.5,292.15,295.48,9092840
2015-05-08 00:00:00+05:30,301.93,312.31,301.08,310.98,10290017
2015-05-11 00:00:00+05:30,316.16,321.42,312.98,320.67,9119197
2015-05-12 00:00:00+05:30,318.24,318.24,309.44,310.89,7548434
2015-05-13 00:00:00+05:30,312.98,318.15,306.65,315.07,7337923
2015-05-14 00:00:00+05:30,314.19,314.19,308.8,312.74,5926491
2015-05-15 00:00:00+05:30,314.19,317.52,313.01,314.73,6671619
2015-05-18 00:00:00+05:30,313.13,317.46,308.92,315.22,7208305
2015-05-19 00:00:00+05:30,312.92,314.04,307.95,308.62,9086373
2015-05-20 00:00:00+05:30,309.35,311.07,304.84,305.86,10548335
2015-05-21 00:00:00+05:30,306.62,310.25,305.71,309.47,7778187
2015-05-22 00:00:00+05:30,309.8,312.95,308.86,311.56,7837859
2015-05-25 00:00:00+05:30,310.56,311.16,304.5,305.89,5088677
2015-05-26 00:00:00+05:30,305.71,306.32,298.78,301.23,12206828
2015-05-27 00:00:00+05:30,286.7,287.52,280.62,285.58,26324903
2015-05-28 00:00:00+05:30,286.86,295.09,285.89,293.21,19480334
2015-05-29 00:00:00+05:30,293.73,296.78,290.22,291.58,13036629
2015-06-01 00:00:00+05:30,292.33,292.33,285.13,285.77,7615506
2015-06-02 00:00:00+05:30,286.4,289.61,281.5,282.68,10303126
2015-06-03 00:00:00+05:30,282.71,283.77,263.16,276.56,16027714
2015-06-04 00:00:00+05:30,276.56,277.53,269.66,273.14,13216733
2015-06-05 00:00:00+05:30,269.78,272.15,266.06,267.64,18493847
2015-06-08 00:00:00+05:30,263.52,265.15,259.74,263.7,11682093
2015-06-09 00:00:00+05:30,261.1,268.66,261.1,266.39,12788203
2015-06-10 00:00:00+05:30,266.3,272.05,263.94,270.36,16049786
2015-06-11 00:00:00+05:30,270.3,270.48,259.16,260.43,15970836
2015-06-12 00:00:00+05:30,258.22,260.01,252.59,255.35,17958914
2015-06-15 00:00:00+05:30,257.89,259.07,253.11,258.1,12038490
2015-06-16 00:00:00+05:30,258.52,263.82,255.01,262.01,10229333
2015-06-17 00:00:00+05:30,263.94,264.79,258.19,262.55,11619530
2015-06-18 00:00:00+05:30,263.28,270.9,261.16,269.66,13542306
2015-06-19 00:00:00+05:30,269.27,269.27,261.28,262.16,11384427
2015-06-22 00:00:00+05:30,263.34,268.79,263.34,266.67,8724178
2015-06-23 00:00:00+05:30,266.97,270.84,263.34,263.94,9518902
2015-06-24 00:00:00+05:30,265.58,265.58,259.16,260.67,11697353
2015-06-25 00:00:00+05:30,262.13,264.0,260.01,261.76,12794547
2015-06-26 00:00:00+05:30,263.34,265.64,261.04,264.91,8274528
2015-06-29 00:00:00+05:30,259.58,261.82,253.14,259.25,11799416
2015-06-30 00:00:00+05:30,259.1,264.09,255.89,262.82,10551041
2015-07-01 00:00:00+05:30,264.4,270.84,261.16,269.09,10001954
2015-07-02 00:00:00+05:30,269.39,269.39,263.34,264.18,7667758
2015-07-03 00:00:00+05:30,263.94,263.94,260.58,262.22,6127559
2015-07-06 00:00:00+05:30,259.1,262.43,254.68,260.98,7599760
2015-07-07 00:00:00+05:30,262.94,263.76,259.1,261.25,9362725
2015-07-08 00:00:00+05:30,256.68,256.68,242.15,245.15,25640002
2015-07-09 00:00:00+05:30,242.24,244.18,238.67,240.82,15447676
2015-07-10 00:00:00+05:30,242.3,245.66,240.97,243.3,22566907
2015-07-13 00:00:00+05:30,246.21,246.21,240.36,243.42,13294145
2015-07-14 00:00:00+05:30,244.27,244.27,230.62,233.64,18721628
2015-07-15 00:00:00+05:30,234.28,239.12,231.62,238.7,25705881
2015-07-16 00:00:00+05:30,239.06,241.33,237.58,239.27,8589606
2015-07-17 00:00:00+05:30,239.7,244.12,236.34,240.97,10886038
2015-07-20 00:00:00+05:30,241.54,243.3,235.67,236.55,9543206
2015-07-21 00:00:00+05:30,237.19,238.09,233.73,235.55,10674347
2015-07-22 00:00:00+05:30,234.88,237.79,233.64,235.82,9837096
2015-07-23 00:00:00+05:30,235.34,244.21,233.07,242.97,15709908
2015-07-24 00:00:00+05:30,240.67,241.76,235.49,236.25,11661986
2015-07-27 00:00:00+05:30,232.61,233.22,225.8,228.5,13959837
2015-07-28 00:00:00+05:30,225.8,226.95,221.63,224.05,18130716
2015-07-29 00:00:00+05:30,226.35,230.01,225.62,227.89,15746023
2015-07-30 00:00:00+05:30,231.04,231.56,227.62,228.5,10840527
2015-07-31 00:00:00+05:30,230.53,236.4,230.07,232.37,11476613
2015-08-03 00:00:00+05:30,233.89,238.76,231.25,235.01,10981635
2015-08-04 00:00:00+05:30,233.61,234.28,228.83,230.5,9285644
2015-08-05 00:00:00+05:30,229.28,235.19,227.08,227.86,13708793
2015-08-06 00:00:00+05:30,227.92,232.89,225.93,231.92,13175943
2015-08-07 00:00:00+05:30,231.49,239.73,231.49,238.15,17686302
2015-08-10 00:00:00+05:30,232.46,239.3,231.31,233.49,23942460
2015-08-11 00:00:00+05:30,234.34,234.88,222.5,223.47,16493656
2015-08-12 00:00:00+05:30,220.96,221.48,214.03,215.03,18348699
2015-08-13 00:00:00+05:30,216.06,218.51,210.67,211.52,18414610
2015-08-14 00:00:00+05:30,212.76,217.78,208.91,215.06,10573338
2015-08-17 00:00:00+05:30,214.54,219.33,209.0,215.57,9600851
2015-08-18 00:00:00+05:30,215.42,216.94,210.49,211.03,9290107
2015-08-19 00:00:00+05:30,211.09,214.85,208.25,212.64,10631292
2015-08-20 00:00:00+05:30,210.67,211.7,206.43,207.16,12867571
2015-08-21 00:00:00+05:30,205.46,205.46,198.41,201.23,14525044
2015-08-24 00:00:00+05:30,191.9,191.9,182.58,186.61,24370893
2015-08-25 00:00:00+05:30,186.45,200.59,185.12,199.08,22132347
2015-08-26 00:00:00+05:30,194.93,206.67,192.66,202.86,22765580
2015-08-27 00:00:00+05:30,204.86,207.37,198.11,202.22,28453301
2015-08-28 00:00:00+05:30,207.04,207.04,202.95,205.86,11767807
2015-08-31 00:00:00+05:30,205.83,211.12,201.26,205.92,11966657
2015-09-01 00:00:00+05:30,202.77,205.43,196.81,199.71,14216045
2015-09-02 00:00:00+05:30,199.08,201.29,194.6,196.41,13375749
2015-09-03 00:00:00+05:30,197.47,205.71,197.47,201.92,13444371
2015-09-04 00:00:00+05:30,199.77,200.26,191.3,195.47,10890240
2015-09-07 00:00:00+05:30,198.44,201.59,193.72,195.44,8850627
2015-09-08 00:00:00+05:30,197.35,201.74,191.48,200.32,11116901
2015-09-09 00:00:00+05:30,203.01,212.3,201.95,208.79,14591825
2015-09-10 00:00:00+05:30,205.86,215.79,200.38,214.36,16308807
2015-09-11 00:00:00+05:30,214.85,217.27,207.19,208.61,14156508
2015-09-14 00:00:00+05:30,211.21,212.43,207.19,209.94,9053828
2015-09-15 00:00:00+05:30,209.43,209.43,201.62,202.26,9584848
2015-09-16 00:00:00+05:30,204.43,206.07,201.29,204.65,9430201
2015-09-18 00:00:00+05:30,199.29,202.07,197.87,199.92,24601913
2015-09-21 00:00:00+05:30,197.87,202.74,197.14,200.8,8544135
2015-09-22 00:00:00+05:30,200.98,201.95,190.09,191.18,11766031
2015-09-23 00:00:00+05:30,188.27,189.21,185.4,187.85,14791741
2015-09-24 00:00:00+05:30,187.48,188.88,182.58,183.67,22795566
2015-09-28 00:00:00+05:30,184.28,184.28,171.62,172.53,22428029
2015-09-29 00:00:00+05:30,170.23,178.46,168.96,174.8,20325336
2015-09-30 00:00:00+05:30,175.1,181.46,174.41,180.76,21352445
2015-10-01 00:00:00+05:30,182.49,182.52,176.47,180.25,12390847
2015-10-05 00:00:00+05:30,183.13,194.99,183.13,190.78,23998143
2015-10-06 00:00:00+05:30,194.05,202.62,193.45,202.01,31066593
2015-10-07 00:00:00+05:30,202.13,208.85,199.17,206.64,29407569
2015-10-08 00:00:00+05:30,208.13,210.25,206.77,207.79,19963458
2015-10-09 00:00:00+05:30,209.58,217.45,206.49,215.79,19220871
2015-10-12 00:00:00+05:30,215.82,222.17,215.75,219.36,17360835
2015-10-13 00:00:00+05:30,217.93,221.11,214.94,218.6,16468505
2015-10-14 00:00:00+05:30,217.18,218.09,212.55,213.27,11578682
2015-10-15 00:00:00+05:30,215.09,232.31,215.09,230.83,32190709
2015-10-16 00:00:00+05:30,235.25,236.67,230.44,233.79,27252059
2015-10-19 00:00:00+05:30,232.46,232.46,227.77,229.25,12315908
2015-10-20 00:00:00+05:30,229.44,239.58,228.47,231.95,25482040
2015-10-21 00:00:00+05:30,230.01,233.92,229.16,230.92,14405458
2015-10-23 00:00:00+05:30,232.4,235.37,231.25,231.86,11140972
2015-10-26 00:00:00+05:30,233.95,236.03,232.01,232.83,8366180
2015-10-27 00:00:00+05:30,231.86,234.25,231.37,232.07,7306608
2015-10-28 00:00:00+05:30,231.74,236.55,231.37,233.86,13245862
2015-10-29 00:00:00+05:30,235.46,240.21,232.61,236.82,25408342
2015-10-30 00:00:00+05:30,235.94,236.58,232.16,233.04,10987993
2015-11-02 00:00:00+05:30,233.73,237.34,232.71,234.85,12408348
2015-11-03 00:00:00+05:30,236.85,236.85,230.53,231.28,9725820
2015-11-04 00:00:00+05:30,236.13,246.54,236.13,245.09,23102840
2015-11-05 00:00:00+05:30,244.33,249.9,243.03,244.57,21330558
2015-11-06 00:00:00+05:30,242.09,244.81,237.61,239.82,18197276
2015-11-09 00:00:00+05:30,226.41,250.32,225.83,249.26,36552887
2015-11-10 00:00:00+05:30,246.99,252.68,243.78,246.66,20903844
2015-11-11 00:00:00+05:30,247.45,250.62,247.02,248.99,1924309
2015-11-13 00:00:00+05:30,249.02,252.74,243.24,244.54,18182580
2015-11-16 00:00:00+05:30,242.75,245.09,238.64,242.3,12675641
2015-11-17 00:00:00+05:30,243.97,248.63,241.27,246.69,10016949
2015-11-18 00:00:00+05:30,246.96,250.32,244.12,245.93,11497210
2015-11-19 00:00:00+05:30,248.14,248.14,244.27,246.36,9325700
2015-11-20 00:00:00+05:30,247.29,248.63,242.97,243.87,8953448
2015-11-23 00:00:00+05:30,242.36,244.81,240.03,243.42,7695174
2015-11-24 00:00:00+05:30,241.6,246.08,240.36,242.72,9291101
2015-11-26 00:00:00+05:30,245.02,258.16,244.57,256.92,24894339
2015-11-27 00:00:00+05:30,257.62,261.46,252.11,252.83,16056435
2015-11-30 00:00:00+05:30,254.2,260.07,253.05,256.22,16356458
2015-12-01 00:00:00+05:30,258.49,258.49,251.9,252.65,10576447
2015-12-02 00:00:00+05:30,251.77,253.59,248.38,250.11,10808714
2015-12-03 00:00:00+05:30,247.42,249.35,244.72,245.54,9910132
2015-12-04 00:00:00+05:30,243.66,249.11,241.36,242.12,14003617
2015-12-07 00:00:00+05:30,243.9,243.97,239.3,241.63,10169476
2015-12-08 00:00:00+05:30,240.3,246.36,239.79,243.6,12969949
2015-12-09 00:00:00+05:30,243.84,245.18,237.76,238.49,10082356
2015-12-10 00:00:00+05:30,242.88,242.88,233.22,235.85,17648927
2015-12-11 00:00:00+05:30,236.64,237.7,227.2,228.8,10799417
2015-12-14 00:00:00+05:30,223.84,226.11,218.24,224.96,20949873
2015-12-15 00:00:00+05:30,224.74,230.62,221.26,229.74,12748397
2015-12-16 00:00:00+05:30,227.56,233.07,225.71,230.31,19615781
2015-12-17 00:00:00+05:30,233.07,234.28,227.65,231.83,12561956
2015-12-18 00:00:00+05:30,231.19,232.95,228.1,228.98,10661733
2015-12-21 00:00:00+05:30,229.5,231.59,228.53,230.13,6633320
2015-12-22 00:00:00+05:30,230.59,231.74,228.35,228.89,6280468
2015-12-23 00:00:00+05:30,229.98,230.56,228.53,229.1,6531127
2015-12-24 00:00:00+05:30,230.59,232.92,228.59,231.49,7547006
2015-12-28 00:00:00+05:30,233.01,239.12,232.31,238.52,11837916
2015-12-29 00:00:00+05:30,237.85,240.64,235.34,237.22,12157157
2015-12-30 00:00:00+05:30,237.31,239.12,236.4,238.18,8038316
2015-12-31 00:00:00+05:30,238.52,239.58,235.58,236.88,10589546
2016-01-01 00:00:00+05:30,237.61,243.97,225.8,243.3,7230857
2016-01-04 00:00:00+05:30,242.15,242.21,227.05,228.26,12922056
2016-01-05 00:00:00+05:30,230.68,231.52,225.26,226.68,11399702
2016-01-06 00:00:00+05:30,226.56,227.32,220.72,221.51,11912051
2016-01-07 00:00:00+05:30,215.66,216.72,204.68,207.98,19462898
2016-01-08 00:00:00+05:30,209.22,215.42,209.22,213.91,14487555
2016-01-11 00:00:00+05:30,208.19,220.81,206.83,218.06,17471421
2016-01-12 00:00:00+05:30,219.57,220.33,212.85,214.91,13814733
2016-01-13 00:00:00+05:30,218.21,223.87,215.69,220.72,23442602
2016-01-14 00:00:00+05:30,215.57,217.57,209.94,214.48,17631028
2016-01-15 00:00:00+05:30,214.24,214.24,205.43,206.61,10832309
2016-01-18 00:00:00+05:30,206.43,207.82,202.44,205.95,10382272
2016-01-19 00:00:00+05:30,207.64,216.24,207.04,214.39,12066212
2016-01-20 00:00:00+05:30,211.67,211.67,205.1,207.19,15125552
2016-01-21 00:00:00+05:30,206.22,208.34,195.54,198.9,27295640
2016-01-22 00:00:00+05:30,203.1,209.4,200.68,205.52,15850388
2016-01-25 00:00:00+05:30,209.16,209.16,200.47,201.35,10087887
2016-01-27 00:00:00+05:30,204.62,206.43,201.71,204.04,13765408
2016-01-28 00:00:00+05:30,203.59,206.67,201.17,202.32,21728131
2016-01-29 00:00:00+05:30,200.98,206.19,196.26,203.95,17098555
2016-02-01 00:00:00+05:30,205.07,207.28,201.14,204.92,10842534
2016-02-02 00:00:00+05:30,208.13,208.67,198.38,199.5,15163063
2016-02-03 00:00:00+05:30,197.08,197.32,191.93,193.9,11043519
2016-02-04 00:00:00+05:30,196.93,199.35,194.45,197.05,10054932
2016-02-05 00:00:00+05:30,200.08,205.22,197.74,204.07,15257671
2016-02-08 00:00:00+05:30,202.77,202.77,194.54,195.84,11520741
2016-02-09 00:00:00+05:30,193.42,195.32,186.94,188.06,20631445
2016-02-10 00:00:00+05:30,187.57,187.64,174.5,176.5,35938511
2016-02-11 00:00:00+05:30,180.7,181.61,160.91,167.29,35734824
2016-02-12 00:00:00+05:30,170.11,184.0,164.42,180.61,35584942
2016-02-15 00:00:00+05:30,180.34,194.17,180.22,192.05,31201770
2016-02-16 00:00:00+05:30,193.36,196.26,180.95,182.31,22462814
2016-02-17 00:00:00+05:30,183.4,189.78,180.79,187.76,22659638
2016-02-18 00:00:00+05:30,190.78,193.17,185.37,190.09,20645542
2016-02-19 00:00:00+05:30,188.94,193.72,188.33,192.63,12730112
2016-02-22 00:00:00+05:30,193.72,196.26,189.84,193.02,14370947
2016-02-23 00:00:00+05:30,196.14,196.59,190.36,192.84,19221021
2016-02-24 00:00:00+05:30,191.3,191.3,184.49,185.43,12603649
2016-02-25 00:00:00+05:30,187.54,189.0,179.31,180.52,21407989
2016-02-26 00:00:00+05:30,183.55,184.76,180.16,182.7,15166988
2016-02-29 00:00:00+05:30,183.55,185.09,175.71,181.43,20825487
2016-03-01 00:00:00+05:30,182.28,191.9,182.28,190.9,18897524
2016-03-02 00:00:00+05:30,195.47,197.35,190.3,191.96,20513230
2016-03-03 00:00:00+05:30,196.44,205.71,194.63,203.83,21216777
2016-03-04 00:00:00+05:30,205.92,211.12,205.01,207.95,13541278
2016-03-08 00:00:00+05:30,209.76,214.15,206.73,209.49,13031640
2016-03-09 00:00:00+05:30,205.77,211.28,203.41,210.49,10545446
2016-03-10 00:00:00+05:30,210.06,214.06,206.67,210.97,12294985
2016-03-11 00:00:00+05:30,210.97,215.45,208.94,214.45,12622522
2016-03-14 00:00:00+05:30,217.87,224.32,217.3,221.84,21584781
2016-03-15 00:00:00+05:30,222.11,224.41,217.66,218.18,16189583
2016-03-16 00:00:00+05:30,217.9,219.6,213.88,217.66,12479151
2016-03-17 00:00:00+05:30,222.11,222.41,217.09,218.48,11421553
2016-03-18 00:00:00+05:30,219.45,222.66,219.45,221.6,10892495
2016-03-21 00:00:00+05:30,222.32,227.32,221.42,226.83,15405044
2016-03-22 00:00:00+05:30,228.2,230.95,224.23,228.35,14716597
2016-03-23 00:00:00+05:30,228.83,229.71,226.44,228.23,9525012
2016-03-28 00:00:00+05:30,227.32,227.32,218.84,219.93,13318726
2016-03-29 00:00:00+05:30,220.36,229.41,219.78,225.47,15469496
2016-03-30 00:00:00+05:30,230.34,237.0,228.1,235.25,17007525
2016-03-31 00:00:00+05:30,234.82,238.27,230.34,234.04,17739002
2016-04-01 00:00:00+05:30,233.92,233.92,228.65,229.83,9388879
2016-04-04 00:00:00+05:30,233.64,236.7,231.49,235.13,9930625
2016-04-05 00:00:00+05:30,233.67,233.67,223.38,224.29,10007457
2016-04-06 00:00:00+05:30,226.23,231.49,225.23,228.04,12097125
2016-04-07 00:00:00+05:30,227.59,232.95,224.17,227.14,14411139
2016-04-08 00:00:00+05:30,227.32,230.07,224.29,224.87,8028912
2016-04-11 00:00:00+05:30,226.38,234.76,226.35,234.07,11278092
2016-04-12 00:00:00+05:30,234.85,240.58,234.37,239.61,12723871
2016-04-13 00:00:00+05:30,242.15,249.26,241.03,247.45,20438839
2016-04-18 00:00:00+05:30,246.78,248.14,243.66,246.6,9202721
2016-04-20 00:00:00+05:30,246.39,248.41,242.54,244.63,12537568
2016-04-21 00:00:00+05:30,247.42,252.56,245.78,249.11,15216856
2016-04-22 00:00:00+05:30,249.47,254.56,246.99,252.44,9904639
2016-04-25 00:00:00+05:30,252.8,252.8,248.2,249.53,5406580
2016-04-26 00:00:00+05:30,247.39,256.47,245.21,253.68,11560655
2016-04-27 00:00:00+05:30,253.62,257.43,251.02,253.38,10287780
2016-04-28 00:00:00+05:30,253.53,254.83,248.02,249.02,12465216
2016-04-29 00:00:00+05:30,248.2,250.44,244.0,247.2,10326028
2016-05-02 00:00:00+05:30,246.96,248.48,243.66,246.81,6902890
2016-05-03 00:00:00+05:30,248.75,255.47,246.87,247.99,15892366
2016-05-04 00:00:00+05:30,245.48,245.48,230.1,231.13,19936701
2016-05-05 00:00:00+05:30,232.46,239.76,231.95,236.79,15860215
2016-05-06 00:00:00+05:30,235.25,242.69,232.77,241.36,16442222
2016-05-09 00:00:00+05:30,242.36,245.3,239.21,244.18,14371780
2016-05-10 00:00:00+05:30,242.63,242.63,234.37,235.46,15141835
2016-05-11 00:00:00+05:30,232.95,237.28,227.68,229.95,19154936
2016-05-12 00:00:00+05:30,229.44,235.25,229.44,234.31,10747665
2016-05-13 00:00:00+05:30,236.85,238.52,233.37,236.07,23172331
2016-05-16 00:00:00+05:30,238.4,240.15,235.49,237.73,13624984
2016-05-17 00:00:00+05:30,237.67,239.12,234.04,235.91,15569839
2016-05-18 00:00:00+05:30,232.16,234.49,231.01,232.98,14188475
2016-05-19 00:00:00+05:30,233.83,238.09,231.22,234.22,18151919
2016-05-20 00:00:00+05:30,234.1,237.73,232.16,232.74,10799148
2016-05-23 00:00:00+05:30,235.22,236.07,230.1,231.1,13467886
2016-05-24 00:00:00+05:30,232.34,237.15,231.65,235.55,17457190
2016-05-25 00:00:00+05:30,238.52,242.12,238.52,240.33,14697363
2016-05-26 00:00:00+05:30,242.45,243.36,240.18,241.7,13990939
2016-05-27 00:00:00+05:30,242.15,245.18,239.73,244.51,14925558
2016-05-30 00:00:00+05:30,245.05,256.44,242.94,255.01,26045333
2016-05-31 00:00:00+05:30,276.05,281.44,269.39,278.26,182935784
2016-06-01 00:00:00+05:30,275.9,277.44,269.39,271.93,17161685
2016-06-02 00:00:00+05:30,268.85,278.77,268.85,274.51,22588456
2016-06-03 00:00:00+05:30,277.29,279.56,273.93,274.81,19281584
2016-06-06 00:00:00+05:30,277.14,281.5,272.54,278.77,15456277
2016-06-07 00:00:00+05:30,282.38,282.38,277.87,280.32,20762255
2016-06-08 00:00:00+05:30,281.8,283.8,280.41,282.19,17290437
2016-06-09 00:00:00+05:30,284.19,284.68,281.5,282.8,14082262
2016-06-10 00:00:00+05:30,282.56,282.56,275.14,276.63,11628965
2016-06-13 00:00:00+05:30,273.02,273.27,264.37,268.94,15704841
2016-06-14 00:00:00+05:30,270.54,274.75,267.06,271.45,15883151
2016-06-15 00:00:00+05:30,272.36,274.23,270.75,273.69,9423724
2016-06-16 00:00:00+05:30,272.24,275.75,270.03,275.05,11985103
2016-06-17 00:00:00+05:30,279.08,281.95,276.84,281.14,12945252
2016-06-20 00:00:00+05:30,281.35,293.12,278.62,291.82,15298593
2016-06-21 00:00:00+05:30,293.0,294.33,289.13,293.55,14714574
2016-06-22 00:00:00+05:30,292.43,293.48,283.34,286.16,12653635
2016-06-23 00:00:00+05:30,288.22,296.57,288.22,295.39,15904609
2016-06-24 00:00:00+05:30,265.88,274.69,255.01,272.05,67724562
2016-06-27 00:00:00+05:30,273.51,276.81,268.54,271.78,20566311
2016-06-28 00:00:00+05:30,271.21,271.21,262.13,266.61,16833257
2016-06-29 00:00:00+05:30,270.66,272.3,269.63,270.75,10382796
2016-06-30 00:00:00+05:30,275.02,279.83,273.36,278.02,21827982
2016-07-01 00:00:00+05:30,280.65,281.35,275.26,277.2,11608979
2016-07-04 00:00:00+05:30,282.71,287.46,282.71,284.22,13897368
2016-07-05 00:00:00+05:30,283.62,283.92,278.17,279.02,8150495
2016-07-07 00:00:00+05:30,279.05,281.77,274.9,275.54,10870433
2016-07-08 00:00:00+05:30,281.07,283.44,280.08,282.29,15302519
2016-07-11 00:00:00+05:30,285.8,294.7,285.8,293.36,17306969
2016-07-12 00:00:00+05:30,294.21,295.82,291.24,293.18,11179844
2016-07-13 00:00:00+05:30,294.18,295.48,289.34,291.24,9672914
2016-07-14 00:00:00+05:30,290.64,296.21,289.94,294.27,9883180
2016-07-15 00:00:00+05:30,290.58,303.72,290.37,299.05,14684439
2016-07-18 00:00:00+05:30,299.66,305.71,296.63,298.24,12329519
2016-07-19 00:00:00+05:30,298.99,304.81,298.72,302.23,12662479
2016-07-20 00:00:00+05:30,300.45,304.17,298.12,298.99,9412220
2016-07-21 00:00:00+05:30,301.75,302.69,296.45,297.27,6043172
2016-07-22 00:00:00+05:30,299.33,307.8,298.75,307.05,9230914
2016-07-25 00:00:00+05:30,306.02,309.32,304.71,308.13,7661646
2016-07-26 00:00:00+05:30,306.35,310.77,303.96,304.65,10220975
2016-07-27 00:00:00+05:30,307.38,310.59,306.02,308.8,8578889
2016-07-28 00:00:00+05:30,308.74,309.89,301.93,306.83,10470013
2016-07-29 00:00:00+05:30,307.41,309.04,303.35,304.62,6188472
2016-08-01 00:00:00+05:30,306.8,311.71,306.02,307.68,7843923
2016-08-02 00:00:00+05:30,308.74,309.47,297.33,298.63,8675380
2016-08-03 00:00:00+05:30,299.36,302.38,287.85,289.61,13091190
2016-08-04 00:00:00+05:30,296.69,303.56,295.79,302.69,15653181
2016-08-05 00:00:00+05:30,307.05,314.01,303.99,312.61,10561286
2016-08-08 00:00:00+05:30,313.7,316.37,310.8,311.65,7680066
2016-08-09 00:00:00+05:30,315.4,316.0,308.26,311.04,9937284
2016-08-10 00:00:00+05:30,312.13,312.67,304.08,304.77,10524325
2016-08-11 00:00:00+05:30,304.96,305.71,299.72,304.65,6793841
2016-08-12 00:00:00+05:30,306.86,314.49,306.41,312.86,11839707
2016-08-16 00:00:00+05:30,310.53,311.77,304.68,307.29,9967901
2016-08-17 00:00:00+05:30,309.41,311.31,306.23,308.98,9670043
2016-08-18 00:00:00+05:30,310.19,313.52,309.19,309.98,8243778
2016-08-19 00:00:00+05:30,311.16,311.77,307.65,308.74,7544564
2016-08-22 00:00:00+05:30,308.2,310.92,304.56,305.08,7153136
2016-08-23 00:00:00+05:30,305.86,307.89,302.96,305.11,8824506
2016-08-24 00:00:00+05:30,305.53,306.35,298.81,301.69,8572338
2016-08-25 00:00:00+05:30,301.69,304.68,297.42,298.96,14515458
2016-08-26 00:00:00+05:30,303.9,311.98,294.21,304.96,27004615
2016-08-29 00:00:00+05:30,316.31,320.09,312.01,318.0,20705260
2016-08-30 00:00:00+05:30,319.94,321.33,317.28,320.24,10920788
2016-08-31 00:00:00+05:30,320.24,332.23,320.24,325.51,25977290
2016-09-01 00:00:00+05:30,327.2,330.93,326.9,329.11,12507756
2016-09-02 00:00:00+05:30,334.17,336.53,332.41,332.86,16679223
2016-09-06 00:00:00+05:30,336.8,359.17,336.8,356.38,26121393
2016-09-07 00:00:00+05:30,357.17,362.26,353.54,355.6,22149871
2016-09-08 00:00:00+05:30,357.62,358.2,349.75,353.66,17272431
2016-09-09 00:00:00+05:30,351.12,352.9,346.09,347.03,11825885
2016-09-12 00:00:00+05:30,333.56,339.01,332.5,335.04,11654464
2016-09-14 00:00:00+05:30,336.74,342.25,329.38,339.31,20424978
2016-09-15 00:00:00+05:30,340.22,342.79,336.22,337.53,8686978
2016-09-16 00:00:00+05:30,340.46,343.97,330.75,332.17,18058041
2016-09-19 00:00:00+05:30,335.26,336.83,332.62,335.65,11528880
2016-09-20 00:00:00+05:30,335.98,336.77,330.23,332.02,11355752
2016-09-21 00:00:00+05:30,332.11,336.83,329.32,332.89,9777694
2016-09-22 00:00:00+05:30,339.74,340.79,333.77,338.07,9931713
2016-09-23 00:00:00+05:30,338.1,338.1,333.68,334.8,7995670
2016-09-26 00:00:00+05:30,332.92,332.92,323.12,324.06,11329507
2016-09-27 00:00:00+05:30,325.51,328.11,321.0,322.03,8115237
2016-09-28 00:00:00+05:30,322.66,330.17,321.76,326.9,10910557
2016-09-29 00:00:00+05:30,328.72,331.08,312.77,318.61,15388527
2016-09-30 00:00:00+05:30,318.18,324.81,315.52,323.78,9348370
2016-10-03 00:00:00+05:30,326.54,330.53,326.3,327.39,7443248
2016-10-04 00:00:00+05:30,331.38,334.41,327.29,332.92,9441216
2016-10-05 00:00:00+05:30,336.16,340.46,332.8,338.8,9794304
2016-10-06 00:00:00+05:30,340.89,341.55,332.41,333.83,7060023
2016-10-07 00:00:00+05:30,335.68,343.43,334.53,342.46,15068407
2016-10-10 00:00:00+05:30,345.73,345.73,339.55,340.25,6067685
2016-10-13 00:00:00+05:30,337.13,337.13,325.09,329.84,15710697
2016-10-14 00:00:00+05:30,330.53,337.47,329.93,336.65,9701176
2016-10-17 00:00:00+05:30,337.71,337.71,330.47,331.47,5720698
2016-10-18 00:00:00+05:30,332.47,336.59,332.47,335.53,6550385
2016-10-19 00:00:00+05:30,334.2,335.92,329.96,333.26,7062025
2016-10-20 00:00:00+05:30,334.8,335.38,330.53,331.05,4575712
2016-10-21 00:00:00+05:30,332.35,332.95,327.81,329.63,4608313
2016-10-24 00:00:00+05:30,329.32,341.43,329.05,338.89,8525821
2016-10-25 00:00:00+05:30,332.86,339.61,332.41,335.26,9400120
2016-10-26 00:00:00+05:30,331.74,331.74,316.7,320.88,11009775
2016-10-27 00:00:00+05:30,312.13,318.27,309.19,316.0,30510432
2016-10-28 00:00:00+05:30,319.03,326.87,317.88,325.09,9359375
2016-10-30 00:00:00+05:30,324.72,324.72,320.54,322.03,1029116
2016-11-01 00:00:00+05:30,323.51,325.63,317.85,321.21,11313134
2016-11-02 00:00:00+05:30,316.37,318.43,310.16,310.74,7846600
2016-11-03 00:00:00+05:30,308.62,315.67,305.83,308.86,11413561
2016-11-04 00:00:00+05:30,308.29,312.58,303.65,310.13,12495184
2016-11-07 00:00:00+05:30,310.56,315.58,305.74,306.53,9098452
2016-11-08 00:00:00+05:30,313.83,328.72,312.98,327.02,21043373
2016-11-09 00:00:00+05:30,303.38,329.32,302.69,322.97,16974696
2016-11-10 00:00:00+05:30,324.48,332.56,321.76,323.09,11408571
2016-11-11 00:00:00+05:30,318.73,320.85,305.71,307.11,12923720
2016-11-15 00:00:00+05:30,293.55,293.55,274.23,276.9,25366308
2016-11-16 00:00:00+05:30,283.59,285.55,272.42,277.53,17932124
2016-11-17 00:00:00+05:30,278.47,288.16,278.26,286.25,14783896
2016-11-18 00:00:00+05:30,284.46,286.86,279.59,285.28,11969889
2016-11-21 00:00:00+05:30,283.31,286.22,273.33,276.63,12101431
2016-11-22 00:00:00+05:30,280.92,285.13,274.42,281.41,10976490
2016-11-23 00:00:00+05:30,282.71,287.73,279.68,285.43,11112300
2016-11-24 00:00:00+05:30,282.32,282.32,272.24,274.2,13292630
2016-11-25 00:00:00+05:30,274.9,276.26,268.27,273.84,12267397
2016-11-28 00:00:00+05:30,273.17,278.47,272.72,275.26,8302206
2016-11-29 00:00:00+05:30,275.44,282.29,273.23,278.38,14157476
2016-11-30 00:00:00+05:30,278.47,280.77,275.51,278.05,13838599
2016-12-01 00:00:00+05:30,276.66,277.08,270.54,271.33,12730712
2016-12-02 00:00:00+05:30,269.39,274.54,261.01,262.07,17263174
2016-12-05 00:00:00+05:30,263.94,266.97,259.28,265.94,13563846
2016-12-06 00:00:00+05:30,266.97,269.94,265.21,267.03,6953436
2016-12-07 00:00:00+05:30,266.36,271.93,265.91,269.6,9184100
2016-12-08 00:00:00+05:30,273.14,281.14,273.14,279.41,13505821
2016-12-09 00:00:00+05:30,281.47,283.65,278.83,280.95,9400617
2016-12-12 00:00:00+05:30,279.65,279.65,273.05,275.08,6339543
2016-12-13 00:00:00+05:30,288.64,294.36,279.83,284.92,105522442
2016-12-14 00:00:00+05:30,284.65,288.64,280.08,285.95,12654084
2016-12-15 00:00:00+05:30,280.89,286.7,279.98,280.41,10801721
2016-12-16 00:00:00+05:30,281.5,287.49,281.01,286.43,14892882
2016-12-19 00:00:00+05:30,285.07,289.7,281.8,285.61,8995490
2016-12-20 00:00:00+05:30,286.34,287.55,283.98,286.43,6095683
2016-12-21 00:00:00+05:30,286.64,287.25,282.77,283.62,5769762
2016-12-22 00:00:00+05:30,283.41,286.31,281.38,284.28,8980409
2016-12-23 00:00:00+05:30,281.47,283.5,278.47,281.89,6537880
2016-12-26 00:00:00+05:30,281.8,281.8,275.81,277.17,5422156
2016-12-27 00:00:00+05:30,278.47,283.77,276.9,282.68,5227629
2016-12-28 00:00:00+05:30,282.71,283.71,279.68,280.5,6231171
2016-12-29 00:00:00+05:30,280.14,286.16,278.08,285.07,7868163
2016-12-30 00:00:00+05:30,285.13,287.55,283.01,285.74,5955926
2017-01-02 00:00:00+05:30,285.74,295.85,283.95,294.85,6647403
2017-01-03 00:00:00+05:30,297.24,298.27,290.52,291.24,9604857
2017-01-04 00:00:00+05:30,293.39,298.87,293.06,294.6,7879232
2017-01-05 00:00:00+05:30,300.26,304.74,299.99,303.99,13150977
2017-01-06 00:00:00+05:30,304.47,307.5,300.42,301.32,8106535
2017-01-09 00:00:00+05:30,302.32,305.47,297.93,302.78,6496345
2017-01-10 00:00:00+05:30,306.65,313.58,306.29,312.52,13170439
2017-01-11 00:00:00+05:30,314.95,317.19,313.07,314.34,8071719
2017-01-12 00:00:00+05:30,315.82,317.22,310.68,313.73,6970296
2017-01-13 00:00:00+05:30,316.76,316.76,307.23,311.68,10517898
2017-01-16 00:00:00+05:30,313.98,320.51,312.98,318.67,10050969
2017-01-17 00:00:00+05:30,319.7,321.33,315.4,317.03,7098811
2017-01-18 00:00:00+05:30,316.64,320.61,315.52,316.28,9704118
2017-01-19 00:00:00+05:30,316.61,324.24,316.43,321.73,9597605
2017-01-20 00:00:00+05:30,319.27,320.42,315.55,316.73,8282382
2017-01-23 00:00:00+05:30,316.73,323.84,316.61,322.48,6954194
2017-01-24 00:00:00+05:30,322.66,328.72,322.27,327.84,8562709
2017-01-25 00:00:00+05:30,328.87,334.11,327.84,332.29,7441599
2017-01-27 00:00:00+05:30,332.35,334.17,326.75,328.08,7423201
2017-01-30 00:00:00+05:30,328.11,329.02,321.33,322.24,6877463
2017-01-31 00:00:00+05:30,320.97,321.76,313.58,316.94,9969102
2017-02-01 00:00:00+05:30,319.33,329.63,316.55,328.26,7907063
2017-02-02 00:00:00+05:30,325.45,325.45,318.91,321.76,10869009
2017-02-03 00:00:00+05:30,322.0,322.0,314.49,316.37,8752065
2017-02-06 00:00:00+05:30,319.58,321.73,316.73,318.34,6016999
2017-02-07 00:00:00+05:30,317.7,317.7,303.9,306.8,13193991
2017-02-08 00:00:00+05:30,310.16,311.74,306.5,310.59,9870042
2017-02-09 00:00:00+05:30,312.01,313.58,306.17,310.47,6772474
2017-02-10 00:00:00+05:30,310.56,311.65,306.62,308.47,7816725
2017-02-13 00:00:00+05:30,310.37,310.37,304.68,305.89,7764668
2017-02-14 00:00:00+05:30,304.5,306.74,282.44,291.82,24615273
2017-02-15 00:00:00+05:30,271.84,274.23,262.94,264.21,63826187
2017-02-16 00:00:00+05:30,267.91,270.96,263.58,270.0,19199271
2017-02-17 00:00:00+05:30,271.15,276.41,267.82,274.2,16623651
2017-02-20 00:00:00+05:30,273.33,277.53,271.81,275.72,9691067
2017-02-21 00:00:00+05:30,276.59,280.17,275.14,277.65,11358150
2017-02-22 00:00:00+05:30,278.62,282.53,275.93,278.5,12083928
2017-02-23 00:00:00+05:30,280.89,281.32,276.81,279.89,15680290
2017-02-27 00:00:00+05:30,280.89,280.89,275.51,277.14,9102631
2017-02-28 00:00:00+05:30,278.47,278.47,274.9,276.5,9452693
2017-03-01 00:00:00+05:30,275.99,275.99,271.21,272.08,13822195
2017-03-02 00:00:00+05:30,277.17,283.25,274.35,279.5,22577324
2017-03-03 00:00:00+05:30,280.47,282.62,277.62,278.44,11704559
2017-03-06 00:00:00+05:30,279.98,286.16,279.74,285.01,6667448
2017-03-07 00:00:00+05:30,284.22,288.1,282.13,283.04,11752332
2017-03-08 00:00:00+05:30,284.16,284.28,279.17,280.17,8840169
2017-03-09 00:00:00+05:30,279.95,284.34,279.68,283.07,6339275
2017-03-10 00:00:00+05:30,285.13,285.65,281.56,283.98,9526058
2017-03-14 00:00:00+05:30,291.18,292.4,283.59,284.37,10486430
2017-03-15 00:00:00+05:30,287.55,288.49,284.92,286.61,7931167
2017-03-16 00:00:00+05:30,289.79,291.79,288.25,291.15,10362124
2017-03-17 00:00:00+05:30,291.4,293.12,285.55,288.46,10469993
2017-03-20 00:00:00+05:30,288.49,289.49,284.98,288.16,4742705
2017-03-21 00:00:00+05:30,289.37,289.4,284.92,286.8,7739712
2017-03-22 00:00:00+05:30,284.49,284.49,277.56,278.41,7756624
2017-03-23 00:00:00+05:30,279.26,288.76,279.26,286.28,14314131
2017-03-24 00:00:00+05:30,284.98,287.43,283.04,284.77,7097297
2017-03-27 00:00:00+05:30,283.92,284.01,279.74,281.35,7297014
2017-03-28 00:00:00+05:30,283.01,286.34,283.01,285.98,4926906
2017-03-29 00:00:00+05:30,287.49,287.55,280.65,283.95,11035465
2017-03-30 00:00:00+05:30,280.59,284.4,280.2,283.56,15664375
2017-03-31 00:00:00+05:30,282.41,286.04,281.2,282.01,10572145
2017-04-03 00:00:00+05:30,283.47,285.92,283.07,284.77,4876163
2017-04-05 00:00:00+05:30,284.77,287.55,282.86,286.64,8733741
2017-04-06 00:00:00+05:30,287.13,289.67,284.89,286.46,11072647
2017-04-07 00:00:00+05:30,283.59,290.91,282.5,283.5,13362778
2017-04-10 00:00:00+05:30,285.52,289.55,283.04,287.49,8982108
2017-04-11 00:00:00+05:30,289.31,289.58,285.19,285.89,8074230
2017-04-12 00:00:00+05:30,283.74,285.46,279.44,281.23,9897371
2017-04-13 00:00:00+05:30,279.59,280.5,273.14,274.45,9795924
2017-04-17 00:00:00+05:30,273.63,275.87,270.78,271.93,8117198
2017-04-18 00:00:00+05:30,273.63,275.9,267.88,268.6,6995905
2017-04-19 00:00:00+05:30,268.18,272.12,265.33,268.21,10438747
2017-04-20 00:00:00+05:30,271.12,271.12,267.64,268.76,5432852
2017-04-21 00:00:00+05:30,270.45,271.48,264.91,266.73,8797209
2017-04-24 00:00:00+05:30,266.24,271.81,265.61,268.69,10264865
2017-04-25 00:00:00+05:30,269.91,271.06,268.36,269.78,9736300
2017-04-26 00:00:00+05:30,270.0,275.08,269.69,272.9,13938591
2017-04-27 00:00:00+05:30,275.44,279.02,274.05,275.66,17492116
2017-04-28 00:00:00+05:30,276.72,279.68,275.08,277.81,8469005
2017-05-02 00:00:00+05:30,276.41,276.78,271.54,273.17,10030116
2017-05-03 00:00:00+05:30,273.23,276.05,269.18,270.36,8521339
2017-05-04 00:00:00+05:30,270.39,271.27,263.43,264.25,10248269
2017-05-05 00:00:00+05:30,264.25,264.25,253.05,254.01,15672228
2017-05-08 00:00:00+05:30,257.13,259.52,252.59,255.86,12269918
2017-05-09 00:00:00+05:30,257.13,259.58,255.89,258.37,4679980
2017-05-10 00:00:00+05:30,258.98,262.13,256.68,261.7,8884448
2017-05-11 00:00:00+05:30,262.73,263.03,257.53,258.77,6689514
2017-05-12 00:00:00+05:30,260.1,262.61,258.77,260.82,6361272
2017-05-15 00:00:00+05:30,262.73,262.73,260.37,261.46,3114944
2017-05-16 00:00:00+05:30,261.67,266.06,261.67,264.7,5702391
2017-05-17 00:00:00+05:30,264.25,273.93,263.4,271.87,10857242
2017-05-18 00:00:00+05:30,267.57,271.63,263.94,265.12,10173148
2017-05-19 00:00:00+05:30,265.76,269.36,263.09,268.39,7247570
2017-05-22 00:00:00+05:30,270.0,274.08,267.94,272.21,10152282
2017-05-23 00:00:00+05:30,273.3,276.32,268.97,272.72,17065213
2017-05-24 00:00:00+05:30,284.53,286.55,277.32,284.25,45213132
2017-05-25 00:00:00+05:30,284.53,289.97,281.32,288.16,24957968
2017-05-26 00:00:00+05:30,287.01,295.57,286.64,291.24,12707658
2017-05-29 00:00:00+05:30,292.09,293.61,285.61,291.49,7025497
2017-05-30 00:00:00+05:30,292.21,294.82,290.58,291.37,5123092
2017-05-31 00:00:00+05:30,291.97,292.4,287.43,288.25,8909976
2017-06-01 00:00:00+05:30,288.73,290.4,286.67,288.55,4957660
2017-06-02 00:00:00+05:30,290.58,294.18,289.19,289.82,7134580
2017-06-05 00:00:00+05:30,289.55,291.73,287.67,289.46,4071573
2017-06-06 00:00:00+05:30,292.33,293.21,277.02,279.08,13242981
2017-06-07 00:00:00+05:30,280.02,280.68,274.54,277.26,8673242
2017-06-08 00:00:00+05:30,278.17,280.56,276.87,278.96,6717056
2017-06-09 00:00:00+05:30,278.44,283.31,275.44,282.77,7596487
2017-06-12 00:00:00+05:30,280.74,281.65,275.57,276.2,7171939
2017-06-13 00:00:00+05:30,276.75,277.71,271.21,272.15,5909428
2017-06-14 00:00:00+05:30,272.9,274.48,270.63,273.6,5956547
2017-06-15 00:00:00+05:30,273.63,277.17,270.57,271.39,6407878
2017-06-16 00:00:00+05:30,275.26,277.5,273.63,275.9,11632659
2017-06-19 00:00:00+05:30,274.72,276.29,272.72,273.84,6392219
2017-06-20 00:00:00+05:30,276.66,284.98,276.05,282.95,19847237
2017-06-21 00:00:00+05:30,282.1,282.1,275.75,276.84,8979825
2017-06-22 00:00:00+05:30,277.78,280.29,273.39,274.05,8274052
2017-06-23 00:00:00+05:30,274.84,276.35,267.82,268.27,11156182
2017-06-27 00:00:00+05:30,268.66,269.09,262.97,267.76,9771293
2017-06-28 00:00:00+05:30,268.72,270.48,266.45,267.88,8193693
2017-06-29 00:00:00+05:30,269.09,270.15,262.73,263.7,18311201
2017-06-30 00:00:00+05:30,262.67,263.7,259.13,261.85,7890828
2017-07-03 00:00:00+05:30,261.22,263.16,258.04,260.46,10291223
2017-07-04 00:00:00+05:30,262.85,264.18,257.89,258.43,8293541
2017-07-05 00:00:00+05:30,259.64,262.7,258.74,261.37,8343206
2017-07-06 00:00:00+05:30,263.58,265.64,262.61,264.61,6670582
2017-07-07 00:00:00+05:30,263.0,267.24,261.67,264.46,8774314
2017-07-10 00:00:00+05:30,278.47,278.47,267.91,270.57,1965305
2017-07-11 00:00:00+05:30,273.63,279.86,273.02,276.63,19936489
2017-07-12 00:00:00+05:30,279.08,280.77,276.41,279.08,9996388
2017-07-13 00:00:00+05:30,281.2,281.2,275.78,277.9,7238620
2017-07-14 00:00:00+05:30,278.47,278.47,272.66,273.2,6564996
2017-07-17 00:00:00+05:30,275.44,277.47,274.39,274.93,8131277
2017-07-18 00:00:00+05:30,273.99,278.17,273.99,276.14,3880697
2017-07-19 00:00:00+05:30,274.23,280.23,274.23,278.83,5609663
2017-07-20 00:00:00+05:30,280.59,281.1,276.87,278.56,5481955
2017-07-21 00:00:00+05:30,278.47,282.04,277.02,281.26,5203851
2017-07-24 00:00:00+05:30,281.47,283.53,279.08,280.89,6232647
2017-07-25 00:00:00+05:30,279.77,281.32,275.26,276.11,11649208
2017-07-26 00:00:00+05:30,276.78,277.68,275.44,276.84,6015400
2017-07-27 00:00:00+05:30,277.87,279.05,266.55,269.63,22694468
2017-07-28 00:00:00+05:30,269.15,270.87,267.85,269.91,5558842
2017-07-31 00:00:00+05:30,270.15,272.24,268.6,269.15,6284758
2017-08-01 00:00:00+05:30,270.33,273.84,269.81,270.54,6628629
2017-08-02 00:00:00+05:30,272.12,272.39,265.24,266.58,6682715
2017-08-03 00:00:00+05:30,266.97,267.27,260.07,261.19,10236904
2017-08-04 00:00:00+05:30,263.4,265.61,262.4,263.7,6882915
2017-08-07 00:00:00+05:30,265.52,266.24,257.47,260.31,10674111
2017-08-08 00:00:00+05:30,261.52,263.64,257.89,260.31,11786093
2017-08-09 00:00:00+05:30,259.58,260.25,251.23,251.87,17922128
2017-08-10 00:00:00+05:30,242.75,244.33,227.17,230.16,46440842
2017-08-11 00:00:00+05:30,227.62,229.5,217.03,226.71,24281699
2017-08-14 00:00:00+05:30,230.04,231.13,225.56,227.26,13572149
2017-08-16 00:00:00+05:30,229.71,236.52,227.32,235.64,18203266
2017-08-17 00:00:00+05:30,237.58,237.58,232.77,233.25,9864039
2017-08-18 00:00:00+05:30,231.1,231.86,228.23,230.28,9673707
2017-08-21 00:00:00+05:30,231.25,231.59,224.77,226.62,8462722
2017-08-22 00:00:00+05:30,229.32,230.01,225.35,226.17,6878067
2017-08-23 00:00:00+05:30,227.62,230.74,226.02,230.01,7348979
2017-08-24 00:00:00+05:30,230.1,233.64,230.1,232.55,8603859
2017-08-28 00:00:00+05:30,233.58,234.52,229.01,229.62,7274646
2017-08-29 00:00:00+05:30,229.44,231.46,226.68,227.68,7746545
2017-08-30 00:00:00+05:30,230.56,231.71,228.5,229.13,6169462
2017-09-01 00:00:00+05:30,229.65,237.82,229.22,236.61,12191374
2017-09-04 00:00:00+05:30,237.91,239.76,230.34,232.1,13931187
2017-09-05 00:00:00+05:30,233.49,235.79,232.1,234.98,7397085
2017-09-06 00:00:00+05:30,233.07,234.1,231.16,231.68,9835110
2017-09-07 00:00:00+05:30,232.28,232.71,227.62,228.92,13113682
2017-09-08 00:00:00+05:30,230.65,231.13,226.44,227.05,12341745
2017-09-11 00:00:00+05:30,230.04,230.04,226.53,227.2,8924626
2017-09-12 00:00:00+05:30,229.25,236.1,227.32,235.04,15307633
2017-09-13 00:00:00+05:30,236.7,238.49,234.4,235.88,10798768
2017-09-14 00:00:00+05:30,236.55,246.14,236.25,244.81,18957861
2017-09-15 00:00:00+05:30,243.87,246.24,242.15,243.21,15982726
2017-09-18 00:00:00+05:30,249.32,250.02,244.09,245.15,14811542
2017-09-19 00:00:00+05:30,251.23,258.92,250.62,256.47,46596868
2017-09-20 00:00:00+05:30,255.92,255.92,250.02,251.11,8555325
2017-09-21 00:00:00+05:30,251.47,253.32,247.48,250.41,11474753
2017-09-22 00:00:00+05:30,250.62,255.56,247.51,249.29,16157498
2017-09-25 00:00:00+05:30,250.41,251.41,244.93,247.11,11492684
2017-09-26 00:00:00+05:30,247.84,250.56,244.15,248.96,8387050
2017-09-27 00:00:00+05:30,250.32,250.78,243.36,245.12,7809008
2017-09-28 00:00:00+05:30,246.36,246.36,241.54,243.0,8012829
2017-09-29 00:00:00+05:30,243.0,245.18,240.58,243.06,12423597
2017-10-03 00:00:00+05:30,259.1,259.1,251.23,251.84,16018100
2017-10-04 00:00:00+05:30,252.77,257.89,249.84,256.41,12658554
2017-10-05 00:00:00+05:30,256.07,257.77,254.32,256.25,7608853
2017-10-06 00:00:00+05:30,255.47,257.89,251.96,257.19,8769301
2017-10-09 00:00:00+05:30,256.68,261.58,256.1,257.65,7292006
2017-10-10 00:00:00+05:30,257.65,259.64,255.1,256.44,8354967
2017-10-11 00:00:00+05:30,257.22,257.22,250.68,251.53,7136845
2017-10-12 00:00:00+05:30,251.53,255.35,247.81,254.35,8990901
2017-10-13 00:00:00+05:30,254.86,259.89,253.59,257.16,11512634
2017-10-16 00:00:00+05:30,258.07,265.15,257.8,264.58,14002464
2017-10-17 00:00:00+05:30,263.79,263.79,260.43,261.7,8480318
2017-10-18 00:00:00+05:30,261.67,264.73,258.25,262.25,9151032
2017-10-19 00:00:00+05:30,262.13,262.19,256.83,258.46,2169540
2017-10-23 00:00:00+05:30,259.77,260.82,254.86,255.92,6629665
2017-10-24 00:00:00+05:30,255.92,256.56,251.26,251.87,7502390
2017-10-25 00:00:00+05:30,254.86,256.92,251.29,255.44,9361123
2017-10-26 00:00:00+05:30,255.29,255.71,252.44,253.89,10254734
2017-10-27 00:00:00+05:30,255.5,262.94,255.5,260.25,12248225
2017-10-30 00:00:00+05:30,259.25,266.94,259.25,264.28,12678312
2017-10-31 00:00:00+05:30,265.67,265.67,258.68,259.34,10266397
2017-11-01 00:00:00+05:30,260.89,266.33,259.37,265.0,12076744
2017-11-02 00:00:00+05:30,263.76,266.61,260.25,263.28,13648140
2017-11-03 00:00:00+05:30,262.73,272.02,261.91,271.03,13407052
2017-11-06 00:00:00+05:30,269.84,283.31,268.51,280.23,32140183
2017-11-07 00:00:00+05:30,277.38,282.04,272.45,273.54,21914671
2017-11-08 00:00:00+05:30,271.21,275.44,261.1,265.27,18490449
2017-11-09 00:00:00+05:30,267.64,272.96,257.68,266.45,66979015
2017-11-10 00:00:00+05:30,265.73,265.73,254.26,255.8,37224161
2017-11-13 00:00:00+05:30,256.07,258.8,251.9,253.11,16283430
2017-11-14 00:00:00+05:30,253.38,255.38,248.6,250.81,14846251
2017-11-15 00:00:00+05:30,250.81,252.77,246.39,247.39,16299497
2017-11-16 00:00:00+05:30,249.02,251.77,249.02,250.29,10392674
2017-11-17 00:00:00+05:30,253.92,256.35,252.44,255.35,10227465
2017-11-20 00:00:00+05:30,254.86,257.71,254.32,256.07,6691998
2017-11-21 00:00:00+05:30,256.95,260.31,255.77,256.83,11142569
2017-11-22 00:00:00+05:30,257.56,262.13,256.98,259.46,13048849
2017-11-23 00:00:00+05:30,259.46,260.95,255.74,258.04,12181283
2017-11-24 00:00:00+05:30,258.49,260.28,256.83,257.59,8438078
2017-11-27 00:00:00+05:30,256.07,257.13,252.92,255.1,13125845
2017-11-28 00:00:00+05:30,254.14,255.62,250.93,251.8,10270500
2017-11-29 00:00:00+05:30,251.77,253.92,249.44,250.59,7148411
2017-11-30 00:00:00+05:30,248.44,249.56,243.51,244.66,42364419
2017-12-01 00:00:00+05:30,246.93,248.35,240.03,241.48,13147599
2017-12-04 00:00:00+05:30,245.66,248.96,243.18,244.36,16590592
2017-12-05 00:00:00+05:30,244.9,245.48,240.06,243.51,11801890
2017-12-06 00:00:00+05:30,242.27,244.57,239.12,240.36,9207498
2017-12-07 00:00:00+05:30,240.94,245.36,240.42,243.36,13213122
2017-12-08 00:00:00+05:30,245.78,250.47,245.78,248.9,20299803
2017-12-11 00:00:00+05:30,249.41,251.35,247.63,248.29,8368799
2017-12-12 00:00:00+05:30,249.14,251.53,245.75,246.3,10161009
2017-12-13 00:00:00+05:30,246.39,248.11,242.15,243.33,8491776
2017-12-14 00:00:00+05:30,244.57,244.9,241.06,243.6,7720907
2017-12-15 00:00:00+05:30,246.08,247.6,244.69,245.24,9273813
2017-12-18 00:00:00+05:30,241.54,248.14,235.67,245.66,8847786
2017-12-19 00:00:00+05:30,246.6,255.29,246.6,254.32,16001520
2017-12-20 00:00:00+05:30,255.44,258.95,253.8,255.83,18486343
2017-12-21 00:00:00+05:30,256.68,257.92,253.98,254.74,8069781
2017-12-22 00:00:00+05:30,255.5,258.13,254.8,255.47,8829703
2017-12-26 00:00:00+05:30,255.47,257.37,254.95,256.8,6113019
2017-12-27 00:00:00+05:30,256.38,259.37,254.44,255.74,6067923
2017-12-28 00:00:00+05:30,256.38,256.5,251.84,253.41,8290584
2017-12-29 00:00:00+05:30,253.05,262.4,252.53,261.43,14273700
2018-01-01 00:00:00+05:30,260.89,264.18,255.62,256.95,11245199
2018-01-02 00:00:00+05:30,259.61,266.88,255.47,265.94,25325327
2018-01-03 00:00:00+05:30,266.61,267.21,261.49,262.67,16180038
2018-01-04 00:00:00+05:30,260.31,262.31,257.74,260.28,13868113
2018-01-05 00:00:00+05:30,261.07,264.15,260.19,261.28,11598824
2018-01-08 00:00:00+05:30,261.52,264.06,261.31,262.46,7656794
2018-01-09 00:00:00+05:30,262.88,268.48,262.13,264.88,20861604
2018-01-10 00:00:00+05:30,265.15,265.94,261.1,262.31,7768073
2018-01-11 00:00:00+05:30,262.43,264.91,262.07,263.19,7540818
2018-01-12 00:00:00+05:30,264.55,267.24,261.58,264.61,12238527
2018-01-15 00:00:00+05:30,265.18,266.39,260.95,261.73,6678159
2018-01-16 00:00:00+05:30,262.13,263.46,253.95,255.41,9289724
2018-01-17 00:00:00+05:30,255.5,256.98,248.26,256.04,16856471
2018-01-18 00:00:00+05:30,256.68,259.28,250.9,253.62,15824682
2018-01-19 00:00:00+05:30,251.35,255.44,251.26,253.08,6432504
2018-01-22 00:00:00+05:30,253.68,256.92,253.32,255.41,7670947
2018-01-23 00:00:00+05:30,255.95,255.95,251.08,253.05,10216865
2018-01-24 00:00:00+05:30,251.84,251.99,243.75,244.33,17823021
2018-01-25 00:00:00+05:30,244.24,246.78,240.94,242.33,26945661
2018-01-29 00:00:00+05:30,243.66,245.72,241.0,241.7,9563699
2018-01-30 00:00:00+05:30,242.15,243.54,239.12,239.64,11502014
2018-01-31 00:00:00+05:30,239.42,242.72,239.27,241.85,8443483
2018-02-01 00:00:00+05:30,242.09,244.45,236.43,238.3,11991664
2018-02-02 00:00:00+05:30,237.31,240.58,230.83,232.31,16634969
2018-02-05 00:00:00+05:30,230.65,240.94,230.04,239.61,16313946
2018-02-06 00:00:00+05:30,219.75,229.95,215.82,227.29,41783947
2018-02-07 00:00:00+05:30,230.28,233.31,227.14,228.71,20990037
2018-02-08 00:00:00+05:30,229.98,230.04,225.32,226.92,20569802
2018-02-09 00:00:00+05:30,223.93,225.93,222.78,223.23,14564214
2018-02-12 00:00:00+05:30,226.05,227.74,224.11,225.08,9915163
2018-02-14 00:00:00+05:30,225.74,231.43,224.35,228.13,15896713
2018-02-15 00:00:00+05:30,229.92,231.37,225.86,227.5,16891876
2018-02-16 00:00:00+05:30,228.83,229.68,222.53,224.44,14115738
2018-02-19 00:00:00+05:30,226.23,226.83,219.63,223.23,9347572
2018-02-20 00:00:00+05:30,224.2,224.53,221.87,223.56,6561436
2018-02-21 00:00:00+05:30,225.5,225.5,219.66,220.63,14272474
2018-02-22 00:00:00+05:30,219.75,219.75,216.42,217.03,17957044
2018-02-23 00:00:00+05:30,217.99,220.72,217.18,218.06,11151914
2018-02-26 00:00:00+05:30,219.14,226.11,219.14,225.23,17471542
2018-02-27 00:00:00+05:30,227.01,227.98,224.2,225.53,10170053
2018-02-28 00:00:00+05:30,223.99,226.2,222.26,223.93,13230576
2018-03-01 00:00:00+05:30,223.84,227.8,223.41,224.44,11549590
2018-03-05 00:00:00+05:30,223.23,223.23,211.94,213.12,24225284
2018-03-06 00:00:00+05:30,215.0,216.69,208.85,209.76,14663086
2018-03-07 00:00:00+05:30,208.85,215.09,207.79,210.55,25768247
2018-03-08 00:00:00+05:30,212.36,213.03,206.46,208.94,12676854
2018-03-09 00:00:00+05:30,209.19,211.09,205.92,206.73,9117068
2018-03-12 00:00:00+05:30,208.85,214.18,206.04,213.45,13609732
2018-03-13 00:00:00+05:30,213.45,215.79,211.88,213.79,10215593
2018-03-14 00:00:00+05:30,212.49,214.85,211.64,214.33,6310680
2018-03-15 00:00:00+05:30,214.33,216.97,212.55,213.76,7154510
2018-03-16 00:00:00+05:30,213.12,213.45,204.86,205.68,23465846
2018-03-19 00:00:00+05:30,206.55,207.1,201.32,203.22,15513331
2018-03-20 00:00:00+05:30,203.1,206.07,201.92,205.1,8392273
2018-03-21 00:00:00+05:30,205.77,207.19,201.14,202.1,11253303
2018-03-22 00:00:00+05:30,204.92,205.98,202.68,204.74,15288253
2018-03-23 00:00:00+05:30,199.77,202.68,199.53,200.29,14170274
2018-03-26 00:00:00+05:30,199.05,202.13,196.32,201.2,14713289
2018-03-27 00:00:00+05:30,202.16,203.28,199.83,200.47,11269831
2018-03-28 00:00:00+05:30,200.68,201.98,196.87,197.87,18130359
2018-04-02 00:00:00+05:30,202.8,206.31,201.41,205.31,16311417
2018-04-03 00:00:00+05:30,204.86,208.55,204.1,207.7,11545919
2018-04-04 00:00:00+05:30,209.94,220.17,209.61,215.27,44860298
2018-04-05 00:00:00+05:30,219.51,225.41,217.81,219.27,47716177
2018-04-06 00:00:00+05:30,219.14,222.99,215.79,220.42,21965066
2018-04-09 00:00:00+05:30,219.08,223.14,216.12,216.91,15783852
2018-04-10 00:00:00+05:30,218.24,219.36,212.79,213.85,13547382
2018-04-11 00:00:00+05:30,214.91,216.21,212.18,215.39,9288422
2018-04-12 00:00:00+05:30,216.72,220.6,216.12,216.97,21715446
2018-04-13 00:00:00+05:30,216.66,218.54,214.54,216.15,9804916
2018-04-16 00:00:00+05:30,212.36,213.58,204.34,205.31,31645054
2018-04-17 00:00:00+05:30,207.22,208.37,201.35,203.68,23524474
2018-04-18 00:00:00+05:30,204.74,205.68,201.83,202.68,11066358
2018-04-19 00:00:00+05:30,203.71,204.01,201.29,202.35,11707028
2018-04-20 00:00:00+05:30,203.37,207.79,202.56,203.41,19671605
2018-04-23 00:00:00+05:30,203.37,205.52,201.59,202.22,13308714
2018-04-24 00:00:00+05:30,202.68,202.8,200.14,200.71,15215307
2018-04-25 00:00:00+05:30,200.26,202.19,198.41,198.93,10416788
2018-04-26 00:00:00+05:30,199.71,203.37,197.35,199.92,27499901
2018-04-27 00:00:00+05:30,201.59,204.4,200.41,203.95,14543497
2018-04-30 00:00:00+05:30,204.92,207.49,204.16,206.07,9808404
2018-05-02 00:00:00+05:30,211.4,212.88,202.8,203.44,26466586
2018-05-03 00:00:00+05:30,203.1,203.34,199.26,201.89,11349229
2018-05-04 00:00:00+05:30,202.04,204.19,199.47,202.44,11001590
2018-05-07 00:00:00+05:30,204.53,204.53,202.01,202.89,6423526
2018-05-08 00:00:00+05:30,203.59,203.77,199.92,201.07,13404961
2018-05-09 00:00:00+05:30,200.38,210.22,200.38,207.01,31418410
2018-05-10 00:00:00+05:30,208.1,208.1,201.44,201.95,18431621
2018-05-11 00:00:00+05:30,202.19,202.19,199.77,200.26,12167016
2018-05-14 00:00:00+05:30,201.59,201.59,195.54,195.9,13731997
2018-05-15 00:00:00+05:30,196.14,196.17,185.06,187.73,25313273
2018-05-16 00:00:00+05:30,187.64,191.15,185.67,187.82,19907190
2018-05-17 00:00:00+05:30,189.54,193.42,187.24,190.63,16873341
2018-05-18 00:00:00+05:30,190.54,190.69,183.73,184.4,19308068
2018-05-21 00:00:00+05:30,184.49,185.97,178.4,179.13,19078314
2018-05-22 00:00:00+05:30,179.52,189.18,179.52,186.27,28411080
2018-05-23 00:00:00+05:30,188.33,192.05,184.88,187.33,29235668
2018-05-24 00:00:00+05:30,181.61,186.24,171.99,174.74,76158215
2018-05-25 00:00:00+05:30,175.8,180.07,173.29,178.07,31782359
2018-05-28 00:00:00+05:30,177.83,181.55,175.74,179.37,14068791
2018-05-29 00:00:00+05:30,179.67,181.61,177.37,178.37,16215732
2018-05-30 00:00:00+05:30,175.53,176.92,173.23,174.89,19243401
2018-05-31 00:00:00+05:30,175.53,176.07,170.47,171.02,47527726
2018-06-01 00:00:00+05:30,172.23,175.77,171.35,173.86,26167038
2018-06-04 00:00:00+05:30,177.07,177.89,173.14,173.53,17898870
2018-06-05 00:00:00+05:30,173.53,174.5,171.68,172.5,12316702
2018-06-06 00:00:00+05:30,173.65,179.74,172.68,178.98,32631140
2018-06-07 00:00:00+05:30,179.37,185.79,178.74,184.88,37727211
2018-06-08 00:00:00+05:30,185.06,191.03,183.06,187.64,45012560
2018-06-11 00:00:00+05:30,188.21,190.03,185.64,187.51,24200188
2018-06-12 00:00:00+05:30,188.24,189.88,185.97,186.33,13103313
2018-06-13 00:00:00+05:30,187.18,188.42,185.85,186.7,12027114
2018-06-14 00:00:00+05:30,186.76,187.42,183.91,185.18,10791192
2018-06-15 00:00:00+05:30,185.09,186.24,181.94,183.4,13585841
2018-06-18 00:00:00+05:30,183.37,188.27,182.88,186.94,14515188
2018-06-19 00:00:00+05:30,187.42,189.36,183.61,184.67,17341982
2018-06-20 00:00:00+05:30,184.58,186.61,184.06,185.0,10914718
2018-06-21 00:00:00+05:30,186.39,186.76,184.94,185.85,8400410
2018-06-22 00:00:00+05:30,185.76,187.0,183.55,186.45,9965919
2018-06-25 00:00:00+05:30,185.43,185.43,174.11,175.19,27077837
2018-06-26 00:00:00+05:30,174.59,174.59,166.54,167.6,50759839
2018-06-27 00:00:00+05:30,168.6,169.2,163.45,164.09,31513507
2018-06-28 00:00:00+05:30,164.66,165.05,158.52,159.42,32223398
2018-06-29 00:00:00+05:30,160.7,163.75,159.0,163.03,24390787
2018-07-02 00:00:00+05:30,167.08,167.11,160.79,161.45,27248747
2018-07-03 00:00:00+05:30,163.15,164.36,161.76,163.12,18970681
2018-07-04 00:00:00+05:30,163.45,164.36,160.82,161.66,12215381
2018-07-05 00:00:00+05:30,159.52,159.67,152.89,158.34,34392787
2018-07-06 00:00:00+05:30,158.61,164.96,158.52,163.97,31742260
2018-07-09 00:00:00+05:30,166.24,167.69,164.69,165.57,15507069
2018-07-10 00:00:00+05:30,166.42,167.63,165.21,166.75,10491113
2018-07-11 00:00:00+05:30,167.33,167.33,161.7,162.12,12152154
2018-07-12 00:00:00+05:30,163.21,164.66,160.73,161.09,14162378
2018-07-13 00:00:00+05:30,161.82,163.09,159.03,159.58,13797826
2018-07-16 00:00:00+05:30,157.7,157.88,151.65,152.61,18281320
2018-07-17 00:00:00+05:30,153.16,156.79,152.74,156.16,10491002
2018-07-18 00:00:00+05:30,157.06,157.06,149.71,152.46,15442791
2018-07-19 00:00:00+05:30,153.76,156.1,152.07,152.86,15786451
2018-07-20 00:00:00+05:30,152.98,153.76,151.95,153.4,10608364
2018-07-23 00:00:00+05:30,154.34,157.09,152.01,156.64,14688048
2018-07-24 00:00:00+05:30,156.64,159.67,155.64,156.67,16363738
2018-07-25 00:00:00+05:30,157.4,158.43,155.04,156.1,11102889
2018-07-26 00:00:00+05:30,157.46,159.21,155.88,156.34,14565773
2018-07-27 00:00:00+05:30,156.85,163.27,156.52,162.33,25233165
2018-07-30 00:00:00+05:30,162.09,164.45,161.15,161.94,12886439
2018-07-31 00:00:00+05:30,162.81,163.72,158.73,159.88,16561790
2018-08-01 00:00:00+05:30,151.34,162.24,151.34,160.45,88016104
2018-08-02 00:00:00+05:30,159.49,161.3,156.61,157.91,28778094
2018-08-03 00:00:00+05:30,158.7,159.73,155.94,156.46,14939967
2018-08-06 00:00:00+05:30,157.37,158.49,152.86,153.79,18784700
2018-08-07 00:00:00+05:30,154.49,154.98,151.68,152.31,23937038
2018-08-08 00:00:00+05:30,153.46,156.34,152.46,154.46,26637917
2018-08-09 00:00:00+05:30,155.37,157.64,154.67,156.1,12847820
2018-08-10 00:00:00+05:30,155.73,156.58,151.07,151.4,24127347
2018-08-13 00:00:00+05:30,150.89,151.16,147.17,150.56,22924556
2018-08-14 00:00:00+05:30,150.5,151.25,149.65,150.62,15149400
2018-08-16 00:00:00+05:30,148.8,153.04,148.47,152.13,23371301
2018-08-17 00:00:00+05:30,153.58,157.46,153.16,156.34,26624360
2018-08-20 00:00:00+05:30,158.52,164.57,156.91,163.51,42249541
2018-08-21 00:00:00+05:30,164.57,166.3,161.45,162.72,32220787
2018-08-23 00:00:00+05:30,162.97,162.97,154.98,155.52,30836578
2018-08-24 00:00:00+05:30,155.58,156.58,154.37,154.67,14377041
2018-08-27 00:00:00+05:30,155.58,157.09,155.28,156.67,10122206
2018-08-28 00:00:00+05:30,158.43,159.36,156.82,157.4,14052264
2018-08-29 00:00:00+05:30,158.03,159.52,158.0,158.43,8453556
2018-08-30 00:00:00+05:30,158.79,159.21,156.79,157.0,10462266
2018-08-31 00:00:00+05:30,156.85,162.39,156.25,161.94,20417304
2018-09-03 00:00:00+05:30,164.3,165.27,160.58,161.39,24113794
2018-09-04 00:00:00+05:30,163.75,163.93,157.61,158.58,24407940
2018-09-05 00:00:00+05:30,158.0,164.06,154.61,161.33,16658015
2018-09-06 00:00:00+05:30,163.27,164.66,159.73,163.42,24342384
2018-09-07 00:00:00+05:30,163.18,169.44,163.0,167.93,43261212
2018-09-10 00:00:00+05:30,167.08,170.72,164.51,166.9,35222879
2018-09-11 00:00:00+05:30,167.84,168.81,160.85,161.82,22207859
2018-09-12 00:00:00+05:30,162.36,162.36,156.7,158.85,23879956
2018-09-14 00:00:00+05:30,160.42,163.21,159.46,161.39,17692605
2018-09-17 00:00:00+05:30,159.42,159.88,157.19,157.55,15629083
2018-09-18 00:00:00+05:30,156.03,157.28,151.71,152.25,19086458
2018-09-19 00:00:00+05:30,153.49,154.37,151.95,152.92,12960033
2018-09-21 00:00:00+05:30,154.4,156.0,138.54,151.56,30638074
2018-09-24 00:00:00+05:30,151.46,151.95,144.9,145.41,14683945
2018-09-25 00:00:00+05:30,145.89,147.41,142.53,145.77,14917037
2018-09-26 00:00:00+05:30,146.68,147.23,138.96,141.26,29421329
2018-09-27 00:00:00+05:30,142.14,143.2,135.06,136.36,28793471
2018-09-28 00:00:00+05:30,137.96,139.66,132.88,135.42,23451379
2018-10-01 00:00:00+05:30,136.21,139.51,133.18,138.84,16094373
2018-10-03 00:00:00+05:30,139.24,140.93,136.69,137.78,15023283
2018-10-04 00:00:00+05:30,135.6,139.72,134.24,135.15,22959376
2018-10-05 00:00:00+05:30,134.85,137.09,130.0,130.91,17296826
2018-10-08 00:00:00+05:30,131.85,132.27,125.98,128.55,19581607
2018-10-09 00:00:00+05:30,124.53,124.71,103.09,111.6,235822090
2018-10-10 00:00:00+05:30,112.6,115.6,112.02,114.26,58923880
2018-10-11 00:00:00+05:30,109.36,113.66,107.76,110.75,31920035
2018-10-12 00:00:00+05:30,112.57,114.05,110.54,111.24,29758353
2018-10-15 00:00:00+05:30,112.9,112.9,110.6,111.6,19258234
2018-10-16 00:00:00+05:30,112.12,113.36,111.72,112.51,16016159
2018-10-17 00:00:00+05:30,113.57,113.69,108.42,108.94,19829973
2018-10-19 00:00:00+05:30,108.33,108.82,105.33,105.76,17294071
2018-10-22 00:00:00+05:30,106.79,107.06,102.94,103.37,19361751
2018-10-23 00:00:00+05:30,102.91,106.36,102.64,103.31,25750272
2018-10-24 00:00:00+05:30,105.27,105.94,102.31,103.31,25475056
2018-10-25 00:00:00+05:30,102.28,102.76,99.64,100.1,24575039
2018-10-26 00:00:00+05:30,100.49,104.61,100.43,102.01,32351514
2018-10-29 00:00:00+05:30,102.88,106.85,101.52,106.15,23409960
2018-10-30 00:00:00+05:30,107.15,109.88,106.58,107.3,25773238
2018-10-31 00:00:00+05:30,107.94,108.97,105.0,108.42,20780112
2018-11-01 00:00:00+05:30,110.18,112.63,107.88,108.63,47818150
2018-11-02 00:00:00+05:30,109.54,116.14,109.51,115.2,48606832
2018-11-05 00:00:00+05:30,115.81,115.81,112.99,114.9,24478320
2018-11-06 00:00:00+05:30,116.5,121.04,116.08,116.99,58375977
2018-11-07 00:00:00+05:30,118.02,118.5,117.05,117.96,6496648
2018-11-09 00:00:00+05:30,116.78,121.53,116.23,118.2,36906127
2018-11-12 00:00:00+05:30,117.71,117.71,112.12,112.63,34341127
2018-11-13 00:00:00+05:30,109.42,110.78,107.97,108.66,36654442
2018-11-14 00:00:00+05:30,109.27,110.78,106.7,107.03,26092824
2018-11-15 00:00:00+05:30,107.76,110.6,107.45,109.09,30956593
2018-11-16 00:00:00+05:30,109.51,110.09,107.67,108.91,16556451
2018-11-19 00:00:00+05:30,109.33,112.3,108.42,111.75,23989488
2018-11-20 00:00:00+05:30,111.42,113.99,110.9,111.24,21664311
2018-11-21 00:00:00+05:30,111.63,113.05,111.24,111.48,13375409
2018-11-22 00:00:00+05:30,112.3,112.69,110.03,110.51,15091294
2018-11-26 00:00:00+05:30,111.33,111.66,107.15,110.03,16296451
2018-11-27 00:00:00+05:30,110.0,111.72,108.09,109.0,19227296
2018-11-28 00:00:00+05:30,109.57,109.78,105.33,105.61,20656229
2018-11-29 00:00:00+05:30,106.52,108.57,105.0,107.3,34512201
2018-11-30 00:00:00+05:30,104.12,105.88,103.13,104.09,30382957
2018-12-03 00:00:00+05:30,104.88,106.82,102.91,106.21,23240039
2018-12-04 00:00:00+05:30,107.73,108.21,106.12,106.39,18966702
2018-12-05 00:00:00+05:30,104.73,104.73,102.07,102.43,24712921
2018-12-06 00:00:00+05:30,102.01,102.13,97.83,98.46,25485159
2018-12-07 00:00:00+05:30,98.22,99.4,97.34,98.31,22374657
2018-12-10 00:00:00+05:30,96.8,97.16,94.74,95.1,22334168
2018-12-11 00:00:00+05:30,93.83,96.56,93.62,95.71,19979232
2018-12-12 00:00:00+05:30,96.56,101.16,95.65,99.34,37103053
2018-12-13 00:00:00+05:30,100.49,101.7,100.22,101.01,20211515
2018-12-14 00:00:00+05:30,100.49,101.94,99.8,101.07,16670280
2018-12-17 00:00:00+05:30,101.25,106.52,101.25,105.3,47121556
2018-12-18 00:00:00+05:30,105.33,107.51,104.79,105.79,29760069
2018-12-19 00:00:00+05:30,106.85,106.85,104.43,105.27,19062707
2018-12-20 00:00:00+05:30,104.73,107.33,103.97,106.79,26131021
2018-12-21 00:00:00+05:30,107.15,109.27,106.03,106.7,39219611
2018-12-24 00:00:00+05:30,106.7,107.67,103.82,104.43,18789199
2018-12-26 00:00:00+05:30,103.79,104.25,101.46,103.46,19895498
2018-12-27 00:00:00+05:30,104.58,104.97,101.52,101.85,25160668
2018-12-28 00:00:00+05:30,102.55,104.25,102.4,103.43,14321069
2018-12-31 00:00:00+05:30,104.4,105.27,103.97,104.55,14059749
2019-01-01 00:00:00+05:30,105.03,105.46,103.7,105.0,11093238
2019-01-02 00:00:00+05:30,103.28,103.97,101.7,102.04,22151816
2019-01-03 00:00:00+05:30,102.31,103.0,99.95,100.52,15398518
2019-01-04 00:00:00+05:30,102.31,104.09,102.01,103.49,29156312
2019-01-07 00:00:00+05:30,104.85,107.88,104.85,106.15,35413476
2019-01-08 00:00:00+05:30,106.61,109.27,106.61,108.94,33250567
2019-01-09 00:00:00+05:30,109.88,111.15,109.09,110.81,28856518
2019-01-10 00:00:00+05:30,111.18,113.11,111.12,112.45,28018919
2019-01-11 00:00:00+05:30,112.93,113.66,108.6,109.15,42788475
2019-01-14 00:00:00+05:30,109.15,120.05,107.42,110.42,31278451
2019-01-15 00:00:00+05:30,110.96,112.48,109.72,112.21,22360735
2019-01-16 00:00:00+05:30,112.6,113.42,111.42,112.27,19614768
2019-01-17 00:00:00+05:30,112.6,113.39,111.03,111.93,15471058
2019-01-18 00:00:00+05:30,112.39,112.39,109.75,110.96,11228820
2019-01-21 00:00:00+05:30,111.57,111.96,109.36,109.88,11428097
2019-01-22 00:00:00+05:30,109.88,109.88,106.52,109.48,16148263
2019-01-23 00:00:00+05:30,110.0,110.6,108.09,109.12,16153563
2019-01-24 00:00:00+05:30,108.97,109.15,105.15,106.18,22236309
2019-01-25 00:00:00+05:30,106.52,108.3,104.09,104.88,20048628
2019-01-28 00:00:00+05:30,104.91,106.15,102.55,104.31,13491573
2019-01-29 00:00:00+05:30,104.34,105.88,103.46,105.09,10144462
2019-01-30 00:00:00+05:30,105.52,107.0,104.91,105.7,12814994
2019-01-31 00:00:00+05:30,106.42,111.33,106.42,109.69,36799886
2019-02-01 00:00:00+05:30,110.18,112.54,108.69,109.97,24664843
2019-02-04 00:00:00+05:30,109.57,111.21,107.88,109.12,19581906
2019-02-05 00:00:00+05:30,109.39,109.66,105.76,106.42,19928924
2019-02-06 00:00:00+05:30,106.55,108.63,104.06,108.06,17071457
2019-02-07 00:00:00+05:30,108.36,111.99,108.3,110.69,26682278
2019-02-08 00:00:00+05:30,99.64,99.64,78.09,91.23,168915546
2019-02-11 00:00:00+05:30,90.9,92.77,88.29,92.41,43216134
2019-02-12 00:00:00+05:30,92.59,93.47,91.17,91.9,23415183
2019-02-13 00:00:00+05:30,92.59,94.83,91.71,93.83,25340329
2019-02-14 00:00:00+05:30,94.41,97.47,93.11,96.77,27005358
2019-02-15 00:00:00+05:30,96.74,98.25,92.71,97.86,34203023
2019-02-18 00:00:00+05:30,98.55,98.95,96.38,98.62,22306368
2019-02-19 00:00:00+05:30,99.28,100.46,97.8,99.13,24006934
2019-02-20 00:00:00+05:30,99.55,100.92,99.13,99.77,19179471
2019-02-21 00:00:00+05:30,100.25,103.28,99.95,102.73,24467115
2019-02-22 00:00:00+05:30,102.91,106.12,101.61,105.52,21493334
2019-02-25 00:00:00+05:30,106.03,107.45,105.03,106.39,25694143
2019-02-26 00:00:00+05:30,104.73,111.06,104.43,110.57,52627791
2019-02-27 00:00:00+05:30,111.12,112.66,106.61,107.36,32581427
2019-02-28 00:00:00+05:30,108.97,109.91,106.91,107.42,30877462
2019-03-01 00:00:00+05:30,108.15,111.39,107.36,109.15,33929379
2019-03-05 00:00:00+05:30,111.27,120.08,109.81,117.47,96037619
2019-03-06 00:00:00+05:30,118.29,118.29,113.66,114.29,37115487
2019-03-07 00:00:00+05:30,115.87,117.11,113.69,114.6,44685698
2019-03-08 00:00:00+05:30,113.69,113.78,108.97,109.69,46273832
2019-03-11 00:00:00+05:30,110.18,111.75,109.6,110.09,42403073
2019-03-12 00:00:00+05:30,111.63,112.6,111.12,111.87,30820228
2019-03-13 00:00:00+05:30,111.66,111.93,109.21,110.0,16138523
2019-03-14 00:00:00+05:30,109.88,110.45,107.54,108.69,25995689
2019-03-15 00:00:00+05:30,109.09,109.81,107.51,108.97,28892934
2019-03-18 00:00:00+05:30,109.57,111.81,108.66,110.33,24266604
2019-03-19 00:00:00+05:30,110.18,111.69,109.42,110.69,17044093
2019-03-20 00:00:00+05:30,110.78,111.06,108.72,109.09,12461337
2019-03-22 00:00:00+05:30,110.15,110.18,105.88,106.18,19006464
2019-03-25 00:00:00+05:30,105.15,105.21,103.25,103.7,19599039
2019-03-26 00:00:00+05:30,104.06,105.09,103.88,104.79,12917848
2019-03-27 00:00:00+05:30,105.33,105.94,102.4,102.82,16597426
2019-03-28 00:00:00+05:30,102.31,103.76,101.43,103.25,21811237
2019-03-29 00:00:00+05:30,103.61,107.18,103.52,105.49,29371064
2019-04-01 00:00:00+05:30,106.76,114.87,106.76,113.42,76629128
2019-04-02 00:00:00+05:30,113.84,123.74,112.18,122.86,166565717
2019-04-03 00:00:00+05:30,124.1,126.49,120.59,121.89,135089710
2019-04-04 00:00:00+05:30,122.19,125.25,121.71,124.8,68171077
2019-04-05 00:00:00+05:30,125.92,126.83,122.47,124.19,52954773
2019-04-08 00:00:00+05:30,124.71,125.55,120.35,121.41,39442802
2019-04-09 00:00:00+05:30,121.07,125.68,119.95,124.65,48914113
2019-04-10 00:00:00+05:30,124.71,131.61,124.46,130.79,114556685
2019-04-11 00:00:00+05:30,131.12,132.7,129.13,132.09,69147260
2019-04-12 00:00:00+05:30,132.55,132.58,130.16,130.73,35991958
2019-04-15 00:00:00+05:30,131.46,141.2,131.46,140.3,94624770
2019-04-16 00:00:00+05:30,141.54,141.72,136.6,139.54,68806635
2019-04-18 00:00:00+05:30,140.39,144.87,139.6,143.02,70124040
2019-04-22 00:00:00+05:30,142.26,144.9,140.26,142.17,50022437
2019-04-23 00:00:00+05:30,142.26,142.78,139.39,140.23,31344919
2019-04-24 00:00:00+05:30,140.23,141.02,131.73,135.36,83118073
2019-04-25 00:00:00+05:30,135.24,136.75,133.33,134.3,44820172
2019-04-26 00:00:00+05:30,134.33,134.33,129.55,130.52,43011675
2019-04-30 00:00:00+05:30,130.88,132.36,127.31,129.73,35166958
2019-05-02 00:00:00+05:30,127.73,128.73,125.01,125.49,36318135
2019-05-03 00:00:00+05:30,124.1,129.34,122.92,126.8,61373528
2019-05-06 00:00:00+05:30,123.5,123.8,119.86,120.95,49750621
2019-05-07 00:00:00+05:30,122.1,122.8,114.63,115.6,50410117
2019-05-08 00:00:00+05:30,115.02,115.57,111.27,112.05,46985495
2019-05-09 00:00:00+05:30,111.57,114.9,110.36,112.81,54250244
2019-05-10 00:00:00+05:30,113.2,115.38,111.57,112.54,47756894
2019-05-13 00:00:00+05:30,112.72,113.3,108.72,109.42,25395160
2019-05-14 00:00:00+05:30,107.91,112.63,107.64,111.69,35371489
2019-05-15 00:00:00+05:30,112.33,112.57,101.34,102.58,51914822
2019-05-16 00:00:00+05:30,106.55,107.48,104.61,106.18,50065437
2019-05-17 00:00:00+05:30,105.91,107.57,103.03,107.06,35640837
2019-05-20 00:00:00+05:30,109.84,116.23,108.51,115.11,49347433
2019-05-21 00:00:00+05:30,112.15,113.14,105.37,107.03,95515587
2019-05-22 00:00:00+05:30,107.51,109.21,105.82,108.42,42693922
2019-05-23 00:00:00+05:30,110.69,110.69,105.03,106.03,37847935
2019-05-24 00:00:00+05:30,107.15,111.09,106.15,110.36,37157952
2019-05-27 00:00:00+05:30,110.03,111.09,108.54,109.78,24405315
2019-05-28 00:00:00+05:30,109.78,112.18,108.85,109.12,38443946
2019-05-29 00:00:00+05:30,108.88,108.97,106.15,106.76,25144854
2019-05-30 00:00:00+05:30,107.45,108.06,104.79,106.03,29863796
2019-05-31 00:00:00+05:30,107.64,107.67,102.91,104.49,35495680
2019-06-03 00:00:00+05:30,103.22,105.94,101.94,105.64,35165244
2019-06-04 00:00:00+05:30,105.49,107.27,104.37,104.88,28790085
2019-06-06 00:00:00+05:30,105.37,106.45,102.22,102.73,27875092
2019-06-07 00:00:00+05:30,102.85,103.94,101.25,102.61,23895533
2019-06-10 00:00:00+05:30,103.46,104.15,99.01,100.61,33384166
2019-06-11 00:00:00+05:30,101.01,104.06,100.28,103.37,33637945
2019-06-12 00:00:00+05:30,103.46,104.25,101.76,102.34,21175729
2019-06-13 00:00:00+05:30,101.04,102.25,99.58,101.34,25016515
2019-06-14 00:00:00+05:30,101.4,101.4,98.98,99.4,18039314
2019-06-17 00:00:00+05:30,99.13,99.37,95.65,96.1,23756957
2019-06-18 00:00:00+05:30,96.25,97.47,94.89,95.83,23131277
2019-06-19 00:00:00+05:30,96.86,99.13,92.32,93.62,41721437
2019-06-20 00:00:00+05:30,92.89,96.86,92.11,96.41,31795202
2019-06-21 00:00:00+05:30,93.83,97.31,93.53,96.19,38495637
2019-06-24 00:00:00+05:30,96.07,96.98,94.56,96.44,21780167
2019-06-25 00:00:00+05:30,95.65,97.47,94.95,97.13,22083798
2019-06-26 00:00:00+05:30,96.92,98.19,96.1,97.53,30528850
2019-06-27 00:00:00+05:30,97.98,101.7,97.53,100.4,43961321
2019-06-28 00:00:00+05:30,100.01,100.95,97.68,98.4,24930476
2019-07-01 00:00:00+05:30,99.1,102.55,98.8,101.7,39629968
2019-07-02 00:00:00+05:30,100.98,101.31,97.68,99.13,27922771
2019-07-03 00:00:00+05:30,99.13,99.89,97.89,98.25,22475707
2019-07-04 00:00:00+05:30,98.37,101.55,98.07,100.01,32232934
2019-07-05 00:00:00+05:30,99.98,101.07,96.56,96.98,23744190
2019-07-08 00:00:00+05:30,96.47,96.56,92.92,93.56,25024312
2019-07-09 00:00:00+05:30,93.23,95.13,92.47,94.32,26615580
2019-07-10 00:00:00+05:30,94.59,94.59,90.26,91.8,52426954
2019-07-11 00:00:00+05:30,92.62,95.47,91.02,94.92,39810014
2019-07-12 00:00:00+05:30,94.38,98.58,93.23,96.44,45108003
2019-07-15 00:00:00+05:30,96.25,98.43,95.56,97.43,32913147
2019-07-16 00:00:00+05:30,96.74,103.49,96.28,102.91,64464969
2019-07-17 00:00:00+05:30,102.91,104.34,100.67,101.64,41687923
2019-07-18 00:00:00+05:30,101.25,101.25,96.86,97.31,31476514
2019-07-19 00:00:00+05:30,97.74,98.31,93.14,93.74,31309996
2019-07-22 00:00:00+05:30,94.11,96.44,93.98,94.89,26422317
2019-07-23 00:00:00+05:30,95.29,96.25,93.71,94.56,21379483
2019-07-24 00:00:00+05:30,94.65,95.38,91.11,91.56,26913940
2019-07-25 00:00:00+05:30,91.59,92.32,87.02,87.36,56765085
2019-07-26 00:00:00+05:30,83.6,90.9,83.6,89.08,138601647
2019-07-29 00:00:00+05:30,88.93,88.93,82.85,83.27,64165799
2019-07-30 00:00:00+05:30,83.54,84.57,80.27,80.79,59014100
2019-07-31 00:00:00+05:30,80.82,82.57,80.21,82.09,44641689
2019-08-01 00:00:00+05:30,82.03,82.51,77.22,78.43,64408959
2019-08-02 00:00:00+05:30,77.79,80.64,76.88,79.12,72709158
2019-08-05 00:00:00+05:30,77.49,77.61,74.04,74.91,58562705
2019-08-06 00:00:00+05:30,74.49,76.61,73.7,74.16,57469341
2019-08-07 00:00:00+05:30,74.22,74.98,70.53,71.07,61594750
2019-08-08 00:00:00+05:30,71.43,75.67,70.77,75.1,59263059
2019-08-09 00:00:00+05:30,75.37,76.58,73.07,73.89,64828523
2019-08-13 00:00:00+05:30,74.95,76.46,73.25,73.83,58638454
2019-08-14 00:00:00+05:30,74.28,74.95,71.8,73.19,49781199
2019-08-16 00:00:00+05:30,72.58,74.13,71.04,73.46,58252746
2019-08-19 00:00:00+05:30,73.37,74.22,72.64,73.13,38314887
2019-08-20 00:00:00+05:30,72.64,75.55,72.04,74.98,57500489
2019-08-21 00:00:00+05:30,74.46,74.46,66.29,68.04,137947409
2019-08-22 00:00:00+05:30,67.8,69.01,64.29,65.2,96820867
2019-08-23 00:00:00+05:30,65.93,67.56,65.17,67.23,68021910
2019-08-26 00:00:00+05:30,69.35,69.86,64.65,66.92,78889623
2019-08-27 00:00:00+05:30,68.23,73.49,67.68,72.86,116682571
2019-08-28 00:00:00+05:30,72.98,75.07,69.5,70.44,122645032
2019-08-29 00:00:00+05:30,70.53,71.74,67.86,69.19,79453286
2019-08-30 00:00:00+05:30,69.98,71.01,67.8,70.65,69792574
2019-09-03 00:00:00+05:30,68.44,69.83,67.32,68.2,60963663
2019-09-04 00:00:00+05:30,67.8,68.41,64.17,66.29,126066883
2019-09-05 00:00:00+05:30,66.44,72.25,66.29,71.46,125195287
2019-09-06 00:00:00+05:30,71.65,74.04,70.56,73.4,111933670
2019-09-09 00:00:00+05:30,72.04,74.22,71.04,73.79,84737078
2019-09-11 00:00:00+05:30,76.88,81.73,75.85,81.33,159518879
2019-09-12 00:00:00+05:30,81.48,81.94,76.7,77.46,119074080
2019-09-13 00:00:00+05:30,78.21,79.27,75.97,78.43,114125943
2019-09-16 00:00:00+05:30,77.49,78.88,76.58,77.85,67646011
2019-09-17 00:00:00+05:30,78.09,79.0,73.46,73.86,78716234
2019-09-18 00:00:00+05:30,74.49,76.22,72.95,73.7,87630046
2019-09-19 00:00:00+05:30,74.76,75.88,73.37,75.19,84265196
2019-09-20 00:00:00+05:30,75.67,83.39,74.22,80.67,147385631
2019-09-23 00:00:00+05:30,81.73,83.78,76.58,77.43,84299131
2019-09-24 00:00:00+05:30,77.52,80.03,77.49,79.24,68815626
2019-09-25 00:00:00+05:30,78.64,78.64,73.55,74.49,78575688
2019-09-26 00:00:00+05:30,75.01,77.03,74.34,75.37,75765556
2019-09-27 00:00:00+05:30,73.86,74.13,71.56,72.58,75781076
2019-09-30 00:00:00+05:30,73.04,73.16,70.47,71.1,53122458
2019-10-01 00:00:00+05:30,71.43,72.55,68.41,69.8,66459538
2019-10-03 00:00:00+05:30,68.2,74.76,68.2,74.1,107542611
2019-10-04 00:00:00+05:30,74.34,74.95,71.92,72.43,58992120
2019-10-07 00:00:00+05:30,72.8,72.98,70.44,71.13,58593962
2019-10-09 00:00:00+05:30,71.74,73.67,69.89,73.19,73783138
2019-10-10 00:00:00+05:30,72.22,72.46,70.34,70.71,51586722
2019-10-11 00:00:00+05:30,71.46,73.98,70.98,73.43,67772402
2019-10-14 00:00:00+05:30,74.22,78.7,74.16,77.4,112407799
2019-10-15 00:00:00+05:30,76.94,78.03,74.88,76.85,95063622
2019-10-16 00:00:00+05:30,77.06,77.67,75.37,76.19,52071259
2019-10-17 00:00:00+05:30,76.94,87.39,75.73,84.45,112217840
2019-10-18 00:00:00+05:30,84.15,85.84,82.09,82.85,107180444
2019-10-22 00:00:00+05:30,80.73,82.09,78.58,79.76,88428969
2019-10-23 00:00:00+05:30,78.97,81.0,77.03,80.3,83078698
2019-10-24 00:00:00+05:30,80.51,81.82,79.0,80.82,69298912
2019-10-25 00:00:00+05:30,79.91,80.51,76.1,76.79,70814160
2019-10-27 00:00:00+05:30,84.45,91.23,84.45,89.41,65233305
2019-10-29 00:00:00+05:30,91.96,106.24,91.53,104.4,304664580
2019-10-30 00:00:00+05:30,105.94,106.33,100.82,104.06,149923423
2019-10-31 00:00:00+05:30,102.79,108.76,102.28,107.57,134450469
2019-11-01 00:00:00+05:30,106.06,107.76,104.37,105.97,67088516
2019-11-04 00:00:00+05:30,103.88,108.03,103.43,104.25,67134531
2019-11-05 00:00:00+05:30,104.88,106.39,102.88,104.12,59911187
2019-11-06 00:00:00+05:30,104.12,106.76,103.22,105.64,47778466
2019-11-07 00:00:00+05:30,105.76,105.76,101.46,103.82,63804311
2019-11-08 00:00:00+05:30,103.37,108.3,101.58,102.34,64593181
2019-11-11 00:00:00+05:30,102.43,104.7,102.34,104.12,36659936
2019-11-13 00:00:00+05:30,103.82,106.55,102.55,103.28,56041921
2019-11-14 00:00:00+05:30,103.03,103.09,100.19,101.13,42012931
2019-11-15 00:00:00+05:30,102.31,104.97,101.31,102.04,48919753
2019-11-18 00:00:00+05:30,104.18,104.18,102.46,102.97,31473558
2019-11-19 00:00:00+05:30,103.4,103.97,101.16,101.55,32375420
2019-11-20 00:00:00+05:30,101.55,103.03,100.61,101.34,32218299
2019-11-21 00:00:00+05:30,101.07,102.97,98.68,99.37,35695565
2019-11-22 00:00:00+05:30,99.83,100.04,97.19,98.28,35021367
2019-11-25 00:00:00+05:30,97.28,100.86,96.8,100.55,43165894
2019-11-26 00:00:00+05:30,100.89,101.28,98.4,98.92,42157208
2019-11-27 00:00:00+05:30,100.07,102.49,99.89,100.43,48776073
2019-11-28 00:00:00+05:30,100.34,100.67,99.01,99.77,27437272
2019-11-29 00:00:00+05:30,99.77,101.55,97.22,97.77,33054357
2019-12-02 00:00:00+05:30,97.43,98.68,96.22,97.5,32115750
2019-12-03 00:00:00+05:30,98.65,98.65,95.29,95.77,34947846
2019-12-04 00:00:00+05:30,95.95,103.13,95.47,102.55,119074892
2019-12-05 00:00:00+05:30,103.13,104.25,100.01,100.55,52508362
2019-12-06 00:00:00+05:30,101.1,101.7,96.89,97.77,45801806
2019-12-09 00:00:00+05:30,98.07,100.76,96.71,97.16,51076651
2019-12-10 00:00:00+05:30,98.16,98.83,96.28,96.68,43377238
2019-12-11 00:00:00+05:30,97.1,98.68,95.29,97.95,34944221
2019-12-12 00:00:00+05:30,98.95,105.88,98.37,104.94,109253220
2019-12-13 00:00:00+05:30,107.3,111.36,106.24,106.97,153656811
2019-12-16 00:00:00+05:30,107.15,108.24,104.94,105.91,43361677
2019-12-17 00:00:00+05:30,106.55,109.66,106.15,109.09,63123534
2019-12-18 00:00:00+05:30,110.24,111.69,103.19,105.82,105490941
2019-12-19 00:00:00+05:30,105.73,109.09,105.33,108.45,88320675
2019-12-20 00:00:00+05:30,109.21,110.0,105.85,106.52,80641247
2019-12-23 00:00:00+05:30,107.06,108.36,105.43,106.58,44918107
2019-12-24 00:00:00+05:30,107.54,107.76,105.73,106.24,33963064
2019-12-26 00:00:00+05:30,106.49,106.82,105.4,105.7,31031022
2019-12-27 00:00:00+05:30,106.55,107.12,105.85,106.64,19980745
2019-12-30 00:00:00+05:30,107.27,111.6,106.73,111.21,67641628
2019-12-31 00:00:00+05:30,111.39,113.75,109.91,112.08,87334625
2020-01-01 00:00:00+05:30,112.08,113.02,111.15,111.66,42896480
2020-01-02 00:00:00+05:30,111.99,117.87,111.75,117.29,94635692
2020-01-03 00:00:00+05:30,116.78,118.44,114.57,115.69,78584200
2020-01-06 00:00:00+05:30,115.63,115.63,112.02,112.39,47278665
2020-01-07 00:00:00+05:30,113.2,114.66,110.36,111.81,57807423
2020-01-08 00:00:00+05:30,109.09,111.51,109.09,110.51,36114439
2020-01-09 00:00:00+05:30,111.9,116.69,111.54,116.23,67401690
2020-01-10 00:00:00+05:30,116.23,120.47,115.02,118.86,99529331
2020-01-13 00:00:00+05:30,117.9,119.71,115.87,118.8,66960341
2020-01-14 00:00:00+05:30,118.47,120.02,117.2,118.56,49337446
2020-01-15 00:00:00+05:30,118.05,122.1,117.44,121.29,63573998
2020-01-16 00:00:00+05:30,120.77,121.44,119.2,119.59,46447653
2020-01-17 00:00:00+05:30,119.41,120.74,118.47,119.44,30070878
2020-01-20 00:00:00+05:30,119.86,121.95,117.62,118.05,47864751
2020-01-21 00:00:00+05:30,118.35,118.9,115.14,115.87,34457121
2020-01-22 00:00:00+05:30,116.2,116.53,111.54,112.36,54432704
2020-01-23 00:00:00+05:30,113.05,115.26,111.27,114.05,54564877
2020-01-24 00:00:00+05:30,113.81,115.63,111.99,112.9,35997371
2020-01-27 00:00:00+05:30,112.42,113.14,109.48,110.3,49775005
2020-01-28 00:00:00+05:30,111.33,111.57,105.88,106.61,63239702
2020-01-29 00:00:00+05:30,108.24,114.35,108.09,113.84,101731812
2020-01-30 00:00:00+05:30,115.6,116.56,111.54,112.72,117118897
2020-01-31 00:00:00+05:30,112.78,114.02,106.52,106.91,124917921
2020-02-01 00:00:00+05:30,106.18,108.24,99.1,100.25,70229654
2020-02-03 00:00:00+05:30,98.98,101.88,96.59,99.19,110041619
2020-02-04 00:00:00+05:30,100.82,102.07,97.59,100.31,80999099
2020-02-05 00:00:00+05:30,101.34,111.96,100.86,111.24,153595079
2020-02-06 00:00:00+05:30,110.18,111.03,106.39,108.27,102120796
2020-02-07 00:00:00+05:30,107.39,107.85,104.73,105.09,74657746
2020-02-10 00:00:00+05:30,104.85,104.85,101.7,102.25,54973363
2020-02-11 00:00:00+05:30,104.03,106.03,101.94,102.76,70813033
2020-02-12 00:00:00+05:30,104.73,104.91,102.31,103.49,57190217
2020-02-13 00:00:00+05:30,103.73,104.34,101.76,102.61,41379218
2020-02-14 00:00:00+05:30,104.12,106.67,101.88,102.37,93622378
2020-02-17 00:00:00+05:30,103.16,103.73,100.7,102.37,54335577
2020-02-18 00:00:00+05:30,101.7,101.7,96.01,97.83,87126697
2020-02-19 00:00:00+05:30,98.58,99.64,92.65,95.68,130356449
2020-02-20 00:00:00+05:30,95.62,98.25,94.44,95.95,89743385
2020-02-24 00:00:00+05:30,93.23,94.38,90.56,91.2,65589360
2020-02-25 00:00:00+05:30,92.14,92.86,89.26,90.75,87086604
2020-02-26 00:00:00+05:30,88.93,89.53,86.99,87.51,78639041
2020-02-27 00:00:00+05:30,87.26,88.84,85.42,87.93,84787693
2020-02-28 00:00:00+05:30,84.06,84.51,76.91,78.06,156052002
2020-03-02 00:00:00+05:30,80.51,81.06,74.95,75.91,184325623
2020-03-03 00:00:00+05:30,77.19,79.55,75.82,78.91,143325886
2020-03-04 00:00:00+05:30,78.46,78.46,72.98,76.4,161135289
2020-03-05 00:00:00+05:30,77.22,78.18,75.22,76.13,145027438
2020-03-06 00:00:00+05:30,69.62,71.01,68.29,69.13,138710359
2020-03-09 00:00:00+05:30,65.99,66.5,63.11,63.99,134711166
2020-03-11 00:00:00+05:30,63.47,64.47,59.21,59.87,183603612
2020-03-12 00:00:00+05:30,55.15,57.45,50.91,53.27,237128316
2020-03-13 00:00:00+05:30,49.58,57.0,47.25,54.33,175351655
2020-03-16 00:00:00+05:30,51.82,53.06,49.76,50.22,121755890
2020-03-17 00:00:00+05:30,50.28,51.46,46.86,47.19,118685935
2020-03-18 00:00:00+05:30,48.37,48.7,45.46,45.71,115852880
2020-03-19 00:00:00+05:30,42.38,46.31,41.62,44.16,112533221
2020-03-20 00:00:00+05:30,44.8,48.19,43.98,46.8,142134985
2020-03-23 00:00:00+05:30,42.38,43.59,39.95,40.08,56468242
2020-03-24 00:00:00+05:30,42.32,43.28,38.44,41.5,81855696
2020-03-25 00:00:00+05:30,41.01,43.41,40.71,42.53,95339627
2020-03-26 00:00:00+05:30,43.25,44.49,41.35,42.86,105427461
2020-03-27 00:00:00+05:30,43.62,45.95,41.98,42.8,97170642
2020-03-30 00:00:00+05:30,41.65,42.38,40.71,41.26,58275142
2020-03-31 00:00:00+05:30,42.74,43.28,41.29,43.01,76261656
2020-04-01 00:00:00+05:30,42.68,43.37,40.89,41.14,63048734
2020-04-03 00:00:00+05:30,40.5,40.5,39.23,39.53,58387983
2020-04-07 00:00:00+05:30,41.5,41.95,40.5,40.71,69495595
2020-04-08 00:00:00+05:30,40.26,43.34,39.59,40.92,135755057
2020-04-09 00:00:00+05:30,42.13,46.16,41.83,45.16,186134514
2020-04-13 00:00:00+05:30,46.01,46.98,44.01,44.95,116315156
2020-04-15 00:00:00+05:30,45.65,47.64,43.56,44.13,134010578
2020-04-16 00:00:00+05:30,43.44,45.65,42.98,45.19,79142250
2020-04-17 00:00:00+05:30,47.4,47.4,45.22,46.52,96364155
2020-04-20 00:00:00+05:30,46.52,50.49,45.71,48.7,207190971
2020-04-21 00:00:00+05:30,47.22,47.22,44.8,45.19,96220992
2020-04-22 00:00:00+05:30,45.07,46.34,43.92,45.95,93380343
2020-04-23 00:00:00+05:30,46.46,47.61,45.65,45.8,83209272
2020-04-24 00:00:00+05:30,45.4,46.55,44.8,44.92,66164589
2020-04-27 00:00:00+05:30,45.95,46.13,45.28,45.55,45980610
2020-04-28 00:00:00+05:30,45.8,47.34,45.52,46.58,57527317
2020-04-29 00:00:00+05:30,46.89,48.01,46.34,47.31,67371763
2020-04-30 00:00:00+05:30,52.03,56.75,52.03,56.45,281884596
2020-05-04 00:00:00+05:30,52.67,52.79,49.34,50.79,150596995
2020-05-05 00:00:00+05:30,52.06,52.55,48.67,48.97,94360085
2020-05-06 00:00:00+05:30,49.37,50.82,48.64,50.37,88770818
2020-05-07 00:00:00+05:30,50.19,51.24,49.7,49.94,51473533
2020-05-08 00:00:00+05:30,51.15,51.43,48.76,49.07,58415629
2020-05-11 00:00:00+05:30,49.31,54.88,49.28,52.12,252062965
2020-05-12 00:00:00+05:30,52.03,53.09,50.55,52.18,128106796
2020-05-13 00:00:00+05:30,56.0,56.0,52.21,52.79,112469968
2020-05-14 00:00:00+05:30,50.82,51.64,49.97,50.73,76550701
2020-05-15 00:00:00+05:30,51.28,51.67,50.12,51.06,63752811
2020-05-18 00:00:00+05:30,51.15,51.15,48.19,48.82,73048514
2020-05-19 00:00:00+05:30,49.94,51.85,49.34,49.52,107998529
2020-05-20 00:00:00+05:30,49.19,51.09,48.85,50.52,60048326
2020-05-21 00:00:00+05:30,50.31,51.58,50.19,50.91,61599922
2020-05-22 00:00:00+05:30,50.49,50.79,49.64,50.12,48322194
2020-05-26 00:00:00+05:30,50.79,51.88,50.0,50.31,62801564
2020-05-27 00:00:00+05:30,50.91,52.06,50.85,51.18,95740797
2020-05-28 00:00:00+05:30,52.06,53.36,51.18,52.67,158883055
2020-05-29 00:00:00+05:30,51.79,52.97,51.24,52.67,133502927
2020-06-01 00:00:00+05:30,53.82,55.21,53.27,54.21,117417284
2020-06-02 00:00:00+05:30,54.48,58.9,54.33,58.42,207162891
2020-06-03 00:00:00+05:30,60.54,61.42,58.96,59.78,149660065
2020-06-04 00:00:00+05:30,59.93,61.38,58.6,59.63,119068784
2020-06-05 00:00:00+05:30,60.81,68.07,59.96,67.05,309251786
2020-06-08 00:00:00+05:30,69.01,72.13,68.62,69.89,226221727
2020-06-09 00:00:00+05:30,71.1,71.37,66.74,67.47,131282361
2020-06-10 00:00:00+05:30,67.2,68.41,65.68,67.44,138821598
2020-06-11 00:00:00+05:30,66.53,67.29,63.56,64.26,91660761
2020-06-12 00:00:00+05:30,59.33,64.32,59.33,63.75,153620044
2020-06-15 00:00:00+05:30,63.35,63.35,60.57,60.84,114508383
2020-06-16 00:00:00+05:30,61.75,62.66,55.69,57.36,355943108
2020-06-17 00:00:00+05:30,56.3,58.36,55.57,57.75,183080321
2020-06-18 00:00:00+05:30,57.51,58.84,57.0,58.33,97402418
2020-06-19 00:00:00+05:30,58.42,62.9,57.87,62.05,223769085
2020-06-22 00:00:00+05:30,61.96,63.5,61.14,62.14,113235889
2020-06-23 00:00:00+05:30,62.35,64.17,61.69,63.2,113382445
2020-06-24 00:00:00+05:30,63.72,67.08,63.08,63.44,207248324
2020-06-25 00:00:00+05:30,62.87,64.35,61.54,62.84,104396270
2020-06-26 00:00:00+05:30,63.81,64.2,60.75,61.38,93046988
2020-06-29 00:00:00+05:30,61.38,61.38,59.36,60.2,71485016
2020-06-30 00:00:00+05:30,61.6,61.93,58.9,59.48,83860981
2020-07-01 00:00:00+05:30,59.93,61.42,59.45,60.99,84027984
2020-07-02 00:00:00+05:30,60.99,62.32,60.78,61.48,79432246
2020-07-03 00:00:00+05:30,62.26,64.38,61.81,62.63,144229470
2020-07-06 00:00:00+05:30,63.56,66.53,63.26,65.99,151926145
2020-07-07 00:00:00+05:30,66.47,68.16,65.41,66.02,141800495
2020-07-08 00:00:00+05:30,66.29,67.11,63.08,63.78,92324331
2020-07-09 00:00:00+05:30,64.35,65.96,63.35,64.74,90015441
2020-07-10 00:00:00+05:30,64.59,65.74,63.81,65.14,106867563
2020-07-13 00:00:00+05:30,65.89,67.86,64.68,65.38,135289344
2020-07-14 00:00:00+05:30,64.71,65.11,63.02,63.65,77516286
2020-07-15 00:00:00+05:30,64.65,64.65,62.05,62.47,82079782
2020-07-16 00:00:00+05:30,62.93,62.93,60.9,62.32,73235275
2020-07-17 00:00:00+05:30,62.75,64.74,62.53,64.41,69511572
2020-07-20 00:00:00+05:30,64.38,64.38,62.87,63.59,65724733
2020-07-21 00:00:00+05:30,64.17,66.41,63.87,65.65,109038918
2020-07-22 00:00:00+05:30,65.68,66.44,63.11,63.65,83817309
2020-07-23 00:00:00+05:30,63.84,64.44,63.38,64.2,50749677
2020-07-24 00:00:00+05:30,63.38,63.87,62.17,62.81,65027871
2020-07-27 00:00:00+05:30,62.96,63.26,61.32,61.57,48972216
2020-07-28 00:00:00+05:30,61.93,64.9,61.75,64.44,106168577
2020-07-29 00:00:00+05:30,65.44,65.83,63.47,64.02,73610646
2020-07-30 00:00:00+05:30,64.41,64.62,62.26,62.75,55144350
2020-07-31 00:00:00+05:30,62.96,63.81,61.93,63.35,55848275
2020-08-03 00:00:00+05:30,62.35,69.25,62.29,68.44,321728834
2020-08-04 00:00:00+05:30,68.38,69.68,67.08,67.47,158426361
2020-08-05 00:00:00+05:30,68.04,71.22,67.8,69.86,164150706
2020-08-06 00:00:00+05:30,70.34,71.25,69.92,70.71,99267263
2020-08-07 00:00:00+05:30,70.83,72.46,70.22,72.1,93314149
2020-08-10 00:00:00+05:30,72.61,75.49,72.46,74.98,117441556
2020-08-11 00:00:00+05:30,75.67,76.16,73.49,74.04,82965719
2020-08-12 00:00:00+05:30,73.25,76.52,73.01,75.88,83775642
2020-08-13 00:00:00+05:30,76.34,79.85,75.31,79.39,157738124
2020-08-14 00:00:00+05:30,79.39,80.3,74.88,75.43,123947783
2020-08-17 00:00:00+05:30,75.37,76.43,73.01,74.79,101019740
2020-08-18 00:00:00+05:30,75.07,77.19,74.82,76.03,102671437
2020-08-19 00:00:00+05:30,76.88,77.25,75.52,75.76,74555644
2020-08-20 00:00:00+05:30,74.73,76.07,73.31,73.67,71911829
2020-08-21 00:00:00+05:30,75.19,75.19,72.74,73.19,80364826
2020-08-24 00:00:00+05:30,73.86,74.46,73.13,73.37,51698183
2020-08-25 00:00:00+05:30,73.73,77.7,73.31,76.94,149109814
2020-08-26 00:00:00+05:30,79.0,84.15,77.7,83.48,326272331
2020-08-27 00:00:00+05:30,84.81,88.9,84.33,87.33,299621267
2020-08-28 00:00:00+05:30,87.26,88.51,85.05,86.45,157252585
2020-08-31 00:00:00+05:30,87.48,89.56,83.66,86.69,265232516
2020-09-01 00:00:00+05:30,86.81,87.87,84.99,87.05,97149425
2020-09-02 00:00:00+05:30,87.36,91.8,85.63,90.99,123810592
2020-09-03 00:00:00+05:30,91.77,93.95,90.53,91.93,181965388
2020-09-07 00:00:00+05:30,90.81,92.02,89.6,90.44,136476949
2020-09-08 00:00:00+05:30,90.47,90.56,85.48,86.14,126034678
2020-09-09 00:00:00+05:30,85.36,85.81,82.15,84.81,174038587
2020-09-10 00:00:00+05:30,86.45,87.48,83.54,86.75,131500334
2020-09-11 00:00:00+05:30,86.63,88.87,85.75,87.36,107599505
2020-09-14 00:00:00+05:30,89.11,91.47,88.08,89.93,139593767
2020-09-15 00:00:00+05:30,90.44,90.44,88.72,89.84,70845594
2020-09-16 00:00:00+05:30,90.32,93.41,89.93,91.68,140504969
2020-09-17 00:00:00+05:30,91.29,91.41,88.51,89.38,79487437
2020-09-18 00:00:00+05:30,90.02,91.11,88.54,89.53,76434985
2020-09-21 00:00:00+05:30,89.44,89.44,82.03,83.21,106934845
2020-09-22 00:00:00+05:30,83.54,83.63,78.49,80.58,144206005
2020-09-23 00:00:00+05:30,82.03,82.75,77.43,79.55,123862591
2020-09-24 00:00:00+05:30,77.43,77.97,73.95,74.34,103115890
2020-09-25 00:00:00+05:30,74.88,77.7,74.52,77.03,107442276
2020-09-28 00:00:00+05:30,78.03,81.3,77.19,80.42,102137017
2020-09-29 00:00:00+05:30,81.7,82.33,79.12,79.73,104674917
2020-09-30 00:00:00+05:30,79.64,81.36,78.88,80.7,80709210
2020-10-01 00:00:00+05:30,82.27,82.63,80.24,80.82,66887371
2020-10-05 00:00:00+05:30,82.91,83.24,79.94,81.06,91296480
2020-10-06 00:00:00+05:30,83.54,88.26,82.33,87.63,267681785
2020-10-07 00:00:00+05:30,87.33,87.48,84.63,85.36,112780284
2020-10-08 00:00:00+05:30,86.48,86.87,84.51,85.33,67632951
2020-10-09 00:00:00+05:30,85.45,86.36,83.54,83.81,61280461
2020-10-12 00:00:00+05:30,84.54,84.54,80.51,82.27,64884765
2020-10-13 00:00:00+05:30,81.97,83.0,80.42,81.18,64379940
2020-10-14 00:00:00+05:30,80.97,81.51,77.97,79.12,75643854
2020-10-15 00:00:00+05:30,79.61,81.33,76.58,76.85,105727615
2020-10-16 00:00:00+05:30,78.34,78.73,76.28,77.34,103331737
2020-10-19 00:00:00+05:30,78.58,78.94,77.37,77.64,54778511
2020-10-20 00:00:00+05:30,77.55,78.88,76.49,78.49,45377048
2020-10-21 00:00:00+05:30,79.33,80.58,77.67,78.85,64840521
2020-10-22 00:00:00+05:30,78.52,81.48,77.76,80.82,80626050
2020-10-23 00:00:00+05:30,81.66,84.09,81.18,82.94,113505031
2020-10-26 00:00:00+05:30,83.78,85.24,79.46,80.94,146245748
2020-10-27 00:00:00+05:30,81.21,82.78,79.21,82.12,93927781
2020-10-28 00:00:00+05:30,84.15,86.72,80.82,81.6,251682751
2020-10-29 00:00:00+05:30,79.91,80.51,78.7,79.85,110071328
2020-10-30 00:00:00+05:30,80.64,81.42,78.88,80.3,84458187
2020-11-02 00:00:00+05:30,80.91,81.12,79.36,80.42,66717067
2020-11-03 00:00:00+05:30,81.73,83.18,80.85,81.18,86015569
2020-11-04 00:00:00+05:30,82.09,82.94,81.12,82.27,73799058
2020-11-05 00:00:00+05:30,82.94,83.54,82.33,83.33,64305184
2020-11-06 00:00:00+05:30,83.33,86.14,83.33,84.15,112272683
2020-11-09 00:00:00+05:30,85.12,85.66,83.97,85.36,66533329
2020-11-10 00:00:00+05:30,87.2,88.81,86.42,88.38,113639698
2020-11-11 00:00:00+05:30,88.69,91.71,88.17,91.38,129810332
2020-11-12 00:00:00+05:30,91.38,93.14,90.81,91.53,92745376
2020-11-13 00:00:00+05:30,90.81,90.81,87.99,88.6,53795848
2020-11-17 00:00:00+05:30,92.32,96.47,92.14,95.65,136518947
2020-11-18 00:00:00+05:30,96.16,108.24,95.98,105.03,283794079
2020-11-19 00:00:00+05:30,103.76,106.76,100.82,101.67,180796739
2020-11-20 00:00:00+05:30,102.94,103.85,100.22,102.37,110569414
2020-11-23 00:00:00+05:30,102.61,105.27,100.22,103.34,90136626
2020-11-24 00:00:00+05:30,104.03,106.24,103.58,104.15,78786586
2020-11-25 00:00:00+05:30,105.94,107.03,102.46,103.79,89806841
2020-11-26 00:00:00+05:30,103.88,105.94,103.55,105.18,64579597
2020-11-27 00:00:00+05:30,105.73,111.3,105.73,109.18,208014114
2020-12-01 00:00:00+05:30,110.39,110.42,107.82,108.82,80745715
2020-12-02 00:00:00+05:30,111.39,113.42,109.63,111.15,145543219
2020-12-03 00:00:00+05:30,111.99,112.6,110.93,111.9,55061092
2020-12-04 00:00:00+05:30,112.9,114.29,110.3,111.48,79282796
2020-12-07 00:00:00+05:30,111.66,112.87,110.6,111.12,49229958
2020-12-08 00:00:00+05:30,111.96,112.42,108.33,110.06,69615614
2020-12-09 00:00:00+05:30,110.78,112.84,109.97,110.6,66571446
2020-12-10 00:00:00+05:30,110.6,110.6,106.79,107.51,63380424
2020-12-11 00:00:00+05:30,107.73,109.84,106.85,108.27,71138892
2020-12-14 00:00:00+05:30,109.57,109.88,106.97,107.54,54819575
2020-12-15 00:00:00+05:30,106.82,108.79,104.88,108.3,68041295
2020-12-16 00:00:00+05:30,109.57,111.27,109.03,110.51,84674111
2020-12-17 00:00:00+05:30,111.39,111.39,109.36,110.0,56332165
2020-12-18 00:00:00+05:30,109.51,109.88,106.94,109.3,76093947
2020-12-21 00:00:00+05:30,106.55,107.48,98.37,99.61,124853515
2020-12-22 00:00:00+05:30,99.61,102.43,94.86,99.86,181722514
2020-12-23 00:00:00+05:30,99.89,102.73,98.92,102.43,94041361
2020-12-24 00:00:00+05:30,104.12,107.76,104.12,106.52,121938337
2020-12-28 00:00:00+05:30,108.88,113.45,108.36,112.81,161859834
2020-12-29 00:00:00+05:30,113.75,114.08,109.63,111.06,117786544
2020-12-30 00:00:00+05:30,110.84,112.24,109.21,111.48,63709100
2020-12-31 00:00:00+05:30,111.9,113.51,110.66,111.3,80889864
2021-01-01 00:00:00+05:30,111.96,113.2,111.69,112.9,45121805
2021-01-04 00:00:00+05:30,116.11,116.84,114.26,115.81,105659219
2021-01-05 00:00:00+05:30,113.27,117.38,112.02,116.96,125103977
2021-01-06 00:00:00+05:30,117.71,119.62,115.41,118.29,124872267
2021-01-07 00:00:00+05:30,119.26,121.29,118.11,119.11,109040825
2021-01-08 00:00:00+05:30,120.32,121.98,119.32,119.95,89187321
2021-01-11 00:00:00+05:30,121.01,136.45,120.86,133.58,301398869
2021-01-12 00:00:00+05:30,137.42,152.8,135.66,143.96,645133255
2021-01-13 00:00:00+05:30,147.05,150.62,144.32,146.86,271939545
2021-01-14 00:00:00+05:30,147.01,151.22,144.44,148.38,143381658
2021-01-15 00:00:00+05:30,148.92,160.21,146.86,157.58,412769217
2021-01-18 00:00:00+05:30,158.4,158.88,145.99,148.89,286347092
2021-01-19 00:00:00+05:30,152.25,158.43,152.13,156.58,225974356
2021-01-20 00:00:00+05:30,157.4,167.99,156.7,166.42,338771154
2021-01-21 00:00:00+05:30,170.11,181.01,169.5,175.92,468402827
2021-01-22 00:00:00+05:30,179.16,185.79,168.51,175.16,521964537
2021-01-25 00:00:00+05:30,179.74,181.31,167.9,168.99,271404700
2021-01-27 00:00:00+05:30,166.42,166.48,160.85,161.94,209055013
2021-01-28 00:00:00+05:30,157.43,165.51,156.82,161.51,213258151
2021-01-29 00:00:00+05:30,165.27,168.78,157.76,159.03,228577176
2021-02-01 00:00:00+05:30,163.3,170.72,154.58,169.26,273342494
2021-02-02 00:00:00+05:30,177.74,199.08,175.8,194.93,416173857
2021-02-03 00:00:00+05:30,205.34,206.98,197.47,200.38,370248040
2021-02-04 00:00:00+05:30,199.17,202.5,195.2,197.59,199865837
2021-02-05 00:00:00+05:30,198.32,199.77,189.24,191.24,170949334
2021-02-08 00:00:00+05:30,192.96,205.37,192.51,203.37,168613874
2021-02-09 00:00:00+05:30,204.01,204.92,195.05,196.78,175010722
2021-02-10 00:00:00+05:30,197.35,201.38,193.42,199.11,154340773
2021-02-11 00:00:00+05:30,197.62,200.59,195.78,196.75,91226994
2021-02-12 00:00:00+05:30,197.59,200.08,194.48,196.99,105847923
2021-02-15 00:00:00+05:30,199.71,203.28,196.14,201.8,129897862
2021-02-16 00:00:00+05:30,203.07,204.56,198.26,199.17,108875618
2021-02-17 00:00:00+05:30,197.9,202.35,197.02,199.68,86106119
2021-02-18 00:00:00+05:30,200.68,200.83,194.39,195.54,81254740
2021-02-19 00:00:00+05:30,194.9,194.9,182.46,188.79,132558309
2021-02-22 00:00:00+05:30,189.15,190.03,182.91,184.34,95339279
2021-02-23 00:00:00+05:30,186.76,199.11,186.76,196.14,220186049
2021-02-24 00:00:00+05:30,195.84,199.77,191.6,194.72,81188465
2021-02-25 00:00:00+05:30,196.96,202.62,195.69,201.95,106550487
2021-02-26 00:00:00+05:30,195.54,201.56,193.02,195.51,151747982
2021-03-01 00:00:00+05:30,199.77,200.89,195.35,198.74,101010316
2021-03-02 00:00:00+05:30,200.44,210.19,197.62,209.31,210888370
2021-03-03 00:00:00+05:30,211.06,216.12,209.76,210.97,151935290
2021-03-04 00:00:00+05:30,205.22,209.1,204.19,205.34,98869407
2021-03-05 00:00:00+05:30,201.59,204.53,193.54,196.84,143281835
2021-03-08 00:00:00+05:30,200.83,200.83,192.99,194.48,135272913
2021-03-09 00:00:00+05:30,196.75,198.77,187.42,190.81,123361186
2021-03-10 00:00:00+05:30,193.42,196.41,191.72,194.6,96848040
2021-03-12 00:00:00+05:30,196.78,197.65,190.18,192.24,79837207
2021-03-15 00:00:00+05:30,193.72,193.96,187.7,192.84,74443734
2021-03-16 00:00:00+05:30,194.32,194.87,190.75,193.69,64850625
2021-03-17 00:00:00+05:30,192.87,193.72,184.03,185.12,78001311
2021-03-18 00:00:00+05:30,188.27,191.66,181.46,185.85,121787345
2021-03-19 00:00:00+05:30,183.73,188.27,175.68,187.03,181471274
2021-03-22 00:00:00+05:30,185.52,186.15,181.67,183.46,93114638
2021-03-23 00:00:00+05:30,184.64,189.03,184.03,186.09,99481281
2021-03-24 00:00:00+05:30,183.76,184.64,177.5,178.25,101581711
2021-03-25 00:00:00+05:30,177.98,177.98,170.87,172.86,139563717
2021-03-26 00:00:00+05:30,175.86,182.46,175.86,179.43,133650573
2021-03-30 00:00:00+05:30,181.91,182.4,177.19,179.83,74747806
2021-03-31 00:00:00+05:30,181.01,186.15,180.1,182.7,96732705
2021-04-01 00:00:00+05:30,185.7,187.57,183.46,186.0,72756245
2021-04-05 00:00:00+05:30,185.73,188.69,179.92,184.67,109300687
2021-04-06 00:00:00+05:30,185.33,189.97,184.52,186.3,104101352
2021-04-07 00:00:00+05:30,185.7,188.06,184.7,186.33,64528683
2021-04-08 00:00:00+05:30,186.39,193.6,186.15,190.06,103155296
2021-04-09 00:00:00+05:30,189.6,196.75,189.18,192.63,124610890
2021-04-12 00:00:00+05:30,186.36,186.36,171.26,173.47,173974799
2021-04-13 00:00:00+05:30,173.89,184.37,169.84,183.34,193038777
2021-04-15 00:00:00+05:30,183.43,186.18,179.49,183.73,124231486
2021-04-16 00:00:00+05:30,182.82,190.69,181.7,187.67,124424139
2021-04-19 00:00:00+05:30,178.58,184.34,177.25,182.46,108645376
2021-04-20 00:00:00+05:30,186.27,186.55,178.1,180.43,93687678
2021-04-22 00:00:00+05:30,177.98,183.13,176.89,178.31,100756471
2021-04-23 00:00:00+05:30,176.16,181.61,175.86,177.98,96055644
2021-04-26 00:00:00+05:30,179.8,181.01,178.34,178.83,50494814
2021-04-27 00:00:00+05:30,179.01,183.13,178.65,182.52,57867459
2021-04-28 00:00:00+05:30,183.73,187.36,183.43,185.18,73779284
2021-04-29 00:00:00+05:30,184.73,187.67,182.37,182.76,60528210
2021-04-30 00:00:00+05:30,180.52,182.4,177.1,177.89,59627477
2021-05-03 00:00:00+05:30,175.13,178.43,172.53,177.37,58430496
2021-05-04 00:00:00+05:30,179.4,181.46,174.38,175.23,63806224
2021-05-05 00:00:00+05:30,177.68,177.92,174.65,176.47,48475063
2021-05-06 00:00:00+05:30,176.47,182.82,175.74,182.37,74360858
2021-05-07 00:00:00+05:30,183.43,185.21,181.91,183.28,68686489
2021-05-10 00:00:00+05:30,184.34,191.12,184.03,190.6,87945399
2021-05-11 00:00:00+05:30,187.39,194.17,186.52,191.03,96566967
2021-05-12 00:00:00+05:30,192.66,202.65,191.45,197.35,184250757
2021-05-14 00:00:00+05:30,199.38,199.47,187.67,189.03,134265771
2021-05-17 00:00:00+05:30,190.93,196.05,188.51,194.39,84499586
2021-05-18 00:00:00+05:30,197.32,203.8,196.14,201.26,142245873
2021-05-19 00:00:00+05:30,189.48,195.51,188.94,190.36,197198256
2021-05-20 00:00:00+05:30,191.3,191.66,185.3,186.27,89053582
2021-05-21 00:00:00+05:30,188.88,191.12,187.36,189.54,66643374
2021-05-24 00:00:00+05:30,190.54,191.18,187.79,188.79,52782496
2021-05-25 00:00:00+05:30,191.03,193.11,190.0,190.84,61726753
2021-05-26 00:00:00+05:30,191.36,193.72,190.57,191.0,47285550
2021-05-27 00:00:00+05:30,191.93,195.81,191.63,192.87,81721035
2021-05-28 00:00:00+05:30,195.32,196.44,191.6,193.6,43960661
2021-05-31 00:00:00+05:30,192.93,193.57,188.94,192.96,51049160
2021-06-01 00:00:00+05:30,193.23,197.17,192.08,192.57,53822295
2021-06-02 00:00:00+05:30,191.27,196.38,191.06,195.54,43456467
2021-06-03 00:00:00+05:30,196.93,198.38,195.93,197.14,35357912
2021-06-04 00:00:00+05:30,196.84,203.95,196.29,202.77,68151276
2021-06-07 00:00:00+05:30,205.68,212.49,205.68,209.16,107335390
2021-06-08 00:00:00+05:30,209.61,215.91,204.31,213.55,72836580
2021-06-09 00:00:00+05:30,215.63,217.27,205.68,207.85,97981915
2021-06-10 00:00:00+05:30,208.97,210.58,207.28,208.7,40209710
2021-06-11 00:00:00+05:30,209.46,213.64,208.46,212.33,60181789
2021-06-14 00:00:00+05:30,211.91,216.66,206.49,215.48,63539436
2021-06-15 00:00:00+05:30,215.36,218.39,212.79,213.51,58655447
2021-06-16 00:00:00+05:30,211.94,215.51,210.73,211.49,45505492
2021-06-17 00:00:00+05:30,210.91,213.64,207.19,209.25,48288218
2021-06-18 00:00:00+05:30,209.25,210.0,199.17,204.25,81635402
2021-06-21 00:00:00+05:30,200.32,203.28,197.47,202.38,48081410
2021-06-22 00:00:00+05:30,204.07,208.43,203.5,204.56,44105867
2021-06-23 00:00:00+05:30,206.43,207.79,202.38,202.95,42511966
2021-06-24 00:00:00+05:30,202.8,204.25,201.8,202.59,25730162
2021-06-25 00:00:00+05:30,203.34,207.52,203.34,205.61,37045530
2021-06-28 00:00:00+05:30,206.31,208.85,204.34,207.52,29462294
2021-06-29 00:00:00+05:30,207.43,209.76,205.58,206.77,37095113
2021-06-30 00:00:00+05:30,207.04,209.07,205.13,205.58,30179591
2021-07-01 00:00:00+05:30,206.73,210.31,206.55,208.4,46148899
2021-07-02 00:00:00+05:30,209.04,209.19,206.13,208.79,30225039
2021-07-05 00:00:00+05:30,210.09,211.94,208.25,209.52,30373790
2021-07-06 00:00:00+05:30,210.67,216.84,188.57,191.84,270867786
2021-07-07 00:00:00+05:30,191.3,193.17,185.4,191.96,185289292
2021-07-08 00:00:00+05:30,190.57,190.57,184.64,185.46,144261876
2021-07-09 00:00:00+05:30,185.12,186.97,182.73,185.43,80606419
2021-07-12 00:00:00+05:30,188.15,188.88,185.3,186.12,53304528
2021-07-13 00:00:00+05:30,187.67,189.03,186.55,188.24,42470086
2021-07-14 00:00:00+05:30,187.67,189.66,186.85,187.39,36091083
2021-07-15 00:00:00+05:30,187.97,189.39,186.21,187.82,38999859
2021-07-16 00:00:00+05:30,188.33,190.96,187.97,188.42,41495987
2021-07-19 00:00:00+05:30,187.03,187.85,185.24,186.97,35237000
2021-07-20 00:00:00+05:30,185.85,186.45,182.25,182.91,45666730
2021-07-22 00:00:00+05:30,184.94,186.12,182.25,183.16,35233042
2021-07-23 00:00:00+05:30,181.91,182.76,178.58,178.92,55204975
2021-07-26 00:00:00+05:30,178.58,179.8,176.16,177.47,45395996
2021-07-27 00:00:00+05:30,177.37,180.19,174.71,176.41,91056854
2021-07-28 00:00:00+05:30,175.56,176.1,171.68,172.2,59673507
2021-07-29 00:00:00+05:30,174.07,178.83,174.07,177.31,95356265
2021-07-30 00:00:00+05:30,177.98,181.61,177.53,177.95,50530210
2021-08-02 00:00:00+05:30,181.1,181.25,178.95,179.7,31837231
2021-08-03 00:00:00+05:30,180.7,184.34,180.22,183.85,51313832
2021-08-04 00:00:00+05:30,184.49,185.52,179.92,180.49,43256408
2021-08-05 00:00:00+05:30,178.89,182.16,177.22,181.43,34201908
2021-08-06 00:00:00+05:30,181.64,183.67,180.19,181.64,26433135
2021-08-09 00:00:00+05:30,182.07,184.15,179.22,180.46,28058516
2021-08-10 00:00:00+05:30,180.34,181.73,176.16,178.1,25065535
2021-08-11 00:00:00+05:30,178.77,180.28,173.41,178.86,34362340
2021-08-12 00:00:00+05:30,179.98,186.09,179.98,185.24,55590351
2021-08-13 00:00:00+05:30,186.94,188.57,183.46,186.0,57688204
2021-08-16 00:00:00+05:30,185.21,186.36,183.46,183.85,23702401
2021-08-17 00:00:00+05:30,183.31,183.31,177.25,180.22,42187589
2021-08-18 00:00:00+05:30,179.74,180.25,177.13,177.59,29740886
2021-08-20 00:00:00+05:30,175.26,175.98,170.11,171.38,53816026
2021-08-23 00:00:00+05:30,173.86,174.53,166.48,167.66,40468119
2021-08-24 00:00:00+05:30,168.6,170.41,162.51,169.38,62092529
2021-08-25 00:00:00+05:30,171.2,175.07,170.99,172.17,52097045
2021-08-26 00:00:00+05:30,172.44,173.95,170.5,172.11,29509183
2021-08-27 00:00:00+05:30,171.26,173.62,170.53,172.99,22262964
2021-08-30 00:00:00+05:30,175.62,177.68,175.5,176.74,28440492
2021-08-31 00:00:00+05:30,176.62,176.74,173.2,173.92,61038438
2021-09-01 00:00:00+05:30,174.95,180.04,173.92,178.74,54682296
2021-09-02 00:00:00+05:30,178.74,179.37,176.59,177.47,24624502
2021-09-03 00:00:00+05:30,177.07,179.46,176.77,178.92,27411437
2021-09-06 00:00:00+05:30,180.1,180.98,179.19,180.07,27458895
2021-09-07 00:00:00+05:30,180.01,180.28,176.1,178.34,23664603
2021-09-08 00:00:00+05:30,177.68,180.89,176.53,178.74,24646766
2021-09-09 00:00:00+05:30,177.98,183.73,177.71,180.98,56198390
2021-09-13 00:00:00+05:30,181.01,182.82,178.89,182.34,26991406
2021-09-14 00:00:00+05:30,182.97,185.97,182.94,185.3,38380736
2021-09-15 00:00:00+05:30,185.3,189.48,185.3,188.85,44284905
2021-09-16 00:00:00+05:30,189.72,190.69,186.24,188.66,43360676
2021-09-17 00:00:00+05:30,188.88,190.9,185.24,186.82,41250736
2021-09-20 00:00:00+05:30,184.58,187.82,179.98,180.98,32430746
2021-09-21 00:00:00+05:30,180.76,183.25,177.43,182.79,32111343
2021-09-22 00:00:00+05:30,183.52,189.97,183.43,187.73,48805065
2021-09-23 00:00:00+05:30,189.6,196.14,189.6,194.63,87056563
2021-09-24 00:00:00+05:30,196.81,197.93,191.33,192.48,47741241
2021-09-27 00:00:00+05:30,195.63,201.95,195.63,200.77,93009047
2021-09-28 00:00:00+05:30,202.19,203.41,196.44,199.35,47073497
2021-09-29 00:00:00+05:30,196.75,201.59,196.14,199.92,32608260
2021-09-30 00:00:00+05:30,200.53,204.56,199.23,201.8,49999807
2021-10-01 00:00:00+05:30,201.38,204.19,197.17,201.77,49354217
2021-10-04 00:00:00+05:30,203.89,207.79,202.89,207.04,51412981
2021-10-05 00:00:00+05:30,206.1,212.79,205.13,208.82,52632016
2021-10-06 00:00:00+05:30,210.06,211.09,202.8,203.44,41747163
2021-10-07 00:00:00+05:30,206.49,231.86,205.37,227.92,269648910
2021-10-08 00:00:00+05:30,233.61,240.67,230.04,231.83,154827133
2021-10-11 00:00:00+05:30,236.19,254.8,234.88,251.68,187330856
2021-10-12 00:00:00+05:30,256.07,263.76,250.38,254.77,160808817
2021-10-13 00:00:00+05:30,280.23,317.12,280.23,306.86,326987644
2021-10-14 00:00:00+05:30,320.85,320.85,297.84,301.23,171185295
2021-10-18 00:00:00+05:30,306.92,317.82,304.87,308.5,119467933
2021-10-19 00:00:00+05:30,310.22,313.22,288.19,291.73,94864930
2021-10-20 00:00:00+05:30,291.67,300.87,285.28,294.76,91587902
2021-10-21 00:00:00+05:30,297.69,308.98,294.06,307.53,86902950
2021-10-22 00:00:00+05:30,308.68,309.16,295.06,297.18,70605738
2021-10-25 00:00:00+05:30,298.99,300.26,286.49,290.52,54690015
2021-10-26 00:00:00+05:30,292.7,308.74,292.55,307.92,95854623
2021-10-27 00:00:00+05:30,306.17,306.65,300.26,301.42,50153011
2021-10-28 00:00:00+05:30,298.99,298.99,289.7,291.21,41598752
2021-10-29 00:00:00+05:30,291.79,297.6,283.13,292.82,51297891
2021-11-01 00:00:00+05:30,294.48,296.45,284.4,294.03,56663629
2021-11-02 00:00:00+05:30,306.62,308.74,294.51,295.33,85173868
2021-11-03 00:00:00+05:30,292.88,299.66,291.55,293.55,37888285
2021-11-04 00:00:00+05:30,296.51,298.78,295.42,296.45,9127044
2021-11-08 00:00:00+05:30,298.99,305.62,296.78,303.53,52417010
2021-11-09 00:00:00+05:30,305.71,315.19,304.81,308.53,83350499
2021-11-10 00:00:00+05:30,306.47,312.34,302.81,309.19,43956985
2021-11-11 00:00:00+05:30,308.74,314.19,303.29,304.77,48325005
2021-11-12 00:00:00+05:30,306.89,308.47,301.08,306.95,34246355
2021-11-30 00:00:00+05:30,282.44,289.37,275.84,277.84,58580691
2021-12-01 00:00:00+05:30,283.22,289.61,280.62,289.37,46658681
2021-12-02 00:00:00+05:30,290.22,290.85,285.55,289.64,34691762
2021-12-03 00:00:00+05:30,290.58,293.42,288.94,290.76,34586914
2021-12-06 00:00:00+05:30,290.64,291.12,282.1,283.31,29640062
2021-12-07 00:00:00+05:30,288.67,293.55,285.13,292.09,35146913
2021-12-08 00:00:00+05:30,293.3,300.23,292.7,298.69,33982088
2021-12-09 00:00:00+05:30,301.48,301.78,296.36,298.51,27991783
2021-12-10 00:00:00+05:30,295.27,300.75,294.54,298.69,24045616
2021-12-13 00:00:00+05:30,302.35,306.56,299.18,300.26,36200644
2021-12-14 00:00:00+05:30,297.81,297.81,292.58,296.09,29269552
2021-12-15 00:00:00+05:30,295.3,301.29,294.97,297.63,26865637
2021-12-16 00:00:00+05:30,299.66,300.57,295.06,297.81,22434696
2021-12-17 00:00:00+05:30,295.42,295.94,283.44,284.65,45164208
2021-12-20 00:00:00+05:30,278.41,278.47,266.36,270.63,54524290
2021-12-21 00:00:00+05:30,273.69,279.02,272.33,274.6,31118110
2021-12-22 00:00:00+05:30,277.35,285.83,277.35,284.83,37548358
2021-12-23 00:00:00+05:30,288.16,289.37,285.1,285.95,20015462
2021-12-24 00:00:00+05:30,287.49,287.49,278.47,283.07,25583196
2021-12-27 00:00:00+05:30,281.92,286.01,278.53,285.22,20743528
2021-12-28 00:00:00+05:30,287.67,292.27,286.13,290.7,37763376
2021-12-29 00:00:00+05:30,289.82,291.55,287.1,288.16,16954653
2021-12-30 00:00:00+05:30,286.07,288.4,283.68,284.77,19696893
2021-12-31 00:00:00+05:30,286.16,292.76,285.65,292.03,25672526
2022-01-03 00:00:00+05:30,298.75,303.2,297.84,301.23,54093059
2022-01-04 00:00:00+05:30,300.75,302.08,293.03,296.39,39811815
2022-01-05 00:00:00+05:30,294.79,298.3,292.73,296.48,25472086
2022-01-06 00:00:00+05:30,291.49,298.42,288.82,295.94,27360386
2022-01-07 00:00:00+05:30,296.66,299.96,292.85,297.0,25657195
2022-01-10 00:00:00+05:30,298.51,305.65,297.42,304.93,41616960
2022-01-11 00:00:00+05:30,304.5,307.47,301.57,303.47,26874673
2022-01-12 00:00:00+05:30,306.23,309.86,304.81,307.08,26851780
2022-01-13 00:00:00+05:30,305.11,311.04,299.54,309.92,45546411
2022-01-14 00:00:00+05:30,308.13,312.01,306.11,308.68,20905473
2022-01-17 00:00:00+05:30,311.65,318.97,309.95,317.82,46157375
2022-01-18 00:00:00+05:30,319.58,319.94,307.01,309.22,31969059
2022-01-19 00:00:00+05:30,308.74,316.13,305.59,315.31,36009340
2022-01-20 00:00:00+05:30,314.76,316.73,309.95,312.19,30335777
2022-01-21 00:00:00+05:30,308.98,311.07,299.21,303.81,29645905
2022-01-24 00:00:00+05:30,302.5,305.29,286.55,289.64,41675087
2022-01-25 00:00:00+05:30,286.83,298.15,283.1,296.97,37275712
2022-01-27 00:00:00+05:30,291.03,304.32,288.52,299.3,44065573
2022-01-28 00:00:00+05:30,302.99,308.35,299.84,301.05,35985502
2022-01-31 00:00:00+05:30,305.71,314.79,301.6,313.43,45107054
2022-02-01 00:00:00+05:30,307.53,311.62,298.45,305.29,79339938
2022-02-02 00:00:00+05:30,307.89,311.43,305.8,306.56,23640049
2022-02-03 00:00:00+05:30,308.2,311.34,304.41,305.41,25189847
2022-02-04 00:00:00+05:30,304.99,307.41,302.08,303.05,20918022
2022-02-07 00:00:00+05:30,304.44,305.32,298.15,299.42,22123413
2022-02-08 00:00:00+05:30,301.48,301.78,290.06,298.3,38618563
2022-02-09 00:00:00+05:30,300.57,304.93,299.48,303.44,20534012
2022-02-10 00:00:00+05:30,306.74,309.04,305.23,307.2,24014868
2022-02-11 00:00:00+05:30,304.65,306.92,300.87,301.99,22357961
2022-02-14 00:00:00+05:30,294.82,295.72,283.8,285.4,36601237
2022-02-15 00:00:00+05:30,288.25,306.02,282.89,305.11,50585513
2022-02-16 00:00:00+05:30,305.11,307.47,300.63,301.75,33329870
2022-02-17 00:00:00+05:30,306.26,309.65,301.66,302.66,46158470
2022-02-18 00:00:00+05:30,301.48,304.29,297.54,298.54,25565744
2022-02-21 00:00:00+05:30,296.72,302.93,294.27,299.33,37319426
2022-02-22 00:00:00+05:30,290.91,294.39,285.4,289.52,46182368
2022-02-23 00:00:00+05:30,291.64,293.85,287.73,288.76,29244792
2022-02-24 00:00:00+05:30,276.02,279.41,245.45,259.07,94595753
2022-02-25 00:00:00+05:30,269.3,281.92,267.33,278.32,80737343
2022-02-28 00:00:00+05:30,269.39,276.87,266.64,274.87,56949164
2022-03-02 00:00:00+05:30,274.2,274.99,269.12,270.96,42603729
2022-03-03 00:00:00+05:30,277.56,277.56,263.34,264.61,48894958
2022-03-04 00:00:00+05:30,261.43,261.43,251.08,252.59,64035240
2022-03-07 00:00:00+05:30,243.21,243.21,234.58,238.52,74063806
2022-03-09 00:00:00+05:30,239.09,247.75,235.79,245.72,79911472
2022-03-10 00:00:00+05:30,258.49,263.31,250.62,254.01,98743830
2022-03-11 00:00:00+05:30,250.38,254.95,246.63,253.14,85088483
2022-03-14 00:00:00+05:30,253.5,253.65,244.57,249.23,67266459
2022-03-15 00:00:00+05:30,248.11,256.8,246.99,250.41,78804573
2022-03-16 00:00:00+05:30,258.52,259.43,254.68,257.22,44916414
2022-03-17 00:00:00+05:30,261.52,263.76,260.04,262.61,44112564
2022-03-21 00:00:00+05:30,263.64,264.12,258.55,259.07,30181400
2022-03-22 00:00:00+05:30,259.16,267.24,254.98,266.58,50285541
2022-03-23 00:00:00+05:30,268.48,270.6,263.09,263.82,42067301
2022-03-24 00:00:00+05:30,260.31,263.58,258.83,262.25,28263124
2022-03-25 00:00:00+05:30,264.55,264.55,258.89,261.58,24950604
2022-03-28 00:00:00+05:30,261.52,263.31,258.19,261.94,27681958
2022-03-29 00:00:00+05:30,263.94,265.97,261.16,262.55,30907797
2022-03-30 00:00:00+05:30,265.43,267.88,262.88,263.73,29980685
2022-03-31 00:00:00+05:30,263.94,265.33,261.88,262.58,23535989
2022-04-01 00:00:00+05:30,262.73,267.73,260.82,267.06,32013873
2022-04-04 00:00:00+05:30,269.03,272.12,267.15,270.45,30819364
2022-04-05 00:00:00+05:30,272.42,279.62,271.39,277.29,47128770
2022-04-06 00:00:00+05:30,275.99,280.11,273.99,276.14,41254714
2022-04-07 00:00:00+05:30,276.35,277.93,271.51,272.12,32955304
2022-04-08 00:00:00+05:30,272.42,276.2,272.24,273.66,26951504
2022-04-11 00:00:00+05:30,276.66,277.81,273.02,273.66,23687646
2022-04-12 00:00:00+05:30,272.9,272.9,263.34,265.33,37495408
2022-04-13 00:00:00+05:30,267.45,268.09,260.37,260.95,27781202
2022-04-18 00:00:00+05:30,260.31,264.15,256.47,262.61,25270980
2022-04-19 00:00:00+05:30,264.4,266.52,252.44,257.25,20927672
2022-04-20 00:00:00+05:30,260.92,267.39,259.25,266.7,32441652
2022-04-21 00:00:00+05:30,269.09,272.02,267.0,271.24,23332523
2022-04-22 00:00:00+05:30,267.6,270.75,265.15,265.67,23724288
2022-04-25 00:00:00+05:30,261.98,263.94,256.16,257.37,24330482
2022-04-26 00:00:00+05:30,262.67,264.82,261.28,263.28,22428354
2022-04-27 00:00:00+05:30,259.86,262.1,257.34,260.46,22632453
2022-04-28 00:00:00+05:30,263.22,265.88,260.79,263.97,22920839
2022-04-29 00:00:00+05:30,266.49,271.06,263.94,264.91,36327625
2022-05-02 00:00:00+05:30,265.12,268.15,259.4,262.04,31295158
2022-05-04 00:00:00+05:30,265.12,266.73,254.68,256.38,24670327
2022-05-05 00:00:00+05:30,259.7,262.73,256.5,258.07,20220154
2022-05-06 00:00:00+05:30,253.56,254.38,246.39,247.33,41531813
2022-05-09 00:00:00+05:30,246.48,246.63,239.12,244.54,29860872
2022-05-10 00:00:00+05:30,242.15,247.29,235.85,237.15,27322513
2022-05-11 00:00:00+05:30,239.73,240.33,228.56,234.98,48259817
2022-05-12 00:00:00+05:30,231.25,232.86,221.69,225.38,55356872
2022-05-13 00:00:00+05:30,234.28,253.86,234.28,244.75,117986406
2022-05-16 00:00:00+05:30,249.35,249.35,239.88,245.39,41195622
2022-05-17 00:00:00+05:30,247.23,257.68,245.18,256.77,40721337
2022-05-18 00:00:00+05:30,256.68,258.71,250.65,251.32,33847771
2022-05-19 00:00:00+05:30,242.15,246.27,239.85,241.33,29249295
2022-05-20 00:00:00+05:30,248.2,255.1,248.2,253.05,38826060
2022-05-23 00:00:00+05:30,255.26,261.01,253.98,255.13,27000406
2022-05-24 00:00:00+05:30,256.62,258.8,251.84,257.74,23994504
2022-05-25 00:00:00+05:30,259.37,259.7,250.29,252.44,22366397
2022-05-26 00:00:00+05:30,255.47,255.86,245.18,254.65,29258504
2022-05-27 00:00:00+05:30,257.92,262.28,257.4,260.07,27862888
2022-05-30 00:00:00+05:30,264.55,269.51,263.94,267.82,30560127
2022-05-31 00:00:00+05:30,268.76,272.12,266.61,268.51,36850389
2022-06-01 00:00:00+05:30,269.45,270.0,266.12,269.15,19707974
2022-06-02 00:00:00+05:30,269.39,269.75,263.73,265.85,21048915
2022-06-03 00:00:00+05:30,269.33,269.42,260.61,261.46,21111164
2022-06-06 00:00:00+05:30,259.04,262.7,257.04,261.73,19650878
2022-06-07 00:00:00+05:30,261.82,265.27,259.77,263.85,18424797
2022-06-08 00:00:00+05:30,265.58,266.61,261.52,263.73,21217467
2022-06-09 00:00:00+05:30,261.46,263.73,257.95,259.4,21546012
2022-06-10 00:00:00+05:30,256.07,259.61,255.47,259.13,19680825
2022-06-13 00:00:00+05:30,251.17,253.14,245.54,246.21,28813063
2022-06-14 00:00:00+05:30,243.97,249.32,240.76,245.27,32420734
2022-06-15 00:00:00+05:30,248.2,252.08,246.66,250.68,25096649
2022-06-16 00:00:00+05:30,254.26,254.8,236.16,237.88,36772442
2022-06-17 00:00:00+05:30,234.85,238.79,231.65,235.46,41007630
2022-06-20 00:00:00+05:30,236.43,237.88,228.01,231.68,28162838
2022-06-21 00:00:00+05:30,235.49,241.54,234.28,240.7,24354198
2022-06-22 00:00:00+05:30,239.97,240.33,236.4,237.97,20527196
2022-06-23 00:00:00+05:30,239.91,248.14,238.85,246.51,43797820
2022-06-24 00:00:00+05:30,248.2,249.93,245.87,247.78,24458415
2022-06-27 00:00:00+05:30,252.77,253.92,249.63,250.93,19853801
2022-06-28 00:00:00+05:30,248.99,253.17,247.69,252.5,21868081
2022-06-29 00:00:00+05:30,249.44,254.2,249.14,252.41,21646687
2022-06-30 00:00:00+05:30,253.23,256.68,248.2,249.29,33238890
2022-07-01 00:00:00+05:30,248.6,250.99,243.54,249.84,24325493
2022-07-04 00:00:00+05:30,249.14,251.17,245.18,247.26,19038079
2022-07-05 00:00:00+05:30,251.23,253.53,248.32,249.41,27703615
2022-07-06 00:00:00+05:30,250.62,252.62,248.6,252.05,20147787
2022-07-07 00:00:00+05:30,254.2,262.1,253.83,260.82,29100751
2022-07-08 00:00:00+05:30,264.09,268.69,259.89,267.3,39199038
2022-07-11 00:00:00+05:30,265.18,267.09,262.4,264.58,20848562
2022-07-12 00:00:00+05:30,262.13,263.34,259.19,260.64,15723904
2022-07-13 00:00:00+05:30,261.94,263.85,257.68,258.55,16818892
2022-07-14 00:00:00+05:30,259.1,261.07,256.25,259.13,17748649
2022-07-15 00:00:00+05:30,260.7,267.42,260.13,266.49,26056815
2022-07-18 00:00:00+05:30,268.76,274.72,268.3,272.96,34996234
2022-07-19 00:00:00+05:30,270.45,273.54,269.06,271.84,19084839
2022-07-20 00:00:00+05:30,275.05,278.93,273.48,274.51,28336568
2022-07-21 00:00:00+05:30,274.2,275.75,272.48,275.35,18057967
2022-07-22 00:00:00+05:30,276.41,278.44,273.81,275.38,17081891
2022-07-25 00:00:00+05:30,276.05,277.02,270.18,272.15,20652229
2022-07-26 00:00:00+05:30,271.63,271.63,266.21,267.06,19099438
2022-07-27 00:00:00+05:30,267.06,269.39,264.0,268.82,16647945
2022-07-28 00:00:00+05:30,266.52,271.96,258.74,267.73,60067957
2022-07-29 00:00:00+05:30,269.48,274.05,269.48,272.18,26435360
2022-08-01 00:00:00+05:30,273.6,291.18,273.05,290.09,71165306
2022-08-02 00:00:00+05:30,289.91,290.52,284.07,288.31,31492716
2022-08-03 00:00:00+05:30,287.55,288.31,278.23,283.19,31593059
2022-08-04 00:00:00+05:30,286.43,286.92,276.32,283.86,30624525
2022-08-05 00:00:00+05:30,283.86,286.28,280.89,281.65,19685925
2022-08-08 00:00:00+05:30,282.1,285.68,281.17,283.47,17444793
2022-08-10 00:00:00+05:30,284.53,288.88,280.5,287.88,22056843
2022-08-11 00:00:00+05:30,292.12,293.61,287.92,288.55,21104376
2022-08-12 00:00:00+05:30,288.01,291.46,284.53,289.1,22270570
2022-08-16 00:00:00+05:30,290.34,297.48,289.49,296.54,27734534
2022-08-17 00:00:00+05:30,297.18,299.3,293.12,293.85,26343703
2022-08-18 00:00:00+05:30,293.0,294.7,290.12,293.48,19937294
2022-08-19 00:00:00+05:30,294.67,295.48,283.37,285.13,27476608
2022-08-22 00:00:00+05:30,283.62,283.89,273.96,275.2,24856615
2022-08-23 00:00:00+05:30,271.81,279.74,270.96,278.74,29365691
2022-08-24 00:00:00+05:30,277.87,281.44,277.08,280.41,20174376
2022-08-25 00:00:00+05:30,282.1,283.8,276.9,277.99,18587941
2022-08-26 00:00:00+05:30,281.5,284.8,280.86,281.53,18584915
2022-08-29 00:00:00+05:30,273.02,276.59,272.51,274.45,19239249
2022-08-30 00:00:00+05:30,277.65,285.98,276.72,285.19,23821633
2022-09-01 00:00:00+05:30,279.98,287.19,279.77,282.65,22106187
2022-09-02 00:00:00+05:30,285.04,285.61,278.56,279.53,17846793
2022-09-05 00:00:00+05:30,278.32,280.86,276.66,277.87,15490996
2022-09-06 00:00:00+05:30,280.11,280.71,276.41,277.11,16196818
2022-09-07 00:00:00+05:30,274.35,276.35,268.57,269.91,34298644
2022-09-08 00:00:00+05:30,273.9,273.96,266.36,267.7,31936535
2022-09-09 00:00:00+05:30,270.9,272.21,266.73,269.94,23612379
2022-09-12 00:00:00+05:30,271.03,274.23,270.6,273.02,14801119
2022-09-13 00:00:00+05:30,275.02,277.84,274.57,276.53,17606822
2022-09-14 00:00:00+05:30,270.96,275.26,270.6,272.54,17113703
2022-09-15 00:00:00+05:30,273.87,275.96,270.03,270.75,17107711
2022-09-16 00:00:00+05:30,270.0,270.24,259.77,261.82,34673363
2022-09-19 00:00:00+05:30,261.22,261.28,256.71,257.56,25167781
2022-09-20 00:00:00+05:30,260.67,268.39,260.67,262.88,29001935
2022-09-21 00:00:00+05:30,262.7,263.94,257.59,258.89,17890769
2022-09-22 00:00:00+05:30,257.28,263.09,255.8,261.64,22460336
2022-09-23 00:00:00+05:30,261.46,261.46,254.59,256.13,22201651
2022-09-26 00:00:00+05:30,251.84,252.99,238.0,240.64,54890640
2022-09-27 00:00:00+05:30,244.51,244.57,236.31,241.42,36229930
2022-09-28 00:00:00+05:30,239.06,246.14,237.82,241.6,29922602
2022-09-29 00:00:00+05:30,248.81,250.17,241.91,243.51,34230187
2022-09-30 00:00:00+05:30,240.94,247.14,237.61,244.93,34608476
2022-10-03 00:00:00+05:30,245.48,246.11,239.42,240.73,33585070
2022-10-04 00:00:00+05:30,245.78,247.57,243.9,246.93,21074937
2022-10-06 00:00:00+05:30,247.96,252.83,247.9,250.68,21095911
2022-10-07 00:00:00+05:30,250.26,250.62,247.42,249.5,17623770
2022-10-10 00:00:00+05:30,244.21,244.21,237.94,239.7,54367534
2022-10-11 00:00:00+05:30,240.33,241.85,236.88,238.12,24182138
2022-10-12 00:00:00+05:30,238.85,241.06,236.76,240.06,23599669
2022-10-13 00:00:00+05:30,240.06,244.27,238.85,241.54,20785399
2022-10-14 00:00:00+05:30,246.39,247.72,239.3,239.88,21266817
2022-10-17 00:00:00+05:30,238.52,241.48,237.61,239.79,15763917
2022-10-18 00:00:00+05:30,242.75,246.21,242.57,244.72,23480004
2022-10-19 00:00:00+05:30,245.9,246.36,240.51,241.57,14283659
2022-10-20 00:00:00+05:30,240.33,242.09,237.97,241.0,17751967
2022-10-21 00:00:00+05:30,240.33,243.51,238.94,240.97,16975930
2022-10-24 00:00:00+05:30,245.78,245.78,242.24,243.12,4739779
2022-10-25 00:00:00+05:30,244.78,248.51,244.09,244.9,29698322
2022-10-27 00:00:00+05:30,247.33,249.23,244.57,246.81,24140706
2022-10-28 00:00:00+05:30,246.99,248.93,245.84,248.14,20628442
2022-10-31 00:00:00+05:30,250.84,252.02,249.17,249.87,16396425
2022-11-01 00:00:00+05:30,251.17,255.71,249.9,255.07,28617129
2022-11-02 00:00:00+05:30,256.1,257.34,254.35,255.56,20537469
2022-11-03 00:00:00+05:30,253.89,256.25,250.93,251.99,18149506
2022-11-04 00:00:00+05:30,253.17,257.89,252.38,257.5,20278452
2022-11-07 00:00:00+05:30,259.25,264.85,259.25,263.34,24870235
2022-11-09 00:00:00+05:30,265.88,267.09,261.52,262.22,23881021
2022-11-10 00:00:00+05:30,254.56,254.59,247.72,249.53,43361795
2022-11-11 00:00:00+05:30,254.26,257.59,251.05,256.38,31873136
2022-11-14 00:00:00+05:30,256.68,264.97,256.38,262.55,29725585
2022-11-15 00:00:00+05:30,263.28,265.46,262.79,264.64,17663200
2022-11-16 00:00:00+05:30,264.52,265.27,260.07,261.25,13553121
2022-11-17 00:00:00+05:30,255.47,258.83,254.01,256.16,25804308
2022-11-18 00:00:00+05:30,256.68,258.16,254.95,256.56,16273389
2022-11-21 00:00:00+05:30,257.65,258.86,254.26,254.92,15688764
2022-11-22 00:00:00+05:30,254.86,258.13,254.56,257.1,10583262
2022-11-23 00:00:00+05:30,258.4,259.89,255.98,256.71,10849532
2022-11-24 00:00:00+05:30,256.98,257.43,254.68,256.31,11178863
2022-11-25 00:00:00+05:30,257.28,263.43,256.68,262.25,30993283
2022-11-28 00:00:00+05:30,263.34,266.58,261.76,262.28,17677058
2022-11-29 00:00:00+05:30,261.82,265.09,260.04,262.22,14255394
2022-11-30 00:00:00+05:30,263.34,266.97,262.31,266.0,24328637
2022-12-01 00:00:00+05:30,268.18,268.54,264.46,265.3,14715598
2022-12-02 00:00:00+05:30,265.76,267.06,263.34,263.58,13796832
2022-12-05 00:00:00+05:30,263.64,264.85,258.98,259.55,21238282
2022-12-06 00:00:00+05:30,259.58,261.13,257.5,258.55,13977887
2022-12-07 00:00:00+05:30,259.1,259.1,253.71,254.32,20036188
2022-12-08 00:00:00+05:30,254.86,255.1,251.44,252.56,15758319
2022-12-09 00:00:00+05:30,253.83,254.83,247.93,250.2,16386235
2022-12-12 00:00:00+05:30,249.41,252.38,246.99,250.72,13228692
2022-12-13 00:00:00+05:30,254.23,255.16,252.59,253.35,16051091
2022-12-14 00:00:00+05:30,254.59,255.07,252.65,252.99,10431397
2022-12-15 00:00:00+05:30,253.56,255.95,251.65,252.26,12459059
2022-12-16 00:00:00+05:30,252.65,258.98,250.08,255.23,84158923
2022-12-19 00:00:00+05:30,255.41,255.98,251.53,253.05,16203136
2022-12-20 00:00:00+05:30,253.05,253.05,246.99,248.51,20383397
2022-12-21 00:00:00+05:30,249.78,250.87,242.75,243.72,19164887
2022-12-22 00:00:00+05:30,244.63,244.99,236.22,238.79,24624710
2022-12-23 00:00:00+05:30,236.1,236.1,228.23,229.04,32875053
2022-12-26 00:00:00+05:30,230.19,236.52,227.14,232.95,28047017
2022-12-27 00:00:00+05:30,236.1,240.61,235.19,238.61,23741114
2022-12-28 00:00:00+05:30,238.52,239.67,236.34,236.88,13948295
2022-12-29 00:00:00+05:30,235.49,236.1,231.89,233.61,25814516
2022-12-30 00:00:00+05:30,236.7,237.43,234.28,234.85,15195058
2023-01-02 00:00:00+05:30,237.61,239.73,236.7,239.0,17346929
2023-01-03 00:00:00+05:30,239.73,241.15,237.91,238.46,15579197
2023-01-04 00:00:00+05:30,239.0,239.0,233.07,233.43,26629958
2023-01-05 00:00:00+05:30,234.82,235.34,231.56,234.22,17252031
2023-01-06 00:00:00+05:30,233.73,235.13,230.65,231.25,14396865
2023-01-09 00:00:00+05:30,233.89,237.73,233.07,235.76,24271163
2023-01-10 00:00:00+05:30,242.15,252.89,242.15,249.96,89236565
2023-01-11 00:00:00+05:30,251.68,254.26,250.35,253.17,36711866
2023-01-12 00:00:00+05:30,254.44,254.56,248.23,249.56,20613804
2023-01-13 00:00:00+05:30,250.02,252.05,246.99,249.11,17261483
2023-01-16 00:00:00+05:30,250.32,251.17,246.75,250.02,18934023
2023-01-17 00:00:00+05:30,250.02,253.92,249.72,251.41,20380783
2023-01-18 00:00:00+05:30,251.77,251.8,246.66,247.23,21986978
2023-01-19 00:00:00+05:30,246.08,246.87,242.21,242.6,21683370
2023-01-20 00:00:00+05:30,244.57,249.72,242.88,244.06,39489912
2023-01-23 00:00:00+05:30,246.39,248.78,245.18,247.23,21661339
2023-01-24 00:00:00+05:30,248.2,256.68,248.2,255.56,49882454
2023-01-25 00:00:00+05:30,256.53,258.65,252.86,253.68,37952788
2023-01-27 00:00:00+05:30,265.15,274.48,263.43,269.75,104663571
2023-01-30 00:00:00+05:30,269.75,272.42,264.94,268.57,30256970
2023-01-31 00:00:00+05:30,268.6,275.32,266.91,273.69,41552048
2023-02-01 00:00:00+05:30,276.53,279.38,264.94,270.39,39312294
2023-02-02 00:00:00+05:30,270.45,271.93,266.79,269.27,18739785
2023-02-03 00:00:00+05:30,270.6,272.9,267.79,269.66,21585716
2023-02-06 00:00:00+05:30,268.82,270.6,266.09,267.57,11221319
2023-02-07 00:00:00+05:30,267.39,268.42,262.07,263.61,14905934
2023-02-08 00:00:00+05:30,263.61,266.97,261.25,266.42,14318894
2023-02-09 00:00:00+05:30,266.36,266.79,262.46,264.4,12140320
2023-02-10 00:00:00+05:30,265.12,271.09,261.04,269.91,24445090
2023-02-13 00:00:00+05:30,269.69,270.54,265.7,267.0,13766341
2023-02-14 00:00:00+05:30,267.57,268.97,262.97,266.7,14149233
2023-02-15 00:00:00+05:30,265.4,269.33,265.24,268.88,16282558
2023-02-16 00:00:00+05:30,269.39,271.36,266.67,267.33,12671018
2023-02-17 00:00:00+05:30,263.94,267.85,263.94,266.3,11489526
2023-02-20 00:00:00+05:30,267.45,269.57,264.09,268.18,16051595
2023-02-21 00:00:00+05:30,269.51,269.51,263.49,264.25,14797381
2023-02-22 00:00:00+05:30,263.52,264.25,259.25,259.98,11908582
2023-02-23 00:00:00+05:30,259.49,264.21,258.62,262.25,15327616
2023-02-24 00:00:00+05:30,263.58,264.37,258.49,258.95,13041593
2023-02-27 00:00:00+05:30,258.95,259.13,250.05,253.02,17243804
2023-02-28 00:00:00+05:30,253.65,257.16,253.65,254.68,15944043
2023-03-01 00:00:00+05:30,255.16,259.1,255.16,257.89,12546179
2023-03-02 00:00:00+05:30,257.89,258.04,253.98,254.53,9351435
2023-03-03 00:00:00+05:30,255.83,260.61,255.44,259.1,13259232
2023-03-06 00:00:00+05:30,260.89,267.24,260.31,266.97,18671429
2023-03-08 00:00:00+05:30,265.76,267.12,264.0,265.94,12966115
2023-03-09 00:00:00+05:30,265.82,267.6,261.1,261.64,9408185
2023-03-10 00:00:00+05:30,262.13,265.03,260.79,263.85,17205724
2023-03-13 00:00:00+05:30,264.0,264.55,253.71,255.71,14502519
2023-03-14 00:00:00+05:30,255.98,256.8,250.26,252.23,15179031
2023-03-15 00:00:00+05:30,255.47,257.28,248.26,249.02,12687690
2023-03-16 00:00:00+05:30,250.2,253.35,245.18,251.65,19582787
2023-03-17 00:00:00+05:30,253.65,256.35,250.96,253.65,14298338
2023-03-20 00:00:00+05:30,251.59,252.41,245.48,248.66,16642309
2023-03-21 00:00:00+05:30,249.93,250.56,246.81,249.75,12209426
2023-03-22 00:00:00+05:30,251.84,253.29,250.47,251.9,9461892
2023-03-23 00:00:00+05:30,251.84,255.77,251.84,253.74,16216511
2023-03-24 00:00:00+05:30,253.65,254.59,251.11,252.14,11361033
2023-03-27 00:00:00+05:30,251.84,253.35,248.35,249.44,12278927
2023-03-28 00:00:00+05:30,250.72,250.93,242.42,243.12,15781234
2023-03-29 00:00:00+05:30,243.12,248.57,243.12,247.72,17306942
2023-03-31 00:00:00+05:30,249.02,255.32,248.81,254.83,18228270
2023-04-03 00:00:00+05:30,256.07,257.25,253.95,256.83,11476213
2023-04-05 00:00:00+05:30,256.83,259.55,256.16,258.22,14569615
2023-04-06 00:00:00+05:30,258.19,265.94,256.53,264.94,18014445
2023-04-10 00:00:00+05:30,273.66,286.52,273.63,279.26,83353992
2023-04-11 00:00:00+05:30,280.74,280.74,275.93,277.68,23938234
2023-04-12 00:00:00+05:30,278.08,283.68,277.38,281.8,22385776
2023-04-13 00:00:00+05:30,281.47,285.74,280.44,284.22,21029317
2023-04-17 00:00:00+05:30,285.13,286.34,281.98,285.74,17688501
2023-04-18 00:00:00+05:30,287.55,292.61,283.37,286.34,26657498
2023-04-19 00:00:00+05:30,286.34,287.85,283.22,284.16,12167728
2023-04-20 00:00:00+05:30,286.77,290.4,284.16,288.64,23559765
2023-04-21 00:00:00+05:30,288.58,288.58,282.83,285.25,14002690
2023-04-24 00:00:00+05:30,285.25,288.16,283.5,287.67,13249017
2023-04-25 00:00:00+05:30,287.73,288.4,285.68,286.67,11378477
2023-04-26 00:00:00+05:30,286.34,290.28,286.1,289.49,12870460
2023-04-27 00:00:00+05:30,289.67,291.79,288.46,291.55,11704844
2023-04-28 00:00:00+05:30,291.43,295.42,289.58,293.58,16432544
2023-05-02 00:00:00+05:30,292.09,293.0,287.28,290.73,19066919
2023-05-03 00:00:00+05:30,290.73,293.67,289.22,292.82,14089227
2023-05-04 00:00:00+05:30,292.76,294.45,289.82,291.06,9333261
2023-05-05 00:00:00+05:30,291.58,293.42,288.25,288.82,7979670
2023-05-08 00:00:00+05:30,290.58,304.08,289.43,302.99,38844391
2023-05-09 00:00:00+05:30,303.9,310.44,303.62,304.9,32734234
2023-05-10 00:00:00+05:30,307.53,310.5,305.32,308.44,20616731
2023-05-11 00:00:00+05:30,309.95,311.25,306.02,309.71,18919374
2023-05-12 00:00:00+05:30,311.1,315.1,308.92,312.34,32652146
2023-05-15 00:00:00+05:30,317.12,325.18,315.7,321.36,63217367
2023-05-16 00:00:00+05:30,323.24,324.45,314.1,315.49,27280521
2023-05-17 00:00:00+05:30,316.31,317.19,310.25,312.07,22605657
2023-05-18 00:00:00+05:30,314.07,315.34,306.98,307.8,20307031
2023-05-19 00:00:00+05:30,308.62,318.67,305.56,317.79,31950228
2023-05-22 00:00:00+05:30,317.79,319.03,314.4,316.31,16482969
2023-05-23 00:00:00+05:30,316.31,321.45,315.49,319.94,20245155
2023-05-24 00:00:00+05:30,319.12,320.64,314.28,314.91,12634009
2023-05-25 00:00:00+05:30,313.58,313.58,308.2,311.68,19068769
2023-05-26 00:00:00+05:30,311.71,314.64,310.07,313.86,13809982
2023-05-29 00:00:00+05:30,317.88,317.88,314.61,315.67,10896413
2023-05-30 00:00:00+05:30,315.67,316.91,313.58,314.07,8481863
2023-05-31 00:00:00+05:30,314.76,319.33,312.61,318.61,20363132
2023-06-01 00:00:00+05:30,319.33,324.63,316.52,324.0,20667046
2023-06-02 00:00:00+05:30,325.09,327.66,322.51,324.42,20305888
2023-06-05 00:00:00+05:30,326.3,332.23,325.63,330.68,24791877
2023-06-06 00:00:00+05:30,332.62,337.19,330.14,336.44,25430768
2023-06-07 00:00:00+05:30,338.28,348.09,334.26,343.82,34450248
2023-06-08 00:00:00+05:30,345.06,349.03,337.19,338.83,35559538
2023-06-09 00:00:00+05:30,341.67,342.91,338.58,340.4,15464082
2023-06-12 00:00:00+05:30,343.25,344.4,339.4,341.52,12553543
2023-06-13 00:00:00+05:30,343.67,345.7,339.46,340.34,21219816
2023-06-14 00:00:00+05:30,342.64,345.79,341.43,345.24,20996643
2023-06-15 00:00:00+05:30,346.15,348.09,343.7,344.12,20608394
2023-06-16 00:00:00+05:30,344.85,346.27,342.7,344.97,14386168
2023-06-19 00:00:00+05:30,345.46,347.0,341.55,342.79,10319242
2023-06-20 00:00:00+05:30,342.67,353.51,340.52,352.96,29797466
2023-06-21 00:00:00+05:30,354.11,354.42,347.82,351.87,15018000
2023-06-22 00:00:00+05:30,353.54,353.84,344.09,345.67,18483865
2023-06-23 00:00:00+05:30,345.06,345.49,337.68,339.31,15405905
2023-06-26 00:00:00+05:30,339.01,344.46,337.68,344.15,11488397
2023-06-27 00:00:00+05:30,345.06,349.21,344.85,346.73,15474215
2023-06-28 00:00:00+05:30,350.51,357.17,348.39,354.75,27509803
2023-06-30 00:00:00+05:30,356.17,362.62,355.99,360.32,20514456
2023-07-03 00:00:00+05:30,363.22,364.62,357.17,358.32,18238428
2023-07-04 00:00:00+05:30,359.83,361.01,356.99,358.32,11353971
2023-07-05 00:00:00+05:30,358.38,358.99,354.29,357.08,14361081
2023-07-06 00:00:00+05:30,357.65,366.22,356.5,363.83,23614577
2023-07-07 00:00:00+05:30,363.22,378.18,358.5,376.63,34673694
2023-07-10 00:00:00+05:30,377.75,384.29,373.85,374.97,38819877
2023-07-11 00:00:00+05:30,378.33,381.63,376.94,380.26,19522776
2023-07-12 00:00:00+05:30,381.35,381.87,374.94,375.33,17719547
2023-07-13 00:00:00+05:30,378.36,379.21,372.61,377.24,15935295
2023-07-14 00:00:00+05:30,377.15,378.96,375.03,377.96,11481575
2023-07-17 00:00:00+05:30,379.51,379.51,373.61,374.88,12448733
2023-07-18 00:00:00+05:30,375.57,375.85,367.55,370.12,17054848
2023-07-19 00:00:00+05:30,371.7,378.51,369.37,375.27,18333533
2023-07-20 00:00:00+05:30,376.94,377.39,373.06,376.06,12891199
2023-07-21 00:00:00+05:30,375.94,381.99,374.42,379.11,21268698
2023-07-24 00:00:00+05:30,380.14,384.08,379.21,381.38,20112956
2023-07-25 00:00:00+05:30,385.02,388.95,383.75,388.35,22863542
2023-07-26 00:00:00+05:30,387.44,401.42,386.83,387.44,50376631
2023-07-27 00:00:00+05:30,391.68,392.52,385.5,390.83,19126005
2023-07-28 00:00:00+05:30,391.07,391.07,382.53,385.02,15256374
2023-07-31 00:00:00+05:30,387.56,390.77,385.29,390.04,12282148
2023-08-01 00:00:00+05:30,390.47,395.25,388.65,389.19,14685316
2023-08-02 00:00:00+05:30,389.86,389.86,373.18,377.15,25988313
2023-08-03 00:00:00+05:30,377.15,379.18,371.82,375.63,18856948
2023-08-04 00:00:00+05:30,378.27,378.27,371.37,372.76,19434625
2023-08-07 00:00:00+05:30,374.73,374.73,368.4,369.43,16293051
2023-08-08 00:00:00+05:30,370.82,372.15,366.4,368.07,14581165
2023-08-09 00:00:00+05:30,369.64,377.75,366.55,377.45,22003639
2023-08-10 00:00:00+05:30,377.15,380.26,367.49,373.64,87640144
2023-08-11 00:00:00+05:30,375.18,378.02,369.67,370.31,15379809
2023-08-14 00:00:00+05:30,370.49,370.49,359.95,367.37,23821603
2023-08-16 00:00:00+05:30,367.28,376.06,362.68,374.0,23945091
2023-08-17 00:00:00+05:30,375.33,376.3,369.91,371.31,19905700
2023-08-18 00:00:00+05:30,370.97,375.39,370.16,371.58,18382780
2023-08-21 00:00:00+05:30,373.51,377.15,372.46,375.03,15733539
2023-08-22 00:00:00+05:30,376.42,379.24,374.48,375.0,14034226
2023-08-23 00:00:00+05:30,377.0,377.0,371.21,372.0,13539228
2023-08-24 00:00:00+05:30,374.12,374.7,369.1,370.34,11646644
2023-08-25 00:00:00+05:30,369.79,373.21,359.29,364.31,26468601
2023-08-28 00:00:00+05:30,366.49,368.37,364.22,364.68,12290133
2023-08-29 00:00:00+05:30,365.4,369.58,365.4,367.85,11411765
2023-08-30 00:00:00+05:30,370.0,371.03,366.25,367.25,9339538
2023-08-31 00:00:00+05:30,368.55,368.82,362.68,364.37,17353160
2023-09-01 00:00:00+05:30,365.77,372.24,364.37,370.0,17010170
2023-09-04 00:00:00+05:30,372.67,372.67,366.86,368.67,13863633
2023-09-05 00:00:00+05:30,369.28,374.67,368.1,369.97,14141125
2023-09-06 00:00:00+05:30,369.97,370.82,366.61,369.43,10770331
2023-09-07 00:00:00+05:30,369.82,373.21,368.7,372.24,10770709
2023-09-08 00:00:00+05:30,374.09,380.72,371.82,379.72,26745094
2023-09-11 00:00:00+05:30,384.2,384.65,381.69,384.32,14504305
2023-09-12 00:00:00+05:30,386.23,386.83,372.46,375.82,20716787
2023-09-13 00:00:00+05:30,375.94,380.48,375.06,378.9,11543894
2023-09-14 00:00:00+05:30,380.23,381.87,377.33,378.12,9452516
2023-09-15 00:00:00+05:30,380.6,385.32,379.66,383.96,31249849
2023-09-18 00:00:00+05:30,384.96,389.98,383.29,387.83,18349604
2023-09-20 00:00:00+05:30,387.86,391.68,385.62,386.53,19455660
2023-09-21 00:00:00+05:30,386.53,388.47,377.75,379.6,15307684
2023-09-22 00:00:00+05:30,380.17,381.87,374.73,375.6,10822948
2023-09-25 00:00:00+05:30,377.66,378.48,374.06,374.54,10556606
2023-09-26 00:00:00+05:30,374.54,378.78,374.09,375.21,10359087
2023-09-27 00:00:00+05:30,375.3,376.48,373.36,375.42,9845984
2023-09-28 00:00:00+05:30,377.09,377.63,370.64,371.76,11180214
2023-09-29 00:00:00+05:30,374.54,383.2,373.51,381.51,14816336
2023-10-03 00:00:00+05:30,382.96,382.99,374.48,375.6,11388979
2023-10-04 00:00:00+05:30,375.82,375.82,368.25,371.46,12575244
2023-10-05 00:00:00+05:30,374.73,376.15,372.09,375.09,13039723
2023-10-06 00:00:00+05:30,379.57,379.78,375.33,376.81,13086780
2023-10-09 00:00:00+05:30,375.82,376.54,371.52,373.73,10540927
2023-10-10 00:00:00+05:30,375.33,382.9,373.88,381.72,16243596
2023-10-11 00:00:00+05:30,383.2,386.11,382.96,383.81,12722627
2023-10-12 00:00:00+05:30,385.62,387.56,384.44,385.59,9793524
2023-10-13 00:00:00+05:30,383.78,404.99,383.2,403.84,46271791
2023-10-16 00:00:00+05:30,404.72,410.32,400.3,403.3,33047107
2023-10-17 00:00:00+05:30,405.6,406.14,396.31,396.94,16954832
2023-10-18 00:00:00+05:30,398.7,406.96,395.79,404.69,24627438
2023-10-19 00:00:00+05:30,401.33,406.99,398.7,404.87,17564458
2023-10-20 00:00:00+05:30,403.57,409.47,399.85,401.48,19425336
2023-10-23 00:00:00+05:30,401.76,403.93,390.47,391.89,14146664
2023-10-25 00:00:00+05:30,393.49,394.64,385.05,386.14,13594203
2023-10-26 00:00:00+05:30,384.41,384.81,377.84,379.3,14684133
2023-10-27 00:00:00+05:30,381.38,389.83,380.45,388.07,16903399
2023-10-30 00:00:00+05:30,389.74,389.74,376.45,380.48,21122332
2023-10-31 00:00:00+05:30,388.65,388.65,379.75,380.57,18824381
2023-11-01 00:00:00+05:30,381.38,383.69,379.14,379.99,14512158
2023-11-02 00:00:00+05:30,382.6,386.35,381.45,385.29,16410230
2023-11-03 00:00:00+05:30,400.76,403.18,391.19,391.98,38138252
2023-11-06 00:00:00+05:30,395.22,395.22,389.38,391.1,17842399
2023-11-07 00:00:00+05:30,390.47,393.43,389.44,390.47,10882673
2023-11-08 00:00:00+05:30,392.28,392.92,388.59,388.98,10822860
2023-11-09 00:00:00+05:30,389.86,395.7,389.07,393.1,16774868
2023-11-10 00:00:00+05:30,393.1,395.28,389.86,394.13,10614605
2023-11-12 00:00:00+05:30,398.3,398.3,394.95,395.64,3709422
2023-11-13 00:00:00+05:30,395.31,395.91,393.07,395.46,5417868
2023-11-15 00:00:00+05:30,399.55,407.72,397.46,406.54,18706549
2023-11-16 00:00:00+05:30,408.02,414.98,406.14,411.9,28910081
2023-11-17 00:00:00+05:30,413.17,416.28,411.41,412.59,15797244
2023-11-20 00:00:00+05:30,412.86,415.74,406.02,408.2,13750792
2023-11-21 00:00:00+05:30,409.84,413.65,408.63,412.68,12043915
2023-11-22 00:00:00+05:30,414.04,416.1,409.26,412.38,15328809
2023-11-23 00:00:00+05:30,413.59,415.23,409.87,411.62,9721896
2023-11-24 00:00:00+05:30,412.5,412.83,406.36,407.84,11483323
2023-11-28 00:00:00+05:30,410.11,423.43,408.17,422.25,26456199
2023-11-29 00:00:00+05:30,425.43,432.48,420.34,431.24,26632956
2023-11-30 00:00:00+05:30,433.63,434.2,421.94,427.64,40099670
2023-12-01 00:00:00+05:30,428.6,430.42,425.58,427.06,17452745
2023-12-04 00:00:00+05:30,433.45,434.05,426.67,427.15,15441787
2023-12-05 00:00:00+05:30,427.33,432.78,426.79,429.18,15860493
2023-12-06 00:00:00+05:30,429.24,438.77,429.21,437.35,20068340
2023-12-07 00:00:00+05:30,438.9,440.41,433.45,437.05,17265069
2023-12-08 00:00:00+05:30,437.11,440.47,428.3,432.57,14135430
2023-12-11 00:00:00+05:30,434.54,439.8,433.78,436.35,10577301
2023-12-12 00:00:00+05:30,438.77,438.77,431.63,433.08,10673655
2023-12-13 00:00:00+05:30,433.45,436.75,431.93,436.05,9593654
2023-12-14 00:00:00+05:30,438.29,438.71,435.02,435.72,11121004
2023-12-15 00:00:00+05:30,438.23,444.34,436.63,443.37,19958084
2023-12-18 00:00:00+05:30,443.68,444.8,440.77,442.41,9003375
2023-12-19 00:00:00+05:30,443.5,443.5,439.5,441.29,7451775
2023-12-20 00:00:00+05:30,442.5,443.74,425.61,426.94,13392745
2023-12-21 00:00:00+05:30,425.58,430.96,421.49,429.12,12723124
2023-12-22 00:00:00+05:30,433.93,442.53,431.03,438.71,19925309
2023-12-26 00:00:00+05:30,440.35,440.41,433.81,435.6,11941641
2023-12-27 00:00:00+05:30,440.71,449.1,438.99,448.52,24865344
2023-12-28 00:00:00+05:30,449.58,458.84,447.4,456.39,24623177
2023-12-29 00:00:00+05:30,457.06,486.05,456.45,472.16,68008009
2024-01-01 00:00:00+05:30,475.22,483.51,472.83,478.61,20765253
2024-01-02 00:00:00+05:30,484.6,486.72,471.59,474.85,22781157
2024-01-03 00:00:00+05:30,475.85,478.24,469.92,473.07,14138497
2024-01-04 00:00:00+05:30,483.09,485.39,479.03,481.73,23619242
2024-01-05 00:00:00+05:30,483.69,487.87,476.49,478.82,18321273
2024-01-08 00:00:00+05:30,483.33,484.51,476.73,477.7,12667356
2024-01-09 00:00:00+05:30,484.27,489.87,480.15,484.18,21264185
2024-01-10 00:00:00+05:30,484.3,490.96,479.85,489.41,16485785
2024-01-11 00:00:00+05:30,492.47,494.89,489.41,493.77,18294791
2024-01-12 00:00:00+05:30,495.29,495.53,489.84,494.26,12660125
2024-01-15 00:00:00+05:30,496.41,496.65,490.53,491.84,7988230
2024-01-16 00:00:00+05:30,491.84,500.64,491.84,495.71,16781507
2024-01-17 00:00:00+05:30,490.96,492.59,486.72,487.66,13042278
2024-01-18 00:00:00+05:30,488.54,498.19,482.48,495.83,18997380
2024-01-19 00:00:00+05:30,498.74,500.04,496.1,498.55,9427066
2024-01-20 00:00:00+05:30,500.04,500.64,494.62,495.74,4687010
2024-01-23 00:00:00+05:30,499.37,501.01,482.06,484.57,15587438
2024-01-24 00:00:00+05:30,485.75,491.56,477.34,490.9,11922477
2024-01-25 00:00:00+05:30,492.77,492.86,484.48,491.47,16699994
2024-01-29 00:00:00+05:30,491.47,510.81,490.99,509.12,21183126
2024-01-30 00:00:00+05:30,510.33,536.33,510.24,519.92,32599114
2024-01-31 00:00:00+05:30,523.77,542.72,523.77,535.27,40574001
2024-02-01 00:00:00+05:30,544.84,544.93,530.49,531.82,23961909
2024-02-02 00:00:00+05:30,536.36,542.26,530.82,531.97,21480052
2024-02-05 00:00:00+05:30,565.42,575.1,554.13,561.06,63905875
2024-02-06 00:00:00+05:30,566.87,569.84,562.03,568.78,21003265
2024-02-07 00:00:00+05:30,571.47,571.47,561.82,565.3,13071303
2024-02-08 00:00:00+05:30,567.23,568.87,556.22,559.55,19122523
2024-02-09 00:00:00+05:30,560.58,561.42,548.5,553.92,13057875
2024-02-12 00:00:00+05:30,554.58,559.97,549.68,551.86,12036846
2024-02-13 00:00:00+05:30,551.86,556.4,541.2,549.01,14163536
2024-02-14 00:00:00+05:30,544.84,556.91,541.42,555.91,10854370
2024-02-15 00:00:00+05:30,559.18,561.18,554.73,557.28,10622876
2024-02-16 00:00:00+05:30,559.97,574.38,559.42,568.2,21187220
2024-02-19 00:00:00+05:30,570.84,570.84,563.63,564.57,7651839
2024-02-20 00:00:00+05:30,565.69,565.81,557.19,560.79,7819380
2024-02-21 00:00:00+05:30,560.79,567.36,554.82,557.58,9929450
2024-02-22 00:00:00+05:30,559.76,565.33,553.67,564.39,10633143
2024-02-23 00:00:00+05:30,564.87,568.93,562.63,567.48,11641544
2024-02-26 00:00:00+05:30,567.29,572.08,563.42,567.2,9250887
2024-02-27 00:00:00+05:30,567.08,584.18,566.33,582.79,21160859
2024-02-28 00:00:00+05:30,584.88,590.84,575.29,579.98,25140195
2024-02-29 00:00:00+05:30,580.55,580.7,570.81,575.23,17091384
2024-03-01 00:00:00+05:30,580.52,593.51,579.16,591.69,17584819
2024-03-02 00:00:00+05:30,597.5,600.89,594.2,598.32,2946226
2024-03-04 00:00:00+05:30,601.29,602.35,593.33,597.62,10050825
2024-03-05 00:00:00+05:30,621.72,645.09,608.61,618.63,98800350
2024-03-06 00:00:00+05:30,620.51,623.93,610.82,616.06,23481111
2024-03-07 00:00:00+05:30,620.51,633.83,613.88,629.16,27878830
2024-03-11 00:00:00+05:30,626.41,627.14,618.09,622.32,12393110
2024-03-12 00:00:00+05:30,622.2,627.77,612.21,615.36,14476735
2024-03-13 00:00:00+05:30,616.87,618.09,583.31,589.15,27361914
2024-03-14 00:00:00+05:30,584.15,594.48,578.37,585.85,37880469
2024-03-15 00:00:00+05:30,586.24,593.11,569.05,572.59,38638864
2024-03-18 00:00:00+05:30,572.59,590.12,567.02,588.69,20023565
2024-03-19 00:00:00+05:30,586.33,587.57,576.07,579.8,15665970
2024-03-20 00:00:00+05:30,581.7,584.28,557.67,569.32,22961593
2024-03-21 00:00:00+05:30,575.71,586.76,572.68,584.12,18293206
2024-03-22 00:00:00+05:30,584.12,597.02,575.32,593.14,22528760
2024-03-26 00:00:00+05:30,591.45,602.35,590.84,597.02,15629267
2024-03-27 00:00:00+05:30,600.29,602.35,591.27,592.45,10969337
2024-03-28 00:00:00+05:30,594.78,605.31,592.66,601.01,16292437
2024-04-01 00:00:00+05:30,605.37,611.34,597.78,600.68,14254702
2024-04-02 00:00:00+05:30,604.77,610.22,601.38,608.19,13208279
2024-04-03 00:00:00+05:30,607.79,614.12,600.86,610.91,13281680
2024-04-04 00:00:00+05:30,615.06,615.66,604.25,612.4,15095290
2024-04-05 00:00:00+05:30,612.4,612.94,608.04,609.67,7465021
2024-04-08 00:00:00+05:30,611.46,615.3,607.79,613.36,8570013
2024-04-09 00:00:00+05:30,618.09,623.23,608.4,610.52,14105428
2024-04-10 00:00:00+05:30,612.79,618.09,611.43,613.55,7522766
2024-04-12 00:00:00+05:30,613.85,622.93,613.55,616.57,19120774
2024-04-15 00:00:00+05:30,604.22,609.58,592.36,604.65,20867161
2024-04-16 00:00:00+05:30,599.32,608.34,594.54,601.01,15816310
2024-04-18 00:00:00+05:30,603.16,607.25,584.94,588.03,22367197
2024-04-19 00:00:00+05:30,583.58,585.97,571.47,583.09,25408001
2024-04-22 00:00:00+05:30,592.51,592.51,584.79,589.36,11873610
2024-04-23 00:00:00+05:30,590.84,602.04,589.66,597.35,13205280
2024-04-24 00:00:00+05:30,600.77,602.89,598.11,600.32,7716651
2024-04-25 00:00:00+05:30,600.83,607.37,599.02,606.13,13820338
2024-04-26 00:00:00+05:30,610.09,610.79,603.31,605.07,13111758
2024-04-29 00:00:00+05:30,607.22,608.85,604.77,605.74,7870771
2024-04-30 00:00:00+05:30,608.4,617.15,603.86,610.16,14944531
2024-05-02 00:00:00+05:30,617.48,623.53,612.36,622.2,20970631
2024-05-03 00:00:00+05:30,628.38,629.71,602.95,613.48,19610685
2024-05-06 00:00:00+05:30,614.45,617.36,608.4,615.18,9456588
2024-05-07 00:00:00+05:30,615.18,616.24,594.51,598.44,14664398
2024-05-08 00:00:00+05:30,597.47,614.45,591.45,612.7,12421030
2024-05-09 00:00:00+05:30,612.03,631.52,609.79,623.72,31699148
2024-05-10 00:00:00+05:30,627.77,635.85,623.78,633.61,22107345
2024-05-13 00:00:00+05:30,608.4,610.64,573.41,581.01,97418935
2024-05-14 00:00:00+05:30,584.25,586.0,577.07,583.97,26967998
2024-05-15 00:00:00+05:30,587.79,589.0,572.14,573.47,32489472
2024-05-16 00:00:00+05:30,577.04,577.77,556.34,566.87,51605847
2024-05-17 00:00:00+05:30,571.47,577.16,569.66,572.5,21813855
2024-05-18 00:00:00+05:30,575.1,579.95,573.29,577.5,3181528
2024-05-21 00:00:00+05:30,577.53,579.13,574.32,575.89,16610029
2024-05-22 00:00:00+05:30,576.31,578.07,570.59,573.59,15685014
2024-05-23 00:00:00+05:30,575.1,583.25,572.11,582.58,18519293
2024-05-24 00:00:00+05:30,582.67,587.79,579.95,581.49,15842453
2024-05-27 00:00:00+05:30,584.12,585.06,576.31,580.25,11425284
2024-05-28 00:00:00+05:30,580.55,582.31,572.68,573.62,10933671
2024-05-29 00:00:00+05:30,573.26,575.41,568.32,571.23,13518976
2024-05-30 00:00:00+05:30,571.17,575.98,557.55,559.33,16801075
2024-05-31 00:00:00+05:30,564.0,567.39,557.0,558.76,23603810
2024-06-03 00:00:00+05:30,582.97,582.97,565.42,575.38,20341732
2024-06-04 00:00:00+05:30,573.89,573.89,517.84,547.2,43864877
2024-06-05 00:00:00+05:30,559.94,565.27,538.78,562.97,22717498
2024-06-06 00:00:00+05:30,569.05,572.68,563.72,567.99,19479967
2024-06-07 00:00:00+05:30,569.05,589.03,566.17,587.51,25732687
2024-06-10 00:00:00+05:30,591.45,596.23,586.67,590.33,15294597
2024-06-11 00:00:00+05:30,589.51,600.86,585.18,597.56,24495162
2024-06-12 00:00:00+05:30,602.04,611.58,597.5,598.53,28954053
2024-06-13 00:00:00+05:30,606.58,606.58,593.72,596.81,20082218
2024-06-14 00:00:00+05:30,599.32,603.71,594.11,601.38,19147579
2024-06-18 00:00:00+05:30,605.37,607.52,595.69,596.84,16262833
2024-06-19 00:00:00+05:30,599.32,602.29,590.33,591.66,12563697
2024-06-20 00:00:00+05:30,593.27,598.35,591.06,592.21,12057979
2024-06-21 00:00:00+05:30,592.66,593.81,580.01,582.25,23627982
2024-06-24 00:00:00+05:30,581.7,583.28,575.13,579.98,10994181
2024-06-25 00:00:00+05:30,581.16,582.88,574.68,578.13,12065506
2024-06-26 00:00:00+05:30,578.74,582.67,575.16,576.22,11412785
2024-06-27 00:00:00+05:30,576.62,590.15,573.92,588.48,32022277
2024-06-28 00:00:00+05:30,590.24,604.46,588.76,599.17,38034863
2024-07-01 00:00:00+05:30,599.17,608.7,596.41,606.61,23136335
2024-07-02 00:00:00+05:30,607.82,608.4,592.72,594.05,20291851
2024-07-03 00:00:00+05:30,596.26,597.71,589.33,590.63,12135100
2024-07-04 00:00:00+05:30,595.69,607.79,593.02,604.28,20053485
2024-07-05 00:00:00+05:30,608.4,609.37,599.29,601.53,14950088
2024-07-08 00:00:00+05:30,608.4,615.42,603.07,606.95,21989900
2024-07-09 00:00:00+05:30,605.95,615.66,604.22,614.42,18084883
2024-07-10 00:00:00+05:30,614.45,617.39,596.93,608.7,22155288
2024-07-11 00:00:00+05:30,610.22,620.81,609.64,617.96,19795361
2024-07-12 00:00:00+05:30,619.81,621.05,614.45,615.51,12124174
2024-07-15 00:00:00+05:30,618.3,623.41,615.85,620.17,9659063
2024-07-16 00:00:00+05:30,620.81,623.29,617.0,618.18,7969562
2024-07-18 00:00:00+05:30,619.27,621.72,610.22,620.23,13232054
2024-07-19 00:00:00+05:30,619.9,619.9,597.29,599.32,12224169
2024-07-22 00:00:00+05:30,599.32,610.22,591.18,607.28,12217595
2024-07-23 00:00:00+05:30,610.16,610.61,585.52,606.46,17153362
2024-07-24 00:00:00+05:30,604.04,626.11,602.44,622.14,18945516
2024-07-25 00:00:00+05:30,622.93,662.28,620.11,660.43,54126716
2024-07-26 00:00:00+05:30,673.14,678.32,655.98,676.99,35074006
2024-07-29 00:00:00+05:30,680.44,690.06,677.17,680.44,19575750
2024-07-30 00:00:00+05:30,681.53,713.73,677.17,703.35,47230912
2024-07-31 00:00:00+05:30,704.65,707.01,693.33,700.2,17940392
2024-08-01 00:00:00+05:30,706.47,711.92,688.01,692.79,23747269
2024-08-02 00:00:00+05:30,678.02,678.02,659.89,663.88,36288079
2024-08-05 00:00:00+05:30,641.66,644.72,613.88,615.33,44024358
2024-08-06 00:00:00+05:30,623.53,642.09,610.46,613.7,27629910
2024-08-07 00:00:00+05:30,627.2,629.71,614.48,620.69,16483570
2024-08-08 00:00:00+05:30,626.53,639.52,621.72,630.65,32260772
2024-08-09 00:00:00+05:30,638.67,655.59,636.88,646.6,25509919
2024-08-12 00:00:00+05:30,644.72,653.74,638.67,651.47,18684441
2024-08-13 00:00:00+05:30,650.68,651.08,634.55,637.73,12402659
2024-08-14 00:00:00+05:30,639.88,645.96,633.83,643.12,13564917
2024-08-16 00:00:00+05:30,648.96,665.88,647.75,664.91,18890264
2024-08-19 00:00:00+05:30,669.48,670.15,656.83,658.46,11416837
2024-08-20 00:00:00+05:30,664.09,664.73,655.04,657.98,9292991
2024-08-21 00:00:00+05:30,659.25,663.06,655.8,656.95,8044426
2024-08-22 00:00:00+05:30,659.86,662.73,644.69,646.81,15490418
2024-08-23 00:00:00+05:30,649.56,661.43,648.35,656.92,16815518
2024-08-26 00:00:00+05:30,659.25,667.94,655.53,661.31,15552468
2024-08-27 00:00:00+05:30,661.7,663.88,650.78,652.14,14558478
2024-08-28 00:00:00+05:30,655.59,659.07,647.81,650.5,13455143
2024-08-29 00:00:00+05:30,653.23,691.34,645.33,679.02,67162196
2024-08-30 00:00:00+05:30,674.35,674.99,664.37,672.78,29151538
2024-09-02 00:00:00+05:30,668.94,668.94,658.25,661.46,13407733
2024-09-03 00:00:00+05:30,664.46,665.91,655.13,656.89,8405948
2024-09-04 00:00:00+05:30,653.2,656.83,649.02,654.07,7707497
2024-09-05 00:00:00+05:30,654.41,657.34,645.9,647.23,13050792
2024-09-06 00:00:00+05:30,647.02,649.53,629.89,635.25,14400017
2024-09-09 00:00:00+05:30,635.25,635.61,621.26,628.8,11903500
2024-09-10 00:00:00+05:30,635.04,635.04,624.87,627.05,11429716
2024-09-11 00:00:00+05:30,605.37,612.36,587.97,591.03,59699441
2024-09-12 00:00:00+05:30,591.03,598.11,579.95,596.99,42413272
2024-09-13 00:00:00+05:30,602.29,609.0,598.11,600.59,21810822
2024-09-16 00:00:00+05:30,603.56,605.31,595.99,598.35,9640795
2024-09-17 00:00:00+05:30,602.35,602.35,581.16,590.21,73535880
2024-09-18 00:00:00+05:30,592.18,595.51,579.43,582.4,19895894
2024-09-19 00:00:00+05:30,587.45,592.63,578.95,585.4,22245421
2024-09-20 00:00:00+05:30,585.4,591.75,574.62,587.73,27693653
2024-09-23 00:00:00+05:30,589.33,592.78,584.82,588.3,16938817
2024-09-24 00:00:00+05:30,589.63,596.29,588.79,591.63,21070363
2024-09-25 00:00:00+05:30,594.72,594.78,580.7,583.34,21406772
2024-09-26 00:00:00+05:30,587.7,602.32,584.55,601.23,35746610
2024-09-27 00:00:00+05:30,602.95,605.61,598.8,601.14,17113475
2024-09-30 00:00:00+05:30,601.14,603.53,588.3,590.72,20031094
2024-10-01 00:00:00+05:30,591.39,595.99,580.49,584.31,16659495
2024-10-03 00:00:00+05:30,568.44,575.19,559.97,560.39,40336338
2024-10-04 00:00:00+05:30,563.0,574.62,556.94,563.45,31695778
2024-10-07 00:00:00+05:30,570.26,571.74,553.92,561.7,19446774
2024-10-08 00:00:00+05:30,554.52,559.85,541.11,556.82,34983220
2024-10-09 00:00:00+05:30,561.06,574.17,560.27,568.54,19091937
2024-10-10 00:00:00+05:30,565.27,571.23,552.31,562.09,21887098
2024-10-11 00:00:00+05:30,564.21,567.23,562.09,563.42,7366584
2024-10-14 00:00:00+05:30,563.0,569.05,560.18,561.94,9482835
2024-10-15 00:00:00+05:30,564.78,566.24,552.71,555.31,14964202
2024-10-16 00:00:00+05:30,555.16,558.76,544.84,549.35,17011435
2024-10-17 00:00:00+05:30,553.89,553.89,538.81,539.75,22902558
2024-10-18 00:00:00+05:30,541.38,555.55,536.84,550.98,19042673
2024-10-21 00:00:00+05:30,552.13,555.52,543.69,546.83,12208276
2024-10-22 00:00:00+05:30,547.86,548.53,529.85,532.43,22494391
2024-10-23 00:00:00+05:30,532.12,536.12,522.62,531.31,17433510
2024-10-24 00:00:00+05:30,529.85,538.78,529.85,532.73,11948811
2024-10-25 00:00:00+05:30,535.09,536.21,518.99,523.22,17960873
2024-10-28 00:00:00+05:30,525.37,536.81,520.74,531.79,11738298
2024-10-29 00:00:00+05:30,532.88,534.24,499.86,510.18,44301423
2024-10-30 00:00:00+05:30,512.15,516.75,507.33,508.63,21364059
2024-10-31 00:00:00+05:30,510.84,510.84,503.58,504.91,19664602
2024-11-01 00:00:00+05:30,513.33,513.33,508.51,510.6,4791343
2024-11-04 00:00:00+05:30,508.51,511.21,493.08,498.89,25627881
2024-11-05 00:00:00+05:30,497.31,510.69,496.65,505.88,16874314
2024-11-06 00:00:00+05:30,510.87,510.87,500.04,508.33,17476170
2024-11-07 00:00:00+05:30,509.12,510.18,494.77,496.25,21866135
2024-11-08 00:00:00+05:30,497.59,497.62,484.96,487.6,26550078
2024-11-11 00:00:00+05:30,484.9,503.34,479.46,487.14,45571298
2024-11-12 00:00:00+05:30,487.93,492.23,474.04,475.13,27300408
2024-11-13 00:00:00+05:30,476.43,479.85,469.5,475.97,24239650
2024-11-14 00:00:00+05:30,476.19,479.46,467.35,468.74,19394514
2024-11-18 00:00:00+05:30,470.98,473.25,459.6,467.29,28170161
2024-11-19 00:00:00+05:30,467.29,484.24,467.29,474.13,23146096
2024-11-21 00:00:00+05:30,475.19,475.79,463.87,468.47,23447834
2024-11-22 00:00:00+05:30,469.16,480.67,469.16,478.85,24010188
2024-11-25 00:00:00+05:30,489.17,490.47,480.45,482.24,25098865
2024-11-26 00:00:00+05:30,482.57,485.39,472.28,474.01,17032216
2024-11-27 00:00:00+05:30,475.25,479.39,471.65,474.58,16543008
2024-11-28 00:00:00+05:30,474.01,479.79,470.98,471.86,18070095
2024-11-29 00:00:00+05:30,471.89,477.88,470.4,476.1,17111096
2024-12-02 00:00:00+05:30,476.61,482.33,475.22,478.27,13918411
2024-12-03 00:00:00+05:30,481.27,487.93,478.24,485.05,16310837
2024-12-04 00:00:00+05:30,487.33,487.93,474.64,477.09,20470463
2024-12-05 00:00:00+05:30,480.06,482.78,472.8,479.79,20102374
2024-12-06 00:00:00+05:30,480.06,495.71,475.4,494.47,32569871
2024-12-09 00:00:00+05:30,494.47,496.62,482.48,483.54,25725034
2024-12-10 00:00:00+05:30,487.2,490.62,482.75,484.24,21661172
2024-12-11 00:00:00+05:30,486.05,488.51,483.21,483.75,12824095
2024-12-12 00:00:00+05:30,483.81,485.51,475.52,476.03,17514431
2024-12-13 00:00:00+05:30,477.64,479.76,469.16,478.43,23294525
2024-12-16 00:00:00+05:30,479.09,480.64,474.01,475.1,16544124
2024-12-17 00:00:00+05:30,475.52,482.09,470.98,472.04,16965174
2024-12-18 00:00:00+05:30,468.56,468.71,456.45,457.48,31526469
2024-12-19 00:00:00+05:30,450.67,457.54,448.82,450.43,28279438
2024-12-20 00:00:00+05:30,450.58,453.76,436.78,438.32,29672062
2024-12-23 00:00:00+05:30,444.16,444.59,434.48,437.2,15946983
2024-12-24 00:00:00+05:30,437.99,451.18,437.38,445.61,20736904
2024-12-26 00:00:00+05:30,445.61,452.7,445.28,448.46,15433815
2024-12-27 00:00:00+05:30,453.42,464.23,451.43,454.33,26157571
2024-12-30 00:00:00+05:30,456.39,457.0,442.35,444.13,28810679
2024-12-31 00:00:00+05:30,444.13,450.03,443.59,448.07,11716252
2025-01-01 00:00:00+05:30,448.25,454.7,445.55,453.58,12871825
2025-01-02 00:00:00+05:30,459.66,464.53,453.64,463.14,25264721
2025-01-03 00:00:00+05:30,464.93,484.66,460.96,478.49,40921941
2025-01-06 00:00:00+05:30,482.91,482.91,463.29,469.92,27996227
2025-01-07 00:00:00+05:30,469.77,482.45,467.65,480.21,25683305
2025-01-08 00:00:00+05:30,479.82,482.48,473.19,481.24,19592998
2025-01-09 00:00:00+05:30,484.3,490.35,465.8,472.25,29648619
2025-01-10 00:00:00+05:30,472.22,477.0,464.2,468.95,18408503
2025-01-13 00:00:00+05:30,465.53,468.29,453.3,454.63,20202720
2025-01-14 00:00:00+05:30,454.94,471.59,454.94,466.44,18793469
2025-01-15 00:00:00+05:30,466.74,475.22,457.69,462.26,17346191
2025-01-16 00:00:00+05:30,466.08,472.8,464.53,468.77,14338544
2025-01-17 00:00:00+05:30,468.5,475.52,467.5,472.04,11575083
2025-01-20 00:00:00+05:30,472.19,474.01,464.32,468.77,16446234
2025-01-21 00:00:00+05:30,469.16,476.22,459.11,460.54,19256201
2025-01-22 00:00:00+05:30,462.6,463.38,442.53,449.64,20513767
2025-01-23 00:00:00+05:30,449.64,459.9,447.85,455.54,13077381
2025-01-24 00:00:00+05:30,454.06,456.54,443.25,444.4,15714561
2025-01-27 00:00:00+05:30,443.71,443.71,429.39,431.66,23331066
2025-01-28 00:00:00+05:30,433.75,448.49,428.3,440.86,26602874
2025-01-29 00:00:00+05:30,442.83,457.06,439.83,455.54,20584682
2025-01-30 00:00:00+05:30,429.21,430.24,413.59,421.85,98106505
2025-01-31 00:00:00+05:30,427.39,434.05,421.61,433.51,31646154
2025-02-01 00:00:00+05:30,435.57,438.74,424.31,427.73,23270777
2025-02-03 00:00:00+05:30,423.76,423.76,415.29,416.16,29414542
2025-02-04 00:00:00+05:30,421.52,431.84,419.98,430.15,27738293
2025-02-05 00:00:00+05:30,430.42,439.17,430.24,434.08,21321287
2025-02-06 00:00:00+05:30,437.68,437.93,428.69,429.6,16546711
2025-02-07 00:00:00+05:30,430.42,433.42,425.64,427.85,20250554
2025-02-10 00:00:00+05:30,429.66,429.75,419.55,421.34,18140830
2025-02-11 00:00:00+05:30,421.34,421.94,408.69,410.29,19723371
2025-02-12 00:00:00+05:30,411.65,416.22,403.81,414.29,20338585
2025-02-13 00:00:00+05:30,414.29,419.61,411.26,413.98,14025689
2025-02-14 00:00:00+05:30,415.26,418.28,405.09,412.05,16466100
2025-02-17 00:00:00+05:30,410.44,418.13,403.81,415.65,17036737
2025-02-18 00:00:00+05:30,415.65,416.47,406.9,413.11,12901380
2025-02-19 00:00:00+05:30,412.71,418.28,408.66,412.26,16496970
2025-02-20 00:00:00+05:30,411.65,419.43,408.63,417.59,14327265
2025-02-21 00:00:00+05:30,415.29,417.71,406.27,407.54,24080247
2025-02-24 00:00:00+05:30,405.6,409.6,403.18,404.54,14638535
2025-02-25 00:00:00+05:30,404.24,407.11,399.55,400.51,16933795
2025-02-27 00:00:00+05:30,400.76,402.57,390.86,392.61,20288093
2025-02-28 00:00:00+05:30,390.47,390.47,374.39,375.72,33826467
2025-03-03 00:00:00+05:30,375.72,379.48,367.04,376.03,30332885
2025-03-04 00:00:00+05:30,371.37,380.87,371.09,374.85,19621343
2025-03-05 00:00:00+05:30,374.73,388.41,374.48,387.92,20438750
2025-03-06 00:00:00+05:30,395.46,397.09,384.77,387.23,28067836
2025-03-07 00:00:00+05:30,387.44,394.4,384.41,392.46,16722674
2025-03-10 00:00:00+05:30,392.46,396.07,389.47,392.37,17029454
2025-03-11 00:00:00+05:30,387.44,394.19,386.5,392.31,15750215
2025-03-13 00:00:00+05:30,405.99,406.72,393.25,396.82,23133427
2025-03-17 00:00:00+05:30,402.6,403.45,398.0,400.18,15154975
2025-03-18 00:00:00+05:30,402.57,412.68,401.91,411.68,18560606
2025-03-19 00:00:00+05:30,414.92,415.13,410.78,413.02,15425893
2025-03-20 00:00:00+05:30,414.68,419.34,411.05,417.74,16044001
2025-03-21 00:00:00+05:30,419.52,426.79,416.83,425.55,24486541
2025-03-24 00:00:00+05:30,429.81,434.35,425.0,431.93,19279626
2025-03-25 00:00:00+05:30,435.26,437.71,427.6,430.0,22494350
2025-03-26 00:00:00+05:30,430.0,434.57,428.0,428.76,15466803
2025-03-27 00:00:00+05:30,404.39,409.6,400.21,404.72,56557996
2025-03-28 00:00:00+05:30,406.72,414.65,405.18,408.29,26452609
2025-04-01 00:00:00+05:30,405.93,412.77,403.03,406.72,15849194
2025-04-02 00:00:00+05:30,408.6,408.84,400.82,406.75,13256669
2025-04-03 00:00:00+05:30,399.55,404.99,395.01,395.88,22257086
2025-04-04 00:00:00+05:30,393.49,393.49,369.28,371.61,43974860
2025-04-07 00:00:00+05:30,339.31,352.33,324.33,350.96,81707681
2025-04-08 00:00:00+05:30,357.9,367.22,353.66,356.47,34669313
2025-04-09 00:00:00+05:30,355.96,360.14,351.75,352.87,28880411
2025-04-11 00:00:00+05:30,369.28,370.97,357.78,360.23,34781573
2025-04-15 00:00:00+05:30,371.7,380.36,370.88,376.66,32578398
2025-04-16 00:00:00+05:30,378.36,378.36,371.46,372.94,20348417
2025-04-17 00:00:00+05:30,372.94,379.57,368.22,376.27,23692268
2025-04-21 00:00:00+05:30,378.12,384.87,375.45,381.42,21120160
2025-04-22 00:00:00+05:30,381.54,383.78,379.08,381.9,17002333
2025-04-23 00:00:00+05:30,384.99,400.45,383.41,399.49,38638298
2025-04-24 00:00:00+05:30,399.61,406.21,399.61,404.6,25062626
2025-04-25 00:00:00+05:30,404.6,407.42,394.4,396.67,21816384
2025-04-28 00:00:00+05:30,396.1,405.36,395.04,404.48,16920970
2025-04-29 00:00:00+05:30,406.48,413.41,400.51,402.94,22721020
2025-04-30 00:00:00+05:30,403.78,403.78,388.1,390.01,32188299
2025-05-02 00:00:00+05:30,388.04,400.36,384.74,394.7,21708489
2025-05-05 00:00:00+05:30,401.33,403.57,397.03,400.48,14649627
2025-05-06 00:00:00+05:30,400.48,401.48,390.77,392.4,21008835
2025-05-07 00:00:00+05:30,388.65,413.17,388.13,411.84,50201332
2025-05-08 00:00:00+05:30,423.76,426.49,409.96,413.38,48425484
2025-05-09 00:00:00+05:30,404.09,430.42,403.18,428.91,66377749
2025-05-12 00:00:00+05:30,440.71,443.13,430.54,436.35,33258217
2025-05-13 00:00:00+05:30,436.35,439.5,425.73,428.42,26637641
2025-05-14 00:00:00+05:30,417.71,428.6,415.29,423.13,52042986
2025-05-15 00:00:00+05:30,423.0,441.8,421.43,440.77,47299911
2025-05-16 00:00:00+05:30,441.92,449.19,439.23,442.35,34080679
2025-05-19 00:00:00+05:30,443.13,446.83,440.71,441.62,17278971
2025-05-20 00:00:00+05:30,441.92,446.61,434.05,435.2,23906771
2025-05-21 00:00:00+05:30,435.26,441.62,434.66,439.98,14864556
2025-05-22 00:00:00+05:30,438.9,438.9,430.21,434.32,16596091
2025-05-23 00:00:00+05:30,435.11,436.96,432.84,434.81,13074865
2025-05-26 00:00:00+05:30,437.08,446.77,436.59,441.32,21503118
2025-05-27 00:00:00+05:30,441.32,441.53,432.96,433.72,20191075
2025-05-28 00:00:00+05:30,435.87,437.08,433.57,434.63,12502977
2025-05-29 00:00:00+05:30,438.59,441.14,435.87,438.56,14600793
2025-05-30 00:00:00+05:30,438.56,441.04,431.33,435.57,24008217
2025-06-02 00:00:00+05:30,434.05,435.26,428.24,430.78,16043747
2025-06-03 00:00:00+05:30,432.84,434.87,425.15,426.09,15133831
2025-06-04 00:00:00+05:30,424.85,433.11,422.79,429.3,18646350
2025-06-05 00:00:00+05:30,431.51,432.51,426.18,429.91,16854627
2025-06-06 00:00:00+05:30,429.81,433.39,424.49,430.42,19782544
2025-06-09 00:00:00+05:30,432.84,439.5,431.69,434.54,16354243
2025-06-10 00:00:00+05:30,436.47,444.8,433.05,443.28,31636527
2025-06-11 00:00:00+05:30,444.92,450.4,442.01,445.8,20857819
2025-06-12 00:00:00+05:30,446.16,446.58,430.57,433.05,20789093
2025-06-13 00:00:00+05:30,423.76,432.81,422.73,431.06,17372150
2025-06-16 00:00:00+05:30,430.42,432.24,407.39,415.68,51615028
2025-06-17 00:00:00+05:30,415.35,415.38,406.81,408.48,28268317
2025-06-18 00:00:00+05:30,406.72,411.26,404.39,405.75,20741088
2025-06-19 00:00:00+05:30,405.75,409.41,403.57,406.99,17997955
2025-06-20 00:00:00+05:30,407.66,410.93,405.66,409.35,18820588
2025-06-23 00:00:00+05:30,405.6,409.23,403.24,406.36,16957490
2025-06-24 00:00:00+05:30,410.44,415.59,406.81,407.81,25372712
2025-06-25 00:00:00+05:30,409.23,411.05,407.69,408.32,17272030
2025-06-26 00:00:00+05:30,409.84,413.89,408.29,413.32,16692055
2025-06-27 00:00:00+05:30,414.68,418.58,413.47,415.83,11890243
2025-06-30 00:00:00+05:30,417.04,418.86,414.68,416.5,11497222
2025-07-01 00:00:00+05:30,418.37,420.04,411.9,413.95,11341894
2025-07-02 00:00:00+05:30,413.95,419.19,412.05,416.83,13271185
2025-07-03 00:00:00+05:30,420.04,421.91,416.8,417.95,15970509
2025-07-04 00:00:00+05:30,418.31,419.43,415.5,417.13,8165053
2025-07-07 00:00:00+05:30,417.13,418.89,413.68,417.01,8966741
2025-07-08 00:00:00+05:30,419.52,421.91,416.19,419.64,12580558
2025-07-09 00:00:00+05:30,417.07,421.04,416.8,419.4,9050314
2025-07-10 00:00:00+05:30,418.92,421.79,414.68,421.1,12775540
2025-07-11 00:00:00+05:30,419.49,422.79,409.87,412.74,13678605
2025-07-14 00:00:00+05:30,412.26,412.26,406.81,408.32,12799636
2025-07-15 00:00:00+05:30,409.23,415.26,408.2,414.32,11632018
2025-07-16 00:00:00+05:30,414.32,414.32,409.44,411.05,10314646
2025-07-17 00:00:00+05:30,411.05,415.83,410.53,412.68,10899309
2025-07-18 00:00:00+05:30,413.59,415.29,410.44,411.8,9182228
2025-07-21 00:00:00+05:30,411.96,416.8,406.36,416.16,11120196
2025-07-22 00:00:00+05:30,416.5,417.01,407.02,407.66,12801235
2025-07-23 00:00:00+05:30,409.66,419.58,409.38,417.77,23887313
2025-07-24 00:00:00+05:30,419.34,427.7,419.1,424.06,25104641
2025-07-25 00:00:00+05:30,424.37,425.24,414.5,416.13,12011969
2025-07-28 00:00:00+05:30,418.13,424.06,412.5,413.41,12865989
2025-07-29 00:00:00+05:30,412.8,420.13,412.02,419.13,10307487
2025-07-30 00:00:00+05:30,417.71,417.71,402.72,404.66,31258644
2025-07-31 00:00:00+05:30,399.46,407.66,394.91,403.15,30929228
2025-08-01 00:00:00+05:30,404.36,404.36,391.68,392.8,20724703
2025-08-04 00:00:00+05:30,393.52,397.61,391.07,395.67,13270967
2025-08-05 00:00:00+05:30,397.09,398.88,393.83,396.28,11092017
2025-08-06 00:00:00+05:30,396.52,398.34,393.73,395.22,10589890
2025-08-07 00:00:00+05:30,393.49,394.52,384.71,391.37,22481875
2025-08-08 00:00:00+05:30,392.25,395.28,381.38,383.62,16757367
2025-08-11 00:00:00+05:30,385.14,396.52,379.63,395.76,28536785
2025-08-12 00:00:00+05:30,394.16,400.12,393.98,395.97,18521191
2025-08-13 00:00:00+05:30,397.85,403.78,397.52,401.82,12484138
2025-08-14 00:00:00+05:30,403.18,403.51,398.15,402.33,10325035
2025-08-18 00:00:00+05:30,409.84,414.68,407.36,409.23,23499858
2025-08-19 00:00:00+05:30,409.69,425.79,407.48,423.91,32113084
2025-08-20 00:00:00+05:30,423.91,424.25,417.1,417.47,16601570
2025-08-21 00:00:00+05:30,420.13,420.7,414.68,414.92,13929624
2025-08-22 00:00:00+05:30,415.23,418.62,410.81,411.84,10621090
2025-08-25 00:00:00+05:30,413.92,417.04,411.84,415.77,10620418
2025-08-26 00:00:00+05:30,415.77,415.86,410.62,412.65,12383501
2025-08-28 00:00:00+05:30,411.59,412.2,404.27,408.9,15636723
2025-08-29 00:00:00+05:30,408.9,412.35,404.39,404.99,13548542
2025-09-01 00:00:00+05:30,406.39,418.62,405.93,417.8,12628497
2025-09-02 00:00:00+05:30,417.8,420.52,412.65,414.32,12974973
2025-09-03 00:00:00+05:30,416.5,419.8,414.68,418.95,10068000
2025-09-04 00:00:00+05:30,427.33,427.6,415.1,416.19,22200239
2025-09-05 00:00:00+05:30,418.25,422.16,413.53,418.74,11055958
2025-09-08 00:00:00+05:30,420.73,437.08,420.16,435.57,33914690
2025-09-09 00:00:00+05:30,436.56,437.23,431.93,433.17,15543901
2025-09-10 00:00:00+05:30,434.45,435.87,425.4,429.27,17119195
2025-09-11 00:00:00+05:30,429.94,431.03,426.52,427.3,9135914
2025-09-12 00:00:00+05:30,428.6,435.2,428.21,432.99,13631960
2025-09-15 00:00:00+05:30,433.02,437.05,430.75,431.57,9923679
2025-09-16 00:00:00+05:30,432.84,435.69,426.79,431.78,16131787
2025-09-17 00:00:00+05:30,432.84,437.65,432.42,435.35,19611805
2025-09-18 00:00:00+05:30,437.08,439.05,428.36,430.54,20151813
2025-09-19 00:00:00+05:30,431.93,431.93,426.76,428.27,20032815
2025-09-22 00:00:00+05:30,429.21,431.03,420.64,421.49,16004351
2025-09-23 00:00:00+05:30,424.85,428.48,421.94,424.58,19665022
2025-09-24 00:00:00+05:30,424.06,425.76,412.44,413.44,21891003
2025-09-25 00:00:00+05:30,405.54,408.63,396.7,402.15,40780847
2025-09-26 00:00:00+05:30,403.18,411.87,400.97,407.36,26067304
2025-09-29 00:00:00+05:30,414.07,414.68,405.6,407.11,21498284
2025-09-30 00:00:00+05:30,406.81,413.77,403.57,411.77,24780778
2025-10-01 00:00:00+05:30,412.26,435.87,411.17,434.87,49825846
2025-10-03 00:00:00+05:30,434.96,447.79,432.84,433.51,45900514
2025-10-06 00:00:00+05:30,434.66,434.96,426.15,431.42,17069343
2025-10-07 00:00:00+05:30,431.42,431.57,422.04,422.58,21638500
2025-10-08 00:00:00+05:30,420.67,424.97,411.05,412.59,27369876
2025-10-09 00:00:00+05:30,414.44,414.68,404.87,412.32,26765084
2025-10-10 00:00:00+05:30,414.56,416.86,403.72,411.02,26545473
2025-10-13 00:00:00+05:30,411.05,411.29,398.4,400.0,54988680
2025-10-14 00:00:00+05:30,400.0,421.55,376.3,395.45,52267874
2025-10-15 00:00:00+05:30,403.0,403.0,388.0,390.85,26953559
2025-10-16 00:00:00+05:30,395.45,400.45,389.55,396.8,21983752
2025-10-17 00:00:00+05:30,396.8,402.5,392.25,396.6,16564547
2025-10-20 00:00:00+05:30,400.05,403.4,396.6,399.75,10471672
2025-10-21 00:00:00+05:30,402.8,403.4,400.05,401.85,3449156
2025-10-23 00:00:00+05:30,407.5,408.9,403.6,405.85,14126009
2025-10-24 00:00:00+05:30,406.95,408.5,401.0,403.3,6311744
2025-10-27 00:00:00+05:30,404.0,411.4,403.65,410.05,10699376
2025-10-28 00:00:00+05:30,411.3,414.15,408.55,411.5,10332279
2025-10-29 00:00:00+05:30,412.5,415.0,407.05,411.35,8485023
2025-10-30 00:00:00+05:30,412.7,419.0,408.1,412.45,8783965
2025-10-31 00:00:00+05:30,414.05,417.5,409.05,410.0,8012169
2025-11-03 00:00:00+05:30,414.0,417.85,410.1,417.0,8952229
2025-11-04 00:00:00+05:30,417.4,417.5,405.1,406.5,8889004
2025-11-06 00:00:00+05:30,407.15,409.7,405.4,407.85,6862359
2025-11-07 00:00:00+05:30,406.7,407.2,401.45,405.7,6930046
2025-11-10 00:00:00+05:30,406.0,412.95,406.0,410.45,7913640
2025-11-11 00:00:00+05:30,412.55,413.7,402.65,407.6,8120946
2025-11-12 00:00:00+05:30,407.6,411.4,401.9,402.15,12940220
2025-11-13 00:00:00+05:30,404.0,404.0,397.4,397.95,13165727
2025-11-14 00:00:00+05:30,397.95,399.6,387.3,391.2,21834856
2025-11-17 00:00:00+05:30,380.0,380.0,363.0,372.7,32393346
2025-11-18 00:00:00+05:30,373.1,374.0,369.15,371.3,17484757
2025-11-19 00:00:00+05:30,371.2,371.25,360.35,360.85,17854517
2025-11-20 00:00:00+05:30,362.0,364.4,359.25,359.8,15999034
2025-11-21 00:00:00+05:30,359.0,364.25,358.0,362.25,10829322
2025-11-24 00:00:00+05:30,362.5,362.85,356.8,358.3,12671925
2025-11-25 00:00:00+05:30,358.0,358.1,352.0,352.45,12577566
2025-11-26 00:00:00+05:30,354.45,362.85,354.3,359.25,13130211
2025-11-27 00:00:00+05:30,362.0,362.8,356.45,357.8,8871759
2025-11-28 00:00:00+05:30,358.0,359.75,355.1,356.8,10905212
2025-12-01 00:00:00+05:30,359.0,365.0,358.7,363.8,12714139
2025-12-02 00:00:00+05:30,364.0,364.0,359.6,361.75,8576018
2025-12-03 00:00:00+05:30,361.7,361.7,354.1,356.85,9504331
2025-12-04 00:00:00+05:30,357.0,359.5,354.3,356.45,9173145
2025-12-05 00:00:00+05:30,355.0,356.55,353.0,353.6,5667381
2025-12-08 00:00:00+05:30,353.95,356.2,345.8,348.3,7186158
2025-12-09 00:00:00+05:30,348.5,348.65,341.7,344.7,9143402
2025-12-10 00:00:00+05:30,347.0,347.5,341.95,343.4,8705054
2025-12-11 00:00:00+05:30,343.4,348.2,341.4,346.65,6756893
2025-12-12 00:00:00+05:30,348.0,349.35,344.75,347.45,7241621
2025-12-15 00:00:00+05:30,347.45,348.75,343.05,347.15,8169383
2025-12-16 00:00:00+05:30,347.15,349.35,343.9,345.45,8391226
2025-12-17 00:00:00+05:30,346.45,350.0,345.4,346.35,7045390
2025-12-18 00:00:00+05:30,346.35,347.45,337.7,345.8,15417506
2025-12-19 00:00:00+05:30,347.4,354.8,347.0,352.65,74052760
2025-12-22 00:00:00+05:30,356.25,360.95,353.6,359.15,10798315
2025-12-23 00:00:00+05:30,361.0,366.75,357.65,363.25,11885576
2025-12-24 00:00:00+05:30,364.0,364.9,358.55,359.2,9212351
2025-12-26 00:00:00+05:30,359.2,360.4,354.7,358.8,8589856
2025-12-29 00:00:00+05:30,358.5,362.8,357.85,358.6,10050266
2025-12-30 00:00:00+05:30,358.6,363.95,358.45,361.75,13807060
2025-12-31 00:00:00+05:30,361.75,368.5,360.65,367.35,10439184
2026-01-01 00:00:00+05:30,368.85,371.0,365.55,367.55,7214281
2026-01-02 00:00:00+05:30,369.2,372.9,368.55,370.35,7077536
2026-01-05 00:00:00+05:30,370.35,375.0,369.1,373.55,9591926
2026-01-06 00:00:00+05:30,371.5,371.5,360.0,368.9,17493345
2026-01-07 00:00:00+05:30,367.05,367.25,359.2,363.35,10682229
2026-01-08 00:00:00+05:30,363.3,365.35,358.0,359.45,7353203
2026-01-09 00:00:00+05:30,358.0,359.75,352.2,354.15,8018768
2026-01-12 00:00:00+05:30,352.95,354.15,347.65,350.55,9771562
2026-01-13 00:00:00+05:30,350.65,351.9,345.6,349.75,7527115
2026-01-14 00:00:00+05:30,349.0,354.0,347.1,349.8,6249594
2026-01-16 00:00:00+05:30,349.7,359.7,349.65,353.6,10735620
2026-01-19 00:00:00+05:30,353.6,353.6,338.35,344.0,14364958
2026-01-20 00:00:00+05:30,344.85,346.6,336.75,337.85,11541904
2026-01-21 00:00:00+05:30,336.0,343.7,335.95,339.25,9873473
2026-01-22 00:00:00+05:30,344.45,351.75,343.1,347.3,10714263
2026-01-23 00:00:00+05:30,347.1,351.0,342.15,344.45,8354700
2026-01-27 00:00:00+05:30,340.0,345.0,335.9,340.55,12510469
2026-01-28 00:00:00+05:30,341.9,346.6,337.05,340.45,9425163
2026-01-29 00:00:00+05:30,340.5,352.65,335.6,351.8,13586977
2026-01-30 00:00:00+05:30,350.8,353.0,348.4,350.05,9910289
2026-02-01 00:00:00+05:30,349.2,360.65,339.35,344.65,8423914
2026-02-02 00:00:00+05:30,344.65,364.5,341.1,362.9,19654613
2026-02-03 00:00:00+05:30,381.15,384.6,366.0,372.05,16720225
2026-02-04 00:00:00+05:30,372.5,377.6,368.45,375.45,10142353
2026-02-05 00:00:00+05:30,375.0,375.6,364.3,374.15,14013838
2026-02-06 00:00:00+05:30,365.0,381.8,361.0,369.5,23116970
2026-02-09 00:00:00+05:30,370.3,379.9,369.6,377.4,8800284
2026-02-10 00:00:00+05:30,378.0,382.5,376.75,379.35,8921719
2026-02-11 00:00:00+05:30,382.5,387.35,382.1,384.7,10933658
2026-02-12 00:00:00+05:30,385.0,386.9,380.15,383.45,8324442
2026-02-13 00:00:00+05:30,379.0,387.5,374.4,380.25,15565868
2026-02-16 00:00:00+05:30,378.3,379.6,375.1,377.25,5004467
2026-02-17 00:00:00+05:30,376.1,383.6,373.55,382.85,7843059
2026-02-18 00:00:00+05:30,382.85,385.5,379.0,382.85,4796850
2026-02-19 00:00:00+05:30,381.95,386.8,374.0,375.7,6910527
2026-02-20 00:00:00+05:30,375.7,379.7,374.5,378.0,6324165
2026-02-23 00:00:00+05:30,378.8,384.0,376.05,379.95,11701520
2026-02-24 00:00:00+05:30,376.85,380.3,371.65,377.55,7213746
2026-02-25 00:00:00+05:30,378.0,385.6,376.1,381.85,7748663
2026-02-26 00:00:00+05:30,381.7,393.3,380.1,391.55,14697484
2026-02-27 00:00:00+05:30,393.65,394.05,380.95,382.65,15951041
2026-03-02 00:00:00+05:30,358.0,378.4,355.5,370.6,11804909
2026-03-04 00:00:00+05:30,363.15,363.9,350.1,351.2,17733124
2026-03-05 00:00:00+05:30,353.1,357.15,347.95,355.15,10574236
2026-03-06 00:00:00+05:30,354.0,354.35,349.35,350.75,6929668
2026-03-09 00:00:00+05:30,342.0,342.9,328.65,332.0,17240937
2026-03-10 00:00:00+05:30,338.0,345.8,334.25,345.2,13770080
2026-03-11 00:00:00+05:30,344.8,347.0,334.65,335.35,5949596
2026-03-12 00:00:00+05:30,332.5,333.0,323.35,324.55,9707654
2026-03-13 00:00:00+05:30,323.0,324.15,308.5,314.1,17073811
2026-03-16 00:00:00+05:30,313.0,316.45,306.9,314.4,10394023
2026-03-17 00:00:00+05:30,315.0,321.0,313.0,319.2,7953108
2026-03-18 00:00:00+05:30,321.0,330.2,319.9,324.75,7533727
2026-03-19 00:00:00+05:30,318.0,318.95,307.5,309.3,10146164
2026-03-20 00:00:00+05:30,311.0,316.9,310.8,314.1,13905760
2026-03-23 00:00:00+05:30,311.05,311.05,303.5,305.25,10816349
2026-03-24 00:00:00+05:30,312.95,314.2,305.5,311.2,8524890
2026-03-25 00:00:00+05:30,316.0,322.25,314.6,317.95,7857557
2026-03-27 00:00:00+05:30,312.5,312.85,301.05,303.2,19009638
2026-03-30 00:00:00+05:30,297.25,303.5,294.3,296.2,16410266
2026-04-01 00:00:00+05:30,310.0,310.0,302.05,302.95,8911554
2026-04-02 00:00:00+05:30,298.0,304.3,295.05,303.3,9098035
2026-04-06 00:00:00+05:30,303.3,308.1,299.85,307.4,6425909
2026-04-07 00:00:00+05:30,306.5,309.35,301.85,308.7,8543428
2026-04-08 00:00:00+05:30,321.0,337.0,318.95,334.75,20930060
2026-04-09 00:00:00+05:30,334.5,339.2,330.45,333.25,11110200
2026-04-10 00:00:00+05:30,336.6,343.8,335.0,342.6,10666149
2026-04-13 00:00:00+05:30,332.0,346.8,332.0,345.5,13113105
2026-04-15 00:00:00+05:30,352.05,362.1,349.25,357.9,12495093
2026-04-16 00:00:00+05:30,360.0,360.0,354.1,356.3,6871023
2026-04-17 00:00:00+05:30,352.05,361.35,352.0,360.1,7314044
2026-04-20 00:00:00+05:30,357.3,359.8,352.5,355.7,7216605
2026-04-21 00:00:00+05:30,354.0,358.9,353.45,355.9,5922373
2026-04-22 00:00:00+05:30,355.45,367.95,353.4,361.85,14994313
2026-04-23 00:00:00+05:30,359.95,361.2,350.0,351.95,11374109
2026-04-24 00:00:00+05:30,353.65,355.85,347.5,350.5,5722477
2026-04-27 00:00:00+05:30,351.0,356.8,350.25,354.35,9713765
2026-04-28 00:00:00+05:30,354.35,356.0,349.35,350.8,7247106
2026-04-29 00:00:00+05:30,351.0,363.65,351.0,352.7,10581537
2026-04-30 00:00:00+05:30,352.0,352.0,337.5,341.55,12670807
2026-05-04 00:00:00+05:30,338.4,345.9,338.0,343.05,7734863
2026-05-05 00:00:00+05:30,341.9,344.0,339.0,340.15,6084755
2026-05-06 00:00:00+05:30,345.35,358.95,343.65,358.15,11036464
2026-05-07 00:00:00+05:30,360.2,361.45,357.05,359.25,6975162
2026-05-08 00:00:00+05:30,356.0,357.45,353.7,355.45,4615800
2026-05-11 00:00:00+05:30,352.3,352.3,345.2,346.0,4283236
2026-05-12 00:00:00+05:30,343.85,345.7,336.0,336.85,5758949
2026-05-13 00:00:00+05:30,335.0,342.4,334.0,336.85,5692558
2026-05-14 00:00:00+05:30,340.05,340.6,333.65,338.75,7975089
2026-05-15 00:00:00+05:30,352.0,366.95,352.0,356.55,51689818
2026-05-18 00:00:00+05:30,354.8,358.25,351.1,353.15,10409685
2026-05-19 00:00:00+05:30,352.9,365.8,352.9,361.2,15119605
2026-05-20 00:00:00+05:30,358.65,365.0,356.1,361.25,9875276
2026-05-21 00:00:00+05:30,364.0,366.0,359.0,361.35,10834385
2026-05-22 00:00:00+05:30,364.5,365.65,361.75,363.35,6934910
2026-05-25 00:00:00+05:30,366.15,374.3,366.15,373.25,10356089
2026-05-26 00:00:00+05:30,373.75,387.3,371.8,385.6,21346890
2026-05-27 00:00:00+05:30,385.8,404.0,383.7,400.95,16294686
2026-05-29 00:00:00+05:30,400.95,408.0,390.7,393.9,31210075
2026-06-01 00:00:00+05:30,395.0,398.85,383.85,384.9,8626860
2026-06-02 00:00:00+05:30,379.6,391.9,377.3,390.2,12789321
2026-06-03 00:00:00+05:30,392.05,399.8,384.85,398.15,8638483
2026-06-04 00:00:00+05:30,396.2,401.2,391.0,399.7,12067304
2026-06-05 00:00:00+05:30,401.0,403.05,393.6,397.8,9554051
2026-06-08 00:00:00+05:30,392.0,392.9,387.0,389.0,7585986
2026-06-09 00:00:00+05:30,393.95,395.45,386.8,387.8,8550946
2026-06-10 00:00:00+05:30,388.0,388.8,380.0,381.0,7251442
2026-06-11 00:00:00+05:30,375.0,378.4,372.35,375.9,6508792
2026-06-12 00:00:00+05:30,380.25,392.95,379.0,390.0,7787586
2026-06-15 00:00:00+05:30,398.2,407.8,395.25,396.4,11097635
2026-06-16 00:00:00+05:30,398.3,398.65,387.55,393.6,6432360
2026-06-17 00:00:00+05:30,395.5,395.6,355.0,360.95,51987488
2026-06-18 00:00:00+05:30,363.9,366.25,359.15,364.65,22656468
2026-06-19 00:00:00+05:30,363.75,363.75,356.5,359.5,11928855
2026-06-22 00:00:00+05:30,362.0,370.5,360.0,361.5,15447905
2026-06-23 00:00:00+05:30,361.5,361.9,350.1,354.55,16257406
2026-06-24 00:00:00+05:30,355.0,356.8,348.0,349.7,12569135
2026-06-25 00:00:00+05:30,352.3,360.5,351.0,353.2,15424509
2026-06-29 00:00:00+05:30,350.0,354.45,343.4,345.05,11882122
2026-06-30 00:00:00+05:30,348.0,356.4,343.3,352.2,17609242
2026-07-01 00:00:00+05:30,353.5,354.6,346.5,347.8,12059086
2026-07-02 00:00:00+05:30,351.15,351.25,345.0,345.95,10423984
2026-07-03 00:00:00+05:30,346.5,347.55,341.0,344.1,12651872
2026-07-06 00:00:00+05:30,345.5,348.65,341.6,347.05,4980867
2026-07-07 00:00:00+05:30,348.8,348.8,341.7,342.3,7428187
2026-07-08 00:00:00+05:30,340.95,341.4,330.75,332.05,10789766
2026-07-09 00:00:00+05:30,332.9,334.6,330.0,331.5,11549474
2026-07-10 00:00:00+05:30,334.55,340.25,333.65,337.95,19331002
2026-07-13 00:00:00+05:30,339.35,344.0,334.4,342.25,8402444
2026-07-14 00:00:00+05:30,340.05,340.75,332.55,333.35,8043834
2026-07-15 00:00:00+05:30,335.0,335.1,330.8,333.0,7144390
2026-07-16 00:00:00+05:30,334.65,339.2,331.3,331.8,8194443
2026-07-17 00:00:00+05:30,332.1,336.8,330.2,335.6,7785825
2026-07-20 00:00:00+05:30,335.5,337.6,332.45,336.45,7562963
2026-07-21 00:00:00+05:30,336.1,337.65,331.8,333.8,5847490
2026-07-22 00:00:00+05:30,333.8,334.6,327.1,327.7,8609616
2026-07-23 00:00:00+05:30,326.95,328.5,323.8,324.3,6985396
2026-07-24 00:00:00+05:30,321.0,325.75,318.25,323.8,7171058
2026-07-27 00:00:00+05:30,326.75,329.05,326.1,327.65,4777294
2026-07-28 00:00:00+05:30,327.0,327.35,322.8,324.4,6650930
2026-07-29 00:00:00+05:30,326.0,330.5,325.35,329.8,7220810
2026-07-30 00:00:00+05:30,328.2,335.0,328.05,334.2,6078600
2026-07-31 00:00:00+05:30,335.55,341.95,334.5,339.75,8527463
2026-08-03 00:00:00+05:30,344.5,350.45,343.5,349.3,12027810
2026-08-04 00:00:00+05:30,348.95,349.55,345.0,348.55,8003110
2026-08-05 00:00:00+05:30,349.0,353.2,346.4,349.8,7110154
2026-08-06 00:00:00+05:30,349.0,349.0,343.0,345.35,5218339
2026-08-07 00:00:00+05:30,345.0,349.8,343.65,347.0,4274035
2026-08-10 00:00:00+05:30,347.0,351.4,344.6,347.1,5233700
2026-08-11 00:00:00+05:30,345.5,348.7,344.25,347.6,4864857
2026-08-12 00:00:00+05:30,348.4,351.25,334.2,343.0,22384343
2026-08-13 00:00:00+05:30,343.5,351.55,342.45,349.6,9528820
2026-08-14 00:00:00+05:30,329.0,337.75,329.0,334.5,31933028
2026-08-17 00:00:00+05:30,334.0,334.2,329.05,330.2,7337847
2026-08-18 00:00:00+05:30,330.5,331.7,322.8,322.8,9865820
2026-08-19 00:00:00+05:30,323.85,324.0,320.2,321.3,5659002
2026-08-20 00:00:00+05:30,323.4,324.55,318.45,320.25,10475953
2026-08-21 00:00:00+05:30,321.5,322.4,316.9,317.9,10824328
