datetime,open,high,low,close,volume
2011-08-24 00:00:00+05:30,150.99,155.66,150.99,152.25,841357
2011-08-25 00:00:00+05:30,152.66,153.64,147.97,148.75,525513
2011-08-26 00:00:00+05:30,147.4,149.36,144.58,145.31,531594
2011-08-29 00:00:00+05:30,153.23,153.23,142.62,144.36,1454589
2011-08-30 00:00:00+05:30,145.64,146.53,143.62,145.55,710184
2011-09-02 00:00:00+05:30,147.79,147.79,144.51,145.64,516279
2011-09-05 00:00:00+05:30,144.1,146.27,143.94,144.42,819385
2011-09-06 00:00:00+05:30,144.79,145.44,143.34,144.21,1083841
2011-09-07 00:00:00+05:30,144.94,147.1,144.29,146.55,1690868
2011-09-08 00:00:00+05:30,147.84,148.71,145.75,147.51,931398
2011-09-09 00:00:00+05:30,147.88,148.84,143.92,144.51,1075603
2011-09-12 00:00:00+05:30,143.49,143.66,141.01,143.18,735337
2011-09-13 00:00:00+05:30,145.1,145.18,140.92,142.21,771856
2011-09-14 00:00:00+05:30,143.86,143.86,140.23,143.29,675608
2011-09-15 00:00:00+05:30,143.97,145.14,141.77,143.25,903494
2011-09-16 00:00:00+05:30,143.53,144.79,141.31,142.99,1611666
2011-09-19 00:00:00+05:30,141.99,143.94,141.99,143.49,435854
2011-09-20 00:00:00+05:30,141.88,146.1,141.88,145.44,542698
2011-09-21 00:00:00+05:30,147.4,147.71,145.47,146.73,846341
2011-09-22 00:00:00+05:30,145.47,146.1,142.18,144.49,1023659
2011-09-23 00:00:00+05:30,143.6,145.97,139.57,140.62,553054
2011-09-26 00:00:00+05:30,139.14,141.31,136.99,138.75,373066
2011-09-27 00:00:00+05:30,140.49,143.44,139.36,142.49,489328
2011-09-28 00:00:00+05:30,141.44,143.4,137.75,139.38,390312
2011-09-29 00:00:00+05:30,137.75,140.75,137.27,138.75,362330
2011-09-30 00:00:00+05:30,140.4,140.4,136.1,137.47,698282
2011-10-03 00:00:00+05:30,136.53,137.14,130.88,131.64,665981
2011-10-04 00:00:00+05:30,131.64,132.18,129.14,131.14,1018815
2011-10-05 00:00:00+05:30,131.14,132.49,124.79,128.27,1323241
2011-10-07 00:00:00+05:30,129.92,132.12,128.44,129.36,414866
2011-10-10 00:00:00+05:30,137.31,139.84,129.14,134.12,771904
2011-10-11 00:00:00+05:30,135.66,136.53,134.05,135.64,731756
2011-10-12 00:00:00+05:30,135.88,136.94,134.36,136.57,370074
2011-10-13 00:00:00+05:30,136.97,141.14,136.07,139.14,786433
2011-10-14 00:00:00+05:30,137.21,140.01,136.97,138.31,230671
2011-10-17 00:00:00+05:30,138.57,140.44,137.84,138.49,189343
2011-10-18 00:00:00+05:30,138.44,140.01,136.12,138.97,384669
2011-10-19 00:00:00+05:30,139.6,139.99,137.84,139.1,335135
2011-10-20 00:00:00+05:30,136.97,138.64,136.75,137.47,224848
2011-10-21 00:00:00+05:30,138.01,138.92,133.51,134.03,444276
2011-10-24 00:00:00+05:30,135.16,136.16,132.7,135.14,497950
2011-10-25 00:00:00+05:30,136.05,141.75,133.92,139.6,302958
2011-10-26 00:00:00+05:30,139.57,141.73,139.57,140.68,73498
2011-10-28 00:00:00+05:30,141.75,148.27,141.31,146.75,1195055
2011-10-31 00:00:00+05:30,146.49,146.49,143.71,144.71,294467
2011-11-01 00:00:00+05:30,142.62,143.9,139.03,139.84,548815
2011-11-02 00:00:00+05:30,141.47,144.16,138.44,142.66,532631
2011-11-03 00:00:00+05:30,143.05,144.31,141.75,142.97,296845
2011-11-04 00:00:00+05:30,144.14,145.58,143.05,143.84,359789
2011-11-08 00:00:00+05:30,144.05,145.14,142.27,143.4,128878
2011-11-09 00:00:00+05:30,144.58,145.23,141.77,144.29,1244733
2011-11-11 00:00:00+05:30,140.27,146.79,139.62,143.92,2188561
2011-11-14 00:00:00+05:30,146.71,148.05,144.79,145.97,851272
2011-11-15 00:00:00+05:30,144.79,145.62,142.62,143.53,470237
2011-11-16 00:00:00+05:30,143.66,144.18,141.44,142.1,541263
2011-11-17 00:00:00+05:30,140.94,145.44,140.88,143.42,729813
2011-11-18 00:00:00+05:30,142.68,144.66,140.44,143.49,905484
2011-11-21 00:00:00+05:30,143.36,144.97,141.97,143.64,534657
2011-11-22 00:00:00+05:30,145.66,152.18,142.53,144.18,796326
2011-11-23 00:00:00+05:30,144.12,145.14,142.18,143.31,1000971
2011-11-24 00:00:00+05:30,143.42,144.29,141.99,143.53,458257
2011-11-25 00:00:00+05:30,143.25,151.75,142.62,149.77,791814
2011-11-28 00:00:00+05:30,152.62,156.49,148.62,149.38,1140173
2011-11-29 00:00:00+05:30,149.73,152.05,147.99,148.86,751507
2011-11-30 00:00:00+05:30,148.12,151.16,147.38,150.47,908869
2011-12-01 00:00:00+05:30,151.75,154.62,151.75,152.55,1037766
2011-12-02 00:00:00+05:30,152.16,155.27,152.16,153.42,1300224
2011-12-05 00:00:00+05:30,152.62,153.9,151.31,152.86,364034
2011-12-07 00:00:00+05:30,154.79,156.68,153.03,155.01,1463494
2011-12-08 00:00:00+05:30,154.73,155.92,152.23,154.86,642281
2011-12-09 00:00:00+05:30,152.4,153.92,152.01,152.97,336186
2011-12-12 00:00:00+05:30,153.49,154.75,149.58,151.18,321871
2011-12-13 00:00:00+05:30,147.97,150.4,147.97,149.97,598630
2011-12-14 00:00:00+05:30,149.58,149.99,144.92,145.68,383468
2011-12-15 00:00:00+05:30,143.49,147.1,140.01,145.53,712957
2011-12-16 00:00:00+05:30,145.27,145.51,141.47,142.03,373340
2011-12-19 00:00:00+05:30,142.18,142.62,138.25,141.55,294782
2011-12-20 00:00:00+05:30,142.1,142.1,136.1,136.97,283575
2011-12-21 00:00:00+05:30,137.4,139.1,135.68,138.18,265132
2011-12-22 00:00:00+05:30,138.44,141.51,134.27,139.38,478212
2011-12-23 00:00:00+05:30,139.94,140.12,135.92,136.55,321789
2011-12-26 00:00:00+05:30,137.86,138.34,136.55,137.75,128754
2011-12-27 00:00:00+05:30,138.34,138.38,135.23,135.94,200923
2011-12-28 00:00:00+05:30,135.23,136.6,131.1,133.7,545724
2011-12-29 00:00:00+05:30,133.47,136.53,132.4,133.7,415772
2011-12-30 00:00:00+05:30,133.97,137.03,132.51,135.9,310632
2012-01-02 00:00:00+05:30,136.1,136.12,133.64,134.29,118469
2012-01-03 00:00:00+05:30,134.73,138.23,134.4,137.47,405777
2012-01-04 00:00:00+05:30,137.71,139.14,136.1,136.57,992188
2012-01-05 00:00:00+05:30,136.55,137.84,135.01,135.62,418456
2012-01-06 00:00:00+05:30,135.92,135.92,134.03,134.99,383864
2012-01-07 00:00:00+05:30,134.4,140.88,134.4,139.12,133289
2012-01-09 00:00:00+05:30,139.29,140.81,137.92,138.55,1084906
2012-01-10 00:00:00+05:30,139.14,140.01,138.86,139.42,726600
2012-01-11 00:00:00+05:30,141.18,141.18,135.73,136.42,776732
2012-01-12 00:00:00+05:30,136.44,138.84,135.66,136.99,971082
2012-01-13 00:00:00+05:30,138.34,138.36,136.31,137.14,680661
2012-01-16 00:00:00+05:30,136.25,138.23,136.1,136.71,336961
2012-01-17 00:00:00+05:30,137.31,142.27,136.62,141.14,1243977
2012-01-18 00:00:00+05:30,142.6,143.71,139.36,139.84,864664
2012-01-19 00:00:00+05:30,139.57,142.62,139.57,140.97,767231
2012-01-20 00:00:00+05:30,141.71,142.99,139.57,140.88,1057048
2012-01-23 00:00:00+05:30,140.88,142.62,140.05,141.75,390108
2012-01-24 00:00:00+05:30,142.03,144.97,142.03,143.36,598524
2012-01-25 00:00:00+05:30,144.55,144.55,141.4,141.88,474914
2012-01-27 00:00:00+05:30,141.38,147.27,141.38,146.42,771258
2012-01-30 00:00:00+05:30,146.16,146.55,143.53,145.34,665712
2012-01-31 00:00:00+05:30,147.38,149.88,144.86,148.42,890859
2012-02-01 00:00:00+05:30,151.73,151.73,145.21,150.66,564638
2012-02-02 00:00:00+05:30,152.14,153.03,150.45,151.77,933763
2012-02-03 00:00:00+05:30,153.4,153.4,147.86,150.01,622737
2012-02-06 00:00:00+05:30,152.18,153.05,150.45,151.53,804746
2012-02-07 00:00:00+05:30,153.9,153.9,148.73,149.92,574146
2012-02-08 00:00:00+05:30,151.29,151.79,149.36,150.9,586379
2012-02-09 00:00:00+05:30,151.01,154.34,150.12,152.86,741038
2012-02-10 00:00:00+05:30,152.66,157.4,149.29,155.23,2425102
2012-02-13 00:00:00+05:30,156.77,159.77,155.4,158.03,1585584
2012-02-14 00:00:00+05:30,158.73,159.88,155.79,156.53,654277
2012-02-15 00:00:00+05:30,158.01,160.64,157.34,160.14,1250108
2012-02-16 00:00:00+05:30,159.58,161.71,159.01,160.9,837031
2012-02-17 00:00:00+05:30,162.12,162.92,160.1,161.53,701118
2012-02-21 00:00:00+05:30,160.88,162.88,158.49,159.32,570611
2012-02-22 00:00:00+05:30,161.1,161.6,151.99,154.1,572301
2012-02-23 00:00:00+05:30,153.92,159.14,150.88,153.6,1471495
2012-02-24 00:00:00+05:30,154.38,158.27,152.62,154.36,515711
2012-02-27 00:00:00+05:30,156.36,156.53,146.42,148.77,357993
2012-02-28 00:00:00+05:30,152.38,152.62,147.23,151.71,344757
2012-02-29 00:00:00+05:30,153.01,159.14,153.01,157.6,829173
2012-03-01 00:00:00+05:30,158.29,159.29,154.47,156.32,588959
2012-03-02 00:00:00+05:30,157.79,157.79,154.01,154.62,289807
2012-03-03 00:00:00+05:30,155.42,155.42,153.05,154.38,29350
2012-03-05 00:00:00+05:30,154.49,155.97,153.14,154.51,377160
2012-03-06 00:00:00+05:30,153.18,156.79,152.81,154.1,615557
2012-03-07 00:00:00+05:30,154.34,154.34,150.01,150.64,420261
2012-03-09 00:00:00+05:30,153.1,153.1,151.1,152.6,461688
2012-03-12 00:00:00+05:30,153.36,154.84,152.23,153.99,338844
2012-03-13 00:00:00+05:30,156.47,158.66,153.92,156.32,555678
2012-03-14 00:00:00+05:30,157.42,159.58,154.62,155.4,482051
2012-03-15 00:00:00+05:30,155.23,157.73,154.21,156.18,433628
2012-03-16 00:00:00+05:30,157.82,157.84,153.58,154.36,585215
2012-03-19 00:00:00+05:30,156.55,156.55,152.71,154.05,288899
2012-03-20 00:00:00+05:30,153.18,155.16,152.51,153.99,451888
2012-03-21 00:00:00+05:30,153.14,156.08,153.12,154.68,302544
2012-03-22 00:00:00+05:30,154.38,158.23,150.88,151.88,416567
2012-03-23 00:00:00+05:30,153.03,153.55,150.12,150.95,320512
2012-03-26 00:00:00+05:30,150.88,150.88,146.1,147.58,728470
2012-03-27 00:00:00+05:30,149.66,150.88,147.49,148.25,625883
2012-03-28 00:00:00+05:30,148.49,149.9,146.1,146.86,636299
2012-03-29 00:00:00+05:30,146.84,150.4,145.71,148.31,458494
2012-03-30 00:00:00+05:30,146.97,151.75,146.97,150.73,792877
2012-04-02 00:00:00+05:30,151.31,151.95,148.81,149.51,273234
2012-04-03 00:00:00+05:30,151.14,151.62,149.62,150.1,995102
2012-04-04 00:00:00+05:30,149.58,153.71,149.58,152.55,270967
2012-04-09 00:00:00+05:30,150.01,152.53,147.42,147.79,438043
2012-04-10 00:00:00+05:30,146.97,149.55,144.9,145.73,535005
2012-04-11 00:00:00+05:30,146.01,147.53,143.1,145.99,236821
2012-04-12 00:00:00+05:30,146.12,148.49,146.12,148.18,497570
2012-04-13 00:00:00+05:30,147.84,150.45,146.97,147.58,363512
2012-04-16 00:00:00+05:30,149.92,152.58,147.03,151.34,291176
2012-04-17 00:00:00+05:30,153.66,154.23,151.36,151.9,729468
2012-04-18 00:00:00+05:30,153.12,153.88,151.88,152.45,702514
2012-04-19 00:00:00+05:30,152.64,154.23,144.79,153.03,398824
2012-04-20 00:00:00+05:30,151.55,153.66,148.14,148.9,314528
2012-04-23 00:00:00+05:30,148.14,151.31,148.14,149.23,190024
2012-04-24 00:00:00+05:30,153.05,153.05,147.84,148.18,143551
2012-04-25 00:00:00+05:30,149.14,149.53,146.1,146.49,182591
2012-04-26 00:00:00+05:30,146.6,147.71,141.31,142.23,1047851
2012-04-27 00:00:00+05:30,143.68,144.79,142.31,144.55,474684
2012-04-28 00:00:00+05:30,145.66,146.64,144.58,146.1,19981
2012-04-30 00:00:00+05:30,146.1,146.97,144.71,146.21,329029
2012-05-02 00:00:00+05:30,146.53,148.25,145.23,146.55,296589
2012-05-03 00:00:00+05:30,147.38,147.38,143.71,144.42,282542
2012-05-04 00:00:00+05:30,144.75,145.6,141.31,144.29,361617
2012-05-07 00:00:00+05:30,142.66,147.77,140.27,146.77,406411
2012-05-08 00:00:00+05:30,148.71,148.71,145.77,146.51,216141
2012-05-09 00:00:00+05:30,146.12,147.4,145.71,146.31,144678
2012-05-10 00:00:00+05:30,146.6,149.79,146.31,148.05,554735
2012-05-11 00:00:00+05:30,148.05,150.01,143.73,144.79,456458
2012-05-14 00:00:00+05:30,144.79,147.14,142.71,143.58,165078
2012-05-15 00:00:00+05:30,143.49,144.36,139.81,142.23,573074
2012-05-16 00:00:00+05:30,140.9,142.4,140.01,141.64,204600
2012-05-17 00:00:00+05:30,141.81,143.47,141.27,141.49,312336
2012-05-18 00:00:00+05:30,141.31,141.31,138.49,139.14,196930
2012-05-21 00:00:00+05:30,137.47,140.38,135.27,136.9,750067
2012-05-22 00:00:00+05:30,138.21,138.66,135.68,136.36,274844
2012-05-23 00:00:00+05:30,135.68,136.31,133.92,134.7,182545
2012-05-24 00:00:00+05:30,135.16,136.29,134.27,134.73,528761
2012-05-25 00:00:00+05:30,134.79,135.66,134.51,135.25,297438
2012-05-28 00:00:00+05:30,135.66,141.31,135.23,140.51,381201
2012-05-29 00:00:00+05:30,141.31,141.84,138.29,138.55,165940
2012-05-30 00:00:00+05:30,137.81,140.73,136.62,137.77,369722
2012-05-31 00:00:00+05:30,136.97,136.97,132.25,133.86,896963
2012-06-01 00:00:00+05:30,133.49,135.01,133.05,133.7,344451
2012-06-04 00:00:00+05:30,134.38,134.38,130.14,130.4,394137
2012-06-05 00:00:00+05:30,130.01,134.03,130.01,132.49,689584
2012-06-06 00:00:00+05:30,132.64,134.7,132.64,134.36,636152
2012-06-07 00:00:00+05:30,136.05,136.75,134.84,135.66,544358
2012-06-08 00:00:00+05:30,135.66,136.88,134.1,135.44,663067
2012-06-11 00:00:00+05:30,136.86,140.01,136.14,137.86,626743
2012-06-12 00:00:00+05:30,137.36,138.68,136.71,137.84,315066
2012-06-13 00:00:00+05:30,137.84,138.38,135.88,136.1,931040
2012-06-14 00:00:00+05:30,140.01,140.01,135.44,135.99,469287
2012-06-15 00:00:00+05:30,136.97,137.07,133.94,134.75,493373
2012-06-18 00:00:00+05:30,139.14,139.14,132.36,133.12,516553
2012-06-19 00:00:00+05:30,133.03,133.94,130.12,131.47,677657
2012-06-20 00:00:00+05:30,131.75,134.57,131.53,133.81,233431
2012-06-21 00:00:00+05:30,135.36,135.36,133.14,133.9,323447
2012-06-22 00:00:00+05:30,133.49,133.92,131.75,133.1,2413609
2012-06-25 00:00:00+05:30,133.44,134.75,132.4,132.6,525587
2012-06-26 00:00:00+05:30,132.18,133.49,131.79,132.47,504329
2012-06-27 00:00:00+05:30,132.75,134.2,132.68,133.03,306304
2012-06-28 00:00:00+05:30,134.18,134.2,131.97,132.97,648460
2012-06-29 00:00:00+05:30,134.1,135.88,133.79,135.23,563741
2012-07-02 00:00:00+05:30,137.34,138.18,135.66,137.18,698560
2012-07-03 00:00:00+05:30,137.4,138.62,137.18,137.92,670433
2012-07-04 00:00:00+05:30,139.12,139.68,137.12,137.51,362533
2012-07-05 00:00:00+05:30,136.99,142.77,136.12,141.05,2134179
2012-07-06 00:00:00+05:30,140.88,141.53,139.4,139.88,389280
2012-07-09 00:00:00+05:30,140.44,140.44,137.05,138.29,435435
2012-07-10 00:00:00+05:30,138.55,140.14,138.55,139.86,1034454
2012-07-11 00:00:00+05:30,139.53,140.44,139.14,139.21,225579
2012-07-12 00:00:00+05:30,139.03,140.18,138.38,139.49,486752
2012-07-13 00:00:00+05:30,140.84,140.84,138.68,139.49,262844
2012-07-16 00:00:00+05:30,139.49,140.81,138.34,138.79,390177
2012-07-17 00:00:00+05:30,139.1,139.92,138.23,138.71,985670
2012-07-18 00:00:00+05:30,139.16,139.16,137.03,138.27,707341
2012-07-19 00:00:00+05:30,141.31,141.31,137.92,138.27,852762
2012-07-20 00:00:00+05:30,141.31,141.31,137.44,138.27,599989
2012-07-23 00:00:00+05:30,136.86,138.42,135.71,136.64,304349
2012-07-24 00:00:00+05:30,136.92,138.23,136.73,137.66,344332
2012-07-25 00:00:00+05:30,137.38,137.68,134.79,135.16,328663
2012-07-26 00:00:00+05:30,135.25,135.66,131.75,132.81,762075
2012-07-27 00:00:00+05:30,133.88,134.53,132.44,132.66,373795
2012-07-30 00:00:00+05:30,134.57,134.79,132.66,134.44,741404
2012-07-31 00:00:00+05:30,134.34,134.79,132.84,133.01,512466
2012-08-01 00:00:00+05:30,132.62,135.23,132.62,135.07,694342
2012-08-02 00:00:00+05:30,133.49,135.77,133.49,134.77,325866
2012-08-03 00:00:00+05:30,134.36,135.53,133.7,134.29,714841
2012-08-06 00:00:00+05:30,138.27,138.27,134.79,135.14,701081
2012-08-07 00:00:00+05:30,136.1,136.51,133.1,134.23,2793635
2012-08-08 00:00:00+05:30,130.68,132.29,129.57,130.12,1473117
2012-08-09 00:00:00+05:30,130.44,132.36,130.44,131.6,961533
2012-08-10 00:00:00+05:30,131.6,133.49,131.18,133.07,1234292
2012-08-13 00:00:00+05:30,133.66,134.57,132.51,134.03,1046370
2012-08-14 00:00:00+05:30,134.38,135.42,133.1,134.99,750751
2012-08-16 00:00:00+05:30,135.66,135.84,134.31,135.1,484875
2012-08-17 00:00:00+05:30,134.79,138.01,134.62,137.44,1705465
2012-08-21 00:00:00+05:30,138.81,138.81,134.73,135.73,319176
2012-08-22 00:00:00+05:30,135.23,136.4,134.62,135.25,663145
2012-08-23 00:00:00+05:30,135.86,136.53,133.92,134.79,515017
2012-08-24 00:00:00+05:30,133.92,137.07,133.49,136.66,556069
2012-08-27 00:00:00+05:30,136.88,136.92,133.99,134.68,346121
2012-08-28 00:00:00+05:30,130.44,134.34,130.44,132.7,394300
2012-08-29 00:00:00+05:30,131.55,135.07,130.51,133.03,683522
2012-08-30 00:00:00+05:30,133.03,133.7,130.49,131.44,499037
2012-08-31 00:00:00+05:30,131.62,132.77,131.53,132.57,491756
2012-09-03 00:00:00+05:30,131.55,132.73,131.55,132.51,604168
2012-09-04 00:00:00+05:30,132.55,133.49,131.97,132.57,465255
2012-09-05 00:00:00+05:30,132.1,135.49,131.99,135.23,2508310
2012-09-06 00:00:00+05:30,135.81,137.6,135.75,136.44,863643
2012-09-07 00:00:00+05:30,136.12,138.71,136.12,138.49,745210
2012-09-08 00:00:00+05:30,138.29,139.1,137.51,138.14,33402
2012-09-10 00:00:00+05:30,138.62,141.49,138.21,140.38,976496
2012-09-11 00:00:00+05:30,141.03,141.4,139.55,140.97,611408
2012-09-12 00:00:00+05:30,141.31,143.84,139.97,140.75,1858071
2012-09-13 00:00:00+05:30,140.47,141.29,138.81,139.77,1041524
2012-09-14 00:00:00+05:30,140.47,141.31,138.49,139.12,1098698
2012-09-17 00:00:00+05:30,139.66,139.97,137.6,138.16,487943
2012-09-18 00:00:00+05:30,138.05,139.34,136.25,136.75,756243
2012-09-20 00:00:00+05:30,132.18,137.92,132.18,137.18,638452
2012-09-21 00:00:00+05:30,138.25,141.51,137.27,140.73,966779
2012-09-24 00:00:00+05:30,140.73,142.79,138.31,139.25,2147180
2012-09-25 00:00:00+05:30,139.55,141.16,137.64,138.38,802499
2012-09-26 00:00:00+05:30,137.66,139.47,137.01,137.27,516714
2012-09-27 00:00:00+05:30,138.21,139.84,137.94,138.49,1115291
2012-09-28 00:00:00+05:30,137.23,140.84,137.23,139.51,766567
2012-10-01 00:00:00+05:30,139.1,140.73,139.1,139.57,903465
2012-10-03 00:00:00+05:30,139.14,143.66,139.14,142.18,2077800
2012-10-04 00:00:00+05:30,142.66,144.18,141.36,141.81,1336007
2012-10-05 00:00:00+05:30,142.47,142.88,139.14,139.34,1786707
2012-10-08 00:00:00+05:30,139.57,140.4,138.38,139.12,1593686
2012-10-09 00:00:00+05:30,139.14,140.62,138.16,138.38,811315
2012-10-10 00:00:00+05:30,139.44,139.44,137.14,137.4,716678
2012-10-11 00:00:00+05:30,138.31,141.25,138.05,140.51,1640982
2012-10-12 00:00:00+05:30,140.4,142.14,139.64,141.49,1253158
2012-10-15 00:00:00+05:30,142.6,142.84,140.97,141.27,809419
2012-10-16 00:00:00+05:30,140.47,142.4,140.01,140.84,930219
2012-10-17 00:00:00+05:30,141.31,142.73,140.6,141.47,953606
2012-10-18 00:00:00+05:30,141.77,144.31,141.53,141.81,1349585
2012-10-19 00:00:00+05:30,141.77,143.21,141.57,142.14,538875
2012-10-22 00:00:00+05:30,142.12,143.79,137.68,142.1,893601
2012-10-23 00:00:00+05:30,142.94,143.79,141.27,141.53,663570
2012-10-25 00:00:00+05:30,142.94,143.62,140.03,141.34,2209218
2012-10-26 00:00:00+05:30,142.23,142.55,140.53,141.05,285019
2012-10-29 00:00:00+05:30,141.31,141.86,139.57,139.88,239928
2012-10-30 00:00:00+05:30,140.84,141.97,137.97,138.84,1091336
2012-10-31 00:00:00+05:30,139.14,140.01,137.12,137.6,1526271
2012-11-01 00:00:00+05:30,138.27,138.71,137.23,137.53,878403
2012-11-02 00:00:00+05:30,139.1,139.1,137.49,137.73,1618476
2012-11-05 00:00:00+05:30,138.12,139.77,138.05,138.27,1338093
2012-11-06 00:00:00+05:30,138.68,139.1,137.84,138.71,656871
2012-11-07 00:00:00+05:30,138.27,139.14,138.18,138.42,548640
2012-11-08 00:00:00+05:30,137.42,138.92,137.4,138.64,479328
2012-11-09 00:00:00+05:30,138.84,139.66,138.27,138.64,507115
2012-11-12 00:00:00+05:30,138.25,139.57,137.4,138.92,326446
2012-11-13 00:00:00+05:30,139.14,139.57,137.4,139.14,92702
2012-11-15 00:00:00+05:30,139.14,139.14,137.4,137.6,715239
2012-11-16 00:00:00+05:30,136.99,138.68,136.53,137.94,1461309
2012-11-19 00:00:00+05:30,138.01,138.25,134.4,135.97,968628
2012-11-20 00:00:00+05:30,136.29,137.66,135.29,136.03,1854129
2012-11-21 00:00:00+05:30,134.81,136.47,134.81,135.9,768841
2012-11-22 00:00:00+05:30,136.07,136.97,134.79,135.6,363839
2012-11-23 00:00:00+05:30,135.62,136.88,135.23,136.31,339219
2012-11-26 00:00:00+05:30,136.36,137.31,135.01,135.18,462465
2012-11-27 00:00:00+05:30,134.79,136.14,134.79,134.94,1206588
2012-11-29 00:00:00+05:30,134.4,141.94,134.4,141.31,1666878
2012-11-30 00:00:00+05:30,140.01,142.81,140.01,142.27,789455
2012-12-03 00:00:00+05:30,142.84,146.51,140.42,145.38,2203399
2012-12-04 00:00:00+05:30,145.66,159.45,145.66,153.29,8494783
2012-12-05 00:00:00+05:30,153.27,155.23,149.23,149.99,1847329
2012-12-06 00:00:00+05:30,150.53,154.36,149.05,152.4,2632987
2012-12-07 00:00:00+05:30,152.62,153.47,150.14,151.01,2188163
2012-12-10 00:00:00+05:30,151.31,153.49,150.08,151.05,2193627
2012-12-11 00:00:00+05:30,150.73,152.4,146.1,148.27,1343052
2012-12-12 00:00:00+05:30,149.16,151.21,146.68,147.55,1174342
2012-12-13 00:00:00+05:30,146.53,149.75,143.92,144.75,1272104
2012-12-14 00:00:00+05:30,145.23,148.27,144.75,146.6,681636
2012-12-17 00:00:00+05:30,146.97,148.18,146.23,147.23,508400
2012-12-18 00:00:00+05:30,147.84,150.01,147.21,148.29,1453538
2012-12-19 00:00:00+05:30,148.97,152.75,147.44,151.45,1435448
2012-12-20 00:00:00+05:30,151.75,153.71,150.58,151.12,1203914
2012-12-21 00:00:00+05:30,150.66,150.66,147.84,148.29,1143064
2012-12-24 00:00:00+05:30,147.81,149.31,147.18,147.79,585463
2012-12-26 00:00:00+05:30,147.84,149.36,146.73,148.64,623112
2012-12-27 00:00:00+05:30,148.95,150.23,147.23,147.97,2167917
2012-12-28 00:00:00+05:30,149.1,152.36,148.49,152.05,1167712
2012-12-31 00:00:00+05:30,152.47,154.36,152.08,153.92,1563524
2013-01-01 00:00:00+05:30,153.9,155.18,153.29,154.64,649259
2013-01-02 00:00:00+05:30,155.68,155.84,152.55,153.03,1039859
2013-01-03 00:00:00+05:30,153.6,159.34,153.53,158.84,2777267
2013-01-04 00:00:00+05:30,159.32,160.62,157.86,158.58,1810310
2013-01-07 00:00:00+05:30,159.6,164.32,158.62,162.86,2316326
2013-01-08 00:00:00+05:30,163.51,163.86,160.23,163.45,2311945
2013-01-09 00:00:00+05:30,163.79,165.88,162.47,163.03,1054907
2013-01-10 00:00:00+05:30,163.9,164.49,159.45,161.29,1346950
2013-01-11 00:00:00+05:30,161.34,162.75,158.12,159.62,1548220
2013-01-14 00:00:00+05:30,159.62,161.75,158.75,160.9,1380229
2013-01-15 00:00:00+05:30,161.49,163.38,160.62,162.42,1383439
2013-01-16 00:00:00+05:30,163.05,165.45,161.69,161.9,2028600
2013-01-17 00:00:00+05:30,162.03,163.79,160.77,161.45,1267976
2013-01-18 00:00:00+05:30,161.84,163.92,159.05,159.64,2612509
2013-01-21 00:00:00+05:30,160.05,162.05,158.73,161.19,351208
2013-01-22 00:00:00+05:30,161.77,162.95,160.01,161.21,461872
2013-01-23 00:00:00+05:30,161.75,162.03,159.14,160.42,1836469
2013-01-24 00:00:00+05:30,159.64,160.42,152.62,154.58,2018253
2013-01-25 00:00:00+05:30,154.51,160.4,153.29,159.18,451088
2013-01-28 00:00:00+05:30,159.58,161.32,158.55,159.66,541999
2013-01-29 00:00:00+05:30,159.68,160.84,156.97,158.51,543077
2013-01-30 00:00:00+05:30,159.51,160.16,156.08,156.62,786025
2013-01-31 00:00:00+05:30,157.62,158.27,154.49,155.6,1202662
2013-02-01 00:00:00+05:30,155.49,157.92,155.23,156.97,321179
2013-02-04 00:00:00+05:30,156.97,159.42,155.66,156.47,648030
2013-02-05 00:00:00+05:30,155.23,156.95,154.42,156.45,536217
2013-02-06 00:00:00+05:30,156.86,157.58,151.38,152.23,1232912
2013-02-07 00:00:00+05:30,153.73,158.66,150.88,158.01,1458603
2013-02-08 00:00:00+05:30,156.6,159.77,153.16,154.12,3805492
2013-02-11 00:00:00+05:30,152.18,153.95,149.23,150.14,1285719
2013-02-12 00:00:00+05:30,152.14,152.14,148.71,149.45,1285615
2013-02-13 00:00:00+05:30,149.79,151.01,147.21,147.81,2589248
2013-02-14 00:00:00+05:30,147.97,148.71,144.88,146.23,1744827
2013-02-15 00:00:00+05:30,145.34,148.71,143.97,147.62,724838
2013-02-18 00:00:00+05:30,147.4,148.88,146.12,146.97,481027
2013-02-19 00:00:00+05:30,147.4,148.47,145.88,147.9,360083
2013-02-20 00:00:00+05:30,147.4,148.86,146.62,147.1,327966
2013-02-21 00:00:00+05:30,146.99,147.53,143.71,144.36,538813
2013-02-22 00:00:00+05:30,144.38,145.18,142.9,143.71,414935
2013-02-25 00:00:00+05:30,143.01,145.12,143.01,144.1,277333
2013-02-26 00:00:00+05:30,143.49,145.75,142.27,144.51,961904
2013-02-27 00:00:00+05:30,144.84,146.36,143.92,145.01,685831
2013-02-28 00:00:00+05:30,145.62,146.75,141.36,142.29,1128978
2013-03-01 00:00:00+05:30,143.18,143.86,140.75,141.21,1452609
2013-03-04 00:00:00+05:30,141.01,141.53,139.34,140.44,508057
2013-03-05 00:00:00+05:30,140.44,142.18,139.27,141.14,884794
2013-03-06 00:00:00+05:30,141.84,144.73,141.34,141.62,835463
2013-03-07 00:00:00+05:30,141.66,143.25,140.99,141.44,394112
2013-03-08 00:00:00+05:30,143.31,144.16,141.75,143.42,416501
2013-03-11 00:00:00+05:30,143.68,144.75,141.77,142.47,335001
2013-03-12 00:00:00+05:30,143.92,143.94,140.66,141.75,502329
2013-03-13 00:00:00+05:30,140.05,143.31,139.88,142.4,800698
2013-03-14 00:00:00+05:30,142.21,143.34,139.79,140.9,1134088
2013-03-15 00:00:00+05:30,141.73,141.73,138.73,139.53,1324140
2013-03-18 00:00:00+05:30,139.4,141.23,138.05,139.53,594260
2013-03-19 00:00:00+05:30,139.66,141.75,138.71,139.53,959215
2013-03-20 00:00:00+05:30,139.6,139.77,136.53,137.29,537502
2013-03-21 00:00:00+05:30,138.47,139.49,134.79,134.97,477233
2013-03-22 00:00:00+05:30,134.94,139.75,134.01,138.05,486883
2013-03-25 00:00:00+05:30,138.38,140.84,137.94,139.68,470050
2013-03-26 00:00:00+05:30,139.68,140.44,137.57,140.07,402366
2013-03-28 00:00:00+05:30,139.81,141.31,138.73,139.84,989617
2013-04-01 00:00:00+05:30,138.75,141.23,138.05,140.71,194012
2013-04-02 00:00:00+05:30,140.88,142.4,140.49,141.62,1708611
2013-04-03 00:00:00+05:30,141.64,142.79,138.75,139.44,603515
2013-04-04 00:00:00+05:30,138.75,138.75,133.01,135.38,1195340
2013-04-05 00:00:00+05:30,134.81,137.92,134.79,135.4,275872
2013-04-08 00:00:00+05:30,135.66,136.05,134.18,135.25,193740
2013-04-09 00:00:00+05:30,135.29,137.84,135.29,137.16,482118
2013-04-10 00:00:00+05:30,138.05,138.99,135.88,138.27,385871
2013-04-11 00:00:00+05:30,138.31,139.77,136.55,137.64,389577
2013-04-12 00:00:00+05:30,137.47,138.64,136.16,137.57,533836
2013-04-15 00:00:00+05:30,137.84,138.68,136.71,138.21,164845
2013-04-16 00:00:00+05:30,136.99,139.79,136.99,139.16,320855
2013-04-17 00:00:00+05:30,139.57,140.88,138.75,139.68,853321
2013-04-18 00:00:00+05:30,140.88,143.4,139.68,140.38,560098
2013-04-22 00:00:00+05:30,141.31,142.18,139.25,140.99,195470
2013-04-23 00:00:00+05:30,142.4,142.4,140.01,140.34,218282
2013-04-25 00:00:00+05:30,142.18,142.18,140.07,141.53,967741
2013-04-26 00:00:00+05:30,142.14,142.14,139.14,139.36,249431
2013-04-29 00:00:00+05:30,138.36,140.55,137.92,139.34,471653
2013-04-30 00:00:00+05:30,139.14,142.84,138.71,140.81,950397
2013-05-02 00:00:00+05:30,141.31,145.01,141.31,143.38,990640
2013-05-03 00:00:00+05:30,143.92,144.03,140.92,141.34,574928
2013-05-06 00:00:00+05:30,143.23,144.21,141.42,143.6,607668
2013-05-07 00:00:00+05:30,144.66,144.92,143.75,143.97,173325
2013-05-08 00:00:00+05:30,143.99,144.49,140.75,141.36,590509
2013-05-09 00:00:00+05:30,140.88,141.97,138.62,139.71,1204245
2013-05-10 00:00:00+05:30,140.05,140.66,139.18,140.16,235292
2013-05-11 00:00:00+05:30,141.05,141.05,140.01,140.21,18313
2013-05-13 00:00:00+05:30,140.88,140.88,138.71,138.88,142670
2013-05-14 00:00:00+05:30,138.81,140.86,138.81,140.01,206268
2013-05-15 00:00:00+05:30,141.05,141.14,139.18,140.42,877725
2013-05-16 00:00:00+05:30,140.88,143.42,140.51,140.97,2727632
2013-05-17 00:00:00+05:30,140.97,141.31,139.84,140.44,1550065
2013-05-20 00:00:00+05:30,140.44,141.31,137.75,138.29,811749
2013-05-21 00:00:00+05:30,138.29,138.29,136.1,136.53,1759215
2013-05-22 00:00:00+05:30,135.71,137.84,134.92,135.23,272390
2013-05-23 00:00:00+05:30,134.79,135.34,131.79,133.51,685633
2013-05-24 00:00:00+05:30,132.62,134.57,130.51,132.14,1688761
2013-05-27 00:00:00+05:30,132.97,133.75,131.75,133.4,492212
2013-05-28 00:00:00+05:30,131.1,133.68,129.68,132.6,1641548
2013-05-29 00:00:00+05:30,134.31,134.31,130.51,131.23,747080
2013-05-30 00:00:00+05:30,131.23,132.4,130.27,131.27,3663348
2013-05-31 00:00:00+05:30,132.18,132.25,130.23,131.18,492416
2013-06-03 00:00:00+05:30,130.44,132.07,130.31,130.86,1565729
2013-06-04 00:00:00+05:30,130.86,132.77,130.84,131.44,296470
2013-06-05 00:00:00+05:30,131.44,132.75,130.49,132.42,343370
2013-06-06 00:00:00+05:30,131.75,133.88,131.31,132.79,752172
2013-06-07 00:00:00+05:30,132.7,135.53,132.7,133.57,1126020
2013-06-10 00:00:00+05:30,130.01,135.01,130.01,132.7,867419
2013-06-11 00:00:00+05:30,132.6,132.6,130.4,130.7,1491426
2013-06-12 00:00:00+05:30,130.6,132.29,130.25,131.31,1301705
2013-06-13 00:00:00+05:30,130.92,131.18,128.27,128.79,907922
2013-06-14 00:00:00+05:30,128.53,132.18,128.27,131.38,464045
2013-06-17 00:00:00+05:30,131.84,132.62,130.27,130.88,958244
2013-06-18 00:00:00+05:30,130.23,132.05,130.05,130.49,428888
2013-06-19 00:00:00+05:30,130.44,131.27,130.03,130.2,532535
2013-06-20 00:00:00+05:30,131.62,131.62,127.4,128.81,1550918
2013-06-21 00:00:00+05:30,128.81,128.88,123.49,125.18,730316
2013-06-24 00:00:00+05:30,124.66,124.68,118.57,119.33,761330
2013-06-25 00:00:00+05:30,121.31,121.31,113.16,117.46,1336102
2013-06-26 00:00:00+05:30,121.7,121.7,117.94,118.66,938786
2013-06-27 00:00:00+05:30,119.23,120.29,116.94,117.42,705556
2013-06-28 00:00:00+05:30,119.33,124.36,116.99,122.42,430905
2013-07-01 00:00:00+05:30,122.68,126.36,121.81,124.88,263782
2013-07-02 00:00:00+05:30,126.1,126.1,122.42,122.92,203782
2013-07-03 00:00:00+05:30,122.92,123.42,119.86,120.53,205713
2013-07-04 00:00:00+05:30,120.44,122.57,117.57,118.25,351779
2013-07-05 00:00:00+05:30,118.92,122.7,118.38,120.1,840235
2013-07-08 00:00:00+05:30,119.6,120.88,115.31,119.96,591756
2013-07-09 00:00:00+05:30,121.62,123.88,120.68,123.47,404696
2013-07-10 00:00:00+05:30,125.23,125.23,123.38,124.47,567837
2013-07-11 00:00:00+05:30,125.25,127.29,123.2,123.77,477315
2013-07-12 00:00:00+05:30,124.05,125.2,122.64,124.42,384519
2013-07-15 00:00:00+05:30,123.49,125.66,123.05,124.9,250192
2013-07-16 00:00:00+05:30,123.92,125.18,123.05,123.47,347655
2013-07-17 00:00:00+05:30,123.14,125.16,122.66,123.31,344631
2013-07-18 00:00:00+05:30,123.92,124.7,122.64,123.47,332920
2013-07-19 00:00:00+05:30,125.14,125.14,123.05,123.79,307985
2013-07-22 00:00:00+05:30,124.31,124.68,122.83,123.23,229135
2013-07-23 00:00:00+05:30,123.49,124.79,123.49,124.31,195794
2013-07-24 00:00:00+05:30,122.62,124.16,122.55,122.7,234827
2013-07-25 00:00:00+05:30,122.62,123.68,118.49,119.23,1351722
2013-07-26 00:00:00+05:30,117.9,120.36,117.49,118.14,420680
2013-07-29 00:00:00+05:30,119.53,119.53,116.16,116.94,1572514
2013-07-30 00:00:00+05:30,117.27,118.92,114.57,115.83,975086
2013-07-31 00:00:00+05:30,112.62,114.68,111.4,112.31,2093469
2013-08-01 00:00:00+05:30,111.53,113.42,110.03,111.49,841383
2013-08-02 00:00:00+05:30,111.75,118.27,110.18,114.49,1426729
2013-08-05 00:00:00+05:30,115.14,117.36,109.44,112.88,828490
2013-08-06 00:00:00+05:30,109.4,111.99,109.18,109.55,892379
2013-08-07 00:00:00+05:30,109.14,110.12,107.49,108.2,1049311
2013-08-08 00:00:00+05:30,107.62,112.05,107.59,110.88,902476
2013-08-12 00:00:00+05:30,108.49,108.81,106.62,107.38,436422
2013-08-13 00:00:00+05:30,106.64,107.83,106.31,107.27,434228
2013-08-14 00:00:00+05:30,108.62,112.57,107.62,111.7,531035
2013-08-16 00:00:00+05:30,110.49,112.01,107.83,108.31,776097
2013-08-19 00:00:00+05:30,108.68,108.68,103.49,106.16,454041
2013-08-20 00:00:00+05:30,105.22,108.25,104.88,107.66,283618
2013-08-21 00:00:00+05:30,106.96,110.01,105.66,106.14,513409
2013-08-22 00:00:00+05:30,106.75,108.62,104.57,107.7,215136
2013-08-23 00:00:00+05:30,107.96,109.57,105.81,106.75,396051
2013-08-26 00:00:00+05:30,106.96,109.88,106.22,108.77,274672
2013-08-27 00:00:00+05:30,108.57,109.55,107.29,107.42,352080
2013-08-28 00:00:00+05:30,107.4,107.96,105.55,107.53,254732
2013-08-29 00:00:00+05:30,107.22,109.57,106.18,108.07,817963
2013-08-30 00:00:00+05:30,108.75,110.22,107.14,107.68,448151
2013-09-02 00:00:00+05:30,107.4,108.62,106.92,107.33,376421
2013-09-03 00:00:00+05:30,107.75,108.46,103.05,104.07,1185340
2013-09-04 00:00:00+05:30,103.05,103.79,101.4,102.83,1549442
2013-09-05 00:00:00+05:30,103.35,106.16,103.35,105.49,307939
2013-09-06 00:00:00+05:30,105.49,106.94,103.92,104.92,1626680
2013-09-10 00:00:00+05:30,105.22,106.92,105.22,105.96,375612
2013-09-11 00:00:00+05:30,106.14,109.12,105.66,106.51,1169839
2013-09-12 00:00:00+05:30,106.96,108.14,103.96,104.4,524876
2013-09-13 00:00:00+05:30,104.31,107.83,103.27,107.66,604494
2013-09-16 00:00:00+05:30,109.14,109.14,105.72,106.2,874125
2013-09-17 00:00:00+05:30,105.66,106.27,105.01,105.64,311757
2013-09-18 00:00:00+05:30,106.09,106.79,104.7,105.7,392141
2013-09-19 00:00:00+05:30,107.36,110.27,106.2,109.33,1046135
2013-09-20 00:00:00+05:30,109.36,110.88,106.75,108.16,1084053
2013-09-23 00:00:00+05:30,107.57,108.62,105.03,105.38,886650
2013-09-24 00:00:00+05:30,105.42,106.4,104.62,105.81,164963
2013-09-25 00:00:00+05:30,105.88,106.59,104.18,105.7,341103
2013-09-26 00:00:00+05:30,106.51,106.51,104.79,105.14,351627
2013-09-27 00:00:00+05:30,105.44,106.36,104.07,104.46,180530
2013-09-30 00:00:00+05:30,103.51,104.31,103.07,103.44,480282
2013-10-01 00:00:00+05:30,103.7,104.77,102.64,104.44,426604
2013-10-03 00:00:00+05:30,104.36,105.53,104.14,105.18,723359
2013-10-04 00:00:00+05:30,105.22,105.92,104.36,105.05,960662
2013-10-07 00:00:00+05:30,104.7,105.57,104.33,105.18,1059792
2013-10-08 00:00:00+05:30,105.03,106.44,105.03,105.38,335974
2013-10-09 00:00:00+05:30,105.18,106.07,104.79,105.51,294301
2013-10-10 00:00:00+05:30,106.03,109.99,104.57,109.36,2001441
2013-10-11 00:00:00+05:30,110.44,110.62,107.59,108.07,1209044
2013-10-14 00:00:00+05:30,108.27,109.31,106.86,107.31,462394
2013-10-15 00:00:00+05:30,107.03,109.27,105.83,106.36,583483
2013-10-17 00:00:00+05:30,105.44,109.55,105.44,108.29,1091187
2013-10-18 00:00:00+05:30,108.29,109.14,107.4,107.57,513386
2013-10-21 00:00:00+05:30,108.2,111.23,107.42,110.49,855002
2013-10-22 00:00:00+05:30,110.88,114.14,110.83,112.51,1653986
2013-10-23 00:00:00+05:30,113.12,114.57,112.2,114.2,1014756
2013-10-24 00:00:00+05:30,114.36,115.7,113.49,114.38,1049042
2013-10-25 00:00:00+05:30,114.36,114.38,113.05,113.51,265831
2013-10-28 00:00:00+05:30,114.42,115.66,113.49,114.38,916403
2013-10-29 00:00:00+05:30,115.09,116.64,113.27,114.99,520010
2013-10-30 00:00:00+05:30,115.64,115.92,113.36,114.01,293275
2013-10-31 00:00:00+05:30,113.31,117.4,112.68,116.49,914975
2013-11-01 00:00:00+05:30,115.14,119.57,115.14,117.01,918165
2013-11-03 00:00:00+05:30,115.66,119.53,115.66,119.12,193244
2013-11-05 00:00:00+05:30,118.7,120.88,116.57,118.42,734567
2013-11-06 00:00:00+05:30,118.33,119.53,116.57,117.36,461713
2013-11-07 00:00:00+05:30,118.05,119.31,117.07,117.7,1335683
2013-11-08 00:00:00+05:30,119.14,119.14,116.6,117.4,271259
2013-11-11 00:00:00+05:30,119.1,119.1,113.73,115.68,2071749
2013-11-12 00:00:00+05:30,113.94,118.79,112.94,117.51,2413674
2013-11-13 00:00:00+05:30,116.53,119.1,115.94,118.44,724965
2013-11-14 00:00:00+05:30,118.31,121.18,118.31,120.2,1240037
2013-11-18 00:00:00+05:30,120.9,122.53,120.05,122.12,1213120
2013-11-19 00:00:00+05:30,121.75,123.05,120.75,122.05,1071187
2013-11-20 00:00:00+05:30,122.9,122.9,120.88,121.51,1331969
2013-11-21 00:00:00+05:30,121.33,123.36,120.51,121.64,1334673
2013-11-22 00:00:00+05:30,121.81,122.6,121.31,121.83,1105266
2013-11-25 00:00:00+05:30,122.18,124.18,121.83,122.25,1214065
2013-11-26 00:00:00+05:30,122.25,123.4,120.66,121.38,291914
2013-11-27 00:00:00+05:30,121.31,121.7,117.66,118.18,448374
2013-11-28 00:00:00+05:30,118.88,122.62,118.01,118.75,1217096
2013-11-29 00:00:00+05:30,117.42,121.46,117.42,120.83,471191
2013-12-02 00:00:00+05:30,121.46,121.7,119.53,120.4,270564
2013-12-03 00:00:00+05:30,121.53,121.53,119.05,119.83,190293
2013-12-04 00:00:00+05:30,119.14,122.03,117.99,119.07,575470
2013-12-05 00:00:00+05:30,119.23,120.79,118.27,118.62,337154
2013-12-06 00:00:00+05:30,119.36,119.57,117.49,118.1,376495
2013-12-09 00:00:00+05:30,121.66,121.66,118.7,119.38,522457
2013-12-10 00:00:00+05:30,120.99,121.25,117.79,118.14,524681
2013-12-11 00:00:00+05:30,118.81,120.05,117.83,119.75,580542
2013-12-12 00:00:00+05:30,119.57,119.57,116.14,116.83,377406
2013-12-13 00:00:00+05:30,116.53,117.79,114.57,116.31,465032
2013-12-16 00:00:00+05:30,117.33,117.33,111.75,114.9,575689
2013-12-17 00:00:00+05:30,115.66,117.55,113.83,114.44,337048
2013-12-18 00:00:00+05:30,114.42,115.66,113.31,114.57,302748
2013-12-19 00:00:00+05:30,115.03,115.59,114.4,114.64,435606
2013-12-20 00:00:00+05:30,114.38,116.55,113.99,116.05,483778
2013-12-23 00:00:00+05:30,115.66,118.81,115.23,116.92,728939
2013-12-24 00:00:00+05:30,117.4,120.31,116.6,118.66,787031
2013-12-26 00:00:00+05:30,118.7,120.31,117.16,117.81,423646
2013-12-27 00:00:00+05:30,117.81,120.07,116.75,119.07,496170
2013-12-30 00:00:00+05:30,119.07,120.01,117.92,118.55,284115
2013-12-31 00:00:00+05:30,119.14,121.4,118.81,119.53,695322
2014-01-01 00:00:00+05:30,120.36,121.31,119.49,120.18,418366
2014-01-02 00:00:00+05:30,119.57,121.53,115.88,116.88,463339
2014-01-03 00:00:00+05:30,115.51,117.4,114.36,115.62,423373
2014-01-06 00:00:00+05:30,116.09,116.09,114.46,115.23,217240
2014-01-07 00:00:00+05:30,115.46,116.49,114.01,114.7,157776
2014-01-08 00:00:00+05:30,115.33,118.23,114.49,117.38,557265
2014-01-09 00:00:00+05:30,116.14,117.81,115.92,116.73,337711
2014-01-10 00:00:00+05:30,117.18,118.23,114.4,115.16,336593
2014-01-13 00:00:00+05:30,115.16,116.49,113.49,114.44,221152
2014-01-14 00:00:00+05:30,114.36,114.77,113.68,114.05,239061
2014-01-15 00:00:00+05:30,114.62,114.75,113.31,114.44,293050
2014-01-16 00:00:00+05:30,115.09,115.96,113.09,113.66,192558
2014-01-17 00:00:00+05:30,113.7,114.57,112.75,113.12,181236
2014-01-20 00:00:00+05:30,113.64,113.7,111.96,112.99,255185
2014-01-21 00:00:00+05:30,113.01,115.57,113.01,115.18,287484
2014-01-22 00:00:00+05:30,115.36,117.62,115.05,116.75,794300
2014-01-23 00:00:00+05:30,117.27,117.46,114.36,114.73,503380
2014-01-24 00:00:00+05:30,115.23,115.23,113.49,114.07,236653
2014-01-27 00:00:00+05:30,113.05,113.4,108.01,108.68,979182
2014-01-28 00:00:00+05:30,108.7,110.2,106.18,108.22,929034
2014-01-29 00:00:00+05:30,110.88,111.09,108.27,110.88,785986
2014-01-30 00:00:00+05:30,109.57,112.79,109.57,111.09,491025
2014-01-31 00:00:00+05:30,110.88,114.75,110.62,114.18,339504
2014-02-03 00:00:00+05:30,114.18,115.23,111.38,114.83,611279
2014-02-04 00:00:00+05:30,110.01,113.05,109.75,112.53,1123511
2014-02-05 00:00:00+05:30,112.18,113.44,109.18,110.77,710135
2014-02-06 00:00:00+05:30,111.92,111.92,109.64,111.18,527774
2014-02-07 00:00:00+05:30,112.59,116.64,109.44,116.27,759731
2014-02-10 00:00:00+05:30,117.31,118.66,113.62,117.53,577678
2014-02-11 00:00:00+05:30,118.27,119.31,116.75,118.7,759511
2014-02-12 00:00:00+05:30,119.14,119.36,117.42,118.33,258757
2014-02-13 00:00:00+05:30,117.4,118.14,116.16,117.18,197733
2014-02-14 00:00:00+05:30,117.4,117.64,114.96,116.14,191772
2014-02-17 00:00:00+05:30,116.23,118.62,115.23,117.66,343922
2014-02-18 00:00:00+05:30,117.33,118.7,116.68,117.01,290897
2014-02-19 00:00:00+05:30,117.23,117.36,115.07,115.51,227596
2014-02-20 00:00:00+05:30,116.27,116.49,113.49,115.7,478946
2014-02-21 00:00:00+05:30,115.66,117.4,115.66,116.57,214076
2014-02-24 00:00:00+05:30,116.96,117.99,115.66,117.46,159901
2014-02-25 00:00:00+05:30,117.66,119.14,116.96,117.6,417869
2014-02-26 00:00:00+05:30,117.83,118.18,115.23,116.94,320774
2014-02-28 00:00:00+05:30,116.94,117.88,115.2,116.46,382679
2014-03-03 00:00:00+05:30,116.31,116.94,114.96,115.88,369264
2014-03-04 00:00:00+05:30,116.09,127.75,116.09,125.05,8193313
2014-03-05 00:00:00+05:30,126.01,127.27,124.27,126.25,2881130
2014-03-06 00:00:00+05:30,126.25,131.27,125.38,126.7,3169427
2014-03-07 00:00:00+05:30,127.03,127.92,123.1,124.29,1229007
2014-03-10 00:00:00+05:30,123.9,127.57,123.49,124.38,783197
2014-03-11 00:00:00+05:30,125.23,129.57,123.92,124.23,1249172
2014-03-12 00:00:00+05:30,123.97,126.49,122.94,123.73,731804
2014-03-13 00:00:00+05:30,123.9,125.44,120.44,121.25,506781
2014-03-14 00:00:00+05:30,121.62,123.23,119.57,120.75,879128
2014-03-18 00:00:00+05:30,120.88,122.66,120.88,121.94,477028
2014-03-19 00:00:00+05:30,122.36,124.9,121.31,123.64,864365
2014-03-20 00:00:00+05:30,123.49,124.36,119.92,120.46,468721
2014-03-21 00:00:00+05:30,119.88,121.49,118.81,119.33,935345
2014-03-22 00:00:00+05:30,119.57,120.23,118.96,119.99,58098
2014-03-24 00:00:00+05:30,120.01,121.14,119.57,120.23,464434
2014-03-25 00:00:00+05:30,119.83,123.55,119.83,121.96,861704
2014-03-26 00:00:00+05:30,122.18,123.49,120.88,122.01,797693
2014-03-27 00:00:00+05:30,120.92,123.05,120.05,120.73,1211871
2014-03-28 00:00:00+05:30,120.73,124.77,120.73,124.44,1235010
2014-03-31 00:00:00+05:30,125.23,127.01,123.53,124.88,899274
2014-04-01 00:00:00+05:30,125.31,127.83,123.12,127.27,1098696
2014-04-02 00:00:00+05:30,128.05,128.68,125.03,125.57,1262691
2014-04-03 00:00:00+05:30,126.44,126.97,121.79,123.97,695702
2014-04-04 00:00:00+05:30,123.05,124.62,122.62,123.05,653798
2014-04-07 00:00:00+05:30,123.44,124.99,121.6,123.1,633942
2014-04-09 00:00:00+05:30,123.66,124.57,122.31,123.31,940573
2014-04-10 00:00:00+05:30,123.49,126.38,123.44,124.1,1578944
2014-04-11 00:00:00+05:30,123.7,127.62,123.29,125.23,1708582
2014-04-15 00:00:00+05:30,125.97,126.1,120.88,122.38,824118
2014-04-16 00:00:00+05:30,122.38,124.53,121.62,121.96,588531
2014-04-17 00:00:00+05:30,121.96,123.38,121.53,122.53,712506
2014-04-21 00:00:00+05:30,123.75,124.51,122.83,124.03,546978
2014-04-22 00:00:00+05:30,124.77,126.92,124.36,125.31,1606602
2014-04-23 00:00:00+05:30,126.2,126.88,122.77,123.33,1205664
2014-04-25 00:00:00+05:30,123.81,125.33,122.05,122.86,774064
2014-04-28 00:00:00+05:30,123.03,130.23,122.16,128.64,3590010
2014-04-29 00:00:00+05:30,130.42,131.66,126.97,127.88,3551194
2014-04-30 00:00:00+05:30,128.27,129.75,123.01,123.64,1162969
2014-05-02 00:00:00+05:30,125.16,125.16,122.66,123.31,676824
2014-05-05 00:00:00+05:30,123.49,125.23,122.83,123.53,630565
2014-05-06 00:00:00+05:30,124.14,125.14,123.14,123.44,1405844
2014-05-07 00:00:00+05:30,123.92,125.1,123.49,124.25,885165
2014-05-08 00:00:00+05:30,123.57,125.79,123.57,124.88,1056940
2014-05-09 00:00:00+05:30,125.97,127.4,124.79,126.73,1877995
2014-05-12 00:00:00+05:30,127.49,127.62,126.05,126.47,1087857
2014-05-13 00:00:00+05:30,126.75,129.44,126.42,128.01,1277152
2014-05-14 00:00:00+05:30,126.81,134.1,126.81,133.4,3629105
2014-05-15 00:00:00+05:30,133.92,134.62,125.49,127.14,2093527
2014-05-16 00:00:00+05:30,128.92,130.88,125.86,126.66,2551517
2014-05-19 00:00:00+05:30,127.86,132.75,127.83,131.51,2751606
2014-05-20 00:00:00+05:30,132.77,140.81,132.77,136.36,4922251
2014-05-21 00:00:00+05:30,137.84,140.62,134.92,137.01,3064770
2014-05-22 00:00:00+05:30,138.66,139.57,136.62,137.05,1472774
2014-05-23 00:00:00+05:30,137.94,141.29,137.79,139.51,2957237
2014-05-26 00:00:00+05:30,140.84,143.31,132.73,136.73,3513469
2014-05-27 00:00:00+05:30,138.92,138.92,134.84,137.4,1540031
2014-05-28 00:00:00+05:30,138.71,141.92,136.53,139.84,1894112
2014-05-29 00:00:00+05:30,141.01,141.01,136.1,136.75,2571142
2014-05-30 00:00:00+05:30,136.97,139.79,130.44,131.97,3329868
2014-06-02 00:00:00+05:30,132.62,133.49,129.68,130.86,1847388
2014-06-03 00:00:00+05:30,131.07,134.99,130.86,134.47,2406004
2014-06-04 00:00:00+05:30,133.92,138.97,133.92,138.21,3596234
2014-06-05 00:00:00+05:30,138.73,142.23,137.18,139.81,1984786
2014-06-06 00:00:00+05:30,139.6,148.88,139.6,146.01,4220540
2014-06-09 00:00:00+05:30,146.53,151.27,144.4,148.62,3634234
2014-06-10 00:00:00+05:30,149.01,149.27,144.79,146.6,1531809
2014-06-11 00:00:00+05:30,147.44,147.79,141.64,143.23,986740
2014-06-12 00:00:00+05:30,142.18,146.53,141.99,143.36,908846
2014-06-13 00:00:00+05:30,144.66,145.27,137.4,138.77,896050
2014-06-16 00:00:00+05:30,138.77,141.07,133.07,140.01,1104119
2014-06-17 00:00:00+05:30,140.01,147.4,138.92,146.53,1984595
2014-06-18 00:00:00+05:30,146.53,148.21,142.66,145.27,1850197
2014-06-19 00:00:00+05:30,144.47,148.71,141.75,143.4,1456137
2014-06-20 00:00:00+05:30,141.97,144.9,140.97,142.08,547056
2014-06-23 00:00:00+05:30,142.99,144.79,141.55,142.94,863475
2014-06-24 00:00:00+05:30,143.01,147.62,142.77,146.88,1646748
2014-06-25 00:00:00+05:30,146.31,147.84,144.86,145.53,1500195
2014-06-26 00:00:00+05:30,145.64,146.44,142.53,143.03,2548760
2014-06-27 00:00:00+05:30,143.51,144.66,141.31,142.18,1034020
2014-06-30 00:00:00+05:30,141.97,150.45,141.97,149.51,2455108
2014-07-01 00:00:00+05:30,150.84,151.71,147.9,148.47,1556744
2014-07-02 00:00:00+05:30,149.14,154.4,147.86,153.29,2797165
2014-07-03 00:00:00+05:30,153.97,154.62,148.12,148.81,1930100
2014-07-04 00:00:00+05:30,149.79,154.27,147.51,152.86,2338996
2014-07-07 00:00:00+05:30,153.01,153.66,150.66,151.55,1106391
2014-07-08 00:00:00+05:30,151.05,152.45,141.31,142.88,1444268
2014-07-09 00:00:00+05:30,142.62,145.88,141.29,142.79,1143876
2014-07-10 00:00:00+05:30,143.27,146.68,139.64,144.51,2154518
2014-07-11 00:00:00+05:30,144.58,144.97,139.18,140.27,1221342
2014-07-14 00:00:00+05:30,138.88,144.27,138.27,142.86,943873
2014-07-15 00:00:00+05:30,143.18,144.97,142.01,143.94,851221
2014-07-16 00:00:00+05:30,143.92,148.12,143.55,146.97,1658309
2014-07-17 00:00:00+05:30,146.97,156.27,145.31,147.34,1365792
2014-07-18 00:00:00+05:30,147.36,149.1,145.05,147.38,1475035
2014-07-21 00:00:00+05:30,147.03,150.55,146.97,147.73,1309925
2014-07-22 00:00:00+05:30,148.75,149.51,146.53,148.9,781614
2014-07-23 00:00:00+05:30,150.01,150.84,148.36,149.95,1356400
2014-07-24 00:00:00+05:30,150.25,151.73,149.27,150.49,1765638
2014-07-25 00:00:00+05:30,150.9,151.49,146.58,148.16,955179
2014-07-28 00:00:00+05:30,148.49,149.1,145.18,146.16,707718
2014-07-30 00:00:00+05:30,146.16,149.01,143.68,148.6,1052704
2014-07-31 00:00:00+05:30,147.86,151.97,147.21,150.97,2089849
2014-08-01 00:00:00+05:30,149.49,151.97,148.81,150.95,1184823
2014-08-04 00:00:00+05:30,150.58,159.92,150.58,158.18,3183992
2014-08-05 00:00:00+05:30,158.71,163.79,153.1,162.77,6865670
2014-08-06 00:00:00+05:30,163.92,169.32,163.27,163.84,6943000
2014-08-07 00:00:00+05:30,164.14,167.47,163.92,165.21,2508892
2014-08-08 00:00:00+05:30,159.88,159.99,155.95,158.05,3174399
2014-08-11 00:00:00+05:30,158.84,161.23,156.68,159.03,1496115
2014-08-12 00:00:00+05:30,159.14,160.32,156.71,158.14,2041654
2014-08-13 00:00:00+05:30,156.58,160.01,153.53,156.32,2308826
2014-08-14 00:00:00+05:30,156.64,158.71,156.12,156.99,1932694
2014-08-18 00:00:00+05:30,156.53,163.16,155.88,162.69,1947574
2014-08-19 00:00:00+05:30,163.71,164.97,161.6,161.84,2372123
2014-08-20 00:00:00+05:30,163.14,163.66,161.29,163.12,1150017
2014-08-21 00:00:00+05:30,163.05,165.95,162.23,162.75,1992752
2014-08-22 00:00:00+05:30,162.92,164.34,159.71,161.23,1605148
2014-08-25 00:00:00+05:30,163.05,164.62,161.64,162.1,1226135
2014-08-26 00:00:00+05:30,162.19,163.27,160.55,161.27,753510
2014-08-28 00:00:00+05:30,163.49,165.55,162.32,163.9,2504791
2014-09-01 00:00:00+05:30,164.1,173.49,163.92,172.97,2879290
2014-09-02 00:00:00+05:30,173.93,175.1,171.4,173.93,2866053
2014-09-03 00:00:00+05:30,173.49,179.25,171.32,177.08,1780530
2014-09-04 00:00:00+05:30,178.38,181.93,174.79,180.38,2909554
2014-09-05 00:00:00+05:30,181.06,181.62,176.16,180.1,1597552
2014-09-08 00:00:00+05:30,181.27,183.73,179.1,181.64,1434137
2014-09-09 00:00:00+05:30,182.58,182.58,177.6,178.93,2094412
2014-09-10 00:00:00+05:30,178.27,180.43,176.53,178.32,1958340
2014-09-11 00:00:00+05:30,178.27,180.01,176.64,177.1,1792190
2014-09-12 00:00:00+05:30,176.97,180.86,176.6,178.16,1712726
2014-09-15 00:00:00+05:30,179.45,179.45,174.62,175.27,1286121
2014-09-16 00:00:00+05:30,174.79,177.19,167.34,168.9,1718862
2014-09-17 00:00:00+05:30,169.14,171.32,164.42,170.71,1141201
2014-09-18 00:00:00+05:30,169.14,175.84,168.27,173.49,1097387
2014-09-19 00:00:00+05:30,176.06,177.84,171.49,172.47,2177517
2014-09-22 00:00:00+05:30,171.77,175.16,170.36,173.75,946198
2014-09-23 00:00:00+05:30,174.73,174.73,167.06,168.4,1412187
2014-09-24 00:00:00+05:30,166.71,168.66,164.47,166.05,914920
2014-09-25 00:00:00+05:30,165.66,166.9,161.32,162.47,1910981
2014-09-26 00:00:00+05:30,161.79,167.36,161.79,166.32,1127055
2014-09-29 00:00:00+05:30,166.49,172.75,165.38,170.99,1287285
2014-09-30 00:00:00+05:30,171.84,174.88,168.79,173.66,865025
2014-10-01 00:00:00+05:30,173.16,175.73,171.32,172.01,547893
2014-10-07 00:00:00+05:30,172.14,172.62,166.97,167.49,521019
2014-10-08 00:00:00+05:30,169.14,171.03,167.53,169.1,1123426
2014-10-09 00:00:00+05:30,170.01,172.49,169.69,170.49,780428
2014-10-10 00:00:00+05:30,171.51,171.51,167.64,169.1,577039
2014-10-13 00:00:00+05:30,167.4,168.71,166.66,167.86,467079
2014-10-14 00:00:00+05:30,168.92,171.32,166.32,170.29,876775
2014-10-16 00:00:00+05:30,169.79,175.45,166.97,168.49,1697857
2014-10-17 00:00:00+05:30,169.36,170.84,166.64,170.16,608004
2014-10-20 00:00:00+05:30,171.75,172.73,168.34,168.99,541164
2014-10-21 00:00:00+05:30,170.1,171.97,169.06,170.97,982995
2014-10-22 00:00:00+05:30,171.53,177.71,170.99,176.53,1786038
2014-10-23 00:00:00+05:30,177.62,179.14,177.4,178.16,416738
2014-10-27 00:00:00+05:30,178.84,180.3,175.01,175.66,1352591
2014-10-28 00:00:00+05:30,174.6,177.32,173.43,174.45,1031759
2014-10-29 00:00:00+05:30,175.19,176.36,172.71,173.16,834980
2014-10-30 00:00:00+05:30,172.71,175.45,172.47,174.58,5479618
2014-10-31 00:00:00+05:30,176.06,179.45,175.21,176.93,1967983
2014-11-03 00:00:00+05:30,176.99,182.53,176.99,180.71,2590403
2014-11-05 00:00:00+05:30,182.06,183.08,179.08,180.16,1687386
2014-11-07 00:00:00+05:30,180.75,182.84,178.27,182.12,1732458
2014-11-10 00:00:00+05:30,182.56,187.32,181.84,184.23,5328458
2014-11-11 00:00:00+05:30,186.06,186.38,180.19,182.21,2789040
2014-11-12 00:00:00+05:30,183.01,184.58,181.45,182.3,1867871
2014-11-13 00:00:00+05:30,182.53,186.1,180.88,183.71,2120479
2014-11-14 00:00:00+05:30,183.93,186.32,182.51,184.73,1675314
2014-11-17 00:00:00+05:30,184.8,185.19,183.08,184.36,704183
2014-11-18 00:00:00+05:30,185.23,188.71,184.21,187.3,2236285
2014-11-19 00:00:00+05:30,187.62,189.32,181.84,183.08,1513074
2014-11-20 00:00:00+05:30,183.45,186.36,182.36,185.73,1030519
2014-11-21 00:00:00+05:30,185.75,187.84,184.14,185.21,976567
2014-11-24 00:00:00+05:30,185.62,188.21,184.69,187.38,774289
2014-11-25 00:00:00+05:30,188.71,188.71,180.01,183.16,925601
2014-11-26 00:00:00+05:30,181.8,184.62,181.8,183.51,468714
2014-11-27 00:00:00+05:30,183.49,189.01,183.49,187.34,1868285
2014-11-28 00:00:00+05:30,187.71,192.4,187.62,190.1,1693251
2014-12-01 00:00:00+05:30,190.67,192.51,188.21,189.34,1056751
2014-12-02 00:00:00+05:30,188.75,191.36,187.51,190.19,583488
2014-12-03 00:00:00+05:30,190.19,194.8,190.19,193.84,1124213
2014-12-04 00:00:00+05:30,194.54,199.8,192.97,197.73,1783464
2014-12-05 00:00:00+05:30,198.67,200.32,194.88,196.01,847438
2014-12-08 00:00:00+05:30,196.23,196.86,189.17,190.17,699522
2014-12-09 00:00:00+05:30,188.8,193.32,186.53,187.56,880807
2014-12-10 00:00:00+05:30,186.45,190.01,186.45,189.19,681718
2014-12-11 00:00:00+05:30,189.58,189.58,184.14,184.88,607252
2014-12-12 00:00:00+05:30,186.45,188.27,178.97,179.69,1116745
2014-12-15 00:00:00+05:30,178.27,182.08,177.32,180.4,649084
2014-12-16 00:00:00+05:30,179.14,181.97,177.93,179.36,1131664
2014-12-17 00:00:00+05:30,178.27,180.53,172.19,177.45,666730
2014-12-18 00:00:00+05:30,180.19,185.4,180.19,184.34,1325720
2014-12-19 00:00:00+05:30,185.23,187.75,182.75,183.77,554958
2014-12-22 00:00:00+05:30,184.53,188.27,184.53,187.51,1215098
2014-12-23 00:00:00+05:30,187.51,189.58,183.51,185.47,869013
2014-12-24 00:00:00+05:30,185.08,187.08,183.71,185.08,1167921
2014-12-26 00:00:00+05:30,185.23,186.38,182.25,183.3,576107
2014-12-29 00:00:00+05:30,183.1,186.14,183.08,185.73,761337
2014-12-30 00:00:00+05:30,186.08,187.8,184.34,187.21,1123203
2014-12-31 00:00:00+05:30,186.36,190.45,186.36,189.38,1371027
2015-01-01 00:00:00+05:30,189.08,189.64,187.51,188.93,354440
2015-01-02 00:00:00+05:30,190.01,192.17,189.4,190.51,959118
2015-01-05 00:00:00+05:30,190.45,192.36,189.14,189.47,383339
2015-01-06 00:00:00+05:30,188.27,188.8,182.62,183.75,673062
2015-01-07 00:00:00+05:30,183.88,190.03,180.53,188.1,1119489
2015-01-08 00:00:00+05:30,190.01,192.3,188.88,191.49,1125724
2015-01-09 00:00:00+05:30,193.45,195.23,191.1,192.21,1332219
2015-01-12 00:00:00+05:30,192.49,193.25,190.03,191.23,457491
2015-01-13 00:00:00+05:30,192.19,197.4,190.75,194.73,1273268
2015-01-14 00:00:00+05:30,195.01,198.58,192.08,192.64,1567173
2015-01-15 00:00:00+05:30,195.67,197.38,192.32,193.84,957619
2015-01-16 00:00:00+05:30,193.14,194.71,192.62,193.08,547601
2015-01-19 00:00:00+05:30,193.93,196.06,192.67,193.36,792221
2015-01-20 00:00:00+05:30,192.45,196.23,192.45,193.38,1060213
2015-01-21 00:00:00+05:30,193.1,194.64,190.49,190.8,881421
2015-01-22 00:00:00+05:30,190.01,193.93,190.01,192.01,952982
2015-01-23 00:00:00+05:30,193.06,193.6,190.58,191.6,1079175
2015-01-27 00:00:00+05:30,191.77,194.06,190.58,191.38,1050275
2015-01-28 00:00:00+05:30,191.75,194.14,190.01,191.69,1440199
2015-01-29 00:00:00+05:30,191.95,197.36,190.84,195.77,3143361
2015-01-30 00:00:00+05:30,197.14,203.01,196.64,198.56,2966298
2015-02-02 00:00:00+05:30,195.8,203.62,195.67,201.49,1597821
2015-02-03 00:00:00+05:30,202.58,205.04,198.54,200.12,1621008
2015-02-04 00:00:00+05:30,201.06,206.06,197.19,203.91,1957509
2015-02-05 00:00:00+05:30,203.1,206.99,199.25,201.08,1676559
2015-02-06 00:00:00+05:30,201.27,202.75,192.49,195.12,3977281
2015-02-09 00:00:00+05:30,193.88,199.04,193.1,196.75,1411357
2015-02-10 00:00:00+05:30,196.32,199.91,195.69,199.19,1289569
2015-02-11 00:00:00+05:30,199.99,205.23,198.49,204.47,702610
2015-02-12 00:00:00+05:30,205.67,206.51,202.97,205.14,1451968
2015-02-13 00:00:00+05:30,205.62,205.93,201.67,202.86,697169
2015-02-16 00:00:00+05:30,203.06,203.95,198.6,199.38,450026
2015-02-18 00:00:00+05:30,199.99,202.91,197.06,201.47,742685
2015-02-19 00:00:00+05:30,201.75,203.27,198.36,200.77,653771
2015-02-20 00:00:00+05:30,200.88,204.14,199.14,202.84,1024908
2015-02-23 00:00:00+05:30,203.71,205.23,198.36,199.88,999658
2015-02-24 00:00:00+05:30,199.8,202.62,199.17,201.56,724613
2015-02-25 00:00:00+05:30,201.49,202.14,194.51,196.25,751026
2015-02-26 00:00:00+05:30,196.1,197.8,191.21,192.3,2672199
2015-02-27 00:00:00+05:30,193.04,200.12,192.01,199.69,1110464
2015-02-28 00:00:00+05:30,200.88,200.88,194.21,197.25,619896
2015-03-02 00:00:00+05:30,198.27,203.12,196.54,202.36,1167148
2015-03-03 00:00:00+05:30,202.62,209.32,200.49,208.32,2537477
2015-03-04 00:00:00+05:30,209.58,209.58,201.43,202.12,987278
2015-03-05 00:00:00+05:30,201.75,205.01,199.14,202.82,885222
2015-03-09 00:00:00+05:30,201.75,201.75,196.75,197.47,348223
2015-03-10 00:00:00+05:30,197.82,199.54,194.84,195.56,476419
2015-03-11 00:00:00+05:30,196.54,196.97,194.25,195.6,652826
2015-03-12 00:00:00+05:30,195.64,197.67,194.69,195.45,465142
2015-03-13 00:00:00+05:30,196.17,197.4,189.64,190.32,636803
2015-03-16 00:00:00+05:30,190.1,190.75,185.19,186.51,967918
2015-03-17 00:00:00+05:30,186.97,189.14,185.66,187.27,815979
2015-03-18 00:00:00+05:30,187.84,190.97,186.97,189.71,766410
2015-03-19 00:00:00+05:30,191.32,191.86,187.4,188.34,549094
2015-03-20 00:00:00+05:30,187.84,188.49,183.06,184.84,964387
2015-03-23 00:00:00+05:30,185.23,185.25,180.64,182.32,531277
2015-03-24 00:00:00+05:30,182.32,185.06,181.32,181.73,405491
2015-03-25 00:00:00+05:30,182.45,183.84,180.45,182.06,606532
2015-03-26 00:00:00+05:30,181.34,184.58,180.01,183.25,1243029
2015-03-27 00:00:00+05:30,183.93,186.49,178.95,185.56,873886
2015-03-30 00:00:00+05:30,186.53,193.49,185.01,191.75,1367147
2015-03-31 00:00:00+05:30,193.01,194.04,189.14,192.86,1102573
2015-04-01 00:00:00+05:30,193.47,193.47,190.97,191.8,473187
2015-04-06 00:00:00+05:30,192.21,192.62,187.88,190.19,556968
2015-04-07 00:00:00+05:30,190.45,199.6,189.3,198.62,1108167
2015-04-08 00:00:00+05:30,199.93,200.01,194.67,195.25,815440
2015-04-09 00:00:00+05:30,196.25,199.14,193.17,194.95,678197
2015-04-10 00:00:00+05:30,195.21,198.27,194.56,195.82,510339
2015-04-13 00:00:00+05:30,196.01,199.54,195.67,196.62,941113
2015-04-15 00:00:00+05:30,197.27,198.23,191.19,192.01,1059856
2015-04-16 00:00:00+05:30,192.01,195.19,191.4,194.67,635128
2015-04-17 00:00:00+05:30,195.58,196.73,191.32,192.4,729521
2015-04-20 00:00:00+05:30,192.14,192.32,184.62,187.06,969385
2015-04-21 00:00:00+05:30,186.1,190.01,185.38,187.14,531445
2015-04-22 00:00:00+05:30,187.4,190.88,185.27,188.38,503133
2015-04-23 00:00:00+05:30,189.14,190.88,186.34,187.93,401556
2015-04-24 00:00:00+05:30,188.6,188.71,183.49,184.69,681974
2015-04-27 00:00:00+05:30,184.58,184.58,177.93,179.29,453940
2015-04-28 00:00:00+05:30,178.43,187.25,177.66,186.4,609536
2015-04-29 00:00:00+05:30,186.51,190.45,185.16,187.67,550513
2015-04-30 00:00:00+05:30,187.8,188.88,185.08,185.64,528107
2015-05-04 00:00:00+05:30,188.06,192.97,186.88,191.99,592997
2015-05-05 00:00:00+05:30,193.47,194.45,190.73,191.27,822625
2015-05-06 00:00:00+05:30,190.45,193.47,184.84,186.12,1111276
2015-05-07 00:00:00+05:30,186.36,188.97,180.69,182.47,935352
2015-05-08 00:00:00+05:30,182.84,190.95,182.84,189.62,863629
2015-05-11 00:00:00+05:30,190.86,195.23,189.53,193.82,991953
2015-05-12 00:00:00+05:30,196.1,196.1,186.56,189.62,2044296
2015-05-13 00:00:00+05:30,190.19,195.12,190.19,193.45,1309453
2015-05-14 00:00:00+05:30,193.82,197.43,191.58,192.71,1245674
2015-05-15 00:00:00+05:30,193.36,195.19,191.86,193.1,441486
2015-05-18 00:00:00+05:30,193.49,195.45,191.56,193.4,658357
2015-05-19 00:00:00+05:30,193.49,197.84,193.06,193.8,1229251
2015-05-20 00:00:00+05:30,194.14,195.56,191.75,192.3,651395
2015-05-21 00:00:00+05:30,192.62,193.49,189.93,190.34,528662
2015-05-22 00:00:00+05:30,191.03,192.8,188.71,189.12,507984
2015-05-25 00:00:00+05:30,189.12,192.69,188.06,191.17,801676
2015-05-26 00:00:00+05:30,191.1,195.06,190.99,193.3,1842924
2015-05-27 00:00:00+05:30,192.06,193.04,184.82,186.25,1907755
2015-05-28 00:00:00+05:30,184.82,192.58,184.8,189.12,3090876
2015-05-29 00:00:00+05:30,189.14,189.8,186.25,187.95,1744151
2015-06-01 00:00:00+05:30,189.12,189.32,185.73,186.32,609041
2015-06-02 00:00:00+05:30,186.88,187.19,180.75,182.36,744141
2015-06-03 00:00:00+05:30,182.38,183.03,177.93,181.21,829515
2015-06-04 00:00:00+05:30,182.62,184.36,180.45,183.25,442770
2015-06-05 00:00:00+05:30,182.58,186.49,181.32,184.9,673777
2015-06-08 00:00:00+05:30,185.14,186.25,175.56,179.14,1592382
2015-06-09 00:00:00+05:30,180.23,184.14,178.27,182.71,1158926
2015-06-10 00:00:00+05:30,183.06,184.25,180.03,180.73,588607
2015-06-11 00:00:00+05:30,182.4,182.4,175.99,177.69,1404085
2015-06-12 00:00:00+05:30,177.62,180.45,175.38,178.79,640275
2015-06-15 00:00:00+05:30,177.21,180.19,176.99,178.36,800590
2015-06-16 00:00:00+05:30,178.56,180.32,176.88,178.43,580049
2015-06-17 00:00:00+05:30,179.58,180.36,176.75,177.4,697689
2015-06-18 00:00:00+05:30,177.4,181.1,176.75,178.25,2073417
2015-06-19 00:00:00+05:30,179.14,182.58,178.51,181.73,926355
2015-06-22 00:00:00+05:30,182.1,182.4,180.66,181.56,837632
2015-06-23 00:00:00+05:30,181.8,184.14,181.34,182.23,730852
2015-06-24 00:00:00+05:30,182.58,183.14,178.82,180.03,759368
2015-06-25 00:00:00+05:30,180.03,180.23,178.49,179.21,1617554
2015-06-26 00:00:00+05:30,179.14,181.53,178.73,180.03,688137
2015-06-29 00:00:00+05:30,179.14,179.4,175.69,178.93,720234
2015-06-30 00:00:00+05:30,178.58,183.93,178.58,183.01,461732
2015-07-01 00:00:00+05:30,189.58,192.97,187.86,190.06,2345173
2015-07-02 00:00:00+05:30,190.01,190.45,187.62,188.71,476529
2015-07-03 00:00:00+05:30,189.01,190.45,187.62,188.97,313215
2015-07-06 00:00:00+05:30,188.4,193.93,186.53,191.88,690764
2015-07-07 00:00:00+05:30,190.88,196.97,190.88,195.34,791483
2015-07-08 00:00:00+05:30,195.23,195.23,186.19,190.43,789708
2015-07-09 00:00:00+05:30,190.8,194.88,190.8,192.43,499670
2015-07-10 00:00:00+05:30,193.32,193.69,190.71,192.21,349382
2015-07-13 00:00:00+05:30,193.49,193.49,188.71,193.06,500548
2015-07-14 00:00:00+05:30,193.23,196.54,191.32,195.34,1394626
2015-07-15 00:00:00+05:30,194.6,200.88,194.6,200.1,1420276
2015-07-16 00:00:00+05:30,200.51,215.23,200.51,212.01,4821523
2015-07-17 00:00:00+05:30,213.01,213.88,208.93,210.75,1690148
2015-07-20 00:00:00+05:30,210.75,222.95,209.8,218.34,5049970
2015-07-21 00:00:00+05:30,218.34,222.1,213.67,215.47,1990328
2015-07-22 00:00:00+05:30,212.32,227.23,212.23,225.65,3484800
2015-07-23 00:00:00+05:30,225.73,228.71,221.88,222.95,2256289
2015-07-24 00:00:00+05:30,223.23,225.99,216.97,218.12,1121110
2015-07-27 00:00:00+05:30,217.41,222.45,209.99,217.65,1872243
2015-07-28 00:00:00+05:30,216.1,219.69,210.1,211.84,1593442
2015-07-29 00:00:00+05:30,213.93,219.34,211.34,217.36,2245772
2015-07-30 00:00:00+05:30,219.58,221.28,216.12,220.17,3481359
2015-07-31 00:00:00+05:30,216.97,216.97,212.04,213.06,3684412
2015-08-03 00:00:00+05:30,215.15,215.75,209.14,210.58,1651890
2015-08-04 00:00:00+05:30,210.88,215.41,210.43,213.8,1713687
2015-08-05 00:00:00+05:30,215.19,218.86,209.21,210.34,6761453
2015-08-06 00:00:00+05:30,210.34,217.28,208.38,210.01,3607620
2015-08-07 00:00:00+05:30,210.21,212.3,205.23,205.69,1899116
2015-08-10 00:00:00+05:30,206.06,207.62,202.32,204.19,3095637
2015-08-11 00:00:00+05:30,205.67,206.6,199.3,204.34,1977148
2015-08-12 00:00:00+05:30,204.67,206.43,195.67,198.8,1299297
2015-08-13 00:00:00+05:30,198.93,202.47,195.75,199.51,1376740
2015-08-14 00:00:00+05:30,200.88,205.88,200.04,204.25,1613472
2015-08-17 00:00:00+05:30,205.67,207.41,200.49,201.95,728697
2015-08-18 00:00:00+05:30,203.06,204.36,200.56,203.88,573566
2015-08-19 00:00:00+05:30,204.8,205.43,198.3,200.56,1541305
2015-08-20 00:00:00+05:30,200.14,201.54,193.73,194.62,919626
2015-08-21 00:00:00+05:30,191.75,194.45,188.43,193.64,786354
2015-08-24 00:00:00+05:30,190.45,190.45,166.51,171.66,2398792
2015-08-25 00:00:00+05:30,174.01,181.58,161.97,180.6,2608689
2015-08-26 00:00:00+05:30,180.88,180.88,171.86,173.14,1232767
2015-08-27 00:00:00+05:30,175.23,179.58,173.97,175.21,2555889
2015-08-28 00:00:00+05:30,177.4,180.82,175.95,177.84,1784393
2015-08-31 00:00:00+05:30,179.99,179.99,173.16,173.84,949848
2015-09-01 00:00:00+05:30,173.93,175.23,169.32,172.38,1198677
2015-09-02 00:00:00+05:30,171.88,174.56,167.08,168.97,1444323
2015-09-03 00:00:00+05:30,170.88,173.08,168.32,171.47,884709
2015-09-04 00:00:00+05:30,171.27,171.27,164.36,166.45,1162673
2015-09-07 00:00:00+05:30,167.69,167.73,162.84,165.01,835941
2015-09-08 00:00:00+05:30,165.23,167.95,163.05,166.88,1114629
2015-09-09 00:00:00+05:30,169.16,170.9,168.27,170.36,1154127
2015-09-10 00:00:00+05:30,170.4,170.4,165.29,168.86,726811
2015-09-11 00:00:00+05:30,169.14,170.88,167.25,168.29,936391
2015-09-14 00:00:00+05:30,168.27,169.25,165.25,166.84,1328358
2015-09-15 00:00:00+05:30,166.97,168.56,165.4,166.6,1227075
2015-09-16 00:00:00+05:30,168.71,168.71,164.47,166.82,1180963
2015-09-18 00:00:00+05:30,167.49,174.29,166.9,172.25,1857365
2015-09-21 00:00:00+05:30,172.25,172.88,169.69,171.27,723801
2015-09-22 00:00:00+05:30,172.19,174.25,164.27,166.19,1356340
2015-09-23 00:00:00+05:30,163.92,165.03,160.92,163.45,1688582
2015-09-24 00:00:00+05:30,163.55,166.88,161.42,165.34,508143
2015-09-28 00:00:00+05:30,166.34,167.45,160.9,161.92,702079
2015-09-29 00:00:00+05:30,160.88,162.77,158.32,160.97,985339
2015-09-30 00:00:00+05:30,161.75,167.84,161.16,165.99,1013257
2015-10-01 00:00:00+05:30,167.4,169.14,165.16,166.1,690274
2015-10-05 00:00:00+05:30,166.25,174.66,166.25,173.45,1402558
2015-10-06 00:00:00+05:30,175.23,178.27,173.93,177.01,1510915
2015-10-07 00:00:00+05:30,175.49,179.73,175.49,176.36,675134
2015-10-08 00:00:00+05:30,176.6,178.97,172.25,173.99,726637
2015-10-09 00:00:00+05:30,175.53,179.12,173.93,177.12,1174830
2015-10-12 00:00:00+05:30,177.71,178.88,176.36,177.29,729569
2015-10-13 00:00:00+05:30,177.03,180.45,176.84,180.14,720096
2015-10-14 00:00:00+05:30,180.45,182.19,176.58,178.36,1142846
2015-10-15 00:00:00+05:30,179.14,180.01,177.84,178.84,611796
2015-10-16 00:00:00+05:30,180.88,182.19,179.6,181.23,1139106
2015-10-19 00:00:00+05:30,181.1,185.53,179.58,180.49,2125534
2015-10-20 00:00:00+05:30,180.45,183.9,180.01,181.66,703845
2015-10-21 00:00:00+05:30,181.75,182.53,178.25,179.45,1760383
2015-10-23 00:00:00+05:30,180.01,181.75,178.82,180.73,1123302
2015-10-26 00:00:00+05:30,180.97,184.21,180.38,183.08,971085
2015-10-27 00:00:00+05:30,182.93,185.97,181.56,182.86,908349
2015-10-28 00:00:00+05:30,182.4,182.62,180.08,181.03,997036
2015-10-29 00:00:00+05:30,181.03,184.62,178.73,179.9,1554481
2015-10-30 00:00:00+05:30,180.01,181.1,176.43,177.6,1626482
2015-11-02 00:00:00+05:30,177.6,179.8,175.56,177.88,1886442
2015-11-03 00:00:00+05:30,179.58,181.95,178.38,181.27,721221
2015-11-04 00:00:00+05:30,182.19,183.49,180.88,182.21,610798
2015-11-05 00:00:00+05:30,182.45,182.56,180.01,180.62,510187
2015-11-06 00:00:00+05:30,180.4,181.75,176.62,178.19,729401
2015-11-09 00:00:00+05:30,174.82,183.82,174.82,182.34,1258319
2015-11-10 00:00:00+05:30,181.71,182.62,178.19,180.21,885429
2015-11-11 00:00:00+05:30,180.45,182.58,180.27,181.16,104067
2015-11-13 00:00:00+05:30,178.36,183.06,178.36,182.23,616389
2015-11-16 00:00:00+05:30,182.19,184.8,180.71,181.88,973582
2015-11-17 00:00:00+05:30,182.53,183.66,181.14,182.84,514817
2015-11-18 00:00:00+05:30,182.73,187.17,181.58,182.23,1277980
2015-11-19 00:00:00+05:30,183.49,187.36,182.14,186.84,976859
2015-11-20 00:00:00+05:30,186.99,189.47,185.69,187.58,663879
2015-11-23 00:00:00+05:30,187.82,188.64,186.49,187.1,485158
2015-11-24 00:00:00+05:30,186.97,188.17,185.77,186.34,498787
2015-11-26 00:00:00+05:30,186.34,189.14,184.49,187.4,1484193
2015-11-27 00:00:00+05:30,187.62,190.01,183.9,184.95,1098949
2015-11-30 00:00:00+05:30,185.03,185.84,181.75,182.12,1199330
2015-12-01 00:00:00+05:30,182.62,186.47,181.84,185.93,604467
2015-12-02 00:00:00+05:30,185.62,190.75,184.93,190.03,791862
2015-12-03 00:00:00+05:30,190.51,190.6,184.71,185.21,490316
2015-12-04 00:00:00+05:30,183.06,184.97,181.77,182.19,895047
2015-12-07 00:00:00+05:30,182.69,184.23,180.45,181.03,702516
2015-12-08 00:00:00+05:30,178.99,182.58,177.01,178.66,820909
2015-12-09 00:00:00+05:30,177.4,177.4,168.49,172.12,2089619
2015-12-10 00:00:00+05:30,173.49,173.75,169.42,170.58,1339213
2015-12-11 00:00:00+05:30,170.88,171.19,168.27,168.82,2323088
2015-12-14 00:00:00+05:30,168.01,172.21,166.19,171.38,848439
2015-12-15 00:00:00+05:30,170.23,172.92,169.14,172.14,820095
2015-12-16 00:00:00+05:30,173.06,173.82,170.79,172.34,555814
2015-12-17 00:00:00+05:30,173.06,174.75,169.84,172.03,2018975
2015-12-18 00:00:00+05:30,171.97,173.93,169.45,170.29,1133382
2015-12-21 00:00:00+05:30,170.29,172.84,169.19,171.4,587809
2015-12-22 00:00:00+05:30,171.75,174.34,169.56,170.12,2292585
2015-12-23 00:00:00+05:30,172.19,176.1,170.23,175.1,2247743
2015-12-24 00:00:00+05:30,176.1,177.97,175.23,177.47,994023
2015-12-28 00:00:00+05:30,178.71,178.71,175.32,176.14,557513
2015-12-29 00:00:00+05:30,176.14,179.95,175.08,178.43,611288
2015-12-30 00:00:00+05:30,178.88,179.88,176.36,177.27,753786
2015-12-31 00:00:00+05:30,177.75,179.49,172.84,174.56,3496402
2016-01-01 00:00:00+05:30,176.1,178.27,174.79,177.79,573649
2016-01-04 00:00:00+05:30,176.97,178.58,175.66,176.99,560554
2016-01-05 00:00:00+05:30,177.01,177.62,174.86,175.38,952263
2016-01-06 00:00:00+05:30,175.25,181.53,175.01,180.25,1957813
2016-01-07 00:00:00+05:30,177.06,178.66,170.14,170.9,1152588
2016-01-08 00:00:00+05:30,171.75,175.66,171.75,174.38,738439
2016-01-11 00:00:00+05:30,174.03,174.36,170.45,171.08,435670
2016-01-12 00:00:00+05:30,171.84,173.36,167.99,169.19,532640
2016-01-13 00:00:00+05:30,169.27,172.14,164.36,166.25,961986
2016-01-14 00:00:00+05:30,163.53,165.03,161.36,163.84,1577486
2016-01-15 00:00:00+05:30,165.23,165.51,160.88,162.64,1182067
2016-01-18 00:00:00+05:30,162.79,162.79,155.1,156.1,1267198
2016-01-19 00:00:00+05:30,156.53,159.4,153.75,157.1,1212602
2016-01-20 00:00:00+05:30,155.58,156.68,151.79,153.4,1389987
2016-01-21 00:00:00+05:30,154.4,155.9,147.44,148.14,2448004
2016-01-22 00:00:00+05:30,149.01,151.34,147.84,150.45,2250369
2016-01-25 00:00:00+05:30,151.51,153.29,149.71,151.31,1285574
2016-01-27 00:00:00+05:30,151.34,154.12,150.55,152.81,1151452
2016-01-28 00:00:00+05:30,152.88,153.49,147.42,150.18,7532707
2016-01-29 00:00:00+05:30,150.01,154.14,147.68,153.64,1395373
2016-02-01 00:00:00+05:30,154.23,158.71,152.99,157.97,1057315
2016-02-02 00:00:00+05:30,157.97,159.4,154.71,155.4,1170803
2016-02-03 00:00:00+05:30,154.31,155.88,151.36,154.66,1412247
2016-02-04 00:00:00+05:30,155.66,158.27,153.97,156.9,722255
2016-02-05 00:00:00+05:30,156.97,159.88,155.27,159.08,1182127
2016-02-08 00:00:00+05:30,159.16,163.05,157.84,162.01,1969630
2016-02-09 00:00:00+05:30,160.01,163.05,158.05,160.18,1865651
2016-02-10 00:00:00+05:30,159.99,159.99,150.1,152.27,2877526
2016-02-11 00:00:00+05:30,151.31,153.88,143.75,145.4,4350439
2016-02-12 00:00:00+05:30,145.81,146.97,141.31,145.49,1167937
2016-02-15 00:00:00+05:30,146.97,149.53,145.36,148.14,1165028
2016-02-16 00:00:00+05:30,146.25,148.88,141.62,143.18,1159681
2016-02-17 00:00:00+05:30,143.27,145.27,138.71,144.62,790211
2016-02-18 00:00:00+05:30,145.44,148.27,143.58,146.6,793026
2016-02-19 00:00:00+05:30,146.31,147.12,142.25,143.47,952504
2016-02-22 00:00:00+05:30,144.14,146.42,143.47,145.29,780807
2016-02-23 00:00:00+05:30,145.51,145.51,141.6,142.25,832409
2016-02-24 00:00:00+05:30,141.1,143.79,140.1,140.64,1342458
2016-02-25 00:00:00+05:30,141.05,141.05,136.62,137.01,1948770
2016-02-26 00:00:00+05:30,137.73,138.62,134.62,137.84,1141820
2016-02-29 00:00:00+05:30,138.01,139.14,135.01,137.42,808957
2016-03-01 00:00:00+05:30,137.84,142.1,137.27,141.21,1197750
2016-03-02 00:00:00+05:30,142.16,144.92,142.16,144.21,1337481
2016-03-03 00:00:00+05:30,146.1,150.01,144.23,149.62,1046871
2016-03-04 00:00:00+05:30,148.79,154.1,147.86,152.71,755842
2016-03-08 00:00:00+05:30,152.71,153.88,149.16,150.14,362730
2016-03-09 00:00:00+05:30,151.31,151.55,148.79,149.51,898025
2016-03-10 00:00:00+05:30,150.4,150.99,148.27,149.18,1264602
2016-03-11 00:00:00+05:30,149.4,151.03,148.71,149.97,511194
2016-03-14 00:00:00+05:30,150.45,151.92,150.01,150.75,1040673
2016-03-15 00:00:00+05:30,152.53,153.21,150.47,152.79,553581
2016-03-16 00:00:00+05:30,153.05,155.01,151.34,154.51,1423951
2016-03-17 00:00:00+05:30,155.45,157.4,155.01,156.64,813325
2016-03-18 00:00:00+05:30,157.21,158.71,156.16,157.53,581809
2016-03-21 00:00:00+05:30,157.62,159.1,156.12,157.79,354589
2016-03-22 00:00:00+05:30,158.23,159.64,156.27,157.1,400830
2016-03-23 00:00:00+05:30,156.32,159.27,154.4,158.82,885082
2016-03-28 00:00:00+05:30,158.08,160.45,157.86,158.92,676309
2016-03-29 00:00:00+05:30,159.34,161.32,157.08,160.34,964656
2016-03-30 00:00:00+05:30,160.92,164.66,160.45,162.75,1040188
2016-03-31 00:00:00+05:30,162.19,166.58,160.45,162.49,1854316
2016-04-01 00:00:00+05:30,164.58,164.58,160.01,160.71,542652
2016-04-04 00:00:00+05:30,161.19,162.49,159.14,160.32,290545
2016-04-05 00:00:00+05:30,160.32,161.97,156.21,156.97,1044923
2016-04-06 00:00:00+05:30,157.36,159.49,156.99,158.36,301628
2016-04-07 00:00:00+05:30,158.66,159.45,156.55,157.05,302675
2016-04-08 00:00:00+05:30,157.82,160.16,157.21,159.71,316948
2016-04-11 00:00:00+05:30,160.01,161.51,158.73,160.53,363708
2016-04-12 00:00:00+05:30,160.99,163.77,160.99,163.23,518202
2016-04-13 00:00:00+05:30,164.79,176.38,163.97,175.03,2526943
2016-04-18 00:00:00+05:30,175.14,176.23,171.4,172.01,1241132
2016-04-20 00:00:00+05:30,172.42,183.14,171.79,180.97,2238992
2016-04-21 00:00:00+05:30,181.47,182.73,179.4,180.34,1339905
2016-04-22 00:00:00+05:30,180.25,181.32,177.4,179.51,996817
2016-04-25 00:00:00+05:30,179.71,186.19,176.36,185.06,1186550
2016-04-26 00:00:00+05:30,186.1,187.08,183.47,184.36,1069428
2016-04-27 00:00:00+05:30,184.4,186.1,181.38,181.84,1136266
2016-04-28 00:00:00+05:30,181.86,182.86,174.16,176.79,1344928
2016-04-29 00:00:00+05:30,176.97,178.88,174.06,176.36,1064299
2016-05-02 00:00:00+05:30,176.66,181.77,175.36,176.77,1807792
2016-05-03 00:00:00+05:30,177.75,181.14,176.1,177.23,1603978
2016-05-04 00:00:00+05:30,177.23,178.06,172.27,173.16,511151
2016-05-05 00:00:00+05:30,173.88,176.64,172.27,173.93,658502
2016-05-06 00:00:00+05:30,173.93,174.79,172.53,173.62,400048
2016-05-09 00:00:00+05:30,174.58,178.19,174.06,176.86,664184
2016-05-10 00:00:00+05:30,177.1,180.99,175.88,177.51,1109933
2016-05-11 00:00:00+05:30,175.62,179.77,174.86,176.51,720234
2016-05-12 00:00:00+05:30,177.38,180.45,175.84,178.51,686337
2016-05-13 00:00:00+05:30,179.01,182.58,178.32,180.6,1032281
2016-05-16 00:00:00+05:30,181.19,183.66,180.01,183.12,611684
2016-05-17 00:00:00+05:30,183.45,184.1,180.71,181.08,486030
2016-05-18 00:00:00+05:30,177.88,182.45,177.88,180.97,691353
2016-05-19 00:00:00+05:30,181.21,182.36,177.4,178.58,591257
2016-05-20 00:00:00+05:30,178.75,183.49,177.73,180.43,786692
2016-05-23 00:00:00+05:30,180.66,181.56,179.58,180.58,368524
2016-05-24 00:00:00+05:30,180.88,183.4,175.53,182.08,779197
2016-05-25 00:00:00+05:30,183.64,189.36,183.06,188.71,1515735
2016-05-26 00:00:00+05:30,190.77,192.54,188.01,190.77,1983859
2016-05-27 00:00:00+05:30,196.97,197.8,187.45,188.03,2574216
2016-05-30 00:00:00+05:30,189.12,191.75,183.77,184.73,1256578
2016-05-31 00:00:00+05:30,183.93,188.73,183.56,187.71,1832426
2016-06-01 00:00:00+05:30,189.32,189.56,185.4,186.21,1064941
2016-06-02 00:00:00+05:30,185.95,187.84,185.36,186.6,700018
2016-06-03 00:00:00+05:30,187.47,189.58,185.9,186.51,822363
2016-06-06 00:00:00+05:30,187.38,188.06,186.01,186.9,582949
2016-06-07 00:00:00+05:30,187.12,190.23,187.01,187.77,1567509
2016-06-08 00:00:00+05:30,188.23,188.71,186.58,187.62,507648
2016-06-09 00:00:00+05:30,187.84,189.03,185.49,187.4,1242291
2016-06-10 00:00:00+05:30,188.71,189.08,185.75,186.45,1184484
2016-06-13 00:00:00+05:30,186.06,187.36,184.53,186.69,486823
2016-06-14 00:00:00+05:30,186.53,187.19,185.49,185.9,994124
2016-06-15 00:00:00+05:30,186.1,188.19,185.82,186.93,447730
2016-06-16 00:00:00+05:30,186.14,187.1,184.56,186.27,551538
2016-06-17 00:00:00+05:30,185.88,187.4,185.73,186.73,366077
2016-06-20 00:00:00+05:30,184.36,186.1,182.82,185.69,728237
2016-06-21 00:00:00+05:30,186.9,187.4,184.88,185.34,357335
2016-06-22 00:00:00+05:30,185.34,186.56,184.8,185.69,304524
2016-06-23 00:00:00+05:30,185.49,185.93,182.97,184.66,614391
2016-06-24 00:00:00+05:30,180.25,183.06,174.03,181.93,1442274
2016-06-27 00:00:00+05:30,180.88,184.73,180.84,183.03,444253
2016-06-28 00:00:00+05:30,182.75,186.27,181.34,183.64,1370917
2016-06-29 00:00:00+05:30,185.27,186.08,184.16,184.8,658582
2016-06-30 00:00:00+05:30,185.03,188.71,184.82,187.14,1726529
2016-07-01 00:00:00+05:30,188.3,193.88,188.3,192.95,1414899
2016-07-04 00:00:00+05:30,193.71,195.88,191.43,191.86,895684
2016-07-05 00:00:00+05:30,191.8,193.25,190.06,192.12,454644
2016-07-07 00:00:00+05:30,192.19,194.8,189.71,190.27,975381
2016-07-08 00:00:00+05:30,190.23,190.82,185.93,188.38,783707
2016-07-11 00:00:00+05:30,189.19,192.99,189.19,192.17,437639
2016-07-12 00:00:00+05:30,193.06,196.4,192.67,195.8,1352665
2016-07-13 00:00:00+05:30,197.4,197.58,193.32,194.77,898235
2016-07-14 00:00:00+05:30,194.8,200.34,194.3,199.56,1145314
2016-07-15 00:00:00+05:30,201.27,201.49,196.08,196.86,857226
2016-07-18 00:00:00+05:30,197.1,198.82,195.47,195.9,582398
2016-07-19 00:00:00+05:30,196.1,198.12,195.06,196.1,690552
2016-07-20 00:00:00+05:30,195.67,202.58,195.67,201.58,1064913
2016-07-21 00:00:00+05:30,203.06,204.32,197.88,198.71,1266750
2016-07-22 00:00:00+05:30,198.71,201.1,196.97,199.73,534225
2016-07-25 00:00:00+05:30,199.71,204.14,198.58,202.77,826197
2016-07-26 00:00:00+05:30,204.04,204.97,198.8,199.91,1160456
2016-07-27 00:00:00+05:30,199.8,201.73,196.1,199.21,1091304
2016-07-28 00:00:00+05:30,199.21,205.23,198.49,202.93,1435284
2016-07-29 00:00:00+05:30,205.23,208.04,203.49,206.34,1234867
2016-08-01 00:00:00+05:30,207.62,209.19,204.14,206.21,2411434
2016-08-02 00:00:00+05:30,201.54,202.58,198.4,199.06,847404
2016-08-03 00:00:00+05:30,199.06,199.8,195.51,197.43,1207616
2016-08-04 00:00:00+05:30,197.69,200.6,197.19,197.99,1237659
2016-08-05 00:00:00+05:30,199.06,210.01,198.69,207.08,3462457
2016-08-08 00:00:00+05:30,209.21,210.01,203.06,203.77,1250918
2016-08-09 00:00:00+05:30,204.97,204.97,200.14,201.41,374733
2016-08-10 00:00:00+05:30,201.86,228.15,198.54,219.19,17452746
2016-08-11 00:00:00+05:30,221.08,224.89,212.45,216.49,6775905
2016-08-12 00:00:00+05:30,216.75,219.36,213.23,215.25,1819261
2016-08-16 00:00:00+05:30,214.34,219.99,212.49,218.73,2066575
2016-08-17 00:00:00+05:30,218.28,223.89,215.67,221.93,1517492
2016-08-18 00:00:00+05:30,223.02,227.78,222.28,225.21,1774102
2016-08-19 00:00:00+05:30,224.82,238.71,223.06,236.52,5922608
2016-08-22 00:00:00+05:30,237.39,237.39,230.45,231.02,2172690
2016-08-23 00:00:00+05:30,232.43,242.36,229.58,241.52,5238509
2016-08-24 00:00:00+05:30,242.63,245.19,239.63,241.65,3061261
2016-08-25 00:00:00+05:30,241.3,242.6,238.67,240.36,1213044
2016-08-26 00:00:00+05:30,238.76,247.69,238.76,245.8,4170281
2016-08-29 00:00:00+05:30,245.67,249.0,243.23,244.5,2050101
2016-08-30 00:00:00+05:30,245.58,247.71,240.36,242.3,1371772
2016-08-31 00:00:00+05:30,242.8,245.19,240.13,241.82,1846402
2016-09-01 00:00:00+05:30,241.93,244.15,236.15,240.34,2251158
2016-09-02 00:00:00+05:30,240.89,245.0,239.52,243.04,1741750
2016-09-06 00:00:00+05:30,243.5,245.08,241.97,243.1,1070113
2016-09-07 00:00:00+05:30,243.5,250.45,242.73,247.3,4080737
2016-09-08 00:00:00+05:30,248.71,249.84,244.43,245.84,933652
2016-09-09 00:00:00+05:30,246.3,247.84,243.08,243.67,744897
2016-09-12 00:00:00+05:30,239.58,239.58,228.75,230.62,2694905
2016-09-14 00:00:00+05:30,230.02,243.28,230.02,241.6,2539146
2016-09-15 00:00:00+05:30,242.63,242.93,236.73,238.32,1109372
2016-09-16 00:00:00+05:30,240.02,244.54,236.56,240.49,3337000
2016-09-19 00:00:00+05:30,240.84,243.32,239.69,240.91,760099
2016-09-20 00:00:00+05:30,242.63,242.73,237.17,237.89,930787
2016-09-21 00:00:00+05:30,237.89,240.32,235.3,236.26,1575467
2016-09-22 00:00:00+05:30,239.15,242.15,237.21,240.6,1619959
2016-09-23 00:00:00+05:30,240.89,242.84,237.06,237.71,1706861
2016-09-26 00:00:00+05:30,237.84,239.52,233.95,234.8,1129084
2016-09-27 00:00:00+05:30,234.8,237.19,231.32,232.34,1411309
2016-09-28 00:00:00+05:30,233.15,236.06,229.84,235.26,1923387
2016-09-29 00:00:00+05:30,237.82,237.82,219.32,221.36,2412057
2016-09-30 00:00:00+05:30,223.45,230.21,221.38,228.1,2165217
2016-10-03 00:00:00+05:30,229.58,233.84,229.15,232.99,1626847
2016-10-04 00:00:00+05:30,235.3,236.06,231.8,233.04,1794552
2016-10-05 00:00:00+05:30,233.93,241.28,232.97,239.91,3032177
2016-10-06 00:00:00+05:30,241.21,242.41,234.21,235.21,2118390
2016-10-07 00:00:00+05:30,236.54,238.26,234.36,234.93,1431685
2016-10-10 00:00:00+05:30,236.71,239.95,235.71,236.95,1333282
2016-10-13 00:00:00+05:30,236.73,236.73,228.75,231.39,1458796
2016-10-14 00:00:00+05:30,232.6,237.47,231.32,235.41,1660161
2016-10-17 00:00:00+05:30,236.1,237.97,231.17,232.76,1220574
2016-10-18 00:00:00+05:30,234.36,237.17,234.36,235.06,1642928
2016-10-19 00:00:00+05:30,236.54,247.63,235.23,246.34,4076912
2016-10-20 00:00:00+05:30,247.63,249.34,244.58,246.06,3228901
2016-10-21 00:00:00+05:30,247.39,253.1,246.63,252.45,4062363
2016-10-24 00:00:00+05:30,253.89,254.84,248.97,251.43,1658854
2016-10-25 00:00:00+05:30,246.54,248.67,240.26,246.39,8528200
2016-10-26 00:00:00+05:30,245.67,249.56,234.39,238.69,1906377
2016-10-27 00:00:00+05:30,228.28,235.62,227.95,234.65,8505758
2016-10-28 00:00:00+05:30,232.78,238.63,232.78,236.82,2403515
2016-10-30 00:00:00+05:30,236.97,237.56,234.8,235.67,168927
2016-11-01 00:00:00+05:30,236.97,240.89,235.04,238.23,1169009
2016-11-02 00:00:00+05:30,236.12,236.97,229.45,230.17,1679951
2016-11-03 00:00:00+05:30,230.02,233.45,218.78,222.06,3362793
2016-11-04 00:00:00+05:30,222.19,224.78,219.62,222.1,2569955
2016-11-07 00:00:00+05:30,223.93,226.8,221.15,222.04,1070106
2016-11-08 00:00:00+05:30,224.32,224.32,219.86,222.49,624701
2016-11-09 00:00:00+05:30,213.06,218.1,201.19,215.36,1673113
2016-11-10 00:00:00+05:30,217.36,224.8,217.36,219.93,1415950
2016-11-11 00:00:00+05:30,215.47,218.71,208.12,210.17,2706280
2016-11-15 00:00:00+05:30,210.01,210.12,199.71,206.14,1457377
2016-11-16 00:00:00+05:30,208.71,210.14,200.47,204.86,854271
2016-11-17 00:00:00+05:30,204.01,206.41,197.19,203.14,1197226
2016-11-18 00:00:00+05:30,203.14,206.54,199.58,201.82,652423
2016-11-21 00:00:00+05:30,201.82,203.64,193.27,195.34,2565268
2016-11-22 00:00:00+05:30,195.67,200.01,193.93,198.97,961938
2016-11-23 00:00:00+05:30,198.97,206.19,196.1,200.14,1285813
2016-11-24 00:00:00+05:30,200.88,202.19,198.06,199.1,3312162
2016-11-25 00:00:00+05:30,199.1,203.93,198.32,202.58,692808
2016-11-28 00:00:00+05:30,203.41,209.43,202.77,207.23,1228940
2016-11-29 00:00:00+05:30,207.71,209.73,202.51,204.25,1766655
2016-11-30 00:00:00+05:30,204.43,209.23,203.86,208.45,1429024
2016-12-01 00:00:00+05:30,210.01,210.01,204.8,207.49,1277062
2016-12-02 00:00:00+05:30,206.54,208.71,203.36,204.51,1071870
2016-12-05 00:00:00+05:30,204.49,208.23,203.54,206.73,433819
2016-12-06 00:00:00+05:30,208.71,219.02,208.23,215.21,4901316
2016-12-07 00:00:00+05:30,216.54,217.3,210.23,214.49,1262355
2016-12-08 00:00:00+05:30,216.54,220.88,215.84,217.3,2147810
2016-12-09 00:00:00+05:30,219.54,223.06,217.67,218.82,1824116
2016-12-12 00:00:00+05:30,218.3,219.23,211.15,211.75,948433
2016-12-13 00:00:00+05:30,213.88,214.51,208.93,210.75,843531
2016-12-14 00:00:00+05:30,210.67,213.93,206.14,207.14,1119355
2016-12-15 00:00:00+05:30,205.23,209.54,203.43,208.43,896119
2016-12-16 00:00:00+05:30,208.62,211.3,205.88,208.08,1017413
2016-12-19 00:00:00+05:30,207.41,213.36,207.34,212.65,1539219
2016-12-20 00:00:00+05:30,213.32,213.88,210.8,212.28,2053887
2016-12-21 00:00:00+05:30,212.28,213.93,211.36,212.58,978361
2016-12-22 00:00:00+05:30,210.88,213.71,210.73,211.84,1103666
2016-12-23 00:00:00+05:30,212.19,213.62,209.54,211.54,949036
2016-12-26 00:00:00+05:30,210.45,210.88,205.41,206.67,1257146
2016-12-27 00:00:00+05:30,207.41,213.06,205.88,211.71,715292
2016-12-28 00:00:00+05:30,212.19,215.12,211.75,212.62,843600
2016-12-29 00:00:00+05:30,211.32,216.43,211.32,214.67,1524537
2016-12-30 00:00:00+05:30,214.62,219.54,213.06,218.71,930833
2017-01-02 00:00:00+05:30,220.02,223.06,219.78,220.43,1395136
2017-01-03 00:00:00+05:30,221.23,222.17,217.45,221.65,1146142
2017-01-04 00:00:00+05:30,222.3,224.95,218.88,219.62,1261582
2017-01-05 00:00:00+05:30,221.32,222.19,218.99,220.95,1186366
2017-01-06 00:00:00+05:30,223.04,223.71,220.02,220.8,895512
2017-01-09 00:00:00+05:30,220.97,223.32,219.36,222.8,969270
2017-01-10 00:00:00+05:30,223.75,224.36,220.54,221.86,1741587
2017-01-11 00:00:00+05:30,222.15,226.08,220.67,225.15,2010955
2017-01-12 00:00:00+05:30,225.23,226.1,223.06,224.12,957525
2017-01-13 00:00:00+05:30,226.36,227.86,223.49,225.06,1209808
2017-01-16 00:00:00+05:30,224.99,226.75,223.52,225.43,639509
2017-01-17 00:00:00+05:30,225.43,229.23,225.34,226.75,1263197
2017-01-18 00:00:00+05:30,227.36,233.23,227.06,230.17,2732745
2017-01-19 00:00:00+05:30,229.52,231.76,228.71,229.06,702058
2017-01-20 00:00:00+05:30,229.15,230.52,222.49,222.97,932650
2017-01-23 00:00:00+05:30,223.41,224.97,221.02,222.69,1140861
2017-01-24 00:00:00+05:30,223.89,228.02,222.06,226.47,1284967
2017-01-25 00:00:00+05:30,227.23,236.89,226.34,235.36,3677650
2017-01-27 00:00:00+05:30,235.32,238.23,233.69,236.08,2519565
2017-01-30 00:00:00+05:30,235.3,237.69,232.97,235.23,1074543
2017-01-31 00:00:00+05:30,235.52,238.89,233.23,236.78,2538590
2017-02-01 00:00:00+05:30,238.63,241.45,234.84,240.78,1646617
2017-02-02 00:00:00+05:30,239.15,247.1,237.89,244.1,2081400
2017-02-03 00:00:00+05:30,244.36,245.56,242.19,243.71,725719
2017-02-06 00:00:00+05:30,243.5,246.1,242.32,243.82,999246
2017-02-07 00:00:00+05:30,244.13,245.13,240.19,241.89,535681
2017-02-08 00:00:00+05:30,243.06,251.41,242.71,249.28,4235160
2017-02-09 00:00:00+05:30,250.45,252.76,245.89,247.97,2592965
2017-02-10 00:00:00+05:30,249.15,251.06,245.67,246.69,793686
2017-02-13 00:00:00+05:30,246.73,247.97,243.93,245.17,948659
2017-02-14 00:00:00+05:30,245.23,246.5,242.28,245.41,741710
2017-02-15 00:00:00+05:30,245.41,246.1,239.15,239.71,849922
2017-02-16 00:00:00+05:30,239.63,247.8,238.73,246.58,932107
2017-02-17 00:00:00+05:30,246.97,247.84,242.52,244.73,773756
2017-02-20 00:00:00+05:30,245.21,248.82,243.93,247.58,635347
2017-02-21 00:00:00+05:30,247.84,253.54,246.54,252.78,1225479
2017-02-22 00:00:00+05:30,254.37,256.97,252.93,253.87,2353963
2017-02-23 00:00:00+05:30,253.93,254.52,249.28,250.52,3271250
2017-02-27 00:00:00+05:30,250.78,251.32,244.86,246.32,1329989
2017-02-28 00:00:00+05:30,247.0,248.69,242.89,243.69,1076484
2017-03-01 00:00:00+05:30,245.04,247.91,242.34,247.06,1489522
2017-03-02 00:00:00+05:30,248.67,249.39,243.17,244.21,834784
2017-03-03 00:00:00+05:30,244.23,245.6,238.99,244.65,1134095
2017-03-06 00:00:00+05:30,247.39,251.26,244.04,247.0,1935495
2017-03-07 00:00:00+05:30,248.28,251.67,246.19,250.06,1557772
2017-03-08 00:00:00+05:30,249.45,250.45,244.41,246.32,967255
2017-03-09 00:00:00+05:30,245.67,246.93,243.56,244.65,901776
2017-03-10 00:00:00+05:30,246.06,246.06,241.47,243.28,536097
2017-03-14 00:00:00+05:30,245.67,247.6,244.5,245.54,602137
2017-03-15 00:00:00+05:30,243.5,247.32,239.69,245.47,1744369
2017-03-16 00:00:00+05:30,245.67,253.06,245.13,252.41,3704480
2017-03-17 00:00:00+05:30,253.93,257.41,250.04,251.15,1539720
2017-03-20 00:00:00+05:30,253.06,253.06,248.28,250.34,617919
2017-03-21 00:00:00+05:30,250.45,252.91,248.54,251.54,757153
2017-03-22 00:00:00+05:30,250.89,250.89,246.47,249.19,549510
2017-03-23 00:00:00+05:30,248.71,251.23,247.54,250.67,536527
2017-03-24 00:00:00+05:30,249.17,253.76,249.06,250.95,790234
2017-03-27 00:00:00+05:30,251.76,254.8,248.71,253.63,1075582
2017-03-28 00:00:00+05:30,255.23,258.5,254.37,257.41,2577425
2017-03-29 00:00:00+05:30,259.89,262.63,257.47,258.3,2494060
2017-03-30 00:00:00+05:30,259.06,261.32,257.37,258.52,1472321
2017-03-31 00:00:00+05:30,258.52,263.71,257.24,260.34,1106044
2017-04-03 00:00:00+05:30,261.32,262.91,258.97,260.34,874284
2017-04-05 00:00:00+05:30,259.21,266.97,258.74,265.91,1508070
2017-04-06 00:00:00+05:30,266.06,267.52,262.58,263.87,1150891
2017-04-07 00:00:00+05:30,262.71,265.41,261.39,263.08,625628
2017-04-10 00:00:00+05:30,263.93,270.0,262.65,267.65,3062546
2017-04-11 00:00:00+05:30,269.06,270.8,268.04,268.91,1073331
2017-04-12 00:00:00+05:30,269.15,271.43,264.19,270.56,1109765
2017-04-13 00:00:00+05:30,270.0,271.15,267.11,267.95,604901
2017-04-17 00:00:00+05:30,267.95,274.85,265.39,273.74,1273468
2017-04-18 00:00:00+05:30,274.37,275.54,269.54,270.54,961377
2017-04-19 00:00:00+05:30,270.89,278.89,269.45,277.63,1240463
2017-04-20 00:00:00+05:30,278.28,280.24,276.0,278.39,633764
2017-04-21 00:00:00+05:30,278.39,280.76,275.69,277.52,715683
2017-04-24 00:00:00+05:30,277.52,278.93,274.85,276.45,759094
2017-04-25 00:00:00+05:30,276.54,279.45,275.52,277.71,632874
2017-04-26 00:00:00+05:30,277.63,287.63,277.08,285.39,3935601
2017-04-27 00:00:00+05:30,287.85,288.26,281.72,284.24,1119233
2017-04-28 00:00:00+05:30,285.24,286.54,282.13,285.58,381375
2017-05-02 00:00:00+05:30,285.58,286.95,281.43,284.58,403136
2017-05-03 00:00:00+05:30,283.06,285.67,280.02,281.17,1161967
2017-05-04 00:00:00+05:30,282.06,289.8,280.06,286.54,1556166
2017-05-05 00:00:00+05:30,286.41,286.41,271.04,276.39,951481
2017-05-08 00:00:00+05:30,278.15,280.3,274.15,275.43,899527
2017-05-09 00:00:00+05:30,275.28,278.85,274.61,276.52,746659
2017-05-10 00:00:00+05:30,275.98,282.32,275.69,280.17,1814650
2017-05-11 00:00:00+05:30,281.02,282.19,275.71,277.45,672450
2017-05-12 00:00:00+05:30,277.41,279.13,271.41,273.24,516519
2017-05-15 00:00:00+05:30,273.45,276.89,272.67,273.84,802111
2017-05-16 00:00:00+05:30,273.89,281.32,273.89,279.98,981891
2017-05-17 00:00:00+05:30,280.45,281.32,276.56,277.45,700731
2017-05-18 00:00:00+05:30,276.11,276.11,270.54,271.71,1082898
2017-05-19 00:00:00+05:30,273.06,276.37,265.24,268.04,655774
2017-05-22 00:00:00+05:30,266.15,271.5,259.32,260.41,923223
2017-05-23 00:00:00+05:30,258.76,265.0,252.6,261.71,1699870
2017-05-24 00:00:00+05:30,262.63,265.19,257.21,259.17,860998
2017-05-25 00:00:00+05:30,259.39,269.15,259.39,267.52,1085564
2017-05-26 00:00:00+05:30,268.41,272.17,263.5,265.41,2799028
2017-05-29 00:00:00+05:30,266.11,268.67,263.06,264.47,1223727
2017-05-30 00:00:00+05:30,264.8,273.71,261.65,272.69,1075587
2017-05-31 00:00:00+05:30,273.93,275.21,270.65,273.19,766884
2017-06-01 00:00:00+05:30,274.8,278.71,273.93,277.17,1254768
2017-06-02 00:00:00+05:30,277.63,280.85,276.91,278.15,1430508
2017-06-05 00:00:00+05:30,279.06,281.72,274.71,277.3,1423670
2017-06-06 00:00:00+05:30,277.37,278.28,269.65,270.24,892986
2017-06-07 00:00:00+05:30,271.32,273.91,268.74,271.74,1367389
2017-06-08 00:00:00+05:30,272.63,273.5,266.37,267.08,758662
2017-06-09 00:00:00+05:30,267.84,270.89,265.47,269.78,663653
2017-06-12 00:00:00+05:30,270.02,273.69,267.41,268.89,1229948
2017-06-13 00:00:00+05:30,269.58,272.08,267.37,268.08,799935
2017-06-14 00:00:00+05:30,268.71,269.34,266.15,267.32,950128
2017-06-15 00:00:00+05:30,267.41,270.41,265.13,266.11,544004
2017-06-16 00:00:00+05:30,266.28,269.13,265.28,266.04,399252
2017-06-19 00:00:00+05:30,266.97,270.87,266.69,267.8,1081026
2017-06-20 00:00:00+05:30,269.15,271.98,268.5,270.15,1001705
2017-06-21 00:00:00+05:30,271.11,274.76,268.84,270.0,1746117
2017-06-22 00:00:00+05:30,270.32,272.0,266.74,267.76,443494
2017-06-23 00:00:00+05:30,267.76,268.56,260.21,263.45,1421943
2017-06-27 00:00:00+05:30,263.63,264.28,255.47,257.6,751254
2017-06-28 00:00:00+05:30,257.41,262.17,254.37,259.8,1502212
2017-06-29 00:00:00+05:30,259.8,263.39,257.69,261.21,1222280
2017-06-30 00:00:00+05:30,261.76,265.17,256.04,263.91,598170
2017-07-03 00:00:00+05:30,269.58,272.17,265.89,271.19,1800948
2017-07-04 00:00:00+05:30,273.67,274.69,270.89,272.0,1685887
2017-07-05 00:00:00+05:30,271.76,281.37,270.82,280.02,3480370
2017-07-06 00:00:00+05:30,284.35,285.87,279.24,280.52,3815172
2017-07-07 00:00:00+05:30,280.45,284.15,277.85,281.98,2349297
2017-07-10 00:00:00+05:30,282.06,284.8,281.63,282.15,142224
2017-07-11 00:00:00+05:30,282.63,283.5,276.0,277.11,1421702
2017-07-12 00:00:00+05:30,278.28,282.5,277.41,279.32,1386351
2017-07-13 00:00:00+05:30,279.95,280.76,277.28,278.71,784537
2017-07-14 00:00:00+05:30,278.63,279.3,275.32,277.93,1029790
2017-07-17 00:00:00+05:30,278.21,279.08,273.15,273.82,1584820
2017-07-18 00:00:00+05:30,274.24,276.04,270.02,270.89,1350752
2017-07-19 00:00:00+05:30,271.63,274.48,271.02,273.21,1382218
2017-07-20 00:00:00+05:30,273.11,274.08,271.15,272.24,563056
2017-07-21 00:00:00+05:30,272.8,273.08,269.0,270.98,1574781
2017-07-24 00:00:00+05:30,271.61,273.02,267.45,268.56,715259
2017-07-25 00:00:00+05:30,268.3,272.02,268.3,268.78,634999
2017-07-26 00:00:00+05:30,268.32,273.98,268.32,272.24,1312144
2017-07-27 00:00:00+05:30,272.84,275.98,269.13,269.93,1322818
2017-07-28 00:00:00+05:30,271.76,273.41,269.39,271.24,1040728
2017-07-31 00:00:00+05:30,266.41,270.56,265.89,269.54,1235359
2017-08-01 00:00:00+05:30,269.61,271.48,266.54,267.02,725008
2017-08-02 00:00:00+05:30,269.13,270.61,265.37,266.21,1060479
2017-08-03 00:00:00+05:30,268.39,268.58,259.47,260.95,1465334
2017-08-04 00:00:00+05:30,261.19,264.17,258.37,263.65,2812239
2017-08-07 00:00:00+05:30,264.34,266.0,263.08,263.93,809810
2017-08-08 00:00:00+05:30,264.8,266.78,257.47,259.17,1255290
2017-08-09 00:00:00+05:30,253.26,254.32,244.58,251.78,5054317
2017-08-10 00:00:00+05:30,249.63,255.63,243.67,250.78,2453105
2017-08-11 00:00:00+05:30,246.15,253.84,243.69,251.47,1807245
2017-08-14 00:00:00+05:30,249.69,258.28,249.69,257.41,725307
2017-08-16 00:00:00+05:30,258.71,262.58,254.8,261.37,843505
2017-08-17 00:00:00+05:30,262.41,263.19,256.04,257.13,867086
2017-08-18 00:00:00+05:30,254.87,260.37,253.73,257.71,1069499
2017-08-21 00:00:00+05:30,258.28,260.32,254.5,255.02,972191
2017-08-22 00:00:00+05:30,255.32,258.58,250.67,253.41,1172249
2017-08-23 00:00:00+05:30,254.41,257.41,253.41,255.71,1181589
2017-08-24 00:00:00+05:30,256.95,259.82,250.02,253.87,907931
2017-08-28 00:00:00+05:30,254.8,258.8,253.93,256.41,2569633
2017-08-29 00:00:00+05:30,256.58,259.5,254.37,255.06,779846
2017-08-30 00:00:00+05:30,256.54,259.41,254.8,256.04,1375535
2017-09-01 00:00:00+05:30,255.17,257.26,253.93,255.04,442767
2017-09-04 00:00:00+05:30,255.43,256.32,248.28,252.43,2328002
2017-09-05 00:00:00+05:30,253.06,254.19,249.69,250.17,2418278
2017-09-06 00:00:00+05:30,248.71,253.67,247.02,252.26,1347801
2017-09-07 00:00:00+05:30,250.17,270.67,250.17,268.26,4815108
2017-09-08 00:00:00+05:30,271.76,273.06,266.78,271.15,3908285
2017-09-11 00:00:00+05:30,273.84,273.93,268.71,269.37,895484
2017-09-12 00:00:00+05:30,270.93,276.54,270.89,275.37,2001055
2017-09-13 00:00:00+05:30,278.26,281.32,274.82,276.69,4933184
2017-09-14 00:00:00+05:30,283.17,284.26,276.11,276.82,2465423
2017-09-15 00:00:00+05:30,276.85,278.58,273.17,276.95,980728
2017-09-18 00:00:00+05:30,278.28,281.11,277.08,280.21,1169087
2017-09-19 00:00:00+05:30,281.54,290.24,279.15,285.93,4780036
2017-09-20 00:00:00+05:30,287.37,287.37,279.63,280.8,1857216
2017-09-21 00:00:00+05:30,280.89,282.43,276.54,278.15,1321153
2017-09-22 00:00:00+05:30,277.82,277.82,266.21,267.17,2199602
2017-09-25 00:00:00+05:30,267.84,270.76,259.78,267.74,1196478
2017-09-26 00:00:00+05:30,267.41,275.48,266.52,272.0,1219835
2017-09-27 00:00:00+05:30,273.45,273.45,266.19,270.32,912862
2017-09-28 00:00:00+05:30,271.32,279.11,265.67,276.28,4916396
2017-09-29 00:00:00+05:30,278.15,280.67,274.37,279.65,2601688
2017-10-03 00:00:00+05:30,280.89,281.87,277.0,278.08,922151
2017-10-04 00:00:00+05:30,277.93,280.3,275.85,277.06,671358
2017-10-05 00:00:00+05:30,276.91,297.87,276.91,288.85,4027390
2017-10-06 00:00:00+05:30,294.37,299.04,290.56,295.13,5462707
2017-10-09 00:00:00+05:30,297.41,300.89,294.98,296.11,2794442
2017-10-10 00:00:00+05:30,297.82,298.85,294.65,296.28,938293
2017-10-11 00:00:00+05:30,297.82,305.37,292.41,296.48,6831147
2017-10-12 00:00:00+05:30,298.72,305.15,296.11,302.0,2807416
2017-10-13 00:00:00+05:30,302.04,304.74,298.96,299.67,2603227
2017-10-16 00:00:00+05:30,300.13,304.37,297.96,303.41,1424799
2017-10-17 00:00:00+05:30,304.24,315.22,303.54,313.98,7118516
2017-10-18 00:00:00+05:30,313.59,317.85,311.67,315.76,6859697
2017-10-19 00:00:00+05:30,316.11,316.54,310.39,312.89,572140
2017-10-23 00:00:00+05:30,313.28,319.15,313.28,317.41,2467782
2017-10-24 00:00:00+05:30,319.57,326.76,316.98,324.37,4158727
2017-10-25 00:00:00+05:30,325.24,326.11,319.15,322.46,1305914
2017-10-26 00:00:00+05:30,322.63,332.89,319.37,329.5,5804109
2017-10-27 00:00:00+05:30,330.02,330.46,321.46,323.3,1542331
2017-10-30 00:00:00+05:30,324.3,328.54,320.52,322.02,969918
2017-10-31 00:00:00+05:30,321.98,325.15,317.74,318.67,1340798
2017-11-01 00:00:00+05:30,321.33,323.65,316.17,317.5,4566116
2017-11-02 00:00:00+05:30,317.5,320.22,309.65,312.61,1861346
2017-11-03 00:00:00+05:30,318.91,319.15,313.5,317.57,2337588
2017-11-06 00:00:00+05:30,319.15,327.13,316.15,319.41,2895645
2017-11-07 00:00:00+05:30,325.74,325.74,305.63,309.3,3630633
2017-11-08 00:00:00+05:30,309.59,312.98,306.54,308.85,1602373
2017-11-09 00:00:00+05:30,310.46,315.07,307.2,312.26,1514562
2017-11-10 00:00:00+05:30,312.63,314.67,308.76,312.76,1231749
2017-11-13 00:00:00+05:30,313.07,320.89,310.96,315.07,5154521
2017-11-14 00:00:00+05:30,313.91,317.41,309.85,311.15,1732410
2017-11-15 00:00:00+05:30,308.72,314.33,305.76,306.93,1112619
2017-11-16 00:00:00+05:30,307.41,311.74,306.54,310.72,943778
2017-11-17 00:00:00+05:30,311.33,315.24,310.59,311.65,1254220
2017-11-20 00:00:00+05:30,312.96,322.28,310.02,321.46,2115969
2017-11-21 00:00:00+05:30,324.35,326.07,318.41,319.59,2629141
2017-11-22 00:00:00+05:30,320.89,325.52,316.98,320.37,2423747
2017-11-23 00:00:00+05:30,321.76,324.35,318.13,320.78,1621942
2017-11-24 00:00:00+05:30,320.76,323.5,320.48,321.89,1069055
2017-11-27 00:00:00+05:30,321.5,327.76,320.72,324.81,1586593
2017-11-28 00:00:00+05:30,326.07,328.24,322.04,323.04,1228195
2017-11-29 00:00:00+05:30,324.37,324.67,315.67,317.04,879689
2017-11-30 00:00:00+05:30,316.46,320.3,312.02,316.0,2295885
2017-12-01 00:00:00+05:30,317.43,319.24,308.09,309.74,1013710
2017-12-04 00:00:00+05:30,312.63,314.26,307.56,310.63,971011
2017-12-05 00:00:00+05:30,310.89,313.33,307.93,310.74,939301
2017-12-06 00:00:00+05:30,310.02,311.85,307.17,308.91,1292998
2017-12-07 00:00:00+05:30,309.15,314.76,309.15,312.98,1299132
2017-12-08 00:00:00+05:30,315.67,316.33,312.26,313.09,999980
2017-12-11 00:00:00+05:30,315.24,321.76,313.09,320.8,2220724
2017-12-12 00:00:00+05:30,323.37,324.59,315.26,316.26,2045695
2017-12-13 00:00:00+05:30,316.26,319.22,307.61,309.28,1345186
2017-12-14 00:00:00+05:30,310.93,313.02,308.37,312.2,784160
2017-12-15 00:00:00+05:30,313.93,316.54,311.85,312.54,880719
2017-12-18 00:00:00+05:30,312.65,315.67,296.11,313.17,1180922
2017-12-19 00:00:00+05:30,313.93,317.85,313.93,316.11,781177
2017-12-20 00:00:00+05:30,317.39,321.72,315.39,318.44,1908366
2017-12-21 00:00:00+05:30,320.02,321.98,317.85,320.04,1097895
2017-12-22 00:00:00+05:30,321.33,323.85,317.96,319.41,1473655
2017-12-26 00:00:00+05:30,319.17,321.35,316.98,318.24,1152156
2017-12-27 00:00:00+05:30,318.3,324.37,316.54,320.15,2591990
2017-12-28 00:00:00+05:30,320.91,321.91,316.76,317.7,1500890
2017-12-29 00:00:00+05:30,319.13,320.24,316.59,318.09,1342212
2018-01-01 00:00:00+05:30,318.09,319.76,314.37,315.67,429649
2018-01-02 00:00:00+05:30,316.11,321.63,310.39,317.46,1444539
2018-01-03 00:00:00+05:30,324.24,333.33,321.35,328.67,7938040
2018-01-04 00:00:00+05:30,328.94,331.54,326.37,328.02,2069781
2018-01-05 00:00:00+05:30,328.72,331.68,325.33,329.41,1942395
2018-01-08 00:00:00+05:30,330.46,335.68,327.94,333.54,3248843
2018-01-09 00:00:00+05:30,334.78,339.15,331.61,332.83,2777118
2018-01-10 00:00:00+05:30,333.94,334.24,329.59,331.74,1015230
2018-01-11 00:00:00+05:30,334.37,340.02,331.76,335.24,3972389
2018-01-12 00:00:00+05:30,336.54,338.94,328.5,332.48,2409594
2018-01-15 00:00:00+05:30,334.65,336.7,330.13,333.28,1686935
2018-01-16 00:00:00+05:30,333.5,334.54,320.13,322.17,1605705
2018-01-17 00:00:00+05:30,322.17,326.76,312.74,325.94,1394163
2018-01-18 00:00:00+05:30,328.28,329.59,311.56,316.83,2344007
2018-01-19 00:00:00+05:30,318.04,319.54,311.85,315.09,1482429
2018-01-22 00:00:00+05:30,316.54,321.33,312.63,319.94,1927094
2018-01-23 00:00:00+05:30,321.76,322.22,316.17,318.54,875462
2018-01-24 00:00:00+05:30,319.15,319.37,313.91,317.07,925373
2018-01-25 00:00:00+05:30,317.41,319.24,310.43,311.89,3010062
2018-01-29 00:00:00+05:30,313.09,316.28,312.2,313.3,689407
2018-01-30 00:00:00+05:30,313.5,313.96,308.46,310.74,698280
2018-01-31 00:00:00+05:30,310.37,313.93,308.13,312.63,2129682
2018-02-01 00:00:00+05:30,313.8,315.67,307.43,312.61,2664718
2018-02-02 00:00:00+05:30,309.59,310.39,295.8,301.0,2814237
2018-02-05 00:00:00+05:30,296.54,304.37,287.87,302.39,2038167
2018-02-06 00:00:00+05:30,291.85,304.24,286.13,298.37,2133105
2018-02-07 00:00:00+05:30,303.06,306.22,295.02,296.04,1818174
2018-02-08 00:00:00+05:30,298.26,309.59,296.15,307.91,3379322
2018-02-09 00:00:00+05:30,303.54,306.89,300.91,304.69,2783980
2018-02-12 00:00:00+05:30,306.11,312.76,302.72,311.11,1475028
2018-02-14 00:00:00+05:30,312.59,314.37,309.04,310.67,1787625
2018-02-15 00:00:00+05:30,310.89,316.26,308.85,312.63,2177027
2018-02-16 00:00:00+05:30,313.93,315.98,306.48,312.48,2013350
2018-02-19 00:00:00+05:30,313.5,313.65,304.85,308.87,781039
2018-02-20 00:00:00+05:30,309.06,310.89,304.37,306.22,1386208
2018-02-21 00:00:00+05:30,306.98,308.43,302.46,304.26,1731437
2018-02-22 00:00:00+05:30,302.19,306.54,300.93,303.0,1219610
2018-02-23 00:00:00+05:30,303.93,308.06,303.54,307.3,690377
2018-02-26 00:00:00+05:30,309.54,312.33,307.5,309.17,807816
2018-02-27 00:00:00+05:30,310.67,310.93,304.59,306.02,1282725
2018-02-28 00:00:00+05:30,304.28,308.93,303.5,306.39,1097088
2018-03-01 00:00:00+05:30,306.11,308.13,302.65,304.24,1359762
2018-03-05 00:00:00+05:30,303.56,303.89,292.63,294.63,1573836
2018-03-06 00:00:00+05:30,296.11,299.59,291.98,292.89,1384148
2018-03-07 00:00:00+05:30,292.98,296.11,290.95,294.54,1682474
2018-03-08 00:00:00+05:30,296.54,304.52,290.0,302.22,2498648
2018-03-09 00:00:00+05:30,304.28,304.35,296.0,298.67,1283529
2018-03-12 00:00:00+05:30,301.13,301.33,296.17,299.83,587342
2018-03-13 00:00:00+05:30,298.76,303.76,298.76,300.56,1534571
2018-03-14 00:00:00+05:30,300.48,301.5,297.15,299.54,817855
2018-03-15 00:00:00+05:30,299.19,301.93,296.22,297.13,1115832
2018-03-16 00:00:00+05:30,296.54,299.59,294.37,296.59,858742
2018-03-19 00:00:00+05:30,295.24,296.78,288.41,290.04,1538071
2018-03-20 00:00:00+05:30,288.72,293.93,286.11,292.06,1313986
2018-03-21 00:00:00+05:30,291.76,295.91,289.93,290.93,706883
2018-03-22 00:00:00+05:30,290.93,292.98,288.26,289.61,837756
2018-03-23 00:00:00+05:30,282.63,291.13,282.63,290.24,766077
2018-03-26 00:00:00+05:30,291.32,298.91,287.59,295.11,1276216
2018-03-27 00:00:00+05:30,294.46,301.76,294.46,300.3,949862
2018-03-28 00:00:00+05:30,300.06,300.78,293.06,294.43,1978725
2018-04-02 00:00:00+05:30,297.39,301.65,295.35,300.59,1205215
2018-04-03 00:00:00+05:30,303.91,313.76,303.39,311.67,5804587
2018-04-04 00:00:00+05:30,313.91,313.93,306.98,307.87,1634508
2018-04-05 00:00:00+05:30,309.8,316.74,309.56,311.15,2053799
2018-04-06 00:00:00+05:30,313.72,316.54,310.02,314.83,1233147
2018-04-09 00:00:00+05:30,317.41,318.0,312.63,313.17,2096544
2018-04-10 00:00:00+05:30,313.52,315.43,311.76,313.46,1313961
2018-04-11 00:00:00+05:30,313.54,314.04,309.67,312.24,723143
2018-04-12 00:00:00+05:30,311.76,316.46,310.56,315.52,1005739
2018-04-13 00:00:00+05:30,317.41,319.13,313.57,316.35,1589314
2018-04-16 00:00:00+05:30,315.67,322.04,313.59,320.85,2536952
2018-04-17 00:00:00+05:30,323.28,324.81,320.28,321.28,2617051
2018-04-18 00:00:00+05:30,324.07,324.72,317.76,320.0,1648542
2018-04-19 00:00:00+05:30,319.59,322.8,316.98,320.91,1730589
2018-04-20 00:00:00+05:30,320.26,321.26,316.76,319.5,650615
2018-04-23 00:00:00+05:30,319.5,320.0,317.13,318.17,575553
2018-04-24 00:00:00+05:30,316.98,319.87,314.72,317.13,560512
2018-04-25 00:00:00+05:30,316.76,317.33,309.48,312.2,1457963
2018-04-26 00:00:00+05:30,313.02,317.33,310.59,314.26,2952000
2018-04-27 00:00:00+05:30,314.37,322.72,312.46,320.44,1466181
2018-04-30 00:00:00+05:30,322.2,337.35,321.78,332.09,5504313
2018-05-02 00:00:00+05:30,334.83,341.57,329.24,333.59,4842421
2018-05-03 00:00:00+05:30,333.48,338.28,330.72,334.52,2761067
2018-05-04 00:00:00+05:30,334.37,342.41,330.46,333.02,3888691
2018-05-07 00:00:00+05:30,334.54,334.54,327.35,329.78,1457671
2018-05-08 00:00:00+05:30,330.89,335.68,330.11,333.2,2557129
2018-05-09 00:00:00+05:30,334.81,336.5,332.28,332.76,1743797
2018-05-10 00:00:00+05:30,333.07,335.85,330.63,334.26,2377730
2018-05-11 00:00:00+05:30,334.81,338.68,331.98,337.24,1559076
2018-05-14 00:00:00+05:30,341.28,341.96,310.28,337.55,4010444
2018-05-15 00:00:00+05:30,335.78,338.41,322.46,323.67,2724622
2018-05-16 00:00:00+05:30,320.07,326.41,316.11,317.22,1274682
2018-05-17 00:00:00+05:30,319.59,327.17,317.02,323.89,1697004
2018-05-18 00:00:00+05:30,323.57,324.11,310.8,312.85,1551362
2018-05-21 00:00:00+05:30,316.11,330.02,308.28,319.57,5779236
2018-05-22 00:00:00+05:30,319.13,319.13,313.09,316.43,2140646
2018-05-23 00:00:00+05:30,316.11,319.37,312.67,314.37,2197443
2018-05-24 00:00:00+05:30,314.65,316.09,307.41,312.04,1139794
2018-05-25 00:00:00+05:30,312.37,322.76,312.37,319.63,2130430
2018-05-28 00:00:00+05:30,320.24,324.54,316.54,321.72,1074812
2018-05-29 00:00:00+05:30,323.02,323.07,313.96,315.24,703611
2018-05-30 00:00:00+05:30,314.76,319.15,312.67,316.65,1027672
2018-05-31 00:00:00+05:30,317.15,325.24,317.11,322.37,3174277
2018-06-01 00:00:00+05:30,325.2,325.2,318.33,319.74,2323373
2018-06-04 00:00:00+05:30,320.5,321.26,315.02,318.3,1194321
2018-06-05 00:00:00+05:30,317.41,318.28,307.63,315.61,1420979
2018-06-06 00:00:00+05:30,316.96,319.5,313.54,317.72,2650279
2018-06-07 00:00:00+05:30,316.15,323.07,315.33,321.74,1888567
2018-06-08 00:00:00+05:30,320.67,323.26,317.91,321.35,1199663
2018-06-11 00:00:00+05:30,322.61,325.7,317.28,318.46,1215560
2018-06-12 00:00:00+05:30,317.85,325.13,316.61,324.02,1184843
2018-06-13 00:00:00+05:30,322.8,323.09,318.11,322.35,1422212
2018-06-14 00:00:00+05:30,321.54,321.87,318.94,321.37,751187
2018-06-15 00:00:00+05:30,320.89,323.5,317.26,321.63,1563390
2018-06-18 00:00:00+05:30,321.76,323.5,317.41,318.46,684451
2018-06-19 00:00:00+05:30,318.46,318.46,312.7,314.85,867748
2018-06-20 00:00:00+05:30,315.24,318.52,311.22,317.3,543033
2018-06-21 00:00:00+05:30,316.59,321.74,315.72,317.0,1394605
2018-06-22 00:00:00+05:30,315.7,316.76,310.93,312.85,1247606
2018-06-25 00:00:00+05:30,312.2,314.67,311.0,311.59,676137
2018-06-26 00:00:00+05:30,310.06,310.13,303.61,307.33,1189289
2018-06-27 00:00:00+05:30,306.76,309.93,304.83,307.41,1492288
2018-06-28 00:00:00+05:30,306.54,307.33,296.76,299.85,1316304
2018-06-29 00:00:00+05:30,300.63,304.8,297.96,303.43,801982
2018-07-02 00:00:00+05:30,304.37,304.8,296.13,300.98,801542
2018-07-03 00:00:00+05:30,298.85,312.2,297.85,305.96,1559476
2018-07-04 00:00:00+05:30,305.96,306.54,299.93,300.74,825431
2018-07-05 00:00:00+05:30,301.15,302.63,297.15,301.5,851187
2018-07-06 00:00:00+05:30,300.72,306.3,299.15,305.35,884268
2018-07-09 00:00:00+05:30,306.15,311.5,306.15,309.56,1283168
2018-07-10 00:00:00+05:30,310.46,316.02,307.5,308.85,1160663
2018-07-11 00:00:00+05:30,308.02,311.72,303.76,306.7,1497392
2018-07-12 00:00:00+05:30,307.63,311.41,307.52,310.35,1290519
2018-07-13 00:00:00+05:30,313.07,313.15,306.11,307.02,1198162
2018-07-16 00:00:00+05:30,296.93,297.63,290.02,291.09,1219736
2018-07-17 00:00:00+05:30,291.26,298.59,288.0,297.39,1064509
2018-07-18 00:00:00+05:30,298.28,301.06,288.32,290.19,1273024
2018-07-19 00:00:00+05:30,290.48,294.65,285.67,289.91,1415398
2018-07-20 00:00:00+05:30,290.89,291.52,286.52,287.04,714719
2018-07-23 00:00:00+05:30,287.85,293.39,285.24,291.19,1434962
2018-07-24 00:00:00+05:30,291.32,296.82,290.39,291.56,1102267
2018-07-25 00:00:00+05:30,292.19,294.82,289.59,292.28,861633
2018-07-26 00:00:00+05:30,292.3,296.65,291.15,293.0,1340793
2018-07-27 00:00:00+05:30,293.06,298.96,293.02,295.43,693632
2018-07-30 00:00:00+05:30,295.67,299.61,294.91,297.96,590210
2018-07-31 00:00:00+05:30,297.52,301.87,296.04,299.54,670935
2018-08-01 00:00:00+05:30,300.02,300.89,296.8,297.8,515316
2018-08-02 00:00:00+05:30,297.82,304.06,294.11,300.06,1144886
2018-08-03 00:00:00+05:30,300.04,305.67,298.35,301.35,1832180
2018-08-06 00:00:00+05:30,301.85,304.8,300.11,301.33,460536
2018-08-07 00:00:00+05:30,301.35,302.54,288.89,290.61,2297644
2018-08-08 00:00:00+05:30,291.3,297.41,289.59,292.04,1681611
2018-08-09 00:00:00+05:30,293.48,295.15,291.32,293.32,495988
2018-08-10 00:00:00+05:30,293.69,295.02,291.32,292.54,979513
2018-08-13 00:00:00+05:30,290.93,296.11,289.32,293.87,828345
2018-08-14 00:00:00+05:30,293.28,296.89,281.87,294.69,6480651
2018-08-16 00:00:00+05:30,295.78,306.5,293.06,302.17,3471868
2018-08-17 00:00:00+05:30,305.24,310.35,301.8,307.76,1924803
2018-08-20 00:00:00+05:30,310.87,311.02,303.39,305.96,2794323
2018-08-21 00:00:00+05:30,307.7,309.09,304.37,307.96,959259
2018-08-23 00:00:00+05:30,309.59,310.7,305.24,308.3,968419
2018-08-24 00:00:00+05:30,308.85,318.78,308.76,317.35,4320180
2018-08-27 00:00:00+05:30,319.54,326.39,316.04,325.65,3776976
2018-08-28 00:00:00+05:30,326.33,329.33,322.2,325.85,2420831
2018-08-29 00:00:00+05:30,326.46,331.54,326.15,329.46,2405479
2018-08-30 00:00:00+05:30,327.96,333.33,323.74,330.41,2514745
2018-08-31 00:00:00+05:30,329.37,334.72,328.09,330.31,1132285
2018-09-03 00:00:00+05:30,330.46,340.02,328.72,333.91,2487862
2018-09-04 00:00:00+05:30,332.63,332.63,323.65,325.57,2236779
2018-09-05 00:00:00+05:30,322.28,325.65,319.13,322.15,1774799
2018-09-06 00:00:00+05:30,323.07,329.98,320.89,323.46,1356499
2018-09-07 00:00:00+05:30,323.07,332.57,321.33,330.72,1539626
2018-09-10 00:00:00+05:30,330.31,331.76,323.98,324.81,842611
2018-09-11 00:00:00+05:30,324.07,325.7,319.59,320.94,1300270
2018-09-12 00:00:00+05:30,319.15,326.65,315.13,325.35,700347
2018-09-14 00:00:00+05:30,326.54,328.89,322.78,324.67,866773
2018-09-17 00:00:00+05:30,324.59,331.54,321.76,326.54,1045615
2018-09-18 00:00:00+05:30,326.72,327.26,318.94,322.26,925506
2018-09-19 00:00:00+05:30,322.87,324.78,319.48,321.22,597337
2018-09-21 00:00:00+05:30,320.89,323.48,293.54,320.35,3511195
2018-09-24 00:00:00+05:30,319.15,319.17,305.67,307.83,754856
2018-09-25 00:00:00+05:30,307.74,312.04,299.26,309.06,874838
2018-09-26 00:00:00+05:30,309.63,310.0,302.28,303.93,680989
2018-09-27 00:00:00+05:30,303.11,303.83,295.37,296.48,1288534
2018-09-28 00:00:00+05:30,296.59,303.41,293.82,301.06,1682412
2018-10-01 00:00:00+05:30,302.87,302.87,291.54,300.24,847222
2018-10-03 00:00:00+05:30,300.89,302.63,289.61,291.0,1166217
2018-10-04 00:00:00+05:30,286.98,292.17,282.85,287.09,836390
2018-10-05 00:00:00+05:30,286.54,289.13,280.91,285.04,895059
2018-10-08 00:00:00+05:30,284.8,288.06,274.13,278.39,1653059
2018-10-09 00:00:00+05:30,277.41,279.78,270.45,276.43,853825
2018-10-10 00:00:00+05:30,274.58,285.67,273.48,282.41,1343748
2018-10-11 00:00:00+05:30,278.21,282.69,270.93,275.82,1621896
2018-10-12 00:00:00+05:30,278.28,286.89,277.11,285.22,957870
2018-10-15 00:00:00+05:30,287.41,287.41,278.71,282.54,1215399
2018-10-16 00:00:00+05:30,285.67,298.72,284.37,294.17,1901363
2018-10-17 00:00:00+05:30,294.89,298.54,288.61,291.37,939098
2018-10-19 00:00:00+05:30,290.32,294.09,283.72,292.17,694710
2018-10-22 00:00:00+05:30,293.06,297.85,287.98,291.04,1051639
2018-10-23 00:00:00+05:30,287.41,294.35,286.98,291.98,875910
2018-10-24 00:00:00+05:30,292.63,295.46,287.59,290.61,1017410
2018-10-25 00:00:00+05:30,287.63,296.32,284.19,289.8,1544035
2018-10-26 00:00:00+05:30,288.72,293.5,283.72,291.76,1003494
2018-10-29 00:00:00+05:30,293.06,299.43,290.3,297.93,1284281
2018-10-30 00:00:00+05:30,298.28,299.13,293.09,296.17,738476
2018-10-31 00:00:00+05:30,296.35,300.02,291.5,298.17,662103
2018-11-01 00:00:00+05:30,298.63,301.74,295.61,299.15,962518
2018-11-02 00:00:00+05:30,302.09,309.72,300.26,302.69,1479789
2018-11-05 00:00:00+05:30,301.3,301.33,290.45,295.74,2535678
2018-11-06 00:00:00+05:30,296.22,306.09,296.22,301.67,1254163
2018-11-07 00:00:00+05:30,303.46,306.48,303.41,305.39,188336
2018-11-09 00:00:00+05:30,306.33,309.83,303.06,304.11,782424
2018-11-12 00:00:00+05:30,304.37,307.41,300.13,303.85,661429
2018-11-13 00:00:00+05:30,299.39,305.52,295.85,298.74,1241146
2018-11-14 00:00:00+05:30,300.89,308.2,299.59,304.15,1361179
2018-11-15 00:00:00+05:30,304.15,305.87,297.48,298.93,881046
2018-11-16 00:00:00+05:30,300.87,303.61,298.28,302.56,565726
2018-11-19 00:00:00+05:30,303.85,306.54,301.33,304.37,1279958
2018-11-20 00:00:00+05:30,305.24,307.85,298.65,300.67,1512803
2018-11-21 00:00:00+05:30,299.22,301.65,295.32,297.82,1008494
2018-11-22 00:00:00+05:30,298.72,307.33,298.72,304.11,1454817
2018-11-26 00:00:00+05:30,304.37,307.41,300.0,304.02,979943
2018-11-27 00:00:00+05:30,303.5,314.28,302.65,308.3,3495386
2018-11-28 00:00:00+05:30,309.59,311.11,299.69,301.11,1500152
2018-11-29 00:00:00+05:30,301.43,306.09,300.04,304.09,1986828
2018-11-30 00:00:00+05:30,305.65,311.11,300.46,303.26,3145421
2018-12-03 00:00:00+05:30,303.17,305.7,300.54,302.96,766824
2018-12-04 00:00:00+05:30,303.09,305.24,296.24,297.11,1084865
2018-12-05 00:00:00+05:30,296.76,297.26,289.15,289.8,1659671
2018-12-06 00:00:00+05:30,288.28,293.5,287.26,290.85,1789994
2018-12-07 00:00:00+05:30,291.32,294.19,287.85,293.04,683289
2018-12-10 00:00:00+05:30,289.95,291.3,284.45,285.69,838621
2018-12-11 00:00:00+05:30,283.5,294.46,283.5,291.91,494663
2018-12-12 00:00:00+05:30,292.35,299.8,292.35,299.15,1044691
2018-12-13 00:00:00+05:30,300.02,302.17,297.87,300.17,579937
2018-12-14 00:00:00+05:30,300.89,302.54,297.11,298.85,502595
2018-12-17 00:00:00+05:30,298.72,311.2,298.72,306.74,1985551
2018-12-18 00:00:00+05:30,307.8,315.04,305.3,311.09,2472308
2018-12-19 00:00:00+05:30,311.0,314.2,308.15,309.5,1262461
2018-12-20 00:00:00+05:30,307.7,316.28,305.76,312.07,1679640
2018-12-21 00:00:00+05:30,313.07,315.67,304.87,306.37,984010
2018-12-24 00:00:00+05:30,306.11,311.76,303.93,308.78,858224
2018-12-26 00:00:00+05:30,308.72,310.46,298.61,304.91,1061413
2018-12-27 00:00:00+05:30,306.54,309.13,303.52,305.17,1935730
2018-12-28 00:00:00+05:30,306.93,310.89,306.93,308.5,1197985
2018-12-31 00:00:00+05:30,309.15,313.41,306.52,307.28,1619428
2019-01-01 00:00:00+05:30,307.85,309.87,306.24,306.67,801020
2019-01-02 00:00:00+05:30,307.37,308.3,303.09,304.74,1756972
2019-01-03 00:00:00+05:30,305.02,306.85,300.5,301.96,1041296
2019-01-04 00:00:00+05:30,302.63,306.46,301.98,303.69,1995924
2019-01-07 00:00:00+05:30,305.52,306.98,301.8,304.33,536143
2019-01-08 00:00:00+05:30,304.33,306.54,303.06,304.28,535619
2019-01-09 00:00:00+05:30,304.43,305.04,300.91,303.13,646499
2019-01-10 00:00:00+05:30,302.24,304.87,302.24,304.04,471152
2019-01-11 00:00:00+05:30,304.06,304.59,301.61,303.39,389673
2019-01-14 00:00:00+05:30,303.02,303.06,300.69,301.35,557509
2019-01-15 00:00:00+05:30,302.63,303.93,300.91,302.35,428161
2019-01-16 00:00:00+05:30,302.24,305.39,301.39,302.15,547504
2019-01-17 00:00:00+05:30,303.5,303.5,300.04,301.37,474130
2019-01-18 00:00:00+05:30,300.54,302.56,298.09,301.63,426114
2019-01-21 00:00:00+05:30,301.72,303.37,298.06,299.17,543714
2019-01-22 00:00:00+05:30,300.46,301.76,294.59,299.26,715729
2019-01-23 00:00:00+05:30,299.15,301.11,295.11,296.22,622300
2019-01-24 00:00:00+05:30,295.78,300.09,294.91,299.67,871752
2019-01-25 00:00:00+05:30,298.28,301.76,295.41,296.74,1125949
2019-01-28 00:00:00+05:30,295.72,298.11,285.58,287.61,1277005
2019-01-29 00:00:00+05:30,286.45,291.76,285.37,290.06,915870
2019-01-30 00:00:00+05:30,291.76,296.93,289.59,295.8,582398
2019-01-31 00:00:00+05:30,294.63,298.26,292.11,293.19,961115
2019-02-01 00:00:00+05:30,294.8,295.24,287.85,290.45,917333
2019-02-04 00:00:00+05:30,289.0,290.74,284.8,285.82,962784
2019-02-05 00:00:00+05:30,285.82,288.85,278.78,280.76,1461799
2019-02-06 00:00:00+05:30,269.58,275.15,254.95,258.45,12543619
2019-02-07 00:00:00+05:30,258.28,262.08,256.06,260.06,4017436
2019-02-08 00:00:00+05:30,259.41,263.06,256.95,258.39,2266332
2019-02-11 00:00:00+05:30,257.84,259.91,252.19,254.39,2544112
2019-02-12 00:00:00+05:30,253.5,254.89,246.3,247.41,1927375
2019-02-13 00:00:00+05:30,247.76,252.47,244.19,245.67,1376696
2019-02-14 00:00:00+05:30,245.1,247.6,241.1,246.36,1073131
2019-02-15 00:00:00+05:30,245.76,245.76,239.19,241.39,1312491
2019-02-18 00:00:00+05:30,241.76,244.34,239.58,241.26,1398269
2019-02-19 00:00:00+05:30,241.99,249.0,241.76,246.13,1631548
2019-02-20 00:00:00+05:30,247.65,248.71,244.52,245.69,628095
2019-02-21 00:00:00+05:30,247.6,248.93,245.17,246.04,777104
2019-02-22 00:00:00+05:30,245.02,247.41,242.63,245.58,960836
2019-02-25 00:00:00+05:30,246.89,247.91,244.39,246.34,1307135
2019-02-26 00:00:00+05:30,244.8,246.3,241.76,242.65,1912863
2019-02-27 00:00:00+05:30,243.5,245.45,239.32,241.73,1379249
2019-02-28 00:00:00+05:30,242.41,244.17,241.17,241.91,1984585
2019-03-01 00:00:00+05:30,243.47,247.15,243.06,245.47,2428724
2019-03-05 00:00:00+05:30,246.1,253.28,245.73,251.87,5742089
2019-03-06 00:00:00+05:30,255.67,255.67,250.23,250.89,3073409
2019-03-07 00:00:00+05:30,250.02,254.32,247.41,252.41,5317435
2019-03-08 00:00:00+05:30,256.52,257.41,249.15,251.28,4451292
2019-03-11 00:00:00+05:30,252.23,256.54,252.19,255.91,3493371
2019-03-12 00:00:00+05:30,258.45,258.71,253.06,253.76,2310169
2019-03-13 00:00:00+05:30,253.5,256.15,250.6,251.58,1776312
2019-03-14 00:00:00+05:30,252.19,253.93,247.43,251.28,1940272
2019-03-15 00:00:00+05:30,252.19,255.84,250.73,254.69,1663061
2019-03-18 00:00:00+05:30,254.8,260.0,252.71,256.43,2471623
2019-03-19 00:00:00+05:30,259.54,259.54,255.34,257.34,1455997
2019-03-20 00:00:00+05:30,257.8,258.39,253.65,254.5,818826
2019-03-22 00:00:00+05:30,254.78,255.67,250.08,252.69,1322468
2019-03-25 00:00:00+05:30,252.5,252.84,248.17,249.89,1156507
2019-03-26 00:00:00+05:30,251.1,254.37,248.93,253.47,1321173
2019-03-27 00:00:00+05:30,254.08,254.37,250.89,253.71,2243584
2019-03-28 00:00:00+05:30,253.93,256.28,251.41,255.34,1383715
2019-03-29 00:00:00+05:30,256.76,258.58,251.84,256.02,3391141
2019-04-01 00:00:00+05:30,258.26,260.45,253.32,253.97,1554126
2019-04-02 00:00:00+05:30,253.56,260.37,253.56,258.91,1803558
2019-04-03 00:00:00+05:30,260.8,262.58,256.0,256.95,2202307
2019-04-04 00:00:00+05:30,256.6,264.37,255.76,262.97,2661792
2019-04-05 00:00:00+05:30,264.8,266.11,261.45,263.91,2161659
2019-04-08 00:00:00+05:30,264.58,266.97,261.76,266.08,1898431
2019-04-09 00:00:00+05:30,266.08,266.21,262.63,264.63,942661
2019-04-10 00:00:00+05:30,263.13,267.26,261.17,265.8,1459759
2019-04-11 00:00:00+05:30,265.24,266.91,262.52,263.37,809606
2019-04-12 00:00:00+05:30,262.26,265.67,261.34,264.11,986698
2019-04-15 00:00:00+05:30,264.17,267.63,262.8,265.56,758616
2019-04-16 00:00:00+05:30,265.84,269.32,265.24,266.21,863256
2019-04-18 00:00:00+05:30,266.21,266.21,256.84,259.89,1656653
2019-04-22 00:00:00+05:30,259.58,259.58,253.95,255.52,984182
2019-04-23 00:00:00+05:30,255.23,256.41,252.67,254.0,1437895
2019-04-24 00:00:00+05:30,254.32,255.19,250.37,253.39,1495823
2019-04-25 00:00:00+05:30,253.06,253.54,248.15,248.8,1946282
2019-04-26 00:00:00+05:30,249.58,253.15,248.93,252.37,1169805
2019-04-30 00:00:00+05:30,253.5,253.76,245.39,250.95,1101814
2019-05-02 00:00:00+05:30,249.58,254.5,247.86,250.67,879367
2019-05-03 00:00:00+05:30,250.02,251.23,240.15,241.97,4516994
2019-05-06 00:00:00+05:30,244.36,265.41,244.26,263.15,14987833
2019-05-07 00:00:00+05:30,262.63,265.8,257.43,259.15,3502915
2019-05-08 00:00:00+05:30,258.3,261.32,254.04,256.65,1331253
2019-05-09 00:00:00+05:30,256.1,259.37,254.39,256.1,864225
2019-05-10 00:00:00+05:30,256.43,258.56,256.1,256.54,767079
2019-05-13 00:00:00+05:30,256.95,257.65,247.91,249.97,1370723
2019-05-14 00:00:00+05:30,250.02,252.84,245.89,249.63,1194811
2019-05-15 00:00:00+05:30,251.58,251.58,241.45,242.1,1099848
2019-05-16 00:00:00+05:30,244.36,264.34,240.47,262.45,21041722
2019-05-17 00:00:00+05:30,262.63,271.41,261.1,269.48,7846446
2019-05-20 00:00:00+05:30,272.24,276.11,263.93,265.0,4574147
2019-05-21 00:00:00+05:30,265.84,269.17,260.52,268.02,3772873
2019-05-22 00:00:00+05:30,268.06,273.91,268.04,270.67,2480521
2019-05-23 00:00:00+05:30,271.98,274.67,265.67,268.0,1388193
2019-05-24 00:00:00+05:30,268.28,273.84,268.28,273.21,1149488
2019-05-27 00:00:00+05:30,273.5,277.15,272.58,276.48,1609281
2019-05-28 00:00:00+05:30,276.98,282.04,274.41,280.63,1679088
2019-05-29 00:00:00+05:30,281.67,282.58,275.04,276.17,1023500
2019-05-30 00:00:00+05:30,276.54,278.52,273.5,275.26,1421833
2019-05-31 00:00:00+05:30,275.98,277.63,273.3,274.41,2068196
2019-06-03 00:00:00+05:30,274.8,279.48,273.5,274.21,1254149
2019-06-04 00:00:00+05:30,275.24,280.45,271.89,274.35,2459224
2019-06-06 00:00:00+05:30,272.34,275.0,269.26,271.32,1340779
2019-06-07 00:00:00+05:30,270.02,274.17,270.02,273.3,770134
2019-06-10 00:00:00+05:30,273.63,275.82,270.87,272.74,755569
2019-06-11 00:00:00+05:30,272.19,278.71,270.58,276.89,910313
2019-06-12 00:00:00+05:30,276.52,276.89,271.76,272.76,1115183
2019-06-13 00:00:00+05:30,273.02,275.8,271.32,274.52,885935
2019-06-14 00:00:00+05:30,273.06,277.39,271.87,273.06,984276
2019-06-17 00:00:00+05:30,272.71,274.45,269.58,270.48,1100200
2019-06-18 00:00:00+05:30,270.45,272.43,268.76,270.24,649472
2019-06-19 00:00:00+05:30,270.93,271.98,263.0,265.24,1565120
2019-06-20 00:00:00+05:30,263.08,269.69,259.84,267.89,1699212
2019-06-21 00:00:00+05:30,266.15,267.15,260.5,264.17,1558814
2019-06-24 00:00:00+05:30,264.19,267.84,263.71,265.84,1351947
2019-06-25 00:00:00+05:30,264.17,270.34,261.5,267.76,2181666
2019-06-26 00:00:00+05:30,267.41,280.17,266.15,273.24,2781400
2019-06-27 00:00:00+05:30,274.58,280.45,272.65,278.85,1399435
2019-06-28 00:00:00+05:30,275.24,275.24,268.13,272.45,2902521
2019-07-01 00:00:00+05:30,271.28,272.48,268.28,269.45,917468
2019-07-02 00:00:00+05:30,269.58,272.34,268.87,270.19,758225
2019-07-03 00:00:00+05:30,270.8,273.93,266.61,267.95,1493491
2019-07-04 00:00:00+05:30,268.89,270.89,268.17,268.69,771684
2019-07-05 00:00:00+05:30,269.54,269.91,261.37,263.32,652584
2019-07-08 00:00:00+05:30,261.76,263.32,255.97,257.41,883157
2019-07-09 00:00:00+05:30,257.41,260.1,255.74,258.19,1155474
2019-07-10 00:00:00+05:30,260.1,261.3,256.1,258.56,1416338
2019-07-11 00:00:00+05:30,258.71,260.89,257.41,259.3,454126
2019-07-12 00:00:00+05:30,259.13,262.26,257.63,260.82,930768
2019-07-15 00:00:00+05:30,262.11,265.24,257.08,258.54,3307829
2019-07-16 00:00:00+05:30,259.39,264.37,256.15,263.78,1093443
2019-07-17 00:00:00+05:30,264.37,267.78,262.87,265.43,1167300
2019-07-18 00:00:00+05:30,265.67,267.84,260.6,262.06,711929
2019-07-19 00:00:00+05:30,264.17,264.8,256.54,257.69,893490
2019-07-22 00:00:00+05:30,257.69,261.54,256.54,260.17,614391
2019-07-23 00:00:00+05:30,260.17,262.5,257.63,259.06,451806
2019-07-24 00:00:00+05:30,259.06,260.0,257.43,258.0,515599
2019-07-25 00:00:00+05:30,257.63,261.45,257.63,260.06,895307
2019-07-26 00:00:00+05:30,259.17,261.1,257.58,258.52,645181
2019-07-29 00:00:00+05:30,260.02,260.02,249.76,251.6,1981269
2019-07-30 00:00:00+05:30,249.6,251.76,245.67,248.8,4016596
2019-07-31 00:00:00+05:30,246.84,253.19,244.63,250.78,1261860
2019-08-01 00:00:00+05:30,250.87,253.06,244.86,246.39,1008981
2019-08-02 00:00:00+05:30,244.0,247.8,240.45,244.67,3322221
2019-08-05 00:00:00+05:30,244.67,246.17,238.06,243.39,1135521
2019-08-06 00:00:00+05:30,241.32,249.1,241.32,247.89,883978
2019-08-07 00:00:00+05:30,249.13,249.13,243.54,245.43,1177065
2019-08-08 00:00:00+05:30,244.58,247.06,240.49,245.45,1242712
2019-08-09 00:00:00+05:30,253.41,261.76,245.41,246.69,7684915
2019-08-13 00:00:00+05:30,247.84,247.91,236.1,240.52,2919604
2019-08-14 00:00:00+05:30,239.15,249.0,239.15,244.69,2699829
2019-08-16 00:00:00+05:30,241.76,243.47,238.58,241.71,1442538
2019-08-19 00:00:00+05:30,240.89,245.39,237.58,243.5,1618699
2019-08-20 00:00:00+05:30,243.65,245.82,240.73,245.08,1083565
2019-08-21 00:00:00+05:30,244.36,244.71,240.8,241.91,2529830
2019-08-22 00:00:00+05:30,241.91,241.91,236.71,239.39,1096042
2019-08-23 00:00:00+05:30,238.08,242.19,236.1,240.56,1291715
2019-08-26 00:00:00+05:30,240.89,244.36,238.19,242.26,1512895
2019-08-27 00:00:00+05:30,242.26,244.8,240.3,243.36,1343123
2019-08-28 00:00:00+05:30,243.93,246.97,242.89,245.67,1511501
2019-08-29 00:00:00+05:30,244.8,250.19,242.34,248.02,2163525
2019-08-30 00:00:00+05:30,250.02,256.08,246.19,254.06,1836989
2019-09-03 00:00:00+05:30,251.67,253.5,250.13,252.1,1169867
2019-09-04 00:00:00+05:30,250.89,254.87,247.23,249.37,1796357
2019-09-05 00:00:00+05:30,249.15,254.34,249.04,251.71,629409
2019-09-06 00:00:00+05:30,251.32,253.39,250.02,251.95,405880
2019-09-09 00:00:00+05:30,251.54,257.63,251.0,255.58,1401780
2019-09-11 00:00:00+05:30,256.1,258.52,254.91,257.39,638866
2019-09-12 00:00:00+05:30,257.19,258.28,254.15,255.17,2362167
2019-09-13 00:00:00+05:30,256.45,259.82,254.54,259.37,680693
2019-09-16 00:00:00+05:30,256.69,261.19,254.67,255.8,948456
2019-09-17 00:00:00+05:30,255.8,256.17,249.91,250.67,701030
2019-09-18 00:00:00+05:30,250.76,254.58,249.69,253.0,544662
2019-09-19 00:00:00+05:30,251.76,253.39,246.3,247.06,925568
2019-09-20 00:00:00+05:30,247.84,259.47,243.95,256.74,1664498
2019-09-23 00:00:00+05:30,260.87,266.41,257.32,263.5,1465732
2019-09-24 00:00:00+05:30,271.5,271.5,262.41,264.0,2187130
2019-09-25 00:00:00+05:30,262.54,263.69,257.43,261.39,1056002
2019-09-26 00:00:00+05:30,262.19,265.34,260.97,263.67,1022419
2019-09-27 00:00:00+05:30,262.37,265.69,258.71,259.37,861851
2019-09-30 00:00:00+05:30,258.8,259.37,254.37,256.08,1282798
2019-10-01 00:00:00+05:30,257.04,260.74,250.5,253.19,1124656
2019-10-03 00:00:00+05:30,253.1,256.37,250.34,254.47,718990
2019-10-04 00:00:00+05:30,253.1,253.93,250.02,250.82,1487751
2019-10-07 00:00:00+05:30,250.82,252.13,247.02,250.91,913453
2019-10-09 00:00:00+05:30,251.67,256.97,250.45,255.82,521029
2019-10-10 00:00:00+05:30,255.89,257.24,250.67,251.69,710922
2019-10-11 00:00:00+05:30,253.04,258.93,251.84,258.13,1149692
2019-10-14 00:00:00+05:30,258.15,260.24,255.52,256.54,603315
2019-10-15 00:00:00+05:30,258.15,258.15,253.37,255.76,604060
2019-10-16 00:00:00+05:30,257.15,260.45,254.45,258.43,955363
2019-10-17 00:00:00+05:30,259.15,264.3,257.28,263.56,1015508
2019-10-18 00:00:00+05:30,263.93,269.11,263.56,266.76,1846505
2019-10-22 00:00:00+05:30,266.54,272.45,266.54,267.82,890602
2019-10-23 00:00:00+05:30,269.5,269.87,264.02,265.37,475867
2019-10-24 00:00:00+05:30,266.11,270.02,264.08,266.3,1392708
2019-10-25 00:00:00+05:30,267.84,268.21,263.71,265.08,563279
2019-10-27 00:00:00+05:30,265.19,268.19,265.17,267.28,113575
2019-10-29 00:00:00+05:30,267.3,274.24,265.54,270.74,2001885
2019-10-30 00:00:00+05:30,275.24,276.85,263.97,267.11,3989313
2019-10-31 00:00:00+05:30,268.39,274.87,264.52,272.54,3710789
2019-11-01 00:00:00+05:30,274.37,280.39,273.08,276.0,2781207
2019-11-04 00:00:00+05:30,277.71,279.98,275.74,276.48,1599737
2019-11-05 00:00:00+05:30,277.85,281.32,273.37,276.91,2184308
2019-11-06 00:00:00+05:30,276.98,282.98,276.11,279.82,1343077
2019-11-07 00:00:00+05:30,280.02,281.67,279.19,279.93,750769
2019-11-08 00:00:00+05:30,280.45,280.87,273.04,274.61,643284
2019-11-11 00:00:00+05:30,273.45,277.21,273.06,275.76,1036205
2019-11-13 00:00:00+05:30,276.5,279.08,273.65,274.93,1648427
2019-11-14 00:00:00+05:30,273.19,276.54,271.58,274.54,749775
2019-11-15 00:00:00+05:30,275.13,278.69,274.8,277.91,1054730
2019-11-18 00:00:00+05:30,279.19,282.37,279.15,280.69,944409
2019-11-19 00:00:00+05:30,282.19,289.45,279.41,280.65,2376476
2019-11-20 00:00:00+05:30,280.89,284.5,278.89,281.74,1316776
2019-11-21 00:00:00+05:30,282.19,282.78,277.0,277.78,1019554
2019-11-22 00:00:00+05:30,277.82,280.41,275.3,278.52,1048072
2019-11-25 00:00:00+05:30,278.52,288.5,277.41,287.69,2328649
2019-11-26 00:00:00+05:30,287.67,289.78,282.76,285.19,1162555
2019-11-27 00:00:00+05:30,285.24,289.54,284.65,286.89,1592065
2019-11-28 00:00:00+05:30,286.11,292.45,285.26,291.85,970873
2019-11-29 00:00:00+05:30,291.85,296.48,290.41,294.32,1967187
2019-12-02 00:00:00+05:30,294.32,297.82,287.98,289.98,1234009
2019-12-03 00:00:00+05:30,290.85,290.89,285.72,287.24,402161
2019-12-04 00:00:00+05:30,287.41,290.22,285.11,289.39,349288
2019-12-05 00:00:00+05:30,290.02,293.5,287.89,289.54,1355468
2019-12-06 00:00:00+05:30,290.02,291.11,286.04,288.65,957575
2019-12-09 00:00:00+05:30,289.59,291.28,285.52,288.11,797412
2019-12-10 00:00:00+05:30,288.06,288.61,282.19,283.13,782769
2019-12-11 00:00:00+05:30,282.63,284.95,279.43,282.43,999904
2019-12-12 00:00:00+05:30,282.67,287.48,282.67,286.8,1632045
2019-12-13 00:00:00+05:30,288.24,294.35,286.11,289.87,2630137
2019-12-16 00:00:00+05:30,289.17,293.06,283.69,284.37,593775
2019-12-17 00:00:00+05:30,285.65,288.3,284.13,284.67,1024875
2019-12-18 00:00:00+05:30,285.67,287.5,276.48,280.08,2013287
2019-12-19 00:00:00+05:30,278.71,283.91,277.35,282.3,1199470
2019-12-20 00:00:00+05:30,283.54,290.02,282.0,282.52,2361401
2019-12-23 00:00:00+05:30,283.5,292.78,283.5,290.41,4258772
2019-12-24 00:00:00+05:30,292.5,297.72,289.59,296.89,5379522
2019-12-26 00:00:00+05:30,298.13,300.89,289.19,290.72,4901343
2019-12-27 00:00:00+05:30,292.19,294.37,286.98,290.24,1955233
2019-12-30 00:00:00+05:30,291.67,292.09,287.13,289.39,1555552
2019-12-31 00:00:00+05:30,290.02,294.85,288.65,290.06,2129892
2020-01-01 00:00:00+05:30,290.69,292.8,288.39,291.91,1195020
2020-01-02 00:00:00+05:30,292.28,293.59,290.26,292.54,1331497
2020-01-03 00:00:00+05:30,292.54,294.24,289.61,291.35,955687
2020-01-06 00:00:00+05:30,289.59,289.59,285.26,286.87,943799
2020-01-07 00:00:00+05:30,287.41,292.63,287.41,289.72,1404616
2020-01-08 00:00:00+05:30,287.02,291.24,286.22,289.17,907469
2020-01-09 00:00:00+05:30,290.41,295.28,290.09,293.78,1651559
2020-01-10 00:00:00+05:30,293.54,301.76,293.54,299.89,3583198
2020-01-13 00:00:00+05:30,302.19,306.85,300.91,306.39,2578285
2020-01-14 00:00:00+05:30,307.85,319.13,307.41,315.93,6936581
2020-01-15 00:00:00+05:30,316.15,320.65,313.22,317.41,2525984
2020-01-16 00:00:00+05:30,318.28,321.98,314.78,320.85,2442767
2020-01-17 00:00:00+05:30,320.85,326.24,319.2,324.96,2880088
2020-01-20 00:00:00+05:30,324.72,326.85,320.61,324.5,2030067
2020-01-21 00:00:00+05:30,322.2,328.59,322.2,325.87,1838270
2020-01-22 00:00:00+05:30,326.22,330.24,324.41,325.39,1753642
2020-01-23 00:00:00+05:30,325.39,330.87,325.24,329.78,1313648
2020-01-24 00:00:00+05:30,330.35,331.33,327.65,328.46,883129
2020-01-27 00:00:00+05:30,327.85,330.02,324.37,325.96,1169168
2020-01-28 00:00:00+05:30,325.24,329.33,324.78,325.65,939873
2020-01-29 00:00:00+05:30,326.54,335.31,326.54,329.39,2040157
2020-01-30 00:00:00+05:30,330.74,332.07,327.85,329.54,1206409
2020-01-31 00:00:00+05:30,330.89,331.46,325.24,326.63,1192125
2020-02-01 00:00:00+05:30,326.33,329.52,319.59,322.07,953153
2020-02-03 00:00:00+05:30,322.07,327.41,312.8,322.44,4293930
2020-02-04 00:00:00+05:30,326.11,327.02,316.98,319.96,1610900
2020-02-05 00:00:00+05:30,321.76,331.33,317.87,326.31,4381517
2020-02-06 00:00:00+05:30,327.81,328.94,324.61,327.48,1885800
2020-02-07 00:00:00+05:30,328.24,334.65,326.89,332.11,3570563
2020-02-10 00:00:00+05:30,333.41,333.41,328.13,331.09,811223
2020-02-11 00:00:00+05:30,332.7,339.07,328.76,329.7,2596235
2020-02-12 00:00:00+05:30,330.48,332.18,328.54,329.0,839304
2020-02-13 00:00:00+05:30,328.74,331.87,327.41,330.78,978764
2020-02-14 00:00:00+05:30,329.17,334.81,329.17,333.35,2702826
2020-02-17 00:00:00+05:30,334.37,336.11,325.89,327.28,1428810
2020-02-18 00:00:00+05:30,328.28,329.15,323.11,325.94,1318841
2020-02-19 00:00:00+05:30,328.28,333.94,325.37,332.52,1708066
2020-02-20 00:00:00+05:30,330.89,338.5,330.5,332.04,1754983
2020-02-24 00:00:00+05:30,330.89,334.72,325.04,326.02,932689
2020-02-25 00:00:00+05:30,327.02,327.98,321.91,325.94,6390047
2020-02-26 00:00:00+05:30,326.54,326.98,320.02,323.48,5931534
2020-02-27 00:00:00+05:30,325.24,325.46,315.35,318.2,4517224
2020-02-28 00:00:00+05:30,310.24,313.26,304.85,310.46,4201957
2020-03-02 00:00:00+05:30,312.72,316.91,303.35,306.8,5476014
2020-03-03 00:00:00+05:30,308.24,318.72,305.28,315.0,5519858
2020-03-04 00:00:00+05:30,315.0,339.7,304.4,314.95,4791542
2020-03-05 00:00:00+05:30,317.0,323.0,311.4,314.95,2529553
2020-03-06 00:00:00+05:30,309.95,312.0,298.3,310.35,1061298
2020-03-09 00:00:00+05:30,305.0,310.0,294.0,298.25,1379645
2020-03-11 00:00:00+05:30,298.5,304.35,291.0,295.45,1442173
2020-03-12 00:00:00+05:30,289.5,289.5,258.3,265.85,1756140
2020-03-13 00:00:00+05:30,250.0,283.4,235.0,275.85,2398875
2020-03-16 00:00:00+05:30,250.0,265.5,249.0,252.05,1466400
2020-03-17 00:00:00+05:30,251.1,252.65,235.0,238.4,980014
2020-03-18 00:00:00+05:30,243.1,243.1,223.0,226.75,1057890
2020-03-19 00:00:00+05:30,225.0,232.0,210.3,223.1,1572998
2020-03-20 00:00:00+05:30,224.0,236.0,221.15,228.95,1559193
2020-03-23 00:00:00+05:30,216.0,231.0,197.0,200.7,1115235
2020-03-24 00:00:00+05:30,212.05,218.5,197.0,200.75,2011624
2020-03-25 00:00:00+05:30,201.7,213.8,200.5,210.95,984315
2020-03-26 00:00:00+05:30,212.65,234.35,212.65,225.1,1635008
2020-03-27 00:00:00+05:30,239.5,242.9,222.0,224.5,1212347
2020-03-30 00:00:00+05:30,224.75,225.75,218.0,223.0,824243
2020-03-31 00:00:00+05:30,230.0,230.0,222.5,223.55,806436
2020-04-01 00:00:00+05:30,227.55,235.3,223.0,224.65,1783621
2020-04-03 00:00:00+05:30,229.0,229.4,216.2,218.55,1474934
2020-04-07 00:00:00+05:30,222.85,234.4,222.2,229.8,2137244
2020-04-08 00:00:00+05:30,227.0,239.9,225.55,228.6,1510243
2020-04-09 00:00:00+05:30,237.3,239.45,230.7,233.1,1426461
2020-04-13 00:00:00+05:30,238.0,247.15,231.55,237.0,2327511
2020-04-15 00:00:00+05:30,242.0,252.0,239.0,240.05,3193041
2020-04-16 00:00:00+05:30,241.4,259.5,240.0,254.4,6163956
2020-04-17 00:00:00+05:30,268.5,268.5,250.0,254.0,2680851
2020-04-20 00:00:00+05:30,260.0,260.5,251.5,256.45,2464492
2020-04-21 00:00:00+05:30,255.95,255.95,246.25,249.4,1465907
2020-04-22 00:00:00+05:30,248.0,251.1,243.0,249.9,1944553
2020-04-23 00:00:00+05:30,253.0,265.0,252.55,263.45,2130846
2020-04-24 00:00:00+05:30,263.4,273.0,255.35,270.05,4175820
2020-04-27 00:00:00+05:30,274.95,282.85,274.0,278.25,2772497
2020-04-28 00:00:00+05:30,285.4,296.6,282.2,285.1,4468935
2020-04-29 00:00:00+05:30,287.0,289.25,282.5,285.05,1552564
2020-04-30 00:00:00+05:30,290.0,290.0,281.0,282.7,1981296
2020-05-04 00:00:00+05:30,279.5,288.7,272.2,281.1,2381558
2020-05-05 00:00:00+05:30,287.4,288.0,276.35,278.25,1011351
2020-05-06 00:00:00+05:30,281.0,295.0,281.0,290.55,5394744
2020-05-07 00:00:00+05:30,293.0,299.0,285.0,286.05,2665427
2020-05-08 00:00:00+05:30,289.0,291.4,284.0,288.85,2452886
2020-05-11 00:00:00+05:30,289.0,293.5,288.0,288.7,870513
2020-05-12 00:00:00+05:30,289.75,292.0,279.8,285.0,1368156
2020-05-13 00:00:00+05:30,298.5,306.0,291.35,299.75,4185344
2020-05-14 00:00:00+05:30,298.65,298.65,290.75,292.7,1151572
2020-05-15 00:00:00+05:30,295.9,300.8,288.3,293.2,1951693
2020-05-18 00:00:00+05:30,294.0,294.0,274.1,276.35,1652566
2020-05-19 00:00:00+05:30,281.0,286.7,278.25,280.35,1422466
2020-05-20 00:00:00+05:30,281.55,290.7,281.25,288.85,1483942
2020-05-21 00:00:00+05:30,290.0,290.2,282.5,283.4,1035214
2020-05-22 00:00:00+05:30,284.0,298.85,282.5,295.0,2854398
2020-05-26 00:00:00+05:30,296.15,301.9,296.15,299.5,1285158
2020-05-27 00:00:00+05:30,300.4,311.65,299.35,310.0,2283084
2020-05-28 00:00:00+05:30,311.95,316.2,301.35,304.1,2471224
2020-05-29 00:00:00+05:30,303.5,308.95,301.0,306.45,1643251
2020-06-01 00:00:00+05:30,308.0,318.8,307.0,308.45,2003701
2020-06-02 00:00:00+05:30,311.85,319.85,310.35,315.5,1847006
2020-06-03 00:00:00+05:30,319.7,319.7,311.35,313.85,2210675
2020-06-04 00:00:00+05:30,315.4,317.9,309.5,315.5,1154359
2020-06-05 00:00:00+05:30,316.55,322.7,315.65,318.35,1564617
2020-06-08 00:00:00+05:30,322.0,324.2,314.5,315.55,1786956
2020-06-09 00:00:00+05:30,319.05,319.9,311.0,312.65,1099217
2020-06-10 00:00:00+05:30,314.8,318.2,308.4,311.5,1399424
2020-06-11 00:00:00+05:30,312.8,314.65,304.55,306.5,1839745
2020-06-12 00:00:00+05:30,293.0,313.65,293.0,311.75,1981677
2020-06-15 00:00:00+05:30,313.95,314.8,306.2,307.05,949541
2020-06-16 00:00:00+05:30,314.0,314.8,301.4,305.6,1308544
2020-06-17 00:00:00+05:30,305.0,315.9,304.4,313.5,1591833
2020-06-18 00:00:00+05:30,315.0,319.5,313.5,314.2,1986228
2020-06-19 00:00:00+05:30,317.0,317.05,312.0,314.25,1284180
2020-06-22 00:00:00+05:30,308.95,315.95,306.1,310.75,1736753
2020-06-23 00:00:00+05:30,313.0,315.95,311.1,311.8,1499339
2020-06-24 00:00:00+05:30,315.9,319.2,311.95,313.25,1719377
2020-06-25 00:00:00+05:30,312.95,318.2,309.9,317.3,1167321
2020-06-26 00:00:00+05:30,319.5,322.9,314.15,315.2,1167005
2020-06-29 00:00:00+05:30,315.0,316.55,309.05,312.05,618194
2020-06-30 00:00:00+05:30,314.2,315.5,309.0,310.05,486105
2020-07-01 00:00:00+05:30,314.0,314.0,307.4,308.35,815746
2020-07-02 00:00:00+05:30,309.45,312.5,308.0,309.3,833257
2020-07-03 00:00:00+05:30,311.5,313.25,306.95,308.5,656749
2020-07-06 00:00:00+05:30,312.0,313.65,308.8,309.9,986731
2020-07-07 00:00:00+05:30,312.25,321.0,309.55,311.7,4898897
2020-07-08 00:00:00+05:30,319.95,319.95,311.25,312.5,4951635
2020-07-09 00:00:00+05:30,313.0,316.0,306.2,307.1,3272247
2020-07-10 00:00:00+05:30,307.0,307.0,299.0,299.6,2997165
2020-07-13 00:00:00+05:30,301.7,303.5,297.6,298.35,1804452
2020-07-14 00:00:00+05:30,298.0,307.0,295.0,305.65,2451207
2020-07-15 00:00:00+05:30,306.7,307.8,295.1,296.15,1745100
2020-07-16 00:00:00+05:30,295.0,299.95,289.25,298.45,2216406
2020-07-17 00:00:00+05:30,298.5,303.25,298.2,299.9,1219753
2020-07-20 00:00:00+05:30,303.0,307.1,300.7,306.3,2269740
2020-07-21 00:00:00+05:30,309.5,309.5,300.85,301.55,1351562
2020-07-22 00:00:00+05:30,302.0,306.5,301.5,303.8,1249672
2020-07-23 00:00:00+05:30,304.0,308.9,301.75,307.25,1664957
2020-07-24 00:00:00+05:30,306.0,310.35,300.75,301.55,1419318
2020-07-27 00:00:00+05:30,301.0,305.2,297.1,298.3,1469377
2020-07-28 00:00:00+05:30,298.2,302.5,298.2,299.65,1371819
2020-07-29 00:00:00+05:30,300.85,314.8,299.65,312.4,3854859
2020-07-30 00:00:00+05:30,315.0,315.0,307.75,310.05,1958399
2020-07-31 00:00:00+05:30,311.25,311.25,303.65,305.7,1441401
2020-08-03 00:00:00+05:30,301.0,301.75,293.25,298.05,1809465
2020-08-04 00:00:00+05:30,298.05,302.95,296.0,296.7,926366
2020-08-05 00:00:00+05:30,297.9,300.75,295.5,296.95,912129
2020-08-06 00:00:00+05:30,298.0,298.95,294.4,296.15,1164675
2020-08-07 00:00:00+05:30,297.05,304.5,296.15,300.85,1758219
2020-08-10 00:00:00+05:30,303.3,305.0,299.1,301.15,1366678
2020-08-11 00:00:00+05:30,302.2,302.6,295.8,297.05,1292967
2020-08-12 00:00:00+05:30,295.0,297.45,292.55,295.9,940734
2020-08-13 00:00:00+05:30,299.5,300.9,295.7,296.0,1026952
2020-08-14 00:00:00+05:30,298.0,300.5,293.2,295.0,1093691
2020-08-17 00:00:00+05:30,298.5,298.65,291.5,292.1,1305171
2020-08-18 00:00:00+05:30,294.5,297.35,293.35,296.1,1435708
2020-08-19 00:00:00+05:30,298.2,314.0,296.4,311.05,6391301
2020-08-20 00:00:00+05:30,314.5,321.9,314.05,317.3,9029579
2020-08-21 00:00:00+05:30,321.35,321.35,314.25,315.35,2838219
2020-08-24 00:00:00+05:30,319.9,334.4,316.0,324.1,11679599
2020-08-25 00:00:00+05:30,334.0,345.9,329.2,333.85,13594386
2020-08-26 00:00:00+05:30,337.2,339.65,330.2,334.5,4591174
2020-08-27 00:00:00+05:30,335.0,336.55,328.25,329.25,2475119
2020-08-28 00:00:00+05:30,332.5,336.4,326.55,327.9,3256438
2020-08-31 00:00:00+05:30,333.0,333.0,308.75,312.5,3365944
2020-09-01 00:00:00+05:30,313.15,317.05,297.75,310.1,4335965
2020-09-02 00:00:00+05:30,310.55,316.0,307.2,311.5,2372727
2020-09-03 00:00:00+05:30,314.0,317.9,310.25,312.85,2733912
2020-09-07 00:00:00+05:30,303.5,307.0,294.85,296.9,3307148
2020-09-08 00:00:00+05:30,300.0,300.0,287.15,289.3,4788679
2020-09-09 00:00:00+05:30,287.0,289.45,281.7,287.35,1956047
2020-09-10 00:00:00+05:30,289.0,293.4,285.0,288.8,2161794
2020-09-11 00:00:00+05:30,289.2,294.8,287.8,293.05,1976097
2020-09-14 00:00:00+05:30,294.85,307.65,294.15,303.8,4542530
2020-09-15 00:00:00+05:30,304.25,312.9,304.25,306.1,4303284
2020-09-16 00:00:00+05:30,306.15,307.15,296.2,301.7,2412037
2020-09-17 00:00:00+05:30,300.65,302.3,295.4,298.65,1292118
2020-09-18 00:00:00+05:30,300.1,303.0,288.4,290.3,3220880
2020-09-21 00:00:00+05:30,291.7,295.0,285.1,286.7,3941998
2020-09-22 00:00:00+05:30,287.4,290.35,273.45,279.45,1912625
2020-09-23 00:00:00+05:30,282.5,300.75,276.1,293.55,5567602
2020-09-24 00:00:00+05:30,298.4,300.9,276.9,278.8,7542878
2020-09-25 00:00:00+05:30,281.15,293.1,281.15,290.7,2954970
2020-09-28 00:00:00+05:30,295.25,300.65,292.55,297.4,2079581
2020-09-29 00:00:00+05:30,298.9,306.95,297.0,299.95,3884925
2020-09-30 00:00:00+05:30,301.95,302.0,296.1,299.5,2821196
2020-10-01 00:00:00+05:30,302.5,305.6,300.5,301.6,1583975
2020-10-05 00:00:00+05:30,301.6,310.6,299.2,308.05,2588974
2020-10-06 00:00:00+05:30,310.0,311.3,303.2,304.25,2024556
2020-10-07 00:00:00+05:30,305.8,305.8,298.5,300.95,1171809
2020-10-08 00:00:00+05:30,301.45,305.0,299.75,301.8,1234452
2020-10-09 00:00:00+05:30,302.95,304.85,300.0,301.55,974040
2020-10-12 00:00:00+05:30,302.75,303.7,298.95,300.55,970637
2020-10-13 00:00:00+05:30,299.95,308.65,299.4,307.45,3491360
2020-10-14 00:00:00+05:30,309.0,319.4,309.0,318.05,10683538
2020-10-15 00:00:00+05:30,319.0,323.5,312.35,318.45,6790951
2020-10-16 00:00:00+05:30,315.8,321.0,314.8,319.65,2243807
2020-10-19 00:00:00+05:30,322.0,326.0,316.8,318.2,2749105
2020-10-20 00:00:00+05:30,315.05,323.55,314.75,321.15,2772348
2020-10-21 00:00:00+05:30,322.5,323.65,318.0,321.45,1636301
2020-10-22 00:00:00+05:30,321.5,326.0,317.5,323.95,2734398
2020-10-23 00:00:00+05:30,323.8,325.5,320.95,321.9,997430
2020-10-26 00:00:00+05:30,321.3,322.95,317.5,320.15,1634008
2020-10-27 00:00:00+05:30,320.0,325.6,317.75,323.15,2062617
2020-10-28 00:00:00+05:30,323.15,325.25,318.6,322.5,1256044
2020-10-29 00:00:00+05:30,319.0,331.45,318.5,326.05,2699835
2020-10-30 00:00:00+05:30,313.05,325.85,312.6,322.35,4790336
2020-11-02 00:00:00+05:30,319.95,324.0,311.45,313.5,2854566
2020-11-03 00:00:00+05:30,315.5,315.7,305.65,310.15,1520147
2020-11-04 00:00:00+05:30,311.6,312.2,303.0,306.0,1350035
2020-11-05 00:00:00+05:30,308.6,314.65,307.0,313.25,1017418
2020-11-06 00:00:00+05:30,313.5,320.0,311.5,317.6,1259253
2020-11-09 00:00:00+05:30,318.0,320.45,313.95,317.7,948495
2020-11-10 00:00:00+05:30,318.7,320.0,313.65,314.65,871806
2020-11-11 00:00:00+05:30,316.0,320.45,312.5,318.05,1690872
2020-11-12 00:00:00+05:30,319.65,327.0,318.3,325.25,1858691
2020-11-13 00:00:00+05:30,326.55,328.7,322.55,324.5,1267172
2020-11-17 00:00:00+05:30,324.0,326.7,318.1,322.1,1507783
2020-11-18 00:00:00+05:30,322.9,332.7,321.1,327.4,2775112
2020-11-19 00:00:00+05:30,327.95,359.5,325.0,353.05,13618212
2020-11-20 00:00:00+05:30,360.0,368.85,351.05,356.35,9266501
2020-11-23 00:00:00+05:30,359.2,362.95,351.1,358.45,2968976
2020-11-24 00:00:00+05:30,361.0,374.35,358.35,367.4,5309131
2020-11-25 00:00:00+05:30,373.0,376.9,363.1,368.05,4214218
2020-11-26 00:00:00+05:30,370.1,385.0,365.4,383.3,4880589
2020-11-27 00:00:00+05:30,386.05,396.95,381.3,392.1,6115382
2020-12-01 00:00:00+05:30,392.4,408.45,386.95,404.95,5161307
2020-12-02 00:00:00+05:30,408.55,430.0,404.0,427.35,12177480
2020-12-03 00:00:00+05:30,440.0,464.85,435.35,455.4,23888385
2020-12-04 00:00:00+05:30,459.95,495.5,450.3,490.9,23777698
2020-12-07 00:00:00+05:30,505.25,527.0,498.1,509.05,31264646
2020-12-08 00:00:00+05:30,514.45,521.8,501.5,510.45,17221399
2020-12-09 00:00:00+05:30,514.5,516.2,507.05,510.65,6313120
2020-12-10 00:00:00+05:30,511.95,514.0,502.25,511.1,5583730
2020-12-11 00:00:00+05:30,511.55,514.0,504.3,508.15,5031540
2020-12-14 00:00:00+05:30,510.0,513.45,506.2,509.5,3385649
2020-12-15 00:00:00+05:30,510.2,511.0,501.2,503.65,3819810
2020-12-16 00:00:00+05:30,504.7,505.7,494.25,498.2,4084107
2020-12-17 00:00:00+05:30,496.8,505.95,491.5,493.8,2878824
2020-12-18 00:00:00+05:30,493.9,498.95,487.4,489.85,3120905
2020-12-21 00:00:00+05:30,489.9,490.95,440.9,460.8,5748216
2020-12-22 00:00:00+05:30,452.6,478.2,441.3,475.8,7637385
2020-12-23 00:00:00+05:30,476.0,480.65,471.3,474.05,2809018
2020-12-24 00:00:00+05:30,478.55,485.4,473.1,476.2,3222301
2020-12-28 00:00:00+05:30,479.0,483.2,474.05,478.25,2364905
2020-12-29 00:00:00+05:30,485.95,501.0,479.05,482.8,10623069
2020-12-30 00:00:00+05:30,485.0,485.1,474.15,479.7,2841869
2020-12-31 00:00:00+05:30,478.7,483.3,475.15,477.4,1830284
2021-01-01 00:00:00+05:30,477.9,482.2,477.05,479.95,1501718
2021-01-04 00:00:00+05:30,484.9,494.4,482.35,489.25,3204613
2021-01-05 00:00:00+05:30,488.0,490.65,482.45,486.55,1724074
2021-01-06 00:00:00+05:30,487.0,504.6,481.7,491.05,7587753
2021-01-07 00:00:00+05:30,494.0,505.5,492.6,498.45,6606598
2021-01-08 00:00:00+05:30,504.9,509.0,496.25,500.0,4156351
2021-01-11 00:00:00+05:30,503.35,504.75,491.05,500.3,2783565
2021-01-12 00:00:00+05:30,500.0,535.0,496.55,525.2,15933036
2021-01-13 00:00:00+05:30,528.9,551.75,528.0,544.9,16660559
2021-01-14 00:00:00+05:30,548.0,554.0,534.1,535.95,5732200
2021-01-15 00:00:00+05:30,539.8,539.95,521.2,533.9,6761149
2021-01-18 00:00:00+05:30,533.9,535.1,503.75,510.45,5625013
2021-01-19 00:00:00+05:30,516.3,531.7,512.4,528.85,5393622
2021-01-20 00:00:00+05:30,529.8,543.0,526.2,536.0,6080701
2021-01-21 00:00:00+05:30,536.7,546.95,523.65,528.6,6349048
2021-01-22 00:00:00+05:30,531.8,537.2,517.0,519.3,3587776
2021-01-25 00:00:00+05:30,524.8,525.6,503.85,507.1,4114428
2021-01-27 00:00:00+05:30,507.95,514.9,489.2,492.85,5429328
2021-01-28 00:00:00+05:30,482.85,495.4,481.0,489.75,3858999
2021-01-29 00:00:00+05:30,504.0,504.65,471.6,475.3,5538531
2021-02-01 00:00:00+05:30,481.5,496.65,466.0,494.05,4352670
2021-02-02 00:00:00+05:30,499.5,523.4,497.85,519.6,4903738
2021-02-03 00:00:00+05:30,522.95,528.0,513.75,517.6,3556781
2021-02-04 00:00:00+05:30,517.6,535.0,513.0,530.05,4373186
2021-02-05 00:00:00+05:30,532.0,534.6,519.0,525.1,2594689
2021-02-08 00:00:00+05:30,529.8,540.0,525.95,535.75,2778729
2021-02-09 00:00:00+05:30,538.5,586.75,534.55,571.95,19307383
2021-02-10 00:00:00+05:30,577.7,577.8,552.6,561.05,7819749
2021-02-11 00:00:00+05:30,561.0,581.0,558.1,563.1,7589325
2021-02-12 00:00:00+05:30,566.0,569.4,554.25,560.95,2988348
2021-02-15 00:00:00+05:30,565.0,584.0,555.7,568.65,6128876
2021-02-16 00:00:00+05:30,572.0,589.9,568.85,584.2,9103219
2021-02-17 00:00:00+05:30,584.0,594.5,575.55,579.0,6045020
2021-02-18 00:00:00+05:30,586.0,599.35,582.2,591.1,7806189
2021-02-19 00:00:00+05:30,590.9,628.65,586.0,618.6,22372608
2021-02-22 00:00:00+05:30,626.0,643.0,616.0,637.15,16013936
2021-02-23 00:00:00+05:30,643.9,659.5,637.2,654.0,13630211
2021-02-24 00:00:00+05:30,658.0,677.0,648.5,672.3,6245003
2021-02-25 00:00:00+05:30,680.0,738.0,675.75,735.0,24767616
2021-02-26 00:00:00+05:30,730.0,757.5,712.5,739.5,27458595
2021-03-01 00:00:00+05:30,750.0,755.0,731.75,743.45,8702871
2021-03-02 00:00:00+05:30,745.0,746.0,723.1,733.65,7799816
2021-03-03 00:00:00+05:30,738.0,782.0,735.45,776.45,12730031
2021-03-04 00:00:00+05:30,764.9,792.05,759.75,772.3,10102498
2021-03-05 00:00:00+05:30,774.8,779.35,738.0,748.55,7005537
2021-03-08 00:00:00+05:30,761.0,777.0,753.05,768.5,7122576
2021-03-09 00:00:00+05:30,775.0,775.9,751.5,762.8,3960387
2021-03-10 00:00:00+05:30,769.5,774.2,763.0,767.0,2862873
2021-03-12 00:00:00+05:30,774.0,795.0,770.0,783.85,8920461
2021-03-15 00:00:00+05:30,790.0,794.4,765.3,782.25,5669337
2021-03-16 00:00:00+05:30,786.9,786.9,770.6,777.2,4116129
2021-03-17 00:00:00+05:30,777.0,777.0,729.35,733.05,5786901
2021-03-18 00:00:00+05:30,743.0,752.9,705.25,715.15,8693336
2021-03-19 00:00:00+05:30,709.3,759.0,690.2,752.05,18044431
2021-03-22 00:00:00+05:30,752.0,771.0,743.4,763.75,9236118
2021-03-23 00:00:00+05:30,766.95,774.0,756.25,766.15,4368450
2021-03-24 00:00:00+05:30,759.0,769.8,734.3,737.65,3845853
2021-03-25 00:00:00+05:30,742.0,743.95,712.0,731.05,7065676
2021-03-26 00:00:00+05:30,740.5,757.45,735.0,744.15,5425719
2021-03-30 00:00:00+05:30,749.35,761.75,743.05,750.0,4060603
2021-03-31 00:00:00+05:30,746.0,765.0,743.85,751.2,3556876
2021-04-01 00:00:00+05:30,758.8,791.7,755.1,780.0,7290588
2021-04-05 00:00:00+05:30,779.9,788.0,748.5,761.75,5259131
2021-04-06 00:00:00+05:30,772.0,815.0,760.4,809.1,12737803
2021-04-07 00:00:00+05:30,815.25,824.8,805.25,812.0,7319445
2021-04-08 00:00:00+05:30,817.0,833.95,813.25,819.45,4901306
2021-04-09 00:00:00+05:30,821.5,827.95,800.1,805.25,4303379
2021-04-12 00:00:00+05:30,790.0,790.0,744.65,750.3,6110693
2021-04-13 00:00:00+05:30,750.45,767.45,739.3,759.15,5477965
2021-04-15 00:00:00+05:30,745.0,759.95,731.0,748.95,4473590
2021-04-16 00:00:00+05:30,752.7,773.25,745.7,753.1,5045827
2021-04-19 00:00:00+05:30,731.0,740.0,718.2,732.2,4112760
2021-04-20 00:00:00+05:30,744.0,748.95,718.75,724.6,3569030
2021-04-22 00:00:00+05:30,712.0,738.15,711.0,734.45,4280118
2021-04-23 00:00:00+05:30,731.95,742.85,720.25,726.15,3555540
2021-04-26 00:00:00+05:30,731.0,742.0,728.0,733.65,2818213
2021-04-27 00:00:00+05:30,739.1,765.0,733.5,759.7,6231632
2021-04-28 00:00:00+05:30,767.0,777.25,760.1,764.65,5188185
2021-04-29 00:00:00+05:30,763.0,777.0,760.55,763.25,3584468
2021-04-30 00:00:00+05:30,758.25,797.0,750.35,792.45,9207545
2021-05-03 00:00:00+05:30,792.0,793.75,770.0,783.15,6752355
2021-05-04 00:00:00+05:30,750.0,757.8,704.85,708.55,23256386
2021-05-05 00:00:00+05:30,708.0,715.0,694.5,698.65,13396752
2021-05-06 00:00:00+05:30,700.0,703.95,670.55,676.5,9330404
2021-05-07 00:00:00+05:30,680.0,692.4,677.05,679.35,4524818
2021-05-10 00:00:00+05:30,685.0,689.8,681.05,683.8,2627229
2021-05-11 00:00:00+05:30,682.0,709.4,677.1,696.7,7838385
2021-05-12 00:00:00+05:30,701.7,735.1,694.6,722.35,10919092
2021-05-14 00:00:00+05:30,729.7,733.45,698.35,702.35,5785963
2021-05-17 00:00:00+05:30,705.45,713.25,690.35,704.05,3574253
2021-05-18 00:00:00+05:30,710.0,721.55,708.3,714.05,3193246
2021-05-19 00:00:00+05:30,714.9,723.9,709.7,712.4,2634897
2021-05-20 00:00:00+05:30,715.3,719.3,705.35,706.95,2219554
2021-05-21 00:00:00+05:30,710.0,715.95,706.35,707.85,1959320
2021-05-24 00:00:00+05:30,710.0,720.8,699.9,707.25,2861536
2021-05-25 00:00:00+05:30,712.4,713.75,698.1,703.45,2183291
2021-05-26 00:00:00+05:30,704.0,705.15,697.0,699.8,2074330
2021-05-27 00:00:00+05:30,703.6,703.75,690.3,691.75,2435306
2021-05-28 00:00:00+05:30,693.05,716.5,693.05,708.8,4317758
2021-05-31 00:00:00+05:30,710.95,713.55,701.05,703.85,2490144
2021-06-01 00:00:00+05:30,705.0,716.5,702.2,706.4,2216219
2021-06-02 00:00:00+05:30,705.95,713.65,704.9,711.85,1352551
2021-06-03 00:00:00+05:30,713.1,731.5,713.1,727.75,5642248
2021-06-04 00:00:00+05:30,732.6,748.9,727.8,746.15,5459273
2021-06-07 00:00:00+05:30,753.5,755.95,746.0,748.2,3779952
2021-06-08 00:00:00+05:30,751.0,751.0,731.55,744.15,2276637
2021-06-09 00:00:00+05:30,746.0,760.0,731.3,738.65,4428339
2021-06-10 00:00:00+05:30,742.1,750.85,739.8,748.2,1877822
2021-06-11 00:00:00+05:30,749.0,754.65,743.35,748.5,1715072
2021-06-14 00:00:00+05:30,740.8,742.5,716.5,738.3,2525576
2021-06-15 00:00:00+05:30,739.85,753.5,738.2,744.0,2427032
2021-06-16 00:00:00+05:30,744.95,749.45,734.1,737.1,1443019
2021-06-17 00:00:00+05:30,732.8,742.35,718.25,725.6,1774966
2021-06-18 00:00:00+05:30,732.0,733.15,696.05,714.8,2877572
2021-06-21 00:00:00+05:30,701.0,720.75,701.0,718.05,1596785
2021-06-22 00:00:00+05:30,722.45,736.15,719.8,723.85,2253502
2021-06-23 00:00:00+05:30,724.0,729.75,713.15,714.9,1813466
2021-06-24 00:00:00+05:30,716.5,720.0,702.85,705.95,1434541
2021-06-25 00:00:00+05:30,710.0,723.45,708.5,715.95,1900518
2021-06-28 00:00:00+05:30,721.9,728.5,718.0,721.9,1622874
2021-06-29 00:00:00+05:30,725.0,730.8,716.8,720.6,1521203
2021-06-30 00:00:00+05:30,722.0,729.5,719.3,723.8,1267606
2021-07-01 00:00:00+05:30,725.0,728.85,721.05,723.05,795421
2021-07-02 00:00:00+05:30,725.0,770.0,722.0,767.7,13305760
2021-07-05 00:00:00+05:30,774.95,781.0,761.4,773.45,5597374
2021-07-06 00:00:00+05:30,773.25,780.4,754.35,759.95,2454179
2021-07-07 00:00:00+05:30,763.75,771.95,756.05,770.0,1796493
2021-07-08 00:00:00+05:30,775.25,779.5,755.8,764.3,2348321
2021-07-09 00:00:00+05:30,763.0,776.6,759.05,764.9,1950488
2021-07-12 00:00:00+05:30,767.5,791.3,766.5,778.9,4589630
2021-07-13 00:00:00+05:30,783.95,785.1,772.3,782.95,1899982
2021-07-14 00:00:00+05:30,785.1,792.45,775.7,777.3,1950246
2021-07-15 00:00:00+05:30,781.0,781.5,773.1,777.8,978618
2021-07-16 00:00:00+05:30,779.95,785.85,773.1,781.0,1255467
2021-07-19 00:00:00+05:30,778.0,795.5,769.05,779.65,2773992
2021-07-20 00:00:00+05:30,778.5,784.65,755.0,759.65,2203889
2021-07-22 00:00:00+05:30,765.7,767.85,757.4,762.7,1137357
2021-07-23 00:00:00+05:30,769.0,769.0,752.0,755.05,974621
2021-07-26 00:00:00+05:30,750.0,766.4,743.0,758.3,1389722
2021-07-27 00:00:00+05:30,760.0,763.8,739.05,743.6,1180307
2021-07-28 00:00:00+05:30,748.6,748.6,729.65,738.75,1728213
2021-07-29 00:00:00+05:30,738.0,754.5,737.7,751.7,1613353
2021-07-30 00:00:00+05:30,752.4,770.75,751.15,763.15,2255806
2021-08-02 00:00:00+05:30,771.0,780.95,766.55,774.65,1643860
2021-08-03 00:00:00+05:30,776.15,781.25,769.65,772.25,999181
2021-08-04 00:00:00+05:30,775.0,779.7,760.3,763.45,917071
2021-08-05 00:00:00+05:30,767.55,775.0,754.0,769.3,1462902
2021-08-06 00:00:00+05:30,807.85,844.0,802.7,823.65,23725308
2021-08-09 00:00:00+05:30,828.75,857.8,812.65,846.3,11320092
2021-08-10 00:00:00+05:30,847.95,866.0,830.6,843.65,8084425
2021-08-11 00:00:00+05:30,847.45,862.7,836.0,859.85,4877031
2021-08-12 00:00:00+05:30,863.9,886.4,860.15,875.85,5941940
2021-08-13 00:00:00+05:30,880.35,887.8,876.0,879.0,2918639
2021-08-16 00:00:00+05:30,880.7,891.9,866.0,871.55,2605354
2021-08-17 00:00:00+05:30,874.4,886.9,858.55,865.35,2826322
2021-08-18 00:00:00+05:30,870.0,873.0,855.05,859.55,1790409
2021-08-20 00:00:00+05:30,854.0,865.0,831.05,839.35,1839507
2021-08-23 00:00:00+05:30,845.0,853.0,814.5,822.25,2025363
2021-08-24 00:00:00+05:30,826.0,837.9,821.2,829.85,1759753
2021-08-25 00:00:00+05:30,833.5,836.0,820.0,822.1,1298473
2021-08-26 00:00:00+05:30,818.1,834.45,818.1,826.6,2292653
2021-08-27 00:00:00+05:30,830.5,842.35,825.9,829.0,2867557
2021-08-30 00:00:00+05:30,833.65,840.0,832.0,834.4,1552884
2021-08-31 00:00:00+05:30,837.9,860.8,836.65,844.65,4538227
2021-09-01 00:00:00+05:30,848.75,853.9,834.0,840.7,1752608
2021-09-02 00:00:00+05:30,843.65,853.25,841.05,846.5,1487639
2021-09-03 00:00:00+05:30,850.0,853.9,835.0,841.0,1532492
2021-09-06 00:00:00+05:30,843.0,846.4,836.25,839.2,864668
2021-09-07 00:00:00+05:30,842.0,844.0,820.15,823.05,1359443
2021-09-08 00:00:00+05:30,825.0,835.5,813.25,832.3,1726690
2021-09-09 00:00:00+05:30,834.8,834.8,821.3,829.25,831574
2021-09-13 00:00:00+05:30,829.0,842.7,827.15,837.3,1639671
2021-09-14 00:00:00+05:30,839.0,842.8,830.9,835.75,819659
2021-09-15 00:00:00+05:30,836.0,862.0,835.9,858.8,3384102
2021-09-16 00:00:00+05:30,865.1,879.75,863.55,865.4,4899479
2021-09-17 00:00:00+05:30,868.8,869.85,840.3,844.5,2025904
2021-09-20 00:00:00+05:30,840.0,840.0,795.5,799.75,2678451
2021-09-21 00:00:00+05:30,799.8,809.85,780.05,801.95,2838627
2021-09-22 00:00:00+05:30,805.3,828.7,802.25,825.3,3326873
2021-09-23 00:00:00+05:30,832.75,856.0,827.55,847.15,3624791
2021-09-24 00:00:00+05:30,851.9,901.7,851.25,884.95,11074121
2021-09-27 00:00:00+05:30,900.0,928.7,895.0,914.75,7817188
2021-09-28 00:00:00+05:30,919.75,926.7,900.8,906.4,2952084
2021-09-29 00:00:00+05:30,905.0,937.6,895.2,933.1,3724758
2021-09-30 00:00:00+05:30,940.85,945.5,915.4,919.3,3823155
2021-10-01 00:00:00+05:30,916.7,928.45,907.2,910.9,1597635
2021-10-04 00:00:00+05:30,917.0,940.0,908.65,935.75,2679786
2021-10-05 00:00:00+05:30,940.0,952.0,927.25,930.95,4403016
2021-10-06 00:00:00+05:30,933.0,980.85,933.0,962.55,8555640
2021-10-07 00:00:00+05:30,978.95,978.95,952.0,959.05,2853274
2021-10-08 00:00:00+05:30,965.0,978.3,954.55,965.65,2624580
2021-10-11 00:00:00+05:30,970.0,987.4,966.0,968.3,1735386
2021-10-12 00:00:00+05:30,970.8,975.95,946.9,970.8,1873688
2021-10-13 00:00:00+05:30,980.3,1144.3,980.3,1107.1,21151990
2021-10-14 00:00:00+05:30,1142.0,1142.0,1078.2,1084.05,4586953
2021-10-18 00:00:00+05:30,1094.0,1158.0,1085.65,1094.4,6845528
2021-10-19 00:00:00+05:30,1102.6,1121.2,1067.0,1079.9,4356219
2021-10-20 00:00:00+05:30,1080.8,1085.85,1009.05,1033.85,4962360
2021-10-21 00:00:00+05:30,1037.0,1044.2,995.1,1003.8,3169781
2021-10-22 00:00:00+05:30,1007.0,1027.3,984.3,987.7,2702586
2021-10-25 00:00:00+05:30,992.0,1001.0,953.1,980.6,2218054
2021-10-26 00:00:00+05:30,982.7,1013.95,982.6,1006.6,3183161
2021-10-27 00:00:00+05:30,1015.4,1018.5,994.05,997.4,2004692
2021-10-28 00:00:00+05:30,960.0,960.0,884.0,891.35,9648852
2021-10-29 00:00:00+05:30,895.0,930.0,876.5,901.35,4325902
2021-11-01 00:00:00+05:30,911.0,915.5,901.25,905.1,1878366
2021-11-02 00:00:00+05:30,909.65,919.1,906.9,910.65,1544235
2021-11-03 00:00:00+05:30,911.9,915.6,887.15,896.1,1557527
2021-11-04 00:00:00+05:30,903.4,906.0,900.0,904.2,260466
2021-11-08 00:00:00+05:30,910.0,927.55,894.4,925.85,2094152
2021-11-09 00:00:00+05:30,928.5,954.85,926.15,947.9,3150027
2021-11-10 00:00:00+05:30,944.95,944.95,933.15,935.1,1038199
2021-11-11 00:00:00+05:30,935.0,946.5,919.0,925.35,1155179
2021-11-12 00:00:00+05:30,930.0,946.4,927.7,935.85,1193780
2021-11-15 00:00:00+05:30,942.0,948.0,935.0,937.5,722918
2021-11-16 00:00:00+05:30,940.0,955.95,931.0,934.75,1969045
2021-11-17 00:00:00+05:30,933.0,946.8,930.05,940.65,1143181
2021-11-18 00:00:00+05:30,944.7,946.75,915.7,925.35,1447755
2021-11-22 00:00:00+05:30,927.0,931.05,880.0,892.0,1590577
2021-11-23 00:00:00+05:30,888.85,914.7,880.25,912.3,1681550
2021-11-24 00:00:00+05:30,918.7,923.8,897.0,900.4,1549985
2021-11-25 00:00:00+05:30,903.4,911.75,891.85,900.6,1240769
2021-11-26 00:00:00+05:30,896.0,903.5,844.5,853.7,2095768
2021-11-29 00:00:00+05:30,853.0,887.65,828.8,868.65,3134483
2021-11-30 00:00:00+05:30,873.0,892.5,868.65,872.25,1770628
2021-12-01 00:00:00+05:30,880.9,887.8,870.0,883.9,992357
2021-12-02 00:00:00+05:30,887.9,905.0,878.0,900.0,1243763
2021-12-03 00:00:00+05:30,904.0,931.15,903.25,910.0,2571339
2021-12-06 00:00:00+05:30,914.8,921.0,893.2,896.2,1498134
2021-12-07 00:00:00+05:30,901.5,914.1,900.0,909.45,1070496
2021-12-08 00:00:00+05:30,915.0,926.65,912.7,923.9,769754
2021-12-09 00:00:00+05:30,928.0,940.5,918.0,935.85,1489306
2021-12-10 00:00:00+05:30,935.85,952.0,931.65,940.15,2306800
2021-12-13 00:00:00+05:30,949.9,949.9,933.1,935.9,730970
2021-12-14 00:00:00+05:30,930.4,940.5,925.0,933.35,715048
2021-12-15 00:00:00+05:30,933.0,942.9,919.55,921.8,636803
2021-12-16 00:00:00+05:30,927.6,929.15,902.1,906.9,739095
2021-12-17 00:00:00+05:30,906.9,909.4,878.65,883.6,1265520
2021-12-20 00:00:00+05:30,876.0,876.9,824.15,842.35,1645980
2021-12-21 00:00:00+05:30,848.0,865.15,847.3,856.45,834671
2021-12-22 00:00:00+05:30,860.0,884.65,858.65,882.45,958034
2021-12-23 00:00:00+05:30,889.8,894.5,882.9,886.1,640303
2021-12-24 00:00:00+05:30,889.95,892.0,868.2,872.2,644902
2021-12-27 00:00:00+05:30,871.7,883.55,860.35,879.9,508491
2021-12-28 00:00:00+05:30,888.0,909.7,885.2,907.65,1673007
2021-12-29 00:00:00+05:30,912.1,914.4,898.05,901.0,1037054
2021-12-30 00:00:00+05:30,905.0,905.65,882.3,883.95,823403
2021-12-31 00:00:00+05:30,880.0,897.65,880.0,894.2,583208
2022-01-03 00:00:00+05:30,897.0,917.35,895.35,914.15,798885
2022-01-04 00:00:00+05:30,918.7,919.9,900.0,909.1,702903
2022-01-05 00:00:00+05:30,907.8,918.0,901.5,915.2,749483
2022-01-06 00:00:00+05:30,909.55,916.3,902.55,904.15,696490
2022-01-07 00:00:00+05:30,908.0,929.35,906.2,927.2,1286246
2022-01-10 00:00:00+05:30,934.0,943.75,925.3,939.25,1505658
2022-01-11 00:00:00+05:30,935.2,981.65,933.95,972.2,5039766
2022-01-12 00:00:00+05:30,980.95,1001.85,975.3,993.0,3612732
2022-01-13 00:00:00+05:30,993.0,1019.35,985.65,1014.05,2721558
2022-01-14 00:00:00+05:30,1008.5,1050.3,1002.55,1028.75,3465609
2022-01-17 00:00:00+05:30,1027.0,1034.65,996.75,1029.25,2763467
2022-01-18 00:00:00+05:30,1029.9,1041.95,1000.15,1005.95,1212958
2022-01-19 00:00:00+05:30,1005.0,1020.0,985.35,1011.65,1508638
2022-01-20 00:00:00+05:30,1005.0,1016.8,993.0,998.05,977785
2022-01-21 00:00:00+05:30,993.9,997.1,960.0,965.0,1180770
2022-01-24 00:00:00+05:30,961.0,962.0,903.35,912.15,1594186
2022-01-25 00:00:00+05:30,903.0,922.45,888.5,919.25,1080389
2022-01-27 00:00:00+05:30,910.0,915.6,892.05,910.9,1004093
2022-01-28 00:00:00+05:30,919.0,956.6,919.0,944.05,2235105
2022-01-31 00:00:00+05:30,957.9,957.9,931.9,933.75,1533507
2022-02-01 00:00:00+05:30,937.0,956.7,925.55,953.25,1274082
2022-02-02 00:00:00+05:30,960.0,974.8,956.25,966.75,1004642
2022-02-03 00:00:00+05:30,965.0,981.0,961.5,965.35,1577566
2022-02-04 00:00:00+05:30,970.0,972.0,950.6,957.7,935679
2022-02-07 00:00:00+05:30,960.0,967.75,946.5,953.2,657299
2022-02-08 00:00:00+05:30,957.0,959.6,916.0,927.9,1061197
2022-02-09 00:00:00+05:30,934.2,973.0,933.8,967.55,1041919
2022-02-10 00:00:00+05:30,971.8,975.0,956.0,959.8,1395980
2022-02-11 00:00:00+05:30,964.0,968.9,911.55,914.7,3439322
2022-02-14 00:00:00+05:30,895.0,910.0,882.65,885.8,1753038
2022-02-15 00:00:00+05:30,893.0,915.7,870.0,912.7,1913236
2022-02-16 00:00:00+05:30,921.9,921.9,898.75,904.95,1434290
2022-02-17 00:00:00+05:30,906.0,916.9,894.0,896.85,1133932
2022-02-18 00:00:00+05:30,892.0,902.85,883.6,886.9,731374
2022-02-21 00:00:00+05:30,886.8,890.5,872.0,876.9,1119313
2022-02-22 00:00:00+05:30,850.0,874.0,850.0,868.5,1089327
2022-02-23 00:00:00+05:30,873.2,882.2,862.1,864.1,704493
2022-02-24 00:00:00+05:30,844.3,846.75,781.0,785.6,2833879
2022-02-25 00:00:00+05:30,802.0,837.45,797.0,826.4,1964093
2022-02-28 00:00:00+05:30,824.0,846.4,814.45,841.25,1199536
2022-03-02 00:00:00+05:30,832.85,859.25,828.05,855.85,1644989
2022-03-03 00:00:00+05:30,865.4,898.75,865.0,889.55,2822048
2022-03-04 00:00:00+05:30,885.55,888.65,858.5,861.55,1646850
2022-03-07 00:00:00+05:30,844.0,857.1,831.1,848.75,1213330
2022-03-09 00:00:00+05:30,876.8,895.0,872.2,890.9,995816
2022-03-10 00:00:00+05:30,911.0,925.65,894.9,909.6,2152832
2022-03-11 00:00:00+05:30,908.85,929.8,904.05,927.25,1296404
2022-03-14 00:00:00+05:30,930.55,938.5,917.45,931.85,1531845
2022-03-15 00:00:00+05:30,934.55,940.7,914.05,920.65,960407
2022-03-16 00:00:00+05:30,927.0,944.85,927.0,938.05,873968
2022-03-17 00:00:00+05:30,945.95,948.35,932.15,939.5,833784
2022-03-21 00:00:00+05:30,940.0,954.85,936.85,939.25,1014336
2022-03-22 00:00:00+05:30,939.0,960.0,926.1,954.7,1178357
2022-03-23 00:00:00+05:30,958.0,968.75,946.25,962.0,1470775
2022-03-24 00:00:00+05:30,958.5,974.9,951.15,972.7,1826181
2022-03-25 00:00:00+05:30,974.7,985.5,967.25,975.1,1421106
2022-03-28 00:00:00+05:30,980.4,980.4,951.55,956.65,1383281
2022-03-29 00:00:00+05:30,958.7,989.7,957.95,987.5,1627998
2022-03-30 00:00:00+05:30,996.85,997.1,980.0,983.9,1026192
2022-03-31 00:00:00+05:30,983.3,989.8,971.0,974.35,761235
2022-04-01 00:00:00+05:30,975.0,994.75,974.05,987.2,1154065
2022-04-04 00:00:00+05:30,994.65,1009.15,982.3,1001.95,1261875
2022-04-05 00:00:00+05:30,1007.8,1014.95,999.05,1003.75,1082989
2022-04-06 00:00:00+05:30,1000.0,1017.55,996.05,1000.55,1205753
2022-04-07 00:00:00+05:30,1001.5,1010.0,978.0,981.0,692829
2022-04-08 00:00:00+05:30,982.0,1005.0,982.0,999.6,676739
2022-04-11 00:00:00+05:30,997.9,1021.8,996.2,1006.65,1178976
2022-04-12 00:00:00+05:30,1005.1,1006.0,962.0,974.65,1178158
2022-04-13 00:00:00+05:30,979.55,990.0,972.4,976.95,798634
2022-04-18 00:00:00+05:30,967.0,990.65,952.3,988.05,808690
2022-04-19 00:00:00+05:30,992.1,1009.1,952.0,968.55,1149060
2022-04-20 00:00:00+05:30,978.0,985.75,960.0,970.35,758269
2022-04-21 00:00:00+05:30,975.0,987.7,973.0,983.05,485694
2022-04-22 00:00:00+05:30,980.0,989.0,969.6,973.2,816473
2022-04-25 00:00:00+05:30,960.0,965.0,930.5,936.45,1049248
2022-04-26 00:00:00+05:30,949.0,965.0,945.2,962.25,705947
2022-04-27 00:00:00+05:30,949.6,967.5,943.95,961.85,600878
2022-04-28 00:00:00+05:30,970.0,970.55,948.7,959.35,560736
2022-04-29 00:00:00+05:30,962.3,972.65,935.8,940.15,1180407
2022-05-02 00:00:00+05:30,970.0,1048.0,970.0,1033.0,13562497
2022-05-04 00:00:00+05:30,1040.45,1054.2,1026.05,1034.55,4351369
2022-05-05 00:00:00+05:30,1041.0,1069.95,1038.0,1046.3,3357200
2022-05-06 00:00:00+05:30,1038.8,1048.95,1027.55,1032.5,1757289
2022-05-09 00:00:00+05:30,1020.0,1025.0,998.75,1007.1,1497599
2022-05-10 00:00:00+05:30,1003.0,1019.95,958.4,967.35,1496830
2022-05-11 00:00:00+05:30,969.2,994.25,950.1,988.35,2296845
2022-05-12 00:00:00+05:30,974.5,980.0,926.9,935.4,1294615
2022-05-13 00:00:00+05:30,946.0,958.0,914.25,919.25,1473361
2022-05-16 00:00:00+05:30,925.0,932.55,912.05,921.6,1010872
2022-05-17 00:00:00+05:30,927.7,974.05,925.55,971.8,1637953
2022-05-18 00:00:00+05:30,974.0,987.65,964.55,980.35,1334854
2022-05-19 00:00:00+05:30,955.1,969.3,944.3,952.1,820520
2022-05-20 00:00:00+05:30,968.95,994.5,964.3,989.15,1455732
2022-05-23 00:00:00+05:30,995.0,995.9,967.1,970.2,811232
2022-05-24 00:00:00+05:30,975.0,982.0,960.2,964.35,1201622
2022-05-25 00:00:00+05:30,970.0,974.05,918.15,920.6,1039711
2022-05-26 00:00:00+05:30,928.0,939.8,888.95,932.25,1751250
2022-05-27 00:00:00+05:30,939.9,959.9,925.8,934.25,1671471
2022-05-30 00:00:00+05:30,949.45,959.0,942.55,949.95,1100892
2022-05-31 00:00:00+05:30,954.0,955.0,942.35,948.5,1644812
2022-06-01 00:00:00+05:30,952.4,958.6,938.15,945.3,1016784
2022-06-02 00:00:00+05:30,948.7,957.35,945.0,950.15,1260814
2022-06-03 00:00:00+05:30,956.05,956.7,933.05,935.7,862099
2022-06-06 00:00:00+05:30,935.7,948.25,924.2,946.6,1066431
2022-06-07 00:00:00+05:30,944.85,948.0,933.55,941.2,807541
2022-06-08 00:00:00+05:30,943.95,953.5,932.0,936.6,760538
2022-06-09 00:00:00+05:30,933.7,943.7,927.15,941.65,552903
2022-06-10 00:00:00+05:30,934.0,948.1,930.6,944.35,489312
2022-06-13 00:00:00+05:30,938.8,938.8,900.0,906.4,848042
2022-06-14 00:00:00+05:30,905.0,927.0,901.35,908.45,615268
2022-06-15 00:00:00+05:30,901.35,909.85,868.1,872.75,2176399
2022-06-16 00:00:00+05:30,880.0,889.5,851.0,853.75,1346343
2022-06-17 00:00:00+05:30,849.95,855.0,834.9,838.05,920356
2022-06-20 00:00:00+05:30,845.0,848.5,781.05,793.2,1631418
2022-06-21 00:00:00+05:30,805.0,826.0,792.55,821.4,1534004
2022-06-22 00:00:00+05:30,821.0,821.0,791.3,794.3,1590458
2022-06-23 00:00:00+05:30,800.0,807.55,782.05,792.65,951915
2022-06-24 00:00:00+05:30,804.0,810.5,797.35,808.0,847793
2022-06-27 00:00:00+05:30,834.5,834.5,810.6,813.65,1609502
2022-06-28 00:00:00+05:30,813.0,817.95,803.0,814.95,654137
2022-06-29 00:00:00+05:30,808.0,811.0,803.7,806.75,467974
2022-06-30 00:00:00+05:30,805.8,812.1,790.0,793.35,775514
2022-07-01 00:00:00+05:30,791.0,804.9,773.35,795.35,770388
2022-07-04 00:00:00+05:30,800.9,805.7,788.25,803.35,493317
2022-07-05 00:00:00+05:30,810.75,814.9,801.0,803.4,702545
2022-07-06 00:00:00+05:30,804.5,814.5,801.9,813.15,677194
2022-07-07 00:00:00+05:30,811.0,824.0,796.85,819.65,1984221
2022-07-08 00:00:00+05:30,827.0,839.0,822.25,836.45,1963294
2022-07-11 00:00:00+05:30,835.0,844.45,828.15,843.1,1077720
2022-07-12 00:00:00+05:30,839.7,844.7,831.2,835.05,645833
2022-07-13 00:00:00+05:30,840.0,844.3,832.6,837.85,725104
2022-07-14 00:00:00+05:30,837.95,848.0,835.0,841.15,950301
2022-07-15 00:00:00+05:30,842.0,856.75,841.0,854.5,1062779
2022-07-18 00:00:00+05:30,862.0,863.25,856.0,858.8,536664
2022-07-19 00:00:00+05:30,857.8,863.9,853.0,857.7,595873
2022-07-20 00:00:00+05:30,865.0,870.7,858.0,862.6,578773
2022-07-21 00:00:00+05:30,866.4,879.6,862.0,876.7,755682
2022-07-22 00:00:00+05:30,880.0,883.0,868.0,870.75,572186
2022-07-25 00:00:00+05:30,871.0,896.0,867.9,892.7,968338
2022-07-26 00:00:00+05:30,893.95,893.95,869.2,871.65,791068
2022-07-27 00:00:00+05:30,869.2,880.8,863.75,878.6,747152
2022-07-28 00:00:00+05:30,885.0,893.9,876.45,890.0,569087
2022-07-29 00:00:00+05:30,901.0,913.0,896.35,909.9,1176898
2022-08-01 00:00:00+05:30,911.0,947.0,910.0,944.05,1450148
2022-08-02 00:00:00+05:30,944.05,949.0,934.15,942.95,949851
2022-08-03 00:00:00+05:30,946.3,947.6,929.1,937.95,702883
2022-08-04 00:00:00+05:30,939.0,962.0,936.3,950.8,1682594
2022-08-05 00:00:00+05:30,955.25,957.35,942.0,948.5,751821
2022-08-08 00:00:00+05:30,949.0,962.4,942.75,957.0,1140049
2022-08-10 00:00:00+05:30,1015.0,1086.55,1010.1,1074.15,15504203
2022-08-11 00:00:00+05:30,1080.0,1093.65,1066.6,1075.6,2782046
2022-08-12 00:00:00+05:30,1070.0,1160.0,1068.1,1118.9,10654025
2022-08-16 00:00:00+05:30,1126.5,1138.0,1104.5,1122.5,2577883
2022-08-17 00:00:00+05:30,1130.0,1140.0,1100.0,1107.1,1461293
2022-08-18 00:00:00+05:30,1103.0,1122.25,1091.0,1118.25,2041921
2022-08-19 00:00:00+05:30,1127.6,1182.2,1120.1,1124.15,8906626
2022-08-22 00:00:00+05:30,1119.0,1119.0,1079.2,1087.5,2861147
2022-08-23 00:00:00+05:30,1079.0,1106.8,1063.1,1101.25,3148623
2022-08-24 00:00:00+05:30,1108.2,1122.25,1082.7,1095.15,2254755
2022-08-25 00:00:00+05:30,1104.8,1112.85,1095.4,1099.8,1124021
2022-08-26 00:00:00+05:30,1110.3,1137.4,1104.2,1110.6,2444698
2022-08-29 00:00:00+05:30,1051.0,1137.0,1051.0,1132.4,2469656
2022-08-30 00:00:00+05:30,1148.95,1149.7,1123.35,1129.55,1692188
2022-09-01 00:00:00+05:30,1123.0,1144.45,1120.05,1139.1,1390715
2022-09-02 00:00:00+05:30,1146.0,1161.65,1115.85,1119.8,2601284
2022-09-05 00:00:00+05:30,1120.0,1137.8,1114.8,1119.15,1069319
2022-09-06 00:00:00+05:30,1126.8,1132.95,1111.05,1120.0,1101809
2022-09-07 00:00:00+05:30,1120.95,1134.1,1110.45,1125.15,929520
2022-09-08 00:00:00+05:30,1133.0,1135.1,1111.2,1116.9,870236
2022-09-09 00:00:00+05:30,1125.0,1127.45,1108.8,1113.05,702066
2022-09-12 00:00:00+05:30,1119.8,1163.2,1115.55,1159.75,3385205
2022-09-13 00:00:00+05:30,1173.95,1194.0,1158.35,1160.7,4496942
2022-09-14 00:00:00+05:30,1148.0,1168.95,1140.8,1155.9,1435382
2022-09-15 00:00:00+05:30,1161.7,1176.65,1136.25,1170.3,1545731
2022-09-16 00:00:00+05:30,1168.0,1169.75,1090.95,1105.75,2491333
2022-09-19 00:00:00+05:30,1108.0,1118.0,1090.0,1102.75,1199412
2022-09-20 00:00:00+05:30,1111.0,1134.2,1110.1,1113.65,1072412
2022-09-21 00:00:00+05:30,1109.0,1119.9,1090.2,1097.3,859916
2022-09-22 00:00:00+05:30,1092.5,1157.0,1090.55,1150.05,3258320
2022-09-23 00:00:00+05:30,1154.9,1161.45,1126.6,1134.4,2376802
2022-09-26 00:00:00+05:30,1121.0,1127.5,1031.65,1063.35,4691852
2022-09-27 00:00:00+05:30,1067.2,1077.05,1035.0,1067.2,2046370
2022-09-28 00:00:00+05:30,1053.0,1066.65,1042.2,1047.95,1041838
2022-09-29 00:00:00+05:30,1076.0,1125.0,1071.15,1093.0,5790140
2022-09-30 00:00:00+05:30,1088.0,1109.95,1048.55,1104.75,2948285
2022-10-03 00:00:00+05:30,1098.0,1131.9,1082.4,1093.7,3073292
2022-10-04 00:00:00+05:30,1111.0,1149.65,1106.8,1140.95,3216959
2022-10-06 00:00:00+05:30,1148.95,1154.35,1138.15,1147.85,2073911
2022-10-07 00:00:00+05:30,1144.0,1189.5,1140.0,1181.8,4735498
2022-10-10 00:00:00+05:30,1169.85,1214.0,1160.8,1199.65,5201301
2022-10-11 00:00:00+05:30,1207.0,1214.9,1159.65,1164.35,2871166
2022-10-12 00:00:00+05:30,1170.2,1173.0,1146.5,1162.95,2138167
2022-10-13 00:00:00+05:30,1165.0,1170.7,1138.3,1151.85,1476997
2022-10-14 00:00:00+05:30,1175.0,1177.3,1140.75,1143.7,1255229
2022-10-17 00:00:00+05:30,1143.95,1168.0,1130.0,1162.0,1658410
2022-10-18 00:00:00+05:30,1170.1,1180.0,1153.5,1166.45,1828195
2022-10-19 00:00:00+05:30,1170.0,1171.2,1155.8,1164.25,1282797
2022-10-20 00:00:00+05:30,1163.0,1163.75,1147.0,1158.15,725540
2022-10-21 00:00:00+05:30,1161.9,1167.9,1137.05,1143.5,1001884
2022-10-24 00:00:00+05:30,1159.0,1160.0,1151.05,1156.75,214362
2022-10-25 00:00:00+05:30,1160.05,1186.0,1151.0,1180.65,1667152
2022-10-27 00:00:00+05:30,1184.5,1199.9,1173.0,1188.15,2007117
2022-10-28 00:00:00+05:30,1181.1,1186.8,1125.1,1131.95,6601099
2022-10-31 00:00:00+05:30,1136.0,1149.0,1124.7,1132.8,1925948
2022-11-01 00:00:00+05:30,1138.5,1150.6,1133.55,1142.2,1605190
2022-11-02 00:00:00+05:30,1147.0,1158.0,1130.0,1132.75,1232216
2022-11-03 00:00:00+05:30,1132.0,1141.85,1125.2,1131.5,1089504
2022-11-04 00:00:00+05:30,1137.2,1140.05,1108.5,1123.35,1371682
2022-11-07 00:00:00+05:30,1125.0,1145.4,1121.0,1122.35,1347949
2022-11-09 00:00:00+05:30,1129.0,1136.0,1108.0,1111.95,1268532
2022-11-10 00:00:00+05:30,1113.0,1117.0,1066.1,1070.25,1892262
2022-11-11 00:00:00+05:30,1085.0,1090.9,1065.0,1067.5,901788
2022-11-14 00:00:00+05:30,1072.85,1072.85,1056.6,1065.25,673244
2022-11-15 00:00:00+05:30,1070.6,1074.25,1052.7,1057.2,716948
2022-11-16 00:00:00+05:30,1053.0,1064.2,1038.05,1049.2,861926
2022-11-17 00:00:00+05:30,1048.0,1051.55,1032.0,1036.2,644016
2022-11-18 00:00:00+05:30,1038.8,1042.0,997.0,1015.75,1510745
2022-11-21 00:00:00+05:30,1015.75,1044.45,1009.05,1036.3,1300207
2022-11-22 00:00:00+05:30,1039.45,1042.9,1031.25,1039.2,549756
2022-11-23 00:00:00+05:30,1042.9,1046.8,1024.2,1028.5,829764
2022-11-24 00:00:00+05:30,1031.8,1036.75,1019.6,1023.8,660447
2022-11-25 00:00:00+05:30,1027.05,1040.3,1024.6,1032.1,636038
2022-11-28 00:00:00+05:30,1034.3,1043.3,1032.1,1038.85,590946
2022-11-29 00:00:00+05:30,1040.0,1044.1,1025.0,1028.2,528877
2022-11-30 00:00:00+05:30,1030.0,1042.9,1029.2,1035.5,735398
2022-12-01 00:00:00+05:30,1041.0,1058.95,1037.1,1048.7,1168932
2022-12-02 00:00:00+05:30,1048.0,1053.0,1031.05,1039.35,1021855
2022-12-05 00:00:00+05:30,1044.1,1071.45,1039.8,1056.7,1495188
2022-12-06 00:00:00+05:30,1055.0,1060.6,1040.95,1043.2,1047006
2022-12-07 00:00:00+05:30,1046.3,1047.65,1021.7,1029.5,683263
2022-12-08 00:00:00+05:30,1032.45,1049.0,1026.0,1046.25,746843
2022-12-09 00:00:00+05:30,1049.95,1056.95,1026.25,1033.75,770602
2022-12-12 00:00:00+05:30,1033.0,1039.5,1025.3,1034.15,633519
2022-12-13 00:00:00+05:30,1034.9,1045.45,1032.2,1033.7,535532
2022-12-14 00:00:00+05:30,1038.0,1044.9,1035.0,1036.5,706162
2022-12-15 00:00:00+05:30,1039.2,1042.95,1022.1,1026.7,545337
2022-12-16 00:00:00+05:30,1025.8,1025.8,985.7,991.5,1758246
2022-12-19 00:00:00+05:30,992.5,997.9,968.8,988.65,1640761
2022-12-20 00:00:00+05:30,990.7,991.1,968.4,979.0,856178
2022-12-21 00:00:00+05:30,985.2,996.5,960.95,965.6,1034826
2022-12-22 00:00:00+05:30,970.45,974.95,933.1,940.25,1218478
2022-12-23 00:00:00+05:30,933.85,937.1,889.05,891.7,1406279
2022-12-26 00:00:00+05:30,897.0,916.15,876.8,906.8,836950
2022-12-27 00:00:00+05:30,911.35,923.8,909.2,918.4,968138
2022-12-28 00:00:00+05:30,922.45,939.4,915.6,933.2,1018813
2022-12-29 00:00:00+05:30,928.0,935.0,922.0,928.55,918301
2022-12-30 00:00:00+05:30,931.6,947.0,930.8,937.15,874888
2023-01-02 00:00:00+05:30,941.85,943.7,930.15,941.35,745481
2023-01-03 00:00:00+05:30,945.0,948.6,938.15,941.7,498529
2023-01-04 00:00:00+05:30,942.0,943.85,926.05,931.65,728111
2023-01-05 00:00:00+05:30,934.7,946.3,925.85,942.15,835241
2023-01-06 00:00:00+05:30,942.15,956.0,938.5,948.3,1100983
2023-01-09 00:00:00+05:30,950.0,960.9,947.5,958.3,653230
2023-01-10 00:00:00+05:30,959.2,972.4,953.15,968.55,933245
2023-01-11 00:00:00+05:30,973.0,975.0,962.4,967.75,643479
2023-01-12 00:00:00+05:30,971.75,978.6,969.0,973.25,593507
2023-01-13 00:00:00+05:30,973.95,976.0,964.05,974.6,390146
2023-01-16 00:00:00+05:30,976.6,981.8,969.5,970.35,356574
2023-01-17 00:00:00+05:30,975.25,989.15,970.35,987.2,885830
2023-01-18 00:00:00+05:30,991.55,1000.5,988.35,998.95,734651
2023-01-19 00:00:00+05:30,997.0,998.95,978.3,980.45,598387
2023-01-20 00:00:00+05:30,981.0,987.7,973.0,975.85,418246
2023-01-23 00:00:00+05:30,975.85,978.65,971.2,977.15,290614
2023-01-24 00:00:00+05:30,977.15,984.0,967.05,971.8,444221
2023-01-25 00:00:00+05:30,970.0,970.0,948.4,950.4,623055
2023-01-27 00:00:00+05:30,954.65,960.3,929.4,945.0,648243
2023-01-30 00:00:00+05:30,945.0,960.7,936.4,955.35,549412
2023-01-31 00:00:00+05:30,958.0,979.0,955.0,973.4,759060
2023-02-01 00:00:00+05:30,980.0,985.1,942.45,956.15,1175811
2023-02-02 00:00:00+05:30,948.1,986.75,912.0,967.25,2772046
2023-02-03 00:00:00+05:30,968.6,999.0,961.05,969.95,1424837
2023-02-06 00:00:00+05:30,970.0,1009.9,967.05,1006.7,1202960
2023-02-07 00:00:00+05:30,1011.75,1040.0,1003.2,1030.95,2630267
2023-02-08 00:00:00+05:30,1032.0,1041.25,1011.5,1029.4,1004359
2023-02-09 00:00:00+05:30,1021.0,1036.0,1010.75,1012.55,661402
2023-02-10 00:00:00+05:30,1013.2,1026.2,1004.0,1020.3,724694
2023-02-13 00:00:00+05:30,1020.7,1028.0,1009.35,1017.3,560147
2023-02-14 00:00:00+05:30,1019.0,1023.65,1007.25,1009.95,386474
2023-02-15 00:00:00+05:30,1009.95,1019.9,1004.1,1010.65,626181
2023-02-16 00:00:00+05:30,1013.0,1035.0,1011.1,1024.9,1129579
2023-02-17 00:00:00+05:30,1024.05,1033.35,1015.55,1018.85,466079
2023-02-20 00:00:00+05:30,1020.65,1025.7,1004.5,1010.95,598142
2023-02-21 00:00:00+05:30,1012.0,1017.95,998.0,1000.25,574836
2023-02-22 00:00:00+05:30,1000.25,1001.6,958.55,965.2,1803876
2023-02-23 00:00:00+05:30,969.0,989.9,962.25,972.85,1070215
2023-02-24 00:00:00+05:30,978.0,984.65,968.5,972.1,839873
2023-02-27 00:00:00+05:30,972.0,984.5,961.1,974.85,1644171
2023-02-28 00:00:00+05:30,976.0,980.95,965.2,975.0,715101
2023-03-01 00:00:00+05:30,972.0,999.0,972.0,994.5,610565
2023-03-02 00:00:00+05:30,997.0,998.15,984.9,989.1,576642
2023-03-03 00:00:00+05:30,990.1,1013.0,989.1,1007.95,949700
2023-03-06 00:00:00+05:30,1010.95,1011.95,999.55,1002.5,775140
2023-03-08 00:00:00+05:30,1001.8,1016.0,992.1,1010.8,632237
2023-03-09 00:00:00+05:30,1011.0,1015.9,990.65,993.25,595017
2023-03-10 00:00:00+05:30,988.0,989.85,970.8,980.75,534432
2023-03-13 00:00:00+05:30,980.0,985.1,961.3,965.15,639637
2023-03-14 00:00:00+05:30,967.7,975.0,954.0,966.5,618341
2023-03-15 00:00:00+05:30,977.0,983.5,960.0,963.3,340637
2023-03-16 00:00:00+05:30,965.95,965.95,943.25,958.5,634777
2023-03-17 00:00:00+05:30,963.4,969.6,957.5,963.1,581953
2023-03-20 00:00:00+05:30,962.4,962.4,934.25,950.4,698558
2023-03-21 00:00:00+05:30,951.0,957.7,948.0,953.2,366789
2023-03-22 00:00:00+05:30,953.0,965.8,951.3,961.5,350719
2023-03-23 00:00:00+05:30,960.0,971.85,952.05,968.1,657855
2023-03-24 00:00:00+05:30,964.0,970.0,950.0,953.95,572631
2023-03-27 00:00:00+05:30,954.0,960.65,948.15,955.05,372505
2023-03-28 00:00:00+05:30,956.45,960.15,950.4,953.8,498728
2023-03-29 00:00:00+05:30,953.8,961.0,945.0,954.75,607897
2023-03-31 00:00:00+05:30,959.55,981.05,958.05,974.4,688635
2023-04-03 00:00:00+05:30,979.95,983.0,973.1,977.15,399193
2023-04-05 00:00:00+05:30,975.05,977.0,959.25,975.6,479690
2023-04-06 00:00:00+05:30,975.7,990.0,972.4,989.15,393287
2023-04-10 00:00:00+05:30,993.95,1004.75,985.0,1003.65,647596
2023-04-11 00:00:00+05:30,1008.0,1018.45,1002.6,1016.8,620121
2023-04-12 00:00:00+05:30,1018.0,1027.0,1012.05,1020.65,587158
2023-04-13 00:00:00+05:30,1020.0,1029.0,1016.5,1026.15,468510
2023-04-17 00:00:00+05:30,1022.0,1029.9,986.65,990.0,607109
2023-04-18 00:00:00+05:30,980.0,980.0,926.05,932.1,6209516
2023-04-19 00:00:00+05:30,934.0,939.9,921.65,933.4,1912317
2023-04-20 00:00:00+05:30,930.2,945.5,927.0,942.7,1395814
2023-04-21 00:00:00+05:30,945.55,948.8,937.5,944.45,835142
2023-04-24 00:00:00+05:30,946.95,949.4,942.85,948.5,460973
2023-04-25 00:00:00+05:30,951.0,954.45,941.5,944.4,727685
2023-04-26 00:00:00+05:30,943.95,948.9,930.0,931.6,1074739
2023-04-27 00:00:00+05:30,934.85,945.25,929.05,943.7,710930
2023-04-28 00:00:00+05:30,947.95,959.0,944.0,952.7,737346
2023-05-02 00:00:00+05:30,955.3,987.9,954.55,972.0,1373516
2023-05-03 00:00:00+05:30,971.95,996.9,969.0,993.1,1096572
2023-05-04 00:00:00+05:30,999.95,1017.85,970.0,982.25,3686017
2023-05-05 00:00:00+05:30,987.05,987.25,958.0,959.5,1526091
2023-05-08 00:00:00+05:30,965.0,973.9,960.5,969.95,859127
2023-05-09 00:00:00+05:30,972.65,978.95,964.0,965.85,842669
2023-05-10 00:00:00+05:30,972.05,976.35,963.6,974.5,902798
2023-05-11 00:00:00+05:30,977.0,990.0,975.55,988.6,974440
2023-05-12 00:00:00+05:30,991.0,995.9,982.15,985.2,719326
2023-05-15 00:00:00+05:30,989.9,993.7,979.15,990.1,422352
2023-05-16 00:00:00+05:30,994.0,995.95,975.0,976.8,452542
2023-05-17 00:00:00+05:30,980.0,984.55,966.6,982.1,779613
2023-05-18 00:00:00+05:30,987.95,992.5,980.05,984.65,683500
2023-05-19 00:00:00+05:30,989.4,991.0,974.35,984.15,845480
2023-05-22 00:00:00+05:30,986.95,994.0,975.5,987.2,667367
2023-05-23 00:00:00+05:30,987.0,994.0,980.0,981.9,627003
2023-05-24 00:00:00+05:30,984.2,998.65,975.0,987.1,728156
2023-05-25 00:00:00+05:30,988.45,989.65,946.05,956.7,1620350
2023-05-26 00:00:00+05:30,960.0,972.25,955.0,970.25,701859
2023-05-29 00:00:00+05:30,970.35,975.85,967.65,971.85,456698
2023-05-30 00:00:00+05:30,974.4,975.0,963.5,969.1,477951
2023-05-31 00:00:00+05:30,971.0,972.5,964.0,970.6,710320
2023-06-01 00:00:00+05:30,972.0,976.9,966.15,968.95,414830
2023-06-02 00:00:00+05:30,970.0,979.4,968.0,969.8,516680
2023-06-05 00:00:00+05:30,979.6,1017.95,976.85,995.55,5155439
2023-06-06 00:00:00+05:30,1000.0,1007.1,988.8,993.75,966295
2023-06-07 00:00:00+05:30,997.45,1000.0,991.3,994.75,485131
2023-06-08 00:00:00+05:30,999.0,1015.0,997.05,1003.25,1389579
2023-06-09 00:00:00+05:30,1004.0,1008.1,981.15,985.95,959079
2023-06-12 00:00:00+05:30,990.0,991.85,983.15,987.75,601656
2023-06-13 00:00:00+05:30,990.0,1006.0,989.05,1000.05,1236924
2023-06-14 00:00:00+05:30,973.95,981.9,957.9,977.95,3249201
2023-06-15 00:00:00+05:30,969.0,970.8,953.5,958.5,3592424
2023-06-16 00:00:00+05:30,959.0,972.5,956.0,970.9,1392103
2023-06-19 00:00:00+05:30,972.4,980.0,968.2,977.85,1151464
2023-06-20 00:00:00+05:30,980.0,985.5,974.05,985.5,1261287
2023-06-21 00:00:00+05:30,988.45,999.0,977.45,996.3,1750928
2023-06-22 00:00:00+05:30,1003.5,1009.6,992.2,1005.5,1676041
2023-06-23 00:00:00+05:30,1008.9,1008.95,976.4,979.85,1285713
2023-06-26 00:00:00+05:30,981.95,996.95,970.55,995.0,959690
2023-06-27 00:00:00+05:30,993.95,1020.0,993.95,1005.8,2030058
2023-06-28 00:00:00+05:30,1010.0,1015.65,993.05,995.0,1112654
2023-06-30 00:00:00+05:30,1002.0,1007.1,993.05,1001.45,890614
2023-07-03 00:00:00+05:30,1004.0,1016.45,1001.0,1008.8,814168
2023-07-04 00:00:00+05:30,1010.6,1028.95,1004.85,1008.0,2027598
2023-07-05 00:00:00+05:30,1010.0,1016.5,1003.6,1007.0,610582
2023-07-06 00:00:00+05:30,1009.4,1018.0,1005.0,1014.1,564708
2023-07-07 00:00:00+05:30,1014.1,1026.0,995.5,1001.55,1232352
2023-07-10 00:00:00+05:30,1006.0,1006.0,981.75,997.45,1099981
2023-07-11 00:00:00+05:30,998.0,999.0,986.0,993.2,934853
2023-07-12 00:00:00+05:30,993.2,997.15,982.0,982.2,823526
2023-07-13 00:00:00+05:30,987.4,990.45,971.4,977.0,906416
2023-07-14 00:00:00+05:30,979.0,990.5,977.0,985.0,933126
2023-07-17 00:00:00+05:30,986.9,995.8,986.55,994.0,793194
2023-07-18 00:00:00+05:30,994.0,1006.0,990.25,997.6,954885
2023-07-19 00:00:00+05:30,996.0,1004.65,993.0,996.7,517419
2023-07-20 00:00:00+05:30,1001.8,1001.8,990.45,993.0,564471
2023-07-21 00:00:00+05:30,992.85,994.0,978.75,987.0,626762
2023-07-24 00:00:00+05:30,990.0,997.0,987.0,988.1,588072
2023-07-25 00:00:00+05:30,994.5,995.0,975.0,977.9,1063374
2023-07-26 00:00:00+05:30,977.1,1002.0,977.1,998.0,1539895
2023-07-27 00:00:00+05:30,1003.2,1006.0,986.15,996.0,1017328
2023-07-28 00:00:00+05:30,999.0,1053.9,998.0,1050.2,5375469
2023-07-31 00:00:00+05:30,1060.3,1071.8,1051.1,1060.2,1715848
2023-08-01 00:00:00+05:30,1064.2,1083.6,1059.5,1070.5,1487010
2023-08-02 00:00:00+05:30,1059.95,1059.95,1030.05,1042.0,1728384
2023-08-03 00:00:00+05:30,1040.0,1046.85,1031.2,1040.0,641567
2023-08-04 00:00:00+05:30,1046.5,1058.8,1042.45,1053.0,902907
2023-08-07 00:00:00+05:30,1055.05,1062.0,1035.1,1039.0,701478
2023-08-08 00:00:00+05:30,1010.0,1031.55,1002.3,1010.25,2766599
2023-08-09 00:00:00+05:30,1009.0,1014.2,987.4,1012.0,2491007
2023-08-10 00:00:00+05:30,1012.0,1015.9,1003.9,1008.0,688486
2023-08-11 00:00:00+05:30,1009.0,1017.05,1002.1,1007.0,820332
2023-08-14 00:00:00+05:30,1006.0,1006.0,988.2,1000.0,646799
2023-08-16 00:00:00+05:30,999.5,999.5,988.5,990.0,554859
2023-08-17 00:00:00+05:30,992.6,1000.0,988.5,989.6,702305
2023-08-18 00:00:00+05:30,992.7,1002.0,982.25,998.05,690755
2023-08-21 00:00:00+05:30,998.5,1005.7,996.35,1001.65,580703
2023-08-22 00:00:00+05:30,1007.0,1008.0,1000.3,1004.9,423825
2023-08-23 00:00:00+05:30,1009.0,1015.85,1004.0,1006.0,630833
2023-08-24 00:00:00+05:30,1010.05,1017.4,1004.15,1014.0,574352
2023-08-25 00:00:00+05:30,1017.0,1020.8,1000.0,1006.5,1007900
2023-08-28 00:00:00+05:30,1015.0,1040.95,1005.95,1037.05,1951950
2023-08-29 00:00:00+05:30,1041.0,1077.0,1041.0,1069.65,3535468
2023-08-30 00:00:00+05:30,1076.95,1079.8,1056.75,1060.0,902888
2023-08-31 00:00:00+05:30,1063.6,1072.0,1052.6,1060.65,626054
2023-09-01 00:00:00+05:30,1065.0,1076.0,1061.8,1071.15,591330
2023-09-04 00:00:00+05:30,1075.15,1098.0,1070.5,1089.75,1378530
2023-09-05 00:00:00+05:30,1096.3,1110.85,1092.15,1103.75,1233591
2023-09-06 00:00:00+05:30,1106.0,1107.0,1078.2,1090.1,642702
2023-09-07 00:00:00+05:30,1095.0,1096.2,1078.2,1086.15,665262
2023-09-08 00:00:00+05:30,1086.2,1094.3,1081.6,1085.3,473019
2023-09-11 00:00:00+05:30,1086.0,1098.0,1080.1,1085.9,511237
2023-09-12 00:00:00+05:30,1085.9,1090.9,1043.0,1046.1,868126
2023-09-13 00:00:00+05:30,1050.0,1063.05,1038.05,1052.9,745777
2023-09-14 00:00:00+05:30,1059.0,1077.15,1057.3,1074.55,610424
2023-09-15 00:00:00+05:30,1077.0,1081.5,1063.35,1070.45,646144
2023-09-18 00:00:00+05:30,1070.05,1071.1,1056.15,1057.9,337323
2023-09-20 00:00:00+05:30,1056.15,1056.15,1039.3,1047.8,591699
2023-09-21 00:00:00+05:30,1047.8,1050.45,1030.1,1034.8,618526
2023-09-22 00:00:00+05:30,1039.0,1039.55,1022.05,1035.8,486756
2023-09-25 00:00:00+05:30,1042.0,1048.35,1034.0,1045.3,612625
2023-09-26 00:00:00+05:30,1045.3,1049.45,1035.05,1036.95,268848
2023-09-27 00:00:00+05:30,1041.95,1050.0,1035.9,1043.5,461560
2023-09-28 00:00:00+05:30,1036.0,1049.75,1011.7,1016.15,622778
2023-09-29 00:00:00+05:30,1020.95,1038.7,1018.8,1031.2,340818
2023-10-03 00:00:00+05:30,1032.95,1032.95,1022.05,1025.1,227220
2023-10-04 00:00:00+05:30,1024.85,1024.85,1000.0,1011.25,457424
2023-10-05 00:00:00+05:30,1018.9,1025.0,1006.0,1009.3,286411
2023-10-06 00:00:00+05:30,1012.0,1014.8,1005.3,1012.75,348344
2023-10-09 00:00:00+05:30,1005.0,1011.0,996.35,1004.35,405937
2023-10-10 00:00:00+05:30,1008.0,1023.0,1008.0,1016.8,366136
2023-10-11 00:00:00+05:30,1042.0,1063.0,1033.0,1036.1,2758083
2023-10-12 00:00:00+05:30,1042.95,1043.0,1030.0,1038.85,465767
2023-10-13 00:00:00+05:30,1035.95,1045.55,1027.0,1035.1,409241
2023-10-16 00:00:00+05:30,1034.9,1050.0,1032.0,1040.85,583658
2023-10-17 00:00:00+05:30,1045.05,1051.0,1042.0,1045.3,536501
2023-10-18 00:00:00+05:30,1047.0,1050.7,1032.3,1044.25,976236
2023-10-19 00:00:00+05:30,1044.0,1044.0,1019.65,1031.25,734831
2023-10-20 00:00:00+05:30,1025.0,1034.15,1010.0,1011.7,588202
2023-10-23 00:00:00+05:30,1014.0,1017.15,975.05,978.5,825192
2023-10-25 00:00:00+05:30,980.0,992.0,962.0,963.6,729081
2023-10-26 00:00:00+05:30,962.0,963.0,935.0,940.7,1061128
2023-10-27 00:00:00+05:30,951.8,959.75,947.05,955.75,404416
2023-10-30 00:00:00+05:30,955.0,961.0,948.5,950.5,406988
2023-10-31 00:00:00+05:30,957.95,964.75,952.0,959.2,432972
2023-11-01 00:00:00+05:30,958.5,960.0,949.0,950.35,363571
2023-11-02 00:00:00+05:30,956.0,960.45,953.25,959.05,230632
2023-11-03 00:00:00+05:30,963.95,964.95,956.85,958.6,280436
2023-11-06 00:00:00+05:30,965.0,978.9,965.0,973.35,400869
2023-11-07 00:00:00+05:30,975.95,975.95,961.0,963.7,547913
2023-11-08 00:00:00+05:30,960.2,968.6,954.15,958.45,910691
2023-11-09 00:00:00+05:30,961.0,963.9,955.4,959.1,462572
2023-11-10 00:00:00+05:30,958.0,967.3,952.6,963.95,436075
2023-11-12 00:00:00+05:30,960.95,967.85,955.55,965.0,220426
2023-11-13 00:00:00+05:30,953.9,963.0,945.2,946.65,1293837
2023-11-15 00:00:00+05:30,955.0,955.55,948.1,949.55,463515
2023-11-16 00:00:00+05:30,951.5,957.6,948.3,954.2,510001
2023-11-17 00:00:00+05:30,951.55,969.1,951.55,963.4,824095
2023-11-20 00:00:00+05:30,963.7,967.9,953.0,955.7,390897
2023-11-21 00:00:00+05:30,957.0,971.0,957.0,961.3,385963
2023-11-22 00:00:00+05:30,964.0,967.5,951.05,960.45,456965
2023-11-23 00:00:00+05:30,960.45,971.4,960.0,965.65,722824
2023-11-24 00:00:00+05:30,967.0,968.9,958.0,960.6,410255
2023-11-28 00:00:00+05:30,960.6,971.95,958.6,968.55,542859
2023-11-29 00:00:00+05:30,969.95,974.0,967.05,972.55,458992
2023-11-30 00:00:00+05:30,971.7,972.95,962.0,970.45,810025
2023-12-01 00:00:00+05:30,970.3,980.7,966.05,969.95,603363
2023-12-04 00:00:00+05:30,979.0,979.0,971.0,973.05,599063
2023-12-05 00:00:00+05:30,975.0,985.1,973.5,983.2,1291543
2023-12-06 00:00:00+05:30,995.0,1029.9,995.0,1011.9,4017068
2023-12-07 00:00:00+05:30,1019.8,1025.25,1008.1,1018.25,796187
2023-12-08 00:00:00+05:30,1024.65,1027.25,990.0,996.85,1179751
2023-12-11 00:00:00+05:30,1004.95,1026.2,999.5,1018.05,1163115
2023-12-12 00:00:00+05:30,1024.1,1025.0,1001.4,1005.75,942123
2023-12-13 00:00:00+05:30,1011.8,1015.0,1001.2,1006.75,592127
2023-12-14 00:00:00+05:30,1011.0,1019.3,1006.2,1008.4,1124981
2023-12-15 00:00:00+05:30,1024.75,1044.9,1012.25,1030.0,2655928
2023-12-18 00:00:00+05:30,1034.7,1042.85,1027.0,1034.2,896701
2023-12-19 00:00:00+05:30,1040.0,1041.0,1021.1,1033.25,608182
2023-12-20 00:00:00+05:30,1033.5,1049.9,985.0,988.6,1651350
2023-12-21 00:00:00+05:30,988.6,1012.0,980.0,1009.65,813289
2023-12-22 00:00:00+05:30,1016.0,1041.0,1012.5,1022.05,1179769
2023-12-26 00:00:00+05:30,1027.0,1102.0,1020.7,1094.25,7243281
2023-12-27 00:00:00+05:30,1100.0,1102.85,1077.15,1089.85,1984857
2023-12-28 00:00:00+05:30,1094.7,1095.0,1079.05,1086.6,1387134
2023-12-29 00:00:00+05:30,1092.0,1123.0,1083.55,1104.1,2522155
2024-01-01 00:00:00+05:30,1113.0,1134.9,1106.25,1117.85,1851611
2024-01-02 00:00:00+05:30,1117.9,1139.5,1101.0,1122.35,1578917
2024-01-03 00:00:00+05:30,1122.3,1129.55,1097.0,1112.65,1404894
2024-01-04 00:00:00+05:30,1117.05,1137.95,1113.0,1131.55,867201
2024-01-05 00:00:00+05:30,1139.95,1141.0,1094.25,1104.7,1608206
2024-01-08 00:00:00+05:30,1109.0,1110.8,1082.15,1099.05,1206551
2024-01-09 00:00:00+05:30,1102.0,1118.0,1097.2,1104.15,920494
2024-01-10 00:00:00+05:30,1105.05,1108.55,1088.0,1097.35,389257
2024-01-11 00:00:00+05:30,1096.0,1114.0,1096.0,1104.85,572512
2024-01-12 00:00:00+05:30,1110.0,1124.85,1096.7,1112.2,1080170
2024-01-15 00:00:00+05:30,1118.9,1125.0,1107.15,1112.2,575875
2024-01-16 00:00:00+05:30,1112.2,1117.7,1089.45,1102.45,603729
2024-01-17 00:00:00+05:30,1097.95,1104.95,1079.95,1083.65,612371
2024-01-18 00:00:00+05:30,1080.0,1092.5,1048.0,1066.25,785453
2024-01-19 00:00:00+05:30,1074.95,1096.85,1070.15,1075.25,998025
2024-01-20 00:00:00+05:30,1077.3,1085.65,1001.7,1051.95,825794
2024-01-23 00:00:00+05:30,1060.05,1068.0,1000.05,1003.95,1148896
2024-01-24 00:00:00+05:30,1008.95,1023.0,998.55,1017.85,808345
2024-01-25 00:00:00+05:30,1022.0,1026.0,1001.1,1005.65,713684
2024-01-29 00:00:00+05:30,1010.15,1018.0,1006.4,1013.15,626512
2024-01-30 00:00:00+05:30,1013.15,1027.9,1003.0,1005.75,709805
2024-01-31 00:00:00+05:30,1010.1,1032.6,1007.0,1028.05,941821
2024-02-01 00:00:00+05:30,1035.0,1035.95,1012.0,1014.9,722085
2024-02-02 00:00:00+05:30,1023.0,1023.95,994.5,997.3,2230529
2024-02-05 00:00:00+05:30,999.0,1002.95,976.0,979.25,2154399
2024-02-06 00:00:00+05:30,935.25,1002.4,935.25,991.95,5059499
2024-02-07 00:00:00+05:30,994.9,995.95,982.25,987.05,967740
2024-02-08 00:00:00+05:30,987.05,990.0,968.0,971.05,1013560
2024-02-09 00:00:00+05:30,971.05,980.1,950.1,957.05,1277795
2024-02-12 00:00:00+05:30,961.0,973.4,944.05,946.05,1054918
2024-02-13 00:00:00+05:30,953.85,961.7,937.15,958.3,917512
2024-02-14 00:00:00+05:30,958.0,970.0,947.75,966.2,464013
2024-02-15 00:00:00+05:30,968.05,978.9,961.9,965.5,654078
2024-02-16 00:00:00+05:30,977.0,980.95,970.2,972.15,655961
2024-02-19 00:00:00+05:30,978.45,984.6,972.0,977.45,515992
2024-02-20 00:00:00+05:30,983.9,991.95,974.1,983.35,877382
2024-02-21 00:00:00+05:30,987.05,997.0,974.05,977.5,771887
2024-02-22 00:00:00+05:30,978.5,983.65,969.05,980.55,415917
2024-02-23 00:00:00+05:30,985.1,987.75,975.0,976.5,396790
2024-02-26 00:00:00+05:30,981.75,984.45,966.0,967.7,447272
2024-02-27 00:00:00+05:30,972.0,975.0,958.75,961.8,427306
2024-02-28 00:00:00+05:30,961.0,965.5,940.5,944.1,733055
2024-02-29 00:00:00+05:30,945.1,947.1,933.0,939.2,867903
2024-03-01 00:00:00+05:30,946.0,971.3,945.0,968.0,871124
2024-03-02 00:00:00+05:30,971.0,985.55,969.35,973.05,90929
2024-03-04 00:00:00+05:30,981.95,1009.2,969.3,1003.0,1736389
2024-03-05 00:00:00+05:30,1020.05,1085.0,1011.0,1061.3,9469271
2024-03-06 00:00:00+05:30,1063.0,1202.85,1047.55,1178.45,18967589
2024-03-07 00:00:00+05:30,1187.05,1349.0,1175.7,1315.25,47822207
2024-03-11 00:00:00+05:30,1220.0,1222.0,1170.0,1175.4,14713647
2024-03-12 00:00:00+05:30,1165.0,1169.45,1105.1,1143.65,7447480
2024-03-13 00:00:00+05:30,1146.0,1169.0,1081.45,1097.45,3797424
2024-03-14 00:00:00+05:30,1091.95,1149.85,1077.5,1135.25,2785690
2024-03-15 00:00:00+05:30,1136.7,1148.0,1112.5,1128.75,1603137
2024-03-18 00:00:00+05:30,1126.0,1143.4,1103.05,1136.55,921313
2024-03-19 00:00:00+05:30,1134.7,1136.8,1113.55,1120.9,956762
2024-03-20 00:00:00+05:30,1126.0,1132.0,1020.55,1031.3,9017251
2024-03-21 00:00:00+05:30,1048.85,1055.0,1030.5,1034.9,1736489
2024-03-22 00:00:00+05:30,1024.05,1064.85,1020.0,1046.4,2872800
2024-03-26 00:00:00+05:30,1051.0,1096.0,1046.1,1087.05,2028039
2024-03-27 00:00:00+05:30,1092.1,1142.8,1070.2,1110.3,7031720
2024-03-28 00:00:00+05:30,1112.0,1124.35,1075.2,1080.9,2523895
2024-04-01 00:00:00+05:30,1096.4,1125.7,1083.5,1087.2,2104600
2024-04-02 00:00:00+05:30,1095.9,1105.0,1087.0,1093.85,1280532
2024-04-03 00:00:00+05:30,1087.1,1112.7,1087.1,1091.8,1747357
2024-04-04 00:00:00+05:30,1102.0,1106.85,1087.0,1093.65,1138261
2024-04-05 00:00:00+05:30,1094.95,1160.0,1088.1,1132.55,8082508
2024-04-08 00:00:00+05:30,1140.0,1147.85,1121.1,1137.55,1945676
2024-04-09 00:00:00+05:30,1142.0,1163.0,1130.25,1137.95,2377893
2024-04-10 00:00:00+05:30,1140.15,1188.8,1140.15,1168.55,5057112
2024-04-12 00:00:00+05:30,1170.0,1181.4,1146.0,1148.45,2492408
2024-04-15 00:00:00+05:30,1121.0,1129.9,1075.5,1102.15,2859502
2024-04-16 00:00:00+05:30,1090.9,1129.6,1089.1,1106.2,1695444
2024-04-18 00:00:00+05:30,1121.9,1155.95,1096.9,1105.05,2704435
2024-04-19 00:00:00+05:30,1090.0,1123.5,1080.5,1103.75,2126463
2024-04-22 00:00:00+05:30,1119.0,1123.0,1097.8,1115.4,1853764
2024-04-23 00:00:00+05:30,1119.85,1130.0,1110.0,1114.9,1354218
2024-04-24 00:00:00+05:30,1124.0,1144.9,1116.05,1126.85,2258338
2024-04-25 00:00:00+05:30,1133.95,1141.2,1108.55,1112.8,2113748
2024-04-26 00:00:00+05:30,1122.3,1132.5,1116.15,1122.0,1171198
2024-04-29 00:00:00+05:30,1135.0,1136.0,1095.9,1099.5,2083202
2024-04-30 00:00:00+05:30,1066.0,1084.9,1050.0,1072.15,5927320
2024-05-02 00:00:00+05:30,1072.0,1110.95,1065.1,1100.65,3008089
2024-05-03 00:00:00+05:30,1103.9,1109.4,1082.4,1090.8,1026369
2024-05-06 00:00:00+05:30,1096.0,1103.5,1068.45,1082.45,798202
2024-05-07 00:00:00+05:30,1082.45,1087.9,1060.5,1063.55,700537
2024-05-08 00:00:00+05:30,1063.55,1084.1,1055.3,1080.0,634335
2024-05-09 00:00:00+05:30,1080.0,1084.0,1042.0,1044.3,623050
2024-05-10 00:00:00+05:30,1045.0,1062.9,1043.0,1058.65,684671
2024-05-13 00:00:00+05:30,1057.0,1065.0,1032.2,1063.0,598289
2024-05-14 00:00:00+05:30,1062.25,1068.35,1048.0,1065.75,567464
2024-05-15 00:00:00+05:30,1065.85,1101.5,1065.85,1072.45,962430
2024-05-16 00:00:00+05:30,1080.0,1085.65,1071.4,1083.0,533612
2024-05-17 00:00:00+05:30,1083.0,1105.25,1078.8,1084.45,695850
2024-05-18 00:00:00+05:30,1086.85,1092.0,1078.0,1079.55,101545
2024-05-21 00:00:00+05:30,1079.0,1094.35,1075.3,1087.45,572520
2024-05-22 00:00:00+05:30,1084.15,1094.85,1076.45,1086.45,496537
2024-05-23 00:00:00+05:30,1081.05,1094.85,1077.0,1088.85,927993
2024-05-24 00:00:00+05:30,1089.85,1118.4,1080.05,1084.25,3184058
2024-05-27 00:00:00+05:30,1092.6,1117.0,1086.4,1105.15,2360517
2024-05-28 00:00:00+05:30,1108.9,1129.0,1090.45,1096.4,1614143
2024-05-29 00:00:00+05:30,1096.4,1101.45,1070.25,1072.3,913212
2024-05-30 00:00:00+05:30,1072.65,1078.95,1037.0,1043.55,1061955
2024-05-31 00:00:00+05:30,1048.45,1055.95,1027.0,1030.15,1306729
2024-06-03 00:00:00+05:30,1068.0,1068.0,1033.65,1060.85,1408614
2024-06-04 00:00:00+05:30,1068.0,1068.0,960.05,996.95,1950548
2024-06-05 00:00:00+05:30,1016.0,1047.0,991.5,1043.1,833436
2024-06-06 00:00:00+05:30,1046.95,1067.0,1045.0,1063.35,857357
2024-06-07 00:00:00+05:30,1028.9,1061.6,1017.95,1056.15,2477378
2024-06-10 00:00:00+05:30,1064.95,1097.7,1060.0,1086.0,2458143
2024-06-11 00:00:00+05:30,1081.1,1120.95,1073.4,1111.4,3432029
2024-06-12 00:00:00+05:30,1110.9,1135.0,1097.0,1123.6,3594685
2024-06-13 00:00:00+05:30,1123.6,1130.0,1106.05,1116.3,1081926
2024-06-14 00:00:00+05:30,1116.3,1123.0,1100.7,1105.85,1024057
2024-06-18 00:00:00+05:30,1106.0,1124.4,1101.25,1121.1,1365786
2024-06-19 00:00:00+05:30,1127.0,1139.0,1104.2,1106.85,1620864
2024-06-20 00:00:00+05:30,1113.0,1161.3,1105.3,1154.0,6000213
2024-06-21 00:00:00+05:30,1162.0,1162.0,1120.45,1126.3,2066048
2024-06-24 00:00:00+05:30,1125.0,1125.3,1092.4,1103.45,1640665
2024-06-25 00:00:00+05:30,1106.9,1122.0,1095.0,1097.05,1007056
2024-06-26 00:00:00+05:30,1100.05,1111.0,1089.5,1092.45,1154125
2024-06-27 00:00:00+05:30,1092.35,1099.2,1074.0,1091.65,1657793
2024-06-28 00:00:00+05:30,1095.0,1106.9,1087.55,1103.1,1052712
2024-07-01 00:00:00+05:30,1107.95,1117.3,1103.6,1107.35,1136445
2024-07-02 00:00:00+05:30,1108.95,1116.05,1090.35,1095.3,863073
2024-07-03 00:00:00+05:30,1098.5,1112.85,1095.0,1103.45,878761
2024-07-04 00:00:00+05:30,1107.0,1120.0,1100.5,1103.65,1102773
2024-07-05 00:00:00+05:30,1103.65,1110.0,1089.0,1101.75,1658503
2024-07-08 00:00:00+05:30,1101.75,1111.15,1078.65,1079.95,1111230
2024-07-09 00:00:00+05:30,1085.0,1096.4,1079.0,1082.75,816669
2024-07-10 00:00:00+05:30,1082.75,1089.85,1043.25,1063.65,2550443
2024-07-11 00:00:00+05:30,1072.0,1073.65,1053.65,1059.0,1366004
2024-07-12 00:00:00+05:30,1065.0,1074.0,1061.4,1065.7,617639
2024-07-15 00:00:00+05:30,1066.95,1070.45,1058.1,1066.45,1152257
2024-07-16 00:00:00+05:30,1071.45,1077.95,1064.4,1065.9,603025
2024-07-18 00:00:00+05:30,1065.95,1068.9,1047.15,1060.55,1395138
2024-07-19 00:00:00+05:30,1059.95,1061.75,1038.05,1044.2,1851329
2024-07-22 00:00:00+05:30,1039.95,1070.0,1032.4,1067.1,984913
2024-07-23 00:00:00+05:30,1069.0,1069.9,1019.2,1044.85,794063
2024-07-24 00:00:00+05:30,1046.1,1057.65,1043.1,1051.5,426005
2024-07-25 00:00:00+05:30,1048.5,1052.0,1041.45,1047.7,425920
2024-07-26 00:00:00+05:30,1048.05,1075.95,1048.05,1070.7,873682
2024-07-29 00:00:00+05:30,1079.0,1105.95,1076.05,1098.6,1876689
2024-07-30 00:00:00+05:30,1098.0,1121.0,1094.05,1111.5,1426606
2024-07-31 00:00:00+05:30,1121.0,1129.0,1106.05,1119.65,1377588
2024-08-01 00:00:00+05:30,1129.95,1133.0,1095.2,1103.75,872250
2024-08-02 00:00:00+05:30,1095.95,1100.2,1078.6,1087.0,944709
2024-08-05 00:00:00+05:30,1050.0,1083.5,1045.1,1053.25,1034008
2024-08-06 00:00:00+05:30,1066.0,1078.4,1027.15,1032.85,1715631
2024-08-07 00:00:00+05:30,1045.9,1056.8,1034.3,1053.05,538673
2024-08-08 00:00:00+05:30,1048.2,1051.15,1027.35,1029.9,711931
2024-08-09 00:00:00+05:30,1035.85,1055.75,1035.85,1041.7,488798
2024-08-12 00:00:00+05:30,1041.7,1056.0,1030.6,1048.35,506098
2024-08-13 00:00:00+05:30,1049.0,1050.0,1025.05,1027.75,662395
2024-08-14 00:00:00+05:30,1034.9,1034.9,1011.1,1019.75,917164
2024-08-16 00:00:00+05:30,1022.05,1044.9,1022.05,1042.35,461190
2024-08-19 00:00:00+05:30,1045.0,1055.0,1041.15,1052.95,387913
2024-08-20 00:00:00+05:30,1052.0,1064.0,1048.5,1059.65,547522
2024-08-21 00:00:00+05:30,1053.95,1067.95,1051.7,1062.3,376197
2024-08-22 00:00:00+05:30,1062.3,1093.05,1062.3,1085.45,967795
2024-08-23 00:00:00+05:30,1091.9,1091.9,1068.1,1072.3,614605
2024-08-26 00:00:00+05:30,1079.95,1083.0,1071.0,1073.15,317928
2024-08-27 00:00:00+05:30,1073.4,1097.75,1072.75,1086.8,1126815
2024-08-28 00:00:00+05:30,1089.0,1106.0,1072.45,1075.65,1009628
2024-08-29 00:00:00+05:30,1075.65,1076.55,1057.55,1073.3,663496
2024-08-30 00:00:00+05:30,1073.3,1096.0,1073.3,1082.65,784070
2024-09-02 00:00:00+05:30,1083.0,1097.0,1077.25,1084.15,524425
2024-09-03 00:00:00+05:30,1082.0,1112.5,1082.0,1108.3,1756062
2024-09-04 00:00:00+05:30,1106.9,1106.9,1076.3,1081.4,1108263
2024-09-05 00:00:00+05:30,1083.3,1088.25,1071.3,1081.25,1278880
2024-09-06 00:00:00+05:30,1082.0,1085.5,1053.3,1056.65,1014325
2024-09-09 00:00:00+05:30,1057.0,1057.0,1039.0,1052.05,431616
2024-09-10 00:00:00+05:30,1060.0,1068.0,1055.0,1062.85,452578
2024-09-11 00:00:00+05:30,1063.7,1065.85,1028.25,1030.2,755783
2024-09-12 00:00:00+05:30,1032.1,1045.5,1025.0,1043.65,622430
2024-09-13 00:00:00+05:30,1045.0,1066.05,1041.5,1053.7,507348
2024-09-16 00:00:00+05:30,1053.7,1060.2,1040.0,1041.75,697399
2024-09-17 00:00:00+05:30,1049.0,1049.0,1029.0,1030.85,595277
2024-09-18 00:00:00+05:30,1031.0,1035.8,1006.05,1017.6,1193561
2024-09-19 00:00:00+05:30,1025.7,1029.0,993.05,1022.5,1428078
2024-09-20 00:00:00+05:30,1025.0,1030.95,1015.6,1025.7,541066
2024-09-23 00:00:00+05:30,1030.0,1038.3,1026.1,1034.1,455243
2024-09-24 00:00:00+05:30,1031.25,1056.3,1031.25,1049.95,1082182
2024-09-25 00:00:00+05:30,1051.0,1066.85,1051.0,1058.05,859249
2024-09-26 00:00:00+05:30,1060.0,1062.0,1042.1,1054.45,481760
2024-09-27 00:00:00+05:30,1057.6,1089.8,1056.15,1067.2,2285624
2024-09-30 00:00:00+05:30,1079.95,1101.3,1074.15,1091.5,2437672
2024-10-01 00:00:00+05:30,1099.0,1139.95,1088.0,1132.6,3781132
2024-10-03 00:00:00+05:30,1119.5,1140.0,1091.25,1133.05,1946547
2024-10-04 00:00:00+05:30,1132.5,1163.0,1102.25,1128.65,3609598
2024-10-07 00:00:00+05:30,1142.0,1143.25,1071.15,1077.65,1550240
2024-10-08 00:00:00+05:30,1077.65,1104.45,1055.85,1085.7,1023319
2024-10-09 00:00:00+05:30,1093.0,1144.6,1091.2,1105.35,2757842
2024-10-10 00:00:00+05:30,1160.0,1204.45,1132.65,1151.2,12418567
2024-10-11 00:00:00+05:30,1156.9,1188.7,1145.7,1183.1,4347446
2024-10-14 00:00:00+05:30,1194.0,1200.3,1097.0,1104.5,6645765
2024-10-15 00:00:00+05:30,1107.9,1121.75,1095.15,1099.0,2058334
2024-10-16 00:00:00+05:30,1095.0,1109.0,1092.0,1100.35,929093
2024-10-17 00:00:00+05:30,1102.0,1118.0,1064.3,1073.85,1406274
2024-10-18 00:00:00+05:30,1055.05,1093.45,1040.0,1088.1,2178864
2024-10-21 00:00:00+05:30,1140.0,1247.35,1127.2,1189.0,19163502
2024-10-22 00:00:00+05:30,1170.0,1181.5,1129.3,1143.3,6566552
2024-10-23 00:00:00+05:30,1142.0,1163.4,1122.15,1124.85,2878025
2024-10-24 00:00:00+05:30,1129.7,1143.95,1101.0,1107.25,1686540
2024-10-25 00:00:00+05:30,1110.0,1115.05,1052.35,1064.75,1915919
2024-10-28 00:00:00+05:30,1070.0,1105.95,1065.0,1091.65,1585694
2024-10-29 00:00:00+05:30,1097.1,1103.5,1072.65,1096.2,1099457
2024-10-30 00:00:00+05:30,1096.0,1138.6,1088.05,1131.75,2265808
2024-10-31 00:00:00+05:30,1131.0,1158.4,1124.65,1148.9,1792719
2024-11-01 00:00:00+05:30,1154.0,1163.85,1148.0,1154.75,287093
2024-11-04 00:00:00+05:30,1154.75,1154.75,1110.9,1125.75,658591
2024-11-05 00:00:00+05:30,1128.0,1141.0,1112.0,1129.8,922441
2024-11-06 00:00:00+05:30,1130.0,1156.0,1126.2,1150.55,927428
2024-11-07 00:00:00+05:30,1150.9,1159.2,1117.0,1120.25,692065
2024-11-08 00:00:00+05:30,1127.0,1127.95,1098.0,1101.5,634107
2024-11-11 00:00:00+05:30,1101.45,1104.8,1080.1,1096.55,876068
2024-11-12 00:00:00+05:30,1095.5,1112.45,1068.0,1072.35,673271
2024-11-13 00:00:00+05:30,1076.65,1080.8,1034.8,1041.15,848792
2024-11-14 00:00:00+05:30,1041.15,1066.95,1041.05,1058.55,588233
2024-11-18 00:00:00+05:30,1058.0,1069.0,1047.2,1058.95,470959
2024-11-19 00:00:00+05:30,1067.95,1086.5,1061.0,1068.25,442292
2024-11-21 00:00:00+05:30,1062.3,1065.0,1042.35,1045.1,543330
2024-11-22 00:00:00+05:30,1045.0,1072.4,1042.2,1069.9,404809
2024-11-25 00:00:00+05:30,1090.0,1104.3,1076.25,1081.95,1155800
2024-11-26 00:00:00+05:30,1085.1,1102.0,1082.35,1095.3,692757
2024-11-27 00:00:00+05:30,1100.0,1115.1,1086.0,1107.15,562395
2024-11-28 00:00:00+05:30,1107.15,1120.9,1095.0,1103.85,608222
2024-11-29 00:00:00+05:30,1100.0,1117.5,1100.0,1111.75,334105
2024-12-02 00:00:00+05:30,1111.75,1134.0,1095.45,1129.8,659775
2024-12-03 00:00:00+05:30,1134.0,1139.0,1127.0,1136.4,492734
2024-12-04 00:00:00+05:30,1136.0,1145.75,1122.4,1125.95,368829
2024-12-05 00:00:00+05:30,1130.0,1142.35,1118.55,1136.7,546100
2024-12-06 00:00:00+05:30,1128.0,1141.6,1117.0,1119.5,443419
2024-12-09 00:00:00+05:30,1118.0,1121.0,1100.1,1106.05,432099
2024-12-10 00:00:00+05:30,1110.0,1134.9,1109.9,1123.5,792491
2024-12-11 00:00:00+05:30,1123.0,1139.45,1119.3,1125.65,305863
2024-12-12 00:00:00+05:30,1120.0,1124.3,1096.35,1100.3,421157
2024-12-13 00:00:00+05:30,1100.3,1100.9,1067.35,1093.55,567527
2024-12-16 00:00:00+05:30,1093.0,1100.9,1081.0,1084.75,304355
2024-12-17 00:00:00+05:30,1084.75,1090.0,1070.0,1072.65,542449
2024-12-18 00:00:00+05:30,1077.0,1077.4,1047.75,1057.15,495635
2024-12-19 00:00:00+05:30,1049.2,1061.9,1037.25,1059.55,436526
2024-12-20 00:00:00+05:30,1062.4,1064.9,1021.0,1028.85,756678
2024-12-23 00:00:00+05:30,1040.0,1045.0,1025.15,1034.25,270757
2024-12-24 00:00:00+05:30,1040.0,1107.0,1032.85,1067.6,3912449
2024-12-26 00:00:00+05:30,1068.0,1073.95,1047.0,1057.65,715129
2024-12-27 00:00:00+05:30,1059.5,1067.4,1043.3,1046.35,364011
2024-12-30 00:00:00+05:30,1049.2,1054.95,1028.5,1031.8,899161
2024-12-31 00:00:00+05:30,1034.8,1061.05,1030.0,1052.2,1558889
2025-01-01 00:00:00+05:30,1042.0,1048.0,1034.05,1038.4,630282
2025-01-02 00:00:00+05:30,1042.95,1045.0,1018.15,1031.45,1949445
2025-01-03 00:00:00+05:30,1038.0,1041.6,1023.3,1027.9,534063
2025-01-06 00:00:00+05:30,1034.45,1034.45,986.0,991.25,1560552
2025-01-07 00:00:00+05:30,1001.0,1022.5,991.0,1012.2,1311159
2025-01-08 00:00:00+05:30,1014.2,1016.95,999.7,1003.7,1682463
2025-01-09 00:00:00+05:30,1008.0,1027.4,998.05,1014.85,1712582
2025-01-10 00:00:00+05:30,1015.5,1016.0,969.55,977.75,1867534
2025-01-13 00:00:00+05:30,965.05,972.3,947.05,949.6,1131747
2025-01-14 00:00:00+05:30,952.5,973.05,952.5,965.5,1120814
2025-01-15 00:00:00+05:30,966.8,976.95,954.0,961.95,1108334
2025-01-16 00:00:00+05:30,969.0,982.2,969.0,972.45,600983
2025-01-17 00:00:00+05:30,995.0,1002.15,968.75,975.35,1214761
2025-01-20 00:00:00+05:30,976.9,982.2,958.65,971.4,1122721
2025-01-21 00:00:00+05:30,974.95,983.9,956.0,960.05,792769
2025-01-22 00:00:00+05:30,962.0,966.25,941.05,954.05,744699
2025-01-23 00:00:00+05:30,953.8,985.0,941.15,975.45,730913
2025-01-24 00:00:00+05:30,975.45,983.15,951.8,956.9,464543
2025-01-27 00:00:00+05:30,953.0,963.0,935.0,943.95,961156
2025-01-28 00:00:00+05:30,951.0,954.2,930.05,941.8,606676
2025-01-29 00:00:00+05:30,941.95,965.0,940.5,962.8,540595
2025-01-30 00:00:00+05:30,962.55,977.4,958.95,967.95,383812
2025-01-31 00:00:00+05:30,968.1,990.0,968.05,986.1,570528
2025-02-01 00:00:00+05:30,985.0,988.95,952.65,964.3,349881
2025-02-03 00:00:00+05:30,964.3,966.9,937.0,946.55,832855
2025-02-04 00:00:00+05:30,930.1,935.95,899.2,918.5,5589827
2025-02-05 00:00:00+05:30,917.55,937.45,913.0,933.75,886319
2025-02-06 00:00:00+05:30,943.0,958.9,930.5,936.15,1132979
2025-02-07 00:00:00+05:30,935.0,941.4,920.85,931.4,956627
2025-02-10 00:00:00+05:30,928.0,930.9,905.05,909.4,840800
2025-02-11 00:00:00+05:30,910.0,917.8,878.05,883.05,711445
2025-02-12 00:00:00+05:30,884.95,887.5,858.05,878.6,525775
2025-02-13 00:00:00+05:30,878.95,888.15,867.0,868.25,412094
2025-02-14 00:00:00+05:30,871.05,876.05,838.65,846.5,599907
2025-02-17 00:00:00+05:30,846.5,859.25,831.8,854.5,404275
2025-02-18 00:00:00+05:30,855.85,859.0,841.75,856.6,361609
2025-02-19 00:00:00+05:30,853.4,861.8,848.15,853.85,614343
2025-02-20 00:00:00+05:30,853.4,857.3,844.05,854.7,494774
2025-02-21 00:00:00+05:30,853.1,866.85,841.0,846.05,414749
2025-02-24 00:00:00+05:30,844.0,844.0,834.1,836.35,357017
2025-02-25 00:00:00+05:30,844.0,844.0,824.0,827.7,492961
2025-02-27 00:00:00+05:30,827.25,829.0,800.0,801.85,743101
2025-02-28 00:00:00+05:30,799.9,801.6,765.0,777.35,835197
2025-03-03 00:00:00+05:30,777.35,790.1,756.0,787.55,617215
2025-03-04 00:00:00+05:30,787.0,794.0,774.0,783.0,490881
2025-03-05 00:00:00+05:30,780.0,805.8,780.0,802.7,709790
2025-03-06 00:00:00+05:30,817.8,817.8,805.6,814.7,792050
2025-03-07 00:00:00+05:30,814.8,825.8,810.0,815.3,522339
2025-03-10 00:00:00+05:30,820.0,825.25,808.35,814.15,1082771
2025-03-11 00:00:00+05:30,810.0,825.5,802.7,815.9,450253
2025-03-13 00:00:00+05:30,808.0,810.9,795.0,796.1,342005
2025-03-17 00:00:00+05:30,799.8,805.65,791.0,803.3,712444
2025-03-18 00:00:00+05:30,806.55,820.8,804.9,817.6,399847
2025-03-19 00:00:00+05:30,822.45,835.05,819.3,833.1,550187
2025-03-20 00:00:00+05:30,840.0,843.85,831.0,837.45,561486
2025-03-21 00:00:00+05:30,839.8,854.2,834.45,847.25,933659
2025-03-24 00:00:00+05:30,849.95,860.0,845.5,852.65,477959
2025-03-25 00:00:00+05:30,852.7,862.55,846.7,855.95,841053
2025-03-26 00:00:00+05:30,857.0,861.0,847.75,850.9,647911
2025-03-27 00:00:00+05:30,849.9,858.85,844.2,847.8,2839769
2025-03-28 00:00:00+05:30,850.0,872.15,849.5,864.9,1643302
2025-04-01 00:00:00+05:30,860.1,864.85,835.3,839.75,635894
2025-04-02 00:00:00+05:30,841.0,853.9,827.2,851.5,416659
2025-04-03 00:00:00+05:30,843.3,854.45,841.0,849.9,208804
2025-04-04 00:00:00+05:30,849.9,855.05,810.0,812.4,586343
2025-04-07 00:00:00+05:30,770.0,809.2,765.0,800.5,1145265
2025-04-08 00:00:00+05:30,805.0,816.45,801.9,809.25,322203
2025-04-09 00:00:00+05:30,809.0,814.45,797.6,811.5,249489
2025-04-11 00:00:00+05:30,837.35,837.35,815.0,832.25,831867
2025-04-15 00:00:00+05:30,837.05,847.95,836.4,846.9,504370
2025-04-16 00:00:00+05:30,854.0,855.0,844.5,847.5,478419
2025-04-17 00:00:00+05:30,848.0,859.65,843.1,848.75,613179
2025-04-21 00:00:00+05:30,857.45,858.85,847.3,853.65,565994
2025-04-22 00:00:00+05:30,855.1,861.9,846.35,851.85,716475
2025-04-23 00:00:00+05:30,855.8,867.6,851.0,857.6,786517
2025-04-24 00:00:00+05:30,857.6,875.4,855.85,864.1,937615
2025-04-25 00:00:00+05:30,865.0,870.25,822.15,826.45,1669531
2025-04-28 00:00:00+05:30,826.45,841.75,824.05,838.65,846965
2025-04-29 00:00:00+05:30,844.0,859.4,840.0,857.2,1169792
2025-04-30 00:00:00+05:30,857.0,859.6,833.3,837.3,444697
2025-05-02 00:00:00+05:30,839.95,847.65,832.0,835.1,340851
2025-05-05 00:00:00+05:30,836.0,847.25,830.5,845.45,404397
2025-05-06 00:00:00+05:30,850.0,850.0,812.0,816.6,987019
2025-05-07 00:00:00+05:30,805.0,828.25,805.0,826.2,711923
2025-05-08 00:00:00+05:30,821.0,844.65,801.0,808.7,2471427
2025-05-09 00:00:00+05:30,787.6,819.5,787.6,817.3,1210695
2025-05-12 00:00:00+05:30,830.0,849.9,829.45,848.75,804624
2025-05-13 00:00:00+05:30,848.0,849.95,831.85,836.8,575585
2025-05-14 00:00:00+05:30,842.0,842.85,834.55,838.6,401692
2025-05-15 00:00:00+05:30,841.05,854.45,838.15,852.4,736612
2025-05-16 00:00:00+05:30,854.4,860.95,850.25,859.5,549605
2025-05-19 00:00:00+05:30,860.0,874.0,856.5,868.15,1242269
2025-05-20 00:00:00+05:30,875.0,885.0,861.0,863.1,1214133
2025-05-21 00:00:00+05:30,867.4,867.5,855.0,859.1,329073
2025-05-22 00:00:00+05:30,858.05,863.9,851.5,859.3,401001
2025-05-23 00:00:00+05:30,858.15,887.55,856.2,873.95,1091945
2025-05-26 00:00:00+05:30,879.9,886.7,871.05,881.85,857812
2025-05-27 00:00:00+05:30,881.9,903.75,878.6,900.4,1753607
2025-05-28 00:00:00+05:30,908.0,908.4,891.0,895.75,719939
2025-05-29 00:00:00+05:30,898.75,898.75,886.5,891.2,396258
2025-05-30 00:00:00+05:30,891.95,895.0,879.45,887.15,463076
2025-06-02 00:00:00+05:30,883.0,898.5,880.85,896.6,501195
2025-06-03 00:00:00+05:30,896.95,914.0,894.65,905.4,1162515
2025-06-04 00:00:00+05:30,905.4,917.7,895.55,915.15,763349
2025-06-05 00:00:00+05:30,916.0,936.5,911.4,930.4,1531901
2025-06-06 00:00:00+05:30,934.0,946.0,921.5,934.1,1530328
2025-06-09 00:00:00+05:30,936.0,962.85,935.5,960.45,1056942
2025-06-10 00:00:00+05:30,965.0,976.55,959.3,962.4,730811
2025-06-11 00:00:00+05:30,964.0,972.0,951.35,960.35,1078694
2025-06-12 00:00:00+05:30,951.8,951.8,930.5,932.75,733082
2025-06-13 00:00:00+05:30,918.0,930.65,918.0,925.45,384589
2025-06-16 00:00:00+05:30,921.3,939.9,911.5,936.35,539395
2025-06-17 00:00:00+05:30,934.05,945.45,931.0,935.2,372538
2025-06-18 00:00:00+05:30,936.6,941.1,924.45,928.25,302779
2025-06-19 00:00:00+05:30,927.0,929.1,905.05,909.05,399670
2025-06-20 00:00:00+05:30,906.5,919.6,905.3,913.85,1015043
2025-06-23 00:00:00+05:30,913.85,915.4,900.2,905.5,644664
2025-06-24 00:00:00+05:30,914.85,924.65,907.8,912.6,660305
2025-06-25 00:00:00+05:30,919.0,942.0,910.15,939.95,1663007
2025-06-26 00:00:00+05:30,947.0,947.0,924.0,935.25,986131
2025-06-27 00:00:00+05:30,937.1,942.6,931.6,933.7,458429
2025-06-30 00:00:00+05:30,935.0,943.9,932.55,936.65,449007
2025-07-01 00:00:00+05:30,937.95,942.0,925.6,930.55,297613
2025-07-02 00:00:00+05:30,931.9,943.0,924.1,934.15,606838
2025-07-03 00:00:00+05:30,940.6,950.4,933.15,945.0,1202113
2025-07-04 00:00:00+05:30,949.5,956.15,936.4,939.0,1018714
2025-07-07 00:00:00+05:30,939.35,941.9,927.2,929.2,365580
2025-07-08 00:00:00+05:30,930.95,934.5,919.0,925.85,319306
2025-07-09 00:00:00+05:30,927.0,930.0,920.2,922.35,282307
2025-07-10 00:00:00+05:30,925.0,927.4,917.55,925.25,465789
2025-07-11 00:00:00+05:30,922.0,924.4,900.7,906.3,531790
2025-07-14 00:00:00+05:30,910.8,925.65,903.2,923.95,460697
2025-07-15 00:00:00+05:30,927.0,938.25,921.2,931.4,431633
2025-07-16 00:00:00+05:30,931.4,944.1,922.3,940.2,521056
2025-07-17 00:00:00+05:30,940.1,948.5,934.6,938.45,412325
2025-07-18 00:00:00+05:30,938.45,939.9,925.65,931.95,397257
2025-07-21 00:00:00+05:30,925.15,947.0,925.15,940.4,384455
2025-07-22 00:00:00+05:30,945.0,966.0,935.0,962.65,1169600
2025-07-23 00:00:00+05:30,965.0,977.0,952.05,972.1,2048020
2025-07-24 00:00:00+05:30,975.85,977.95,944.0,946.4,847052
2025-07-25 00:00:00+05:30,947.0,954.55,920.8,941.4,959684
2025-07-28 00:00:00+05:30,943.95,958.0,922.8,934.35,1175385
2025-07-29 00:00:00+05:30,950.55,1004.9,949.0,1000.0,9619563
2025-07-30 00:00:00+05:30,1000.0,1018.8,992.35,1001.35,2173962
2025-07-31 00:00:00+05:30,978.85,998.5,978.85,982.55,772958
2025-08-01 00:00:00+05:30,982.55,989.0,954.8,956.5,523628
2025-08-04 00:00:00+05:30,962.45,975.65,954.8,973.4,741473
2025-08-05 00:00:00+05:30,976.0,983.0,956.65,964.25,631578
2025-08-06 00:00:00+05:30,960.0,965.4,943.75,949.55,499815
2025-08-07 00:00:00+05:30,941.0,962.95,936.45,959.0,586894
2025-08-08 00:00:00+05:30,959.0,963.85,941.6,946.3,244860
2025-08-11 00:00:00+05:30,945.5,956.35,941.05,952.4,226258
2025-08-12 00:00:00+05:30,952.4,954.9,940.85,945.2,278362
2025-08-13 00:00:00+05:30,950.0,950.35,937.05,941.4,356973
2025-08-14 00:00:00+05:30,944.4,946.05,931.05,933.5,278540
2025-08-18 00:00:00+05:30,941.4,953.8,939.55,945.85,352478
2025-08-19 00:00:00+05:30,946.9,950.3,941.65,947.6,334463
2025-08-20 00:00:00+05:30,948.6,952.45,938.5,944.65,423832
2025-08-21 00:00:00+05:30,945.0,946.2,935.15,940.2,463994
2025-08-22 00:00:00+05:30,940.2,945.0,935.45,938.05,200904
2025-08-25 00:00:00+05:30,938.0,953.65,936.95,950.25,428532
2025-08-26 00:00:00+05:30,950.75,950.8,930.0,935.3,427451
2025-08-28 00:00:00+05:30,937.0,937.85,915.05,917.8,338180
2025-08-29 00:00:00+05:30,917.9,933.95,917.05,920.7,429660
2025-09-01 00:00:00+05:30,921.45,941.9,920.35,939.85,194469
2025-09-02 00:00:00+05:30,939.9,944.95,928.9,931.45,467774
2025-09-03 00:00:00+05:30,936.9,942.35,931.1,939.2,443022
2025-09-04 00:00:00+05:30,951.0,951.0,933.7,938.75,386735
2025-09-05 00:00:00+05:30,938.75,945.45,925.6,933.45,307265
2025-09-08 00:00:00+05:30,935.0,952.95,934.5,943.3,295157
2025-09-09 00:00:00+05:30,944.0,949.05,938.6,945.55,211408
2025-09-10 00:00:00+05:30,950.0,955.9,942.3,945.0,264777
2025-09-11 00:00:00+05:30,945.0,976.0,945.0,968.25,754101
2025-09-12 00:00:00+05:30,973.0,978.85,958.0,961.25,609158
2025-09-15 00:00:00+05:30,961.9,985.2,961.55,975.4,537683
2025-09-16 00:00:00+05:30,975.5,1004.65,974.15,982.55,871132
2025-09-17 00:00:00+05:30,982.95,1026.65,982.95,1005.15,1843644
2025-09-18 00:00:00+05:30,1007.2,1008.15,986.65,989.25,606064
2025-09-19 00:00:00+05:30,985.5,1001.8,983.05,993.6,482023
2025-09-22 00:00:00+05:30,1000.0,1001.6,970.1,973.95,917110
2025-09-23 00:00:00+05:30,974.0,982.75,956.9,959.9,528618
2025-09-24 00:00:00+05:30,960.0,971.3,955.5,964.15,375553
2025-09-25 00:00:00+05:30,968.0,968.0,947.0,952.25,500669
2025-09-26 00:00:00+05:30,951.0,951.2,928.95,930.8,465621
2025-09-29 00:00:00+05:30,935.0,944.0,922.25,925.4,909596
2025-09-30 00:00:00+05:30,930.5,935.0,905.35,919.85,3622603
2025-10-01 00:00:00+05:30,922.0,933.3,913.6,917.55,552294
2025-10-03 00:00:00+05:30,921.5,928.35,910.3,925.5,490645
2025-10-06 00:00:00+05:30,930.0,943.1,922.1,926.75,657072
2025-10-07 00:00:00+05:30,930.0,935.4,920.0,922.0,312793
2025-10-08 00:00:00+05:30,920.5,923.2,905.25,907.9,276199
2025-10-09 00:00:00+05:30,907.9,912.1,902.8,906.05,233606
2025-10-10 00:00:00+05:30,906.1,909.95,902.0,903.05,288333
2025-10-13 00:00:00+05:30,920.0,932.45,908.0,910.55,1031896
2025-10-14 00:00:00+05:30,912.0,944.5,910.0,913.75,1204101
2025-10-15 00:00:00+05:30,915.0,916.4,896.9,903.55,769698
2025-10-16 00:00:00+05:30,905.55,934.0,905.55,920.95,720955
2025-10-17 00:00:00+05:30,920.15,920.35,894.8,902.7,577202
2025-10-20 00:00:00+05:30,909.7,909.7,898.8,903.15,387502
2025-10-21 00:00:00+05:30,905.95,917.2,905.95,912.9,90015
2025-10-23 00:00:00+05:30,918.8,918.85,902.0,904.7,297380
2025-10-24 00:00:00+05:30,909.25,909.45,895.0,899.85,391247
2025-10-27 00:00:00+05:30,901.0,902.6,891.1,893.55,314412
2025-10-28 00:00:00+05:30,901.0,912.1,901.0,903.85,453366
2025-10-29 00:00:00+05:30,907.55,914.75,902.1,912.5,480055
2025-10-30 00:00:00+05:30,912.5,915.15,897.1,900.75,292070
2025-10-31 00:00:00+05:30,902.85,909.0,890.0,890.65,350018
2025-11-03 00:00:00+05:30,867.0,877.0,858.1,875.35,950452
2025-11-04 00:00:00+05:30,876.95,894.95,876.9,892.35,643129
2025-11-06 00:00:00+05:30,893.95,894.0,870.35,872.85,247626
2025-11-07 00:00:00+05:30,876.4,876.4,854.95,858.1,416512
2025-11-10 00:00:00+05:30,861.7,864.6,839.1,840.45,469283
2025-11-11 00:00:00+05:30,841.35,848.85,833.4,842.3,352898
2025-11-12 00:00:00+05:30,842.45,858.95,842.45,852.35,369400
2025-11-13 00:00:00+05:30,852.35,858.6,818.95,841.5,466428
2025-11-14 00:00:00+05:30,842.05,847.35,830.1,832.75,344387
2025-11-17 00:00:00+05:30,832.95,843.05,831.0,834.45,264669
2025-11-18 00:00:00+05:30,836.0,837.85,824.7,826.7,262160
2025-11-19 00:00:00+05:30,826.0,829.0,817.0,819.4,259722
2025-11-20 00:00:00+05:30,824.95,826.2,817.15,818.9,241226
2025-11-21 00:00:00+05:30,817.7,818.9,808.0,810.0,274808
2025-11-24 00:00:00+05:30,815.05,823.35,800.05,804.1,404649
2025-11-25 00:00:00+05:30,807.7,809.7,797.0,803.9,310868
2025-11-26 00:00:00+05:30,808.75,820.0,798.7,815.0,508429
2025-11-27 00:00:00+05:30,812.95,820.0,804.65,808.25,260321
2025-11-28 00:00:00+05:30,808.2,808.25,799.0,800.4,296918
2025-12-01 00:00:00+05:30,800.95,804.9,794.0,795.4,245235
2025-12-02 00:00:00+05:30,796.0,798.7,786.05,789.8,304008
2025-12-03 00:00:00+05:30,790.0,790.4,776.7,783.1,323179
2025-12-04 00:00:00+05:30,783.1,788.4,780.2,782.2,152764
2025-12-05 00:00:00+05:30,784.95,784.95,771.0,774.05,262657
2025-12-08 00:00:00+05:30,774.05,779.0,754.8,762.95,450436
2025-12-09 00:00:00+05:30,762.4,763.2,747.0,749.4,636614
2025-12-10 00:00:00+05:30,755.0,768.0,751.0,752.6,428932
2025-12-11 00:00:00+05:30,757.2,759.45,748.6,753.8,323029
2025-12-12 00:00:00+05:30,758.4,762.9,755.0,758.85,198265
2025-12-15 00:00:00+05:30,760.05,767.8,757.0,765.9,258826
2025-12-16 00:00:00+05:30,765.0,770.4,754.0,755.9,290849
2025-12-17 00:00:00+05:30,755.9,759.8,750.0,751.65,200303
2025-12-18 00:00:00+05:30,751.15,754.65,745.1,748.9,211228
2025-12-19 00:00:00+05:30,748.9,763.75,748.9,761.3,220661
2025-12-22 00:00:00+05:30,769.95,776.9,765.0,768.5,398928
2025-12-23 00:00:00+05:30,773.95,780.05,767.55,776.65,278342
2025-12-24 00:00:00+05:30,776.9,780.4,764.2,765.45,349878
2025-12-26 00:00:00+05:30,768.9,772.7,758.0,763.0,344460
2025-12-29 00:00:00+05:30,763.0,768.75,758.6,761.1,223566
2025-12-30 00:00:00+05:30,760.0,763.95,745.0,748.4,391003
2025-12-31 00:00:00+05:30,748.4,770.85,748.4,765.55,366539
2026-01-01 00:00:00+05:30,768.05,771.95,750.0,751.15,382360
2026-01-02 00:00:00+05:30,755.95,756.95,749.0,755.25,298532
2026-01-05 00:00:00+05:30,755.25,755.4,745.0,746.45,442421
2026-01-06 00:00:00+05:30,748.55,757.0,742.25,754.9,473633
2026-01-07 00:00:00+05:30,757.0,786.0,752.25,783.95,954648
2026-01-08 00:00:00+05:30,786.0,788.6,760.95,763.95,539653
2026-01-09 00:00:00+05:30,763.95,766.85,745.0,746.95,350649
2026-01-12 00:00:00+05:30,749.7,755.65,742.5,750.5,344620
2026-01-13 00:00:00+05:30,752.75,764.5,751.6,762.8,281800
2026-01-14 00:00:00+05:30,762.8,775.0,758.95,770.35,360851
2026-01-16 00:00:00+05:30,770.35,773.15,752.7,755.05,281881
2026-01-19 00:00:00+05:30,754.0,754.85,744.3,746.2,226913
2026-01-20 00:00:00+05:30,746.2,746.3,724.15,730.95,402314
2026-01-21 00:00:00+05:30,728.0,729.5,692.0,693.8,988483
2026-01-22 00:00:00+05:30,706.95,734.45,702.0,729.65,1029825
2026-01-23 00:00:00+05:30,738.75,738.75,712.0,713.5,274401
2026-01-27 00:00:00+05:30,712.0,718.1,703.1,710.65,290418
2026-01-28 00:00:00+05:30,713.95,729.0,712.85,727.3,217857
2026-01-29 00:00:00+05:30,730.0,736.2,715.6,722.8,211987
2026-01-30 00:00:00+05:30,721.05,751.2,715.25,745.65,453484
2026-02-01 00:00:00+05:30,745.0,752.0,721.65,742.9,247822
2026-02-02 00:00:00+05:30,740.25,740.25,717.5,726.6,331098
2026-02-03 00:00:00+05:30,757.0,764.9,721.5,725.4,734434
2026-02-04 00:00:00+05:30,720.2,720.4,714.2,717.45,341172
2026-02-05 00:00:00+05:30,718.95,718.95,708.05,709.75,344456
2026-02-06 00:00:00+05:30,709.0,714.8,702.0,703.9,280043
2026-02-09 00:00:00+05:30,710.95,719.85,708.0,709.45,638190
2026-02-10 00:00:00+05:30,711.75,736.7,711.2,715.8,807629
2026-02-11 00:00:00+05:30,718.95,721.3,706.2,709.6,513321
2026-02-12 00:00:00+05:30,708.0,709.0,697.7,698.7,422323
2026-02-13 00:00:00+05:30,698.5,700.0,687.85,695.25,253439
2026-02-16 00:00:00+05:30,688.0,695.0,684.25,691.85,583745
2026-02-17 00:00:00+05:30,691.85,705.55,691.85,694.65,377175
2026-02-18 00:00:00+05:30,692.0,706.95,687.9,690.0,509030
2026-02-19 00:00:00+05:30,693.1,714.9,688.8,705.1,888403
2026-02-20 00:00:00+05:30,705.0,717.9,698.35,716.1,595900
2026-02-23 00:00:00+05:30,716.1,716.7,700.7,714.45,405624
2026-02-24 00:00:00+05:30,710.25,715.9,699.1,710.0,471472
2026-02-25 00:00:00+05:30,710.5,723.55,705.6,719.35,544976
2026-02-26 00:00:00+05:30,720.0,726.9,713.2,716.05,264578
2026-02-27 00:00:00+05:30,716.8,718.95,706.0,717.4,476011
2026-03-02 00:00:00+05:30,690.0,713.15,690.0,710.45,486232
2026-03-04 00:00:00+05:30,700.0,714.8,690.2,707.7,468919
2026-03-05 00:00:00+05:30,713.9,719.6,706.8,712.25,576635
2026-03-06 00:00:00+05:30,710.1,716.7,705.0,707.1,196705
2026-03-09 00:00:00+05:30,694.0,700.0,684.6,697.95,375985
2026-03-10 00:00:00+05:30,697.95,704.9,688.9,692.05,335989
2026-03-11 00:00:00+05:30,692.5,699.9,687.0,688.8,347160
2026-03-12 00:00:00+05:30,685.0,692.6,675.6,683.15,330591
2026-03-13 00:00:00+05:30,682.0,683.95,668.1,670.8,339368
2026-03-16 00:00:00+05:30,670.0,673.0,650.5,656.85,610608
2026-03-17 00:00:00+05:30,660.0,662.2,651.6,656.1,395002
2026-03-18 00:00:00+05:30,657.95,662.8,648.65,650.45,745565
2026-03-19 00:00:00+05:30,648.0,650.7,634.05,636.85,431853
2026-03-20 00:00:00+05:30,638.0,647.9,631.1,633.3,453520
2026-03-23 00:00:00+05:30,618.9,618.9,595.25,608.85,969036
2026-03-24 00:00:00+05:30,612.0,619.35,601.75,608.1,634194
2026-03-25 00:00:00+05:30,613.0,634.85,610.85,625.2,624408
2026-03-27 00:00:00+05:30,625.2,626.6,601.0,605.35,818524
2026-03-30 00:00:00+05:30,605.0,607.8,580.3,583.25,776703
2026-04-01 00:00:00+05:30,605.0,614.8,594.6,606.75,503010
2026-04-02 00:00:00+05:30,600.0,676.45,592.5,651.9,10671294
2026-04-06 00:00:00+05:30,651.9,651.9,622.75,634.25,1105418
2026-04-07 00:00:00+05:30,629.0,640.7,621.6,623.5,765501
2026-04-08 00:00:00+05:30,650.0,657.55,637.55,647.95,826728
2026-04-09 00:00:00+05:30,652.0,679.9,645.7,649.55,2038299
2026-04-10 00:00:00+05:30,658.0,708.0,656.0,689.9,1583617
2026-04-13 00:00:00+05:30,689.9,773.7,676.15,717.6,14172700
2026-04-15 00:00:00+05:30,729.0,734.75,716.05,719.3,1460243
2026-04-16 00:00:00+05:30,726.8,728.7,695.15,706.65,1443657
2026-04-17 00:00:00+05:30,709.9,718.6,706.05,709.05,519098
2026-04-20 00:00:00+05:30,710.65,713.9,702.1,704.05,620556
2026-04-21 00:00:00+05:30,704.05,716.5,703.5,707.7,404713
2026-04-22 00:00:00+05:30,707.0,714.0,705.0,709.85,357588
2026-04-23 00:00:00+05:30,709.85,721.65,705.0,707.7,499844
2026-04-24 00:00:00+05:30,709.0,713.25,690.3,693.25,373181
2026-04-27 00:00:00+05:30,698.85,724.75,695.0,722.3,804546
2026-04-28 00:00:00+05:30,720.0,818.0,717.1,802.15,25165940
2026-04-29 00:00:00+05:30,804.5,818.2,781.0,799.75,3193961
2026-04-30 00:00:00+05:30,831.0,854.85,797.5,809.0,6444674
2026-05-04 00:00:00+05:30,825.05,850.0,801.0,805.75,2097943
2026-05-05 00:00:00+05:30,790.1,816.9,778.2,801.45,5080048
2026-05-06 00:00:00+05:30,804.0,830.5,802.2,815.95,2550372
2026-05-07 00:00:00+05:30,822.0,828.35,801.1,805.35,1587545
2026-05-08 00:00:00+05:30,805.35,809.7,778.0,781.55,1543692
2026-05-11 00:00:00+05:30,777.0,777.0,756.0,761.35,791545
2026-05-12 00:00:00+05:30,765.0,793.75,761.0,770.25,2483462
2026-05-13 00:00:00+05:30,770.6,779.75,765.15,768.1,519169
2026-05-14 00:00:00+05:30,773.8,773.8,755.0,757.1,428544
2026-05-15 00:00:00+05:30,757.1,757.6,745.5,748.9,472928
2026-05-18 00:00:00+05:30,738.0,740.4,724.05,730.35,565795
2026-05-19 00:00:00+05:30,733.95,748.8,732.05,736.2,488761
2026-05-20 00:00:00+05:30,730.0,734.45,726.0,729.95,207269
2026-05-21 00:00:00+05:30,733.0,770.7,727.0,755.1,1729960
2026-05-22 00:00:00+05:30,757.8,760.9,744.0,750.2,371480
2026-05-25 00:00:00+05:30,755.55,788.0,750.8,765.95,1726265
2026-05-26 00:00:00+05:30,769.95,819.0,764.55,783.9,2645794
2026-05-27 00:00:00+05:30,782.0,787.25,773.0,774.55,382711
2026-05-29 00:00:00+05:30,771.3,775.3,755.0,758.0,447541
2026-06-01 00:00:00+05:30,758.0,764.85,731.5,734.0,433800
2026-06-02 00:00:00+05:30,733.65,740.1,727.0,738.1,354589
2026-06-03 00:00:00+05:30,738.1,740.0,715.0,719.75,461010
2026-06-04 00:00:00+05:30,719.05,727.8,716.3,720.5,262176
2026-06-05 00:00:00+05:30,725.0,728.75,709.2,719.3,439098
2026-06-08 00:00:00+05:30,717.1,739.95,708.0,718.0,767264
2026-06-09 00:00:00+05:30,719.1,734.0,712.5,726.45,548435
2026-06-10 00:00:00+05:30,717.1,755.9,715.05,720.4,1797412
2026-06-11 00:00:00+05:30,720.4,762.35,715.15,741.2,2660072
2026-06-12 00:00:00+05:30,755.0,762.9,741.9,745.95,949724
2026-06-15 00:00:00+05:30,752.3,754.0,730.15,735.1,696660
2026-06-16 00:00:00+05:30,735.7,738.8,724.45,729.45,716690
2026-06-17 00:00:00+05:30,731.0,739.8,727.0,729.0,595366
2026-06-18 00:00:00+05:30,732.0,735.25,725.5,732.65,352506
2026-06-19 00:00:00+05:30,732.0,743.6,723.3,729.15,449003
2026-06-22 00:00:00+05:30,734.95,735.1,723.65,733.45,667935
2026-06-23 00:00:00+05:30,732.7,739.5,725.2,730.65,370899
2026-06-24 00:00:00+05:30,728.0,732.95,724.2,728.35,246340
2026-06-25 00:00:00+05:30,755.0,775.0,724.7,746.2,7573572
2026-06-29 00:00:00+05:30,746.2,746.9,726.8,729.65,674314
2026-06-30 00:00:00+05:30,734.0,734.0,714.2,715.95,383596
2026-07-01 00:00:00+05:30,717.0,726.7,683.0,686.55,1678651
2026-07-02 00:00:00+05:30,688.05,693.4,683.7,688.75,506789
2026-07-03 00:00:00+05:30,694.0,710.8,691.0,693.1,800926
2026-07-06 00:00:00+05:30,695.05,699.8,689.3,696.15,280699
2026-07-07 00:00:00+05:30,696.15,721.0,693.25,718.6,982961
2026-07-08 00:00:00+05:30,713.8,723.25,704.4,710.4,779733
2026-07-09 00:00:00+05:30,706.65,719.7,704.35,713.7,411637
2026-07-10 00:00:00+05:30,716.0,729.9,716.0,721.05,478321
2026-07-13 00:00:00+05:30,714.1,719.4,710.85,714.4,259096
2026-07-14 00:00:00+05:30,714.35,714.45,699.0,702.25,263653
2026-07-15 00:00:00+05:30,702.0,708.8,694.0,698.4,278849
2026-07-16 00:00:00+05:30,700.0,702.25,693.6,694.8,254420
2026-07-17 00:00:00+05:30,694.0,700.0,688.1,698.45,224182
2026-07-20 00:00:00+05:30,698.45,698.45,691.3,693.6,161924
2026-07-21 00:00:00+05:30,693.6,698.0,690.0,690.65,174050
2026-07-22 00:00:00+05:30,691.3,711.0,685.0,691.65,582006
2026-07-23 00:00:00+05:30,689.0,693.7,677.0,679.4,250056
2026-07-24 00:00:00+05:30,679.75,689.0,675.5,685.35,264678
2026-07-27 00:00:00+05:30,694.4,702.0,688.0,698.9,279049
2026-07-28 00:00:00+05:30,689.25,695.0,670.0,674.3,1062773
2026-07-29 00:00:00+05:30,680.0,685.3,673.15,679.05,553165
2026-07-30 00:00:00+05:30,679.05,679.3,667.9,670.3,272318
2026-07-31 00:00:00+05:30,671.0,676.4,668.2,673.55,334656
2026-08-03 00:00:00+05:30,673.6,679.9,672.8,674.65,369029
2026-08-04 00:00:00+05:30,676.0,677.25,667.0,668.3,268716
2026-08-05 00:00:00+05:30,671.45,674.6,664.0,666.15,275629
2026-08-06 00:00:00+05:30,667.9,675.0,661.7,663.3,602174
2026-08-07 00:00:00+05:30,675.4,702.0,668.0,673.55,3567616
2026-08-10 00:00:00+05:30,673.0,674.45,667.25,668.9,334615
2026-08-11 00:00:00+05:30,670.0,671.2,666.35,668.75,221903
2026-08-12 00:00:00+05:30,668.45,708.9,663.0,673.15,2753913
2026-08-13 00:00:00+05:30,674.1,679.1,669.8,672.05,355165
2026-08-14 00:00:00+05:30,672.05,677.0,668.05,670.65,371285
2026-08-17 00:00:00+05:30,670.2,671.2,661.4,662.9,271373
2026-08-18 00:00:00+05:30,663.0,667.05,651.0,653.0,325477
2026-08-19 00:00:00+05:30,655.0,658.25,633.35,636.3,477491
2026-08-20 00:00:00+05:30,639.9,648.0,630.35,634.5,403433
2026-08-21 00:00:00+05:30,635.0,637.2,624.0,626.75,512406
