datetime,open,high,low,close,volume
2011-08-24 00:00:00+05:30,85.69,88.47,85.69,87.26,919526
2011-08-25 00:00:00+05:30,88.22,88.22,85.06,85.79,1585173
2011-08-26 00:00:00+05:30,85.63,88.06,85.56,86.94,1183281
2011-08-29 00:00:00+05:30,87.32,90.07,87.32,89.33,1744380
2011-08-30 00:00:00+05:30,91.9,94.03,89.59,93.05,3039094
2011-09-02 00:00:00+05:30,92.73,95.9,92.73,93.62,2808940
2011-09-05 00:00:00+05:30,93.33,93.5,91.54,91.92,554004
2011-09-06 00:00:00+05:30,92.09,97.2,91.13,96.18,2723864
2011-09-07 00:00:00+05:30,97.01,97.01,92.79,93.43,2390124
2011-09-08 00:00:00+05:30,93.14,96.43,93.14,95.44,1583365
2011-09-09 00:00:00+05:30,96.18,97.14,94.07,94.68,986848
2011-09-12 00:00:00+05:30,94.2,95.28,91.87,92.69,1552021
2011-09-13 00:00:00+05:30,93.5,94.39,92.02,92.28,691237
2011-09-14 00:00:00+05:30,92.54,93.94,90.55,93.14,1246785
2011-09-15 00:00:00+05:30,94.17,95.28,93.4,95.03,1332342
2011-09-16 00:00:00+05:30,94.99,98.16,94.1,95.67,1436918
2011-09-19 00:00:00+05:30,94.17,97.05,94.13,94.58,489860
2011-09-20 00:00:00+05:30,94.87,98.23,93.5,97.81,642002
2011-09-21 00:00:00+05:30,98.13,100.08,97.2,99.67,2113730
2011-09-22 00:00:00+05:30,98.35,99.69,91.39,93.08,1895320
2011-09-23 00:00:00+05:30,90.94,93.98,90.24,93.27,1103372
2011-09-26 00:00:00+05:30,93.36,93.81,88.57,89.91,1987381
2011-09-27 00:00:00+05:30,90.97,92.25,88.41,89.28,3223451
2011-09-28 00:00:00+05:30,89.53,90.62,87.29,88.51,1982618
2011-09-29 00:00:00+05:30,89.37,89.66,87.36,88.25,1153395
2011-09-30 00:00:00+05:30,88.85,90.62,87.61,88.06,844805
2011-10-03 00:00:00+05:30,88.06,88.06,85.73,86.49,861475
2011-10-04 00:00:00+05:30,86.3,86.97,81.92,82.43,2651842
2011-10-05 00:00:00+05:30,82.85,84.32,78.37,79.65,3531431
2011-10-07 00:00:00+05:30,80.77,83.04,80.74,82.02,1872943
2011-10-10 00:00:00+05:30,81.54,86.02,80.96,85.56,1973870
2011-10-11 00:00:00+05:30,85.69,87.42,84.15,84.73,1378539
2011-10-12 00:00:00+05:30,84.77,85.47,82.75,85.06,1203817
2011-10-13 00:00:00+05:30,85.4,87.1,85.11,85.69,759253
2011-10-14 00:00:00+05:30,85.76,93.33,84.83,91.96,3095132
2011-10-17 00:00:00+05:30,92.09,93.33,90.74,91.2,1203297
2011-10-18 00:00:00+05:30,89.76,92.09,88.73,91.48,854263
2011-10-19 00:00:00+05:30,93.33,96.76,91.77,92.92,3730645
2011-10-20 00:00:00+05:30,92.31,94.13,92.18,92.98,1007262
2011-10-21 00:00:00+05:30,93.31,94.1,87.48,91.77,4851213
2011-10-24 00:00:00+05:30,92.06,94.32,90.01,91.2,1506038
2011-10-25 00:00:00+05:30,91.9,94.13,90.52,93.55,1400133
2011-10-26 00:00:00+05:30,94.01,94.9,93.69,94.51,170520
2011-10-28 00:00:00+05:30,94.51,97.14,94.51,94.99,1199560
2011-10-31 00:00:00+05:30,95.32,96.21,92.47,93.69,1391871
2011-11-01 00:00:00+05:30,93.69,95.06,92.79,93.59,380633
2011-11-02 00:00:00+05:30,91.25,93.94,91.25,92.15,639458
2011-11-03 00:00:00+05:30,91.44,94.68,91.44,93.62,879801
2011-11-04 00:00:00+05:30,94.55,95.13,92.73,94.36,610213
2011-11-08 00:00:00+05:30,95.06,95.51,93.36,94.68,282747
2011-11-09 00:00:00+05:30,99.12,99.12,94.01,96.31,1050695
2011-11-11 00:00:00+05:30,96.43,97.14,90.24,91.67,2500544
2011-11-14 00:00:00+05:30,92.12,93.62,89.08,89.79,788244
2011-11-15 00:00:00+05:30,89.53,90.68,86.02,87.1,1244105
2011-11-16 00:00:00+05:30,86.46,87.93,85.21,86.4,1068562
2011-11-17 00:00:00+05:30,86.11,89.81,85.56,87.39,1058767
2011-11-18 00:00:00+05:30,86.02,86.62,83.29,84.83,616403
2011-11-21 00:00:00+05:30,84.48,86.02,83.71,84.83,636135
2011-11-22 00:00:00+05:30,84.7,86.4,83.52,85.4,1174921
2011-11-23 00:00:00+05:30,85.44,85.69,79.3,79.97,2468034
2011-11-24 00:00:00+05:30,80.7,84.38,76.74,83.07,2832581
2011-11-25 00:00:00+05:30,82.11,85.34,81.89,83.14,3518334
2011-11-28 00:00:00+05:30,82.02,86.74,82.02,85.15,2143040
2011-11-29 00:00:00+05:30,85.47,87.8,83.96,84.7,1543724
2011-11-30 00:00:00+05:30,83.29,88.35,83.29,87.9,1594844
2011-12-01 00:00:00+05:30,89.47,91.54,87.65,89.98,2691849
2011-12-02 00:00:00+05:30,89.59,91.77,87.17,87.74,3633307
2011-12-05 00:00:00+05:30,86.81,87.61,83.55,84.19,4190893
2011-12-07 00:00:00+05:30,84.19,86.84,84.19,84.92,4447877
2011-12-08 00:00:00+05:30,85.06,87.84,84.61,87.1,1870730
2011-12-09 00:00:00+05:30,86.3,86.91,82.49,84.73,1238713
2011-12-12 00:00:00+05:30,85.06,86.59,84.77,85.18,1471637
2011-12-13 00:00:00+05:30,84.41,85.98,83.48,85.02,1111218
2011-12-14 00:00:00+05:30,88.22,89.47,83.29,84.1,737689
2011-12-15 00:00:00+05:30,83.14,86.21,82.02,84.61,2518741
2011-12-16 00:00:00+05:30,85.06,87.87,83.29,85.85,2022461
2011-12-19 00:00:00+05:30,85.88,85.92,83.77,85.25,567283
2011-12-20 00:00:00+05:30,84.48,86.24,83.62,84.58,708229
2011-12-21 00:00:00+05:30,85.82,86.17,82.27,83.62,1419708
2011-12-22 00:00:00+05:30,83.77,84.8,81.99,83.81,1526945
2011-12-23 00:00:00+05:30,84.35,86.04,83.93,85.76,724042
2011-12-26 00:00:00+05:30,86.33,87.03,84.73,85.06,918832
2011-12-27 00:00:00+05:30,85.5,86.21,83.45,84.29,578630
2011-12-28 00:00:00+05:30,83.55,85.63,82.24,82.56,835032
2011-12-29 00:00:00+05:30,81.92,83.17,79.14,80.19,1697737
2011-12-30 00:00:00+05:30,79.36,81.85,79.36,81.15,588938
2012-01-02 00:00:00+05:30,81.51,82.88,80.86,81.22,574061
2012-01-03 00:00:00+05:30,81.73,84.41,81.41,83.74,894022
2012-01-04 00:00:00+05:30,81.25,85.66,81.25,84.48,888709
2012-01-05 00:00:00+05:30,83.39,86.14,83.39,84.89,1167460
2012-01-06 00:00:00+05:30,83.77,85.28,83.77,84.92,369724
2012-01-07 00:00:00+05:30,84.73,87.29,84.58,86.26,229311
2012-01-09 00:00:00+05:30,87.1,88.25,85.4,87.55,1635125
2012-01-10 00:00:00+05:30,88.06,93.62,88.06,92.92,2654500
2012-01-11 00:00:00+05:30,93.31,94.32,91.25,91.96,2235083
2012-01-12 00:00:00+05:30,91.92,91.92,88.61,90.39,1629120
2012-01-13 00:00:00+05:30,89.62,91.32,87.03,87.87,1748342
2012-01-16 00:00:00+05:30,87.42,87.42,85.37,85.59,1233180
2012-01-17 00:00:00+05:30,85.73,89.47,85.69,88.92,1556074
2012-01-18 00:00:00+05:30,89.56,89.56,85.85,87.36,3240090
2012-01-19 00:00:00+05:30,88.57,91.58,88.28,91.2,1697655
2012-01-20 00:00:00+05:30,92.57,92.85,89.53,91.1,587318
2012-01-23 00:00:00+05:30,90.97,91.44,89.05,89.53,267435
2012-01-24 00:00:00+05:30,89.59,90.1,88.66,89.56,474559
2012-01-25 00:00:00+05:30,90.2,92.85,89.85,91.64,1140337
2012-01-27 00:00:00+05:30,92.18,96.31,89.62,95.7,2405367
2012-01-30 00:00:00+05:30,95.92,98.13,91.48,91.92,4230598
2012-01-31 00:00:00+05:30,92.09,94.9,92.09,94.39,1258362
2012-02-01 00:00:00+05:30,95.99,95.99,92.85,93.88,1758906
2012-02-02 00:00:00+05:30,94.32,95.92,91.96,92.76,1538758
2012-02-03 00:00:00+05:30,93.05,94.61,93.05,94.13,1876631
2012-02-06 00:00:00+05:30,95.32,98.13,94.51,96.02,2527294
2012-02-07 00:00:00+05:30,96.02,97.36,93.27,94.03,1135600
2012-02-08 00:00:00+05:30,94.03,96.21,94.01,95.57,651885
2012-02-09 00:00:00+05:30,94.8,97.01,94.49,96.31,912981
2012-02-10 00:00:00+05:30,95.95,98.54,95.35,96.57,1627002
2012-02-13 00:00:00+05:30,97.84,98.49,95.44,98.2,1056174
2012-02-14 00:00:00+05:30,98.45,101.75,96.88,100.85,2898230
2012-02-15 00:00:00+05:30,101.01,105.42,100.75,102.93,2811814
2012-02-16 00:00:00+05:30,104.24,108.08,100.82,106.98,1604608
2012-02-17 00:00:00+05:30,107.44,108.94,102.0,103.05,4998488
2012-02-21 00:00:00+05:30,103.47,103.89,100.6,101.08,1418660
2012-02-22 00:00:00+05:30,101.58,101.58,94.58,96.85,3587261
2012-02-23 00:00:00+05:30,96.31,101.56,93.65,97.81,3739881
2012-02-24 00:00:00+05:30,98.1,99.09,92.73,94.01,2281016
2012-02-27 00:00:00+05:30,94.36,95.06,90.43,91.99,2278870
2012-02-28 00:00:00+05:30,92.44,95.86,91.51,94.26,1636629
2012-02-29 00:00:00+05:30,94.97,100.34,94.97,99.67,2907512
2012-03-01 00:00:00+05:30,99.12,100.4,87.67,90.81,9149819
2012-03-02 00:00:00+05:30,92.09,92.09,86.43,86.84,13375895
2012-03-03 00:00:00+05:30,88.09,89.14,86.62,88.32,686046
2012-03-05 00:00:00+05:30,87.77,87.93,85.44,86.24,3642381
2012-03-06 00:00:00+05:30,86.24,89.43,85.37,87.55,6002486
2012-03-07 00:00:00+05:30,87.03,88.76,86.04,87.67,3710896
2012-03-09 00:00:00+05:30,87.29,88.99,86.97,87.39,3371149
2012-03-12 00:00:00+05:30,86.81,89.43,85.92,86.91,2496939
2012-03-13 00:00:00+05:30,87.26,88.51,86.52,87.0,2128569
2012-03-14 00:00:00+05:30,87.61,88.25,86.97,87.58,1423878
2012-03-15 00:00:00+05:30,87.55,88.22,84.61,84.99,2818105
2012-03-16 00:00:00+05:30,84.41,87.26,84.41,85.76,2664407
2012-03-19 00:00:00+05:30,85.69,86.3,83.77,84.7,1135690
2012-03-20 00:00:00+05:30,85.08,85.66,82.49,83.77,2730297
2012-03-21 00:00:00+05:30,83.14,85.63,82.66,85.02,2195416
2012-03-22 00:00:00+05:30,85.63,86.94,83.14,83.52,2589745
2012-03-23 00:00:00+05:30,84.86,85.37,83.29,85.02,1863680
2012-03-26 00:00:00+05:30,85.56,85.56,82.24,83.0,2056663
2012-03-27 00:00:00+05:30,85.31,85.31,82.37,82.85,3118885
2012-03-28 00:00:00+05:30,84.1,84.29,81.92,82.4,2005560
2012-03-29 00:00:00+05:30,83.58,83.58,80.1,81.44,4289649
2012-03-30 00:00:00+05:30,82.21,83.96,81.76,83.2,2118675
2012-04-02 00:00:00+05:30,83.14,85.92,82.81,84.54,7177209
2012-04-03 00:00:00+05:30,85.25,87.45,84.51,86.94,2833425
2012-04-04 00:00:00+05:30,86.3,87.29,85.69,85.95,810322
2012-04-09 00:00:00+05:30,86.21,86.21,83.55,85.47,2400149
2012-04-10 00:00:00+05:30,85.73,86.11,84.06,84.73,668154
2012-04-11 00:00:00+05:30,83.33,84.7,83.33,83.77,916179
2012-04-12 00:00:00+05:30,83.96,84.61,83.26,83.81,2138215
2012-04-13 00:00:00+05:30,84.51,84.73,81.7,82.18,1637185
2012-04-16 00:00:00+05:30,82.21,82.47,80.77,81.15,1594274
2012-04-17 00:00:00+05:30,81.25,82.02,80.58,81.18,2658526
2012-04-18 00:00:00+05:30,81.73,82.18,80.61,80.84,1763178
2012-04-19 00:00:00+05:30,81.12,82.62,80.77,81.85,2718801
2012-04-20 00:00:00+05:30,82.75,82.75,81.06,81.85,2850585
2012-04-23 00:00:00+05:30,81.85,82.78,81.25,81.7,1489132
2012-04-24 00:00:00+05:30,78.66,80.07,75.97,76.74,8279180
2012-04-25 00:00:00+05:30,77.12,77.82,76.16,77.03,1270475
2012-04-26 00:00:00+05:30,76.96,77.25,71.82,72.23,8070645
2012-04-27 00:00:00+05:30,72.61,74.31,69.07,70.09,5450432
2012-04-28 00:00:00+05:30,70.67,73.0,70.15,72.64,551950
2012-04-30 00:00:00+05:30,73.38,74.75,71.82,74.37,8726133
2012-05-02 00:00:00+05:30,75.27,77.29,75.14,76.81,6291316
2012-05-03 00:00:00+05:30,76.14,82.3,76.14,81.28,6865497
2012-05-04 00:00:00+05:30,81.54,83.33,74.05,76.71,8067261
2012-05-07 00:00:00+05:30,77.06,77.09,71.75,76.33,9583359
2012-05-08 00:00:00+05:30,77.67,79.07,75.94,77.25,2738569
2012-05-09 00:00:00+05:30,76.86,76.86,72.93,74.56,2324278
2012-05-10 00:00:00+05:30,74.73,77.86,74.7,76.58,1951805
2012-05-11 00:00:00+05:30,77.0,77.15,74.18,76.23,1061128
2012-05-14 00:00:00+05:30,74.95,77.15,74.25,75.9,1065601
2012-05-15 00:00:00+05:30,76.74,76.74,72.01,73.64,1682109
2012-05-16 00:00:00+05:30,72.9,75.4,72.45,74.53,1101261
2012-05-17 00:00:00+05:30,74.98,78.02,74.98,77.38,1846385
2012-05-18 00:00:00+05:30,76.38,76.58,74.82,75.62,1420043
2012-05-21 00:00:00+05:30,76.61,77.25,74.34,74.73,1050799
2012-05-22 00:00:00+05:30,74.95,76.61,73.86,74.22,1721384
2012-05-23 00:00:00+05:30,74.18,75.23,73.67,74.27,720588
2012-05-24 00:00:00+05:30,74.53,75.3,73.22,73.45,969072
2012-05-25 00:00:00+05:30,74.05,74.44,72.78,73.22,627749
2012-05-28 00:00:00+05:30,73.64,74.98,73.19,74.53,832389
2012-05-29 00:00:00+05:30,75.04,75.04,73.86,74.44,653517
2012-05-30 00:00:00+05:30,74.5,74.5,70.6,72.84,2972804
2012-05-31 00:00:00+05:30,72.36,72.71,70.19,70.82,3052194
2012-06-01 00:00:00+05:30,71.05,72.16,67.85,68.9,1291204
2012-06-04 00:00:00+05:30,68.71,70.79,66.57,70.44,1587878
2012-06-05 00:00:00+05:30,70.76,71.94,70.44,71.66,1138212
2012-06-06 00:00:00+05:30,71.72,73.22,71.72,72.9,2561805
2012-06-07 00:00:00+05:30,73.26,74.12,72.11,72.3,2020037
2012-06-08 00:00:00+05:30,67.79,73.03,67.79,71.43,785578
2012-06-11 00:00:00+05:30,72.9,73.16,71.4,71.75,3324991
2012-06-12 00:00:00+05:30,71.46,72.9,70.98,72.3,1448109
2012-06-13 00:00:00+05:30,72.45,73.77,71.68,72.9,1066069
2012-06-14 00:00:00+05:30,73.45,73.7,72.07,72.39,544247
2012-06-15 00:00:00+05:30,72.59,72.78,71.63,72.42,555301
2012-06-18 00:00:00+05:30,72.74,73.93,71.94,72.59,1335813
2012-06-19 00:00:00+05:30,72.64,72.64,72.2,72.3,352561
2012-06-20 00:00:00+05:30,72.39,73.22,72.26,72.59,708335
2012-06-21 00:00:00+05:30,72.59,73.29,72.3,72.87,583693
2012-06-22 00:00:00+05:30,72.33,73.38,71.66,72.9,773182
2012-06-25 00:00:00+05:30,72.9,73.35,72.59,72.9,1217586
2012-06-26 00:00:00+05:30,73.22,76.1,72.39,75.52,3848819
2012-06-27 00:00:00+05:30,76.48,79.55,76.0,78.97,4738555
2012-06-28 00:00:00+05:30,79.9,82.33,77.44,78.18,6789962
2012-06-29 00:00:00+05:30,78.66,80.77,78.66,80.51,1426283
2012-07-02 00:00:00+05:30,81.03,81.22,78.59,79.62,1134846
2012-07-03 00:00:00+05:30,79.93,81.85,79.4,81.12,1078045
2012-07-04 00:00:00+05:30,81.41,82.95,81.12,81.54,2124989
2012-07-05 00:00:00+05:30,81.82,82.14,80.77,81.66,733914
2012-07-06 00:00:00+05:30,81.85,81.85,79.93,80.26,724808
2012-07-09 00:00:00+05:30,79.33,80.36,77.48,77.73,889724
2012-07-10 00:00:00+05:30,77.77,79.07,77.0,78.44,1358776
2012-07-11 00:00:00+05:30,78.44,79.55,77.77,77.96,947489
2012-07-12 00:00:00+05:30,77.73,78.44,76.64,77.0,907801
2012-07-13 00:00:00+05:30,77.09,79.04,76.81,77.96,1018641
2012-07-16 00:00:00+05:30,78.37,78.69,77.6,78.47,1195643
2012-07-17 00:00:00+05:30,78.44,80.32,78.08,78.82,2101734
2012-07-18 00:00:00+05:30,79.52,79.93,78.4,79.65,711203
2012-07-19 00:00:00+05:30,79.93,80.55,78.4,78.66,680291
2012-07-20 00:00:00+05:30,78.78,81.15,77.89,79.4,1888947
2012-07-23 00:00:00+05:30,79.4,79.45,74.7,77.99,1922520
2012-07-24 00:00:00+05:30,78.66,80.1,77.63,79.33,1827470
2012-07-25 00:00:00+05:30,80.26,80.26,77.38,77.86,2012584
2012-07-26 00:00:00+05:30,78.44,78.59,76.45,76.74,1643813
2012-07-27 00:00:00+05:30,77.57,78.95,76.33,77.73,1175250
2012-07-30 00:00:00+05:30,78.56,78.56,76.23,77.03,810171
2012-07-31 00:00:00+05:30,77.51,77.51,76.14,76.67,777634
2012-08-01 00:00:00+05:30,77.0,77.79,76.45,77.41,1062651
2012-08-02 00:00:00+05:30,77.67,77.86,76.71,77.03,643112
2012-08-03 00:00:00+05:30,76.45,77.19,76.45,76.67,333015
2012-08-06 00:00:00+05:30,77.89,77.89,76.64,76.86,243153
2012-08-07 00:00:00+05:30,76.96,78.92,76.74,77.7,676066
2012-08-08 00:00:00+05:30,77.89,78.34,77.15,77.41,546078
2012-08-09 00:00:00+05:30,77.63,77.86,76.23,76.42,131195
2012-08-10 00:00:00+05:30,76.48,77.6,75.78,76.71,723687
2012-08-13 00:00:00+05:30,77.06,77.19,76.23,76.77,420586
2012-08-14 00:00:00+05:30,77.32,77.6,76.67,77.12,516325
2012-08-16 00:00:00+05:30,77.25,77.38,74.27,74.53,1356915
2012-08-17 00:00:00+05:30,74.6,74.82,73.19,73.57,1268255
2012-08-21 00:00:00+05:30,73.77,73.83,71.15,71.34,1727344
2012-08-22 00:00:00+05:30,71.63,72.55,68.23,69.42,2768916
2012-08-23 00:00:00+05:30,70.09,72.52,69.52,71.08,2362435
2012-08-24 00:00:00+05:30,70.98,73.51,70.38,72.61,1994151
2012-08-27 00:00:00+05:30,73.22,74.27,72.49,73.67,1572863
2012-08-28 00:00:00+05:30,74.31,74.85,72.9,74.15,2132073
2012-08-29 00:00:00+05:30,74.25,75.46,73.45,74.41,2100081
2012-08-30 00:00:00+05:30,74.85,76.67,73.99,76.42,1767779
2012-08-31 00:00:00+05:30,76.42,76.74,75.08,76.48,898263
2012-09-03 00:00:00+05:30,77.34,77.99,75.9,76.36,1011762
2012-09-04 00:00:00+05:30,76.81,77.03,75.85,76.71,437987
2012-09-05 00:00:00+05:30,76.48,78.73,76.48,77.03,1847468
2012-09-06 00:00:00+05:30,77.12,78.44,77.12,77.86,825874
2012-09-07 00:00:00+05:30,78.97,79.23,76.64,77.19,2082706
2012-09-08 00:00:00+05:30,77.19,77.7,76.9,77.41,28134
2012-09-10 00:00:00+05:30,77.67,79.26,77.54,78.44,610921
2012-09-11 00:00:00+05:30,78.49,79.81,78.27,79.26,670036
2012-09-12 00:00:00+05:30,79.71,80.26,78.66,79.11,422304
2012-09-13 00:00:00+05:30,79.3,80.19,77.73,79.52,2086858
2012-09-14 00:00:00+05:30,79.33,81.03,78.69,79.43,1163507
2012-09-17 00:00:00+05:30,79.78,83.43,79.11,82.18,1452612
2012-09-18 00:00:00+05:30,82.49,85.88,82.4,83.1,2158600
2012-09-20 00:00:00+05:30,83.07,83.58,81.12,81.89,1564675
2012-09-21 00:00:00+05:30,82.78,84.03,82.52,83.74,879795
2012-09-24 00:00:00+05:30,83.93,84.0,80.89,81.32,1257727
2012-09-25 00:00:00+05:30,81.37,81.37,79.78,80.22,453971
2012-09-26 00:00:00+05:30,79.97,80.89,79.01,79.52,905271
2012-09-27 00:00:00+05:30,80.16,82.69,79.93,81.95,960280
2012-09-28 00:00:00+05:30,82.85,84.73,82.62,84.19,1385341
2012-10-01 00:00:00+05:30,84.77,84.99,83.26,84.38,686590
2012-10-03 00:00:00+05:30,84.54,86.33,83.77,84.77,1007236
2012-10-04 00:00:00+05:30,85.18,85.88,83.81,84.19,582211
2012-10-05 00:00:00+05:30,84.44,85.47,82.27,84.96,1031280
2012-10-08 00:00:00+05:30,85.25,85.31,83.45,84.03,728051
2012-10-09 00:00:00+05:30,84.41,85.85,83.17,83.81,1731735
2012-10-10 00:00:00+05:30,84.13,84.13,79.71,80.22,1254340
2012-10-11 00:00:00+05:30,80.58,81.73,79.68,80.74,1455793
2012-10-12 00:00:00+05:30,81.22,81.22,78.73,79.14,704004
2012-10-15 00:00:00+05:30,78.63,80.77,76.81,80.48,1942532
2012-10-16 00:00:00+05:30,80.48,81.18,78.56,78.88,798421
2012-10-17 00:00:00+05:30,78.97,79.84,77.15,77.32,800216
2012-10-18 00:00:00+05:30,78.4,78.53,76.48,76.9,868689
2012-10-19 00:00:00+05:30,76.93,77.7,75.62,75.88,1268244
2012-10-22 00:00:00+05:30,75.68,76.33,74.27,74.6,2019731
2012-10-23 00:00:00+05:30,75.9,76.07,69.19,75.71,6057433
2012-10-25 00:00:00+05:30,76.16,78.34,75.18,75.94,4218527
2012-10-26 00:00:00+05:30,76.58,77.96,75.52,76.81,1786798
2012-10-29 00:00:00+05:30,77.34,77.34,74.85,75.46,1927436
2012-10-30 00:00:00+05:30,75.49,75.81,73.7,74.18,1817857
2012-10-31 00:00:00+05:30,74.56,75.14,72.68,72.97,2005083
2012-11-01 00:00:00+05:30,72.97,75.23,72.23,74.89,1865551
2012-11-02 00:00:00+05:30,74.89,76.64,74.82,75.3,1637305
2012-11-05 00:00:00+05:30,75.46,75.78,74.31,75.56,1260693
2012-11-06 00:00:00+05:30,75.46,76.86,75.04,75.85,2228690
2012-11-07 00:00:00+05:30,76.67,76.71,75.71,76.14,1113061
2012-11-08 00:00:00+05:30,74.5,75.66,64.94,74.66,1042260
2012-11-09 00:00:00+05:30,74.56,75.14,72.3,72.49,2473970
2012-11-12 00:00:00+05:30,72.26,73.22,70.22,70.79,3120590
2012-11-13 00:00:00+05:30,71.24,72.16,70.67,71.15,752086
2012-11-15 00:00:00+05:30,69.8,71.15,68.75,69.96,4193750
2012-11-16 00:00:00+05:30,70.25,73.31,69.96,72.23,3966249
2012-11-19 00:00:00+05:30,72.45,73.74,71.97,73.19,3020345
2012-11-20 00:00:00+05:30,73.57,74.05,71.3,71.88,2921005
2012-11-21 00:00:00+05:30,71.11,72.01,69.52,70.34,4180884
2012-11-22 00:00:00+05:30,70.67,71.27,70.34,70.34,1139435
2012-11-23 00:00:00+05:30,70.67,71.37,70.38,71.01,1687897
2012-11-26 00:00:00+05:30,69.38,71.88,69.38,70.38,4175545
2012-11-27 00:00:00+05:30,70.98,72.26,70.38,71.27,2559034
2012-11-29 00:00:00+05:30,71.63,73.48,71.27,73.12,4104987
2012-11-30 00:00:00+05:30,73.51,77.79,72.84,75.33,33113994
2012-12-03 00:00:00+05:30,76.1,81.06,76.1,80.13,6727461
2012-12-04 00:00:00+05:30,80.67,81.22,78.69,79.33,5563168
2012-12-05 00:00:00+05:30,79.45,80.48,78.37,78.66,3178413
2012-12-06 00:00:00+05:30,79.45,79.49,77.25,78.82,4249813
2012-12-07 00:00:00+05:30,79.3,82.24,78.37,81.37,6717860
2012-12-10 00:00:00+05:30,82.37,83.1,80.84,81.34,3509671
2012-12-11 00:00:00+05:30,81.82,82.3,78.34,79.68,3092221
2012-12-12 00:00:00+05:30,80.13,80.45,78.08,78.66,2464146
2012-12-13 00:00:00+05:30,79.3,80.96,78.75,80.36,4912589
2012-12-14 00:00:00+05:30,80.84,80.84,79.62,80.07,1467342
2012-12-17 00:00:00+05:30,80.32,82.08,79.68,80.45,2713315
2012-12-18 00:00:00+05:30,81.03,81.03,78.66,79.4,1639951
2012-12-19 00:00:00+05:30,79.59,80.19,78.73,79.81,1880922
2012-12-20 00:00:00+05:30,79.97,81.66,79.52,80.19,2114971
2012-12-21 00:00:00+05:30,80.45,80.45,78.56,78.78,1221564
2012-12-24 00:00:00+05:30,79.3,79.59,78.47,78.75,712632
2012-12-26 00:00:00+05:30,79.17,79.74,78.66,79.3,884950
2012-12-27 00:00:00+05:30,79.3,80.7,77.48,78.97,5711348
2012-12-28 00:00:00+05:30,80.64,82.75,80.0,82.4,3906694
2012-12-31 00:00:00+05:30,83.07,84.7,82.59,83.26,3977168
2013-01-01 00:00:00+05:30,83.62,84.96,83.62,84.67,2028213
2013-01-02 00:00:00+05:30,85.02,85.54,83.33,84.22,1673217
2013-01-03 00:00:00+05:30,84.54,88.25,83.45,87.48,5613758
2013-01-04 00:00:00+05:30,88.89,88.89,86.21,86.91,2726473
2013-01-07 00:00:00+05:30,87.07,89.81,87.03,87.77,4293737
2013-01-08 00:00:00+05:30,87.77,89.21,86.11,87.99,4900292
2013-01-09 00:00:00+05:30,88.54,88.57,86.52,86.97,1979133
2013-01-10 00:00:00+05:30,87.45,88.99,87.0,87.55,2542643
2013-01-11 00:00:00+05:30,88.13,88.25,85.08,85.66,1589745
2013-01-14 00:00:00+05:30,85.31,88.8,84.48,88.35,2657652
2013-01-15 00:00:00+05:30,88.83,89.08,86.65,87.22,1358804
2013-01-16 00:00:00+05:30,86.97,88.18,85.59,86.07,1606249
2013-01-17 00:00:00+05:30,86.04,89.24,84.92,88.63,2849284
2013-01-18 00:00:00+05:30,89.4,91.42,88.63,90.24,6152917
2013-01-21 00:00:00+05:30,91.1,92.21,90.39,90.94,3227315
2013-01-22 00:00:00+05:30,89.53,92.15,82.02,89.47,2559889
2013-01-23 00:00:00+05:30,89.5,90.36,86.36,88.22,1763183
2013-01-24 00:00:00+05:30,87.67,87.9,83.93,84.73,3993018
2013-01-25 00:00:00+05:30,85.59,88.38,84.29,88.06,1732883
2013-01-28 00:00:00+05:30,88.57,89.14,86.46,87.32,1752232
2013-01-29 00:00:00+05:30,88.38,91.06,85.98,87.42,12436898
2013-01-30 00:00:00+05:30,88.41,89.14,85.73,86.11,2347049
2013-01-31 00:00:00+05:30,86.26,86.62,83.45,85.11,3119273
2013-02-01 00:00:00+05:30,85.21,86.81,83.77,84.0,3242570
2013-02-04 00:00:00+05:30,84.8,85.11,80.99,81.54,3477320
2013-02-05 00:00:00+05:30,81.32,83.23,79.45,82.95,2062850
2013-02-06 00:00:00+05:30,83.14,83.45,81.22,81.6,1257420
2013-02-07 00:00:00+05:30,81.63,82.81,79.93,81.56,1816711
2013-02-08 00:00:00+05:30,81.56,83.14,81.41,81.92,1685777
2013-02-11 00:00:00+05:30,81.85,82.24,80.84,81.6,665702
2013-02-12 00:00:00+05:30,81.28,82.18,79.9,80.7,715299
2013-02-13 00:00:00+05:30,80.67,82.24,79.93,80.26,1121158
2013-02-14 00:00:00+05:30,80.22,80.77,74.92,75.9,2127645
2013-02-15 00:00:00+05:30,73.67,78.92,73.67,78.34,1752846
2013-02-18 00:00:00+05:30,79.07,81.03,78.44,80.61,2383327
2013-02-19 00:00:00+05:30,81.06,81.73,79.52,81.08,1309846
2013-02-20 00:00:00+05:30,81.08,81.99,80.58,81.54,1617413
2013-02-21 00:00:00+05:30,80.74,80.84,77.92,78.25,2426029
2013-02-22 00:00:00+05:30,78.02,81.28,77.82,80.13,1140951
2013-02-25 00:00:00+05:30,79.9,80.51,78.02,78.95,1837324
2013-02-26 00:00:00+05:30,79.36,80.26,76.9,77.22,3064102
2013-02-27 00:00:00+05:30,77.57,78.97,76.84,78.08,3125991
2013-02-28 00:00:00+05:30,78.69,79.04,73.19,74.05,3724415
2013-03-01 00:00:00+05:30,74.53,76.81,73.99,76.26,1875473
2013-03-04 00:00:00+05:30,75.62,76.33,73.26,73.74,2219816
2013-03-05 00:00:00+05:30,74.15,76.55,73.96,76.29,636750
2013-03-06 00:00:00+05:30,76.84,78.08,76.45,77.03,2762132
2013-03-07 00:00:00+05:30,78.53,79.55,76.9,79.11,3913049
2013-03-08 00:00:00+05:30,79.3,81.54,79.04,81.06,2432476
2013-03-11 00:00:00+05:30,81.06,83.1,80.32,82.14,2921705
2013-03-12 00:00:00+05:30,82.04,82.75,79.36,80.22,4961309
2013-03-13 00:00:00+05:30,80.26,81.7,79.26,80.51,2933433
2013-03-14 00:00:00+05:30,80.64,81.37,79.49,80.51,2615019
2013-03-15 00:00:00+05:30,80.55,82.11,78.4,79.26,4161716
2013-03-18 00:00:00+05:30,79.01,79.01,77.15,78.49,2060109
2013-03-19 00:00:00+05:30,78.78,79.14,74.82,75.3,1692987
2013-03-20 00:00:00+05:30,75.43,75.9,73.74,74.89,2214862
2013-03-21 00:00:00+05:30,75.46,76.55,74.31,75.43,2687273
2013-03-22 00:00:00+05:30,75.94,77.32,74.95,76.45,4258096
2013-03-25 00:00:00+05:30,76.58,77.32,74.5,75.23,2695120
2013-03-26 00:00:00+05:30,70.98,75.14,70.98,74.5,543242
2013-03-28 00:00:00+05:30,74.5,75.9,73.89,75.08,4866715
2013-04-01 00:00:00+05:30,75.49,76.96,75.11,76.71,819966
2013-04-02 00:00:00+05:30,76.1,79.04,76.1,78.49,2417288
2013-04-03 00:00:00+05:30,78.15,79.9,78.15,78.69,1940168
2013-04-04 00:00:00+05:30,77.6,78.25,75.71,76.71,1355987
2013-04-05 00:00:00+05:30,76.1,78.08,75.62,76.0,1289743
2013-04-08 00:00:00+05:30,76.45,77.48,75.68,76.23,465921
2013-04-09 00:00:00+05:30,76.19,77.82,76.04,76.55,827556
2013-04-10 00:00:00+05:30,77.25,77.25,76.04,76.61,937144
2013-04-11 00:00:00+05:30,76.86,77.79,76.38,77.12,1518179
2013-04-12 00:00:00+05:30,78.21,79.17,76.29,78.66,1058721
2013-04-15 00:00:00+05:30,78.02,79.3,77.63,77.77,790672
2013-04-16 00:00:00+05:30,76.84,78.63,76.84,78.02,942332
2013-04-17 00:00:00+05:30,77.0,81.22,77.0,80.64,1225393
2013-04-18 00:00:00+05:30,81.22,81.73,79.14,80.29,2494343
2013-04-22 00:00:00+05:30,79.62,83.77,79.62,82.97,1211725
2013-04-23 00:00:00+05:30,84.03,84.03,80.8,82.49,2851478
2013-04-25 00:00:00+05:30,82.21,87.26,82.21,84.58,7834074
2013-04-26 00:00:00+05:30,85.54,91.0,85.31,88.73,8037034
2013-04-29 00:00:00+05:30,89.53,89.85,87.96,88.51,2615066
2013-04-30 00:00:00+05:30,88.32,91.44,86.84,90.26,3221842
2013-05-02 00:00:00+05:30,90.17,93.24,89.85,92.83,6063574
2013-05-03 00:00:00+05:30,92.85,94.49,91.44,92.09,5261927
2013-05-06 00:00:00+05:30,92.09,94.71,92.09,94.2,3008007
2013-05-07 00:00:00+05:30,94.61,94.9,93.62,94.42,3644084
2013-05-08 00:00:00+05:30,94.65,96.69,94.42,95.9,4385115
2013-05-09 00:00:00+05:30,95.92,97.14,94.71,96.05,3780260
2013-05-10 00:00:00+05:30,96.28,99.09,95.57,98.49,3004069
2013-05-11 00:00:00+05:30,98.49,98.99,97.97,98.35,98373
2013-05-13 00:00:00+05:30,98.99,98.99,91.96,92.98,2321469
2013-05-14 00:00:00+05:30,93.36,97.43,93.36,96.66,4385984
2013-05-15 00:00:00+05:30,97.2,98.8,96.79,97.24,4014554
2013-05-16 00:00:00+05:30,95.03,100.34,95.03,98.58,4317465
2013-05-17 00:00:00+05:30,98.39,99.38,97.94,99.06,1729390
2013-05-20 00:00:00+05:30,100.08,100.34,98.2,98.68,1576254
2013-05-21 00:00:00+05:30,98.64,101.61,98.23,98.97,3850184
2013-05-22 00:00:00+05:30,99.12,101.01,98.93,99.47,4163977
2013-05-23 00:00:00+05:30,99.16,102.23,99.09,100.56,5588853
2013-05-24 00:00:00+05:30,100.72,102.93,99.44,100.75,2690429
2013-05-27 00:00:00+05:30,100.5,101.39,99.12,99.73,2910240
2013-05-28 00:00:00+05:30,99.57,101.46,98.26,99.09,1840769
2013-05-29 00:00:00+05:30,99.98,99.98,96.66,97.46,1258863
2013-05-30 00:00:00+05:30,96.82,100.17,96.72,99.25,2580125
2013-05-31 00:00:00+05:30,98.83,100.72,98.1,99.12,3199689
2013-06-03 00:00:00+05:30,98.64,104.87,98.29,103.91,3421058
2013-06-04 00:00:00+05:30,104.49,105.68,102.8,104.46,3387346
2013-06-05 00:00:00+05:30,104.65,107.12,103.67,105.83,3755106
2013-06-06 00:00:00+05:30,105.49,106.76,103.67,104.01,2415891
2013-06-07 00:00:00+05:30,102.83,103.89,99.38,99.69,3389814
2013-06-10 00:00:00+05:30,99.73,100.34,96.24,98.06,2532341
2013-06-11 00:00:00+05:30,96.91,98.8,94.58,95.22,2084253
2013-06-12 00:00:00+05:30,95.22,96.82,92.92,94.55,1923550
2013-06-13 00:00:00+05:30,93.08,94.58,88.73,89.47,4960390
2013-06-14 00:00:00+05:30,89.59,93.65,87.1,88.57,3971420
2013-06-17 00:00:00+05:30,88.95,94.58,88.95,93.53,2758279
2013-06-18 00:00:00+05:30,93.72,94.32,91.92,92.98,3295512
2013-06-19 00:00:00+05:30,92.73,94.61,91.83,93.59,2902917
2013-06-20 00:00:00+05:30,92.09,92.88,90.49,91.25,2685969
2013-06-21 00:00:00+05:30,89.69,91.51,85.37,87.17,2653239
2013-06-24 00:00:00+05:30,86.36,86.81,80.84,82.47,3603999
2013-06-25 00:00:00+05:30,82.56,87.26,82.56,84.89,3582268
2013-06-26 00:00:00+05:30,86.07,87.87,85.06,86.11,3933076
2013-06-27 00:00:00+05:30,86.81,87.87,85.69,86.4,1250547
2013-06-28 00:00:00+05:30,87.13,88.22,83.91,86.81,3348545
2013-07-01 00:00:00+05:30,86.81,89.85,86.65,89.05,2516263
2013-07-02 00:00:00+05:30,87.99,89.69,87.07,87.87,1949716
2013-07-03 00:00:00+05:30,86.97,87.61,84.54,85.18,1917004
2013-07-04 00:00:00+05:30,85.02,86.55,83.84,86.14,1255801
2013-07-05 00:00:00+05:30,86.84,87.77,84.48,84.73,1862323
2013-07-08 00:00:00+05:30,84.15,88.03,83.48,86.88,3630748
2013-07-09 00:00:00+05:30,87.61,88.7,87.36,88.32,2196699
2013-07-10 00:00:00+05:30,89.4,90.43,87.8,88.66,2878693
2013-07-11 00:00:00+05:30,89.53,92.44,89.21,91.7,3144586
2013-07-12 00:00:00+05:30,92.21,94.01,90.65,91.67,2776877
2013-07-15 00:00:00+05:30,91.25,91.61,88.44,89.08,2627435
2013-07-16 00:00:00+05:30,87.61,89.66,86.88,87.99,2763518
2013-07-17 00:00:00+05:30,88.15,89.47,86.17,88.41,3977903
2013-07-18 00:00:00+05:30,90.52,92.25,89.43,92.06,4148735
2013-07-19 00:00:00+05:30,92.73,94.65,92.47,94.13,3408673
2013-07-22 00:00:00+05:30,94.29,96.24,94.13,94.94,2279635
2013-07-23 00:00:00+05:30,94.65,95.92,91.51,92.09,2076344
2013-07-24 00:00:00+05:30,91.92,93.36,87.74,91.06,5603847
2013-07-25 00:00:00+05:30,90.17,93.36,89.66,91.99,3433276
2013-07-26 00:00:00+05:30,92.09,93.21,89.79,90.43,2678626
2013-07-29 00:00:00+05:30,90.77,90.77,86.49,87.61,2019624
2013-07-30 00:00:00+05:30,87.61,89.5,86.04,87.87,1427088
2013-07-31 00:00:00+05:30,86.33,86.88,80.58,81.44,5276760
2013-08-01 00:00:00+05:30,80.64,83.45,77.41,79.71,4651003
2013-08-02 00:00:00+05:30,80.29,81.22,77.32,79.84,4203634
2013-08-05 00:00:00+05:30,80.58,83.58,78.15,81.54,3537619
2013-08-06 00:00:00+05:30,81.95,84.32,81.85,82.62,6675744
2013-08-07 00:00:00+05:30,83.07,84.1,78.66,80.99,5180939
2013-08-08 00:00:00+05:30,82.33,88.83,82.21,87.61,7127735
2013-08-12 00:00:00+05:30,89.53,92.85,88.47,92.09,7512720
2013-08-13 00:00:00+05:30,92.09,95.06,89.53,94.65,5900583
2013-08-14 00:00:00+05:30,94.65,97.84,92.38,96.91,4035075
2013-08-16 00:00:00+05:30,96.57,97.43,90.84,91.73,8715941
2013-08-19 00:00:00+05:30,93.33,96.57,89.08,94.29,10370019
2013-08-20 00:00:00+05:30,94.8,95.54,90.55,92.21,4332805
2013-08-21 00:00:00+05:30,93.11,94.2,87.42,88.8,1879855
2013-08-22 00:00:00+05:30,87.61,94.2,87.61,93.24,4080139
2013-08-23 00:00:00+05:30,94.51,94.9,90.39,92.21,5549785
2013-08-26 00:00:00+05:30,93.02,93.11,89.76,92.4,6533417
2013-08-27 00:00:00+05:30,91.73,92.69,87.55,91.06,8490260
2013-08-28 00:00:00+05:30,90.17,93.69,87.0,91.03,5611874
2013-08-29 00:00:00+05:30,93.36,94.58,83.93,87.22,16222153
2013-08-30 00:00:00+05:30,86.94,88.38,84.22,85.31,4418344
2013-09-02 00:00:00+05:30,85.31,88.15,85.31,87.0,1322948
2013-09-03 00:00:00+05:30,87.87,88.06,83.17,84.51,2335405
2013-09-04 00:00:00+05:30,84.96,86.84,84.51,85.92,1892809
2013-09-05 00:00:00+05:30,87.61,87.87,85.31,86.46,1769705
2013-09-06 00:00:00+05:30,87.26,89.14,85.69,88.41,2287289
2013-09-10 00:00:00+05:30,88.61,89.98,86.11,86.97,3029324
2013-09-11 00:00:00+05:30,87.87,88.73,85.4,86.04,3046409
2013-09-12 00:00:00+05:30,86.59,87.45,84.41,85.5,3819215
2013-09-13 00:00:00+05:30,85.08,87.36,85.08,86.43,3337289
2013-09-16 00:00:00+05:30,88.7,88.7,85.15,85.73,1582742
2013-09-17 00:00:00+05:30,85.69,86.3,84.06,85.37,1108507
2013-09-18 00:00:00+05:30,85.37,88.09,84.29,87.1,3560211
2013-09-19 00:00:00+05:30,88.7,92.66,87.55,91.54,6165599
2013-09-20 00:00:00+05:30,93.11,93.14,89.37,92.5,2225012
2013-09-23 00:00:00+05:30,91.44,91.44,88.09,88.61,7490593
2013-09-24 00:00:00+05:30,89.43,91.42,88.41,90.84,2194691
2013-09-25 00:00:00+05:30,91.32,91.32,88.06,90.24,2160242
2013-09-26 00:00:00+05:30,90.62,93.43,88.99,92.28,3304093
2013-09-27 00:00:00+05:30,93.81,93.81,90.62,91.32,1545364
2013-09-30 00:00:00+05:30,90.17,92.95,89.33,92.63,4022093
2013-10-01 00:00:00+05:30,92.4,93.36,90.65,91.64,3100604
2013-10-03 00:00:00+05:30,92.6,95.92,91.35,94.68,3307414
2013-10-04 00:00:00+05:30,94.99,99.25,94.99,98.26,6176382
2013-10-07 00:00:00+05:30,99.12,100.05,98.16,99.02,2390523
2013-10-08 00:00:00+05:30,98.87,99.19,95.28,95.83,2332755
2013-10-09 00:00:00+05:30,95.9,98.35,95.8,97.08,3382627
2013-10-10 00:00:00+05:30,97.2,97.78,96.18,96.98,1488750
2013-10-11 00:00:00+05:30,97.84,97.84,95.28,95.51,1215135
2013-10-14 00:00:00+05:30,95.64,97.72,95.64,96.82,1800117
2013-10-15 00:00:00+05:30,97.84,97.97,94.07,95.44,2890746
2013-10-17 00:00:00+05:30,96.38,101.27,94.99,99.57,5500284
2013-10-18 00:00:00+05:30,99.44,101.36,98.64,99.35,3987129
2013-10-21 00:00:00+05:30,100.05,101.3,99.44,100.69,1739801
2013-10-22 00:00:00+05:30,100.08,102.26,99.6,100.91,3558518
2013-10-23 00:00:00+05:30,99.57,101.52,96.62,98.35,3174900
2013-10-24 00:00:00+05:30,98.49,101.17,95.64,98.97,3303619
2013-10-25 00:00:00+05:30,98.42,100.53,96.28,100.12,1292968
2013-10-28 00:00:00+05:30,100.4,100.4,97.53,98.83,1223741
2013-10-29 00:00:00+05:30,99.06,101.2,96.62,100.6,1403390
2013-10-30 00:00:00+05:30,100.56,103.53,99.79,102.26,2314617
2013-10-31 00:00:00+05:30,103.09,105.52,101.87,105.2,2503718
2013-11-01 00:00:00+05:30,104.87,107.18,103.67,105.42,2351339
2013-11-03 00:00:00+05:30,105.9,107.44,105.9,106.86,376120
2013-11-05 00:00:00+05:30,104.94,108.9,104.94,106.76,2660357
2013-11-06 00:00:00+05:30,106.16,110.38,105.64,109.96,2859819
2013-11-07 00:00:00+05:30,110.0,112.23,106.64,107.27,3151810
2013-11-08 00:00:00+05:30,107.08,109.8,106.0,107.37,1681777
2013-11-11 00:00:00+05:30,108.04,108.37,105.52,105.87,820964
2013-11-12 00:00:00+05:30,105.52,109.16,105.26,107.21,2886845
2013-11-13 00:00:00+05:30,105.23,108.01,105.23,106.5,1393288
2013-11-14 00:00:00+05:30,106.48,109.04,106.41,108.08,3679921
2013-11-18 00:00:00+05:30,108.27,111.15,107.82,108.9,1062993
2013-11-19 00:00:00+05:30,109.35,109.61,105.83,106.6,1049076
2013-11-20 00:00:00+05:30,105.23,106.96,102.64,103.67,1575746
2013-11-21 00:00:00+05:30,103.47,105.01,102.93,104.08,1690584
2013-11-22 00:00:00+05:30,104.24,105.49,100.4,101.08,1085225
2013-11-25 00:00:00+05:30,101.68,102.8,99.47,101.84,1479556
2013-11-26 00:00:00+05:30,100.46,104.37,100.46,103.6,1252733
2013-11-27 00:00:00+05:30,101.71,107.75,101.71,107.27,1696677
2013-11-28 00:00:00+05:30,108.14,109.16,105.93,107.85,5095765
2013-11-29 00:00:00+05:30,107.75,107.94,106.28,106.86,796399
2013-12-02 00:00:00+05:30,107.31,108.71,106.31,106.76,1192213
2013-12-03 00:00:00+05:30,105.8,108.39,104.46,104.75,1526333
2013-12-04 00:00:00+05:30,104.27,106.79,103.02,103.57,2044503
2013-12-05 00:00:00+05:30,104.87,107.08,104.87,106.09,1731394
2013-12-06 00:00:00+05:30,106.16,109.61,106.06,108.42,3802527
2013-12-09 00:00:00+05:30,109.35,111.91,107.79,111.49,3070144
2013-12-10 00:00:00+05:30,112.55,115.75,111.97,114.53,4404635
2013-12-11 00:00:00+05:30,115.11,118.11,114.18,117.57,3649109
2013-12-12 00:00:00+05:30,117.15,119.23,114.63,115.11,4792680
2013-12-13 00:00:00+05:30,114.47,115.18,109.42,110.7,3943961
2013-12-16 00:00:00+05:30,110.7,115.27,110.7,113.83,2291114
2013-12-17 00:00:00+05:30,114.03,117.12,111.3,113.16,2684997
2013-12-18 00:00:00+05:30,113.35,114.79,112.42,113.16,5307394
2013-12-19 00:00:00+05:30,113.16,114.15,110.57,111.72,4343204
2013-12-20 00:00:00+05:30,111.59,120.58,110.96,118.73,4974166
2013-12-23 00:00:00+05:30,117.7,121.89,117.09,120.77,2594263
2013-12-24 00:00:00+05:30,122.02,123.91,118.97,119.88,2589362
2013-12-26 00:00:00+05:30,119.55,122.02,117.38,121.28,2664834
2013-12-27 00:00:00+05:30,121.51,124.58,121.51,123.81,2111654
2013-12-30 00:00:00+05:30,124.13,126.84,122.95,125.69,4561781
2013-12-31 00:00:00+05:30,127.07,128.15,125.66,126.59,1606631
2014-01-01 00:00:00+05:30,126.59,127.7,125.82,126.91,680021
2014-01-02 00:00:00+05:30,126.62,129.37,124.83,125.95,1735217
2014-01-03 00:00:00+05:30,124.63,128.54,124.32,127.96,1779157
2014-01-06 00:00:00+05:30,127.9,130.46,125.85,128.83,2772788
2014-01-07 00:00:00+05:30,129.05,131.1,128.54,129.02,1947624
2014-01-08 00:00:00+05:30,128.18,130.14,127.84,128.92,1786679
2014-01-09 00:00:00+05:30,129.59,130.84,128.89,130.27,2343551
2014-01-10 00:00:00+05:30,129.37,133.11,128.57,130.49,2465388
2014-01-13 00:00:00+05:30,130.72,132.31,130.27,131.8,1739419
2014-01-14 00:00:00+05:30,132.28,133.46,130.72,132.83,1225721
2014-01-15 00:00:00+05:30,133.05,138.35,132.57,134.42,3097912
2014-01-16 00:00:00+05:30,134.65,138.83,134.42,138.04,5675210
2014-01-17 00:00:00+05:30,138.26,139.21,136.15,138.61,2394862
2014-01-20 00:00:00+05:30,138.58,138.74,136.6,138.35,1408783
2014-01-21 00:00:00+05:30,137.81,138.26,135.57,136.05,3771474
2014-01-22 00:00:00+05:30,135.25,138.71,134.46,136.98,2190684
2014-01-23 00:00:00+05:30,136.53,136.79,131.16,132.18,1582381
2014-01-24 00:00:00+05:30,132.38,133.43,128.89,130.74,3970443
2014-01-27 00:00:00+05:30,130.46,130.46,123.1,124.03,3278983
2014-01-28 00:00:00+05:30,124.13,125.31,116.77,118.21,4129190
2014-01-29 00:00:00+05:30,119.59,125.34,118.95,124.22,4119586
2014-01-30 00:00:00+05:30,124.0,125.79,113.99,119.91,15277816
2014-01-31 00:00:00+05:30,119.21,122.47,117.86,120.93,1921288
2014-02-03 00:00:00+05:30,120.29,122.47,117.19,118.37,1028694
2014-02-04 00:00:00+05:30,117.34,121.44,116.42,120.89,1547077
2014-02-05 00:00:00+05:30,121.51,123.1,120.26,121.66,2064163
2014-02-06 00:00:00+05:30,121.63,123.2,117.73,119.45,1326268
2014-02-07 00:00:00+05:30,121.51,125.85,120.86,124.77,2834244
2014-02-10 00:00:00+05:30,124.7,127.42,124.15,125.92,2276340
2014-02-11 00:00:00+05:30,126.36,126.46,120.29,120.7,2345748
2014-02-12 00:00:00+05:30,121.51,123.58,119.97,120.64,1595712
2014-02-13 00:00:00+05:30,120.86,121.47,115.88,116.9,3066068
2014-02-14 00:00:00+05:30,117.09,120.67,117.06,118.37,2496442
2014-02-17 00:00:00+05:30,119.07,119.68,116.23,116.86,1464960
2014-02-18 00:00:00+05:30,117.09,119.65,116.96,119.14,1188802
2014-02-19 00:00:00+05:30,118.05,120.22,118.05,118.66,748020
2014-02-20 00:00:00+05:30,118.3,118.95,116.16,116.93,889259
2014-02-21 00:00:00+05:30,117.34,118.53,114.34,115.11,2519628
2014-02-24 00:00:00+05:30,114.92,116.26,112.93,114.15,1849753
2014-02-25 00:00:00+05:30,114.6,118.95,114.6,118.4,2991244
2014-02-26 00:00:00+05:30,119.01,120.55,116.77,117.19,4177670
2014-02-28 00:00:00+05:30,118.25,118.85,116.42,116.9,1779566
2014-03-03 00:00:00+05:30,117.03,118.44,115.18,115.94,2078927
2014-03-04 00:00:00+05:30,115.88,117.44,114.79,116.74,2093498
2014-03-05 00:00:00+05:30,117.67,121.15,117.67,119.71,2754189
2014-03-06 00:00:00+05:30,120.22,122.04,119.68,120.41,2628655
2014-03-07 00:00:00+05:30,120.86,122.08,119.21,120.99,1850164
2014-03-10 00:00:00+05:30,120.55,124.61,119.62,121.03,3853291
2014-03-11 00:00:00+05:30,121.37,123.87,120.29,121.34,2683316
2014-03-12 00:00:00+05:30,121.44,122.91,120.58,122.08,3069253
2014-03-13 00:00:00+05:30,122.69,124.32,121.54,122.11,2223764
2014-03-14 00:00:00+05:30,119.71,121.99,117.86,119.88,1915243
2014-03-18 00:00:00+05:30,120.22,122.66,120.22,121.47,1804237
2014-03-19 00:00:00+05:30,121.82,123.39,118.66,119.07,2289356
2014-03-20 00:00:00+05:30,118.3,120.58,117.99,119.49,1190078
2014-03-21 00:00:00+05:30,119.74,121.51,118.47,118.69,1465917
2014-03-22 00:00:00+05:30,118.95,119.59,118.63,119.17,63377
2014-03-24 00:00:00+05:30,119.11,120.22,117.57,118.27,1394242
2014-03-25 00:00:00+05:30,117.67,119.4,114.95,115.81,3782533
2014-03-26 00:00:00+05:30,116.45,118.63,115.91,118.05,2083288
2014-03-27 00:00:00+05:30,117.03,120.99,117.03,117.99,4563981
2014-03-28 00:00:00+05:30,118.95,119.26,116.45,117.12,2622135
2014-03-31 00:00:00+05:30,117.99,118.95,116.07,117.96,1912315
2014-04-01 00:00:00+05:30,118.63,123.87,117.67,123.26,3437564
2014-04-02 00:00:00+05:30,124.44,124.92,121.28,123.26,5393163
2014-04-03 00:00:00+05:30,124.03,129.5,123.74,128.41,7438393
2014-04-04 00:00:00+05:30,129.56,132.38,128.7,129.56,3953146
2014-04-07 00:00:00+05:30,129.81,131.73,126.94,129.37,2072810
2014-04-09 00:00:00+05:30,128.86,130.97,128.25,130.52,2277800
2014-04-10 00:00:00+05:30,130.46,137.43,130.14,135.83,3893101
2014-04-11 00:00:00+05:30,135.25,142.93,134.2,138.64,5452838
2014-04-15 00:00:00+05:30,138.77,144.3,135.86,141.36,5258103
2014-04-16 00:00:00+05:30,141.33,142.8,135.32,137.05,3517555
2014-04-17 00:00:00+05:30,138.39,138.77,134.04,137.49,3009518
2014-04-21 00:00:00+05:30,138.26,140.79,138.06,140.12,2197600
2014-04-22 00:00:00+05:30,141.08,142.28,139.28,139.73,2310598
2014-04-23 00:00:00+05:30,139.12,139.92,136.5,137.3,3464107
2014-04-25 00:00:00+05:30,137.53,149.26,136.98,147.31,18539767
2014-04-28 00:00:00+05:30,149.57,178.54,149.52,176.88,48877146
2014-04-29 00:00:00+05:30,178.68,182.9,174.07,175.95,16973694
2014-04-30 00:00:00+05:30,175.73,182.57,169.57,171.45,11948233
2014-05-02 00:00:00+05:30,173.43,183.24,173.08,179.02,17329690
2014-05-05 00:00:00+05:30,180.34,184.05,177.17,178.32,5636783
2014-05-06 00:00:00+05:30,180.02,181.23,177.27,178.54,4473960
2014-05-07 00:00:00+05:30,179.45,189.29,178.74,180.82,18031660
2014-05-08 00:00:00+05:30,182.32,184.37,171.7,173.21,13359616
2014-05-09 00:00:00+05:30,172.35,179.64,168.44,176.69,6878511
2014-05-12 00:00:00+05:30,172.66,178.97,171.58,172.73,4135384
2014-05-13 00:00:00+05:30,173.94,177.46,172.73,175.8,3121891
2014-05-14 00:00:00+05:30,176.53,179.7,174.68,177.56,4263059
2014-05-15 00:00:00+05:30,175.99,178.97,172.35,173.79,2698754
2014-05-16 00:00:00+05:30,174.94,187.63,173.36,182.16,4657770
2014-05-19 00:00:00+05:30,184.3,198.11,183.53,195.66,6491528
2014-05-20 00:00:00+05:30,198.56,200.48,186.48,190.09,5412497
2014-05-21 00:00:00+05:30,191.66,197.63,188.85,193.07,6245975
2014-05-22 00:00:00+05:30,193.29,198.95,193.29,196.17,4271475
2014-05-23 00:00:00+05:30,197.89,198.82,195.69,196.71,1789433
2014-05-26 00:00:00+05:30,198.37,205.92,185.45,197.22,4777698
2014-05-27 00:00:00+05:30,197.63,200.26,191.72,194.95,1571377
2014-05-28 00:00:00+05:30,194.18,200.03,191.24,198.92,3563560
2014-05-29 00:00:00+05:30,200.17,205.73,195.37,197.44,7415919
2014-05-30 00:00:00+05:30,197.44,202.4,190.6,193.0,3375525
2014-06-02 00:00:00+05:30,192.93,196.87,192.49,195.37,1198705
2014-06-03 00:00:00+05:30,195.4,197.12,192.17,193.48,1424830
2014-06-04 00:00:00+05:30,193.38,197.92,193.38,196.9,1339557
2014-06-05 00:00:00+05:30,196.19,202.47,196.19,200.17,3223702
2014-06-06 00:00:00+05:30,200.8,204.7,198.76,201.6,2941445
2014-06-09 00:00:00+05:30,201.6,208.16,200.03,205.47,3144002
2014-06-10 00:00:00+05:30,208.13,208.16,198.37,201.51,1820231
2014-06-11 00:00:00+05:30,202.08,202.59,191.88,193.58,2969390
2014-06-12 00:00:00+05:30,193.77,198.25,193.22,195.49,2314098
2014-06-13 00:00:00+05:30,196.33,197.35,184.37,189.64,2035962
2014-06-16 00:00:00+05:30,190.57,197.6,182.61,193.03,4635193
2014-06-17 00:00:00+05:30,193.12,203.62,192.14,201.73,3070732
2014-06-18 00:00:00+05:30,199.71,206.05,195.52,200.26,2374405
2014-06-19 00:00:00+05:30,198.92,208.44,198.92,207.2,3946540
2014-06-20 00:00:00+05:30,209.14,210.29,198.34,199.78,3675395
2014-06-23 00:00:00+05:30,201.18,202.53,196.42,198.28,1390820
2014-06-24 00:00:00+05:30,198.59,203.94,198.59,203.29,2434867
2014-06-25 00:00:00+05:30,203.74,206.81,200.89,201.54,2793857
2014-06-26 00:00:00+05:30,202.59,211.39,200.17,208.06,7312656
2014-06-27 00:00:00+05:30,209.09,211.06,204.83,210.77,4478997
2014-06-30 00:00:00+05:30,211.68,220.56,210.46,218.35,4195001
2014-07-01 00:00:00+05:30,216.88,220.63,213.27,214.23,2318439
2014-07-02 00:00:00+05:30,216.02,217.94,214.49,215.61,2344374
2014-07-03 00:00:00+05:30,217.43,223.05,217.11,219.79,3421408
2014-07-04 00:00:00+05:30,220.43,229.77,216.21,225.52,4598091
2014-07-07 00:00:00+05:30,221.9,225.33,218.2,218.87,1661161
2014-07-08 00:00:00+05:30,216.91,218.71,204.48,206.33,5036262
2014-07-09 00:00:00+05:30,205.92,210.36,201.95,205.21,3063144
2014-07-10 00:00:00+05:30,204.58,211.13,199.14,205.31,3630866
2014-07-11 00:00:00+05:30,204.64,210.39,203.23,205.31,3054975
2014-07-14 00:00:00+05:30,204.03,206.53,200.87,203.65,1952763
2014-07-15 00:00:00+05:30,204.1,212.25,204.1,210.27,2495947
2014-07-16 00:00:00+05:30,212.73,213.59,207.36,210.77,2333388
2014-07-17 00:00:00+05:30,208.83,212.88,207.9,208.89,2497924
2014-07-18 00:00:00+05:30,207.2,208.44,205.31,207.61,1865351
2014-07-21 00:00:00+05:30,206.11,212.73,206.11,207.39,3033752
2014-07-22 00:00:00+05:30,207.51,209.88,205.15,207.29,1530593
2014-07-23 00:00:00+05:30,207.84,208.8,199.71,204.13,2305697
2014-07-24 00:00:00+05:30,203.26,204.96,200.13,201.18,2727055
2014-07-25 00:00:00+05:30,199.71,203.55,195.62,201.37,2193487
2014-07-28 00:00:00+05:30,200.99,205.25,197.89,198.78,5642253
2014-07-30 00:00:00+05:30,199.55,208.06,198.82,207.36,3343702
2014-07-31 00:00:00+05:30,207.2,213.53,205.85,210.29,10586809
2014-08-01 00:00:00+05:30,206.27,214.04,206.27,212.76,5349525
2014-08-04 00:00:00+05:30,211.2,214.84,210.72,213.72,3496886
2014-08-05 00:00:00+05:30,214.23,215.19,209.88,212.06,2237325
2014-08-06 00:00:00+05:30,210.84,216.41,210.84,213.05,2352008
2014-08-07 00:00:00+05:30,212.12,212.12,201.73,202.43,3054294
2014-08-08 00:00:00+05:30,201.06,201.06,193.12,194.15,2161534
2014-08-11 00:00:00+05:30,195.27,198.5,190.03,196.67,2933824
2014-08-12 00:00:00+05:30,198.53,199.11,195.88,197.15,1290174
2014-08-13 00:00:00+05:30,195.18,201.41,194.41,195.62,1975646
2014-08-14 00:00:00+05:30,193.64,201.37,191.88,200.89,2082346
2014-08-18 00:00:00+05:30,198.92,207.84,198.92,207.55,2391190
2014-08-19 00:00:00+05:30,206.55,210.2,205.06,209.24,1514555
2014-08-20 00:00:00+05:30,205.47,209.98,203.62,205.11,1788677
2014-08-21 00:00:00+05:30,205.28,210.77,205.28,208.16,2391054
2014-08-22 00:00:00+05:30,207.84,218.97,207.84,216.47,2705865
2014-08-25 00:00:00+05:30,218.64,220.88,206.43,207.55,3491309
2014-08-26 00:00:00+05:30,208.16,212.47,202.98,208.18,2915838
2014-08-28 00:00:00+05:30,208.47,209.05,200.64,202.14,2243092
2014-09-01 00:00:00+05:30,203.96,209.98,203.81,209.57,1123211
2014-09-02 00:00:00+05:30,208.54,211.9,206.84,207.55,999359
2014-09-03 00:00:00+05:30,207.2,220.75,207.2,219.25,2470724
2014-09-04 00:00:00+05:30,220.88,237.89,219.5,236.19,8227736
2014-09-05 00:00:00+05:30,236.62,244.29,233.64,241.92,6202940
2014-09-08 00:00:00+05:30,241.09,246.21,236.87,243.46,3116896
2014-09-09 00:00:00+05:30,241.12,248.57,239.07,246.91,2510521
2014-09-10 00:00:00+05:30,245.37,248.35,241.73,243.14,1507312
2014-09-11 00:00:00+05:30,243.58,245.76,236.77,239.04,1687562
2014-09-12 00:00:00+05:30,239.36,240.36,232.2,235.21,1754363
2014-09-15 00:00:00+05:30,232.17,238.44,229.9,231.66,1996147
2014-09-16 00:00:00+05:30,230.0,235.85,217.72,218.87,3017471
2014-09-17 00:00:00+05:30,220.02,224.94,214.23,219.57,2807733
2014-09-18 00:00:00+05:30,217.36,232.45,215.54,229.83,3644525
2014-09-19 00:00:00+05:30,231.75,235.52,224.3,225.74,3646795
2014-09-22 00:00:00+05:30,223.5,229.19,222.86,226.99,1664032
2014-09-23 00:00:00+05:30,226.38,232.11,222.04,222.83,1933717
2014-09-24 00:00:00+05:30,220.63,223.47,214.97,221.08,1313925
2014-09-25 00:00:00+05:30,218.93,222.54,210.24,214.8,2496926
2014-09-26 00:00:00+05:30,213.27,218.26,208.89,216.41,1402772
2014-09-29 00:00:00+05:30,217.39,223.82,215.51,221.9,1087356
2014-09-30 00:00:00+05:30,220.91,222.45,215.51,217.46,1231282
2014-10-01 00:00:00+05:30,216.28,218.68,213.98,216.6,848152
2014-10-07 00:00:00+05:30,215.03,220.56,215.03,216.57,956472
2014-10-08 00:00:00+05:30,214.65,219.31,213.98,216.63,615863
2014-10-09 00:00:00+05:30,217.36,220.56,216.18,218.71,1267428
2014-10-10 00:00:00+05:30,217.43,217.43,211.35,212.21,994411
2014-10-13 00:00:00+05:30,211.03,215.45,208.16,214.17,628240
2014-10-14 00:00:00+05:30,222.38,227.6,219.19,220.12,4039480
2014-10-16 00:00:00+05:30,219.67,220.69,200.61,204.67,2896741
2014-10-17 00:00:00+05:30,207.0,208.47,201.8,206.4,1988466
2014-10-20 00:00:00+05:30,210.81,213.14,207.48,211.42,1702854
2014-10-21 00:00:00+05:30,213.17,215.32,204.25,209.02,4426662
2014-10-22 00:00:00+05:30,211.03,215.19,209.57,214.65,2693302
2014-10-23 00:00:00+05:30,215.45,216.05,214.23,215.0,198783
2014-10-27 00:00:00+05:30,216.6,219.98,213.53,214.84,3253251
2014-10-28 00:00:00+05:30,213.98,216.47,213.05,214.36,1423499
2014-10-29 00:00:00+05:30,215.19,219.54,214.23,218.74,1948910
2014-10-30 00:00:00+05:30,218.39,220.5,216.47,217.46,3815500
2014-10-31 00:00:00+05:30,217.68,224.15,217.68,222.9,2392038
2014-11-03 00:00:00+05:30,223.19,223.7,217.97,219.19,2065176
2014-11-05 00:00:00+05:30,219.35,226.06,215.83,216.43,4155981
2014-11-07 00:00:00+05:30,217.43,217.91,210.17,213.17,1676126
2014-11-10 00:00:00+05:30,212.95,216.79,211.93,214.61,1604451
2014-11-11 00:00:00+05:30,216.09,216.09,209.18,210.72,2316258
2014-11-12 00:00:00+05:30,211.23,224.59,210.39,222.8,4325831
2014-11-13 00:00:00+05:30,223.82,231.15,221.9,229.1,5412583
2014-11-14 00:00:00+05:30,230.86,233.67,228.08,231.34,3780175
2014-11-17 00:00:00+05:30,230.86,232.2,227.85,229.38,1375388
2014-11-18 00:00:00+05:30,229.77,233.41,225.9,229.86,1305280
2014-11-19 00:00:00+05:30,230.53,236.62,218.71,222.48,3959538
2014-11-20 00:00:00+05:30,222.57,226.7,221.2,225.93,1628035
2014-11-21 00:00:00+05:30,226.96,228.94,221.65,223.95,2119584
2014-11-24 00:00:00+05:30,224.05,229.55,222.71,226.93,2535776
2014-11-25 00:00:00+05:30,225.42,226.38,216.18,219.5,1473857
2014-11-26 00:00:00+05:30,218.39,220.6,215.19,216.47,2229480
2014-11-27 00:00:00+05:30,217.43,218.01,212.44,216.47,3017456
2014-11-28 00:00:00+05:30,215.35,222.86,215.35,221.13,2448828
2014-12-01 00:00:00+05:30,221.78,224.15,218.29,219.57,1667394
2014-12-02 00:00:00+05:30,218.32,221.61,216.82,220.5,2806026
2014-12-03 00:00:00+05:30,222.29,224.15,219.41,221.71,1852693
2014-12-04 00:00:00+05:30,222.16,223.19,216.6,217.24,2295996
2014-12-05 00:00:00+05:30,217.43,219.16,213.34,214.71,2251288
2014-12-08 00:00:00+05:30,215.95,215.95,209.12,211.35,2531491
2014-12-09 00:00:00+05:30,211.03,211.99,202.14,203.39,3077583
2014-12-10 00:00:00+05:30,202.28,210.65,201.54,209.53,2363743
2014-12-11 00:00:00+05:30,207.9,209.91,203.46,206.4,2228026
2014-12-12 00:00:00+05:30,205.63,207.1,192.84,197.58,3900203
2014-12-15 00:00:00+05:30,197.29,199.33,191.49,196.52,2791039
2014-12-16 00:00:00+05:30,194.73,200.13,192.49,193.58,4385401
2014-12-17 00:00:00+05:30,191.85,201.32,191.85,199.43,4478288
2014-12-18 00:00:00+05:30,200.99,207.8,200.51,205.47,3562072
2014-12-19 00:00:00+05:30,208.16,210.17,205.28,206.5,2886480
2014-12-22 00:00:00+05:30,206.3,212.28,206.3,211.58,1927433
2014-12-23 00:00:00+05:30,212.06,213.02,208.8,211.45,2087634
2014-12-24 00:00:00+05:30,211.06,215.8,209.76,211.83,4450421
2014-12-26 00:00:00+05:30,211.83,214.17,210.39,213.72,1048622
2014-12-29 00:00:00+05:30,213.12,218.01,213.02,214.94,1663882
2014-12-30 00:00:00+05:30,214.94,217.68,214.49,216.21,1275848
2014-12-31 00:00:00+05:30,215.25,223.19,215.25,221.61,3091363
2015-01-01 00:00:00+05:30,221.39,221.39,216.43,218.45,821199
2015-01-02 00:00:00+05:30,218.54,227.18,218.54,225.26,3633569
2015-01-05 00:00:00+05:30,223.82,226.38,220.69,221.08,1517069
2015-01-06 00:00:00+05:30,219.31,219.31,208.54,210.36,2159115
2015-01-07 00:00:00+05:30,209.69,213.98,201.63,206.59,3878247
2015-01-08 00:00:00+05:30,208.51,214.01,207.13,212.83,2336391
2015-01-09 00:00:00+05:30,214.17,216.43,209.31,212.54,3221778
2015-01-12 00:00:00+05:30,212.83,214.2,209.79,211.42,1408455
2015-01-13 00:00:00+05:30,212.31,228.56,212.31,220.46,7239861
2015-01-14 00:00:00+05:30,221.13,230.15,219.35,229.07,4501003
2015-01-15 00:00:00+05:30,232.14,233.41,226.12,231.82,3101333
2015-01-16 00:00:00+05:30,231.18,239.14,229.55,236.71,2898086
2015-01-19 00:00:00+05:30,237.06,239.49,234.85,237.29,2331061
2015-01-20 00:00:00+05:30,237.89,239.94,236.04,237.48,1958327
2015-01-21 00:00:00+05:30,238.4,238.4,228.37,232.97,2563401
2015-01-22 00:00:00+05:30,232.17,235.08,228.3,230.44,1796652
2015-01-23 00:00:00+05:30,232.62,233.77,227.85,228.97,1603130
2015-01-27 00:00:00+05:30,229.58,232.14,223.19,224.24,2075634
2015-01-28 00:00:00+05:30,225.74,230.41,223.34,226.54,1710258
2015-01-29 00:00:00+05:30,226.38,234.95,223.95,233.55,2693672
2015-01-30 00:00:00+05:30,236.48,239.33,232.78,235.56,1979062
2015-02-02 00:00:00+05:30,236.55,253.05,229.61,251.83,6317350
2015-02-03 00:00:00+05:30,253.91,267.95,249.24,266.22,10954202
2015-02-04 00:00:00+05:30,267.82,278.82,265.49,274.73,9396145
2015-02-05 00:00:00+05:30,273.7,273.7,265.81,267.27,2879478
2015-02-06 00:00:00+05:30,264.75,279.3,261.59,273.93,5836462
2015-02-09 00:00:00+05:30,272.43,272.43,261.56,264.49,2197611
2015-02-10 00:00:00+05:30,263.67,274.66,263.05,271.56,2567360
2015-02-11 00:00:00+05:30,273.1,281.32,267.34,278.59,5602871
2015-02-12 00:00:00+05:30,281.06,286.33,279.59,282.76,2950039
2015-02-13 00:00:00+05:30,283.07,283.33,272.88,274.73,2393313
2015-02-16 00:00:00+05:30,273.7,279.07,269.96,272.71,1550252
2015-02-18 00:00:00+05:30,272.71,275.04,266.38,267.22,1650092
2015-02-19 00:00:00+05:30,268.46,277.06,267.95,273.67,2019707
2015-02-20 00:00:00+05:30,273.6,273.6,266.74,269.26,1335100
2015-02-23 00:00:00+05:30,271.85,274.28,264.34,266.77,2224414
2015-02-24 00:00:00+05:30,265.49,271.15,263.31,264.82,3074425
2015-02-25 00:00:00+05:30,266.54,269.61,258.35,263.0,4591784
2015-02-26 00:00:00+05:30,263.48,264.91,255.23,260.5,2310511
2015-02-27 00:00:00+05:30,261.23,269.48,261.23,268.46,1587200
2015-02-28 00:00:00+05:30,269.86,271.15,261.56,265.9,875547
2015-03-02 00:00:00+05:30,267.31,272.26,265.78,270.41,1353405
2015-03-03 00:00:00+05:30,270.57,272.59,266.74,267.66,1000863
2015-03-04 00:00:00+05:30,270.25,272.43,263.02,265.55,2176762
2015-03-05 00:00:00+05:30,266.99,271.15,264.78,269.67,1726369
2015-03-09 00:00:00+05:30,270.0,281.35,267.12,279.14,4269476
2015-03-10 00:00:00+05:30,281.54,282.78,276.26,277.48,2121093
2015-03-11 00:00:00+05:30,276.45,278.06,271.15,272.14,1092869
2015-03-12 00:00:00+05:30,271.15,276.14,268.75,274.25,1486799
2015-03-13 00:00:00+05:30,275.66,277.54,261.94,264.24,2075657
2015-03-16 00:00:00+05:30,264.24,265.2,256.28,261.13,1810972
2015-03-17 00:00:00+05:30,261.49,270.48,260.56,267.02,2905551
2015-03-18 00:00:00+05:30,269.23,273.96,266.79,270.15,2072522
2015-03-19 00:00:00+05:30,272.43,277.38,268.46,273.89,2847008
2015-03-20 00:00:00+05:30,277.99,279.14,263.02,266.86,3635654
2015-03-23 00:00:00+05:30,267.95,272.4,266.12,268.46,1782750
2015-03-24 00:00:00+05:30,268.4,271.05,264.46,265.04,1134855
2015-03-25 00:00:00+05:30,265.97,272.11,265.39,268.56,1500740
2015-03-26 00:00:00+05:30,268.46,275.66,266.89,272.97,2650257
2015-03-27 00:00:00+05:30,274.99,285.83,265.71,278.34,4104868
2015-03-30 00:00:00+05:30,281.18,285.15,279.46,281.76,2323201
2015-03-31 00:00:00+05:30,283.24,292.79,280.32,282.76,4103005
2015-04-01 00:00:00+05:30,283.62,287.55,278.78,281.83,1975600
2015-04-06 00:00:00+05:30,281.83,289.37,280.36,287.96,2953529
2015-04-07 00:00:00+05:30,290.87,306.19,288.44,302.64,4445386
2015-04-08 00:00:00+05:30,304.37,304.37,293.14,295.61,2722464
2015-04-09 00:00:00+05:30,295.83,300.66,289.14,290.49,2948895
2015-04-10 00:00:00+05:30,290.2,297.49,289.69,296.34,2756027
2015-04-13 00:00:00+05:30,297.34,305.93,295.83,303.57,5200588
2015-04-15 00:00:00+05:30,304.4,310.15,293.12,294.71,5551286
2015-04-16 00:00:00+05:30,296.02,299.19,280.51,289.02,2796268
2015-04-17 00:00:00+05:30,290.2,291.54,273.29,274.28,3996217
2015-04-20 00:00:00+05:30,274.34,274.63,258.42,262.13,3124018
2015-04-21 00:00:00+05:30,261.81,274.66,254.1,271.75,2821817
2015-04-22 00:00:00+05:30,273.96,278.54,267.44,274.89,3272901
2015-04-23 00:00:00+05:30,276.84,281.06,275.75,279.62,2386329
2015-04-24 00:00:00+05:30,280.55,280.55,270.92,277.99,1981782
2015-04-27 00:00:00+05:30,276.0,289.53,271.25,285.12,8017196
2015-04-28 00:00:00+05:30,286.5,306.86,284.0,304.3,5467245
2015-04-29 00:00:00+05:30,303.76,309.0,298.01,299.7,3815208
2015-04-30 00:00:00+05:30,298.01,317.19,295.61,313.77,8408901
2015-05-04 00:00:00+05:30,314.32,320.65,310.22,317.92,4700462
2015-05-05 00:00:00+05:30,316.1,323.52,311.63,316.62,4089080
2015-05-06 00:00:00+05:30,314.32,321.03,304.85,306.26,5286694
2015-05-07 00:00:00+05:30,310.09,315.78,303.82,312.07,3168900
2015-05-08 00:00:00+05:30,316.23,326.72,314.85,323.94,2885917
2015-05-11 00:00:00+05:30,326.62,327.8,320.0,322.79,4460362
2015-05-12 00:00:00+05:30,319.46,321.03,305.16,312.78,4983342
2015-05-13 00:00:00+05:30,317.77,328.25,316.71,324.73,7525700
2015-05-14 00:00:00+05:30,326.46,335.74,326.43,329.5,4474797
2015-05-15 00:00:00+05:30,330.24,336.69,329.4,333.4,2516632
2015-05-18 00:00:00+05:30,333.46,340.21,332.09,337.46,4513769
2015-05-19 00:00:00+05:30,337.53,340.94,331.74,333.27,1874463
2015-05-20 00:00:00+05:30,335.74,338.3,329.09,330.72,2777969
2015-05-21 00:00:00+05:30,332.35,345.71,332.02,344.56,3972464
2015-05-22 00:00:00+05:30,349.81,349.81,338.64,343.82,2071722
2015-05-25 00:00:00+05:30,344.49,355.18,343.96,352.74,3320820
2015-05-26 00:00:00+05:30,352.74,363.49,349.23,361.47,6453054
2015-05-27 00:00:00+05:30,356.26,358.11,340.41,343.48,7246727
2015-05-28 00:00:00+05:30,340.21,346.41,326.27,331.83,7231583
2015-05-29 00:00:00+05:30,331.64,364.51,327.94,353.41,49396336
2015-06-01 00:00:00+05:30,342.13,359.07,340.31,347.27,5024230
2015-06-02 00:00:00+05:30,349.42,355.33,336.15,339.64,2993493
2015-06-03 00:00:00+05:30,340.18,348.43,336.79,345.26,3484457
2015-06-04 00:00:00+05:30,346.12,360.29,346.12,358.44,3603751
2015-06-05 00:00:00+05:30,358.28,363.1,347.66,351.82,3787821
2015-06-08 00:00:00+05:30,350.89,350.89,340.63,341.87,2679082
2015-06-09 00:00:00+05:30,340.85,342.83,327.97,330.24,3598644
2015-06-10 00:00:00+05:30,331.58,336.24,327.03,333.02,2293078
2015-06-11 00:00:00+05:30,336.38,336.92,322.31,323.94,1995111
2015-06-12 00:00:00+05:30,323.84,336.98,320.65,335.13,2048288
2015-06-15 00:00:00+05:30,336.63,342.77,326.91,328.76,3489968
2015-06-16 00:00:00+05:30,328.06,334.27,324.7,332.02,2116122
2015-06-17 00:00:00+05:30,334.33,342.77,332.12,340.41,2251507
2015-06-18 00:00:00+05:30,341.11,343.09,334.61,335.76,1755617
2015-06-19 00:00:00+05:30,337.53,337.85,330.33,333.5,3079985
2015-06-22 00:00:00+05:30,335.57,351.75,333.5,349.29,3230289
2015-06-23 00:00:00+05:30,352.36,359.59,352.01,357.77,3871881
2015-06-24 00:00:00+05:30,358.11,360.7,343.09,346.26,2858388
2015-06-25 00:00:00+05:30,345.26,358.76,343.34,356.81,6471724
2015-06-26 00:00:00+05:30,353.67,367.58,349.36,357.51,4468975
2015-06-29 00:00:00+05:30,345.97,352.74,343.09,344.15,2162650
2015-06-30 00:00:00+05:30,345.84,349.81,339.74,342.52,3921455
2015-07-01 00:00:00+05:30,344.56,352.17,343.41,349.93,2640101
2015-07-02 00:00:00+05:30,350.1,356.0,347.6,351.02,1858461
2015-07-03 00:00:00+05:30,352.36,356.45,347.89,350.06,1451333
2015-07-06 00:00:00+05:30,345.33,358.11,344.68,357.22,2469225
2015-07-07 00:00:00+05:30,357.54,359.65,350.63,353.58,2663314
2015-07-08 00:00:00+05:30,350.44,353.48,339.09,341.04,2806330
2015-07-09 00:00:00+05:30,340.98,340.98,328.7,330.49,5527387
2015-07-10 00:00:00+05:30,332.54,336.12,329.09,331.71,4597676
2015-07-13 00:00:00+05:30,332.86,335.99,326.79,333.37,2999153
2015-07-14 00:00:00+05:30,334.13,338.61,332.57,334.13,2693825
2015-07-15 00:00:00+05:30,334.75,338.42,331.93,336.86,1860240
2015-07-16 00:00:00+05:30,335.23,344.68,333.31,343.05,3200458
2015-07-17 00:00:00+05:30,345.3,348.04,339.98,341.46,2361488
2015-07-20 00:00:00+05:30,342.45,351.4,341.3,349.55,2274648
2015-07-21 00:00:00+05:30,349.81,354.92,344.08,347.25,2373879
2015-07-22 00:00:00+05:30,348.33,353.58,346.64,349.26,2233214
2015-07-23 00:00:00+05:30,351.66,351.73,343.41,346.16,1321891
2015-07-24 00:00:00+05:30,347.05,351.66,341.23,343.09,1568860
2015-07-27 00:00:00+05:30,343.41,349.77,334.13,343.31,1954408
2015-07-28 00:00:00+05:30,342.64,349.16,335.09,336.47,1584504
2015-07-29 00:00:00+05:30,339.89,344.49,329.34,336.82,3422218
2015-07-30 00:00:00+05:30,338.93,341.49,330.94,332.09,2178653
2015-07-31 00:00:00+05:30,332.54,350.44,332.21,342.57,3698407
2015-08-03 00:00:00+05:30,343.38,349.39,342.13,346.16,1523390
2015-08-04 00:00:00+05:30,346.6,360.03,346.29,358.63,3337694
2015-08-05 00:00:00+05:30,361.7,367.71,359.43,362.28,3490047
2015-08-06 00:00:00+05:30,363.14,363.24,349.42,351.88,2238359
2015-08-07 00:00:00+05:30,352.88,355.56,346.77,347.92,2067635
2015-08-10 00:00:00+05:30,348.46,365.79,347.89,359.94,4150207
2015-08-11 00:00:00+05:30,362.21,368.61,354.92,359.62,3967162
2015-08-12 00:00:00+05:30,354.92,357.73,345.84,347.05,1389413
2015-08-13 00:00:00+05:30,350.44,360.68,348.56,353.03,2890155
2015-08-14 00:00:00+05:30,354.92,358.02,347.95,350.12,2392097
2015-08-17 00:00:00+05:30,350.89,357.44,343.09,353.93,1467868
2015-08-18 00:00:00+05:30,356.84,360.99,353.32,358.47,1094376
2015-08-19 00:00:00+05:30,358.76,365.16,355.72,361.38,1632142
2015-08-20 00:00:00+05:30,360.03,361.38,348.52,350.12,1595854
2015-08-21 00:00:00+05:30,347.18,347.18,332.76,342.57,1589898
2015-08-24 00:00:00+05:30,332.41,332.41,291.61,312.36,3268152
2015-08-25 00:00:00+05:30,315.27,324.51,310.0,319.69,3483226
2015-08-26 00:00:00+05:30,319.69,331.23,314.92,323.17,2216007
2015-08-27 00:00:00+05:30,328.7,337.62,327.42,331.74,2841844
2015-08-28 00:00:00+05:30,335.74,341.3,328.95,333.65,2934789
2015-08-31 00:00:00+05:30,329.4,330.84,319.88,321.38,2472631
2015-09-01 00:00:00+05:30,318.47,338.93,315.95,336.28,4653167
2015-09-02 00:00:00+05:30,340.21,345.33,336.98,339.6,2976257
2015-09-03 00:00:00+05:30,345.97,352.62,343.67,350.44,4231174
2015-09-04 00:00:00+05:30,350.03,350.03,333.56,338.71,1598076
2015-09-07 00:00:00+05:30,342.13,342.23,333.75,335.76,1657352
2015-09-08 00:00:00+05:30,336.82,338.93,319.26,331.77,2735282
2015-09-09 00:00:00+05:30,337.59,341.42,329.69,332.92,2010395
2015-09-10 00:00:00+05:30,325.5,329.34,310.22,317.25,4279099
2015-09-11 00:00:00+05:30,317.83,326.02,311.95,323.87,3222507
2015-09-14 00:00:00+05:30,326.02,326.14,316.55,321.13,3080602
2015-09-15 00:00:00+05:30,322.43,323.58,313.36,314.76,2400047
2015-09-16 00:00:00+05:30,317.48,320.39,302.8,305.61,3499050
2015-09-18 00:00:00+05:30,312.04,321.28,303.76,307.63,12441930
2015-09-21 00:00:00+05:30,305.68,309.52,299.45,301.04,2415021
2015-09-22 00:00:00+05:30,305.68,308.23,293.4,295.83,2110400
2015-09-23 00:00:00+05:30,291.61,298.64,287.17,297.39,2410908
2015-09-24 00:00:00+05:30,297.82,300.05,294.49,298.32,2510865
2015-09-28 00:00:00+05:30,299.73,301.75,288.44,290.55,1191781
2015-09-29 00:00:00+05:30,285.35,288.51,280.1,282.21,2112135
2015-09-30 00:00:00+05:30,287.13,295.26,283.77,293.08,3087395
2015-10-01 00:00:00+05:30,296.34,296.41,286.59,290.33,1488362
2015-10-05 00:00:00+05:30,292.79,292.79,277.41,289.05,3432129
2015-10-06 00:00:00+05:30,292.44,298.45,289.05,297.2,2843221
2015-10-07 00:00:00+05:30,298.52,298.52,284.25,287.07,3022424
2015-10-08 00:00:00+05:30,287.77,289.43,281.25,284.29,3954234
2015-10-09 00:00:00+05:30,284.73,291.58,284.73,289.69,2164532
2015-10-12 00:00:00+05:30,292.57,299.93,291.03,298.78,1753073
2015-10-13 00:00:00+05:30,301.2,305.33,298.78,304.15,2344831
2015-10-14 00:00:00+05:30,303.76,306.29,297.49,300.75,1633191
2015-10-15 00:00:00+05:30,301.85,306.0,299.48,304.68,3379646
2015-10-16 00:00:00+05:30,305.04,308.85,296.24,304.75,1851486
2015-10-19 00:00:00+05:30,304.75,313.22,304.24,312.11,2058583
2015-10-20 00:00:00+05:30,311.44,312.71,303.79,308.08,1288110
2015-10-21 00:00:00+05:30,308.18,311.05,300.89,306.74,1242641
2015-10-23 00:00:00+05:30,307.92,311.97,294.17,295.28,2002805
2015-10-26 00:00:00+05:30,298.01,299.86,281.89,286.53,6780181
2015-10-27 00:00:00+05:30,288.86,302.0,287.61,299.98,3683361
2015-10-28 00:00:00+05:30,301.49,307.22,296.86,303.22,2788993
2015-10-29 00:00:00+05:30,303.22,306.64,302.26,304.24,1878454
2015-10-30 00:00:00+05:30,305.04,307.34,292.02,293.98,2688946
2015-11-02 00:00:00+05:30,294.55,296.72,288.73,292.98,1353553
2015-11-03 00:00:00+05:30,292.89,295.38,287.84,288.61,1513813
2015-11-04 00:00:00+05:30,289.69,292.19,283.36,290.72,2442573
2015-11-05 00:00:00+05:30,289.69,291.01,279.84,281.09,1626808
2015-11-06 00:00:00+05:30,280.7,288.61,276.9,286.84,2476781
2015-11-09 00:00:00+05:30,284.51,296.38,278.98,294.68,1979471
2015-11-10 00:00:00+05:30,293.53,294.17,286.88,289.88,1219147
2015-11-11 00:00:00+05:30,290.72,294.1,288.95,290.27,135953
2015-11-13 00:00:00+05:30,283.33,285.21,274.99,278.15,2476378
2015-11-16 00:00:00+05:30,277.29,283.87,275.52,280.87,1461453
2015-11-17 00:00:00+05:30,285.31,286.5,280.13,284.42,1628501
2015-11-18 00:00:00+05:30,286.17,290.33,282.72,284.61,1577444
2015-11-19 00:00:00+05:30,287.46,291.45,284.73,287.71,1269430
2015-11-20 00:00:00+05:30,290.1,295.99,288.51,293.65,1650227
2015-11-23 00:00:00+05:30,296.72,301.85,280.9,282.62,6745791
2015-11-24 00:00:00+05:30,285.12,285.6,278.5,279.49,2599886
2015-11-26 00:00:00+05:30,280.51,281.7,274.47,275.24,2325203
2015-11-27 00:00:00+05:30,277.48,278.47,268.2,269.26,2364502
2015-11-30 00:00:00+05:30,268.01,271.75,264.18,265.87,3870531
2015-12-01 00:00:00+05:30,267.25,274.99,267.25,271.88,1729952
2015-12-02 00:00:00+05:30,272.43,276.19,270.31,271.53,1825194
2015-12-03 00:00:00+05:30,269.96,272.52,268.11,269.48,1027489
2015-12-04 00:00:00+05:30,266.67,269.38,266.03,267.89,1555587
2015-12-07 00:00:00+05:30,269.55,270.0,261.75,264.59,1431811
2015-12-08 00:00:00+05:30,263.48,263.86,257.49,258.71,2483466
2015-12-09 00:00:00+05:30,256.28,256.6,249.79,252.44,2506891
2015-12-10 00:00:00+05:30,252.41,263.41,247.68,261.17,2674853
2015-12-11 00:00:00+05:30,262.83,263.95,252.6,253.62,1829816
2015-12-14 00:00:00+05:30,251.9,260.41,246.21,259.09,1824336
2015-12-15 00:00:00+05:30,260.27,268.56,259.16,268.01,3223562
2015-12-16 00:00:00+05:30,270.38,272.26,268.27,271.4,2405550
2015-12-17 00:00:00+05:30,271.78,274.28,266.67,273.1,2445898
2015-12-18 00:00:00+05:30,262.19,271.66,262.19,269.96,2155115
2015-12-21 00:00:00+05:30,266.48,277.35,266.48,273.8,1620020
2015-12-22 00:00:00+05:30,273.7,276.23,271.47,273.19,1545169
2015-12-23 00:00:00+05:30,274.06,279.07,273.48,277.63,1407088
2015-12-24 00:00:00+05:30,278.18,278.59,274.85,276.93,493058
2015-12-28 00:00:00+05:30,276.93,279.33,275.62,278.08,1001659
2015-12-29 00:00:00+05:30,277.86,280.1,275.02,277.44,664764
2015-12-30 00:00:00+05:30,277.44,280.1,275.18,278.15,696401
2015-12-31 00:00:00+05:30,278.18,283.74,275.3,280.17,2721000
2016-01-01 00:00:00+05:30,280.17,283.14,278.56,281.61,337395
2016-01-04 00:00:00+05:30,279.14,284.58,272.93,277.44,1105726
2016-01-05 00:00:00+05:30,279.14,279.88,273.41,278.37,1313902
2016-01-06 00:00:00+05:30,277.96,284.7,277.13,283.52,1476444
2016-01-07 00:00:00+05:30,282.33,282.33,263.6,266.93,1726954
2016-01-08 00:00:00+05:30,269.23,274.06,267.02,272.07,913785
2016-01-11 00:00:00+05:30,268.59,273.6,266.86,271.72,1002420
2016-01-12 00:00:00+05:30,272.55,276.65,268.43,271.72,1330187
2016-01-13 00:00:00+05:30,275.08,275.08,258.54,262.9,1687800
2016-01-14 00:00:00+05:30,258.42,259.57,250.46,254.87,2007638
2016-01-15 00:00:00+05:30,256.43,259.0,248.47,249.62,2134378
2016-01-18 00:00:00+05:30,246.59,252.12,239.59,248.13,1487164
2016-01-19 00:00:00+05:30,248.76,255.09,247.55,250.65,1202455
2016-01-20 00:00:00+05:30,246.21,248.42,236.84,238.82,2889441
2016-01-21 00:00:00+05:30,237.96,244.54,237.89,241.54,2199998
2016-01-22 00:00:00+05:30,244.7,257.24,243.17,255.28,1619422
2016-01-25 00:00:00+05:30,257.59,259.06,252.12,256.82,1127358
2016-01-27 00:00:00+05:30,258.35,266.48,256.43,264.2,2320606
2016-01-28 00:00:00+05:30,264.18,269.23,261.59,262.61,2296396
2016-01-29 00:00:00+05:30,264.72,280.67,262.77,279.55,3933903
2016-02-01 00:00:00+05:30,282.02,282.62,275.3,280.19,1402673
2016-02-02 00:00:00+05:30,279.46,280.1,263.86,266.03,1781844
2016-02-03 00:00:00+05:30,261.56,264.66,257.62,261.61,1153621
2016-02-04 00:00:00+05:30,265.2,267.47,254.2,259.16,1361363
2016-02-05 00:00:00+05:30,260.82,265.3,258.07,263.48,1426688
2016-02-08 00:00:00+05:30,264.43,267.31,256.47,258.07,728992
2016-02-09 00:00:00+05:30,255.48,259.02,247.03,249.6,1062727
2016-02-10 00:00:00+05:30,246.21,254.49,245.69,252.79,1473270
2016-02-11 00:00:00+05:30,251.32,254.36,240.96,247.94,1943408
2016-02-12 00:00:00+05:30,248.66,251.51,234.85,242.62,1633233
2016-02-15 00:00:00+05:30,246.21,261.49,246.21,259.0,1401738
2016-02-16 00:00:00+05:30,260.27,264.75,256.02,258.01,1960829
2016-02-17 00:00:00+05:30,257.65,260.27,244.67,252.98,1349596
2016-02-18 00:00:00+05:30,257.53,257.72,247.8,251.77,833758
2016-02-19 00:00:00+05:30,250.68,255.8,244.77,254.55,1030899
2016-02-22 00:00:00+05:30,255.16,257.68,250.68,252.41,979199
2016-02-23 00:00:00+05:30,252.6,255.57,248.13,252.19,908915
2016-02-24 00:00:00+05:30,250.55,251.64,240.8,242.18,1149959
2016-02-25 00:00:00+05:30,242.98,247.01,236.26,244.42,2499515
2016-02-26 00:00:00+05:30,246.84,249.4,240.45,242.08,1397947
2016-02-29 00:00:00+05:30,241.09,248.32,235.49,244.06,2369891
2016-03-01 00:00:00+05:30,244.54,262.45,244.29,259.83,1823214
2016-03-02 00:00:00+05:30,261.04,270.82,261.04,263.19,2135519
2016-03-03 00:00:00+05:30,271.15,273.03,266.19,271.63,1873159
2016-03-04 00:00:00+05:30,271.21,286.62,271.21,284.44,4396546
2016-03-08 00:00:00+05:30,283.94,284.42,275.91,278.5,1152107
2016-03-09 00:00:00+05:30,276.9,280.36,274.03,278.21,1569902
2016-03-10 00:00:00+05:30,279.97,290.58,278.18,286.14,2482306
2016-03-11 00:00:00+05:30,284.58,285.63,276.26,280.42,1142653
2016-03-14 00:00:00+05:30,282.02,286.24,280.17,281.37,681958
2016-03-15 00:00:00+05:30,280.1,282.66,276.36,277.7,801765
2016-03-16 00:00:00+05:30,277.54,279.07,268.59,275.24,932439
2016-03-17 00:00:00+05:30,278.82,284.32,277.35,279.65,1206516
2016-03-18 00:00:00+05:30,282.72,285.12,275.33,282.02,1287792
2016-03-21 00:00:00+05:30,282.66,285.5,277.29,284.73,1299216
2016-03-22 00:00:00+05:30,285.73,286.75,280.22,284.2,1542783
2016-03-23 00:00:00+05:30,283.91,293.27,283.26,291.83,1654469
2016-03-28 00:00:00+05:30,294.8,297.49,286.27,288.83,1526033
2016-03-29 00:00:00+05:30,288.8,295.71,287.29,288.64,1707473
2016-03-30 00:00:00+05:30,290.33,304.01,290.33,301.9,3394339
2016-03-31 00:00:00+05:30,300.66,308.88,298.1,305.49,2089881
2016-04-01 00:00:00+05:30,303.41,303.67,295.09,298.3,1253799
2016-04-04 00:00:00+05:30,301.2,301.56,294.49,298.97,1106143
2016-04-05 00:00:00+05:30,298.45,304.85,291.99,293.27,1326632
2016-04-06 00:00:00+05:30,292.92,296.72,286.84,292.89,1344623
2016-04-07 00:00:00+05:30,293.53,300.08,289.95,295.93,935621
2016-04-08 00:00:00+05:30,298.52,299.73,292.64,294.17,795147
2016-04-11 00:00:00+05:30,295.45,305.2,292.98,304.3,2450154
2016-04-12 00:00:00+05:30,305.68,319.5,305.04,315.69,3823402
2016-04-13 00:00:00+05:30,320.39,324.1,318.59,322.18,2339448
2016-04-18 00:00:00+05:30,322.95,327.71,321.15,324.39,1683989
2016-04-20 00:00:00+05:30,326.84,327.03,317.67,322.56,2453382
2016-04-21 00:00:00+05:30,323.58,331.26,323.58,328.83,1761425
2016-04-22 00:00:00+05:30,326.5,335.64,324.54,334.65,2225215
2016-04-25 00:00:00+05:30,334.49,336.89,329.02,335.48,2085629
2016-04-26 00:00:00+05:30,332.54,335.45,325.06,326.5,1917825
2016-04-27 00:00:00+05:30,324.29,331.49,323.26,329.31,1482386
2016-04-28 00:00:00+05:30,328.7,333.82,326.72,330.58,2836290
2016-04-29 00:00:00+05:30,331.26,346.6,331.2,343.98,5544685
2016-05-02 00:00:00+05:30,346.38,383.53,344.24,380.44,13077936
2016-05-03 00:00:00+05:30,380.5,385.87,368.51,370.56,5151269
2016-05-04 00:00:00+05:30,370.72,375.04,365.28,370.34,3853555
2016-05-05 00:00:00+05:30,372.5,388.11,369.34,378.87,4339914
2016-05-06 00:00:00+05:30,377.87,388.81,375.86,379.16,4164224
2016-05-09 00:00:00+05:30,381.17,381.17,372.31,375.51,2027804
2016-05-10 00:00:00+05:30,377.63,382.33,372.89,376.41,3243606
2016-05-11 00:00:00+05:30,372.19,383.38,369.5,379.57,2826626
2016-05-12 00:00:00+05:30,381.4,388.04,380.24,383.28,3688759
2016-05-13 00:00:00+05:30,384.69,391.98,366.36,373.31,5042261
2016-05-16 00:00:00+05:30,372.95,377.94,368.51,374.01,2291751
2016-05-17 00:00:00+05:30,376.02,379.48,369.18,371.04,3130075
2016-05-18 00:00:00+05:30,369.63,370.2,360.77,364.77,2535676
2016-05-19 00:00:00+05:30,364.2,368.86,357.16,358.79,2039131
2016-05-20 00:00:00+05:30,359.4,371.42,354.92,368.54,3255392
2016-05-23 00:00:00+05:30,370.53,374.36,363.29,364.96,1792198
2016-05-24 00:00:00+05:30,365.66,367.13,360.8,363.39,2016810
2016-05-25 00:00:00+05:30,366.88,377.82,366.88,376.24,3179345
2016-05-26 00:00:00+05:30,378.13,382.83,376.02,379.19,8930484
2016-05-27 00:00:00+05:30,380.31,386.07,378.07,380.75,2247050
2016-05-30 00:00:00+05:30,382.35,385.36,375.0,378.42,1821966
2016-05-31 00:00:00+05:30,380.18,388.49,377.46,380.82,5167962
2016-06-01 00:00:00+05:30,382.58,382.64,374.36,378.16,2480595
2016-06-02 00:00:00+05:30,378.58,389.58,377.49,386.86,5813912
2016-06-03 00:00:00+05:30,388.81,394.54,385.64,387.56,4143412
2016-06-06 00:00:00+05:30,388.81,394.15,387.66,391.11,3470630
2016-06-07 00:00:00+05:30,393.07,393.26,381.4,383.76,2936588
2016-06-08 00:00:00+05:30,383.7,386.89,379.86,383.12,1647785
2016-06-09 00:00:00+05:30,383.73,385.16,375.42,377.56,1677715
2016-06-10 00:00:00+05:30,375.13,377.15,369.66,370.91,2522856
2016-06-13 00:00:00+05:30,369.31,376.47,362.31,375.32,1504359
2016-06-14 00:00:00+05:30,377.3,378.49,368.35,372.45,1389663
2016-06-15 00:00:00+05:30,374.04,376.67,371.23,374.04,1209812
2016-06-16 00:00:00+05:30,372.83,372.83,359.07,363.52,2813629
2016-06-17 00:00:00+05:30,365.86,368.35,361.03,362.69,1481469
2016-06-20 00:00:00+05:30,358.79,365.38,355.98,363.91,3525725
2016-06-21 00:00:00+05:30,365.73,367.2,358.34,359.11,2273907
2016-06-22 00:00:00+05:30,360.61,362.14,352.74,355.56,1567715
2016-06-23 00:00:00+05:30,355.56,356.2,345.64,346.64,2706564
2016-06-24 00:00:00+05:30,335.74,347.25,313.36,345.45,4138501
2016-06-27 00:00:00+05:30,346.48,350.77,344.05,348.52,997822
2016-06-28 00:00:00+05:30,350.34,353.51,347.6,349.26,3126863
2016-06-29 00:00:00+05:30,351.08,354.6,348.94,351.5,2323671
2016-06-30 00:00:00+05:30,353.93,360.61,350.51,351.78,3647045
2016-07-01 00:00:00+05:30,354.22,360.51,353.64,358.44,2927330
2016-07-04 00:00:00+05:30,360.48,362.4,354.44,355.5,1581915
2016-07-05 00:00:00+05:30,353.0,353.77,346.93,349.36,1420696
2016-07-07 00:00:00+05:30,347.89,357.16,346.0,354.44,2542969
2016-07-08 00:00:00+05:30,356.0,358.88,350.12,352.78,2375345
2016-07-11 00:00:00+05:30,354.28,356.43,344.27,349.55,1427573
2016-07-12 00:00:00+05:30,349.16,353.22,347.47,351.85,1681949
2016-07-13 00:00:00+05:30,351.85,360.55,350.15,358.95,3462481
2016-07-14 00:00:00+05:30,360.65,365.16,359.14,363.94,3471341
2016-07-15 00:00:00+05:30,365.73,367.04,360.1,362.33,2273681
2016-07-18 00:00:00+05:30,363.04,363.87,352.52,355.37,962025
2016-07-19 00:00:00+05:30,355.33,357.86,351.08,353.77,1544222
2016-07-20 00:00:00+05:30,353.77,355.56,352.11,353.48,1309056
2016-07-21 00:00:00+05:30,353.84,359.07,351.08,357.54,1850542
2016-07-22 00:00:00+05:30,359.27,374.75,358.31,373.53,3485959
2016-07-25 00:00:00+05:30,375.19,375.19,367.36,370.53,1675394
2016-07-26 00:00:00+05:30,370.53,377.15,367.29,369.69,1970526
2016-07-27 00:00:00+05:30,371.54,390.63,371.54,389.33,8398715
2016-07-28 00:00:00+05:30,391.85,395.21,385.49,390.15,4354979
2016-07-29 00:00:00+05:30,391.98,402.72,387.51,399.59,13810200
2016-08-01 00:00:00+05:30,401.57,402.85,388.4,391.11,2838708
2016-08-02 00:00:00+05:30,393.87,394.54,372.31,376.02,3751287
2016-08-03 00:00:00+05:30,376.02,380.37,368.25,372.95,3576942
2016-08-04 00:00:00+05:30,376.57,387.75,374.84,385.16,3808501
2016-08-05 00:00:00+05:30,386.26,394.15,385.64,392.65,2117798
2016-08-08 00:00:00+05:30,393.03,402.5,392.97,397.87,2892373
2016-08-09 00:00:00+05:30,400.29,400.29,387.22,393.87,1828334
2016-08-10 00:00:00+05:30,395.3,402.24,393.13,396.68,2803971
2016-08-11 00:00:00+05:30,397.06,407.01,393.03,401.83,3635317
2016-08-12 00:00:00+05:30,402.59,406.02,400.87,402.59,1751795
2016-08-16 00:00:00+05:30,404.16,407.84,396.62,400.46,1716492
2016-08-17 00:00:00+05:30,400.96,413.37,398.44,410.94,2667845
2016-08-18 00:00:00+05:30,413.12,417.27,408.7,411.87,2493025
2016-08-19 00:00:00+05:30,413.27,415.61,407.99,412.6,1893907
2016-08-22 00:00:00+05:30,411.83,419.19,410.14,416.95,2428891
2016-08-23 00:00:00+05:30,414.39,417.97,409.15,412.64,1427952
2016-08-24 00:00:00+05:30,410.58,416.76,410.01,411.97,1152823
2016-08-25 00:00:00+05:30,412.47,413.15,402.43,404.32,2222429
2016-08-26 00:00:00+05:30,405.76,408.64,400.1,405.95,2008823
2016-08-29 00:00:00+05:30,403.91,415.16,403.91,407.46,2647614
2016-08-30 00:00:00+05:30,409.31,411.64,407.97,408.47,809862
2016-08-31 00:00:00+05:30,410.17,412.25,405.92,408.61,2211405
2016-09-01 00:00:00+05:30,409.21,412.47,391.88,401.06,1371154
2016-09-02 00:00:00+05:30,399.75,409.21,394.63,406.21,1463667
2016-09-06 00:00:00+05:30,404.16,416.19,404.16,414.36,1878353
2016-09-07 00:00:00+05:30,413.5,427.18,413.46,422.61,3286023
2016-09-08 00:00:00+05:30,422.71,423.73,417.17,421.65,1025833
2016-09-09 00:00:00+05:30,415.67,429.33,415.67,422.38,2554272
2016-09-12 00:00:00+05:30,414.39,420.72,406.14,415.09,2742189
2016-09-14 00:00:00+05:30,414.61,447.8,414.61,445.28,3674097
2016-09-15 00:00:00+05:30,449.63,454.49,436.29,437.89,3879945
2016-09-16 00:00:00+05:30,439.05,447.97,436.48,443.05,5042761
2016-09-19 00:00:00+05:30,447.46,447.46,434.15,436.29,3055059
2016-09-20 00:00:00+05:30,438.69,442.05,433.32,434.73,2183966
2016-09-21 00:00:00+05:30,436.39,445.73,432.14,437.54,3024060
2016-09-22 00:00:00+05:30,441.89,445.28,435.37,437.58,2649862
2016-09-23 00:00:00+05:30,439.98,452.06,436.84,442.79,4285993
2016-09-26 00:00:00+05:30,443.94,443.94,433.99,436.24,1922270
2016-09-27 00:00:00+05:30,439.14,444.39,435.33,437.22,2175348
2016-09-28 00:00:00+05:30,439.98,441.8,434.41,436.77,2899349
2016-09-29 00:00:00+05:30,439.62,439.69,411.29,415.86,3143686
2016-09-30 00:00:00+05:30,412.47,432.94,411.93,430.92,1391911
2016-10-03 00:00:00+05:30,432.24,438.83,431.06,434.99,1204008
2016-10-04 00:00:00+05:30,436.58,436.58,424.11,432.62,1524122
2016-10-05 00:00:00+05:30,435.5,440.48,432.14,435.11,1782132
2016-10-06 00:00:00+05:30,436.14,436.96,426.12,429.42,1424274
2016-10-07 00:00:00+05:30,430.7,435.5,427.41,429.87,941242
2016-10-10 00:00:00+05:30,433.77,434.47,428.47,429.04,411267
2016-10-13 00:00:00+05:30,427.12,430.58,414.27,428.04,2060306
2016-10-14 00:00:00+05:30,428.47,438.69,426.1,437.0,1791839
2016-10-17 00:00:00+05:30,434.09,443.17,433.58,439.24,2841516
2016-10-18 00:00:00+05:30,441.25,444.03,439.4,442.91,1734870
2016-10-19 00:00:00+05:30,443.17,455.8,436.94,454.2,3900984
2016-10-20 00:00:00+05:30,455.32,461.01,451.35,457.2,3776022
2016-10-21 00:00:00+05:30,455.32,461.85,454.68,459.38,1862861
2016-10-24 00:00:00+05:30,458.59,467.28,456.12,461.37,1375281
2016-10-25 00:00:00+05:30,458.26,461.78,448.57,455.9,1343960
2016-10-26 00:00:00+05:30,454.39,459.41,443.49,447.1,1682589
2016-10-27 00:00:00+05:30,447.01,456.7,444.48,451.8,2620952
2016-10-28 00:00:00+05:30,450.27,456.38,424.88,446.24,9528996
2016-10-30 00:00:00+05:30,444.45,449.72,440.55,445.21,270680
2016-11-01 00:00:00+05:30,446.94,453.69,446.56,451.64,2464076
2016-11-02 00:00:00+05:30,445.09,448.54,432.84,434.95,2409559
2016-11-03 00:00:00+05:30,437.39,439.33,423.09,428.04,4089329
2016-11-04 00:00:00+05:30,431.66,432.3,421.3,430.03,1973360
2016-11-07 00:00:00+05:30,431.66,437.99,425.4,427.41,1664935
2016-11-08 00:00:00+05:30,429.1,439.55,419.76,437.67,2566817
2016-11-09 00:00:00+05:30,410.24,428.47,399.07,422.83,3515057
2016-11-10 00:00:00+05:30,429.55,449.76,427.56,443.97,2415271
2016-11-11 00:00:00+05:30,442.53,442.57,411.23,413.82,2384915
2016-11-15 00:00:00+05:30,413.75,413.75,381.14,383.92,3264230
2016-11-16 00:00:00+05:30,384.37,406.91,379.86,396.93,3491759
2016-11-17 00:00:00+05:30,396.93,400.7,389.77,394.63,1477163
2016-11-18 00:00:00+05:30,399.62,402.37,394.89,398.79,1294819
2016-11-21 00:00:00+05:30,398.73,401.92,383.44,389.36,1702345
2016-11-22 00:00:00+05:30,390.19,398.4,373.6,387.66,3578484
2016-11-23 00:00:00+05:30,392.59,396.81,388.85,390.77,2525390
2016-11-24 00:00:00+05:30,390.67,393.17,382.1,389.62,2052669
2016-11-25 00:00:00+05:30,389.67,403.52,384.59,402.05,1707485
2016-11-28 00:00:00+05:30,399.75,405.76,396.52,402.02,1128374
2016-11-29 00:00:00+05:30,396.62,408.45,396.62,399.98,2651708
2016-11-30 00:00:00+05:30,401.61,406.72,399.14,405.4,2509511
2016-12-01 00:00:00+05:30,403.52,418.3,402.88,416.0,3407510
2016-12-02 00:00:00+05:30,414.27,422.35,411.2,417.08,2790323
2016-12-05 00:00:00+05:30,415.04,426.45,415.0,424.4,1147733
2016-12-06 00:00:00+05:30,426.74,434.85,422.67,430.1,1741273
2016-12-07 00:00:00+05:30,433.07,433.65,425.93,429.87,729951
2016-12-08 00:00:00+05:30,434.51,449.89,432.97,447.75,2094631
2016-12-09 00:00:00+05:30,449.24,455.32,441.57,444.77,1762938
2016-12-12 00:00:00+05:30,444.45,449.57,439.33,444.8,1003078
2016-12-13 00:00:00+05:30,444.45,449.21,431.25,433.61,1645393
2016-12-14 00:00:00+05:30,434.85,434.89,414.39,416.38,2691163
2016-12-15 00:00:00+05:30,407.99,422.07,407.99,412.38,3411760
2016-12-16 00:00:00+05:30,415.48,426.51,409.18,424.24,2607139
2016-12-19 00:00:00+05:30,423.89,423.89,406.79,409.91,1638660
2016-12-20 00:00:00+05:30,409.91,415.09,403.36,405.64,1227451
2016-12-21 00:00:00+05:30,406.08,408.25,399.91,403.58,1070995
2016-12-22 00:00:00+05:30,401.66,403.46,394.12,395.81,1014480
2016-12-23 00:00:00+05:30,398.4,406.94,390.32,400.96,1723939
2016-12-26 00:00:00+05:30,402.18,402.18,387.85,391.56,1375599
2016-12-27 00:00:00+05:30,390.1,409.28,387.56,407.01,1556829
2016-12-28 00:00:00+05:30,410.58,413.12,402.09,403.72,2775807
2016-12-29 00:00:00+05:30,404.23,409.28,402.95,407.99,1308257
2016-12-30 00:00:00+05:30,412.35,417.91,410.56,413.75,1239822
2017-01-02 00:00:00+05:30,415.23,422.35,412.47,421.2,984810
2017-01-03 00:00:00+05:30,422.38,424.88,417.37,418.87,1010538
2017-01-04 00:00:00+05:30,417.91,429.39,416.86,426.89,2739557
2017-01-05 00:00:00+05:30,427.18,432.94,425.33,431.4,1952401
2017-01-06 00:00:00+05:30,432.3,433.39,420.66,422.0,1722779
2017-01-09 00:00:00+05:30,423.34,432.59,422.1,430.32,918054
2017-01-10 00:00:00+05:30,430.32,434.85,422.45,424.3,1449546
2017-01-11 00:00:00+05:30,425.9,430.06,420.79,427.95,3304588
2017-01-12 00:00:00+05:30,432.49,439.33,425.97,438.4,2308803
2017-01-13 00:00:00+05:30,440.61,445.69,437.16,440.0,2318633
2017-01-16 00:00:00+05:30,439.84,450.78,435.59,449.38,2674032
2017-01-17 00:00:00+05:30,451.64,471.31,451.49,469.74,7291449
2017-01-18 00:00:00+05:30,471.54,471.54,462.93,467.15,2416697
2017-01-19 00:00:00+05:30,466.8,478.02,463.67,472.97,2898667
2017-01-20 00:00:00+05:30,470.25,476.36,466.19,469.23,2231339
2017-01-23 00:00:00+05:30,467.41,469.87,458.52,464.3,1721626
2017-01-24 00:00:00+05:30,467.34,469.93,461.08,466.55,2296579
2017-01-25 00:00:00+05:30,466.99,482.5,463.25,473.36,6075369
2017-01-27 00:00:00+05:30,473.55,480.68,464.44,465.84,3130555
2017-01-30 00:00:00+05:30,466.07,473.99,466.07,471.98,1755632
2017-01-31 00:00:00+05:30,474.22,474.22,461.94,463.48,1345300
2017-02-01 00:00:00+05:30,464.05,476.36,456.72,474.06,3545818
2017-02-02 00:00:00+05:30,472.78,480.68,469.39,473.29,2464935
2017-02-03 00:00:00+05:30,473.84,476.36,468.49,472.07,2092458
2017-02-06 00:00:00+05:30,473.22,473.42,458.64,464.49,2698334
2017-02-07 00:00:00+05:30,466.19,472.59,461.75,466.22,2508365
2017-02-08 00:00:00+05:30,466.19,467.95,462.38,465.36,1256453
2017-02-09 00:00:00+05:30,466.19,473.96,463.73,472.24,3362768
2017-02-10 00:00:00+05:30,473.22,473.61,462.61,464.88,2034424
2017-02-13 00:00:00+05:30,466.83,468.59,461.27,466.89,799642
2017-02-14 00:00:00+05:30,466.77,466.83,454.17,457.78,1251618
2017-02-15 00:00:00+05:30,459.41,460.82,447.8,453.46,1452466
2017-02-16 00:00:00+05:30,450.59,453.37,442.66,447.58,3392222
2017-02-17 00:00:00+05:30,447.52,456.38,444.45,454.23,1330220
2017-02-20 00:00:00+05:30,454.36,461.18,453.91,457.08,1126339
2017-02-21 00:00:00+05:30,456.5,457.24,451.58,454.9,997196
2017-02-22 00:00:00+05:30,454.87,457.59,450.2,453.34,2381600
2017-02-23 00:00:00+05:30,455.29,462.19,450.87,459.22,2760793
2017-02-27 00:00:00+05:30,460.12,460.47,452.76,457.59,2200623
2017-02-28 00:00:00+05:30,457.24,464.59,456.57,459.35,1441081
2017-03-01 00:00:00+05:30,458.39,463.31,455.96,458.74,1096003
2017-03-02 00:00:00+05:30,461.66,463.63,440.2,448.64,1905464
2017-03-03 00:00:00+05:30,445.28,448.0,437.58,441.64,2496929
2017-03-06 00:00:00+05:30,442.28,443.65,435.11,437.51,1789869
2017-03-07 00:00:00+05:30,438.06,450.84,438.02,449.5,2877681
2017-03-08 00:00:00+05:30,452.38,456.82,449.72,452.64,2857919
2017-03-09 00:00:00+05:30,453.63,460.79,452.67,456.24,1760810
2017-03-10 00:00:00+05:30,452.83,458.36,448.45,450.56,1146034
2017-03-14 00:00:00+05:30,457.88,459.48,446.69,448.99,3209591
2017-03-15 00:00:00+05:30,445.89,455.96,443.36,454.56,1636881
2017-03-16 00:00:00+05:30,457.24,460.34,451.49,453.21,3173990
2017-03-17 00:00:00+05:30,456.22,467.22,453.63,458.11,5409163
2017-03-20 00:00:00+05:30,458.52,461.33,454.11,458.42,901487
2017-03-21 00:00:00+05:30,458.52,466.13,458.42,465.2,3677894
2017-03-22 00:00:00+05:30,462.04,465.23,457.34,459.31,1388112
2017-03-23 00:00:00+05:30,462.29,468.43,457.3,466.36,1653406
2017-03-24 00:00:00+05:30,467.28,470.41,460.18,461.78,1538693
2017-03-27 00:00:00+05:30,461.52,466.64,460.44,464.11,1408832
2017-03-28 00:00:00+05:30,466.7,469.93,460.24,461.81,3137839
2017-03-29 00:00:00+05:30,461.71,465.93,457.78,460.05,2156031
2017-03-30 00:00:00+05:30,460.44,463.89,453.91,456.92,2385508
2017-03-31 00:00:00+05:30,459.67,469.19,458.87,464.85,1921443
2017-04-03 00:00:00+05:30,465.01,476.81,464.49,470.32,2847396
2017-04-05 00:00:00+05:30,471.63,473.13,463.63,468.18,2264292
2017-04-06 00:00:00+05:30,470.92,472.78,464.56,466.26,1794420
2017-04-07 00:00:00+05:30,466.77,469.81,462.36,464.82,1044033
2017-04-10 00:00:00+05:30,465.97,470.54,463.89,468.21,1176256
2017-04-11 00:00:00+05:30,470.03,476.94,467.56,469.87,2095497
2017-04-12 00:00:00+05:30,470.29,475.4,464.92,470.67,2037962
2017-04-13 00:00:00+05:30,470.48,472.81,463.0,465.07,2798155
2017-04-17 00:00:00+05:30,462.36,471.82,460.82,470.51,716081
2017-04-18 00:00:00+05:30,469.39,498.11,469.39,486.91,5960212
2017-04-19 00:00:00+05:30,490.05,505.2,489.21,493.94,3579281
2017-04-20 00:00:00+05:30,494.65,509.36,494.65,500.15,4648452
2017-04-21 00:00:00+05:30,505.14,505.14,494.56,498.49,1676766
2017-04-24 00:00:00+05:30,499.07,512.62,499.07,507.95,1843178
2017-04-25 00:00:00+05:30,511.47,517.61,509.17,516.07,1630014
2017-04-26 00:00:00+05:30,517.92,535.23,516.96,531.58,3934683
2017-04-27 00:00:00+05:30,532.38,553.13,513.07,523.43,14717758
2017-04-28 00:00:00+05:30,519.59,525.47,511.69,515.53,6852942
2017-05-02 00:00:00+05:30,519.4,521.57,507.73,514.44,1850663
2017-05-03 00:00:00+05:30,518.44,524.06,514.35,519.65,1640326
2017-05-04 00:00:00+05:30,522.47,522.47,514.85,518.88,2512746
2017-05-05 00:00:00+05:30,519.91,522.95,514.15,516.65,2134785
2017-05-08 00:00:00+05:30,516.72,520.74,511.76,514.06,2447149
2017-05-09 00:00:00+05:30,514.09,521.99,512.33,520.49,1669104
2017-05-10 00:00:00+05:30,523.72,528.54,522.85,526.62,1745072
2017-05-11 00:00:00+05:30,528.73,535.26,523.62,527.8,1911399
2017-05-12 00:00:00+05:30,528.8,530.72,523.43,527.1,1360005
2017-05-15 00:00:00+05:30,529.44,540.89,527.1,535.42,2075237
2017-05-16 00:00:00+05:30,535.83,536.79,526.34,528.9,1318797
2017-05-17 00:00:00+05:30,530.08,532.06,525.95,531.07,732046
2017-05-18 00:00:00+05:30,524.39,529.76,520.55,523.08,1301405
2017-05-19 00:00:00+05:30,517.96,517.96,479.31,506.13,8728740
2017-05-22 00:00:00+05:30,506.55,515.53,499.16,505.52,1856066
2017-05-23 00:00:00+05:30,504.56,507.12,489.63,502.36,1677826
2017-05-24 00:00:00+05:30,505.59,508.33,496.15,503.41,1405135
2017-05-25 00:00:00+05:30,505.81,529.76,505.55,518.21,8374671
2017-05-26 00:00:00+05:30,515.56,539.09,515.05,535.64,1242000
2017-05-29 00:00:00+05:30,537.18,548.95,527.58,540.85,1715323
2017-05-30 00:00:00+05:30,541.66,553.1,534.68,543.67,1746599
2017-05-31 00:00:00+05:30,545.11,560.2,543.73,550.8,2877766
2017-06-01 00:00:00+05:30,550.96,562.76,550.96,560.8,1370198
2017-06-02 00:00:00+05:30,561.45,564.64,551.31,553.26,805531
2017-06-05 00:00:00+05:30,553.8,563.62,553.17,559.4,1124096
2017-06-06 00:00:00+05:30,559.43,563.24,550.73,553.55,1279892
2017-06-07 00:00:00+05:30,559.08,562.34,548.5,549.52,1067218
2017-06-08 00:00:00+05:30,551.18,559.24,549.93,554.22,1562499
2017-06-09 00:00:00+05:30,555.33,557.96,542.33,547.82,904879
2017-06-12 00:00:00+05:30,547.73,547.73,536.44,538.62,727145
2017-06-13 00:00:00+05:30,537.18,547.85,536.25,542.93,894002
2017-06-14 00:00:00+05:30,546.74,546.74,535.9,541.56,1171465
2017-06-15 00:00:00+05:30,541.66,552.97,538.07,545.97,1745219
2017-06-16 00:00:00+05:30,548.69,563.39,548.69,553.84,3424353
2017-06-19 00:00:00+05:30,554.61,565.47,553.22,558.76,2039782
2017-06-20 00:00:00+05:30,566.6,570.34,549.26,551.21,2578736
2017-06-21 00:00:00+05:30,549.96,558.92,546.99,553.9,1626695
2017-06-22 00:00:00+05:30,551.11,553.55,547.54,550.73,1483809
2017-06-23 00:00:00+05:30,550.92,553.03,530.91,533.37,1493851
2017-06-27 00:00:00+05:30,534.65,540.27,527.65,534.04,1634930
2017-06-28 00:00:00+05:30,533.34,534.04,526.31,532.64,777081
2017-06-29 00:00:00+05:30,531.49,537.49,525.09,528.57,1349988
2017-06-30 00:00:00+05:30,527.27,539.74,525.28,537.44,1778922
2017-07-03 00:00:00+05:30,537.82,549.33,537.82,547.47,1621825
2017-07-04 00:00:00+05:30,550.41,550.41,540.37,542.1,879737
2017-07-05 00:00:00+05:30,542.1,547.95,541.08,545.84,916142
2017-07-06 00:00:00+05:30,545.55,547.44,539.16,543.41,1458653
2017-07-07 00:00:00+05:30,540.6,544.75,537.66,543.19,1085855
2017-07-10 00:00:00+05:30,544.21,546.77,542.29,544.85,202915
2017-07-11 00:00:00+05:30,543.29,552.52,542.96,546.07,1721699
2017-07-12 00:00:00+05:30,544.97,559.5,544.97,552.78,2913502
2017-07-13 00:00:00+05:30,555.09,558.86,549.36,553.07,2527311
2017-07-14 00:00:00+05:30,551.69,560.74,548.08,552.02,1281896
2017-07-17 00:00:00+05:30,553.8,557.48,548.69,552.59,678080
2017-07-18 00:00:00+05:30,548.11,555.4,545.45,547.73,1619395
2017-07-19 00:00:00+05:30,548.43,551.88,546.19,549.39,1081991
2017-07-20 00:00:00+05:30,549.93,551.66,546.48,547.37,740382
2017-07-21 00:00:00+05:30,547.37,554.92,546.67,552.02,1928975
2017-07-24 00:00:00+05:30,550.77,558.69,548.62,555.02,1464919
2017-07-25 00:00:00+05:30,556.36,570.63,555.33,565.21,4397269
2017-07-26 00:00:00+05:30,565.95,575.55,556.91,558.47,4648003
2017-07-27 00:00:00+05:30,560.84,564.23,553.17,555.47,1424067
2017-07-28 00:00:00+05:30,549.04,560.17,549.04,555.4,1027015
2017-07-31 00:00:00+05:30,556.49,568.26,554.83,560.94,3158614
2017-08-01 00:00:00+05:30,562.62,577.15,560.04,571.78,2659835
2017-08-02 00:00:00+05:30,574.2,576.19,566.65,568.51,1487588
2017-08-03 00:00:00+05:30,569.47,573.6,561.51,563.24,1482045
2017-08-04 00:00:00+05:30,565.31,568.45,561.86,567.27,1192580
2017-08-07 00:00:00+05:30,567.87,571.68,558.35,561.25,1039314
2017-08-08 00:00:00+05:30,564.61,564.68,550.41,552.11,1032465
2017-08-09 00:00:00+05:30,551.25,551.85,525.69,531.1,1894063
2017-08-10 00:00:00+05:30,532.64,536.79,504.56,525.35,1996206
2017-08-11 00:00:00+05:30,521.19,530.62,508.14,518.85,1969458
2017-08-14 00:00:00+05:30,521.25,553.2,521.25,548.97,1584148
2017-08-16 00:00:00+05:30,548.97,562.47,543.09,544.92,1871570
2017-08-17 00:00:00+05:30,548.69,553.0,541.01,546.93,1386620
2017-08-18 00:00:00+05:30,545.62,549.33,538.33,540.34,944278
2017-08-21 00:00:00+05:30,542.86,545.43,514.8,518.47,2195837
2017-08-22 00:00:00+05:30,519.59,528.54,507.12,509.39,2095203
2017-08-23 00:00:00+05:30,513.51,522.28,512.52,520.61,1206526
2017-08-24 00:00:00+05:30,525.6,535.26,518.54,532.76,1373926
2017-08-28 00:00:00+05:30,534.46,538.9,529.21,536.6,1141430
2017-08-29 00:00:00+05:30,542.29,547.56,534.23,537.27,1667952
2017-08-30 00:00:00+05:30,540.95,541.59,535.96,537.08,1844125
2017-09-01 00:00:00+05:30,533.46,537.3,527.58,532.5,1492636
2017-09-04 00:00:00+05:30,532.06,535.26,516.91,522.47,1504931
2017-09-05 00:00:00+05:30,521.83,525.79,519.27,524.35,975743
2017-09-06 00:00:00+05:30,518.73,529.31,518.73,526.91,906241
2017-09-07 00:00:00+05:30,529.5,530.05,525.02,527.17,831068
2017-09-08 00:00:00+05:30,527.61,532.31,518.63,520.51,1784554
2017-09-11 00:00:00+05:30,524.29,526.94,517.87,519.21,1307047
2017-09-12 00:00:00+05:30,522.91,525.16,519.91,520.8,1489444
2017-09-13 00:00:00+05:30,524.83,529.15,516.77,518.92,1437953
2017-09-14 00:00:00+05:30,519.27,526.88,519.02,524.99,1313657
2017-09-15 00:00:00+05:30,523.75,532.7,522.47,529.31,2900020
2017-09-18 00:00:00+05:30,533.91,539.67,530.91,533.46,1316555
2017-09-19 00:00:00+05:30,536.53,538.52,531.55,534.42,771765
2017-09-20 00:00:00+05:30,536.98,539.07,528.42,530.94,1437443
2017-09-21 00:00:00+05:30,530.78,533.31,519.75,524.13,871540
2017-09-22 00:00:00+05:30,522.14,523.27,513.51,515.91,1456676
2017-09-25 00:00:00+05:30,517.77,517.77,494.33,501.56,2286657
2017-09-26 00:00:00+05:30,500.63,501.14,488.38,497.97,2699350
2017-09-27 00:00:00+05:30,502.58,507.06,489.47,492.41,2245553
2017-09-28 00:00:00+05:30,493.5,497.34,482.82,489.98,11153305
2017-09-29 00:00:00+05:30,491.13,504.69,491.13,497.85,3064761
2017-10-03 00:00:00+05:30,503.89,510.63,492.09,509.04,2335021
2017-10-04 00:00:00+05:30,510.0,514.03,502.14,504.02,1262103
2017-10-05 00:00:00+05:30,505.84,507.6,499.45,501.81,1548755
2017-10-06 00:00:00+05:30,503.22,509.67,497.88,507.37,2027425
2017-10-09 00:00:00+05:30,509.62,513.32,505.4,507.03,1186379
2017-10-10 00:00:00+05:30,507.03,526.94,507.03,524.13,4166417
2017-10-11 00:00:00+05:30,528.86,532.06,512.11,520.03,2432797
2017-10-12 00:00:00+05:30,519.27,522.79,514.83,517.51,975943
2017-10-13 00:00:00+05:30,519.21,522.24,511.79,513.13,1275546
2017-10-16 00:00:00+05:30,514.8,522.24,513.65,519.5,1602851
2017-10-17 00:00:00+05:30,519.79,519.79,512.24,515.37,1015898
2017-10-18 00:00:00+05:30,518.44,518.44,503.19,504.78,2092672
2017-10-19 00:00:00+05:30,506.16,510.32,502.07,507.56,422843
2017-10-23 00:00:00+05:30,506.45,511.88,492.02,497.75,2721071
2017-10-24 00:00:00+05:30,500.73,513.1,497.56,511.06,1811680
2017-10-25 00:00:00+05:30,512.88,514.95,505.52,510.73,1510183
2017-10-26 00:00:00+05:30,514.8,522.28,509.2,519.91,3610655
2017-10-27 00:00:00+05:30,523.75,533.75,521.57,531.61,2881432
2017-10-30 00:00:00+05:30,533.91,543.38,522.31,527.2,6539564
2017-10-31 00:00:00+05:30,529.44,534.37,508.02,511.15,4001800
2017-11-01 00:00:00+05:30,511.28,514.35,496.89,500.12,4193124
2017-11-02 00:00:00+05:30,501.81,507.73,497.05,498.36,2569558
2017-11-03 00:00:00+05:30,498.97,502.42,493.94,496.0,1377693
2017-11-06 00:00:00+05:30,497.3,499.96,486.14,487.23,2105590
2017-11-07 00:00:00+05:30,487.23,488.67,470.35,473.1,4431846
2017-11-08 00:00:00+05:30,474.51,476.87,466.64,470.63,5010135
2017-11-09 00:00:00+05:30,475.78,483.3,472.49,476.14,3329815
2017-11-10 00:00:00+05:30,476.29,478.66,467.47,470.1,1749943
2017-11-13 00:00:00+05:30,469.19,476.24,463.29,473.0,2021455
2017-11-14 00:00:00+05:30,473.87,482.02,472.59,474.99,1343579
2017-11-15 00:00:00+05:30,477.39,477.39,458.33,461.37,1361810
2017-11-16 00:00:00+05:30,461.14,470.63,459.83,467.7,1553134
2017-11-17 00:00:00+05:30,470.63,474.32,462.04,463.12,1500094
2017-11-20 00:00:00+05:30,464.92,468.75,461.08,466.13,866904
2017-11-21 00:00:00+05:30,468.11,483.78,467.51,482.5,3058074
2017-11-22 00:00:00+05:30,486.02,486.02,475.28,477.77,1737847
2017-11-23 00:00:00+05:30,476.43,483.58,472.52,479.11,1845305
2017-11-24 00:00:00+05:30,480.87,483.36,473.99,475.81,1998886
2017-11-27 00:00:00+05:30,473.32,485.89,473.32,483.01,4151191
2017-11-28 00:00:00+05:30,485.25,491.61,482.02,487.1,3630153
2017-11-29 00:00:00+05:30,487.07,490.65,479.17,481.09,1364385
2017-11-30 00:00:00+05:30,480.51,482.82,460.6,467.7,2848851
2017-12-01 00:00:00+05:30,467.51,474.8,464.4,466.77,1579994
2017-12-04 00:00:00+05:30,468.75,471.06,452.6,454.71,1614114
2017-12-05 00:00:00+05:30,454.81,457.05,444.45,446.84,2787911
2017-12-06 00:00:00+05:30,446.84,450.11,437.83,438.63,2953028
2017-12-07 00:00:00+05:30,438.88,466.6,437.87,461.71,5508268
2017-12-08 00:00:00+05:30,462.36,471.18,462.36,465.59,2815111
2017-12-11 00:00:00+05:30,469.07,478.02,464.4,476.77,1662264
2017-12-12 00:00:00+05:30,477.7,479.31,464.97,467.12,1531261
2017-12-13 00:00:00+05:30,467.15,476.43,460.44,464.3,2796486
2017-12-14 00:00:00+05:30,466.64,468.75,451.52,460.18,2007294
2017-12-15 00:00:00+05:30,464.92,466.83,457.37,459.03,2808446
2017-12-18 00:00:00+05:30,456.92,460.7,439.65,454.08,5868781
2017-12-19 00:00:00+05:30,456.86,474.09,455.48,471.95,4280983
2017-12-20 00:00:00+05:30,472.65,475.98,469.1,471.11,2152425
2017-12-21 00:00:00+05:30,471.21,475.31,465.33,467.44,1430153
2017-12-22 00:00:00+05:30,468.69,471.31,463.63,467.85,1427757
2017-12-26 00:00:00+05:30,469.9,472.59,466.51,470.38,1217241
2017-12-27 00:00:00+05:30,472.4,477.39,470.41,473.45,1778742
2017-12-28 00:00:00+05:30,473.77,491.58,473.45,488.13,5042676
2017-12-29 00:00:00+05:30,491.07,493.69,484.32,487.75,1537509
2018-01-01 00:00:00+05:30,487.17,492.41,481.22,483.3,1668330
2018-01-02 00:00:00+05:30,484.45,496.25,478.66,494.61,2945447
2018-01-03 00:00:00+05:30,496.86,503.77,494.97,496.12,2992820
2018-01-04 00:00:00+05:30,498.74,503.67,497.53,499.86,2148165
2018-01-05 00:00:00+05:30,502.38,502.38,492.93,495.09,1386668
2018-01-08 00:00:00+05:30,497.68,505.2,497.68,501.59,2074202
2018-01-09 00:00:00+05:30,502.0,506.48,499.07,505.59,2015899
2018-01-10 00:00:00+05:30,507.12,507.76,495.0,498.07,1599917
2018-01-11 00:00:00+05:30,499.7,504.11,495.64,502.77,1090920
2018-01-12 00:00:00+05:30,504.56,505.2,491.16,495.83,3056723
2018-01-15 00:00:00+05:30,497.53,501.37,492.54,495.19,1193701
2018-01-16 00:00:00+05:30,495.57,499.26,487.32,490.39,1911830
2018-01-17 00:00:00+05:30,490.49,501.33,482.76,499.29,1857751
2018-01-18 00:00:00+05:30,503.79,521.13,502.81,511.92,8136976
2018-01-19 00:00:00+05:30,511.28,516.77,505.84,513.1,1600265
2018-01-22 00:00:00+05:30,517.8,524.26,514.8,520.29,3743701
2018-01-23 00:00:00+05:30,522.91,523.05,510.06,516.24,2143614
2018-01-24 00:00:00+05:30,516.07,529.82,513.58,527.1,4027798
2018-01-25 00:00:00+05:30,528.86,529.41,487.04,491.74,10167294
2018-01-29 00:00:00+05:30,497.49,508.66,493.69,504.25,8669835
2018-01-30 00:00:00+05:30,503.73,505.43,490.87,492.89,3679210
2018-01-31 00:00:00+05:30,495.61,496.89,477.39,480.94,2860160
2018-02-01 00:00:00+05:30,480.94,493.69,470.22,485.28,4005371
2018-02-02 00:00:00+05:30,479.62,480.9,462.96,468.78,3524792
2018-02-05 00:00:00+05:30,455.64,466.16,445.73,462.04,2598081
2018-02-06 00:00:00+05:30,445.09,455.0,434.85,447.68,3438634
2018-02-07 00:00:00+05:30,455.19,457.75,447.52,448.45,2817735
2018-02-08 00:00:00+05:30,450.2,461.71,449.5,459.19,2502964
2018-02-09 00:00:00+05:30,454.04,457.37,447.87,452.98,1946257
2018-02-12 00:00:00+05:30,456.28,466.77,454.36,464.59,2018390
2018-02-14 00:00:00+05:30,468.75,469.04,459.22,461.66,2259468
2018-02-15 00:00:00+05:30,464.95,466.29,455.96,457.94,1320842
2018-02-16 00:00:00+05:30,460.37,463.63,447.71,449.95,1757084
2018-02-19 00:00:00+05:30,450.14,454.04,443.05,448.48,1444776
2018-02-20 00:00:00+05:30,448.93,452.12,443.81,444.68,1208134
2018-02-21 00:00:00+05:30,446.05,448.73,436.55,440.13,3563828
2018-02-22 00:00:00+05:30,438.06,439.3,430.06,431.95,3238508
2018-02-23 00:00:00+05:30,434.22,449.57,434.22,448.0,7676201
2018-02-26 00:00:00+05:30,452.12,464.15,451.49,460.75,3635831
2018-02-27 00:00:00+05:30,463.0,464.27,455.32,461.18,1928010
2018-02-28 00:00:00+05:30,463.0,468.37,459.29,466.03,4029979
2018-03-01 00:00:00+05:30,466.16,468.69,455.19,456.76,2932707
2018-03-05 00:00:00+05:30,456.6,462.58,448.51,461.01,1709053
2018-03-06 00:00:00+05:30,463.63,464.78,447.01,449.18,1746201
2018-03-07 00:00:00+05:30,447.01,454.59,442.95,448.93,2242141
2018-03-08 00:00:00+05:30,452.76,456.6,447.65,454.56,1911898
2018-03-09 00:00:00+05:30,457.24,462.04,453.24,455.42,1826016
2018-03-12 00:00:00+05:30,460.44,460.44,451.23,459.12,1477084
2018-03-13 00:00:00+05:30,459.57,466.13,455.93,462.23,2270905
2018-03-14 00:00:00+05:30,462.67,464.92,456.05,459.38,1634480
2018-03-15 00:00:00+05:30,460.41,465.3,458.81,461.18,1067656
2018-03-16 00:00:00+05:30,457.24,468.85,456.22,460.24,3470168
2018-03-19 00:00:00+05:30,459.79,461.4,447.17,448.83,1423545
2018-03-20 00:00:00+05:30,446.53,458.74,443.17,455.52,2026295
2018-03-21 00:00:00+05:30,459.16,460.41,454.11,457.18,2219818
2018-03-22 00:00:00+05:30,457.3,465.33,457.01,458.45,2246638
2018-03-23 00:00:00+05:30,450.84,455.19,446.88,450.68,2127825
2018-03-26 00:00:00+05:30,450.84,466.96,447.42,463.25,2560330
2018-03-27 00:00:00+05:30,465.88,474.54,465.88,471.18,3096543
2018-03-28 00:00:00+05:30,472.4,477.58,464.47,466.99,4654073
2018-04-02 00:00:00+05:30,471.25,483.46,467.15,481.16,1965003
2018-04-03 00:00:00+05:30,480.77,490.49,477.7,489.63,2739170
2018-04-04 00:00:00+05:30,492.38,492.38,467.08,468.43,2677387
2018-04-05 00:00:00+05:30,477.7,485.09,476.52,484.06,1690937
2018-04-06 00:00:00+05:30,481.57,483.68,476.72,481.66,759505
2018-04-09 00:00:00+05:30,484.1,489.6,477.96,480.39,3187746
2018-04-10 00:00:00+05:30,484.64,486.53,477.7,480.71,999055
2018-04-11 00:00:00+05:30,482.69,483.58,473.48,476.77,910069
2018-04-12 00:00:00+05:30,478.98,479.69,473.32,478.28,1088585
2018-04-13 00:00:00+05:30,482.43,483.14,474.37,477.77,1404603
2018-04-16 00:00:00+05:30,475.14,489.21,473.87,488.32,1152993
2018-04-17 00:00:00+05:30,491.71,491.71,481.76,484.45,1397140
2018-04-18 00:00:00+05:30,486.02,488.0,481.28,484.49,927820
2018-04-19 00:00:00+05:30,485.47,495.55,484.49,491.71,2278978
2018-04-20 00:00:00+05:30,491.07,492.98,480.46,489.69,1808621
2018-04-23 00:00:00+05:30,491.13,495.23,480.77,482.05,1663278
2018-04-24 00:00:00+05:30,481.8,481.8,473.17,476.24,1882232
2018-04-25 00:00:00+05:30,476.24,481.42,470.99,475.72,1674820
2018-04-26 00:00:00+05:30,476.87,482.82,473.74,479.78,2649291
2018-04-27 00:00:00+05:30,482.79,486.62,480.65,482.4,1771086
2018-04-30 00:00:00+05:30,484.68,485.83,463.7,466.74,3221604
2018-05-02 00:00:00+05:30,468.11,473.87,465.55,469.0,1503101
2018-05-03 00:00:00+05:30,469.0,470.19,450.39,452.7,2667151
2018-05-04 00:00:00+05:30,452.76,455.07,447.75,449.98,1652065
2018-05-07 00:00:00+05:30,450.84,459.74,444.45,458.78,1629126
2018-05-08 00:00:00+05:30,460.44,464.27,459.48,461.4,1608551
2018-05-09 00:00:00+05:30,461.08,469.1,461.08,467.66,2298724
2018-05-10 00:00:00+05:30,468.75,469.04,460.47,461.71,988888
2018-05-11 00:00:00+05:30,463.44,472.97,462.36,470.19,1718116
2018-05-14 00:00:00+05:30,471.11,473.13,463.7,465.88,1079267
2018-05-15 00:00:00+05:30,465.74,473.22,460.5,468.95,1097581
2018-05-16 00:00:00+05:30,466.83,471.85,461.42,464.18,1166290
2018-05-17 00:00:00+05:30,464.47,465.59,450.87,452.19,1085452
2018-05-18 00:00:00+05:30,452.19,456.09,450.46,453.69,1386930
2018-05-21 00:00:00+05:30,455.26,455.26,431.78,436.48,3730906
2018-05-22 00:00:00+05:30,441.25,441.25,430.22,436.33,2879736
2018-05-23 00:00:00+05:30,436.14,445.38,434.85,438.35,1561355
2018-05-24 00:00:00+05:30,440.61,445.98,436.77,444.25,1453455
2018-05-25 00:00:00+05:30,444.45,449.15,439.69,445.89,1620651
2018-05-28 00:00:00+05:30,447.65,479.62,447.65,461.08,3012968
2018-05-29 00:00:00+05:30,462.29,462.29,448.45,450.75,1181672
2018-05-30 00:00:00+05:30,449.5,458.97,447.52,450.65,1465158
2018-05-31 00:00:00+05:30,453.34,457.72,450.2,452.5,5936077
2018-06-01 00:00:00+05:30,453.65,456.24,444.0,446.21,1273585
2018-06-04 00:00:00+05:30,447.77,450.72,436.77,438.98,898473
2018-06-05 00:00:00+05:30,437.99,442.53,435.3,438.5,1250607
2018-06-06 00:00:00+05:30,440.36,445.09,436.52,443.53,1346397
2018-06-07 00:00:00+05:30,444.45,452.06,439.94,450.24,1723690
2018-06-08 00:00:00+05:30,448.54,458.42,445.31,455.9,2794635
2018-06-11 00:00:00+05:30,455.83,455.83,446.02,447.2,1727815
2018-06-12 00:00:00+05:30,446.31,449.91,439.78,440.42,1758407
2018-06-13 00:00:00+05:30,441.28,443.81,437.41,439.69,1241847
2018-06-14 00:00:00+05:30,442.53,443.49,436.04,437.99,1335560
2018-06-15 00:00:00+05:30,441.13,451.97,438.69,448.09,4288573
2018-06-18 00:00:00+05:30,447.58,447.58,441.76,442.69,706782
2018-06-19 00:00:00+05:30,440.61,440.96,429.81,431.08,1848366
2018-06-20 00:00:00+05:30,431.66,432.55,414.97,417.11,4239652
2018-06-21 00:00:00+05:30,417.11,418.45,409.98,413.12,4925130
2018-06-22 00:00:00+05:30,410.14,411.42,404.29,409.41,4793493
2018-06-25 00:00:00+05:30,411.83,414.87,403.81,405.54,2525512
2018-06-26 00:00:00+05:30,404.16,410.56,400.26,409.15,2816520
2018-06-27 00:00:00+05:30,409.15,409.28,394.57,396.91,2141774
2018-06-28 00:00:00+05:30,393.99,400.2,386.45,387.95,5732009
2018-06-29 00:00:00+05:30,389.17,397.54,386.89,395.72,3133023
2018-07-02 00:00:00+05:30,394.63,401.86,392.78,399.5,1755690
2018-07-03 00:00:00+05:30,397.96,404.16,393.29,403.05,1364112
2018-07-04 00:00:00+05:30,402.98,405.44,396.84,399.17,1118731
2018-07-05 00:00:00+05:30,401.41,404.39,397.19,398.44,902520
2018-07-06 00:00:00+05:30,399.05,401.61,396.0,397.39,1415369
2018-07-09 00:00:00+05:30,400.2,401.61,397.13,398.92,1525644
2018-07-10 00:00:00+05:30,401.22,409.91,399.07,407.42,3532886
2018-07-11 00:00:00+05:30,406.79,406.91,382.45,385.9,4863755
2018-07-12 00:00:00+05:30,387.47,390.7,369.4,372.16,6008111
2018-07-13 00:00:00+05:30,371.54,371.87,350.99,359.75,15802738
2018-07-16 00:00:00+05:30,364.06,364.06,353.7,357.99,7456632
2018-07-17 00:00:00+05:30,359.17,368.19,358.11,365.16,3285601
2018-07-18 00:00:00+05:30,367.07,369.4,352.62,356.1,3887420
2018-07-19 00:00:00+05:30,356.84,359.14,343.57,353.0,3410093
2018-07-20 00:00:00+05:30,353.61,354.92,346.6,351.47,2744909
2018-07-23 00:00:00+05:30,366.31,408.95,358.82,404.23,37218467
2018-07-24 00:00:00+05:30,406.08,423.76,397.99,403.01,16166515
2018-07-25 00:00:00+05:30,404.16,411.35,396.68,407.84,5572970
2018-07-26 00:00:00+05:30,407.99,412.64,401.64,407.68,10087040
2018-07-27 00:00:00+05:30,408.35,411.83,404.68,406.4,1653487
2018-07-30 00:00:00+05:30,408.61,414.71,406.05,410.94,3514430
2018-07-31 00:00:00+05:30,412.16,419.41,403.68,411.87,6598229
2018-08-01 00:00:00+05:30,414.46,415.32,407.36,410.46,2378457
2018-08-02 00:00:00+05:30,410.46,414.04,405.18,407.2,2823020
2018-08-03 00:00:00+05:30,408.64,412.16,407.39,409.95,1541192
2018-08-06 00:00:00+05:30,409.34,423.29,409.34,419.57,3734064
2018-08-07 00:00:00+05:30,423.15,424.56,412.22,413.88,2022901
2018-08-08 00:00:00+05:30,415.67,418.07,410.49,414.3,1562773
2018-08-09 00:00:00+05:30,411.26,412.02,405.44,407.84,1602441
2018-08-10 00:00:00+05:30,409.21,415.23,403.87,407.1,2515738
2018-08-13 00:00:00+05:30,402.88,406.08,397.25,399.94,1591952
2018-08-14 00:00:00+05:30,399.94,402.21,383.19,390.38,4090091
2018-08-16 00:00:00+05:30,391.37,397.7,388.27,389.87,2645539
2018-08-17 00:00:00+05:30,391.82,395.72,388.59,394.41,1893219
2018-08-20 00:00:00+05:30,396.39,397.92,389.45,395.78,2984572
2018-08-21 00:00:00+05:30,399.62,416.31,396.17,413.24,5735351
2018-08-23 00:00:00+05:30,415.8,420.79,408.7,415.64,4240500
2018-08-24 00:00:00+05:30,413.75,431.02,411.23,417.91,7993318
2018-08-27 00:00:00+05:30,421.04,423.79,416.31,421.81,2585950
2018-08-28 00:00:00+05:30,423.34,426.55,416.31,418.33,2871216
2018-08-29 00:00:00+05:30,419.45,439.02,418.64,434.85,8204482
2018-08-30 00:00:00+05:30,438.69,447.01,436.77,445.18,9343072
2018-08-31 00:00:00+05:30,444.45,461.66,440.9,457.43,9132470
2018-09-03 00:00:00+05:30,460.22,464.27,454.04,460.85,3484852
2018-09-04 00:00:00+05:30,458.64,460.44,444.03,446.75,3522972
2018-09-05 00:00:00+05:30,446.94,455.64,437.1,445.95,8243948
2018-09-06 00:00:00+05:30,448.54,453.69,445.57,450.87,3207710
2018-09-07 00:00:00+05:30,453.21,459.16,448.76,456.6,3020999
2018-09-10 00:00:00+05:30,457.2,462.23,448.03,449.72,2603141
2018-09-11 00:00:00+05:30,452.45,457.24,436.33,439.75,4105413
2018-09-12 00:00:00+05:30,442.66,451.49,434.92,449.98,4231857
2018-09-14 00:00:00+05:30,454.04,472.52,453.46,471.15,6015694
2018-09-17 00:00:00+05:30,469.96,470.63,461.71,462.67,2500238
2018-09-18 00:00:00+05:30,464.92,472.04,450.62,453.43,4105925
2018-09-19 00:00:00+05:30,456.6,457.72,439.98,442.72,4092778
2018-09-21 00:00:00+05:30,442.85,453.41,376.34,425.78,7985097
2018-09-24 00:00:00+05:30,427.82,429.74,409.24,416.57,4129433
2018-09-25 00:00:00+05:30,416.5,425.2,409.24,422.67,3065582
2018-09-26 00:00:00+05:30,424.63,450.84,418.07,446.08,5988977
2018-09-27 00:00:00+05:30,449.21,449.89,433.99,436.84,4103226
2018-09-28 00:00:00+05:30,438.06,441.64,418.87,424.82,2401868
2018-10-01 00:00:00+05:30,425.04,428.47,408.09,425.65,6347626
2018-10-03 00:00:00+05:30,425.9,427.89,408.9,410.97,5467025
2018-10-04 00:00:00+05:30,402.91,412.76,397.25,402.09,3850842
2018-10-05 00:00:00+05:30,401.47,404.13,377.72,381.56,3994115
2018-10-08 00:00:00+05:30,382.42,399.69,372.28,395.95,5674544
2018-10-09 00:00:00+05:30,398.37,398.37,378.1,386.32,2657294
2018-10-10 00:00:00+05:30,386.89,399.69,386.89,398.06,1916411
2018-10-11 00:00:00+05:30,389.45,398.02,377.43,386.99,2490514
2018-10-12 00:00:00+05:30,389.52,406.08,389.52,401.57,2505310
2018-10-15 00:00:00+05:30,401.57,408.32,396.96,406.69,2132390
2018-10-16 00:00:00+05:30,409.28,414.39,404.9,410.62,2368330
2018-10-17 00:00:00+05:30,413.21,425.26,403.97,408.16,2667980
2018-10-19 00:00:00+05:30,407.97,414.87,401.35,412.06,3313758
2018-10-22 00:00:00+05:30,412.47,416.95,400.39,405.21,1693289
2018-10-23 00:00:00+05:30,403.52,406.08,389.29,393.51,2962834
2018-10-24 00:00:00+05:30,393.93,402.24,392.46,398.28,1453390
2018-10-25 00:00:00+05:30,395.14,395.56,380.75,383.34,2580703
2018-10-26 00:00:00+05:30,385.55,400.58,374.1,398.21,7180301
2018-10-29 00:00:00+05:30,396.48,405.88,392.21,403.91,3182346
2018-10-30 00:00:00+05:30,401.61,414.33,398.73,407.23,3901855
2018-10-31 00:00:00+05:30,408.64,433.07,407.36,431.25,4829398
2018-11-01 00:00:00+05:30,432.3,447.01,428.47,445.02,5007907
2018-11-02 00:00:00+05:30,447.01,458.2,447.01,454.97,7576169
2018-11-05 00:00:00+05:30,453.05,466.0,447.3,463.19,4632781
2018-11-06 00:00:00+05:30,461.18,465.52,457.15,461.66,2278003
2018-11-07 00:00:00+05:30,461.94,468.04,461.88,466.58,1206716
2018-11-09 00:00:00+05:30,465.2,476.36,462.04,473.22,2908494
2018-11-12 00:00:00+05:30,473.22,480.71,467.03,468.88,2212976
2018-11-13 00:00:00+05:30,466.19,473.19,458.13,471.02,2453154
2018-11-14 00:00:00+05:30,472.07,487.17,470.99,486.17,4614992
2018-11-15 00:00:00+05:30,487.27,492.38,483.46,488.35,5003461
2018-11-16 00:00:00+05:30,487.3,495.38,484.64,493.6,3400394
2018-11-19 00:00:00+05:30,494.33,497.37,490.68,495.74,3430067
2018-11-20 00:00:00+05:30,493.05,494.2,477.7,485.5,5137500
2018-11-21 00:00:00+05:30,486.02,501.68,486.02,498.33,4472147
2018-11-22 00:00:00+05:30,498.16,501.94,493.43,497.72,1879553
2018-11-26 00:00:00+05:30,497.72,498.78,484.73,494.39,2230328
2018-11-27 00:00:00+05:30,489.86,494.9,482.18,491.49,3202015
2018-11-28 00:00:00+05:30,489.86,498.59,489.53,493.6,1641074
2018-11-29 00:00:00+05:30,495.61,504.82,487.32,498.23,4384613
2018-11-30 00:00:00+05:30,498.9,502.33,482.85,484.61,3333065
2018-12-03 00:00:00+05:30,487.3,487.3,465.68,468.49,4450492
2018-12-04 00:00:00+05:30,468.56,485.69,468.56,480.55,4268334
2018-12-05 00:00:00+05:30,478.98,482.18,471.44,479.24,1986007
2018-12-06 00:00:00+05:30,477.7,485.38,471.08,477.58,3182137
2018-12-07 00:00:00+05:30,482.12,488.45,472.88,484.54,2278502
2018-12-10 00:00:00+05:30,473.22,485.06,473.19,477.42,4241195
2018-12-11 00:00:00+05:30,473.22,480.26,467.6,478.31,2519702
2018-12-12 00:00:00+05:30,479.69,507.95,479.69,505.23,3557137
2018-12-13 00:00:00+05:30,504.56,504.56,493.18,494.61,2980074
2018-12-14 00:00:00+05:30,492.41,496.89,485.28,489.05,2480418
2018-12-17 00:00:00+05:30,492.28,493.69,487.94,491.16,1142659
2018-12-18 00:00:00+05:30,487.3,495.04,473.87,475.56,3135754
2018-12-19 00:00:00+05:30,477.64,486.02,476.43,483.27,2469420
2018-12-20 00:00:00+05:30,480.9,495.09,477.61,492.41,2268858
2018-12-21 00:00:00+05:30,493.08,494.9,468.78,470.44,5454271
2018-12-24 00:00:00+05:30,470.67,478.15,461.08,470.96,2793247
2018-12-26 00:00:00+05:30,471.31,480.84,465.55,479.75,3118295
2018-12-27 00:00:00+05:30,483.46,485.38,476.58,479.4,1824512
2018-12-28 00:00:00+05:30,481.22,493.05,481.22,484.99,3511974
2018-12-31 00:00:00+05:30,487.3,490.01,481.83,484.9,2344816
2019-01-01 00:00:00+05:30,486.02,489.66,477.39,481.86,2516637
2019-01-02 00:00:00+05:30,479.62,485.02,475.78,483.78,2044160
2019-01-03 00:00:00+05:30,482.82,484.71,475.95,477.48,1646654
2019-01-04 00:00:00+05:30,478.85,485.54,475.21,483.72,1656124
2019-01-07 00:00:00+05:30,486.02,490.97,485.38,488.42,2483718
2019-01-08 00:00:00+05:30,488.25,489.21,478.35,481.03,1530234
2019-01-09 00:00:00+05:30,484.73,490.49,481.83,489.09,1624878
2019-01-10 00:00:00+05:30,489.72,498.81,489.24,494.39,3754371
2019-01-11 00:00:00+05:30,495.61,503.29,494.33,501.01,4063714
2019-01-14 00:00:00+05:30,501.37,501.37,490.43,492.67,2176630
2019-01-15 00:00:00+05:30,494.08,500.15,493.66,496.22,2134178
2019-01-16 00:00:00+05:30,496.22,496.22,481.28,489.91,4040664
2019-01-17 00:00:00+05:30,490.91,494.68,487.13,491.8,2255920
2019-01-18 00:00:00+05:30,491.13,493.05,488.57,489.89,1437260
2019-01-21 00:00:00+05:30,489.21,494.23,483.58,491.87,1762222
2019-01-22 00:00:00+05:30,489.98,493.72,481.83,488.13,2215520
2019-01-23 00:00:00+05:30,488.57,500.18,485.92,487.84,3653304
2019-01-24 00:00:00+05:30,489.21,490.72,475.11,477.92,3296706
2019-01-25 00:00:00+05:30,481.54,490.56,477.7,481.61,2767926
2019-01-28 00:00:00+05:30,482.82,488.57,475.78,486.05,1916726
2019-01-29 00:00:00+05:30,484.42,490.78,477.73,486.21,1773777
2019-01-30 00:00:00+05:30,488.0,492.41,483.01,490.72,1652833
2019-01-31 00:00:00+05:30,496.05,505.14,488.71,502.96,3595079
2019-02-01 00:00:00+05:30,511.44,511.44,490.11,498.71,4625985
2019-02-04 00:00:00+05:30,493.21,495.64,484.73,492.98,1960680
2019-02-05 00:00:00+05:30,494.23,511.59,494.23,509.0,7863025
2019-02-06 00:00:00+05:30,512.88,517.99,509.2,514.95,11717807
2019-02-07 00:00:00+05:30,514.95,522.79,513.07,517.35,5215090
2019-02-08 00:00:00+05:30,514.47,522.34,511.98,519.4,2180095
2019-02-11 00:00:00+05:30,519.27,521.19,512.52,515.33,1812321
2019-02-12 00:00:00+05:30,516.07,519.59,506.26,509.17,3186102
2019-02-13 00:00:00+05:30,507.76,526.94,506.7,522.6,4743312
2019-02-14 00:00:00+05:30,520.74,527.27,519.05,525.06,2724981
2019-02-15 00:00:00+05:30,523.75,525.02,515.56,523.33,2919788
2019-02-18 00:00:00+05:30,523.91,530.78,515.47,525.57,2976021
2019-02-19 00:00:00+05:30,525.02,527.23,519.27,522.12,2321925
2019-02-20 00:00:00+05:30,523.94,530.14,520.42,526.14,2338816
2019-02-21 00:00:00+05:30,527.58,532.5,523.1,528.38,1633504
2019-02-22 00:00:00+05:30,528.16,530.72,523.94,529.09,1294365
2019-02-25 00:00:00+05:30,529.5,544.78,529.5,542.07,5763015
2019-02-26 00:00:00+05:30,538.62,548.52,535.61,546.8,3909390
2019-02-27 00:00:00+05:30,547.95,557.58,547.95,555.91,4909351
2019-02-28 00:00:00+05:30,560.84,563.78,551.37,561.22,3886020
2019-03-01 00:00:00+05:30,560.27,563.97,555.18,556.2,2594377
2019-03-05 00:00:00+05:30,558.15,561.8,553.51,559.88,2134241
2019-03-06 00:00:00+05:30,562.12,565.69,554.25,561.06,3278603
2019-03-07 00:00:00+05:30,560.84,560.84,554.61,557.68,2040445
2019-03-08 00:00:00+05:30,557.2,565.95,552.24,563.87,2782329
2019-03-11 00:00:00+05:30,568.8,575.19,567.61,573.44,4025113
2019-03-12 00:00:00+05:30,575.55,579.96,571.49,574.46,3441948
2019-03-13 00:00:00+05:30,575.55,585.07,570.43,582.71,2512664
2019-03-14 00:00:00+05:30,582.71,585.93,575.74,577.94,2138411
2019-03-15 00:00:00+05:30,578.11,593.7,577.08,590.54,4080769
2019-03-18 00:00:00+05:30,590.58,598.54,586.29,592.88,2001010
2019-03-19 00:00:00+05:30,594.09,597.93,587.28,595.57,1771172
2019-03-20 00:00:00+05:30,594.73,600.99,592.88,598.18,1407407
2019-03-22 00:00:00+05:30,597.22,601.76,592.98,597.9,2094087
2019-03-25 00:00:00+05:30,594.73,595.81,579.26,583.67,3610552
2019-03-26 00:00:00+05:30,582.29,586.61,569.86,577.66,5702925
2019-03-27 00:00:00+05:30,577.69,583.19,572.06,576.76,3260134
2019-03-28 00:00:00+05:30,579.32,598.54,573.24,594.13,3833993
2019-03-29 00:00:00+05:30,594.8,615.77,592.21,613.18,3298827
2019-04-01 00:00:00+05:30,612.64,615.19,595.37,597.48,2244850
2019-04-02 00:00:00+05:30,601.13,601.13,585.45,592.88,3033636
2019-04-03 00:00:00+05:30,593.46,599.14,587.54,591.06,2523632
2019-04-04 00:00:00+05:30,588.72,598.12,576.19,595.69,3717565
2019-04-05 00:00:00+05:30,597.93,602.66,593.96,601.76,1647984
2019-04-08 00:00:00+05:30,599.84,608.09,597.06,605.47,2959039
2019-04-09 00:00:00+05:30,603.36,604.87,594.73,604.1,2032746
2019-04-10 00:00:00+05:30,599.84,604.64,590.51,592.14,2408392
2019-04-11 00:00:00+05:30,592.04,595.18,587.22,589.96,2243367
2019-04-12 00:00:00+05:30,589.91,594.57,582.58,592.04,1798001
2019-04-15 00:00:00+05:30,592.81,595.88,586.29,594.57,991993
2019-04-16 00:00:00+05:30,597.93,600.87,591.95,597.22,1733440
2019-04-18 00:00:00+05:30,597.96,600.46,592.24,597.32,1430709
2019-04-22 00:00:00+05:30,595.43,602.63,590.22,599.4,1534942
2019-04-23 00:00:00+05:30,599.4,604.32,594.54,602.88,2159424
2019-04-24 00:00:00+05:30,602.88,608.16,601.83,606.37,2430019
2019-04-25 00:00:00+05:30,607.84,622.81,604.97,617.18,5340281
2019-04-26 00:00:00+05:30,620.66,622.04,612.99,620.53,1961671
2019-04-30 00:00:00+05:30,620.53,623.67,613.7,619.77,2934879
2019-05-02 00:00:00+05:30,618.4,622.23,610.75,616.41,1691580
2019-05-03 00:00:00+05:30,614.68,622.87,613.31,620.53,2008759
2019-05-06 00:00:00+05:30,617.59,617.59,600.2,607.39,5018291
2019-05-07 00:00:00+05:30,607.58,610.75,597.32,608.26,3303821
2019-05-08 00:00:00+05:30,609.44,619.29,604.58,614.97,3725376
2019-05-09 00:00:00+05:30,614.94,614.94,602.91,606.82,2923497
2019-05-10 00:00:00+05:30,608.16,615.81,605.6,613.27,1370790
2019-05-13 00:00:00+05:30,610.72,614.94,606.24,609.53,1344284
2019-05-14 00:00:00+05:30,609.57,612.67,600.29,610.78,1812658
2019-05-15 00:00:00+05:30,610.72,625.36,610.65,619.99,3640925
2019-05-16 00:00:00+05:30,619.99,628.59,612.09,620.85,3631485
2019-05-17 00:00:00+05:30,620.85,634.99,612.86,620.73,7047433
2019-05-20 00:00:00+05:30,626.93,654.2,617.34,651.55,4310590
2019-05-21 00:00:00+05:30,651.01,667.37,637.45,639.4,4121340
2019-05-22 00:00:00+05:30,639.5,651.61,633.96,648.86,2510687
2019-05-23 00:00:00+05:30,655.48,662.96,642.86,647.3,1841134
2019-05-24 00:00:00+05:30,649.09,655.1,647.46,652.83,1783483
2019-05-27 00:00:00+05:30,655.48,667.47,650.53,655.13,1836269
2019-05-28 00:00:00+05:30,654.2,665.07,647.11,649.44,3264749
2019-05-29 00:00:00+05:30,648.45,648.45,634.06,637.58,2568662
2019-05-30 00:00:00+05:30,634.57,648.32,631.31,643.24,3801091
2019-05-31 00:00:00+05:30,643.34,650.01,634.7,638.83,4960828
2019-06-03 00:00:00+05:30,642.69,646.43,635.4,644.04,1745513
2019-06-04 00:00:00+05:30,643.08,654.11,640.61,646.5,1779012
2019-06-06 00:00:00+05:30,648.45,651.01,637.48,647.3,2507730
2019-06-07 00:00:00+05:30,649.05,654.18,642.57,651.93,1880309
2019-06-10 00:00:00+05:30,652.93,656.53,641.83,649.98,2351666
2019-06-11 00:00:00+05:30,651.64,663.15,645.54,661.56,2185316
2019-06-12 00:00:00+05:30,658.84,665.07,647.94,652.77,1662926
2019-06-13 00:00:00+05:30,651.97,652.93,628.95,642.69,3975261
2019-06-14 00:00:00+05:30,642.69,648.77,637.23,643.34,1632885
2019-06-17 00:00:00+05:30,644.29,648.32,633.74,636.27,2245968
2019-06-18 00:00:00+05:30,635.66,641.73,631.82,639.31,1759350
2019-06-19 00:00:00+05:30,641.42,643.24,599.14,609.44,4154413
2019-06-20 00:00:00+05:30,601.47,601.47,532.7,556.36,20163081
2019-06-21 00:00:00+05:30,560.2,584.98,555.18,568.76,19461238
2019-06-24 00:00:00+05:30,577.72,602.15,572.48,599.84,10172772
2019-06-25 00:00:00+05:30,597.22,600.99,582.23,595.43,8035536
2019-06-26 00:00:00+05:30,595.37,616.34,589.68,612.0,5261631
2019-06-27 00:00:00+05:30,608.9,615.07,599.31,603.01,8194988
2019-06-28 00:00:00+05:30,604.97,608.16,587.47,601.76,5147302
2019-07-01 00:00:00+05:30,604.32,612.0,598.28,603.78,4209906
2019-07-02 00:00:00+05:30,611.42,632.05,599.58,629.12,6895981
2019-07-03 00:00:00+05:30,631.66,635.64,621.69,624.47,3123852
2019-07-04 00:00:00+05:30,628.16,677.18,626.29,668.16,13013053
2019-07-05 00:00:00+05:30,678.09,680.15,633.87,639.82,12568509
2019-07-08 00:00:00+05:30,642.65,646.05,626.39,633.2,4590064
2019-07-09 00:00:00+05:30,633.1,633.1,606.48,612.57,7747525
2019-07-10 00:00:00+05:30,609.12,620.29,601.73,611.04,5114315
2019-07-11 00:00:00+05:30,614.97,622.55,603.41,605.71,2820082
2019-07-12 00:00:00+05:30,606.24,620.53,601.45,605.09,4999282
2019-07-15 00:00:00+05:30,608.16,623.51,596.17,621.59,4696548
2019-07-16 00:00:00+05:30,616.31,619.43,604.66,616.79,3992616
2019-07-17 00:00:00+05:30,617.75,637.85,617.46,631.18,5061409
2019-07-18 00:00:00+05:30,631.18,643.6,621.01,628.3,5178370
2019-07-19 00:00:00+05:30,628.4,637.08,604.8,620.15,3999211
2019-07-22 00:00:00+05:30,620.63,620.63,608.78,611.71,2357043
2019-07-23 00:00:00+05:30,616.41,628.11,614.87,619.62,2566957
2019-07-24 00:00:00+05:30,619.62,622.55,583.84,585.14,3482868
2019-07-25 00:00:00+05:30,592.81,599.0,576.89,582.12,4221715
2019-07-26 00:00:00+05:30,582.26,585.57,564.99,576.51,7025105
2019-07-29 00:00:00+05:30,575.55,580.1,556.84,560.73,2716183
2019-07-30 00:00:00+05:30,565.33,569.07,545.76,550.32,3867083
2019-07-31 00:00:00+05:30,549.84,573.72,548.11,570.99,3679784
2019-08-01 00:00:00+05:30,551.47,568.78,537.75,553.29,15752280
2019-08-02 00:00:00+05:30,554.44,555.4,544.61,550.13,4832331
2019-08-05 00:00:00+05:30,545.04,545.76,513.63,518.9,6268532
2019-08-06 00:00:00+05:30,516.02,530.41,511.32,526.96,4324861
2019-08-07 00:00:00+05:30,526.62,529.02,506.48,511.08,3830521
2019-08-08 00:00:00+05:30,511.66,520.15,494.35,511.13,4046447
2019-08-09 00:00:00+05:30,512.48,527.58,507.63,511.71,5123663
2019-08-13 00:00:00+05:30,510.32,520.63,477.56,482.6,4371006
2019-08-14 00:00:00+05:30,489.21,510.99,488.88,505.71,5571109
2019-08-16 00:00:00+05:30,505.43,530.7,500.77,526.67,9232296
2019-08-19 00:00:00+05:30,530.46,534.11,510.56,519.96,5142237
2019-08-20 00:00:00+05:30,517.99,522.79,513.2,517.9,3733101
2019-08-21 00:00:00+05:30,517.99,520.63,506.0,514.06,2898054
2019-08-22 00:00:00+05:30,513.2,530.13,487.15,496.94,6468815
2019-08-23 00:00:00+05:30,496.89,527.92,493.1,524.95,4479569
2019-08-26 00:00:00+05:30,528.54,537.94,515.21,527.39,3947341
2019-08-27 00:00:00+05:30,531.18,549.79,530.32,533.34,6319656
2019-08-28 00:00:00+05:30,536.22,548.21,523.89,534.3,3906463
2019-08-29 00:00:00+05:30,535.26,539.72,527.78,535.59,2846667
2019-08-30 00:00:00+05:30,536.22,542.21,524.85,540.25,3352566
2019-09-03 00:00:00+05:30,537.13,547.2,526.62,530.8,3149585
2019-09-04 00:00:00+05:30,532.38,540.05,525.23,538.18,2546414
2019-09-05 00:00:00+05:30,535.55,550.51,535.55,546.43,2540536
2019-09-06 00:00:00+05:30,550.37,550.37,540.15,544.8,2190283
2019-09-09 00:00:00+05:30,541.4,566.53,541.3,563.51,5017727
2019-09-11 00:00:00+05:30,561.16,566.43,552.04,554.15,5321367
2019-09-12 00:00:00+05:30,558.09,562.02,542.07,544.18,2208228
2019-09-13 00:00:00+05:30,546.77,556.36,536.55,554.59,2747817
2019-09-16 00:00:00+05:30,546.77,551.56,538.23,541.11,2239507
2019-09-17 00:00:00+05:30,545.91,548.21,537.94,540.34,2949177
2019-09-18 00:00:00+05:30,541.97,541.97,520.63,534.35,4019395
2019-09-19 00:00:00+05:30,532.86,543.32,526.82,539.14,1910439
2019-09-20 00:00:00+05:30,541.68,561.16,532.43,539.19,5235337
2019-09-23 00:00:00+05:30,545.76,572.09,541.59,558.18,3852843
2019-09-24 00:00:00+05:30,557.18,560.82,548.88,555.79,2659479
2019-09-25 00:00:00+05:30,551.85,555.31,548.69,553.24,1992792
2019-09-26 00:00:00+05:30,553.29,570.75,552.52,559.81,3471495
2019-09-27 00:00:00+05:30,560.68,564.18,550.13,558.33,1627913
2019-09-30 00:00:00+05:30,558.28,583.03,554.49,579.33,4077839
2019-10-01 00:00:00+05:30,585.09,589.31,560.68,570.7,4740629
2019-10-03 00:00:00+05:30,565.95,574.11,548.93,570.17,1678699
2019-10-04 00:00:00+05:30,574.49,580.29,556.7,558.81,3147442
2019-10-07 00:00:00+05:30,559.24,568.5,553.0,557.37,1885067
2019-10-09 00:00:00+05:30,557.32,560.77,550.37,557.99,1817927
2019-10-10 00:00:00+05:30,554.44,564.8,551.28,559.67,1865952
2019-10-11 00:00:00+05:30,560.39,569.02,557.32,565.81,1781885
2019-10-14 00:00:00+05:30,559.24,565.62,544.95,562.74,3515716
2019-10-15 00:00:00+05:30,561.16,566.91,557.13,559.33,2307254
2019-10-16 00:00:00+05:30,562.88,567.87,556.36,564.75,1806833
2019-10-17 00:00:00+05:30,561.16,569.5,556.7,567.82,2387018
2019-10-18 00:00:00+05:30,566.91,578.9,564.51,574.59,2528618
2019-10-22 00:00:00+05:30,574.59,579.29,568.78,572.67,2360366
2019-10-23 00:00:00+05:30,573.92,576.41,567.01,572.67,1610218
2019-10-24 00:00:00+05:30,575.55,581.78,570.85,573.34,2346086
2019-10-25 00:00:00+05:30,576.94,577.42,565.86,570.37,2266789
2019-10-27 00:00:00+05:30,570.75,574.06,567.87,571.8,114543
2019-10-29 00:00:00+05:30,571.71,575.55,567.39,570.65,1867530
2019-10-30 00:00:00+05:30,575.35,575.35,556.46,560.34,2494331
2019-10-31 00:00:00+05:30,562.12,574.59,554.54,572.14,2521759
2019-11-01 00:00:00+05:30,575.11,576.31,562.12,564.56,1451486
2019-11-04 00:00:00+05:30,565.95,576.46,563.27,570.03,1993803
2019-11-05 00:00:00+05:30,572.14,592.57,565.95,580.97,6248477
2019-11-06 00:00:00+05:30,586.1,589.93,579.24,581.88,2619795
2019-11-07 00:00:00+05:30,587.06,587.06,534.39,554.15,4694394
2019-11-08 00:00:00+05:30,540.63,551.09,530.03,533.2,8390999
2019-11-11 00:00:00+05:30,532.38,538.14,519.19,526.48,3322329
2019-11-13 00:00:00+05:30,528.54,531.18,516.55,519.24,2614559
2019-11-14 00:00:00+05:30,519.48,522.02,509.45,513.72,2514069
2019-11-15 00:00:00+05:30,517.03,519.67,497.22,508.69,4339920
2019-11-18 00:00:00+05:30,508.54,528.97,506.0,526.62,5480079
2019-11-19 00:00:00+05:30,528.54,534.06,516.17,528.78,4797439
2019-11-20 00:00:00+05:30,530.37,533.82,524.13,530.32,1913615
2019-11-21 00:00:00+05:30,530.65,536.98,519.91,522.6,2269448
2019-11-22 00:00:00+05:30,518.95,520.39,508.88,511.76,2660482
2019-11-25 00:00:00+05:30,512.24,525.43,512.24,522.31,2973997
2019-11-26 00:00:00+05:30,521.44,529.41,516.6,519.62,4502775
2019-11-27 00:00:00+05:30,522.02,532.28,522.02,529.36,3878492
2019-11-28 00:00:00+05:30,532.19,559.05,531.47,556.27,7847982
2019-11-29 00:00:00+05:30,553.72,559.05,548.11,549.89,1913571
2019-12-02 00:00:00+05:30,559.19,559.19,542.98,547.01,2318952
2019-12-03 00:00:00+05:30,546.96,550.08,539.48,546.29,2197441
2019-12-04 00:00:00+05:30,545.71,551.37,539.53,547.01,2240834
2019-12-05 00:00:00+05:30,548.64,551.37,541.97,545.38,1468560
2019-12-06 00:00:00+05:30,547.63,547.63,535.4,538.81,2414430
2019-12-09 00:00:00+05:30,541.97,551.09,537.56,540.58,1891743
2019-12-10 00:00:00+05:30,542.26,549.36,531.04,535.02,2447022
2019-12-11 00:00:00+05:30,534.3,540.77,529.21,538.18,1778192
2019-12-12 00:00:00+05:30,539.62,557.32,538.23,546.72,3827438
2019-12-13 00:00:00+05:30,550.08,554.54,540.53,541.97,1968038
2019-12-16 00:00:00+05:30,548.69,550.03,539.19,540.73,1954722
2019-12-17 00:00:00+05:30,541.06,545.04,533.34,541.11,1870391
2019-12-18 00:00:00+05:30,542.45,548.5,536.55,543.17,1910818
2019-12-19 00:00:00+05:30,542.55,549.65,538.71,539.81,1438893
2019-12-20 00:00:00+05:30,542.93,557.22,536.31,554.59,2743611
2019-12-23 00:00:00+05:30,556.31,571.9,550.46,554.11,5699799
2019-12-24 00:00:00+05:30,554.11,558.71,544.18,545.95,2373443
2019-12-26 00:00:00+05:30,549.36,553.48,543.17,546.24,2271149
2019-12-27 00:00:00+05:30,549.02,558.14,545.47,556.6,1822185
2019-12-30 00:00:00+05:30,559.19,567.87,554.87,565.33,1623680
2019-12-31 00:00:00+05:30,566.15,567.58,559.24,560.68,1431901
2020-01-01 00:00:00+05:30,561.16,565.47,557.03,564.27,751370
2020-01-02 00:00:00+05:30,565.47,572.86,560.39,571.18,1447141
2020-01-03 00:00:00+05:30,567.39,569.98,563.36,566.67,1108907
2020-01-06 00:00:00+05:30,564.99,564.99,555.4,561.11,1269960
2020-01-07 00:00:00+05:30,561.11,579.38,559.29,570.8,4427507
2020-01-08 00:00:00+05:30,561.88,578.42,560.77,576.36,2179019
2020-01-09 00:00:00+05:30,577.46,589.84,573.87,579.91,2913652
2020-01-10 00:00:00+05:30,582.26,583.7,570.8,575.83,2002857
2020-01-13 00:00:00+05:30,579.38,581.06,565.95,567.82,2266570
2020-01-14 00:00:00+05:30,569.02,570.65,555.59,559.77,3034945
2020-01-15 00:00:00+05:30,560.2,565.47,550.41,561.92,3563833
2020-01-16 00:00:00+05:30,563.17,567.68,558.38,564.13,1777597
2020-01-17 00:00:00+05:30,565.91,573.0,562.02,565.23,1890382
2020-01-20 00:00:00+05:30,565.95,566.77,556.89,560.77,2528706
2020-01-21 00:00:00+05:30,559.05,559.05,548.88,554.15,4992611
2020-01-22 00:00:00+05:30,559.09,559.09,530.85,540.01,7769750
2020-01-23 00:00:00+05:30,537.18,541.54,518.28,520.1,4723583
2020-01-24 00:00:00+05:30,518.95,541.49,518.95,521.16,8474634
2020-01-27 00:00:00+05:30,523.17,527.68,513.2,515.35,4465500
2020-01-28 00:00:00+05:30,516.31,525.67,511.47,515.07,4211672
2020-01-29 00:00:00+05:30,521.73,523.65,515.16,520.05,2274022
2020-01-30 00:00:00+05:30,519.86,528.88,517.13,521.97,3662937
2020-01-31 00:00:00+05:30,525.14,526.62,503.6,505.09,4523234
2020-02-01 00:00:00+05:30,506.48,512.19,478.37,483.12,2864236
2020-02-03 00:00:00+05:30,486.1,496.41,484.42,492.38,3137716
2020-02-04 00:00:00+05:30,495.88,504.51,494.01,501.3,2348655
2020-02-05 00:00:00+05:30,503.7,520.2,500.29,515.55,3236423
2020-02-06 00:00:00+05:30,515.16,522.98,511.85,514.97,2137887
2020-02-07 00:00:00+05:30,517.03,532.81,516.36,520.97,5943602
2020-02-10 00:00:00+05:30,547.06,555.98,533.05,550.7,16003588
2020-02-11 00:00:00+05:30,550.99,560.97,546.67,553.15,5313381
2020-02-12 00:00:00+05:30,554.87,559.24,547.2,550.51,3415717
2020-02-13 00:00:00+05:30,548.69,559.14,539.96,555.16,3025366
2020-02-14 00:00:00+05:30,555.98,576.89,554.54,567.54,6477059
2020-02-17 00:00:00+05:30,568.83,575.35,567.06,570.75,2520572
2020-02-18 00:00:00+05:30,567.87,567.87,550.61,561.35,3098404
2020-02-19 00:00:00+05:30,565.86,569.65,557.61,561.35,2963954
2020-02-20 00:00:00+05:30,562.12,571.95,557.03,560.53,1879569
2020-02-24 00:00:00+05:30,563.03,566.67,546.86,549.89,2059041
2020-02-25 00:00:00+05:30,549.93,554.11,539.19,543.27,3036172
2020-02-26 00:00:00+05:30,542.74,546.58,533.34,540.05,3007654
2020-02-27 00:00:00+05:30,538.66,538.66,526.48,528.4,1738433
2020-02-28 00:00:00+05:30,520.87,524.32,493.05,498.52,3100643
2020-03-02 00:00:00+05:30,505.52,519.53,488.83,493.39,1987006
2020-03-03 00:00:00+05:30,498.71,505.19,491.66,500.29,2605954
2020-03-04 00:00:00+05:30,503.6,511.85,477.8,490.75,4208164
2020-03-05 00:00:00+05:30,497.75,507.44,492.09,495.02,2912233
2020-03-06 00:00:00+05:30,478.66,495.78,471.32,492.67,3717846
2020-03-09 00:00:00+05:30,484.08,498.71,474.49,492.09,4656711
2020-03-11 00:00:00+05:30,478.23,502.12,477.32,495.88,5899282
2020-03-12 00:00:00+05:30,483.99,499.19,417.08,425.52,8467011
2020-03-13 00:00:00+05:30,410.56,420.15,361.73,394.11,10123581
2020-03-16 00:00:00+05:30,376.31,378.85,358.28,361.44,5503925
2020-03-17 00:00:00+05:30,354.92,364.46,329.12,336.55,9619222
2020-03-18 00:00:00+05:30,345.33,349.12,301.78,308.73,5777793
2020-03-19 00:00:00+05:30,288.92,300.53,281.06,284.66,7533210
2020-03-20 00:00:00+05:30,282.02,307.58,275.3,287.92,7779913
2020-03-23 00:00:00+05:30,259.14,271.47,230.36,244.22,3157549
2020-03-24 00:00:00+05:30,254.68,265.71,239.33,251.37,4345071
2020-03-25 00:00:00+05:30,246.53,289.07,241.73,280.87,4000033
2020-03-26 00:00:00+05:30,285.85,317.32,278.37,299.81,6136174
2020-03-27 00:00:00+05:30,314.25,322.31,302.45,309.07,5038373
2020-03-30 00:00:00+05:30,304.27,304.27,281.73,295.88,3253287
2020-03-31 00:00:00+05:30,302.59,318.23,296.65,313.19,2896911
2020-04-01 00:00:00+05:30,315.11,315.11,290.65,293.29,2794503
2020-04-03 00:00:00+05:30,293.67,294.97,282.98,285.95,3403836
2020-04-07 00:00:00+05:30,298.32,312.71,294.63,310.46,3778116
2020-04-08 00:00:00+05:30,306.96,323.74,303.55,307.15,4828096
2020-04-09 00:00:00+05:30,316.55,318.85,300.0,306.0,4888021
2020-04-13 00:00:00+05:30,307.92,320.58,303.6,311.71,5054263
2020-04-15 00:00:00+05:30,316.5,366.19,316.45,336.26,23193886
2020-04-16 00:00:00+05:30,341.49,353.96,341.49,348.4,10559116
2020-04-17 00:00:00+05:30,361.2,363.55,343.65,348.49,5553546
2020-04-20 00:00:00+05:30,354.73,354.73,338.42,340.29,4941383
2020-04-21 00:00:00+05:30,334.49,338.52,329.07,331.9,2935728
2020-04-22 00:00:00+05:30,330.94,344.37,322.5,339.24,4278187
2020-04-23 00:00:00+05:30,345.23,351.47,331.61,334.68,5927834
2020-04-24 00:00:00+05:30,330.94,333.43,320.58,322.16,2848982
2020-04-27 00:00:00+05:30,329.4,341.2,326.62,335.11,4749962
2020-04-28 00:00:00+05:30,347.2,354.87,342.5,345.81,8135994
2020-04-29 00:00:00+05:30,349.12,349.55,339.91,345.9,2941797
2020-04-30 00:00:00+05:30,352.28,411.85,349.21,402.93,18961807
2020-05-04 00:00:00+05:30,378.76,402.4,365.81,369.69,10836170
2020-05-05 00:00:00+05:30,378.9,391.37,369.31,371.28,12125133
2020-05-06 00:00:00+05:30,376.93,376.93,357.8,363.55,7931466
2020-05-07 00:00:00+05:30,362.59,368.25,351.37,353.39,4491558
2020-05-08 00:00:00+05:30,358.23,360.48,348.21,349.74,3416735
2020-05-11 00:00:00+05:30,352.04,363.17,351.56,353.1,4068916
2020-05-12 00:00:00+05:30,353.48,366.86,349.07,359.28,9768733
2020-05-13 00:00:00+05:30,381.97,382.55,365.09,373.77,7791448
2020-05-14 00:00:00+05:30,370.75,379.86,360.77,375.88,7610717
2020-05-15 00:00:00+05:30,377.65,377.65,362.07,363.46,3845139
2020-05-18 00:00:00+05:30,365.86,369.02,350.51,360.48,5729899
2020-05-19 00:00:00+05:30,365.14,365.14,324.46,325.81,19560145
2020-05-20 00:00:00+05:30,325.23,343.98,322.31,342.02,17426572
2020-05-21 00:00:00+05:30,344.99,354.92,341.83,351.85,10512256
2020-05-22 00:00:00+05:30,351.8,358.66,347.92,356.02,8905699
2020-05-26 00:00:00+05:30,361.59,370.7,350.75,352.09,15534572
2020-05-27 00:00:00+05:30,355.4,374.1,352.09,371.99,15809765
2020-05-28 00:00:00+05:30,378.13,382.64,372.38,375.16,9691677
2020-05-29 00:00:00+05:30,376.55,402.64,372.57,389.31,23238226
2020-06-01 00:00:00+05:30,394.25,405.76,394.01,402.21,8110165
2020-06-02 00:00:00+05:30,402.98,411.47,397.8,407.39,7137320
2020-06-03 00:00:00+05:30,411.47,416.12,400.0,402.02,7508189
2020-06-04 00:00:00+05:30,402.79,415.3,400.96,404.85,5972287
2020-06-05 00:00:00+05:30,407.92,427.77,406.29,421.49,12838458
2020-06-08 00:00:00+05:30,430.7,431.37,415.83,419.0,4711761
2020-06-09 00:00:00+05:30,425.86,426.86,410.7,413.05,4218186
2020-06-10 00:00:00+05:30,414.49,417.8,403.84,407.68,4516539
2020-06-11 00:00:00+05:30,413.15,416.55,398.52,400.44,4037664
2020-06-12 00:00:00+05:30,385.62,398.28,383.75,394.87,5205006
2020-06-15 00:00:00+05:30,389.12,394.25,381.83,388.49,4892610
2020-06-16 00:00:00+05:30,399.05,411.9,393.29,397.37,10798513
2020-06-17 00:00:00+05:30,402.69,406.72,392.33,403.65,6337033
2020-06-18 00:00:00+05:30,405.62,414.3,405.18,410.46,5875799
2020-06-19 00:00:00+05:30,410.51,421.64,410.08,419.19,6312622
2020-06-22 00:00:00+05:30,419.14,430.12,414.49,428.01,5201019
2020-06-23 00:00:00+05:30,434.54,449.98,434.3,444.23,8201630
2020-06-24 00:00:00+05:30,447.82,450.84,423.03,426.82,4072981
2020-06-25 00:00:00+05:30,420.29,436.17,419.62,424.85,4150797
2020-06-26 00:00:00+05:30,431.66,432.47,420.77,422.31,2217649
2020-06-29 00:00:00+05:30,422.07,422.31,411.66,414.3,2412978
2020-06-30 00:00:00+05:30,417.27,428.25,404.8,407.87,5404080
2020-07-01 00:00:00+05:30,413.34,430.7,411.52,428.73,8525936
2020-07-02 00:00:00+05:30,432.95,435.26,422.4,424.42,3966337
2020-07-03 00:00:00+05:30,427.06,434.49,424.37,426.1,3973270
2020-07-06 00:00:00+05:30,428.78,441.64,428.11,437.99,4435347
2020-07-07 00:00:00+05:30,439.24,439.24,429.84,432.57,3817296
2020-07-08 00:00:00+05:30,441.11,445.09,423.27,425.9,9054639
2020-07-09 00:00:00+05:30,428.78,429.65,419.33,424.51,5379236
2020-07-10 00:00:00+05:30,425.9,433.58,415.83,418.71,6049845
2020-07-13 00:00:00+05:30,422.07,426.82,417.75,421.3,2584721
2020-07-14 00:00:00+05:30,422.02,426.38,411.61,419.67,4391353
2020-07-15 00:00:00+05:30,423.75,424.8,412.91,419.72,4517928
2020-07-16 00:00:00+05:30,422.59,423.75,406.29,415.78,4366553
2020-07-17 00:00:00+05:30,417.27,424.32,415.35,418.66,3797309
2020-07-20 00:00:00+05:30,422.07,437.41,421.4,435.16,9834359
2020-07-21 00:00:00+05:30,438.66,443.94,432.0,439.72,6413535
2020-07-22 00:00:00+05:30,441.25,445.57,429.45,441.49,4605546
2020-07-23 00:00:00+05:30,442.21,458.52,440.29,443.89,9825421
2020-07-24 00:00:00+05:30,442.21,442.21,426.0,435.64,4228918
2020-07-27 00:00:00+05:30,437.22,438.37,422.31,427.63,3099435
2020-07-28 00:00:00+05:30,428.21,433.53,423.51,430.65,4821147
2020-07-29 00:00:00+05:30,431.18,445.18,430.75,442.93,7418770
2020-07-30 00:00:00+05:30,446.0,452.28,442.64,445.66,6478060
2020-07-31 00:00:00+05:30,448.78,466.19,441.49,458.66,11529300
2020-08-03 00:00:00+05:30,464.27,465.14,427.06,433.72,15053355
2020-08-04 00:00:00+05:30,437.27,445.42,435.5,442.88,6456262
2020-08-05 00:00:00+05:30,443.17,448.64,433.87,435.11,4935991
2020-08-06 00:00:00+05:30,434.06,447.49,433.19,444.99,4353764
2020-08-07 00:00:00+05:30,446.53,465.14,446.53,460.72,10437376
2020-08-10 00:00:00+05:30,464.13,476.26,458.95,474.15,7924459
2020-08-11 00:00:00+05:30,476.26,476.41,460.44,462.26,4545198
2020-08-12 00:00:00+05:30,461.64,469.07,451.85,467.3,4516258
2020-08-13 00:00:00+05:30,467.44,479.53,467.44,469.21,4741200
2020-08-14 00:00:00+05:30,474.44,476.65,461.25,465.86,2533883
2020-08-17 00:00:00+05:30,469.55,474.54,467.87,472.28,2323491
2020-08-18 00:00:00+05:30,472.14,488.21,471.8,479.77,9265076
2020-08-19 00:00:00+05:30,479.53,486.48,472.43,479.05,5634681
2020-08-20 00:00:00+05:30,474.68,478.42,467.39,471.85,3210531
2020-08-21 00:00:00+05:30,476.26,483.51,470.99,473.29,3571171
2020-08-24 00:00:00+05:30,475.78,484.18,475.78,477.13,4211210
2020-08-25 00:00:00+05:30,478.71,480.15,470.22,472.04,3576586
2020-08-26 00:00:00+05:30,472.86,476.36,468.45,473.43,2959527
2020-08-27 00:00:00+05:30,472.95,479.62,472.43,476.5,2528599
2020-08-28 00:00:00+05:30,479.62,499.86,477.99,498.09,10224835
2020-08-31 00:00:00+05:30,502.64,513.1,480.58,485.33,11284536
2020-09-01 00:00:00+05:30,484.42,489.21,471.23,484.47,4149646
2020-09-02 00:00:00+05:30,484.42,485.38,472.62,480.44,4328522
2020-09-03 00:00:00+05:30,485.19,505.28,483.7,500.58,8951169
2020-09-07 00:00:00+05:30,488.73,489.65,470.8,474.3,5476542
2020-09-08 00:00:00+05:30,477.37,482.88,465.23,467.15,5048978
2020-09-09 00:00:00+05:30,462.36,478.09,448.01,474.39,6335097
2020-09-10 00:00:00+05:30,477.61,477.61,465.23,470.99,4173469
2020-09-11 00:00:00+05:30,472.52,480.58,468.21,478.66,3555230
2020-09-14 00:00:00+05:30,487.25,498.61,481.54,494.87,6110387
2020-09-15 00:00:00+05:30,497.13,510.56,495.02,508.11,6486382
2020-09-16 00:00:00+05:30,508.45,511.52,500.68,506.96,4128590
2020-09-17 00:00:00+05:30,503.55,515.11,499.09,508.93,4207821
2020-09-18 00:00:00+05:30,509.26,517.99,507.49,515.4,4031876
2020-09-21 00:00:00+05:30,515.11,524.23,500.58,510.51,5114715
2020-09-22 00:00:00+05:30,510.51,515.98,491.47,507.58,4819529
2020-09-23 00:00:00+05:30,508.4,513.1,498.66,510.7,3802090
2020-09-24 00:00:00+05:30,504.03,504.03,481.73,484.56,4292857
2020-09-25 00:00:00+05:30,488.21,492.86,480.34,484.08,5061924
2020-09-28 00:00:00+05:30,485.76,496.65,485.38,489.02,3945610
2020-09-29 00:00:00+05:30,493.53,493.53,470.6,473.0,5234491
2020-09-30 00:00:00+05:30,473.87,485.38,471.52,482.4,4692291
2020-10-01 00:00:00+05:30,487.3,491.8,482.79,485.04,2567261
2020-10-05 00:00:00+05:30,488.73,489.36,481.64,486.43,2640667
2020-10-06 00:00:00+05:30,490.6,497.85,487.54,488.78,3816747
2020-10-07 00:00:00+05:30,490.6,503.51,486.72,490.03,5209391
2020-10-08 00:00:00+05:30,493.0,498.66,485.86,488.64,2933306
2020-10-09 00:00:00+05:30,489.6,492.28,475.69,477.03,3867349
2020-10-12 00:00:00+05:30,479.53,487.58,473.05,486.43,3472856
2020-10-13 00:00:00+05:30,487.1,494.54,483.55,485.86,4161273
2020-10-14 00:00:00+05:30,480.92,492.09,475.11,490.08,3568277
2020-10-15 00:00:00+05:30,489.21,498.81,482.4,485.9,5136019
2020-10-16 00:00:00+05:30,470.03,470.03,439.57,447.92,23953854
2020-10-19 00:00:00+05:30,455.45,455.45,429.26,444.56,13753675
2020-10-20 00:00:00+05:30,445.09,448.64,435.45,437.37,7560551
2020-10-21 00:00:00+05:30,441.16,444.61,428.54,435.69,6578771
2020-10-22 00:00:00+05:30,434.35,439.53,431.85,435.98,4684564
2020-10-23 00:00:00+05:30,439.81,439.81,431.66,432.57,3837458
2020-10-26 00:00:00+05:30,436.41,436.41,413.91,415.74,6544814
2020-10-27 00:00:00+05:30,417.27,423.41,411.85,420.68,5088464
2020-10-28 00:00:00+05:30,422.4,435.98,419.67,432.38,7540358
2020-10-29 00:00:00+05:30,429.17,437.03,426.14,431.9,4793070
2020-10-30 00:00:00+05:30,433.48,438.85,428.25,434.78,3838307
2020-11-02 00:00:00+05:30,446.05,446.05,414.06,427.2,10795439
2020-11-03 00:00:00+05:30,426.29,431.18,397.13,400.05,17207388
2020-11-04 00:00:00+05:30,398.76,398.76,382.74,384.99,20182101
2020-11-05 00:00:00+05:30,391.32,402.5,388.64,401.35,11953672
2020-11-06 00:00:00+05:30,404.27,410.56,400.77,405.18,7934919
2020-11-09 00:00:00+05:30,409.21,413.43,406.86,409.36,4451392
2020-11-10 00:00:00+05:30,412.57,420.63,409.17,415.16,6697091
2020-11-11 00:00:00+05:30,411.52,424.9,411.52,417.94,7822246
2020-11-12 00:00:00+05:30,419.0,419.96,407.77,412.09,5744973
2020-11-13 00:00:00+05:30,411.52,413.53,405.76,408.01,4839922
2020-11-14 00:00:00+05:30,413.58,413.58,407.68,411.76,670635
2020-11-17 00:00:00+05:30,413.82,416.79,410.8,412.14,6178686
2020-11-18 00:00:00+05:30,412.47,412.47,406.77,408.93,4600671
2020-11-19 00:00:00+05:30,408.54,408.54,398.13,399.52,6596880
2020-11-20 00:00:00+05:30,399.52,405.18,389.98,403.27,13302767
2020-11-23 00:00:00+05:30,405.76,411.99,404.18,409.07,5391102
2020-11-24 00:00:00+05:30,410.56,413.91,409.07,410.03,4728714
2020-11-25 00:00:00+05:30,411.32,412.62,400.58,401.54,4952900
2020-11-26 00:00:00+05:30,401.54,405.09,397.27,403.41,4058006
2020-11-27 00:00:00+05:30,404.03,408.16,399.33,400.68,7319166
2020-12-01 00:00:00+05:30,402.88,416.5,400.96,415.4,15558378
2020-12-02 00:00:00+05:30,424.7,428.78,419.62,423.94,14778888
2020-12-03 00:00:00+05:30,428.54,440.2,419.67,436.22,13813070
2020-12-04 00:00:00+05:30,440.24,444.13,434.06,437.13,8041289
2020-12-07 00:00:00+05:30,436.46,458.71,435.06,456.55,11925180
2020-12-08 00:00:00+05:30,461.64,468.59,450.32,453.53,16281567
2020-12-09 00:00:00+05:30,455.74,474.83,455.74,472.52,14422035
2020-12-10 00:00:00+05:30,458.52,459.48,399.14,420.58,90953644
2020-12-11 00:00:00+05:30,437.41,438.23,411.71,417.27,52408634
2020-12-14 00:00:00+05:30,415.35,425.81,414.2,424.13,15207273
2020-12-15 00:00:00+05:30,425.18,431.47,419.19,430.51,9576161
2020-12-16 00:00:00+05:30,435.35,442.69,433.1,440.92,11982493
2020-12-17 00:00:00+05:30,442.64,447.39,434.73,436.84,7669133
2020-12-18 00:00:00+05:30,437.41,443.17,435.5,441.54,5630360
2020-12-21 00:00:00+05:30,441.25,441.97,400.0,419.48,7685377
2020-12-22 00:00:00+05:30,419.48,427.63,408.21,426.53,8242932
2020-12-23 00:00:00+05:30,426.38,434.25,420.44,433.53,3635555
2020-12-24 00:00:00+05:30,436.36,437.99,429.74,431.08,4569311
2020-12-28 00:00:00+05:30,433.63,438.85,432.67,434.92,3279762
2020-12-29 00:00:00+05:30,435.98,440.29,427.25,436.17,3941504
2020-12-30 00:00:00+05:30,445.09,453.15,442.45,448.06,22676242
2020-12-31 00:00:00+05:30,448.64,449.41,442.4,447.34,5653742
2021-01-01 00:00:00+05:30,450.75,457.18,447.82,450.17,7387520
2021-01-04 00:00:00+05:30,454.11,455.64,447.63,453.87,3767991
2021-01-05 00:00:00+05:30,449.89,453.24,447.34,452.04,3362957
2021-01-06 00:00:00+05:30,452.71,462.26,448.11,453.15,6197857
2021-01-07 00:00:00+05:30,456.6,466.67,455.11,462.83,7321396
2021-01-08 00:00:00+05:30,465.23,485.38,465.04,483.12,16793595
2021-01-11 00:00:00+05:30,485.38,488.16,473.19,477.18,5906027
2021-01-12 00:00:00+05:30,474.59,484.9,471.18,480.68,5219827
2021-01-13 00:00:00+05:30,481.54,485.19,464.66,471.66,4892436
2021-01-14 00:00:00+05:30,473.96,494.01,472.91,488.64,15875936
2021-01-15 00:00:00+05:30,491.08,506.38,490.56,501.25,20673902
2021-01-18 00:00:00+05:30,503.55,544.85,502.64,538.42,38750365
2021-01-19 00:00:00+05:30,538.14,547.63,531.09,540.1,15733823
2021-01-20 00:00:00+05:30,540.05,558.14,533.82,552.86,11363223
2021-01-21 00:00:00+05:30,552.86,569.79,552.86,560.73,12257217
2021-01-22 00:00:00+05:30,561.54,568.35,541.01,543.84,10547042
2021-01-25 00:00:00+05:30,548.4,568.83,543.89,564.18,14135981
2021-01-27 00:00:00+05:30,564.18,576.65,545.81,550.85,16120165
2021-01-28 00:00:00+05:30,545.81,547.44,534.49,542.4,8492183
2021-01-29 00:00:00+05:30,546.62,552.52,534.3,537.8,9692598
2021-02-01 00:00:00+05:30,526.53,526.53,489.21,512.33,21097595
2021-02-02 00:00:00+05:30,518.95,545.33,518.95,543.22,13985423
2021-02-03 00:00:00+05:30,539.19,556.31,532.38,535.5,7575697
2021-02-04 00:00:00+05:30,535.93,545.38,522.12,526.62,7037381
2021-02-05 00:00:00+05:30,531.28,531.28,513.2,514.63,6646425
2021-02-08 00:00:00+05:30,516.07,523.75,506.62,516.36,8872268
2021-02-09 00:00:00+05:30,517.51,533.34,513.72,516.65,9559750
2021-02-10 00:00:00+05:30,520.87,524.18,510.75,512.62,4635330
2021-02-11 00:00:00+05:30,508.59,523.36,508.59,521.4,5925549
2021-02-12 00:00:00+05:30,523.55,524.99,509.84,513.96,3171725
2021-02-15 00:00:00+05:30,517.99,521.78,512.76,515.55,2677629
2021-02-16 00:00:00+05:30,520.53,523.41,515.21,516.7,3101656
2021-02-17 00:00:00+05:30,503.89,520.49,503.89,514.49,3058201
2021-02-18 00:00:00+05:30,514.49,533.91,510.32,519.24,6670038
2021-02-19 00:00:00+05:30,520.82,541.97,517.51,530.27,17401154
2021-02-22 00:00:00+05:30,533.34,538.09,514.68,517.75,8028447
2021-02-23 00:00:00+05:30,508.4,546.77,493.1,543.32,21752303
2021-02-24 00:00:00+05:30,523.75,543.89,523.75,531.37,7536377
2021-02-25 00:00:00+05:30,537.94,572.67,536.22,570.27,17473862
2021-02-26 00:00:00+05:30,561.16,565.38,532.81,537.94,11994542
2021-03-01 00:00:00+05:30,546.77,568.54,546.77,566.53,8930768
2021-03-02 00:00:00+05:30,578.42,583.99,556.51,565.43,11051586
2021-03-03 00:00:00+05:30,571.52,591.71,565.19,588.59,9108138
2021-03-04 00:00:00+05:30,577.46,605.71,574.68,590.37,14723537
2021-03-05 00:00:00+05:30,590.37,590.8,562.12,567.44,7837000
2021-03-08 00:00:00+05:30,576.51,610.27,575.55,604.28,14761798
2021-03-09 00:00:00+05:30,608.16,611.71,586.34,599.43,11014725
2021-03-10 00:00:00+05:30,604.9,604.9,587.54,595.98,5820271
2021-03-12 00:00:00+05:30,601.06,607.15,589.07,595.02,5206949
2021-03-15 00:00:00+05:30,597.9,599.96,579.81,596.03,5667315
2021-03-16 00:00:00+05:30,599.58,613.48,591.42,594.97,8752004
2021-03-17 00:00:00+05:30,598.23,601.3,580.34,584.37,4694472
2021-03-18 00:00:00+05:30,592.48,597.42,569.84,576.79,6413463
2021-03-19 00:00:00+05:30,573.63,603.27,562.31,599.96,8676036
2021-03-22 00:00:00+05:30,599.48,610.94,592.48,602.55,6458391
2021-03-23 00:00:00+05:30,597.13,617.7,595.69,607.54,6253572
2021-03-24 00:00:00+05:30,599.53,610.46,582.26,584.04,5037739
2021-03-25 00:00:00+05:30,588.02,593.05,567.39,571.37,11100632
2021-03-26 00:00:00+05:30,581.3,581.3,557.32,561.54,8108057
2021-03-30 00:00:00+05:30,572.67,608.78,566.91,605.57,15285026
2021-03-31 00:00:00+05:30,597.61,627.35,594.83,615.69,16536131
2021-04-01 00:00:00+05:30,614.83,630.13,609.12,627.63,7653824
2021-04-05 00:00:00+05:30,623.51,637.66,605.86,619.91,9462310
2021-04-06 00:00:00+05:30,621.59,641.59,618.71,634.4,7533068
2021-04-07 00:00:00+05:30,633.1,646.48,625.81,627.78,5157313
2021-04-08 00:00:00+05:30,630.22,637.51,623.51,625.04,4092394
2021-04-09 00:00:00+05:30,629.26,629.26,604.99,609.02,5207640
2021-04-12 00:00:00+05:30,599.53,602.07,557.8,565.52,6205770
2021-04-13 00:00:00+05:30,569.79,593.29,564.99,579.96,10472605
2021-04-15 00:00:00+05:30,586.1,598.47,573.05,582.6,7708843
2021-04-16 00:00:00+05:30,585.14,593.58,577.46,586.82,3729078
2021-04-19 00:00:00+05:30,570.85,578.42,563.08,573.1,3334437
2021-04-20 00:00:00+05:30,581.3,588.02,561.73,567.63,3546944
2021-04-22 00:00:00+05:30,564.99,574.49,558.18,567.49,3317203
2021-04-23 00:00:00+05:30,567.97,572.72,557.61,561.54,3498697
2021-04-26 00:00:00+05:30,563.17,573.53,562.02,566.58,3296192
2021-04-27 00:00:00+05:30,567.01,580.53,565.38,573.1,4686251
2021-04-28 00:00:00+05:30,578.38,588.69,576.7,583.27,5193335
2021-04-29 00:00:00+05:30,582.74,595.69,582.74,591.37,6522308
2021-04-30 00:00:00+05:30,585.91,595.69,579.43,582.16,3202229
2021-05-03 00:00:00+05:30,580.82,594.49,571.85,592.62,3761786
2021-05-04 00:00:00+05:30,595.69,619.34,583.27,586.34,14077667
2021-05-05 00:00:00+05:30,596.36,616.79,591.52,614.59,11939415
2021-05-06 00:00:00+05:30,614.59,614.87,601.11,607.2,5780012
2021-05-07 00:00:00+05:30,609.12,615.69,599.77,603.75,3831238
2021-05-10 00:00:00+05:30,609.79,652.62,609.65,647.11,17438286
2021-05-11 00:00:00+05:30,645.57,660.39,640.68,656.46,14732741
2021-05-12 00:00:00+05:30,663.75,673.92,652.86,663.46,10984322
2021-05-14 00:00:00+05:30,681.06,733.25,676.31,713.01,59653808
2021-05-17 00:00:00+05:30,726.15,753.01,721.4,739.34,29208261
2021-05-18 00:00:00+05:30,744.85,746.29,728.21,738.04,10742942
2021-05-19 00:00:00+05:30,741.5,772.48,734.35,750.27,18516021
2021-05-20 00:00:00+05:30,754.35,764.9,731.9,736.22,8854983
2021-05-21 00:00:00+05:30,743.41,753.97,732.14,748.07,8439922
2021-05-24 00:00:00+05:30,750.08,761.59,742.17,757.18,5822493
2021-05-25 00:00:00+05:30,762.6,773.15,757.32,764.18,7661409
2021-05-26 00:00:00+05:30,762.6,782.5,759.24,779.48,8153418
2021-05-27 00:00:00+05:30,782.79,791.86,776.6,786.34,10427407
2021-05-28 00:00:00+05:30,785.09,790.85,776.03,778.76,5033780
2021-05-31 00:00:00+05:30,778.62,788.35,775.31,781.88,4020678
2021-06-01 00:00:00+05:30,784.66,792.72,775.4,782.55,4601461
2021-06-02 00:00:00+05:30,781.78,806.58,777.47,803.46,7534257
2021-06-03 00:00:00+05:30,808.59,810.56,794.25,806.0,7155146
2021-06-04 00:00:00+05:30,800.97,810.9,798.19,802.17,4290029
2021-06-07 00:00:00+05:30,806.72,827.11,800.39,815.84,4976624
2021-06-08 00:00:00+05:30,815.74,829.46,805.96,818.76,4392507
2021-06-09 00:00:00+05:30,820.15,827.78,804.47,811.09,5283273
2021-06-10 00:00:00+05:30,814.4,819.0,802.89,804.52,4182187
2021-06-11 00:00:00+05:30,808.59,810.27,796.17,801.11,2744476
2021-06-14 00:00:00+05:30,804.04,804.04,781.98,800.58,2461791
2021-06-15 00:00:00+05:30,800.2,811.18,796.56,807.49,3224361
2021-06-16 00:00:00+05:30,809.51,819.72,802.07,804.04,4748416
2021-06-17 00:00:00+05:30,800.82,813.44,794.88,801.02,3840259
2021-06-18 00:00:00+05:30,804.81,805.04,758.62,775.07,8491608
2021-06-21 00:00:00+05:30,767.39,767.39,736.99,740.73,10754467
2021-06-22 00:00:00+05:30,747.25,773.63,744.95,769.79,9146031
2021-06-23 00:00:00+05:30,776.03,777.9,760.78,771.23,5732000
2021-06-24 00:00:00+05:30,776.03,782.21,764.13,780.3,3720929
2021-06-25 00:00:00+05:30,776.03,780.82,769.17,772.33,2675397
2021-06-28 00:00:00+05:30,772.19,779.48,768.64,776.12,2595753
2021-06-29 00:00:00+05:30,776.99,784.61,766.72,772.57,2614007
2021-06-30 00:00:00+05:30,776.99,777.95,758.38,760.54,2272462
2021-07-01 00:00:00+05:30,763.56,766.0,754.4,759.24,2014891
2021-07-02 00:00:00+05:30,759.24,773.73,756.84,766.77,2616835
2021-07-05 00:00:00+05:30,768.83,777.66,765.52,774.68,1889506
2021-07-06 00:00:00+05:30,775.07,782.74,768.74,770.56,3228593
2021-07-07 00:00:00+05:30,772.09,788.02,769.31,783.61,4838460
2021-07-08 00:00:00+05:30,780.25,791.14,774.45,780.92,2644025
2021-07-09 00:00:00+05:30,778.91,789.46,775.16,781.35,2775345
2021-07-12 00:00:00+05:30,786.58,797.8,782.69,787.97,4601114
2021-07-13 00:00:00+05:30,795.12,799.82,789.55,798.04,2720699
2021-07-14 00:00:00+05:30,789.84,793.68,784.66,786.34,2560729
2021-07-15 00:00:00+05:30,788.26,805.09,785.86,802.17,3580482
2021-07-16 00:00:00+05:30,808.64,817.66,796.94,803.41,4073488
2021-07-19 00:00:00+05:30,800.87,814.4,788.79,799.29,4945494
2021-07-20 00:00:00+05:30,801.4,803.37,770.99,781.06,3419186
2021-07-22 00:00:00+05:30,784.61,795.69,782.74,794.25,3104943
2021-07-23 00:00:00+05:30,793.77,793.87,782.74,786.29,2306707
2021-07-26 00:00:00+05:30,785.62,793.05,773.77,786.53,2553031
2021-07-27 00:00:00+05:30,786.58,792.0,773.29,779.62,1794028
2021-07-28 00:00:00+05:30,785.28,785.28,764.47,781.45,3306989
2021-07-29 00:00:00+05:30,789.41,789.41,776.99,786.29,1916313
2021-07-30 00:00:00+05:30,787.78,800.49,754.11,775.6,8030323
2021-08-02 00:00:00+05:30,775.6,777.61,753.05,758.81,6469458
2021-08-03 00:00:00+05:30,762.6,762.6,748.79,758.33,3404307
2021-08-04 00:00:00+05:30,760.39,766.29,748.5,753.01,2838035
2021-08-05 00:00:00+05:30,757.8,757.8,740.54,745.57,2360642
2021-08-06 00:00:00+05:30,748.11,759.43,743.99,745.62,1864189
2021-08-09 00:00:00+05:30,748.98,752.43,738.81,746.39,1581943
2021-08-10 00:00:00+05:30,748.55,754.92,731.42,739.67,2430227
2021-08-11 00:00:00+05:30,740.54,750.03,726.15,742.26,3281206
2021-08-12 00:00:00+05:30,741.5,753.63,740.58,745.43,2344358
2021-08-13 00:00:00+05:30,746.29,752.33,739.19,747.35,2657446
2021-08-16 00:00:00+05:30,748.21,752.53,738.62,741.3,1784416
2021-08-17 00:00:00+05:30,744.09,745.86,715.4,729.74,3018774
2021-08-18 00:00:00+05:30,733.39,735.07,722.79,731.14,1924779
2021-08-20 00:00:00+05:30,720.39,726.91,692.67,698.57,4438774
2021-08-23 00:00:00+05:30,702.17,707.49,685.38,689.65,2682718
2021-08-24 00:00:00+05:30,692.48,702.93,687.78,701.25,1847244
2021-08-25 00:00:00+05:30,701.25,707.87,692.05,696.51,1976095
2021-08-26 00:00:00+05:30,695.45,700.06,687.78,690.32,1603938
2021-08-27 00:00:00+05:30,695.4,713.1,693.1,699.53,4474857
2021-08-30 00:00:00+05:30,703.08,714.2,700.25,710.27,2458347
2021-08-31 00:00:00+05:30,712.72,716.89,705.48,711.04,3205434
2021-09-01 00:00:00+05:30,714.78,721.83,709.65,718.14,2138465
2021-09-02 00:00:00+05:30,721.35,727.01,715.6,722.65,3158444
2021-09-03 00:00:00+05:30,725.52,729.02,716.65,722.12,1751204
2021-09-06 00:00:00+05:30,724.23,728.07,718.9,724.95,1488171
2021-09-07 00:00:00+05:30,726.15,728.98,715.6,721.4,1436107
2021-09-08 00:00:00+05:30,722.79,741.02,716.94,730.94,4253224
2021-09-09 00:00:00+05:30,730.61,730.94,723.37,727.01,1224720
2021-09-13 00:00:00+05:30,723.27,736.41,721.02,725.19,2839953
2021-09-14 00:00:00+05:30,729.89,733.68,720.39,721.83,2015102
2021-09-15 00:00:00+05:30,725.96,732.48,721.93,731.04,1432654
2021-09-16 00:00:00+05:30,731.9,738.38,722.41,723.27,2152842
2021-09-17 00:00:00+05:30,728.07,728.07,706.1,712.09,3491048
2021-09-20 00:00:00+05:30,707.92,707.92,672.43,676.84,3213100
2021-09-21 00:00:00+05:30,676.84,698.23,671.47,692.43,4401772
2021-09-22 00:00:00+05:30,691.61,696.55,684.66,695.36,1995034
2021-09-23 00:00:00+05:30,695.55,702.17,693.58,697.23,1394394
2021-09-24 00:00:00+05:30,698.33,702.07,684.47,689.36,1431004
2021-09-27 00:00:00+05:30,693.48,706.96,687.06,696.27,2722762
2021-09-28 00:00:00+05:30,698.33,703.03,681.3,687.59,2687310
2021-09-29 00:00:00+05:30,682.89,693.44,680.1,687.92,2252417
2021-09-30 00:00:00+05:30,687.92,690.56,677.37,678.86,2593465
2021-10-01 00:00:00+05:30,678.19,684.95,669.79,683.6,2030389
2021-10-04 00:00:00+05:30,684.04,690.56,665.71,674.3,8502347
2021-10-05 00:00:00+05:30,676.27,690.27,672.0,685.52,3940805
2021-10-06 00:00:00+05:30,686.82,714.11,686.34,697.66,8104108
2021-10-07 00:00:00+05:30,705.33,706.0,693.53,697.85,2327992
2021-10-08 00:00:00+05:30,698.38,716.99,696.65,707.92,3316329
2021-10-11 00:00:00+05:30,709.84,723.65,709.84,712.19,3152006
2021-10-12 00:00:00+05:30,712.19,719.34,707.97,713.96,1915465
2021-10-13 00:00:00+05:30,713.96,723.51,711.42,716.99,1640180
2021-10-14 00:00:00+05:30,722.31,728.07,714.88,717.37,2235404
2021-10-18 00:00:00+05:30,718.67,730.94,714.83,720.49,2731621
2021-10-19 00:00:00+05:30,724.23,728.93,698.9,703.8,1562102
2021-10-20 00:00:00+05:30,703.8,704.95,682.26,686.72,1634999
2021-10-21 00:00:00+05:30,693.58,693.92,677.51,688.21,1694682
2021-10-22 00:00:00+05:30,685.14,693.05,670.75,675.64,1434282
2021-10-25 00:00:00+05:30,675.31,679.14,658.28,666.96,1820764
2021-10-26 00:00:00+05:30,666.67,687.25,665.33,684.18,1537888
2021-10-27 00:00:00+05:30,685.38,717.51,682.98,711.28,4876359
2021-10-28 00:00:00+05:30,712.72,717.71,696.27,700.15,2998040
2021-10-29 00:00:00+05:30,705.91,715.6,687.35,710.03,3594539
2021-11-01 00:00:00+05:30,714.64,714.64,671.47,690.7,6205748
2021-11-02 00:00:00+05:30,691.42,696.79,682.02,690.94,1930110
2021-11-03 00:00:00+05:30,690.94,725.67,690.94,707.01,6859737
2021-11-04 00:00:00+05:30,714.64,714.64,701.3,707.63,406666
2021-11-08 00:00:00+05:30,709.84,713.68,701.21,712.38,1279874
2021-11-09 00:00:00+05:30,714.35,722.69,712.38,715.93,1691511
2021-11-10 00:00:00+05:30,715.84,742.45,710.9,739.86,6703911
2021-11-11 00:00:00+05:30,742.45,746.24,729.5,733.53,3463579
2021-11-12 00:00:00+05:30,738.62,743.13,733.87,738.19,1676805
2021-11-15 00:00:00+05:30,739.58,759.15,738.95,752.09,5283756
2021-11-16 00:00:00+05:30,753.97,761.64,745.43,748.26,2950307
2021-11-17 00:00:00+05:30,745.33,745.33,722.02,724.8,3125987
2021-11-18 00:00:00+05:30,724.8,730.85,709.84,711.23,2211032
2021-11-22 00:00:00+05:30,712.72,716.65,677.95,687.3,2128009
2021-11-23 00:00:00+05:30,681.06,699.34,676.51,695.69,1847374
2021-11-24 00:00:00+05:30,696.41,706.1,686.96,692.29,1368480
2021-11-25 00:00:00+05:30,695.5,707.78,692.33,697.66,4308979
2021-11-26 00:00:00+05:30,696.41,696.41,672.43,675.12,2587921
2021-11-29 00:00:00+05:30,675.31,681.3,651.57,661.25,3124345
2021-11-30 00:00:00+05:30,660.92,674.11,650.89,653.92,2631328
2021-12-01 00:00:00+05:30,659.48,665.48,653.77,662.36,1413244
2021-12-02 00:00:00+05:30,663.32,671.9,659.24,669.74,1744407
2021-12-03 00:00:00+05:30,671.57,688.5,671.23,683.7,4150449
2021-12-06 00:00:00+05:30,683.65,703.13,676.27,687.35,4745131
2021-12-07 00:00:00+05:30,690.66,700.92,687.78,697.32,1530329
2021-12-08 00:00:00+05:30,697.47,705.67,696.36,698.43,1905641
2021-12-09 00:00:00+05:30,698.43,713.68,697.9,711.95,2497955
2021-12-10 00:00:00+05:30,711.71,717.18,704.9,707.39,1130672
2021-12-13 00:00:00+05:30,709.36,721.26,705.52,710.22,2297590
2021-12-14 00:00:00+05:30,703.7,717.95,703.7,716.6,1627343
2021-12-15 00:00:00+05:30,716.51,724.9,706.24,709.79,3399250
2021-12-16 00:00:00+05:30,709.84,716.94,699.14,703.99,1072053
2021-12-17 00:00:00+05:30,699.29,702.31,684.47,686.43,2930070
2021-12-20 00:00:00+05:30,674.83,686.43,665.04,679.43,2438052
2021-12-21 00:00:00+05:30,687.44,707.54,683.6,703.75,1730957
2021-12-22 00:00:00+05:30,705.04,726.15,705.04,723.56,3777890
2021-12-23 00:00:00+05:30,728.07,728.07,718.14,723.99,1605423
2021-12-24 00:00:00+05:30,728.07,728.07,708.98,716.41,1330975
2021-12-27 00:00:00+05:30,716.22,729.02,710.08,725.76,1371128
2021-12-28 00:00:00+05:30,732.77,733.82,726.34,730.7,2038360
2021-12-29 00:00:00+05:30,728.07,736.41,723.84,727.44,1243519
2021-12-30 00:00:00+05:30,724.23,729.36,714.54,716.22,1757868
2021-12-31 00:00:00+05:30,717.51,726.24,715.16,716.65,1179429
2022-01-03 00:00:00+05:30,722.31,735.64,719.43,733.05,1206567
2022-01-04 00:00:00+05:30,737.8,737.8,724.71,730.7,1300395
2022-01-05 00:00:00+05:30,728.07,738.47,726.53,733.34,1205746
2022-01-06 00:00:00+05:30,734.78,754.92,728.5,750.85,5667871
2022-01-07 00:00:00+05:30,750.13,758.47,744.9,756.8,2139762
2022-01-10 00:00:00+05:30,759.82,791.38,759.43,788.11,7739716
2022-01-11 00:00:00+05:30,788.31,794.25,782.74,786.15,2089865
2022-01-12 00:00:00+05:30,787.63,791.47,779.29,788.88,2337924
2022-01-13 00:00:00+05:30,789.55,810.46,789.55,806.72,4598102
2022-01-14 00:00:00+05:30,801.93,801.98,784.66,791.04,3847353
2022-01-17 00:00:00+05:30,791.81,796.84,782.45,791.14,2678325
2022-01-18 00:00:00+05:30,788.07,791.38,763.41,766.53,2940261
2022-01-19 00:00:00+05:30,765.48,781.78,757.03,780.1,2287168
2022-01-20 00:00:00+05:30,786.58,789.46,771.23,775.5,2033667
2022-01-21 00:00:00+05:30,768.35,772.05,748.31,754.83,1511364
2022-01-24 00:00:00+05:30,745.04,753.97,724.71,731.52,1734262
2022-01-25 00:00:00+05:30,723.75,762.74,715.69,758.91,3107826
2022-01-27 00:00:00+05:30,762.45,762.45,733.82,740.49,2539930
2022-01-28 00:00:00+05:30,746.29,773.63,745.86,758.04,4178084
2022-01-31 00:00:00+05:30,770.99,779.58,743.41,744.85,5357131
2022-02-01 00:00:00+05:30,753.01,763.17,735.64,753.01,3850770
2022-02-02 00:00:00+05:30,754.54,767.01,750.13,753.92,1847074
2022-02-03 00:00:00+05:30,756.8,758.76,739.58,741.97,1556854
2022-02-04 00:00:00+05:30,742.07,745.14,733.82,735.93,1034203
2022-02-07 00:00:00+05:30,733.05,743.32,719.67,725.76,1309319
2022-02-08 00:00:00+05:30,726.15,732.81,713.77,727.73,2151209
2022-02-09 00:00:00+05:30,733.34,740.97,729.02,739.1,1399835
2022-02-10 00:00:00+05:30,743.41,747.2,736.65,738.71,2670475
2022-02-11 00:00:00+05:30,734.64,735.69,719.43,722.5,1690702
2022-02-14 00:00:00+05:30,713.96,718.52,686.82,692.29,2033106
2022-02-15 00:00:00+05:30,695.55,716.51,686.96,714.35,1529705
2022-02-16 00:00:00+05:30,719.43,719.43,702.45,705.81,1457913
2022-02-17 00:00:00+05:30,706.96,712.43,696.17,697.42,1224021
2022-02-18 00:00:00+05:30,698.33,706.19,689.7,695.4,2057791
2022-02-21 00:00:00+05:30,695.36,695.36,673.24,675.45,2686967
2022-02-22 00:00:00+05:30,660.92,667.35,648.69,665.09,2961764
2022-02-23 00:00:00+05:30,671.52,674.01,656.94,659.96,2828326
2022-02-24 00:00:00+05:30,645.57,647.25,596.65,606.53,5685368
2022-02-25 00:00:00+05:30,629.46,636.79,618.38,628.02,4056244
2022-02-28 00:00:00+05:30,624.47,641.69,617.85,638.33,3190968
2022-03-02 00:00:00+05:30,636.6,668.59,632.62,661.45,8860850
2022-03-03 00:00:00+05:30,679.05,695.07,660.87,684.66,10087578
2022-03-04 00:00:00+05:30,682.98,705.91,676.07,684.66,10622430
2022-03-07 00:00:00+05:30,681.11,705.04,657.8,702.07,7265701
2022-03-09 00:00:00+05:30,702.65,704.85,683.65,695.64,3011540
2022-03-10 00:00:00+05:30,701.73,712.14,690.66,694.68,4397353
2022-03-11 00:00:00+05:30,694.35,699.29,687.01,695.88,2668106
2022-03-14 00:00:00+05:30,698.33,703.65,690.75,700.97,2966221
2022-03-15 00:00:00+05:30,700.25,715.6,698.86,710.8,4223605
2022-03-16 00:00:00+05:30,719.38,725.81,713.58,721.78,3001939
2022-03-17 00:00:00+05:30,728.07,733.34,723.8,730.56,2395114
2022-03-21 00:00:00+05:30,738.62,746.05,729.02,744.28,3358539
2022-03-22 00:00:00+05:30,743.41,754.92,739.62,749.12,2906673
2022-03-23 00:00:00+05:30,748.69,763.94,748.21,761.59,2465572
2022-03-24 00:00:00+05:30,762.6,769.17,756.89,766.53,2207648
2022-03-25 00:00:00+05:30,774.11,781.3,759.34,766.0,4964894
2022-03-28 00:00:00+05:30,762.65,765.43,746.29,748.93,2301568
2022-03-29 00:00:00+05:30,749.65,758.19,747.3,750.13,1705625
2022-03-30 00:00:00+05:30,750.13,753.49,742.45,744.52,1160902
2022-03-31 00:00:00+05:30,746.82,747.2,733.82,738.23,1954257
2022-04-01 00:00:00+05:30,739.1,751.57,739.1,749.7,1530326
2022-04-04 00:00:00+05:30,749.6,757.8,747.3,752.38,1159032
2022-04-05 00:00:00+05:30,759.67,768.02,758.09,761.21,2425605
2022-04-06 00:00:00+05:30,763.75,778.71,759.82,772.48,3003058
2022-04-07 00:00:00+05:30,764.52,776.03,758.23,770.61,2321703
2022-04-08 00:00:00+05:30,773.15,786.1,772.81,776.75,3425311
2022-04-11 00:00:00+05:30,777.95,790.42,777.13,786.44,3301868
2022-04-12 00:00:00+05:30,784.33,784.33,767.87,772.81,3256607
2022-04-13 00:00:00+05:30,772.81,802.36,772.19,785.28,5185558
2022-04-18 00:00:00+05:30,780.49,784.37,760.01,772.33,3166951
2022-04-19 00:00:00+05:30,774.11,790.32,767.39,772.09,3030579
2022-04-20 00:00:00+05:30,776.51,793.2,774.16,791.62,3172116
2022-04-21 00:00:00+05:30,797.13,799.67,787.54,795.36,2806366
2022-04-22 00:00:00+05:30,795.12,795.12,778.23,783.27,3280982
2022-04-25 00:00:00+05:30,772.19,775.98,759.24,770.32,2137204
2022-04-26 00:00:00+05:30,780.82,785.91,774.21,779.24,2108409
2022-04-27 00:00:00+05:30,776.89,777.13,761.83,765.86,1696730
2022-04-28 00:00:00+05:30,781.06,793.29,771.47,790.7,4802354
2022-04-29 00:00:00+05:30,798.09,800.01,783.08,789.36,3374407
2022-05-02 00:00:00+05:30,782.31,803.56,779.58,796.41,4019650
2022-05-04 00:00:00+05:30,797.04,813.44,783.65,790.61,5095855
2022-05-05 00:00:00+05:30,796.56,807.11,785.72,789.7,2742263
2022-05-06 00:00:00+05:30,781.78,781.78,747.68,754.78,3394692
2022-05-09 00:00:00+05:30,740.54,773.77,737.23,745.91,7089187
2022-05-10 00:00:00+05:30,759.72,768.02,746.82,757.61,4199080
2022-05-11 00:00:00+05:30,768.35,779.58,750.9,759.86,3809845
2022-05-12 00:00:00+05:30,750.13,757.08,722.31,733.77,3125802
2022-05-13 00:00:00+05:30,742.45,762.6,740.63,749.7,3192824
2022-05-16 00:00:00+05:30,752.72,773.63,743.46,769.55,3406748
2022-05-17 00:00:00+05:30,775.07,786.29,766.15,784.04,1922903
2022-05-18 00:00:00+05:30,783.7,793.29,776.27,787.63,1868523
2022-05-19 00:00:00+05:30,774.88,783.08,770.27,780.82,1877964
2022-05-20 00:00:00+05:30,784.66,794.25,770.75,775.31,2330508
2022-05-23 00:00:00+05:30,776.99,782.12,756.6,759.0,3483452
2022-05-24 00:00:00+05:30,756.84,766.24,751.71,760.25,1767487
2022-05-25 00:00:00+05:30,762.12,765.48,727.49,732.86,1547217
2022-05-26 00:00:00+05:30,732.86,734.78,703.17,716.99,2686594
2022-05-27 00:00:00+05:30,723.27,731.61,716.22,725.76,1594976
2022-05-30 00:00:00+05:30,729.36,755.69,729.36,750.66,1809759
2022-05-31 00:00:00+05:30,750.61,758.95,743.41,747.83,2065499
2022-06-01 00:00:00+05:30,741.11,752.43,741.11,747.97,1184440
2022-06-02 00:00:00+05:30,743.41,755.36,737.66,743.75,1733096
2022-06-03 00:00:00+05:30,750.99,750.99,735.31,738.28,1225638
2022-06-06 00:00:00+05:30,740.49,749.17,733.39,747.25,929697
2022-06-07 00:00:00+05:30,746.77,748.02,711.85,715.79,2162266
2022-06-08 00:00:00+05:30,715.6,718.19,700.25,705.19,2202197
2022-06-09 00:00:00+05:30,704.28,720.39,697.08,716.84,2410779
2022-06-10 00:00:00+05:30,707.92,709.79,702.69,704.47,1150851
2022-06-13 00:00:00+05:30,696.41,702.55,690.22,696.79,1581752
2022-06-14 00:00:00+05:30,692.48,702.12,683.22,686.53,1658350
2022-06-15 00:00:00+05:30,692.09,694.11,678.23,683.13,1155464
2022-06-16 00:00:00+05:30,692.67,695.93,651.71,655.79,1807534
2022-06-17 00:00:00+05:30,655.55,659.67,632.38,638.04,2718288
2022-06-20 00:00:00+05:30,640.77,644.56,604.85,614.35,2630533
2022-06-21 00:00:00+05:30,616.07,630.17,616.07,627.54,1372797
2022-06-22 00:00:00+05:30,623.7,625.38,586.1,588.64,4358117
2022-06-23 00:00:00+05:30,588.02,609.74,582.74,607.39,4021427
2022-06-24 00:00:00+05:30,607.2,618.95,605.33,614.73,1982469
2022-06-27 00:00:00+05:30,621.59,639.34,617.85,630.32,2546380
2022-06-28 00:00:00+05:30,624.56,638.38,621.25,629.26,2806415
2022-06-29 00:00:00+05:30,625.47,627.3,615.4,618.14,2472691
2022-06-30 00:00:00+05:30,618.71,619.43,604.47,606.63,3953391
2022-07-01 00:00:00+05:30,604.32,619.67,596.6,617.27,3727467
2022-07-04 00:00:00+05:30,617.18,630.99,610.13,627.82,3130353
2022-07-05 00:00:00+05:30,632.14,644.28,627.92,629.65,2836918
2022-07-06 00:00:00+05:30,629.17,637.08,626.0,635.5,1745726
2022-07-07 00:00:00+05:30,639.82,656.75,637.37,654.92,3461260
2022-07-08 00:00:00+05:30,657.08,664.08,653.48,662.12,3152499
2022-07-11 00:00:00+05:30,660.39,666.67,655.4,662.65,1899707
2022-07-12 00:00:00+05:30,659.0,663.27,648.69,652.48,1129162
2022-07-13 00:00:00+05:30,655.79,658.28,649.41,651.81,1201696
2022-07-14 00:00:00+05:30,652.57,657.08,639.43,642.84,1522739
2022-07-15 00:00:00+05:30,645.04,648.88,636.03,642.07,1192106
2022-07-18 00:00:00+05:30,649.36,659.72,647.49,657.13,1947922
2022-07-19 00:00:00+05:30,652.24,659.72,649.6,656.46,1990423
2022-07-20 00:00:00+05:30,664.76,669.07,657.23,658.28,1693927
2022-07-21 00:00:00+05:30,659.86,678.14,657.56,676.27,2863992
2022-07-22 00:00:00+05:30,681.97,700.87,680.1,695.45,6028847
2022-07-25 00:00:00+05:30,695.55,707.63,694.4,704.04,2271923
2022-07-26 00:00:00+05:30,704.04,709.36,694.54,696.75,1564778
2022-07-27 00:00:00+05:30,685.86,693.53,679.14,692.19,1524499
2022-07-28 00:00:00+05:30,696.31,701.02,690.08,698.04,1392020
2022-07-29 00:00:00+05:30,706.96,714.64,702.17,710.9,1582584
2022-08-01 00:00:00+05:30,722.31,748.59,713.72,736.08,8127290
2022-08-02 00:00:00+05:30,734.97,734.97,700.25,709.46,5848990
2022-08-03 00:00:00+05:30,709.74,714.06,695.45,701.54,3188136
2022-08-04 00:00:00+05:30,708.31,710.75,692.0,701.93,1856775
2022-08-05 00:00:00+05:30,705.04,719.43,701.21,713.15,1906169
2022-08-08 00:00:00+05:30,713.1,720.92,706.53,718.62,1657315
2022-08-10 00:00:00+05:30,726.15,736.12,721.35,734.11,3386457
2022-08-11 00:00:00+05:30,737.99,742.65,729.36,736.22,2159147
2022-08-12 00:00:00+05:30,736.7,757.8,736.7,756.75,3903382
2022-08-16 00:00:00+05:30,757.8,771.47,754.06,756.41,2365871
2022-08-17 00:00:00+05:30,754.92,761.35,751.9,758.28,1024185
2022-08-18 00:00:00+05:30,756.84,759.24,741.5,742.41,2334113
2022-08-19 00:00:00+05:30,742.41,747.78,732.86,736.94,1765149
2022-08-22 00:00:00+05:30,729.26,731.85,712.86,714.35,1823806
2022-08-23 00:00:00+05:30,706.96,730.94,706.96,728.59,1661579
2022-08-24 00:00:00+05:30,729.22,732.57,722.31,728.79,1297907
2022-08-25 00:00:00+05:30,731.42,746.29,727.39,731.57,2623217
2022-08-26 00:00:00+05:30,735.26,747.25,727.25,729.02,3798292
2022-08-29 00:00:00+05:30,719.43,725.24,709.26,719.86,1465905
2022-08-30 00:00:00+05:30,723.51,738.71,721.02,737.9,3559299
2022-09-01 00:00:00+05:30,732.91,735.4,720.68,725.62,2544288
2022-09-02 00:00:00+05:30,729.26,731.04,713.96,715.4,2187991
2022-09-05 00:00:00+05:30,711.14,723.03,709.84,716.41,2046800
2022-09-06 00:00:00+05:30,719.14,721.3,705.91,708.02,1874916
2022-09-07 00:00:00+05:30,706.05,712.72,704.08,710.9,1953626
2022-09-08 00:00:00+05:30,714.49,717.18,704.08,707.44,2077930
2022-09-09 00:00:00+05:30,711.76,726.0,709.94,711.76,2772269
2022-09-12 00:00:00+05:30,715.31,727.97,713.72,725.52,2318688
2022-09-13 00:00:00+05:30,728.07,736.7,722.65,724.9,2648420
2022-09-14 00:00:00+05:30,717.51,729.17,713.49,717.8,2130939
2022-09-15 00:00:00+05:30,719.43,725.57,710.8,712.33,1511059
2022-09-16 00:00:00+05:30,715.93,722.55,670.51,674.73,6824619
2022-09-19 00:00:00+05:30,678.14,689.26,667.68,683.22,2282050
2022-09-20 00:00:00+05:30,686.67,694.11,685.09,690.56,1399116
2022-09-21 00:00:00+05:30,687.78,694.92,676.27,688.26,2166089
2022-09-22 00:00:00+05:30,680.2,696.99,680.2,691.95,2297235
2022-09-23 00:00:00+05:30,694.49,697.66,671.47,674.2,2325552
2022-09-26 00:00:00+05:30,669.55,673.34,643.08,652.19,2273911
2022-09-27 00:00:00+05:30,655.45,659.82,645.09,650.08,1250599
2022-09-28 00:00:00+05:30,649.12,649.89,633.63,636.65,1684040
2022-09-29 00:00:00+05:30,639.86,647.92,627.35,630.03,2210024
2022-09-30 00:00:00+05:30,630.03,647.35,627.73,644.66,1819657
2022-10-03 00:00:00+05:30,643.84,654.01,636.94,637.99,1892890
2022-10-04 00:00:00+05:30,650.37,663.51,646.53,661.83,2473013
2022-10-06 00:00:00+05:30,662.84,666.53,655.64,658.04,1259712
2022-10-07 00:00:00+05:30,657.08,671.37,656.07,662.31,2467114
2022-10-10 00:00:00+05:30,652.29,658.81,649.89,655.16,1052285
2022-10-11 00:00:00+05:30,658.47,658.47,633.29,637.08,1310689
2022-10-12 00:00:00+05:30,637.9,648.02,633.77,646.15,1221207
2022-10-13 00:00:00+05:30,647.49,648.93,635.11,636.84,776664
2022-10-14 00:00:00+05:30,646.53,659.58,644.61,650.65,2198444
2022-10-17 00:00:00+05:30,651.9,656.12,644.42,650.41,1417907
2022-10-18 00:00:00+05:30,653.68,660.97,652.29,654.25,1291159
2022-10-19 00:00:00+05:30,657.08,661.01,648.06,649.22,978632
2022-10-20 00:00:00+05:30,647.49,686.63,639.72,684.42,7515813
2022-10-21 00:00:00+05:30,683.65,694.49,668.4,671.66,5235398
2022-10-24 00:00:00+05:30,682.02,685.57,674.2,679.24,568236
2022-10-25 00:00:00+05:30,681.01,681.01,662.98,666.15,3012260
2022-10-27 00:00:00+05:30,672.81,680.1,667.44,677.66,2656567
2022-10-28 00:00:00+05:30,678.19,686.72,674.78,684.8,1912488
2022-10-31 00:00:00+05:30,688.26,702.17,682.02,700.44,2849367
2022-11-01 00:00:00+05:30,707.73,709.31,682.26,687.78,5274351
2022-11-02 00:00:00+05:30,691.23,698.62,684.71,688.31,2031919
2022-11-03 00:00:00+05:30,687.68,698.04,682.12,696.6,1736641
2022-11-04 00:00:00+05:30,700.25,709.79,695.45,708.74,3459138
2022-11-07 00:00:00+05:30,712.29,719.38,708.93,717.95,3233878
2022-11-09 00:00:00+05:30,725.0,728.5,716.84,722.89,3804024
2022-11-10 00:00:00+05:30,724.18,727.68,717.56,725.28,5139137
2022-11-11 00:00:00+05:30,729.02,738.52,728.11,736.6,3208376
2022-11-14 00:00:00+05:30,740.3,753.01,737.32,742.5,3682163
2022-11-15 00:00:00+05:30,742.5,748.21,733.34,738.86,1719089
2022-11-16 00:00:00+05:30,739.05,739.86,731.18,736.22,1467579
2022-11-17 00:00:00+05:30,736.22,744.37,730.08,740.01,1924862
2022-11-18 00:00:00+05:30,744.37,744.37,729.26,734.73,2571103
2022-11-21 00:00:00+05:30,733.82,733.82,724.52,728.64,853146
2022-11-22 00:00:00+05:30,729.02,738.62,726.2,737.42,1343063
2022-11-23 00:00:00+05:30,741.45,744.42,735.02,737.18,945781
2022-11-24 00:00:00+05:30,740.87,748.16,736.51,742.6,1525707
2022-11-25 00:00:00+05:30,746.34,749.12,739.19,745.48,903654
2022-11-28 00:00:00+05:30,745.33,752.96,743.85,747.87,983183
2022-11-29 00:00:00+05:30,750.13,752.81,740.82,743.27,1320167
2022-11-30 00:00:00+05:30,746.2,761.21,742.79,757.51,3379493
2022-12-01 00:00:00+05:30,748.21,756.51,744.8,747.11,1581849
2022-12-02 00:00:00+05:30,748.31,753.01,736.7,751.76,2436831
2022-12-05 00:00:00+05:30,755.4,774.11,752.53,770.08,4289446
2022-12-06 00:00:00+05:30,769.22,770.08,750.42,755.79,1642853
2022-12-07 00:00:00+05:30,755.88,760.01,744.52,746.44,1012166
2022-12-08 00:00:00+05:30,750.18,750.99,741.78,746.15,1563817
2022-12-09 00:00:00+05:30,747.68,750.08,726.2,732.57,1705545
2022-12-12 00:00:00+05:30,730.94,743.41,725.76,741.54,1172055
2022-12-13 00:00:00+05:30,744.37,744.37,731.95,736.12,1585628
2022-12-14 00:00:00+05:30,737.18,750.13,731.52,749.07,1543519
2022-12-15 00:00:00+05:30,750.13,756.36,734.3,739.34,1764276
2022-12-16 00:00:00+05:30,734.97,742.6,728.11,739.05,2675423
2022-12-19 00:00:00+05:30,739.53,742.36,732.14,738.76,922309
2022-12-20 00:00:00+05:30,737.66,740.1,718.47,724.08,1666037
2022-12-21 00:00:00+05:30,730.42,736.22,721.16,724.13,2314392
2022-12-22 00:00:00+05:30,726.39,730.42,697.8,699.62,2506791
2022-12-23 00:00:00+05:30,692.67,697.85,679.1,682.21,1225780
2022-12-26 00:00:00+05:30,683.41,695.79,678.66,688.98,995658
2022-12-27 00:00:00+05:30,695.4,695.4,681.06,687.15,1764997
2022-12-28 00:00:00+05:30,686.82,702.07,684.9,694.06,3153885
2022-12-29 00:00:00+05:30,695.16,700.1,687.78,693.1,1979448
2022-12-30 00:00:00+05:30,696.6,702.17,684.32,686.96,1446524
2023-01-02 00:00:00+05:30,689.31,694.49,682.93,692.57,1312732
2023-01-03 00:00:00+05:30,693.05,697.61,687.97,690.03,1331374
2023-01-04 00:00:00+05:30,691.81,692.67,682.98,686.48,1412298
2023-01-05 00:00:00+05:30,689.94,695.16,684.32,690.94,1467289
2023-01-06 00:00:00+05:30,692.0,699.62,686.19,688.88,1260913
2023-01-09 00:00:00+05:30,694.49,706.15,693.15,704.28,1415810
2023-01-10 00:00:00+05:30,705.86,705.86,690.66,695.12,1547407
2023-01-11 00:00:00+05:30,696.41,698.04,686.24,688.54,1459854
2023-01-12 00:00:00+05:30,692.0,693.44,685.24,688.54,1326931
2023-01-13 00:00:00+05:30,691.61,694.11,685.28,689.5,1366272
2023-01-16 00:00:00+05:30,692.05,693.53,681.54,684.95,1125439
2023-01-17 00:00:00+05:30,685.86,693.53,684.52,689.89,1407028
2023-01-18 00:00:00+05:30,691.85,704.08,691.66,702.5,1491657
2023-01-19 00:00:00+05:30,702.17,718.33,700.25,717.08,3704381
2023-01-20 00:00:00+05:30,717.13,717.9,705.24,707.73,1021114
2023-01-23 00:00:00+05:30,712.67,722.74,708.11,718.9,2634204
2023-01-24 00:00:00+05:30,719.43,722.89,712.72,715.55,1180384
2023-01-25 00:00:00+05:30,713.68,716.31,705.28,707.87,1945271
2023-01-27 00:00:00+05:30,711.42,725.86,705.24,714.35,5112172
2023-01-30 00:00:00+05:30,718.23,719.96,707.54,714.78,1239614
2023-01-31 00:00:00+05:30,717.51,735.45,717.51,726.34,3783524
2023-02-01 00:00:00+05:30,733.92,740.15,700.25,711.9,3776975
2023-02-02 00:00:00+05:30,710.8,714.59,656.36,668.02,8025324
2023-02-03 00:00:00+05:30,672.53,688.74,669.07,686.53,2712408
2023-02-06 00:00:00+05:30,685.86,687.49,672.77,685.43,1425022
2023-02-07 00:00:00+05:30,686.24,687.73,672.57,680.34,1638048
2023-02-08 00:00:00+05:30,682.02,694.3,681.06,693.2,1095530
2023-02-09 00:00:00+05:30,691.66,693.29,684.95,687.87,1144225
2023-02-10 00:00:00+05:30,687.87,699.62,687.35,697.27,1336727
2023-02-13 00:00:00+05:30,700.25,706.39,695.45,703.89,1319140
2023-02-14 00:00:00+05:30,706.48,735.69,705.62,730.56,7638209
2023-02-15 00:00:00+05:30,729.94,739.0,728.26,737.99,2904740
2023-02-16 00:00:00+05:30,738.62,742.17,735.74,738.95,1642094
2023-02-17 00:00:00+05:30,731.9,748.21,731.9,738.76,2475833
2023-02-20 00:00:00+05:30,730.94,738.38,724.23,727.06,1198610
2023-02-21 00:00:00+05:30,730.7,732.96,713.96,716.7,2047467
2023-02-22 00:00:00+05:30,714.68,718.76,706.53,711.28,2033187
2023-02-23 00:00:00+05:30,711.76,725.81,709.84,714.78,3061025
2023-02-24 00:00:00+05:30,718.33,724.04,706.0,708.21,2189532
2023-02-27 00:00:00+05:30,706.0,707.92,675.31,679.43,2348257
2023-02-28 00:00:00+05:30,679.14,681.64,665.0,665.91,2789744
2023-03-01 00:00:00+05:30,670.7,685.33,666.24,684.23,1913210
2023-03-02 00:00:00+05:30,684.56,686.82,675.4,677.13,1036121
2023-03-03 00:00:00+05:30,680.1,685.72,676.12,681.06,1203141
2023-03-06 00:00:00+05:30,684.47,689.22,680.1,683.56,1111933
2023-03-08 00:00:00+05:30,673.44,688.4,673.44,687.49,1049758
2023-03-09 00:00:00+05:30,687.49,693.72,681.97,683.08,1263966
2023-03-10 00:00:00+05:30,681.06,685.76,676.31,682.65,1401341
2023-03-13 00:00:00+05:30,682.98,689.6,673.63,675.98,1223224
2023-03-14 00:00:00+05:30,679.38,680.1,659.58,669.22,1762113
2023-03-15 00:00:00+05:30,677.03,685.76,671.61,673.82,1301646
2023-03-16 00:00:00+05:30,677.08,677.08,663.84,668.02,744260
2023-03-17 00:00:00+05:30,676.75,688.59,668.4,686.48,2677512
2023-03-20 00:00:00+05:30,684.9,685.57,671.71,679.24,952078
2023-03-21 00:00:00+05:30,679.77,690.66,675.93,679.29,874623
2023-03-22 00:00:00+05:30,681.06,687.97,681.06,686.96,593399
2023-03-23 00:00:00+05:30,688.5,688.93,679.24,680.77,953652
2023-03-24 00:00:00+05:30,684.71,684.71,665.91,668.5,1024198
2023-03-27 00:00:00+05:30,669.98,679.14,664.95,672.09,1413405
2023-03-28 00:00:00+05:30,675.45,686.34,673.77,685.52,2730192
2023-03-29 00:00:00+05:30,685.48,688.74,669.94,678.57,2992637
2023-03-31 00:00:00+05:30,676.27,693.01,676.27,688.02,1441608
2023-04-03 00:00:00+05:30,689.22,701.45,688.54,699.91,1844052
2023-04-05 00:00:00+05:30,699.91,706.19,696.31,702.45,1563933
2023-04-06 00:00:00+05:30,704.08,704.08,693.53,696.55,1450658
2023-04-10 00:00:00+05:30,700.2,708.88,697.66,707.68,920615
2023-04-11 00:00:00+05:30,711.76,713.68,707.63,712.29,762295
2023-04-12 00:00:00+05:30,715.6,717.23,706.0,709.74,1404888
2023-04-13 00:00:00+05:30,709.74,713.77,704.08,706.96,1036249
2023-04-17 00:00:00+05:30,712.67,714.16,702.17,707.06,1087134
2023-04-18 00:00:00+05:30,707.11,712.81,705.28,708.55,1334867
2023-04-19 00:00:00+05:30,711.66,711.66,701.69,705.96,1055654
2023-04-20 00:00:00+05:30,708.31,708.88,700.87,702.21,1130282
2023-04-21 00:00:00+05:30,702.65,713.58,701.21,704.76,1906867
2023-04-24 00:00:00+05:30,705.04,709.07,693.77,700.1,1094390
2023-04-25 00:00:00+05:30,690.56,691.81,676.55,685.52,3552460
2023-04-26 00:00:00+05:30,685.57,687.59,678.66,686.19,3775533
2023-04-27 00:00:00+05:30,687.11,700.97,687.11,697.56,2575478
2023-04-28 00:00:00+05:30,703.13,711.66,701.02,710.13,2475447
2023-05-02 00:00:00+05:30,713.96,728.98,713.25,721.83,2319921
2023-05-03 00:00:00+05:30,720.87,725.0,708.45,709.65,1075294
2023-05-04 00:00:00+05:30,710.08,712.48,698.47,701.69,1726301
2023-05-05 00:00:00+05:30,705.14,705.14,680.73,685.72,4097395
2023-05-08 00:00:00+05:30,689.41,695.45,671.9,686.24,6464773
2023-05-09 00:00:00+05:30,681.06,681.06,664.42,666.1,8371278
2023-05-10 00:00:00+05:30,667.44,667.44,649.7,652.0,6049413
2023-05-11 00:00:00+05:30,654.4,659.43,652.62,655.07,2323485
2023-05-12 00:00:00+05:30,657.13,657.85,645.57,650.56,1882337
2023-05-15 00:00:00+05:30,651.71,653.2,647.49,648.4,2536185
2023-05-16 00:00:00+05:30,649.41,650.22,643.65,645.43,1945594
2023-05-17 00:00:00+05:30,645.81,655.59,644.76,650.18,2634510
2023-05-18 00:00:00+05:30,651.33,654.01,644.76,645.91,1468401
2023-05-19 00:00:00+05:30,646.53,648.45,630.27,640.77,4828919
2023-05-22 00:00:00+05:30,640.77,644.66,634.97,643.08,2206755
2023-05-23 00:00:00+05:30,643.12,653.96,643.12,652.91,2176376
2023-05-24 00:00:00+05:30,652.91,656.89,646.53,654.44,2002127
2023-05-25 00:00:00+05:30,654.68,657.51,646.67,648.26,2304523
2023-05-26 00:00:00+05:30,648.45,660.87,648.45,660.06,2221959
2023-05-29 00:00:00+05:30,659.48,663.32,658.28,661.88,1164206
2023-05-30 00:00:00+05:30,662.84,665.71,656.22,660.97,938399
2023-05-31 00:00:00+05:30,656.36,662.89,654.2,657.18,3513469
2023-06-01 00:00:00+05:30,657.08,657.18,648.93,650.32,2575038
2023-06-02 00:00:00+05:30,651.33,656.6,651.23,655.5,1218164
2023-06-05 00:00:00+05:30,660.92,663.32,656.75,661.88,1279147
2023-06-06 00:00:00+05:30,662.84,668.54,662.26,665.71,1687189
2023-06-07 00:00:00+05:30,668.59,669.31,664.56,665.67,1195809
2023-06-08 00:00:00+05:30,666.67,670.42,660.97,661.93,1368767
2023-06-09 00:00:00+05:30,663.8,664.18,650.18,652.53,1471488
2023-06-12 00:00:00+05:30,652.53,654.73,646.72,651.28,2102717
2023-06-13 00:00:00+05:30,648.54,656.12,648.54,654.44,2267770
2023-06-14 00:00:00+05:30,654.2,661.35,650.99,654.92,4179109
2023-06-15 00:00:00+05:30,654.92,659.96,649.07,653.05,1970475
2023-06-16 00:00:00+05:30,653.53,667.35,653.34,663.8,3539432
2023-06-19 00:00:00+05:30,666.63,667.44,653.72,657.71,1566547
2023-06-20 00:00:00+05:30,657.08,657.08,651.18,657.08,1599256
2023-06-21 00:00:00+05:30,655.64,659.0,654.25,658.95,1242114
2023-06-22 00:00:00+05:30,658.14,658.14,643.7,647.01,2254101
2023-06-23 00:00:00+05:30,647.25,647.97,638.38,639.82,1959459
2023-06-26 00:00:00+05:30,645.24,653.0,640.58,651.33,2646397
2023-06-27 00:00:00+05:30,651.33,653.24,644.71,646.63,1919461
2023-06-28 00:00:00+05:30,648.3,654.2,646.53,653.77,3117778
2023-06-30 00:00:00+05:30,653.24,660.2,653.24,659.48,1822122
2023-07-03 00:00:00+05:30,660.34,660.82,650.37,652.29,1719374
2023-07-04 00:00:00+05:30,656.99,660.49,648.26,650.18,1764038
2023-07-05 00:00:00+05:30,651.33,651.33,641.97,642.36,2350352
2023-07-06 00:00:00+05:30,643.65,646.53,642.21,645.81,1732606
2023-07-07 00:00:00+05:30,645.43,648.21,634.83,635.5,3040061
2023-07-10 00:00:00+05:30,639.34,639.34,632.48,633.96,1586862
2023-07-11 00:00:00+05:30,628.26,628.26,614.16,618.57,3958725
2023-07-12 00:00:00+05:30,621.45,624.42,616.7,616.79,2450540
2023-07-13 00:00:00+05:30,616.31,619.24,604.32,606.91,4888388
2023-07-14 00:00:00+05:30,606.24,614.01,606.24,613.82,2523089
2023-07-17 00:00:00+05:30,616.79,620.63,611.28,618.14,2716407
2023-07-18 00:00:00+05:30,619.29,619.29,612.57,613.92,3167448
2023-07-19 00:00:00+05:30,616.22,619.1,612.19,613.24,3110674
2023-07-20 00:00:00+05:30,615.83,615.83,611.04,613.68,2438540
2023-07-21 00:00:00+05:30,613.92,613.92,607.92,609.12,2719689
2023-07-24 00:00:00+05:30,611.81,611.81,604.99,606.1,1675855
2023-07-25 00:00:00+05:30,609.12,609.12,598.66,602.36,2487473
2023-07-26 00:00:00+05:30,602.4,609.89,602.4,606.19,1958919
2023-07-27 00:00:00+05:30,608.35,610.27,599.86,603.56,1894183
2023-07-28 00:00:00+05:30,602.4,604.32,597.03,599.53,2044751
2023-07-31 00:00:00+05:30,599.53,605.19,595.69,597.22,5458659
2023-08-01 00:00:00+05:30,595.69,602.69,586.15,600.34,7830197
2023-08-02 00:00:00+05:30,603.17,603.84,588.98,593.29,3094409
2023-08-03 00:00:00+05:30,587.54,587.54,566.05,576.03,6971493
2023-08-04 00:00:00+05:30,579.86,582.55,575.98,579.38,1764185
2023-08-07 00:00:00+05:30,579.86,584.9,579.38,582.31,1645473
2023-08-08 00:00:00+05:30,583.6,583.6,577.61,579.53,2384993
2023-08-09 00:00:00+05:30,579.38,591.76,578.28,590.41,4892352
2023-08-10 00:00:00+05:30,590.85,593.2,581.83,585.95,2648386
2023-08-11 00:00:00+05:30,586.1,586.1,573.68,574.25,1828182
2023-08-14 00:00:00+05:30,575.55,576.03,562.26,565.95,2166728
2023-08-16 00:00:00+05:30,566.24,568.83,559.24,564.99,1545771
2023-08-17 00:00:00+05:30,564.99,567.1,560.2,561.16,1887469
2023-08-18 00:00:00+05:30,560.2,563.51,553.48,553.77,2485832
2023-08-21 00:00:00+05:30,558.28,565.95,556.79,561.16,1958333
2023-08-22 00:00:00+05:30,565.95,565.95,559.24,560.1,1237496
2023-08-23 00:00:00+05:30,561.16,563.99,559.72,561.97,1264938
2023-08-24 00:00:00+05:30,564.99,569.6,561.16,562.5,1738685
2023-08-25 00:00:00+05:30,561.16,564.71,556.36,559.0,1174225
2023-08-28 00:00:00+05:30,559.43,563.6,558.33,561.21,1042110
2023-08-29 00:00:00+05:30,565.47,576.46,565.04,575.02,6571021
2023-08-30 00:00:00+05:30,575.55,582.74,574.3,575.16,3868461
2023-08-31 00:00:00+05:30,577.42,577.42,566.39,567.87,7627125
2023-09-01 00:00:00+05:30,568.83,579.91,566.91,578.42,2571200
2023-09-04 00:00:00+05:30,580.34,584.04,574.83,582.69,4395056
2023-09-05 00:00:00+05:30,583.32,587.3,579.19,583.27,3612748
2023-09-06 00:00:00+05:30,584.18,586.1,579.24,584.51,3019567
2023-09-07 00:00:00+05:30,584.47,590.8,582.31,587.34,3209878
2023-09-08 00:00:00+05:30,589.41,589.84,581.3,582.07,2228477
2023-09-11 00:00:00+05:30,585.14,594.11,583.32,592.76,3883228
2023-09-12 00:00:00+05:30,596.6,596.99,577.8,579.86,3047498
2023-09-13 00:00:00+05:30,580.34,585.91,579.0,583.51,1491225
2023-09-14 00:00:00+05:30,586.05,607.68,585.14,606.0,9574584
2023-09-15 00:00:00+05:30,608.93,609.6,602.07,608.78,3905126
2023-09-18 00:00:00+05:30,608.78,613.0,602.4,604.42,2689167
2023-09-20 00:00:00+05:30,599.58,602.69,595.21,597.13,2579271
2023-09-21 00:00:00+05:30,601.45,609.12,596.75,599.58,4092203
2023-09-22 00:00:00+05:30,601.88,603.84,587.63,589.74,1928962
2023-09-25 00:00:00+05:30,589.74,599.34,588.11,591.81,2401254
2023-09-26 00:00:00+05:30,591.81,597.61,589.93,592.38,1987842
2023-09-27 00:00:00+05:30,592.43,593.34,584.23,590.03,2104556
2023-09-28 00:00:00+05:30,590.03,593.68,577.99,580.34,2249799
2023-09-29 00:00:00+05:30,588.98,596.17,584.42,591.13,2087423
2023-10-03 00:00:00+05:30,590.85,590.85,581.35,582.26,2509584
2023-10-04 00:00:00+05:30,580.34,582.02,573.44,578.47,2004114
2023-10-05 00:00:00+05:30,581.49,584.56,577.32,579.67,1473674
2023-10-06 00:00:00+05:30,582.84,588.02,580.34,587.2,1825364
2023-10-09 00:00:00+05:30,581.83,586.05,573.92,585.09,1946084
2023-10-10 00:00:00+05:30,585.14,600.01,584.32,596.46,3421309
2023-10-11 00:00:00+05:30,600.39,603.94,598.47,602.16,2140450
2023-10-12 00:00:00+05:30,603.51,603.75,594.44,595.31,1715782
2023-10-13 00:00:00+05:30,593.63,599.67,591.28,597.66,1221544
2023-10-16 00:00:00+05:30,596.65,607.2,596.07,605.23,1998686
2023-10-17 00:00:00+05:30,609.02,609.02,598.57,599.43,1524737
2023-10-18 00:00:00+05:30,599.53,602.64,593.1,595.26,1274245
2023-10-19 00:00:00+05:30,589.36,592.52,582.55,588.54,1920842
2023-10-20 00:00:00+05:30,588.02,588.02,577.46,578.86,1224091
2023-10-23 00:00:00+05:30,578.42,583.22,561.25,562.79,2199631
2023-10-25 00:00:00+05:30,562.79,568.59,554.3,556.51,3113749
2023-10-26 00:00:00+05:30,556.51,557.27,537.18,538.18,4185799
2023-10-27 00:00:00+05:30,541.97,543.65,533.63,535.88,2528408
2023-10-30 00:00:00+05:30,537.18,540.25,510.22,516.7,7468566
2023-10-31 00:00:00+05:30,513.15,521.54,506.62,518.47,5431604
2023-11-01 00:00:00+05:30,509.93,518.57,507.97,510.37,3927130
2023-11-02 00:00:00+05:30,513.53,520.44,513.2,518.71,1874319
2023-11-03 00:00:00+05:30,522.74,529.41,521.83,527.87,1885897
2023-11-06 00:00:00+05:30,529.55,532.81,526.05,532.09,1115164
2023-11-07 00:00:00+05:30,531.37,533.39,528.06,529.5,1542204
2023-11-08 00:00:00+05:30,533.24,535.07,530.56,533.05,1241169
2023-11-09 00:00:00+05:30,533.05,535.07,526.43,527.97,1870646
2023-11-10 00:00:00+05:30,527.58,527.97,522.79,524.85,1475054
2023-11-12 00:00:00+05:30,532.38,535.11,527.82,533.1,487019
2023-11-13 00:00:00+05:30,532.38,533.82,527.68,530.17,1510601
2023-11-15 00:00:00+05:30,534.3,541.73,533.68,538.9,1841204
2023-11-16 00:00:00+05:30,538.85,540.63,533.34,537.99,2202106
2023-11-17 00:00:00+05:30,537.51,542.64,535.88,538.85,1863697
2023-11-20 00:00:00+05:30,538.85,540.97,532.19,534.01,1125285
2023-11-21 00:00:00+05:30,533.91,541.01,533.82,540.1,1390308
2023-11-22 00:00:00+05:30,541.88,546.34,540.15,542.84,2761117
2023-11-23 00:00:00+05:30,544.9,548.4,542.02,542.84,1318067
2023-11-24 00:00:00+05:30,542.45,545.19,535.31,536.17,905087
2023-11-28 00:00:00+05:30,536.17,541.83,533.48,540.58,1339483
2023-11-29 00:00:00+05:30,541.97,548.59,540.15,546.82,1855728
2023-11-30 00:00:00+05:30,546.77,549.55,543.12,547.39,4098076
2023-12-01 00:00:00+05:30,547.39,552.48,545.86,551.71,1888022
2023-12-04 00:00:00+05:30,554.92,561.01,553.48,555.31,3154333
2023-12-05 00:00:00+05:30,554.92,560.1,553.34,557.7,1950020
2023-12-06 00:00:00+05:30,559.24,572.0,559.24,564.56,3583990
2023-12-07 00:00:00+05:30,569.79,569.79,561.64,562.64,1902172
2023-12-08 00:00:00+05:30,565.95,571.61,556.6,561.35,2268432
2023-12-11 00:00:00+05:30,561.16,579.1,559.77,577.85,4656967
2023-12-12 00:00:00+05:30,581.3,582.02,571.57,573.34,2439116
2023-12-13 00:00:00+05:30,576.51,578.14,568.64,574.92,2200261
2023-12-14 00:00:00+05:30,578.47,579.38,572.19,574.73,2113118
2023-12-15 00:00:00+05:30,576.94,587.82,576.94,585.95,5151122
2023-12-18 00:00:00+05:30,588.78,589.69,580.34,581.83,1756885
2023-12-19 00:00:00+05:30,582.26,587.06,573.48,574.35,2498589
2023-12-20 00:00:00+05:30,580.34,580.34,545.81,548.83,5743402
2023-12-21 00:00:00+05:30,548.83,556.31,542.64,553.87,3220518
2023-12-22 00:00:00+05:30,557.32,561.88,553.87,557.94,2569677
2023-12-26 00:00:00+05:30,563.94,570.75,561.16,562.21,3590176
2023-12-27 00:00:00+05:30,566.05,568.16,557.42,559.43,2247074
2023-12-28 00:00:00+05:30,562.02,566.91,558.28,565.43,2367159
2023-12-29 00:00:00+05:30,567.87,567.87,561.21,563.32,2318112
2024-01-01 00:00:00+05:30,564.04,575.45,563.27,568.54,2945768
2024-01-02 00:00:00+05:30,568.83,579.19,565.04,570.22,3551383
2024-01-03 00:00:00+05:30,571.09,572.48,561.45,562.93,2538702
2024-01-04 00:00:00+05:30,563.08,565.19,558.9,563.7,3759634
2024-01-05 00:00:00+05:30,565.28,566.86,553.0,557.56,2536661
2024-01-08 00:00:00+05:30,557.32,559.05,537.22,538.04,5572875
2024-01-09 00:00:00+05:30,542.93,544.8,530.7,535.4,3743206
2024-01-10 00:00:00+05:30,538.14,538.85,529.41,535.83,2298161
2024-01-11 00:00:00+05:30,539.05,543.08,537.7,539.33,1689554
2024-01-12 00:00:00+05:30,543.03,545.19,539.48,542.07,1502326
2024-01-15 00:00:00+05:30,544.85,548.35,541.49,544.61,1730177
2024-01-16 00:00:00+05:30,544.85,546.0,537.66,541.49,1724091
2024-01-17 00:00:00+05:30,538.14,539.57,527.2,528.54,4925596
2024-01-18 00:00:00+05:30,527.58,529.5,517.18,522.02,3662113
2024-01-19 00:00:00+05:30,526.62,534.49,520.63,530.85,2518172
2024-01-20 00:00:00+05:30,534.25,534.68,529.12,529.93,845751
2024-01-23 00:00:00+05:30,535.69,535.69,511.8,513.29,2970288
2024-01-24 00:00:00+05:30,517.9,524.71,513.29,523.51,1445088
2024-01-25 00:00:00+05:30,523.51,525.28,514.15,515.4,1796859
2024-01-29 00:00:00+05:30,520.1,520.58,512.62,517.66,2254579
2024-01-30 00:00:00+05:30,519.81,525.19,512.62,513.43,1993544
2024-01-31 00:00:00+05:30,516.94,520.63,512.33,515.79,3722635
2024-02-01 00:00:00+05:30,514.44,517.03,505.04,508.45,3817592
2024-02-02 00:00:00+05:30,512.14,518.61,507.68,511.9,4404505
2024-02-05 00:00:00+05:30,502.64,503.6,450.89,454.68,24078035
2024-02-06 00:00:00+05:30,456.79,466.19,449.21,462.21,6944836
2024-02-07 00:00:00+05:30,464.27,465.23,457.8,458.33,3199717
2024-02-08 00:00:00+05:30,460.44,462.16,444.66,445.9,5436241
2024-02-09 00:00:00+05:30,448.83,448.83,434.82,439.29,6131563
2024-02-12 00:00:00+05:30,442.98,446.82,436.5,439.72,4591818
2024-02-13 00:00:00+05:30,443.22,460.39,433.72,459.57,8033896
2024-02-14 00:00:00+05:30,459.67,462.74,453.0,461.78,3346936
2024-02-15 00:00:00+05:30,467.06,470.46,464.95,467.49,3720056
2024-02-16 00:00:00+05:30,464.32,474.06,461.44,470.89,3518218
2024-02-19 00:00:00+05:30,473.58,479.62,471.52,477.27,3527539
2024-02-20 00:00:00+05:30,477.32,484.85,475.07,477.75,3162569
2024-02-21 00:00:00+05:30,478.66,479.81,470.94,472.09,1769414
2024-02-22 00:00:00+05:30,473.19,474.06,464.32,472.24,3003476
2024-02-23 00:00:00+05:30,473.87,476.36,468.01,468.78,1398319
2024-02-26 00:00:00+05:30,468.69,473.0,465.95,469.21,2349311
2024-02-27 00:00:00+05:30,469.93,471.47,461.88,464.85,3044393
2024-02-28 00:00:00+05:30,464.47,466.19,454.68,456.5,1639333
2024-02-29 00:00:00+05:30,452.76,455.64,447.77,450.56,5871369
2024-03-01 00:00:00+05:30,454.68,458.42,451.95,455.21,2999407
2024-03-02 00:00:00+05:30,456.02,459.72,452.91,456.65,215572
2024-03-04 00:00:00+05:30,456.65,460.58,450.84,454.92,1898082
2024-03-05 00:00:00+05:30,454.68,471.04,454.2,454.92,6445158
2024-03-06 00:00:00+05:30,457.51,458.04,445.57,453.91,3349821
2024-03-07 00:00:00+05:30,455.64,466.14,455.5,462.64,5650893
2024-03-11 00:00:00+05:30,465.33,468.11,456.12,457.13,3011059
2024-03-12 00:00:00+05:30,459.19,459.43,453.1,454.73,3159717
2024-03-13 00:00:00+05:30,454.73,457.37,431.71,433.48,3592816
2024-03-14 00:00:00+05:30,433.43,445.28,429.55,443.27,2612068
2024-03-15 00:00:00+05:30,443.36,458.04,440.72,455.78,6380618
2024-03-18 00:00:00+05:30,455.64,455.64,444.13,447.06,3077403
2024-03-19 00:00:00+05:30,445.09,452.24,441.49,442.26,2646709
2024-03-20 00:00:00+05:30,442.21,445.76,430.94,436.89,3147051
2024-03-21 00:00:00+05:30,438.37,443.12,433.82,436.98,3271424
2024-03-22 00:00:00+05:30,437.03,455.02,436.46,450.84,7317960
2024-03-26 00:00:00+05:30,448.93,451.9,445.42,446.43,5287841
2024-03-27 00:00:00+05:30,446.05,448.16,434.97,436.94,29060595
2024-03-28 00:00:00+05:30,439.77,440.96,433.67,437.41,5666044
2024-04-01 00:00:00+05:30,441.25,449.26,439.77,447.2,2961134
2024-04-02 00:00:00+05:30,444.13,457.51,442.21,455.88,5801333
2024-04-03 00:00:00+05:30,455.64,463.27,451.32,457.27,4992161
2024-04-04 00:00:00+05:30,460.44,476.5,453.82,472.86,10194280
2024-04-05 00:00:00+05:30,479.14,480.2,469.93,474.2,7040931
2024-04-08 00:00:00+05:30,480.15,480.15,463.36,469.12,4799597
2024-04-09 00:00:00+05:30,472.62,476.26,466.96,469.89,2258719
2024-04-10 00:00:00+05:30,470.51,488.25,469.45,483.75,8274794
2024-04-12 00:00:00+05:30,484.95,490.27,480.1,481.59,5564568
2024-04-15 00:00:00+05:30,474.83,479.19,466.67,469.98,5206531
2024-04-16 00:00:00+05:30,468.16,471.95,463.36,464.9,3236261
2024-04-18 00:00:00+05:30,468.4,472.76,456.79,458.9,2821608
2024-04-19 00:00:00+05:30,453.96,469.98,447.53,467.68,3345505
2024-04-22 00:00:00+05:30,471.95,474.44,467.73,473.29,1939857
2024-04-23 00:00:00+05:30,474.73,480.2,472.19,475.31,3142957
2024-04-24 00:00:00+05:30,475.64,483.36,475.4,478.13,1755149
2024-04-25 00:00:00+05:30,478.66,486.29,476.12,485.28,4858974
2024-04-26 00:00:00+05:30,488.25,492.96,482.02,487.73,2945426
2024-04-29 00:00:00+05:30,490.13,490.13,483.94,486.38,2608034
2024-04-30 00:00:00+05:30,486.24,492.76,485.66,486.48,3658149
2024-05-02 00:00:00+05:30,487.39,489.6,477.03,477.9,2507687
2024-05-03 00:00:00+05:30,480.44,483.41,470.08,473.48,2290234
2024-05-06 00:00:00+05:30,475.07,477.99,461.49,463.7,3807662
2024-05-07 00:00:00+05:30,465.23,466.62,451.23,454.78,4727821
2024-05-08 00:00:00+05:30,456.12,460.39,451.95,458.37,1940933
2024-05-09 00:00:00+05:30,458.37,462.6,445.42,447.44,2842844
2024-05-10 00:00:00+05:30,451.8,484.42,445.52,481.44,7125403
2024-05-13 00:00:00+05:30,481.97,517.99,481.97,512.33,28188305
2024-05-14 00:00:00+05:30,510.13,510.13,481.2,489.26,15649727
2024-05-15 00:00:00+05:30,492.04,500.05,489.26,493.82,4414120
2024-05-16 00:00:00+05:30,495.11,498.61,485.23,489.21,2499979
2024-05-17 00:00:00+05:30,489.31,494.3,489.31,490.41,1992521
2024-05-18 00:00:00+05:30,494.35,494.35,489.26,490.56,222049
2024-05-21 00:00:00+05:30,487.78,493.05,487.78,491.23,2473292
2024-05-22 00:00:00+05:30,493.05,500.77,489.55,494.54,2926634
2024-05-23 00:00:00+05:30,494.54,496.6,486.53,490.03,1901625
2024-05-24 00:00:00+05:30,495.45,500.73,492.48,494.78,4504063
2024-05-27 00:00:00+05:30,497.27,508.06,495.78,503.55,6985965
2024-05-28 00:00:00+05:30,506.0,507.44,495.07,496.41,2567262
2024-05-29 00:00:00+05:30,497.85,501.3,494.49,496.17,2629856
2024-05-30 00:00:00+05:30,495.64,497.22,484.42,485.47,1905969
2024-05-31 00:00:00+05:30,487.3,496.79,486.19,488.06,8915374
2024-06-03 00:00:00+05:30,495.93,509.6,493.05,506.62,5522541
2024-06-04 00:00:00+05:30,508.16,508.16,458.52,475.74,4381099
2024-06-05 00:00:00+05:30,484.47,510.27,475.88,506.91,3847174
2024-06-06 00:00:00+05:30,508.21,523.27,506.19,515.5,7234868
2024-06-07 00:00:00+05:30,519.81,520.77,512.43,517.75,2318410
2024-06-10 00:00:00+05:30,520.53,532.96,510.41,529.02,7259983
2024-06-11 00:00:00+05:30,527.78,534.59,521.16,531.71,4231789
2024-06-12 00:00:00+05:30,532.76,535.83,526.14,527.63,2266131
2024-06-13 00:00:00+05:30,529.21,538.95,524.95,534.97,4008615
2024-06-14 00:00:00+05:30,534.97,536.98,527.3,529.21,2108192
2024-06-18 00:00:00+05:30,531.42,534.87,527.68,533.48,1655128
2024-06-19 00:00:00+05:30,537.18,545.28,528.26,534.59,6384504
2024-06-20 00:00:00+05:30,534.59,554.15,532.0,545.81,7790414
2024-06-21 00:00:00+05:30,550.94,550.94,538.38,542.88,6140439
2024-06-24 00:00:00+05:30,539.09,555.11,528.64,548.78,5808758
2024-06-25 00:00:00+05:30,549.65,553.29,543.89,547.82,2069398
2024-06-26 00:00:00+05:30,547.63,552.52,541.64,547.1,2454084
2024-06-27 00:00:00+05:30,546.96,551.18,536.46,544.71,1696269
2024-06-28 00:00:00+05:30,544.85,552.52,543.41,547.58,1600236
2024-07-01 00:00:00+05:30,546.82,551.28,544.18,550.08,1512718
2024-07-02 00:00:00+05:30,550.7,556.65,539.0,543.56,2899370
2024-07-03 00:00:00+05:30,544.37,552.52,544.08,548.83,1979415
2024-07-04 00:00:00+05:30,551.56,556.31,545.47,547.2,2239387
2024-07-05 00:00:00+05:30,547.54,550.51,544.56,549.36,1117942
2024-07-08 00:00:00+05:30,549.36,551.37,539.24,544.27,2809880
2024-07-09 00:00:00+05:30,544.85,548.97,540.05,540.97,1487672
2024-07-10 00:00:00+05:30,542.98,546.72,525.04,536.98,2119842
2024-07-11 00:00:00+05:30,537.99,543.32,532.48,534.97,3942127
2024-07-12 00:00:00+05:30,537.61,547.68,535.35,540.68,3900504
2024-07-15 00:00:00+05:30,542.93,544.37,537.94,542.02,1771856
2024-07-16 00:00:00+05:30,542.93,548.69,532.86,534.59,1745862
2024-07-18 00:00:00+05:30,534.59,538.14,532.33,535.88,1311837
2024-07-19 00:00:00+05:30,535.88,537.42,519.19,520.49,1546548
2024-07-22 00:00:00+05:30,517.99,535.45,511.13,523.22,2549480
2024-07-23 00:00:00+05:30,525.67,530.8,501.01,518.38,2933418
2024-07-24 00:00:00+05:30,514.44,521.3,513.2,515.16,1457820
2024-07-25 00:00:00+05:30,510.32,513.0,503.99,507.87,1911911
2024-07-26 00:00:00+05:30,507.58,522.79,507.54,521.97,1551278
2024-07-29 00:00:00+05:30,525.71,543.41,523.27,530.61,4591787
2024-07-30 00:00:00+05:30,531.04,545.62,529.98,541.88,2133368
2024-07-31 00:00:00+05:30,546.67,550.32,542.07,548.74,2492088
2024-08-01 00:00:00+05:30,551.56,553.48,534.39,537.61,1981548
2024-08-02 00:00:00+05:30,532.38,540.97,509.79,515.69,6726267
2024-08-05 00:00:00+05:30,498.81,529.02,498.81,506.77,8548340
2024-08-06 00:00:00+05:30,511.28,527.49,509.55,511.8,4003117
2024-08-07 00:00:00+05:30,517.03,526.62,513.72,524.42,2735138
2024-08-08 00:00:00+05:30,524.47,533.15,521.88,525.47,2881272
2024-08-09 00:00:00+05:30,535.74,539.09,528.21,532.0,2149042
2024-08-12 00:00:00+05:30,529.98,545.76,524.37,542.07,3327192
2024-08-13 00:00:00+05:30,542.93,543.03,528.35,529.55,1737410
2024-08-14 00:00:00+05:30,529.98,531.32,518.38,520.73,1112179
2024-08-16 00:00:00+05:30,520.73,531.8,517.61,530.8,1704608
2024-08-19 00:00:00+05:30,530.46,540.58,529.17,537.75,2514931
2024-08-20 00:00:00+05:30,537.75,543.89,537.27,543.08,1244752
2024-08-21 00:00:00+05:30,542.93,549.45,540.05,545.14,2330785
2024-08-22 00:00:00+05:30,546.77,563.94,545.09,555.55,6577080
2024-08-23 00:00:00+05:30,560.87,560.97,548.69,550.32,2079777
2024-08-26 00:00:00+05:30,555.31,555.31,548.78,553.92,1337717
2024-08-27 00:00:00+05:30,560.53,563.8,554.68,559.19,2820791
2024-08-28 00:00:00+05:30,561.16,562.02,552.09,554.49,1427761
2024-08-29 00:00:00+05:30,553.44,558.18,547.73,554.25,1595156
2024-08-30 00:00:00+05:30,560.2,579.38,558.28,573.96,7940507
2024-09-02 00:00:00+05:30,577.46,582.45,568.83,575.07,3795016
2024-09-03 00:00:00+05:30,575.55,581.25,571.71,577.66,2238846
2024-09-04 00:00:00+05:30,575.5,586.0,568.88,583.08,3273244
2024-09-05 00:00:00+05:30,587.06,597.56,582.07,593.48,3577813
2024-09-06 00:00:00+05:30,591.81,598.28,582.5,584.95,3721522
2024-09-09 00:00:00+05:30,581.3,585.91,576.6,579.77,2433405
2024-09-10 00:00:00+05:30,585.04,594.73,580.58,593.96,1707934
2024-09-11 00:00:00+05:30,593.58,593.87,584.18,586.1,1482322
2024-09-12 00:00:00+05:30,588.98,591.33,583.89,589.79,1779935
2024-09-13 00:00:00+05:30,590.89,591.81,585.38,586.48,1289572
2024-09-16 00:00:00+05:30,589.84,590.41,581.97,588.78,1236437
2024-09-17 00:00:00+05:30,589.93,590.7,584.47,585.76,1214961
2024-09-18 00:00:00+05:30,586.0,589.69,574.54,580.44,1802364
2024-09-19 00:00:00+05:30,580.44,587.78,558.81,570.56,2837565
2024-09-20 00:00:00+05:30,570.7,578.14,561.73,563.17,5960490
2024-09-23 00:00:00+05:30,565.38,569.55,560.25,568.64,2196226
2024-09-24 00:00:00+05:30,569.6,582.02,563.08,579.14,2399303
2024-09-25 00:00:00+05:30,575.64,581.73,572.76,575.11,2286350
2024-09-26 00:00:00+05:30,577.46,579.53,569.41,576.6,2031362
2024-09-27 00:00:00+05:30,576.6,591.37,575.55,585.76,1974253
2024-09-30 00:00:00+05:30,585.91,592.72,582.88,587.06,1748073
2024-10-01 00:00:00+05:30,587.06,599.53,585.91,595.88,2416092
2024-10-03 00:00:00+05:30,593.58,598.28,576.51,580.77,2274591
2024-10-04 00:00:00+05:30,584.08,587.97,572.28,574.87,1856185
2024-10-07 00:00:00+05:30,577.85,580.82,552.52,556.65,3537896
2024-10-08 00:00:00+05:30,554.15,561.68,549.98,553.29,3164544
2024-10-09 00:00:00+05:30,555.45,560.82,551.76,554.06,919418
2024-10-10 00:00:00+05:30,556.36,569.45,556.36,560.58,1436761
2024-10-11 00:00:00+05:30,561.78,565.28,555.16,559.29,592719
2024-10-14 00:00:00+05:30,561.16,562.98,549.84,555.07,1363944
2024-10-15 00:00:00+05:30,556.27,557.18,545.95,550.7,1679828
2024-10-16 00:00:00+05:30,549.65,552.91,541.06,545.67,1359068
2024-10-17 00:00:00+05:30,544.85,547.25,528.64,531.13,1644494
2024-10-18 00:00:00+05:30,531.42,535.02,520.49,532.62,1461590
2024-10-21 00:00:00+05:30,534.35,540.39,520.92,523.22,2874589
2024-10-22 00:00:00+05:30,522.79,525.19,506.48,508.73,2162765
2024-10-23 00:00:00+05:30,507.54,516.79,499.86,510.08,1693371
2024-10-24 00:00:00+05:30,514.15,518.81,504.85,513.2,1620943
2024-10-25 00:00:00+05:30,514.06,514.97,496.36,500.68,1449303
2024-10-28 00:00:00+05:30,498.85,519.19,498.85,510.13,1126777
2024-10-29 00:00:00+05:30,510.13,516.26,503.12,512.86,1098524
2024-10-30 00:00:00+05:30,511.28,529.89,506.14,523.99,1825973
2024-10-31 00:00:00+05:30,523.99,533.29,519.91,531.09,1220997
2024-11-01 00:00:00+05:30,531.09,539.09,531.09,535.64,170165
2024-11-04 00:00:00+05:30,532.48,537.08,517.8,530.13,1391591
2024-11-05 00:00:00+05:30,529.5,538.95,526.67,536.26,932128
2024-11-06 00:00:00+05:30,536.31,545.81,531.71,544.13,1554984
2024-11-07 00:00:00+05:30,546.67,552.0,541.68,544.03,923923
2024-11-08 00:00:00+05:30,546.72,549.6,532.43,534.87,726288
2024-11-11 00:00:00+05:30,530.61,530.65,489.21,494.15,10335683
2024-11-12 00:00:00+05:30,508.4,530.27,502.64,506.24,9815070
2024-11-13 00:00:00+05:30,506.48,508.88,483.75,494.39,3582332
2024-11-14 00:00:00+05:30,498.71,511.08,488.69,504.37,3900165
2024-11-18 00:00:00+05:30,506.96,519.72,493.67,515.02,3165284
2024-11-19 00:00:00+05:30,511.37,532.91,510.17,524.51,2999771
2024-11-21 00:00:00+05:30,521.83,542.6,514.97,533.1,10436904
2024-11-22 00:00:00+05:30,533.1,546.72,523.6,543.32,3602576
2024-11-25 00:00:00+05:30,546.77,554.83,543.51,545.38,6122957
2024-11-26 00:00:00+05:30,545.0,558.75,541.1,551.75,2645846
2024-11-27 00:00:00+05:30,553.0,554.3,539.0,548.2,1703921
2024-11-28 00:00:00+05:30,548.2,557.15,545.0,546.9,1748362
2024-11-29 00:00:00+05:30,546.5,547.9,538.25,545.0,1465623
2024-12-02 00:00:00+05:30,546.9,558.0,540.55,555.05,1687736
2024-12-03 00:00:00+05:30,556.0,566.9,553.6,563.1,2073190
2024-12-04 00:00:00+05:30,565.8,572.7,563.5,567.95,2218877
2024-12-05 00:00:00+05:30,568.9,569.75,552.0,558.2,2006983
2024-12-06 00:00:00+05:30,557.85,566.25,556.0,562.65,2970258
2024-12-09 00:00:00+05:30,559.8,562.25,552.05,555.4,2922928
2024-12-10 00:00:00+05:30,554.85,557.6,548.6,549.95,2949316
2024-12-11 00:00:00+05:30,552.0,566.7,551.05,552.0,5334736
2024-12-12 00:00:00+05:30,553.95,554.85,542.95,547.45,1581082
2024-12-13 00:00:00+05:30,547.45,551.25,535.7,550.25,2242153
2024-12-16 00:00:00+05:30,549.8,551.5,542.7,547.95,1210467
2024-12-17 00:00:00+05:30,544.1,552.0,536.65,538.4,1637281
2024-12-18 00:00:00+05:30,538.8,543.85,531.3,532.25,1208566
2024-12-19 00:00:00+05:30,524.0,525.55,517.35,518.35,1187222
2024-12-20 00:00:00+05:30,520.0,522.6,501.5,504.5,2851827
2024-12-23 00:00:00+05:30,505.55,510.15,496.0,507.7,1178165
2024-12-24 00:00:00+05:30,507.0,512.5,501.7,504.5,949150
2024-12-26 00:00:00+05:30,503.1,507.05,495.85,499.65,1427526
2024-12-27 00:00:00+05:30,498.0,519.65,497.4,502.05,1670587
2024-12-30 00:00:00+05:30,502.0,508.35,497.0,500.75,2019209
2024-12-31 00:00:00+05:30,497.05,505.45,493.0,501.0,1217836
2025-01-01 00:00:00+05:30,498.45,501.85,497.2,500.5,588602
2025-01-02 00:00:00+05:30,500.0,511.9,499.85,509.45,1552787
2025-01-03 00:00:00+05:30,508.5,533.25,508.5,529.55,2888197
2025-01-06 00:00:00+05:30,525.0,535.45,516.1,521.3,2241869
2025-01-07 00:00:00+05:30,521.0,548.65,520.0,544.45,4787940
2025-01-08 00:00:00+05:30,541.15,543.4,531.65,539.55,1559514
2025-01-09 00:00:00+05:30,541.95,554.65,539.7,545.45,2805890
2025-01-10 00:00:00+05:30,545.9,555.75,534.5,548.85,1992839
2025-01-13 00:00:00+05:30,546.25,549.0,530.95,533.65,1770971
2025-01-14 00:00:00+05:30,534.95,542.95,531.3,541.85,1831287
2025-01-15 00:00:00+05:30,544.9,552.0,543.15,546.9,901487
2025-01-16 00:00:00+05:30,546.95,552.95,545.25,546.3,813698
2025-01-17 00:00:00+05:30,545.0,557.65,543.5,551.7,1461267
2025-01-20 00:00:00+05:30,551.7,555.0,545.35,552.85,812869
2025-01-21 00:00:00+05:30,557.0,559.9,543.5,544.25,1708101
2025-01-22 00:00:00+05:30,548.0,548.0,531.6,542.7,1191929
2025-01-23 00:00:00+05:30,542.5,559.75,542.05,557.85,1477011
2025-01-24 00:00:00+05:30,559.95,560.45,550.0,552.0,1591661
2025-01-27 00:00:00+05:30,548.95,550.4,536.2,542.35,2486727
2025-01-28 00:00:00+05:30,546.0,546.5,536.1,538.65,2048155
2025-01-29 00:00:00+05:30,542.0,555.95,539.3,553.1,2181049
2025-01-30 00:00:00+05:30,556.0,578.3,554.6,566.95,2784958
2025-01-31 00:00:00+05:30,573.0,617.8,567.75,603.75,8663742
2025-02-01 00:00:00+05:30,609.8,617.8,597.05,604.0,5961908
2025-02-03 00:00:00+05:30,610.0,636.8,607.55,630.25,12713558
2025-02-04 00:00:00+05:30,637.5,641.55,625.0,636.9,3541038
2025-02-05 00:00:00+05:30,636.0,649.45,632.0,645.45,3372838
2025-02-06 00:00:00+05:30,644.0,646.85,626.45,644.75,3885141
2025-02-07 00:00:00+05:30,642.05,648.7,635.1,641.35,2340663
2025-02-10 00:00:00+05:30,641.25,643.0,631.8,634.95,1932363
2025-02-11 00:00:00+05:30,635.0,636.8,608.2,610.7,2525324
2025-02-12 00:00:00+05:30,610.7,624.3,594.45,620.5,2315031
2025-02-13 00:00:00+05:30,620.5,638.9,615.0,629.75,3181044
2025-02-14 00:00:00+05:30,631.0,633.9,610.25,618.35,3746024
2025-02-17 00:00:00+05:30,618.2,633.75,609.9,632.2,1481549
2025-02-18 00:00:00+05:30,633.0,634.35,625.2,630.8,1409475
2025-02-19 00:00:00+05:30,629.85,651.7,621.0,650.05,2762726
2025-02-20 00:00:00+05:30,650.05,653.95,644.25,647.25,2142244
2025-02-21 00:00:00+05:30,648.0,658.25,637.4,646.35,1366273
2025-02-24 00:00:00+05:30,643.75,648.95,638.3,645.2,1293274
2025-02-25 00:00:00+05:30,648.1,657.3,645.0,647.5,1581083
2025-02-27 00:00:00+05:30,648.0,648.35,634.2,643.65,2717730
2025-02-28 00:00:00+05:30,635.0,641.0,619.5,632.95,4676015
2025-03-03 00:00:00+05:30,628.1,634.15,611.25,616.7,3273667
2025-03-04 00:00:00+05:30,607.0,619.6,607.0,613.4,1557537
2025-03-05 00:00:00+05:30,615.0,630.2,614.15,627.85,2367281
2025-03-06 00:00:00+05:30,634.9,639.25,622.7,624.7,1617185
2025-03-07 00:00:00+05:30,624.55,642.7,620.4,629.85,2073888
2025-03-10 00:00:00+05:30,631.45,637.0,611.85,615.45,1428305
2025-03-11 00:00:00+05:30,613.45,618.85,602.35,615.05,1564110
2025-03-13 00:00:00+05:30,610.9,614.4,600.4,601.45,1476114
2025-03-17 00:00:00+05:30,601.45,627.9,601.45,626.15,2377362
2025-03-18 00:00:00+05:30,630.0,636.75,623.15,635.2,2132031
2025-03-19 00:00:00+05:30,641.0,648.0,636.9,646.3,1533871
2025-03-20 00:00:00+05:30,648.95,651.45,644.1,646.85,1272076
2025-03-21 00:00:00+05:30,649.0,671.3,645.65,658.85,5231169
2025-03-24 00:00:00+05:30,667.95,668.8,657.4,658.45,1878198
2025-03-25 00:00:00+05:30,663.9,663.9,648.1,653.0,988124
2025-03-26 00:00:00+05:30,652.0,656.85,644.0,652.4,1570129
2025-03-27 00:00:00+05:30,650.0,663.75,649.95,656.4,3398420
2025-03-28 00:00:00+05:30,656.65,660.4,624.0,636.25,4421109
2025-04-01 00:00:00+05:30,621.3,641.8,621.3,634.75,1451347
2025-04-02 00:00:00+05:30,631.9,656.1,630.85,654.45,1932828
2025-04-03 00:00:00+05:30,642.8,653.7,636.05,651.25,2635192
2025-04-04 00:00:00+05:30,649.5,655.4,631.15,637.7,2529542
2025-04-07 00:00:00+05:30,595.0,624.1,588.85,614.45,2010970
2025-04-08 00:00:00+05:30,619.0,628.1,610.1,614.5,1696619
2025-04-09 00:00:00+05:30,614.0,615.8,601.2,614.25,1911793
2025-04-11 00:00:00+05:30,622.0,645.55,620.1,638.85,2007695
2025-04-15 00:00:00+05:30,649.0,661.9,638.85,658.0,2242497
2025-04-16 00:00:00+05:30,660.0,665.4,654.55,659.65,2228299
2025-04-17 00:00:00+05:30,659.65,664.95,650.75,656.2,1595004
2025-04-21 00:00:00+05:30,656.25,672.9,653.7,671.15,3468794
2025-04-22 00:00:00+05:30,673.45,681.15,666.1,672.7,3727936
2025-04-23 00:00:00+05:30,672.0,682.0,662.05,679.9,2856974
2025-04-24 00:00:00+05:30,679.55,687.0,675.45,684.2,2692652
2025-04-25 00:00:00+05:30,683.75,692.2,656.55,661.85,3157081
2025-04-28 00:00:00+05:30,662.0,679.4,661.35,678.3,1423133
2025-04-29 00:00:00+05:30,680.0,686.9,666.7,669.6,1676069
2025-04-30 00:00:00+05:30,668.1,678.15,663.95,669.9,1402279
2025-05-02 00:00:00+05:30,671.0,692.8,670.55,680.8,2812460
2025-05-05 00:00:00+05:30,687.0,688.95,682.0,686.5,1475543
2025-05-06 00:00:00+05:30,687.95,691.45,674.95,679.05,1859488
2025-05-07 00:00:00+05:30,675.1,689.0,674.3,688.0,1328953
2025-05-08 00:00:00+05:30,682.1,689.4,645.95,656.5,2451225
2025-05-09 00:00:00+05:30,638.0,682.0,638.0,674.75,3184067
2025-05-12 00:00:00+05:30,686.0,699.45,662.0,676.85,8755697
2025-05-13 00:00:00+05:30,676.9,678.0,638.05,642.85,8899680
2025-05-14 00:00:00+05:30,645.3,646.15,634.0,636.9,4545306
2025-05-15 00:00:00+05:30,637.95,647.7,635.75,644.65,2336733
2025-05-16 00:00:00+05:30,646.0,648.5,638.75,644.2,1281048
2025-05-19 00:00:00+05:30,645.1,654.8,643.75,645.5,1713111
2025-05-20 00:00:00+05:30,647.5,647.95,626.7,628.7,3503829
2025-05-21 00:00:00+05:30,628.7,641.05,623.6,638.4,2454859
2025-05-22 00:00:00+05:30,638.9,638.9,627.8,631.95,1078155
2025-05-23 00:00:00+05:30,632.6,634.9,628.25,630.5,1018062
2025-05-26 00:00:00+05:30,632.0,636.2,629.9,632.05,771488
2025-05-27 00:00:00+05:30,632.5,635.9,627.0,630.35,1156383
2025-05-28 00:00:00+05:30,631.45,638.6,629.55,630.75,937885
2025-05-29 00:00:00+05:30,632.0,635.0,626.0,631.0,1382432
2025-05-30 00:00:00+05:30,631.0,633.95,618.0,627.9,5123450
2025-06-02 00:00:00+05:30,627.9,637.5,620.75,636.35,1624690
2025-06-03 00:00:00+05:30,638.0,638.35,632.3,635.35,1764731
2025-06-04 00:00:00+05:30,635.5,646.35,633.55,642.55,1302307
2025-06-05 00:00:00+05:30,646.8,649.5,642.0,646.9,1701494
2025-06-06 00:00:00+05:30,649.0,649.8,641.0,642.85,580732
2025-06-09 00:00:00+05:30,650.0,651.55,636.6,639.1,1514278
2025-06-10 00:00:00+05:30,643.95,643.95,638.0,639.6,956125
2025-06-11 00:00:00+05:30,641.0,641.4,631.5,635.85,976204
2025-06-12 00:00:00+05:30,635.85,642.0,631.0,632.4,1097714
2025-06-13 00:00:00+05:30,627.8,637.95,623.05,632.5,1518780
2025-06-16 00:00:00+05:30,631.95,645.3,630.0,643.75,1187428
2025-06-17 00:00:00+05:30,645.0,653.35,642.5,646.1,2269496
2025-06-18 00:00:00+05:30,646.1,649.8,637.0,638.25,1066778
2025-06-19 00:00:00+05:30,639.0,640.0,629.0,630.95,1272286
2025-06-20 00:00:00+05:30,628.4,637.4,626.35,633.5,4218765
2025-06-23 00:00:00+05:30,631.0,641.45,628.8,638.85,834251
2025-06-24 00:00:00+05:30,641.0,646.0,638.5,644.45,1131402
2025-06-25 00:00:00+05:30,648.0,654.3,643.8,650.7,1565175
2025-06-26 00:00:00+05:30,650.7,650.7,629.05,636.5,3968851
2025-06-27 00:00:00+05:30,638.0,647.45,637.55,644.9,3212791
2025-06-30 00:00:00+05:30,646.5,664.5,643.7,661.25,2075636
2025-07-01 00:00:00+05:30,665.0,674.95,659.15,671.05,3182249
2025-07-02 00:00:00+05:30,671.05,676.0,665.2,672.65,1348689
2025-07-03 00:00:00+05:30,672.65,687.75,670.1,684.15,3054421
2025-07-04 00:00:00+05:30,684.0,696.95,678.7,681.3,2791223
2025-07-07 00:00:00+05:30,681.05,689.5,676.35,680.25,960264
2025-07-08 00:00:00+05:30,680.5,683.9,668.6,673.3,820969
2025-07-09 00:00:00+05:30,668.6,674.8,663.7,664.75,630384
2025-07-10 00:00:00+05:30,666.0,668.15,655.5,661.65,2206322
2025-07-11 00:00:00+05:30,657.7,658.5,645.7,652.8,2145893
2025-07-14 00:00:00+05:30,654.0,661.8,646.75,659.5,1745640
2025-07-15 00:00:00+05:30,662.0,675.8,661.95,673.8,1726609
2025-07-16 00:00:00+05:30,673.0,677.0,668.4,671.45,1928069
2025-07-17 00:00:00+05:30,673.0,697.45,670.55,692.65,5685069
2025-07-18 00:00:00+05:30,694.0,697.9,684.35,686.85,1515065
2025-07-21 00:00:00+05:30,688.0,717.55,682.45,713.75,8073738
2025-07-22 00:00:00+05:30,715.0,730.95,711.4,722.85,4108448
2025-07-23 00:00:00+05:30,726.6,729.8,718.5,727.35,2827536
2025-07-24 00:00:00+05:30,726.0,730.5,718.7,726.55,2189801
2025-07-25 00:00:00+05:30,726.55,729.0,718.45,722.2,1507020
2025-07-28 00:00:00+05:30,725.0,735.85,720.15,729.85,4881892
2025-07-29 00:00:00+05:30,727.0,734.55,721.05,726.05,3504831
2025-07-30 00:00:00+05:30,727.0,728.5,716.9,721.9,1589570
2025-07-31 00:00:00+05:30,715.0,723.65,701.3,703.8,2497511
2025-08-01 00:00:00+05:30,703.95,713.9,658.0,665.15,6828070
2025-08-04 00:00:00+05:30,673.5,719.45,672.05,711.7,12572025
2025-08-05 00:00:00+05:30,708.3,723.8,702.0,720.45,3136768
2025-08-06 00:00:00+05:30,720.0,721.85,704.2,705.3,1691312
2025-08-07 00:00:00+05:30,700.0,710.8,688.2,705.45,1933447
2025-08-08 00:00:00+05:30,704.05,704.95,685.9,688.75,1164817
2025-08-11 00:00:00+05:30,688.95,696.6,678.15,693.7,1129449
2025-08-12 00:00:00+05:30,693.7,696.0,686.05,688.65,1449415
2025-08-13 00:00:00+05:30,686.1,693.15,680.9,686.15,1062727
2025-08-14 00:00:00+05:30,684.2,693.9,681.0,683.75,1066750
2025-08-18 00:00:00+05:30,690.15,700.7,686.45,690.95,1319724
2025-08-19 00:00:00+05:30,697.5,709.45,693.0,707.3,2030825
2025-08-20 00:00:00+05:30,708.5,730.3,702.0,713.45,3114706
2025-08-21 00:00:00+05:30,717.05,718.55,710.2,712.45,2041917
2025-08-22 00:00:00+05:30,712.9,722.9,707.95,716.45,1635644
2025-08-25 00:00:00+05:30,717.2,741.0,713.5,722.8,4678348
2025-08-26 00:00:00+05:30,725.25,729.8,712.4,723.1,3299511
2025-08-28 00:00:00+05:30,736.5,736.5,713.45,716.7,3935173
2025-08-29 00:00:00+05:30,713.05,722.2,702.6,715.75,2472182
2025-09-01 00:00:00+05:30,715.7,730.65,711.8,727.95,1785815
2025-09-02 00:00:00+05:30,731.55,732.0,709.65,710.65,3003994
2025-09-03 00:00:00+05:30,718.0,730.0,712.8,715.6,2196910
2025-09-04 00:00:00+05:30,720.0,723.15,692.0,695.4,2075117
2025-09-05 00:00:00+05:30,697.5,700.9,684.2,688.85,1054221
2025-09-08 00:00:00+05:30,691.0,708.0,691.0,705.8,1677209
2025-09-09 00:00:00+05:30,709.95,715.95,698.0,704.0,2826300
2025-09-10 00:00:00+05:30,705.4,708.25,690.65,696.95,1965357
2025-09-11 00:00:00+05:30,696.95,703.8,693.05,701.65,1913878
2025-09-12 00:00:00+05:30,704.3,705.9,688.0,693.1,1539148
2025-09-15 00:00:00+05:30,695.5,699.4,687.9,693.6,1791929
2025-09-16 00:00:00+05:30,692.9,705.0,686.35,702.7,3099583
2025-09-17 00:00:00+05:30,706.0,710.0,698.15,704.65,2209645
2025-09-18 00:00:00+05:30,704.6,713.4,693.3,698.95,3106450
2025-09-19 00:00:00+05:30,697.1,704.85,688.7,691.1,7803326
2025-09-22 00:00:00+05:30,693.7,693.7,679.35,682.8,2102153
2025-09-23 00:00:00+05:30,680.0,684.85,670.0,677.2,2559504
2025-09-24 00:00:00+05:30,675.75,680.0,669.6,676.15,2138799
2025-09-25 00:00:00+05:30,676.0,678.55,667.45,669.1,1246931
2025-09-26 00:00:00+05:30,667.0,668.2,645.0,648.0,1970948
2025-09-29 00:00:00+05:30,648.0,654.9,643.25,654.2,2520967
2025-09-30 00:00:00+05:30,660.2,661.0,650.15,655.8,2037016
2025-10-01 00:00:00+05:30,655.8,662.3,651.3,661.45,1196873
2025-10-03 00:00:00+05:30,667.7,680.0,664.65,674.0,3592605
2025-10-06 00:00:00+05:30,676.0,682.0,668.75,681.35,881397
2025-10-07 00:00:00+05:30,682.0,685.4,679.05,679.85,994752
2025-10-08 00:00:00+05:30,679.85,686.65,671.55,674.8,1714962
2025-10-09 00:00:00+05:30,673.0,677.5,666.9,675.05,1011011
2025-10-10 00:00:00+05:30,676.9,683.6,671.2,681.3,960905
2025-10-13 00:00:00+05:30,667.0,680.95,667.0,673.8,1031190
2025-10-14 00:00:00+05:30,673.8,681.45,666.0,669.95,1458278
2025-10-15 00:00:00+05:30,672.9,678.7,668.4,677.65,1722151
2025-10-16 00:00:00+05:30,678.0,686.0,674.7,680.4,1284794
2025-10-17 00:00:00+05:30,680.95,683.7,671.9,674.15,882467
2025-10-20 00:00:00+05:30,677.1,685.0,677.0,680.8,1330873
2025-10-21 00:00:00+05:30,681.0,684.05,678.0,680.95,86005
2025-10-23 00:00:00+05:30,684.25,689.8,674.1,675.65,1551907
2025-10-24 00:00:00+05:30,678.0,678.55,669.85,672.05,587809
2025-10-27 00:00:00+05:30,673.0,681.7,672.7,678.75,1365682
2025-10-28 00:00:00+05:30,682.0,709.0,675.5,702.6,4557745
2025-10-29 00:00:00+05:30,708.2,721.8,708.2,720.05,3405916
2025-10-30 00:00:00+05:30,721.85,726.5,712.3,721.35,3573819
2025-10-31 00:00:00+05:30,720.0,729.4,713.75,720.1,3852202
2025-11-03 00:00:00+05:30,720.1,735.0,719.3,730.6,2805423
2025-11-04 00:00:00+05:30,728.0,736.6,726.65,731.35,1916707
2025-11-06 00:00:00+05:30,730.0,747.4,713.4,733.35,9280167
2025-11-07 00:00:00+05:30,725.0,753.8,720.75,747.95,5598140
2025-11-10 00:00:00+05:30,750.05,759.0,746.7,750.65,2547152
2025-11-11 00:00:00+05:30,750.65,755.45,742.4,752.35,1645749
2025-11-12 00:00:00+05:30,754.35,767.8,752.45,760.6,4193619
2025-11-13 00:00:00+05:30,760.6,765.5,753.0,758.15,1752051
2025-11-14 00:00:00+05:30,755.0,766.35,754.1,758.6,2148563
2025-11-17 00:00:00+05:30,758.6,774.95,758.0,773.2,3590666
2025-11-18 00:00:00+05:30,774.0,776.0,757.1,759.65,1862425
2025-11-19 00:00:00+05:30,760.0,762.0,750.6,752.65,2359649
2025-11-20 00:00:00+05:30,758.0,760.3,750.95,753.5,2794809
2025-11-21 00:00:00+05:30,755.0,755.25,747.0,750.85,2033481
2025-11-24 00:00:00+05:30,752.0,755.55,731.0,742.7,5530635
2025-11-25 00:00:00+05:30,741.05,754.0,735.8,749.7,1677991
2025-11-26 00:00:00+05:30,750.15,763.35,746.6,760.6,1482487
2025-11-27 00:00:00+05:30,764.0,769.2,756.55,757.9,1201547
2025-11-28 00:00:00+05:30,757.0,766.15,755.25,758.65,1546792
2025-12-01 00:00:00+05:30,761.0,762.9,748.05,750.85,1611007
2025-12-02 00:00:00+05:30,754.0,757.9,744.25,746.75,1519168
2025-12-03 00:00:00+05:30,748.75,755.1,737.0,743.0,6025366
2025-12-04 00:00:00+05:30,748.0,758.95,745.25,756.45,2855120
2025-12-05 00:00:00+05:30,759.95,761.05,751.05,759.1,1936558
2025-12-08 00:00:00+05:30,759.9,761.3,733.1,739.85,1584321
2025-12-09 00:00:00+05:30,740.0,741.65,729.6,739.7,2172777
2025-12-10 00:00:00+05:30,743.0,752.25,733.8,736.9,1346660
2025-12-11 00:00:00+05:30,736.85,748.45,732.55,745.85,2062566
2025-12-12 00:00:00+05:30,748.8,750.9,741.45,748.35,4075773
2025-12-15 00:00:00+05:30,751.0,769.55,743.0,765.65,1840513
2025-12-16 00:00:00+05:30,765.9,765.9,747.1,749.9,1218572
2025-12-17 00:00:00+05:30,751.7,752.8,740.95,746.3,1655654
2025-12-18 00:00:00+05:30,743.0,748.1,736.5,742.3,748699
2025-12-19 00:00:00+05:30,747.4,753.8,740.25,751.55,6064263
2025-12-22 00:00:00+05:30,753.05,779.0,752.1,776.55,3673981
2025-12-23 00:00:00+05:30,779.9,786.3,774.5,781.0,3043436
2025-12-24 00:00:00+05:30,783.0,785.0,772.0,772.7,3570117
2025-12-26 00:00:00+05:30,775.0,780.7,770.2,774.05,1476893
2025-12-29 00:00:00+05:30,774.4,783.0,767.5,770.95,1364589
2025-12-30 00:00:00+05:30,770.0,792.65,768.9,787.35,8329037
2025-12-31 00:00:00+05:30,793.3,801.0,786.05,795.15,3039998
2026-01-01 00:00:00+05:30,797.3,806.5,786.1,805.35,2644289
2026-01-02 00:00:00+05:30,806.95,812.2,797.3,804.65,4562526
2026-01-05 00:00:00+05:30,810.0,811.45,798.1,805.1,2068765
2026-01-06 00:00:00+05:30,805.1,807.3,797.55,799.3,1710964
2026-01-07 00:00:00+05:30,801.0,809.2,797.85,802.95,3691946
2026-01-08 00:00:00+05:30,806.5,810.8,788.5,794.5,2238370
2026-01-09 00:00:00+05:30,789.0,797.75,768.3,771.7,2293012
2026-01-12 00:00:00+05:30,785.0,793.7,762.8,773.85,2279267
2026-01-13 00:00:00+05:30,777.7,780.5,764.7,773.45,2207561
2026-01-14 00:00:00+05:30,774.0,784.0,761.4,780.4,2672389
2026-01-16 00:00:00+05:30,786.2,796.95,779.05,790.15,3461231
2026-01-19 00:00:00+05:30,790.15,800.05,783.1,787.15,2156885
2026-01-20 00:00:00+05:30,792.0,796.75,708.45,723.45,6196941
2026-01-21 00:00:00+05:30,715.3,731.0,671.5,691.7,7967753
2026-01-22 00:00:00+05:30,699.05,710.5,688.45,700.5,3505671
2026-01-23 00:00:00+05:30,701.0,711.5,697.65,702.55,3808963
2026-01-27 00:00:00+05:30,702.6,725.8,700.0,716.55,3625276
2026-01-28 00:00:00+05:30,720.1,722.85,707.6,715.1,1299211
2026-01-29 00:00:00+05:30,718.9,720.35,701.6,715.95,2742480
2026-01-30 00:00:00+05:30,717.1,717.15,699.85,703.95,4668042
2026-02-01 00:00:00+05:30,704.1,709.1,644.6,664.95,1395403
2026-02-02 00:00:00+05:30,669.25,707.1,665.05,698.55,5879658
2026-02-03 00:00:00+05:30,742.0,753.15,726.85,739.8,7513174
2026-02-04 00:00:00+05:30,740.0,764.35,736.75,758.7,4830902
2026-02-05 00:00:00+05:30,762.0,762.0,735.5,747.65,1548274
2026-02-06 00:00:00+05:30,744.0,756.75,736.95,741.3,2249941
2026-02-09 00:00:00+05:30,747.8,749.1,734.2,744.05,1489737
2026-02-10 00:00:00+05:30,749.8,756.2,740.15,746.0,1977229
2026-02-11 00:00:00+05:30,746.95,757.2,743.05,749.0,1142581
2026-02-12 00:00:00+05:30,750.9,750.9,738.7,744.9,1117676
2026-02-13 00:00:00+05:30,740.15,742.95,720.95,724.3,1332082
2026-02-16 00:00:00+05:30,719.15,736.65,716.4,733.8,685996
2026-02-17 00:00:00+05:30,731.0,741.95,728.55,741.15,472779
2026-02-18 00:00:00+05:30,742.95,757.0,739.75,747.65,2240635
2026-02-19 00:00:00+05:30,747.65,771.9,747.65,765.05,2242488
2026-02-20 00:00:00+05:30,760.1,770.9,744.6,752.35,2400204
2026-02-23 00:00:00+05:30,714.75,714.75,625.55,644.8,22336295
2026-02-24 00:00:00+05:30,645.0,653.65,627.35,630.55,7889253
2026-02-25 00:00:00+05:30,635.0,635.0,620.5,626.2,5081011
2026-02-26 00:00:00+05:30,626.85,641.7,622.0,640.45,4874080
2026-02-27 00:00:00+05:30,640.55,643.25,631.5,637.4,4377806
2026-03-02 00:00:00+05:30,622.25,638.0,617.25,622.85,2404381
2026-03-04 00:00:00+05:30,621.0,621.0,601.0,614.1,3558558
2026-03-05 00:00:00+05:30,621.05,631.6,616.05,629.6,2530219
2026-03-06 00:00:00+05:30,629.3,635.0,626.2,628.35,3095128
2026-03-09 00:00:00+05:30,610.0,627.4,606.25,625.0,4705618
2026-03-10 00:00:00+05:30,630.0,633.55,622.85,630.3,1476957
2026-03-11 00:00:00+05:30,631.7,636.3,624.0,625.85,1418800
2026-03-12 00:00:00+05:30,623.5,633.75,616.95,629.05,1299556
2026-03-13 00:00:00+05:30,628.0,628.1,603.0,609.4,1954960
2026-03-16 00:00:00+05:30,610.0,621.45,601.8,608.8,2470861
2026-03-17 00:00:00+05:30,612.0,618.4,609.3,615.85,1500040
2026-03-18 00:00:00+05:30,618.0,634.0,611.2,631.5,1491586
2026-03-19 00:00:00+05:30,621.3,628.85,607.0,611.8,2849379
2026-03-20 00:00:00+05:30,619.4,635.3,614.8,625.55,4640376
2026-03-23 00:00:00+05:30,615.0,618.0,599.25,602.4,1690435
2026-03-24 00:00:00+05:30,615.0,625.6,608.45,620.45,2609729
2026-03-25 00:00:00+05:30,625.0,632.85,621.4,625.25,1449608
2026-03-27 00:00:00+05:30,616.5,630.9,593.25,595.85,4252300
2026-03-30 00:00:00+05:30,591.75,592.4,565.15,567.95,5317081
2026-04-01 00:00:00+05:30,573.0,601.85,573.0,594.5,2182769
2026-04-02 00:00:00+05:30,587.0,594.95,573.95,593.0,1403119
2026-04-06 00:00:00+05:30,593.3,609.65,585.2,607.75,1075781
2026-04-07 00:00:00+05:30,607.5,610.75,600.1,607.55,1533818
2026-04-08 00:00:00+05:30,625.0,643.5,622.7,640.25,3241939
2026-04-09 00:00:00+05:30,645.0,649.5,638.05,642.0,2904575
2026-04-10 00:00:00+05:30,643.9,653.75,640.5,644.85,2162418
2026-04-13 00:00:00+05:30,629.5,646.4,615.0,643.75,1737923
2026-04-15 00:00:00+05:30,654.0,661.55,648.55,659.8,2544691
2026-04-16 00:00:00+05:30,662.45,665.8,648.8,659.95,1666120
2026-04-17 00:00:00+05:30,659.0,671.7,657.75,664.7,1023994
2026-04-20 00:00:00+05:30,664.7,670.65,653.65,656.65,1301749
2026-04-21 00:00:00+05:30,659.65,664.85,653.0,654.3,1144716
2026-04-22 00:00:00+05:30,650.8,657.4,649.0,653.85,1709380
2026-04-23 00:00:00+05:30,653.5,656.55,638.45,642.05,2471569
2026-04-24 00:00:00+05:30,643.6,645.15,629.95,631.4,1793446
2026-04-27 00:00:00+05:30,634.9,643.75,632.5,639.5,1137864
2026-04-28 00:00:00+05:30,636.8,651.9,634.95,645.5,2114630
2026-04-29 00:00:00+05:30,647.9,651.0,641.55,644.1,1669659
2026-04-30 00:00:00+05:30,644.1,646.0,629.8,641.85,2123914
2026-05-04 00:00:00+05:30,645.9,656.0,639.0,643.35,1985598
2026-05-05 00:00:00+05:30,648.0,648.9,638.85,642.05,1359665
2026-05-06 00:00:00+05:30,645.0,663.1,642.3,660.0,1770864
2026-05-07 00:00:00+05:30,664.0,664.0,649.15,650.45,2407109
2026-05-08 00:00:00+05:30,653.65,654.3,643.5,646.0,1751781
2026-05-11 00:00:00+05:30,644.0,682.6,634.05,669.0,7880947
2026-05-12 00:00:00+05:30,670.8,671.15,622.25,626.15,5371994
2026-05-13 00:00:00+05:30,627.0,636.5,624.3,630.1,2501012
2026-05-14 00:00:00+05:30,635.0,641.25,629.9,638.4,1486427
2026-05-15 00:00:00+05:30,636.8,640.65,629.85,632.25,1535195
2026-05-18 00:00:00+05:30,627.5,640.0,618.3,637.85,1850656
2026-05-19 00:00:00+05:30,640.4,646.25,632.05,633.3,1844391
2026-05-20 00:00:00+05:30,629.9,637.5,624.25,634.35,1549873
2026-05-21 00:00:00+05:30,639.8,639.8,625.15,629.0,1405142
2026-05-22 00:00:00+05:30,632.05,635.5,625.05,632.0,2217195
2026-05-25 00:00:00+05:30,636.9,654.55,636.85,652.3,1467073
2026-05-26 00:00:00+05:30,654.0,661.6,652.4,655.0,1770548
2026-05-27 00:00:00+05:30,657.9,659.7,653.75,656.15,896366
2026-05-29 00:00:00+05:30,656.25,660.9,638.5,644.8,6468953
2026-06-01 00:00:00+05:30,647.25,655.6,644.0,645.25,1051878
2026-06-02 00:00:00+05:30,641.35,645.2,640.0,641.65,2047381
2026-06-03 00:00:00+05:30,641.3,648.0,634.5,646.05,2055293
2026-06-04 00:00:00+05:30,642.75,646.5,636.35,639.15,1291962
2026-06-05 00:00:00+05:30,643.0,644.05,630.0,637.45,2556112
2026-06-08 00:00:00+05:30,630.0,634.25,621.1,624.95,1901848
2026-06-09 00:00:00+05:30,625.5,630.65,622.0,628.4,1324061
2026-06-10 00:00:00+05:30,631.7,636.2,606.05,611.0,2242695
2026-06-11 00:00:00+05:30,606.0,609.4,592.25,593.75,1253041
2026-06-12 00:00:00+05:30,598.75,615.0,598.05,610.1,1385523
2026-06-15 00:00:00+05:30,618.95,628.0,615.1,616.6,1326328
2026-06-16 00:00:00+05:30,613.95,624.9,613.1,615.35,982601
2026-06-17 00:00:00+05:30,618.75,618.75,608.25,614.4,1441041
2026-06-18 00:00:00+05:30,616.0,617.7,608.7,610.8,881306
2026-06-19 00:00:00+05:30,610.8,611.7,603.0,608.65,4384034
2026-06-22 00:00:00+05:30,611.9,614.8,602.55,605.5,1107992
2026-06-23 00:00:00+05:30,605.0,614.7,594.25,596.8,1765065
2026-06-24 00:00:00+05:30,597.95,602.2,587.0,599.25,1338785
2026-06-25 00:00:00+05:30,604.9,607.0,589.0,590.5,1617776
2026-06-29 00:00:00+05:30,590.5,593.6,564.1,568.4,13423996
2026-06-30 00:00:00+05:30,574.0,579.85,564.85,571.2,3979387
2026-07-01 00:00:00+05:30,575.0,575.55,563.15,565.05,1598382
2026-07-02 00:00:00+05:30,567.5,590.0,567.5,588.75,1686853
2026-07-03 00:00:00+05:30,592.95,612.9,592.7,607.4,3200516
2026-07-06 00:00:00+05:30,607.4,614.15,605.55,608.65,1694807
2026-07-07 00:00:00+05:30,610.0,614.15,598.4,600.85,1635338
2026-07-08 00:00:00+05:30,597.0,599.2,575.5,581.7,3889043
2026-07-09 00:00:00+05:30,580.0,588.0,579.0,581.85,4537195
2026-07-10 00:00:00+05:30,585.0,599.8,585.0,594.75,872284
2026-07-13 00:00:00+05:30,590.0,592.5,586.2,591.75,711085
2026-07-14 00:00:00+05:30,591.7,594.8,583.95,593.15,1068690
2026-07-15 00:00:00+05:30,597.0,608.0,584.05,597.3,2709031
2026-07-16 00:00:00+05:30,597.15,629.0,597.0,625.85,5435872
2026-07-17 00:00:00+05:30,625.05,625.05,609.8,616.6,1757526
2026-07-20 00:00:00+05:30,613.5,613.85,605.0,606.05,1748870
2026-07-21 00:00:00+05:30,609.0,621.95,605.9,618.15,2611970
2026-07-22 00:00:00+05:30,618.15,620.55,606.65,608.85,725603
2026-07-23 00:00:00+05:30,606.0,614.15,603.95,607.0,627797
2026-07-24 00:00:00+05:30,603.1,604.9,594.95,602.45,622872
2026-07-27 00:00:00+05:30,605.45,610.95,603.25,608.5,1543100
2026-07-28 00:00:00+05:30,607.0,610.45,596.75,599.65,2262031
2026-07-29 00:00:00+05:30,602.2,611.6,602.2,609.15,1140985
2026-07-30 00:00:00+05:30,609.95,610.0,600.35,602.55,770756
2026-07-31 00:00:00+05:30,607.6,607.6,599.05,604.3,1386415
2026-08-03 00:00:00+05:30,606.45,622.6,598.0,620.0,2234338
2026-08-04 00:00:00+05:30,618.75,619.65,580.2,581.9,7452417
2026-08-05 00:00:00+05:30,581.0,583.9,576.4,577.25,3366460
2026-08-06 00:00:00+05:30,576.7,584.45,572.75,572.75,2528114
2026-08-07 00:00:00+05:30,573.05,575.0,570.15,573.0,882844
2026-08-10 00:00:00+05:30,572.75,577.05,567.0,567.0,1964879
2026-08-11 00:00:00+05:30,567.0,570.9,564.0,568.0,981675
2026-08-12 00:00:00+05:30,570.75,574.75,564.25,570.5,1452949
2026-08-13 00:00:00+05:30,569.9,569.9,563.3,568.15,1029127
2026-08-14 00:00:00+05:30,568.2,568.2,558.05,563.0,1557252
2026-08-17 00:00:00+05:30,566.0,568.7,561.5,567.1,1106329
2026-08-18 00:00:00+05:30,570.0,570.05,560.0,560.05,1746720
2026-08-19 00:00:00+05:30,559.2,571.4,557.95,568.0,2733671
2026-08-20 00:00:00+05:30,569.1,575.2,568.2,571.9,2830644
2026-08-21 00:00:00+05:30,571.0,573.7,566.0,569.0,885783
