datetime,open,high,low,close,volume
2011-08-24 00:00:00+05:30,82.8,85.01,81.02,81.75,5048663
2011-08-25 00:00:00+05:30,82.7,82.87,80.46,81.51,5242926
2011-08-26 00:00:00+05:30,81.47,81.6,75.22,76.27,7689413
2011-08-29 00:00:00+05:30,75.48,80.16,73.01,79.6,23541936
2011-08-30 00:00:00+05:30,80.46,88.65,79.9,87.59,27426028
2011-09-02 00:00:00+05:30,86.26,88.26,85.04,86.99,12286689
2011-09-05 00:00:00+05:30,86.58,87.53,84.48,86.99,6751949
2011-09-06 00:00:00+05:30,85.51,87.49,83.86,87.18,7888355
2011-09-07 00:00:00+05:30,87.4,89.74,86.75,87.34,8174483
2011-09-08 00:00:00+05:30,88.13,88.67,85.47,86.89,6096601
2011-09-09 00:00:00+05:30,86.82,87.14,85.02,85.44,5320698
2011-09-12 00:00:00+05:30,83.45,84.91,81.39,83.3,8365676
2011-09-13 00:00:00+05:30,83.71,85.94,83.3,85.1,5256076
2011-09-14 00:00:00+05:30,86.33,86.6,82.59,83.58,9069379
2011-09-15 00:00:00+05:30,84.35,84.48,81.66,83.9,9516162
2011-09-16 00:00:00+05:30,84.76,85.44,82.98,83.79,10796327
2011-09-19 00:00:00+05:30,83.41,83.41,81.77,82.33,5375203
2011-09-20 00:00:00+05:30,82.85,84.13,81.99,83.66,5843643
2011-09-21 00:00:00+05:30,84.57,84.57,81.84,82.39,5776229
2011-09-22 00:00:00+05:30,80.74,81.24,79.0,79.75,6383493
2011-09-23 00:00:00+05:30,77.58,79.22,76.9,77.5,7001572
2011-09-26 00:00:00+05:30,76.94,77.03,73.2,74.55,7039661
2011-09-27 00:00:00+05:30,76.21,76.62,74.12,74.88,8323003
2011-09-28 00:00:00+05:30,75.14,75.28,71.96,73.29,8862626
2011-09-29 00:00:00+05:30,71.33,72.69,70.86,71.55,9555301
2011-09-30 00:00:00+05:30,71.44,75.93,71.1,75.05,21728190
2011-10-03 00:00:00+05:30,73.35,74.28,71.85,72.71,6246204
2011-10-04 00:00:00+05:30,72.41,73.89,71.23,72.39,6743451
2011-10-05 00:00:00+05:30,72.06,73.76,71.7,72.21,6892608
2011-10-07 00:00:00+05:30,75.22,77.24,74.77,76.72,4854528
2011-10-10 00:00:00+05:30,74.06,81.32,72.88,80.93,17229825
2011-10-11 00:00:00+05:30,81.54,84.69,80.31,83.68,14180967
2011-10-12 00:00:00+05:30,83.79,86.02,83.79,85.68,9274024
2011-10-13 00:00:00+05:30,84.87,87.08,83.86,85.75,6399104
2011-10-14 00:00:00+05:30,84.29,84.84,81.02,82.31,10779941
2011-10-17 00:00:00+05:30,82.74,83.26,81.11,82.33,4973882
2011-10-18 00:00:00+05:30,80.16,82.68,80.12,81.82,4098600
2011-10-19 00:00:00+05:30,82.33,84.31,79.47,80.16,9071009
2011-10-20 00:00:00+05:30,79.26,80.08,77.33,78.27,5702781
2011-10-21 00:00:00+05:30,79.34,79.54,76.72,77.15,5704040
2011-10-24 00:00:00+05:30,78.91,79.47,76.83,78.21,4468231
2011-10-25 00:00:00+05:30,78.36,79.69,76.02,79.04,9839561
2011-10-26 00:00:00+05:30,77.24,77.3,74.84,76.72,3448736
2011-10-28 00:00:00+05:30,79.58,79.58,76.08,76.94,11762742
2011-10-31 00:00:00+05:30,77.05,78.76,76.06,77.6,7574864
2011-11-01 00:00:00+05:30,76.45,78.34,76.45,77.95,5192991
2011-11-02 00:00:00+05:30,77.09,78.55,76.72,77.75,3771074
2011-11-03 00:00:00+05:30,77.46,79.37,76.83,78.92,5881345
2011-11-04 00:00:00+05:30,79.56,81.13,77.99,78.57,9742245
2011-11-08 00:00:00+05:30,78.36,80.35,77.84,79.5,6986201
2011-11-09 00:00:00+05:30,79.93,80.12,76.94,77.46,6443530
2011-11-11 00:00:00+05:30,75.59,78.36,75.33,77.46,5248931
2011-11-14 00:00:00+05:30,78.21,78.96,75.29,75.71,4040183
2011-11-15 00:00:00+05:30,75.48,76.72,74.17,74.66,3503491
2011-11-16 00:00:00+05:30,74.47,76.34,73.29,75.22,4181566
2011-11-17 00:00:00+05:30,75.2,75.52,71.14,72.02,4626938
2011-11-18 00:00:00+05:30,71.12,72.04,68.03,68.69,10042223
2011-11-21 00:00:00+05:30,68.11,68.84,63.64,64.09,9179524
2011-11-22 00:00:00+05:30,64.37,66.84,64.12,65.55,8458110
2011-11-23 00:00:00+05:30,65.23,65.23,61.88,64.22,7489896
2011-11-24 00:00:00+05:30,64.37,67.32,61.93,65.92,8893380
2011-11-25 00:00:00+05:30,65.49,65.49,63.3,64.18,7567435
2011-11-28 00:00:00+05:30,65.23,68.09,65.02,67.64,6866444
2011-11-29 00:00:00+05:30,68.45,68.63,66.09,67.85,8916196
2011-11-30 00:00:00+05:30,67.14,69.16,66.28,68.67,7976759
2011-12-01 00:00:00+05:30,70.88,73.48,70.35,70.82,6902198
2011-12-02 00:00:00+05:30,71.21,72.34,69.1,71.2,8323821
2011-12-05 00:00:00+05:30,71.07,72.19,69.61,71.74,6921061
2011-12-07 00:00:00+05:30,71.48,72.43,69.94,70.54,7478352
2011-12-08 00:00:00+05:30,70.62,70.82,66.33,66.89,7101728
2011-12-09 00:00:00+05:30,65.53,66.31,64.59,65.34,5830512
2011-12-12 00:00:00+05:30,65.86,66.13,63.77,64.35,7068986
2011-12-13 00:00:00+05:30,63.64,65.68,63.24,64.74,5734896
2011-12-14 00:00:00+05:30,64.01,64.93,62.96,63.52,4349364
2011-12-15 00:00:00+05:30,62.16,62.79,60.25,61.5,7732350
2011-12-16 00:00:00+05:30,61.24,63.24,59.95,60.64,6206260
2011-12-19 00:00:00+05:30,59.88,59.88,57.71,59.15,5036703
2011-12-20 00:00:00+05:30,60.32,60.32,55.5,55.98,8191916
2011-12-21 00:00:00+05:30,57.63,61.45,56.96,60.62,7984148
2011-12-22 00:00:00+05:30,59.33,60.32,58.06,59.76,10091728
2011-12-23 00:00:00+05:30,60.59,62.57,59.13,60.51,8964517
2011-12-26 00:00:00+05:30,60.16,61.75,60.16,61.34,3403503
2011-12-27 00:00:00+05:30,61.22,62.31,59.5,60.7,4021448
2011-12-28 00:00:00+05:30,60.57,60.85,59.31,59.69,3823374
2011-12-29 00:00:00+05:30,59.73,60.96,58.98,59.82,5190073
2011-12-30 00:00:00+05:30,59.6,62.27,59.6,61.15,6747000
2012-01-02 00:00:00+05:30,60.64,60.64,57.28,58.79,9429714
2012-01-03 00:00:00+05:30,59.13,61.54,58.6,61.17,8870958
2012-01-04 00:00:00+05:30,61.02,63.32,60.27,62.03,8508440
2012-01-05 00:00:00+05:30,62.08,63.21,60.92,61.37,5882615
2012-01-06 00:00:00+05:30,60.92,62.4,59.05,61.92,6231627
2012-01-07 00:00:00+05:30,61.92,62.16,61.56,62.01,413183
2012-01-09 00:00:00+05:30,62.21,62.21,59.91,60.72,6116023
2012-01-10 00:00:00+05:30,61.02,63.24,61.02,62.72,8914555
2012-01-11 00:00:00+05:30,63.23,66.84,62.78,66.22,9975629
2012-01-12 00:00:00+05:30,66.05,70.2,65.88,69.68,9879035
2012-01-13 00:00:00+05:30,69.61,71.81,68.6,69.77,10592837
2012-01-16 00:00:00+05:30,69.33,71.7,67.45,71.25,7685127
2012-01-17 00:00:00+05:30,71.65,73.29,70.84,71.98,11303226
2012-01-18 00:00:00+05:30,72.23,72.79,69.79,70.67,8432804
2012-01-19 00:00:00+05:30,71.1,72.47,69.85,70.9,7319095
2012-01-20 00:00:00+05:30,71.48,72.41,70.02,70.92,7156134
2012-01-23 00:00:00+05:30,71.25,72.82,69.19,70.45,8877705
2012-01-24 00:00:00+05:30,70.58,72.04,69.53,70.86,7339086
2012-01-25 00:00:00+05:30,71.78,76.49,70.35,75.11,24298554
2012-01-27 00:00:00+05:30,75.93,80.8,75.63,80.36,22662448
2012-01-30 00:00:00+05:30,80.83,81.96,74.58,76.25,14428076
2012-01-31 00:00:00+05:30,76.23,81.96,75.41,81.56,14787085
2012-02-01 00:00:00+05:30,81.51,83.64,78.96,83.08,15832172
2012-02-02 00:00:00+05:30,83.83,87.85,83.41,86.99,16417104
2012-02-03 00:00:00+05:30,87.47,88.69,85.7,86.31,11540891
2012-02-06 00:00:00+05:30,87.94,87.94,84.29,85.77,11949357
2012-02-07 00:00:00+05:30,87.64,87.64,82.4,82.93,8464531
2012-02-08 00:00:00+05:30,83.45,86.82,81.82,84.82,13963256
2012-02-09 00:00:00+05:30,83.84,86.45,83.45,85.81,9024206
2012-02-10 00:00:00+05:30,84.95,90.67,84.67,87.91,17258070
2012-02-13 00:00:00+05:30,88.13,94.77,86.37,92.02,17436303
2012-02-14 00:00:00+05:30,92.06,94.17,90.99,91.57,11743911
2012-02-15 00:00:00+05:30,92.25,94.45,91.8,93.22,12358921
2012-02-16 00:00:00+05:30,92.13,95.88,90.99,94.51,9625823
2012-02-17 00:00:00+05:30,95.54,101.04,88.69,91.54,37883759
2012-02-21 00:00:00+05:30,91.65,95.05,90.56,92.34,14581195
2012-02-22 00:00:00+05:30,92.06,96.49,87.57,88.49,24112302
2012-02-23 00:00:00+05:30,87.91,91.24,84.57,85.04,20357002
2012-02-24 00:00:00+05:30,86.07,87.38,83.6,84.84,15218267
2012-02-27 00:00:00+05:30,78.83,81.52,75.87,76.29,41260946
2012-02-28 00:00:00+05:30,76.72,79.47,76.72,77.88,17978582
2012-02-29 00:00:00+05:30,79.34,80.74,77.39,80.23,11249069
2012-03-01 00:00:00+05:30,79.45,80.76,78.64,79.62,6838587
2012-03-02 00:00:00+05:30,80.76,80.83,78.31,79.35,7933355
2012-03-03 00:00:00+05:30,78.98,79.28,78.59,78.89,495409
2012-03-05 00:00:00+05:30,78.51,78.59,76.57,77.07,8120462
2012-03-06 00:00:00+05:30,77.03,79.13,73.93,74.21,12724373
2012-03-07 00:00:00+05:30,74.02,74.62,71.21,72.15,7912199
2012-03-09 00:00:00+05:30,74.02,76.3,73.63,75.29,8962550
2012-03-12 00:00:00+05:30,77.02,77.02,73.39,74.77,8387045
2012-03-13 00:00:00+05:30,75.39,78.74,75.39,78.12,10893915
2012-03-14 00:00:00+05:30,79.78,80.5,77.8,78.76,8202391
2012-03-15 00:00:00+05:30,79.11,79.11,76.15,76.87,7567393
2012-03-16 00:00:00+05:30,77.09,77.78,73.89,74.32,6588480
2012-03-19 00:00:00+05:30,74.81,76.7,73.37,74.12,6336059
2012-03-20 00:00:00+05:30,74.43,76.08,73.57,74.47,5985035
2012-03-21 00:00:00+05:30,74.25,77.09,73.18,76.08,8732386
2012-03-22 00:00:00+05:30,76.15,77.63,73.44,74.1,10435156
2012-03-23 00:00:00+05:30,74.68,75.82,72.71,74.34,5758144
2012-03-26 00:00:00+05:30,74.28,74.81,69.85,70.69,7230573
2012-03-27 00:00:00+05:30,72.6,73.54,71.2,73.14,9146758
2012-03-28 00:00:00+05:30,72.79,72.79,70.63,71.05,6170787
2012-03-29 00:00:00+05:30,70.02,71.2,69.79,70.54,10167071
2012-03-30 00:00:00+05:30,70.8,73.1,70.8,72.86,5569450
2012-04-02 00:00:00+05:30,73.12,73.33,71.59,72.09,5453990
2012-04-03 00:00:00+05:30,72.75,74.66,72.75,74.28,7093126
2012-04-04 00:00:00+05:30,73.61,73.91,71.94,72.86,4378707
2012-04-09 00:00:00+05:30,72.04,72.04,69.4,69.85,5594208
2012-04-10 00:00:00+05:30,69.79,70.0,67.96,68.61,9799051
2012-04-11 00:00:00+05:30,67.73,67.87,66.14,67.15,10660272
2012-04-12 00:00:00+05:30,68.11,69.42,67.62,69.21,7840560
2012-04-13 00:00:00+05:30,69.61,71.78,69.23,69.68,11207345
2012-04-16 00:00:00+05:30,69.23,69.81,68.41,69.18,3925089
2012-04-17 00:00:00+05:30,69.23,71.44,69.23,71.12,5716762
2012-04-18 00:00:00+05:30,71.68,72.6,71.31,71.53,4867801
2012-04-19 00:00:00+05:30,72.19,72.77,69.34,72.28,6095586
2012-04-20 00:00:00+05:30,71.48,72.94,70.43,71.07,6106096
2012-04-23 00:00:00+05:30,70.39,71.48,67.58,67.9,6209953
2012-04-24 00:00:00+05:30,67.88,68.97,66.61,68.24,7043103
2012-04-25 00:00:00+05:30,69.06,70.19,68.37,69.61,7825764
2012-04-26 00:00:00+05:30,70.5,70.5,68.75,69.4,7365506
2012-04-27 00:00:00+05:30,69.23,70.69,67.92,68.73,4936971
2012-04-28 00:00:00+05:30,68.99,69.72,68.48,69.36,221544
2012-04-30 00:00:00+05:30,69.47,71.03,69.16,70.5,5229488
2012-05-02 00:00:00+05:30,70.92,71.48,69.91,70.43,5171838
2012-05-03 00:00:00+05:30,69.92,71.57,69.72,70.37,7872255
2012-05-04 00:00:00+05:30,69.34,69.92,67.4,67.58,5153338
2012-05-07 00:00:00+05:30,66.52,69.12,65.86,68.78,6799637
2012-05-08 00:00:00+05:30,69.33,69.33,66.8,67.57,4160068
2012-05-09 00:00:00+05:30,66.95,67.23,65.6,66.22,5438598
2012-05-10 00:00:00+05:30,65.9,67.36,64.55,65.53,4482498
2012-05-11 00:00:00+05:30,65.08,67.51,64.44,66.95,4745030
2012-05-14 00:00:00+05:30,67.51,68.35,65.98,67.75,3669761
2012-05-15 00:00:00+05:30,66.72,72.75,66.72,71.03,10446732
2012-05-16 00:00:00+05:30,69.61,71.63,69.23,69.91,9486730
2012-05-17 00:00:00+05:30,69.98,71.81,68.78,69.74,8255258
2012-05-18 00:00:00+05:30,68.02,73.57,67.49,72.56,10256824
2012-05-21 00:00:00+05:30,73.35,74.47,72.08,72.64,11916246
2012-05-22 00:00:00+05:30,73.16,73.52,68.56,68.84,9762308
2012-05-23 00:00:00+05:30,68.56,69.92,66.16,66.61,8499414
2012-05-24 00:00:00+05:30,67.36,67.9,65.53,67.08,10922444
2012-05-25 00:00:00+05:30,67.36,68.67,66.61,67.88,6008705
2012-05-28 00:00:00+05:30,67.64,70.62,67.64,70.07,4068607
2012-05-29 00:00:00+05:30,70.47,71.03,69.04,69.33,3853554
2012-05-30 00:00:00+05:30,69.04,69.49,68.11,68.58,2725464
2012-05-31 00:00:00+05:30,67.38,70.95,66.95,70.04,10283512
2012-06-01 00:00:00+05:30,68.86,69.83,67.55,67.94,4098538
2012-06-04 00:00:00+05:30,66.87,67.72,65.96,66.33,3457639
2012-06-05 00:00:00+05:30,66.8,67.73,65.32,65.81,4112238
2012-06-06 00:00:00+05:30,66.13,68.84,66.13,67.85,5454839
2012-06-07 00:00:00+05:30,68.58,70.63,68.58,69.96,5631990
2012-06-08 00:00:00+05:30,69.12,70.92,68.07,70.52,4785482
2012-06-11 00:00:00+05:30,71.36,72.6,68.54,69.46,5585368
2012-06-12 00:00:00+05:30,68.82,71.66,68.43,70.75,5458580
2012-06-13 00:00:00+05:30,70.73,71.18,69.34,70.11,3434255
2012-06-14 00:00:00+05:30,70.2,71.65,69.46,70.22,4579544
2012-06-15 00:00:00+05:30,71.1,71.1,68.52,69.29,5035770
2012-06-18 00:00:00+05:30,70.35,71.33,67.94,68.3,5817344
2012-06-19 00:00:00+05:30,67.92,69.33,65.6,66.29,6433886
2012-06-20 00:00:00+05:30,66.93,68.82,66.93,68.26,5892561
2012-06-21 00:00:00+05:30,67.79,69.96,67.79,69.64,4642386
2012-06-22 00:00:00+05:30,68.86,70.9,67.73,69.91,5411440
2012-06-25 00:00:00+05:30,69.61,71.07,69.34,70.11,5655708
2012-06-26 00:00:00+05:30,70.05,70.43,68.69,69.1,3717141
2012-06-27 00:00:00+05:30,69.94,72.32,69.61,71.65,6044494
2012-06-28 00:00:00+05:30,72.0,72.56,68.89,69.55,7089645
2012-06-29 00:00:00+05:30,70.73,71.85,70.19,71.72,5550306
2012-07-02 00:00:00+05:30,72.58,72.58,70.77,71.7,5446903
2012-07-03 00:00:00+05:30,71.87,74.04,71.53,72.99,8151991
2012-07-04 00:00:00+05:30,73.59,77.82,73.52,76.1,24121933
2012-07-05 00:00:00+05:30,76.59,77.22,75.35,75.74,9119007
2012-07-06 00:00:00+05:30,75.59,75.76,73.91,74.23,6096414
2012-07-09 00:00:00+05:30,73.72,74.1,72.67,73.33,3909216
2012-07-10 00:00:00+05:30,73.72,75.41,72.84,74.98,7207467
2012-07-11 00:00:00+05:30,74.7,75.71,73.57,73.89,8847133
2012-07-12 00:00:00+05:30,73.35,73.35,71.93,72.15,7104929
2012-07-13 00:00:00+05:30,72.41,73.07,70.86,71.46,5475185
2012-07-16 00:00:00+05:30,70.82,71.38,69.34,69.77,4366284
2012-07-17 00:00:00+05:30,70.15,70.73,68.86,69.46,3690208
2012-07-18 00:00:00+05:30,69.61,71.91,69.61,71.48,5833599
2012-07-19 00:00:00+05:30,72.23,72.97,71.68,72.43,4406412
2012-07-20 00:00:00+05:30,71.94,72.96,70.95,72.06,3315986
2012-07-23 00:00:00+05:30,71.1,71.14,68.45,68.69,4480058
2012-07-24 00:00:00+05:30,68.58,70.07,68.3,69.59,4657818
2012-07-25 00:00:00+05:30,68.86,69.64,67.64,68.48,5371758
2012-07-26 00:00:00+05:30,69.21,69.21,66.24,66.74,5783653
2012-07-27 00:00:00+05:30,68.48,69.51,67.45,68.46,4290436
2012-07-30 00:00:00+05:30,68.86,70.35,68.6,70.17,3788155
2012-07-31 00:00:00+05:30,70.45,71.81,68.48,71.18,4710863
2012-08-01 00:00:00+05:30,70.93,71.85,69.42,69.68,5729364
2012-08-02 00:00:00+05:30,68.97,69.87,68.3,69.18,4933128
2012-08-03 00:00:00+05:30,68.67,68.82,67.36,67.88,3994144
2012-08-06 00:00:00+05:30,68.86,69.14,68.3,68.63,2396728
2012-08-07 00:00:00+05:30,68.56,69.23,68.18,68.37,5601153
2012-08-08 00:00:00+05:30,68.46,69.92,68.46,69.06,5645102
2012-08-09 00:00:00+05:30,69.27,70.82,68.97,70.41,5944198
2012-08-10 00:00:00+05:30,69.76,71.72,69.76,71.55,5407095
2012-08-13 00:00:00+05:30,71.85,73.24,71.59,73.03,5351148
2012-08-14 00:00:00+05:30,72.23,72.86,71.4,72.28,3967681
2012-08-16 00:00:00+05:30,72.09,73.09,70.13,70.39,5411339
2012-08-17 00:00:00+05:30,69.83,71.65,69.49,70.02,4715748
2012-08-21 00:00:00+05:30,69.81,72.86,69.36,72.47,4036575
2012-08-22 00:00:00+05:30,71.85,72.96,71.1,71.29,5078656
2012-08-23 00:00:00+05:30,71.57,72.67,70.22,71.25,6172997
2012-08-24 00:00:00+05:30,70.39,72.19,70.13,71.81,4743042
2012-08-27 00:00:00+05:30,71.85,72.02,69.83,70.17,2621937
2012-08-28 00:00:00+05:30,70.2,70.39,67.17,68.26,5053567
2012-08-29 00:00:00+05:30,68.07,68.07,64.18,64.5,6475542
2012-08-30 00:00:00+05:30,63.95,65.41,62.78,64.57,9601012
2012-08-31 00:00:00+05:30,64.18,65.41,62.91,64.16,8688942
2012-09-03 00:00:00+05:30,64.93,66.5,63.15,63.47,10537033
2012-09-04 00:00:00+05:30,63.62,64.14,62.72,63.6,7474555
2012-09-05 00:00:00+05:30,62.87,63.09,61.07,61.43,5417089
2012-09-06 00:00:00+05:30,61.11,62.23,60.87,61.04,5989091
2012-09-07 00:00:00+05:30,62.36,62.87,61.95,62.51,6308936
2012-09-08 00:00:00+05:30,62.87,63.95,62.27,63.62,1287318
2012-09-10 00:00:00+05:30,63.64,64.35,63.08,63.52,5539842
2012-09-11 00:00:00+05:30,59.88,61.15,59.07,59.61,16664512
2012-09-12 00:00:00+05:30,60.08,61.15,58.88,60.85,14515854
2012-09-13 00:00:00+05:30,59.69,60.38,59.35,59.93,7728317
2012-09-14 00:00:00+05:30,61.37,63.54,61.13,63.32,9754821
2012-09-17 00:00:00+05:30,64.09,66.56,64.09,65.96,9118457
2012-09-18 00:00:00+05:30,65.3,66.76,65.17,65.96,5282536
2012-09-20 00:00:00+05:30,65.12,65.3,63.36,64.05,5014542
2012-09-21 00:00:00+05:30,64.37,68.11,64.37,67.79,9885523
2012-09-24 00:00:00+05:30,68.05,70.24,67.23,67.75,7812286
2012-09-25 00:00:00+05:30,67.94,68.78,65.9,66.56,4403294
2012-09-26 00:00:00+05:30,65.49,66.76,65.36,65.83,4016403
2012-09-27 00:00:00+05:30,65.83,66.39,63.13,63.52,7366246
2012-09-28 00:00:00+05:30,64.25,65.26,63.9,64.07,7251780
2012-10-01 00:00:00+05:30,64.83,65.3,63.73,64.87,6871765
2012-10-03 00:00:00+05:30,65.3,66.41,64.93,66.07,6710589
2012-10-04 00:00:00+05:30,66.09,66.61,65.38,65.53,5511487
2012-10-05 00:00:00+05:30,65.58,66.28,54.26,64.42,6693780
2012-10-08 00:00:00+05:30,63.99,65.75,63.86,63.97,7326339
2012-10-09 00:00:00+05:30,64.46,65.34,64.07,64.74,4194288
2012-10-10 00:00:00+05:30,63.86,65.08,63.36,63.79,4182985
2012-10-11 00:00:00+05:30,63.81,65.34,62.91,65.1,5220547
2012-10-12 00:00:00+05:30,64.67,65.96,64.48,65.02,3770094
2012-10-15 00:00:00+05:30,64.37,64.93,63.99,64.33,3240842
2012-10-16 00:00:00+05:30,64.57,64.82,62.76,63.06,3532656
2012-10-17 00:00:00+05:30,63.62,63.81,62.63,63.54,3844749
2012-10-18 00:00:00+05:30,63.71,64.37,63.06,64.07,3124590
2012-10-19 00:00:00+05:30,63.84,64.14,62.87,63.26,2477350
2012-10-22 00:00:00+05:30,62.7,63.11,62.12,62.7,2904599
2012-10-23 00:00:00+05:30,62.59,63.17,62.16,62.44,2253888
2012-10-25 00:00:00+05:30,63.15,63.71,62.42,63.28,8362025
2012-10-26 00:00:00+05:30,62.76,63.95,62.76,63.56,4160846
2012-10-29 00:00:00+05:30,64.05,64.55,62.68,62.93,3587813
2012-10-30 00:00:00+05:30,62.68,63.32,61.78,62.46,2232123
2012-10-31 00:00:00+05:30,61.93,64.27,61.93,64.05,4123248
2012-11-01 00:00:00+05:30,63.82,65.0,63.49,64.35,3399447
2012-11-02 00:00:00+05:30,64.63,65.98,64.53,65.79,5063705
2012-11-05 00:00:00+05:30,65.75,66.39,65.02,66.16,3508149
2012-11-06 00:00:00+05:30,65.58,66.29,65.06,65.68,2627453
2012-11-07 00:00:00+05:30,65.51,66.65,65.51,66.09,2414856
2012-11-08 00:00:00+05:30,65.3,66.91,64.97,66.71,3718873
2012-11-09 00:00:00+05:30,66.46,66.57,64.55,64.82,2640776
2012-11-12 00:00:00+05:30,64.93,65.79,64.53,65.23,1616888
2012-11-13 00:00:00+05:30,65.12,65.38,64.68,64.95,257233
2012-11-15 00:00:00+05:30,64.37,64.76,63.26,63.56,3101984
2012-11-16 00:00:00+05:30,63.3,64.14,62.81,62.94,3445064
2012-11-19 00:00:00+05:30,63.08,63.34,61.75,62.25,3610259
2012-11-20 00:00:00+05:30,62.46,63.36,60.96,61.32,3561665
2012-11-21 00:00:00+05:30,61.8,62.42,61.37,62.23,1905049
2012-11-22 00:00:00+05:30,62.53,62.87,61.43,62.61,1594295
2012-11-23 00:00:00+05:30,62.79,62.87,61.47,62.14,1093943
2012-11-26 00:00:00+05:30,62.23,63.79,62.23,62.85,3355318
2012-11-27 00:00:00+05:30,63.13,65.28,63.13,64.53,5027155
2012-11-29 00:00:00+05:30,64.4,67.17,64.18,66.78,8638982
2012-11-30 00:00:00+05:30,66.87,68.67,66.84,68.18,4986890
2012-12-03 00:00:00+05:30,68.3,69.23,67.75,68.26,3181775
2012-12-04 00:00:00+05:30,68.2,68.48,66.89,67.47,2068385
2012-12-05 00:00:00+05:30,67.85,71.1,67.85,70.73,9230085
2012-12-06 00:00:00+05:30,71.25,72.04,69.72,71.85,6524254
2012-12-07 00:00:00+05:30,72.37,72.39,69.89,70.28,4113147
2012-12-10 00:00:00+05:30,68.86,70.97,67.94,70.5,6960714
2012-12-11 00:00:00+05:30,70.75,71.23,69.25,70.32,4686912
2012-12-12 00:00:00+05:30,70.69,71.07,69.68,70.22,2800718
2012-12-13 00:00:00+05:30,70.39,70.9,67.36,67.75,3442381
2012-12-14 00:00:00+05:30,67.77,70.77,67.45,70.26,4658403
2012-12-17 00:00:00+05:30,69.23,72.41,69.23,72.23,5577945
2012-12-18 00:00:00+05:30,72.45,74.06,72.21,72.97,7602724
2012-12-19 00:00:00+05:30,73.54,74.81,73.35,74.12,4629570
2012-12-20 00:00:00+05:30,73.91,75.44,72.23,74.58,5840594
2012-12-21 00:00:00+05:30,74.12,75.41,72.24,72.86,5941748
2012-12-24 00:00:00+05:30,72.86,73.63,71.65,71.98,3529080
2012-12-26 00:00:00+05:30,72.32,73.65,72.23,72.58,2925560
2012-12-27 00:00:00+05:30,72.97,73.57,71.42,72.0,6272154
2012-12-28 00:00:00+05:30,71.94,73.16,71.94,72.96,3015968
2012-12-31 00:00:00+05:30,72.66,73.76,72.66,73.14,2083197
2013-01-01 00:00:00+05:30,73.72,74.73,73.42,74.32,3019485
2013-01-02 00:00:00+05:30,74.84,76.64,74.84,75.93,6409066
2013-01-03 00:00:00+05:30,76.17,76.88,75.61,76.49,4359633
2013-01-04 00:00:00+05:30,76.27,76.27,74.51,75.48,3676829
2013-01-07 00:00:00+05:30,75.67,76.72,74.73,75.84,4869108
2013-01-08 00:00:00+05:30,75.84,75.95,73.97,74.73,3856817
2013-01-09 00:00:00+05:30,75.37,75.56,73.25,73.67,2657055
2013-01-10 00:00:00+05:30,74.19,74.43,71.96,72.34,4696343
2013-01-11 00:00:00+05:30,72.73,73.91,72.09,72.75,4946024
2013-01-14 00:00:00+05:30,72.69,73.93,72.24,73.67,2504623
2013-01-15 00:00:00+05:30,73.22,73.85,72.15,72.6,3038653
2013-01-16 00:00:00+05:30,72.3,73.52,71.03,71.33,7588973
2013-01-17 00:00:00+05:30,70.77,71.85,70.04,70.97,7224911
2013-01-18 00:00:00+05:30,71.23,71.83,69.49,70.04,3345642
2013-01-21 00:00:00+05:30,70.07,70.93,69.59,69.92,2763708
2013-01-22 00:00:00+05:30,70.07,70.54,68.95,69.25,2326543
2013-01-23 00:00:00+05:30,69.29,69.87,68.15,69.1,2229443
2013-01-24 00:00:00+05:30,68.48,68.8,66.24,66.69,4577451
2013-01-25 00:00:00+05:30,65.49,68.99,65.0,68.56,6805385
2013-01-28 00:00:00+05:30,68.6,69.57,67.87,68.5,4313495
2013-01-29 00:00:00+05:30,68.02,69.98,68.02,68.61,3462968
2013-01-30 00:00:00+05:30,68.43,70.6,68.43,69.91,3694850
2013-01-31 00:00:00+05:30,69.33,70.45,68.11,69.81,5835461
2013-02-01 00:00:00+05:30,69.92,71.03,68.45,68.73,2811810
2013-02-04 00:00:00+05:30,69.1,69.42,67.17,67.49,3347898
2013-02-05 00:00:00+05:30,66.69,66.97,65.83,66.52,2231626
2013-02-06 00:00:00+05:30,67.14,68.02,66.39,67.04,4460922
2013-02-07 00:00:00+05:30,66.69,66.99,64.37,65.26,5304488
2013-02-08 00:00:00+05:30,65.38,65.6,63.06,63.56,4312624
2013-02-11 00:00:00+05:30,63.69,64.91,63.0,64.29,2200859
2013-02-12 00:00:00+05:30,64.07,64.63,62.87,63.86,2209185
2013-02-13 00:00:00+05:30,64.03,64.52,61.82,62.08,3204700
2013-02-14 00:00:00+05:30,61.82,62.98,60.74,61.05,3610550
2013-02-15 00:00:00+05:30,60.62,62.07,60.49,61.75,2262327
2013-02-18 00:00:00+05:30,61.93,62.98,61.3,62.83,2578071
2013-02-19 00:00:00+05:30,62.5,64.27,62.5,63.95,3134587
2013-02-20 00:00:00+05:30,64.09,64.48,63.28,63.6,2266514
2013-02-21 00:00:00+05:30,62.87,63.58,61.0,61.28,3746121
2013-02-22 00:00:00+05:30,61.04,61.65,60.47,60.89,2790208
2013-02-25 00:00:00+05:30,61.17,61.47,59.6,60.25,3505178
2013-02-26 00:00:00+05:30,59.8,60.06,58.98,59.43,2613325
2013-02-27 00:00:00+05:30,60.55,60.62,58.88,60.31,3445711
2013-02-28 00:00:00+05:30,61.02,61.34,57.35,57.95,9112821
2013-03-01 00:00:00+05:30,57.82,59.13,57.22,57.61,2295470
2013-03-04 00:00:00+05:30,56.88,57.63,55.46,55.7,3682611
2013-03-05 00:00:00+05:30,55.98,59.05,55.76,58.66,4042184
2013-03-06 00:00:00+05:30,58.85,61.17,58.62,60.64,4966581
2013-03-07 00:00:00+05:30,60.25,61.99,59.43,61.77,5686412
2013-03-08 00:00:00+05:30,62.12,63.15,61.28,62.55,5288268
2013-03-11 00:00:00+05:30,62.59,63.71,61.3,62.29,4602428
2013-03-12 00:00:00+05:30,62.5,62.59,60.44,61.37,4123120
2013-03-13 00:00:00+05:30,61.0,62.36,60.62,61.32,4533007
2013-03-14 00:00:00+05:30,61.11,62.18,60.49,61.8,2963879
2013-03-15 00:00:00+05:30,62.12,63.32,61.28,61.6,2960686
2013-03-18 00:00:00+05:30,61.0,61.22,60.06,60.59,3583430
2013-03-19 00:00:00+05:30,60.66,61.05,57.71,58.1,2976407
2013-03-20 00:00:00+05:30,58.19,59.02,56.69,57.48,3135669
2013-03-21 00:00:00+05:30,57.46,59.13,56.55,56.96,2890683
2013-03-22 00:00:00+05:30,56.64,58.25,56.64,57.61,2339348
2013-03-25 00:00:00+05:30,58.04,58.85,56.56,56.81,4652895
2013-03-26 00:00:00+05:30,56.96,57.33,56.13,56.75,4078441
2013-03-28 00:00:00+05:30,56.53,59.02,56.17,58.19,6726085
2013-04-01 00:00:00+05:30,58.36,58.38,55.97,56.64,5935113
2013-04-02 00:00:00+05:30,56.68,59.09,56.28,58.72,6327086
2013-04-03 00:00:00+05:30,58.55,59.02,56.9,57.14,6014458
2013-04-04 00:00:00+05:30,57.03,57.14,54.64,55.01,6502401
2013-04-05 00:00:00+05:30,55.01,56.45,54.66,56.11,4973486
2013-04-08 00:00:00+05:30,56.15,56.66,54.32,54.62,4493878
2013-04-09 00:00:00+05:30,55.35,56.04,54.26,54.64,4220802
2013-04-10 00:00:00+05:30,55.05,55.55,53.46,55.1,4868167
2013-04-11 00:00:00+05:30,55.61,56.02,54.51,55.09,2978892
2013-04-12 00:00:00+05:30,54.64,55.7,54.49,55.37,2675299
2013-04-15 00:00:00+05:30,54.64,55.01,53.51,53.74,3319228
2013-04-16 00:00:00+05:30,53.36,53.94,52.5,53.66,5014133
2013-04-17 00:00:00+05:30,53.89,56.64,53.85,55.85,8159171
2013-04-18 00:00:00+05:30,56.79,57.63,54.51,56.69,23567528
2013-04-22 00:00:00+05:30,57.09,57.2,55.78,56.92,4859317
2013-04-23 00:00:00+05:30,57.07,58.34,56.23,56.69,5373722
2013-04-25 00:00:00+05:30,57.03,58.0,56.55,57.71,7417635
2013-04-26 00:00:00+05:30,57.82,58.47,56.79,57.05,2457429
2013-04-29 00:00:00+05:30,56.51,58.3,56.13,58.08,4684919
2013-04-30 00:00:00+05:30,58.6,60.96,57.82,59.41,7012009
2013-05-02 00:00:00+05:30,59.54,60.14,58.55,59.15,4312845
2013-05-03 00:00:00+05:30,59.28,61.19,58.79,60.21,4354922
2013-05-06 00:00:00+05:30,60.66,61.93,60.57,61.47,3538511
2013-05-07 00:00:00+05:30,62.05,62.05,60.7,61.39,4365937
2013-05-08 00:00:00+05:30,61.73,62.2,61.3,61.63,3013550
2013-05-09 00:00:00+05:30,61.41,62.03,60.59,60.79,2614712
2013-05-10 00:00:00+05:30,60.81,61.28,60.14,60.91,2031896
2013-05-11 00:00:00+05:30,60.91,61.69,60.77,61.49,316163
2013-05-13 00:00:00+05:30,61.09,61.9,59.31,59.56,2312938
2013-05-14 00:00:00+05:30,59.84,60.51,59.24,60.12,2830908
2013-05-15 00:00:00+05:30,59.61,61.56,59.61,61.35,2993164
2013-05-16 00:00:00+05:30,61.02,63.24,60.77,62.89,4840083
2013-05-17 00:00:00+05:30,63.21,63.24,61.56,62.16,3844912
2013-05-20 00:00:00+05:30,61.84,63.06,61.69,61.88,1549469
2013-05-21 00:00:00+05:30,62.18,62.42,60.12,60.76,1989779
2013-05-22 00:00:00+05:30,61.09,61.3,59.73,60.29,1490969
2013-05-23 00:00:00+05:30,59.13,59.69,58.34,58.62,1778882
2013-05-24 00:00:00+05:30,58.57,60.29,57.89,59.93,2165944
2013-05-27 00:00:00+05:30,59.91,61.69,59.07,61.34,1866717
2013-05-28 00:00:00+05:30,61.19,61.37,60.08,60.53,2123854
2013-05-29 00:00:00+05:30,60.4,60.85,59.05,59.39,1916545
2013-05-30 00:00:00+05:30,58.75,59.71,58.55,59.0,5445257
2013-05-31 00:00:00+05:30,58.85,62.44,58.83,61.34,13168882
2013-06-03 00:00:00+05:30,60.98,61.32,59.95,60.23,3432654
2013-06-04 00:00:00+05:30,60.44,60.98,58.72,58.98,2389304
2013-06-05 00:00:00+05:30,58.77,59.54,58.38,59.22,1455341
2013-06-06 00:00:00+05:30,58.38,59.58,58.38,58.64,1917181
2013-06-07 00:00:00+05:30,58.38,59.26,57.72,57.82,2117251
2013-06-10 00:00:00+05:30,58.04,58.25,55.98,56.83,2958140
2013-06-11 00:00:00+05:30,56.23,56.75,54.66,55.09,2657488
2013-06-12 00:00:00+05:30,54.82,55.72,53.74,54.02,2369942
2013-06-13 00:00:00+05:30,53.44,53.85,51.92,52.26,4154000
2013-06-14 00:00:00+05:30,52.67,53.66,52.67,53.18,3881238
2013-06-17 00:00:00+05:30,53.51,53.61,51.87,52.48,2727203
2013-06-18 00:00:00+05:30,52.11,53.85,52.11,53.1,3539919
2013-06-19 00:00:00+05:30,52.77,54.82,52.77,54.62,4234227
2013-06-20 00:00:00+05:30,53.51,53.53,52.09,52.34,6241025
2013-06-21 00:00:00+05:30,51.74,53.03,50.56,51.79,3838595
2013-06-24 00:00:00+05:30,51.31,52.54,49.81,50.26,5998981
2013-06-25 00:00:00+05:30,50.15,51.29,49.6,50.24,4147840
2013-06-26 00:00:00+05:30,50.22,51.01,49.3,50.3,8302449
2013-06-27 00:00:00+05:30,51.31,52.58,50.46,51.79,5744564
2013-06-28 00:00:00+05:30,52.09,54.26,52.05,53.44,4903486
2013-07-01 00:00:00+05:30,54.15,56.02,53.66,55.78,3419887
2013-07-02 00:00:00+05:30,55.39,57.63,55.31,56.51,4861262
2013-07-03 00:00:00+05:30,55.76,55.76,53.48,53.87,3338986
2013-07-04 00:00:00+05:30,53.91,54.15,52.43,53.16,3138045
2013-07-05 00:00:00+05:30,53.51,54.6,52.69,53.59,2275846
2013-07-08 00:00:00+05:30,52.95,53.63,52.28,52.77,2701441
2013-07-09 00:00:00+05:30,53.14,53.98,52.71,53.68,3438041
2013-07-10 00:00:00+05:30,53.96,54.36,52.63,52.95,3208708
2013-07-11 00:00:00+05:30,53.5,56.62,53.5,56.28,10059531
2013-07-12 00:00:00+05:30,56.58,57.33,55.5,56.9,6518597
2013-07-15 00:00:00+05:30,56.88,59.09,56.77,58.53,3585017
2013-07-16 00:00:00+05:30,57.24,58.3,56.13,56.94,3433451
2013-07-17 00:00:00+05:30,56.94,57.76,55.25,56.45,5261805
2013-07-18 00:00:00+05:30,56.32,57.18,55.14,55.98,3332655
2013-07-19 00:00:00+05:30,56.06,57.01,54.02,54.66,4742823
2013-07-22 00:00:00+05:30,54.64,55.39,54.28,54.56,2279616
2013-07-23 00:00:00+05:30,55.05,56.23,54.84,55.33,2670283
2013-07-24 00:00:00+05:30,54.64,55.31,52.77,53.65,2260478
2013-07-25 00:00:00+05:30,53.18,53.83,52.02,52.37,4147292
2013-07-26 00:00:00+05:30,52.02,53.14,48.09,49.1,5020472
2013-07-29 00:00:00+05:30,48.65,49.58,46.29,46.93,7007210
2013-07-30 00:00:00+05:30,45.02,47.11,45.02,46.31,7981633
2013-07-31 00:00:00+05:30,45.99,48.42,44.64,47.84,4991970
2013-08-01 00:00:00+05:30,48.27,49.19,46.7,47.6,3799720
2013-08-02 00:00:00+05:30,47.41,48.56,45.36,46.37,7624711
2013-08-05 00:00:00+05:30,46.39,48.91,45.82,48.63,4303303
2013-08-06 00:00:00+05:30,48.16,48.16,45.54,46.8,8110623
2013-08-07 00:00:00+05:30,46.4,49.38,46.07,49.0,4322652
2013-08-08 00:00:00+05:30,49.15,50.33,47.99,49.19,4434150
2013-08-12 00:00:00+05:30,49.85,51.62,49.32,50.61,4819357
2013-08-13 00:00:00+05:30,50.82,51.49,49.96,50.93,2807246
2013-08-14 00:00:00+05:30,51.64,52.77,51.03,52.28,3682478
2013-08-16 00:00:00+05:30,51.29,52.11,48.24,48.74,3732346
2013-08-19 00:00:00+05:30,48.14,51.04,47.04,48.59,5017367
2013-08-20 00:00:00+05:30,47.69,58.15,47.08,56.55,34427372
2013-08-21 00:00:00+05:30,57.07,58.66,50.63,51.46,16352632
2013-08-22 00:00:00+05:30,52.35,60.21,52.05,58.3,24129623
2013-08-23 00:00:00+05:30,58.83,59.46,55.39,57.28,15515493
2013-08-26 00:00:00+05:30,57.8,63.84,57.71,62.76,58137873
2013-08-27 00:00:00+05:30,61.0,65.4,59.15,63.0,45650994
2013-08-28 00:00:00+05:30,61.56,65.23,59.97,63.3,17905441
2013-08-29 00:00:00+05:30,63.99,74.66,62.16,72.02,70593589
2013-08-30 00:00:00+05:30,70.02,71.66,68.16,70.63,36042772
2013-09-02 00:00:00+05:30,69.98,72.71,69.61,70.65,17354568
2013-09-03 00:00:00+05:30,70.73,73.35,67.66,69.03,38111966
2013-09-04 00:00:00+05:30,68.82,70.8,66.69,69.89,18930906
2013-09-05 00:00:00+05:30,70.54,72.04,64.87,66.86,28469680
2013-09-06 00:00:00+05:30,64.74,68.24,62.94,65.68,77820494
2013-09-10 00:00:00+05:30,66.2,70.9,65.0,69.89,47107620
2013-09-11 00:00:00+05:30,70.19,71.83,69.44,70.45,36583691
2013-09-12 00:00:00+05:30,71.4,71.4,67.7,68.65,26318158
2013-09-13 00:00:00+05:30,68.48,69.98,68.11,68.82,22200727
2013-09-16 00:00:00+05:30,69.25,70.39,64.14,66.18,26208221
2013-09-17 00:00:00+05:30,66.44,69.23,65.62,67.57,34900463
2013-09-18 00:00:00+05:30,67.77,68.35,65.62,66.46,18097088
2013-09-19 00:00:00+05:30,68.39,71.55,67.36,69.46,37978405
2013-09-20 00:00:00+05:30,69.04,69.04,66.11,66.61,36042297
2013-09-23 00:00:00+05:30,66.22,69.29,65.6,68.82,29799513
2013-09-24 00:00:00+05:30,68.82,69.23,67.6,68.13,21206965
2013-09-25 00:00:00+05:30,68.48,71.25,66.69,70.63,34712920
2013-09-26 00:00:00+05:30,70.71,72.45,69.25,69.89,60783545
2013-09-27 00:00:00+05:30,70.17,71.08,67.64,68.37,19719874
2013-09-30 00:00:00+05:30,68.39,69.36,67.06,67.64,21098629
2013-10-01 00:00:00+05:30,67.73,67.73,64.82,65.58,29416304
2013-10-03 00:00:00+05:30,66.54,71.36,66.28,70.41,36235063
2013-10-04 00:00:00+05:30,69.23,72.23,68.48,70.04,22637308
2013-10-07 00:00:00+05:30,70.54,71.08,69.34,70.5,15492939
2013-10-08 00:00:00+05:30,70.35,71.07,69.33,69.66,15181014
2013-10-09 00:00:00+05:30,68.95,69.36,68.24,68.97,18096503
2013-10-10 00:00:00+05:30,68.56,70.65,68.56,70.0,12946026
2013-10-11 00:00:00+05:30,70.49,70.63,68.22,68.56,13109565
2013-10-14 00:00:00+05:30,68.3,69.98,67.68,68.65,14685742
2013-10-15 00:00:00+05:30,68.88,69.98,67.06,69.18,18856202
2013-10-17 00:00:00+05:30,69.23,70.35,68.52,68.93,11907836
2013-10-18 00:00:00+05:30,69.49,74.4,69.38,72.94,43536717
2013-10-21 00:00:00+05:30,73.68,76.06,73.35,74.49,31708910
2013-10-22 00:00:00+05:30,74.49,75.33,73.72,74.41,11912288
2013-10-23 00:00:00+05:30,75.2,76.68,73.18,74.3,24095387
2013-10-24 00:00:00+05:30,74.66,75.93,73.78,74.4,14547346
2013-10-25 00:00:00+05:30,74.79,76.49,74.17,75.72,33837627
2013-10-28 00:00:00+05:30,76.15,76.34,72.88,73.24,15191080
2013-10-29 00:00:00+05:30,73.14,75.97,72.99,75.16,13560032
2013-10-30 00:00:00+05:30,75.56,75.57,73.42,74.13,12837880
2013-10-31 00:00:00+05:30,74.25,76.49,74.23,75.59,34444734
2013-11-01 00:00:00+05:30,76.34,78.36,75.56,77.31,25867426
2013-11-03 00:00:00+05:30,77.95,78.14,77.28,77.54,2147452
2013-11-05 00:00:00+05:30,76.85,77.73,75.26,75.67,14410549
2013-11-06 00:00:00+05:30,75.33,75.84,73.01,73.76,15637382
2013-11-07 00:00:00+05:30,74.1,75.97,73.54,74.36,13781704
2013-11-08 00:00:00+05:30,73.72,75.67,73.33,74.79,11917130
2013-11-11 00:00:00+05:30,74.84,76.94,73.39,74.38,17972564
2013-11-12 00:00:00+05:30,74.08,74.08,71.29,71.85,17428321
2013-11-13 00:00:00+05:30,71.61,71.85,68.56,70.2,15918713
2013-11-14 00:00:00+05:30,70.3,72.69,70.3,71.42,13812229
2013-11-18 00:00:00+05:30,72.04,72.51,70.22,70.49,16145860
2013-11-19 00:00:00+05:30,70.54,71.4,68.02,69.12,26163363
2013-11-20 00:00:00+05:30,69.33,71.03,69.29,69.89,13583414
2013-11-21 00:00:00+05:30,70.07,70.26,66.42,67.1,20847464
2013-11-22 00:00:00+05:30,68.07,68.37,64.74,65.25,20803325
2013-11-25 00:00:00+05:30,65.71,66.87,64.5,65.32,17146223
2013-11-26 00:00:00+05:30,65.19,66.8,65.15,65.94,17929606
2013-11-27 00:00:00+05:30,65.86,66.16,64.61,65.17,10791915
2013-11-28 00:00:00+05:30,65.38,66.65,65.21,65.53,16304033
2013-11-29 00:00:00+05:30,66.01,68.78,65.9,68.52,18824790
2013-12-02 00:00:00+05:30,69.19,69.96,68.39,68.8,11450373
2013-12-03 00:00:00+05:30,68.5,69.76,67.66,67.85,14426034
2013-12-04 00:00:00+05:30,67.9,69.83,67.81,68.2,33283821
2013-12-05 00:00:00+05:30,69.7,69.79,67.06,67.7,23177962
2013-12-06 00:00:00+05:30,68.07,68.97,67.88,68.22,14927444
2013-12-09 00:00:00+05:30,69.16,72.19,69.01,71.79,36425695
2013-12-10 00:00:00+05:30,72.34,73.7,71.5,73.42,31288975
2013-12-11 00:00:00+05:30,73.5,73.89,72.34,73.4,21763108
2013-12-12 00:00:00+05:30,72.9,73.37,72.49,72.82,15062783
2013-12-13 00:00:00+05:30,72.79,72.79,71.01,71.81,18431868
2013-12-16 00:00:00+05:30,71.85,76.04,71.1,75.05,32225335
2013-12-17 00:00:00+05:30,75.63,77.02,75.44,75.95,25917663
2013-12-18 00:00:00+05:30,76.06,77.43,74.58,75.24,28786573
2013-12-19 00:00:00+05:30,75.41,78.16,75.31,76.68,30571483
2013-12-20 00:00:00+05:30,76.64,77.09,75.48,75.84,18822364
2013-12-23 00:00:00+05:30,75.59,77.54,75.44,76.21,12368175
2013-12-24 00:00:00+05:30,74.79,74.9,73.61,74.47,14039560
2013-12-26 00:00:00+05:30,74.17,75.57,74.17,74.64,12943087
2013-12-27 00:00:00+05:30,75.22,76.27,75.09,75.33,9681667
2013-12-30 00:00:00+05:30,77.84,78.14,75.67,75.87,19635392
2013-12-31 00:00:00+05:30,76.38,76.72,75.41,75.57,7228564
2014-01-01 00:00:00+05:30,75.8,76.3,75.41,75.59,3654369
2014-01-02 00:00:00+05:30,75.41,77.56,73.67,74.79,15592716
2014-01-03 00:00:00+05:30,74.41,74.84,73.39,74.53,8648009
2014-01-06 00:00:00+05:30,74.1,74.77,73.39,74.45,13915193
2014-01-07 00:00:00+05:30,74.21,75.33,72.47,72.79,7831566
2014-01-08 00:00:00+05:30,72.79,73.16,70.82,71.66,9668295
2014-01-09 00:00:00+05:30,71.85,75.56,71.79,74.98,24852088
2014-01-10 00:00:00+05:30,74.1,75.87,72.56,73.67,13217497
2014-01-13 00:00:00+05:30,73.76,74.56,72.66,73.31,9335014
2014-01-14 00:00:00+05:30,73.12,74.43,71.78,72.06,9541625
2014-01-15 00:00:00+05:30,72.36,74.21,72.3,73.8,10541977
2014-01-16 00:00:00+05:30,74.13,75.52,73.52,74.88,12100170
2014-01-17 00:00:00+05:30,74.92,75.82,73.95,75.07,13578788
2014-01-20 00:00:00+05:30,75.29,77.09,73.82,76.9,12723021
2014-01-21 00:00:00+05:30,78.59,79.82,77.2,78.12,27431605
2014-01-22 00:00:00+05:30,77.84,79.24,77.52,78.76,10026610
2014-01-23 00:00:00+05:30,78.62,79.2,77.93,78.16,7223692
2014-01-24 00:00:00+05:30,77.02,77.76,74.58,75.86,14216708
2014-01-27 00:00:00+05:30,74.62,74.62,72.56,72.99,19598818
2014-01-28 00:00:00+05:30,72.97,75.13,72.39,74.81,9106020
2014-01-29 00:00:00+05:30,75.97,76.12,72.3,72.45,18454780
2014-01-30 00:00:00+05:30,71.48,71.78,68.3,70.05,22869251
2014-01-31 00:00:00+05:30,70.35,71.66,69.68,70.5,8211501
2014-02-03 00:00:00+05:30,71.1,71.27,69.08,69.46,18312940
2014-02-04 00:00:00+05:30,68.48,69.76,67.45,69.08,11168283
2014-02-05 00:00:00+05:30,69.23,69.34,67.55,69.12,9204752
2014-02-06 00:00:00+05:30,69.23,70.09,68.15,68.61,10611825
2014-02-07 00:00:00+05:30,69.1,71.48,68.93,71.07,14159392
2014-02-10 00:00:00+05:30,71.51,72.54,69.76,70.34,11221387
2014-02-11 00:00:00+05:30,70.56,71.21,69.46,70.65,9248972
2014-02-12 00:00:00+05:30,71.1,71.25,69.46,70.17,8164890
2014-02-13 00:00:00+05:30,70.54,71.63,69.98,70.67,13705429
2014-02-14 00:00:00+05:30,70.58,71.21,69.03,70.95,9100056
2014-02-17 00:00:00+05:30,71.1,71.55,70.09,70.62,6907799
2014-02-18 00:00:00+05:30,69.98,71.59,69.81,70.82,13259117
2014-02-19 00:00:00+05:30,70.86,71.38,69.4,69.66,13450796
2014-02-20 00:00:00+05:30,69.46,69.94,68.8,69.33,9509070
2014-02-21 00:00:00+05:30,69.27,70.02,69.25,69.61,9453940
2014-02-24 00:00:00+05:30,68.99,69.79,68.6,68.82,6661794
2014-02-25 00:00:00+05:30,69.08,69.33,66.74,67.15,15282918
2014-02-26 00:00:00+05:30,67.17,67.17,64.98,65.49,27170711
2014-02-28 00:00:00+05:30,65.49,66.84,65.49,66.48,15527464
2014-03-03 00:00:00+05:30,66.11,66.16,64.95,65.28,7146562
2014-03-04 00:00:00+05:30,65.13,68.67,65.13,68.3,14147562
2014-03-05 00:00:00+05:30,68.65,69.12,67.51,68.28,12338867
2014-03-06 00:00:00+05:30,68.48,70.39,68.48,69.72,11889505
2014-03-07 00:00:00+05:30,69.89,70.73,68.69,69.72,17733445
2014-03-10 00:00:00+05:30,69.42,70.09,68.48,68.84,9009685
2014-03-11 00:00:00+05:30,68.78,68.78,66.07,66.54,11682987
2014-03-12 00:00:00+05:30,65.86,67.29,65.41,65.77,12400356
2014-03-13 00:00:00+05:30,65.9,66.87,64.33,64.67,9838760
2014-03-14 00:00:00+05:30,63.62,64.67,63.19,64.18,13252161
2014-03-18 00:00:00+05:30,64.78,65.49,63.86,64.55,16869878
2014-03-19 00:00:00+05:30,65.06,66.57,64.37,65.81,18328406
2014-03-20 00:00:00+05:30,65.4,66.33,64.37,64.67,6886202
2014-03-21 00:00:00+05:30,64.83,66.99,64.83,65.83,16305040
2014-03-22 00:00:00+05:30,65.71,65.86,65.4,65.62,752132
2014-03-24 00:00:00+05:30,65.92,67.15,65.45,66.74,9121791
2014-03-25 00:00:00+05:30,66.42,67.25,65.3,65.51,11170250
2014-03-26 00:00:00+05:30,65.98,69.12,65.98,68.28,30993224
2014-03-27 00:00:00+05:30,68.02,68.67,67.19,67.53,20157966
2014-03-28 00:00:00+05:30,67.81,68.99,67.44,68.46,13967018
2014-03-31 00:00:00+05:30,68.54,70.86,68.0,70.56,25072349
2014-04-01 00:00:00+05:30,70.75,72.56,69.53,72.0,25703201
2014-04-02 00:00:00+05:30,72.06,72.49,70.3,70.84,14507146
2014-04-03 00:00:00+05:30,71.14,72.49,70.13,71.35,18696450
2014-04-04 00:00:00+05:30,71.2,71.72,70.39,71.14,12749291
2014-04-07 00:00:00+05:30,71.07,73.05,70.88,72.75,18074642
2014-04-09 00:00:00+05:30,73.27,74.28,72.79,73.97,25800300
2014-04-10 00:00:00+05:30,74.34,75.74,73.16,74.21,25657490
2014-04-11 00:00:00+05:30,73.27,75.01,72.39,73.37,20408816
2014-04-15 00:00:00+05:30,73.46,74.45,70.35,71.07,12805995
2014-04-16 00:00:00+05:30,70.9,72.24,69.77,71.14,10311650
2014-04-17 00:00:00+05:30,71.21,72.41,71.05,72.11,13192814
2014-04-21 00:00:00+05:30,72.6,77.46,72.58,75.46,35322405
2014-04-22 00:00:00+05:30,75.41,75.48,72.24,72.47,28752895
2014-04-23 00:00:00+05:30,72.36,72.86,71.66,72.06,27942718
2014-04-25 00:00:00+05:30,71.87,72.77,71.03,72.43,33192902
2014-04-28 00:00:00+05:30,72.6,73.54,72.15,72.28,9791662
2014-04-29 00:00:00+05:30,72.51,73.22,70.54,71.33,19208384
2014-04-30 00:00:00+05:30,71.48,71.63,68.18,69.36,22187190
2014-05-02 00:00:00+05:30,69.98,70.13,67.23,67.57,12623073
2014-05-05 00:00:00+05:30,66.91,68.65,66.82,67.51,11987628
2014-05-06 00:00:00+05:30,67.3,68.3,66.91,67.38,9832400
2014-05-07 00:00:00+05:30,67.55,67.83,66.61,66.89,7791520
2014-05-08 00:00:00+05:30,67.51,67.92,66.67,67.36,12147107
2014-05-09 00:00:00+05:30,66.82,68.86,66.69,68.63,26626147
2014-05-12 00:00:00+05:30,68.75,71.27,68.5,70.92,25873171
2014-05-13 00:00:00+05:30,71.85,74.06,71.48,72.21,31416291
2014-05-14 00:00:00+05:30,72.6,74.47,71.87,73.78,24965042
2014-05-15 00:00:00+05:30,74.43,74.99,71.91,72.45,16867155
2014-05-16 00:00:00+05:30,74.1,81.9,73.83,80.44,74032213
2014-05-19 00:00:00+05:30,82.22,86.07,81.97,85.23,48184960
2014-05-20 00:00:00+05:30,86.05,92.6,85.64,91.97,70414264
2014-05-21 00:00:00+05:30,93.26,93.86,88.13,93.26,51281821
2014-05-22 00:00:00+05:30,94.1,97.8,93.93,96.94,39313326
2014-05-23 00:00:00+05:30,97.64,101.41,97.62,100.42,25725615
2014-05-26 00:00:00+05:30,101.41,105.29,100.52,104.48,52555685
2014-05-27 00:00:00+05:30,105.34,105.4,98.5,103.51,30994919
2014-05-28 00:00:00+05:30,103.57,104.32,100.91,103.45,28275438
2014-05-29 00:00:00+05:30,104.82,104.93,100.05,103.1,54757760
2014-05-30 00:00:00+05:30,103.49,106.65,101.99,104.95,51297167
2014-06-02 00:00:00+05:30,105.14,105.49,103.14,104.78,13627516
2014-06-03 00:00:00+05:30,105.53,112.08,105.49,111.5,39509366
2014-06-04 00:00:00+05:30,111.78,111.86,109.74,110.51,26482036
2014-06-05 00:00:00+05:30,110.7,118.25,110.43,117.69,45234212
2014-06-06 00:00:00+05:30,118.61,119.12,113.46,114.74,38988181
2014-06-09 00:00:00+05:30,115.8,117.08,114.7,115.22,18136033
2014-06-10 00:00:00+05:30,116.35,116.35,109.31,112.45,28367207
2014-06-11 00:00:00+05:30,112.19,112.6,107.78,110.32,22392869
2014-06-12 00:00:00+05:30,110.32,111.59,107.81,109.46,12774605
2014-06-13 00:00:00+05:30,109.65,110.88,106.35,108.38,13880575
2014-06-16 00:00:00+05:30,108.38,110.58,105.91,108.56,19679737
2014-06-17 00:00:00+05:30,108.34,112.79,108.04,111.26,24243264
2014-06-18 00:00:00+05:30,111.71,114.03,108.58,111.31,25238121
2014-06-19 00:00:00+05:30,111.61,113.13,109.72,110.41,20576189
2014-06-20 00:00:00+05:30,109.42,111.33,108.58,109.22,17183740
2014-06-23 00:00:00+05:30,109.07,112.04,108.82,111.09,14854854
2014-06-24 00:00:00+05:30,111.52,113.61,110.47,111.76,12789115
2014-06-25 00:00:00+05:30,111.52,113.0,110.53,110.92,8285024
2014-06-26 00:00:00+05:30,111.46,111.82,109.27,110.1,20892429
2014-06-27 00:00:00+05:30,110.02,110.71,108.06,108.28,10259376
2014-06-30 00:00:00+05:30,108.28,109.95,108.28,109.4,7619765
2014-07-01 00:00:00+05:30,109.48,112.64,109.48,110.85,11022974
2014-07-02 00:00:00+05:30,112.62,116.65,111.89,116.05,32435637
2014-07-03 00:00:00+05:30,116.89,118.44,115.86,116.23,24243577
2014-07-04 00:00:00+05:30,116.2,116.27,113.76,114.14,9286599
2014-07-07 00:00:00+05:30,114.51,116.16,113.99,115.13,16299512
2014-07-08 00:00:00+05:30,116.16,116.23,108.97,110.88,33616960
2014-07-09 00:00:00+05:30,110.77,110.88,107.89,110.17,30219435
2014-07-10 00:00:00+05:30,110.51,114.01,105.62,110.17,14663603
2014-07-11 00:00:00+05:30,110.12,110.47,106.62,109.44,36179257
2014-07-14 00:00:00+05:30,110.0,110.0,106.02,108.17,38863793
2014-07-15 00:00:00+05:30,108.45,108.71,105.08,107.96,16790009
2014-07-16 00:00:00+05:30,107.95,112.1,105.91,111.05,16149976
2014-07-17 00:00:00+05:30,111.54,113.58,110.79,113.09,24179893
2014-07-18 00:00:00+05:30,112.25,113.09,110.99,111.82,9696236
2014-07-21 00:00:00+05:30,111.89,112.77,109.67,110.41,7171844
2014-07-22 00:00:00+05:30,110.77,112.12,109.61,111.24,9481276
2014-07-23 00:00:00+05:30,111.59,112.04,110.06,110.62,8141337
2014-07-24 00:00:00+05:30,110.47,113.26,109.14,111.58,12663458
2014-07-25 00:00:00+05:30,111.52,111.61,107.7,109.39,9582373
2014-07-28 00:00:00+05:30,109.33,110.1,107.46,108.58,6488233
2014-07-30 00:00:00+05:30,106.58,110.0,103.85,109.25,18046693
2014-07-31 00:00:00+05:30,109.82,111.65,108.26,108.62,23433317
2014-08-01 00:00:00+05:30,107.55,108.19,104.9,105.49,19087993
2014-08-04 00:00:00+05:30,104.91,109.31,104.91,108.36,10030447
2014-08-05 00:00:00+05:30,109.24,110.68,106.99,110.36,10081806
2014-08-06 00:00:00+05:30,109.46,110.64,107.4,107.98,10075006
2014-08-07 00:00:00+05:30,108.11,108.69,106.06,106.52,14934935
2014-08-08 00:00:00+05:30,105.36,105.46,99.92,100.22,23579857
2014-08-11 00:00:00+05:30,101.64,103.74,101.12,103.06,23177133
2014-08-12 00:00:00+05:30,104.3,104.63,102.28,104.17,8109183
2014-08-13 00:00:00+05:30,103.29,106.02,103.19,105.36,16168780
2014-08-14 00:00:00+05:30,104.56,109.18,104.5,108.34,14117385
2014-08-18 00:00:00+05:30,107.76,110.32,107.33,109.72,9939207
2014-08-19 00:00:00+05:30,111.89,114.33,110.53,111.09,20722884
2014-08-20 00:00:00+05:30,110.77,112.02,110.1,110.4,8214029
2014-08-21 00:00:00+05:30,108.9,109.82,108.04,108.47,8979062
2014-08-22 00:00:00+05:30,108.24,110.9,108.19,109.16,9138530
2014-08-25 00:00:00+05:30,108.82,109.76,104.26,104.8,9720756
2014-08-26 00:00:00+05:30,102.91,105.98,102.16,105.12,13940002
2014-08-28 00:00:00+05:30,102.74,105.42,102.74,103.72,21108380
2014-09-01 00:00:00+05:30,104.37,106.65,102.03,106.0,13054779
2014-09-02 00:00:00+05:30,105.64,106.3,103.55,103.96,11553592
2014-09-03 00:00:00+05:30,103.66,106.02,103.66,104.84,12677492
2014-09-04 00:00:00+05:30,104.07,105.33,103.29,104.2,6005287
2014-09-05 00:00:00+05:30,103.34,105.83,103.34,105.34,10078370
2014-09-08 00:00:00+05:30,106.39,106.95,105.42,106.45,8279831
2014-09-09 00:00:00+05:30,105.91,106.22,104.5,105.46,9649005
2014-09-10 00:00:00+05:30,104.41,107.46,104.02,107.1,8739339
2014-09-11 00:00:00+05:30,107.5,108.49,106.2,107.27,11805815
2014-09-12 00:00:00+05:30,106.73,109.03,106.73,108.64,15627874
2014-09-15 00:00:00+05:30,107.78,108.3,106.84,107.22,10218839
2014-09-16 00:00:00+05:30,106.22,107.36,104.82,106.67,21867828
2014-09-17 00:00:00+05:30,108.0,108.21,102.72,106.5,15278116
2014-09-18 00:00:00+05:30,105.72,107.91,105.55,106.58,11276926
2014-09-19 00:00:00+05:30,106.65,107.33,105.68,106.58,26967792
2014-09-22 00:00:00+05:30,105.51,106.43,103.68,106.0,17467372
2014-09-23 00:00:00+05:30,105.79,106.43,104.33,104.91,16830583
2014-09-24 00:00:00+05:30,104.48,107.03,103.42,105.38,11933147
2014-09-25 00:00:00+05:30,105.94,106.19,101.04,102.24,32476621
2014-09-26 00:00:00+05:30,101.56,103.32,99.96,102.89,8479484
2014-09-29 00:00:00+05:30,102.72,102.84,100.74,101.28,4951155
2014-09-30 00:00:00+05:30,100.7,104.48,99.6,101.98,12462474
2014-10-01 00:00:00+05:30,102.28,103.44,100.95,101.38,9982422
2014-10-07 00:00:00+05:30,100.97,101.73,96.34,96.74,17675493
2014-10-08 00:00:00+05:30,95.43,96.94,93.41,96.25,15913903
2014-10-09 00:00:00+05:30,96.92,98.36,96.4,97.99,9381563
2014-10-10 00:00:00+05:30,97.04,97.04,92.85,93.46,19614755
2014-10-13 00:00:00+05:30,92.55,94.08,91.52,93.5,10786418
2014-10-14 00:00:00+05:30,93.95,95.15,81.92,93.39,60830413
2014-10-16 00:00:00+05:30,91.7,93.11,88.77,89.5,15948818
2014-10-17 00:00:00+05:30,89.25,89.42,86.52,87.06,15255285
2014-10-20 00:00:00+05:30,88.32,90.28,87.1,88.93,7666828
2014-10-21 00:00:00+05:30,90.52,94.87,90.52,92.99,15234966
2014-10-22 00:00:00+05:30,94.15,94.66,92.28,93.46,7959951
2014-10-23 00:00:00+05:30,93.78,93.87,91.95,93.13,714176
2014-10-27 00:00:00+05:30,93.78,95.11,92.47,93.2,8959090
2014-10-28 00:00:00+05:30,92.64,94.47,92.55,93.8,7134137
2014-10-29 00:00:00+05:30,94.1,96.08,92.58,95.56,19553262
2014-10-30 00:00:00+05:30,95.35,95.99,94.21,94.7,18338489
2014-10-31 00:00:00+05:30,94.49,97.02,94.21,95.78,13238549
2014-11-03 00:00:00+05:30,96.1,98.59,95.69,98.14,10690527
2014-11-05 00:00:00+05:30,98.76,98.76,93.56,93.87,12569787
2014-11-07 00:00:00+05:30,93.57,94.87,91.52,92.1,12547674
2014-11-10 00:00:00+05:30,93.11,93.67,90.77,91.74,6694729
2014-11-11 00:00:00+05:30,91.76,93.43,91.01,91.4,8939003
2014-11-12 00:00:00+05:30,91.35,92.77,89.44,90.47,7979621
2014-11-13 00:00:00+05:30,91.31,91.57,87.66,88.13,9248261
2014-11-14 00:00:00+05:30,88.24,90.82,87.08,89.87,11075456
2014-11-17 00:00:00+05:30,89.33,90.13,88.17,89.05,6830217
2014-11-18 00:00:00+05:30,88.49,93.09,88.49,92.41,15009288
2014-11-19 00:00:00+05:30,92.88,94.06,89.48,89.96,12550111
2014-11-20 00:00:00+05:30,89.78,90.19,87.01,87.79,9654368
2014-11-21 00:00:00+05:30,88.24,89.59,87.21,88.92,7679157
2014-11-24 00:00:00+05:30,90.19,91.78,87.79,88.24,16606766
2014-11-25 00:00:00+05:30,88.69,89.05,86.02,88.09,10946117
2014-11-26 00:00:00+05:30,88.35,90.73,87.94,90.23,6879471
2014-11-27 00:00:00+05:30,90.73,90.84,88.77,89.2,10293564
2014-11-28 00:00:00+05:30,88.47,90.04,86.13,86.58,15752562
2014-12-01 00:00:00+05:30,85.7,87.33,84.22,84.84,14640657
2014-12-02 00:00:00+05:30,84.28,87.04,84.28,85.72,9961683
2014-12-03 00:00:00+05:30,85.88,88.43,84.72,86.39,15159647
2014-12-04 00:00:00+05:30,87.18,90.08,86.26,88.75,16985434
2014-12-05 00:00:00+05:30,89.38,92.04,89.03,90.47,19126615
2014-12-08 00:00:00+05:30,89.07,90.34,86.84,87.1,9669369
2014-12-09 00:00:00+05:30,86.22,87.27,81.88,82.61,14108318
2014-12-10 00:00:00+05:30,82.33,84.5,81.99,83.3,8640831
2014-12-11 00:00:00+05:30,83.45,84.16,81.62,83.06,8918585
2014-12-12 00:00:00+05:30,82.87,83.3,80.29,80.8,13872438
2014-12-15 00:00:00+05:30,79.67,80.46,78.21,78.55,10829545
2014-12-16 00:00:00+05:30,77.76,77.84,71.14,72.45,23152637
2014-12-17 00:00:00+05:30,72.64,75.69,71.53,75.18,22397689
2014-12-18 00:00:00+05:30,76.75,78.18,75.14,76.25,15055723
2014-12-19 00:00:00+05:30,77.13,79.11,77.02,77.93,11714049
2014-12-22 00:00:00+05:30,79.99,81.13,76.87,78.91,14635622
2014-12-23 00:00:00+05:30,78.61,79.11,75.67,76.44,7903146
2014-12-24 00:00:00+05:30,77.05,77.97,75.39,76.85,12359662
2014-12-26 00:00:00+05:30,76.57,78.16,75.78,77.65,5621862
2014-12-29 00:00:00+05:30,78.31,81.36,78.29,80.57,11151932
2014-12-30 00:00:00+05:30,80.83,80.83,79.0,79.47,5650626
2014-12-31 00:00:00+05:30,79.93,80.59,79.22,80.27,5274055
2015-01-01 00:00:00+05:30,79.97,82.22,79.41,82.05,6157605
2015-01-02 00:00:00+05:30,82.09,83.99,82.09,83.19,8739029
2015-01-05 00:00:00+05:30,83.26,84.31,81.62,82.25,9384965
2015-01-06 00:00:00+05:30,81.56,82.14,77.37,78.23,16289151
2015-01-07 00:00:00+05:30,78.21,79.28,76.4,78.21,9114691
2015-01-08 00:00:00+05:30,79.07,79.58,76.92,78.77,10571820
2015-01-09 00:00:00+05:30,80.05,80.05,77.31,77.76,7595264
2015-01-12 00:00:00+05:30,77.48,77.84,76.44,77.18,7059462
2015-01-13 00:00:00+05:30,77.46,78.21,76.08,76.57,12401014
2015-01-14 00:00:00+05:30,75.59,75.97,69.55,70.39,29033555
2015-01-15 00:00:00+05:30,70.54,72.04,69.79,70.99,19441955
2015-01-16 00:00:00+05:30,71.7,72.94,71.1,72.32,16896862
2015-01-19 00:00:00+05:30,72.97,73.33,71.87,72.28,6887937
2015-01-20 00:00:00+05:30,72.41,76.72,72.08,76.4,19908442
2015-01-21 00:00:00+05:30,76.87,77.09,73.55,74.71,14273115
2015-01-22 00:00:00+05:30,76.27,77.39,74.32,75.26,18616063
2015-01-23 00:00:00+05:30,76.15,77.35,74.99,76.87,13571277
2015-01-27 00:00:00+05:30,76.64,77.89,75.52,77.58,12182762
2015-01-28 00:00:00+05:30,77.18,77.45,74.26,75.28,10035185
2015-01-29 00:00:00+05:30,74.66,76.3,73.5,75.39,27148211
2015-01-30 00:00:00+05:30,75.97,76.64,73.52,75.57,15038399
2015-02-02 00:00:00+05:30,74.66,76.72,73.93,74.17,9505898
2015-02-03 00:00:00+05:30,75.22,79.34,74.17,78.85,21167171
2015-02-04 00:00:00+05:30,79.35,82.18,78.85,81.06,20722729
2015-02-05 00:00:00+05:30,80.46,80.7,77.3,77.76,7661149
2015-02-06 00:00:00+05:30,77.65,79.86,77.3,78.81,8911113
2015-02-09 00:00:00+05:30,78.03,78.59,74.32,75.14,6586436
2015-02-10 00:00:00+05:30,75.05,77.61,74.68,77.22,5640220
2015-02-11 00:00:00+05:30,77.09,79.19,75.59,77.93,7143585
2015-02-12 00:00:00+05:30,78.18,80.53,76.57,79.58,8277966
2015-02-13 00:00:00+05:30,79.8,80.8,78.96,79.41,6162618
2015-02-16 00:00:00+05:30,80.48,81.45,78.83,79.17,7906972
2015-02-18 00:00:00+05:30,78.59,78.59,76.25,76.79,6632673
2015-02-19 00:00:00+05:30,76.7,84.11,76.08,81.97,20555276
2015-02-20 00:00:00+05:30,83.04,83.47,80.59,81.32,16457331
2015-02-23 00:00:00+05:30,81.77,84.16,81.52,82.16,16937594
2015-02-24 00:00:00+05:30,82.12,82.16,78.77,79.09,7621478
2015-02-25 00:00:00+05:30,79.54,80.74,78.21,78.87,6846467
2015-02-26 00:00:00+05:30,80.1,80.53,77.46,77.93,11992713
2015-02-27 00:00:00+05:30,78.85,81.73,78.81,81.28,10906627
2015-02-28 00:00:00+05:30,82.05,83.17,79.6,81.43,8877117
2015-03-02 00:00:00+05:30,81.9,82.29,79.9,81.66,8668497
2015-03-03 00:00:00+05:30,81.96,83.4,81.43,83.1,6968573
2015-03-04 00:00:00+05:30,84.2,84.2,78.96,79.49,8852662
2015-03-05 00:00:00+05:30,79.58,80.65,78.12,78.64,10168319
2015-03-09 00:00:00+05:30,78.03,78.03,73.95,74.51,10285839
2015-03-10 00:00:00+05:30,74.06,74.66,72.71,73.95,8682691
2015-03-11 00:00:00+05:30,74.1,74.3,71.85,72.11,7750320
2015-03-12 00:00:00+05:30,72.84,75.78,72.6,75.07,11095500
2015-03-13 00:00:00+05:30,75.63,76.15,73.03,73.31,8460196
2015-03-16 00:00:00+05:30,73.24,73.24,69.14,69.42,14240923
2015-03-17 00:00:00+05:30,69.98,72.9,69.76,72.19,16919388
2015-03-18 00:00:00+05:30,74.64,75.59,71.91,72.58,17967422
2015-03-19 00:00:00+05:30,73.22,74.04,71.29,71.66,10126611
2015-03-20 00:00:00+05:30,71.96,72.41,69.98,70.3,15993877
2015-03-23 00:00:00+05:30,72.34,72.6,69.23,71.46,12851901
2015-03-24 00:00:00+05:30,71.68,73.16,71.18,72.54,10688533
2015-03-25 00:00:00+05:30,72.6,73.91,71.42,73.65,7351509
2015-03-26 00:00:00+05:30,72.97,73.29,69.92,70.47,10081857
2015-03-27 00:00:00+05:30,71.1,72.0,68.76,70.5,13053646
2015-03-30 00:00:00+05:30,71.48,71.66,69.42,70.78,6335140
2015-03-31 00:00:00+05:30,71.36,73.35,70.58,70.92,15792567
2015-04-01 00:00:00+05:30,71.4,71.81,70.05,71.16,7737259
2015-04-06 00:00:00+05:30,71.44,72.0,70.17,71.66,5866517
2015-04-07 00:00:00+05:30,72.13,74.4,70.97,74.0,13510800
2015-04-08 00:00:00+05:30,73.72,73.87,72.04,72.45,10083530
2015-04-09 00:00:00+05:30,72.97,73.35,71.76,72.84,9854173
2015-04-10 00:00:00+05:30,72.92,76.15,72.71,75.72,15054251
2015-04-13 00:00:00+05:30,75.46,75.72,74.1,75.05,7900877
2015-04-15 00:00:00+05:30,75.05,78.36,74.84,77.18,12549256
2015-04-16 00:00:00+05:30,77.6,77.76,74.88,76.38,12072182
2015-04-17 00:00:00+05:30,76.34,79.67,75.54,79.05,14330899
2015-04-20 00:00:00+05:30,78.66,78.96,77.17,77.8,11857420
2015-04-21 00:00:00+05:30,78.03,81.21,76.36,79.0,17034442
2015-04-22 00:00:00+05:30,79.04,79.28,77.03,78.96,12173784
2015-04-23 00:00:00+05:30,79.34,80.83,78.55,79.15,11952743
2015-04-24 00:00:00+05:30,78.59,79.63,76.08,76.68,10600794
2015-04-27 00:00:00+05:30,77.05,78.96,76.49,78.59,11365549
2015-04-28 00:00:00+05:30,77.99,80.18,77.09,79.3,11417224
2015-04-29 00:00:00+05:30,78.16,78.23,75.82,77.48,18199551
2015-04-30 00:00:00+05:30,76.32,79.11,75.59,78.53,18362891
2015-05-04 00:00:00+05:30,79.34,80.66,78.49,79.49,11966355
2015-05-05 00:00:00+05:30,79.34,85.47,78.61,84.84,25115722
2015-05-06 00:00:00+05:30,84.57,85.85,80.83,82.39,17834804
2015-05-07 00:00:00+05:30,81.73,83.83,80.68,81.64,10895829
2015-05-08 00:00:00+05:30,82.33,83.0,80.12,81.56,7213129
2015-05-11 00:00:00+05:30,83.08,87.34,81.49,86.18,20675781
2015-05-12 00:00:00+05:30,86.02,86.03,81.24,81.67,11470780
2015-05-13 00:00:00+05:30,83.02,83.02,78.76,81.64,12613918
2015-05-14 00:00:00+05:30,81.21,81.54,79.52,80.36,8388093
2015-05-15 00:00:00+05:30,80.72,81.54,77.91,78.72,7283373
2015-05-18 00:00:00+05:30,78.87,79.93,77.24,79.02,5341781
2015-05-19 00:00:00+05:30,78.85,82.27,78.47,80.48,13306305
2015-05-20 00:00:00+05:30,80.14,81.15,80.05,80.85,6234540
2015-05-21 00:00:00+05:30,81.08,81.15,77.84,78.21,8619654
2015-05-22 00:00:00+05:30,78.21,78.21,76.72,77.17,10479966
2015-05-25 00:00:00+05:30,77.09,77.09,74.36,74.62,5896983
2015-05-26 00:00:00+05:30,75.48,75.89,72.71,73.01,12900818
2015-05-27 00:00:00+05:30,72.82,72.86,71.29,71.7,12723288
2015-05-28 00:00:00+05:30,72.11,74.25,71.7,73.63,16097582
2015-05-29 00:00:00+05:30,73.42,76.34,72.15,73.52,80007591
2015-06-01 00:00:00+05:30,74.1,75.46,73.5,73.98,6620549
2015-06-02 00:00:00+05:30,73.72,74.1,72.45,72.88,5802096
2015-06-03 00:00:00+05:30,72.88,73.16,69.25,70.47,7966680
2015-06-04 00:00:00+05:30,71.1,71.78,67.44,68.93,12205206
2015-06-05 00:00:00+05:30,68.69,69.96,67.9,68.41,12186084
2015-06-08 00:00:00+05:30,68.63,69.03,65.71,66.26,11433199
2015-06-09 00:00:00+05:30,67.27,68.97,66.39,68.31,13803782
2015-06-10 00:00:00+05:30,68.05,70.28,67.1,69.23,13725612
2015-06-11 00:00:00+05:30,69.81,71.46,68.05,70.35,22532448
2015-06-12 00:00:00+05:30,69.87,70.13,67.94,68.78,10531841
2015-06-15 00:00:00+05:30,70.17,70.65,67.4,67.87,19940041
2015-06-16 00:00:00+05:30,67.88,68.07,65.77,66.8,8487506
2015-06-17 00:00:00+05:30,66.91,66.91,64.37,64.61,18953767
2015-06-18 00:00:00+05:30,64.61,65.6,64.61,64.82,6027314
2015-06-19 00:00:00+05:30,65.15,66.22,63.88,65.43,16633255
2015-06-22 00:00:00+05:30,65.68,66.57,65.49,66.07,6868643
2015-06-23 00:00:00+05:30,66.09,67.12,65.45,66.03,7460478
2015-06-24 00:00:00+05:30,66.24,67.08,65.55,65.9,7618514
2015-06-25 00:00:00+05:30,65.86,68.16,65.49,67.21,32254313
2015-06-26 00:00:00+05:30,66.99,67.25,65.12,65.43,8200887
2015-06-29 00:00:00+05:30,64.7,65.04,63.43,64.63,6875906
2015-06-30 00:00:00+05:30,64.63,65.49,63.84,65.17,10833123
2015-07-01 00:00:00+05:30,65.15,66.42,64.78,65.86,5743249
2015-07-02 00:00:00+05:30,65.79,65.86,64.57,64.95,8519995
2015-07-03 00:00:00+05:30,65.12,65.4,63.66,63.82,5148146
2015-07-06 00:00:00+05:30,62.68,62.68,59.61,61.15,15656200
2015-07-07 00:00:00+05:30,61.0,61.13,59.22,59.33,16448427
2015-07-08 00:00:00+05:30,58.0,58.08,51.92,54.52,71913057
2015-07-09 00:00:00+05:30,54.11,54.99,51.59,51.98,45476294
2015-07-10 00:00:00+05:30,52.45,54.99,52.43,54.71,26060735
2015-07-13 00:00:00+05:30,54.19,55.7,53.4,55.22,17932989
2015-07-14 00:00:00+05:30,55.22,55.46,54.24,54.36,7606746
2015-07-15 00:00:00+05:30,54.3,54.99,54.19,54.45,6155363
2015-07-16 00:00:00+05:30,54.45,54.77,53.53,53.76,6902850
2015-07-17 00:00:00+05:30,53.89,55.07,53.36,54.47,7914585
2015-07-20 00:00:00+05:30,54.6,54.82,53.4,53.59,5682831
2015-07-21 00:00:00+05:30,53.14,53.27,50.82,51.03,12102436
2015-07-22 00:00:00+05:30,50.5,51.42,48.69,50.93,22204519
2015-07-23 00:00:00+05:30,49.36,51.94,49.3,50.71,18581116
2015-07-24 00:00:00+05:30,50.46,50.74,49.4,49.57,9928217
2015-07-27 00:00:00+05:30,49.36,49.92,47.9,48.09,11019399
2015-07-28 00:00:00+05:30,48.18,48.57,47.26,48.14,10320137
2015-07-29 00:00:00+05:30,48.82,49.75,47.53,48.8,16774344
2015-07-30 00:00:00+05:30,49.62,49.62,48.39,48.59,21577214
2015-07-31 00:00:00+05:30,49.06,49.72,48.42,48.74,11379645
2015-08-03 00:00:00+05:30,48.65,48.78,47.34,47.51,8538363
2015-08-04 00:00:00+05:30,47.34,48.05,46.44,47.69,14022282
2015-08-05 00:00:00+05:30,47.9,49.1,47.62,47.79,10206563
2015-08-06 00:00:00+05:30,48.24,48.61,47.25,47.38,10381974
2015-08-07 00:00:00+05:30,48.69,49.17,48.09,48.39,19831502
2015-08-10 00:00:00+05:30,49.06,49.06,47.34,47.83,14534036
2015-08-11 00:00:00+05:30,48.76,48.84,45.97,46.24,19182204
2015-08-12 00:00:00+05:30,46.33,46.33,42.29,42.61,27808518
2015-08-13 00:00:00+05:30,43.19,43.63,37.14,38.69,61288052
2015-08-14 00:00:00+05:30,38.92,40.55,37.85,40.08,29777203
2015-08-17 00:00:00+05:30,40.04,40.23,38.17,39.29,20056506
2015-08-18 00:00:00+05:30,39.37,40.34,38.23,38.49,20757225
2015-08-19 00:00:00+05:30,38.36,39.37,37.78,38.36,12458816
2015-08-20 00:00:00+05:30,38.17,38.4,35.83,36.9,28976475
2015-08-21 00:00:00+05:30,36.3,36.3,34.84,35.4,39170740
2015-08-24 00:00:00+05:30,33.47,33.98,29.47,30.35,39033603
2015-08-25 00:00:00+05:30,31.1,32.65,28.7,32.33,42318103
2015-08-26 00:00:00+05:30,31.55,32.93,30.87,32.01,25016602
2015-08-27 00:00:00+05:30,32.93,34.47,32.24,34.11,35046921
2015-08-28 00:00:00+05:30,35.81,37.01,35.1,36.13,38383897
2015-08-31 00:00:00+05:30,36.13,37.4,34.69,36.92,35717385
2015-09-01 00:00:00+05:30,36.11,36.82,35.21,35.46,21112020
2015-09-02 00:00:00+05:30,35.83,35.89,34.63,35.21,20145284
2015-09-03 00:00:00+05:30,35.31,37.39,35.31,36.77,18517429
2015-09-04 00:00:00+05:30,36.39,36.39,34.54,34.9,14059259
2015-09-07 00:00:00+05:30,35.03,35.81,33.47,33.62,12174885
2015-09-08 00:00:00+05:30,33.89,35.35,32.8,34.99,20383855
2015-09-09 00:00:00+05:30,35.93,38.17,35.93,37.39,37522908
2015-09-10 00:00:00+05:30,36.11,37.57,35.61,37.33,28060628
2015-09-11 00:00:00+05:30,37.48,38.36,35.96,36.3,18013144
2015-09-14 00:00:00+05:30,36.67,38.11,35.98,37.91,20987677
2015-09-15 00:00:00+05:30,37.8,37.8,36.04,36.19,20081568
2015-09-16 00:00:00+05:30,37.37,37.78,36.3,37.01,22959844
2015-09-18 00:00:00+05:30,37.85,38.08,36.6,37.03,37542696
2015-09-21 00:00:00+05:30,36.54,37.35,36.3,36.82,20528864
2015-09-22 00:00:00+05:30,37.05,37.37,34.37,34.56,21994477
2015-09-23 00:00:00+05:30,33.4,35.81,33.27,35.57,21646819
2015-09-24 00:00:00+05:30,35.48,36.09,34.56,35.78,26575129
2015-09-28 00:00:00+05:30,35.98,35.98,33.98,34.13,14545633
2015-09-29 00:00:00+05:30,33.1,33.12,31.87,32.26,35395551
2015-09-30 00:00:00+05:30,33.01,33.08,31.19,31.7,52560311
2015-10-01 00:00:00+05:30,32.22,32.39,30.95,31.21,24101905
2015-10-05 00:00:00+05:30,31.43,31.9,30.93,31.64,43992323
2015-10-06 00:00:00+05:30,32.0,32.56,31.53,32.07,53215404
2015-10-07 00:00:00+05:30,32.22,34.47,31.88,33.96,83866486
2015-10-08 00:00:00+05:30,34.58,35.03,33.34,34.77,55431636
2015-10-09 00:00:00+05:30,35.55,39.2,35.27,38.77,136919656
2015-10-12 00:00:00+05:30,40.27,44.57,40.14,41.5,126845669
2015-10-13 00:00:00+05:30,41.09,41.09,39.71,40.32,52494620
2015-10-14 00:00:00+05:30,40.1,42.06,39.85,40.38,50893199
2015-10-15 00:00:00+05:30,40.88,41.6,39.72,40.88,37558328
2015-10-16 00:00:00+05:30,41.33,41.54,40.1,40.64,23061660
2015-10-19 00:00:00+05:30,40.79,42.01,40.25,40.47,30073875
2015-10-20 00:00:00+05:30,40.51,40.51,37.53,37.89,46091556
2015-10-21 00:00:00+05:30,37.42,39.65,37.09,39.33,56450375
2015-10-23 00:00:00+05:30,40.23,40.3,38.0,38.23,38630727
2015-10-26 00:00:00+05:30,38.79,40.34,38.3,39.24,36808406
2015-10-27 00:00:00+05:30,38.55,39.85,38.21,39.22,47360962
2015-10-28 00:00:00+05:30,38.58,40.1,37.89,39.31,43131607
2015-10-29 00:00:00+05:30,39.67,40.4,39.42,40.08,29088995
2015-10-30 00:00:00+05:30,39.29,39.57,37.12,37.4,44894688
2015-11-02 00:00:00+05:30,37.53,37.74,35.98,36.28,25115986
2015-11-03 00:00:00+05:30,36.52,37.76,36.41,36.82,32778739
2015-11-04 00:00:00+05:30,37.42,37.76,36.8,36.94,18443899
2015-11-05 00:00:00+05:30,36.86,36.97,35.05,35.2,22770142
2015-11-06 00:00:00+05:30,35.1,35.74,34.0,34.5,34046649
2015-11-09 00:00:00+05:30,32.93,35.59,32.67,35.05,33101061
2015-11-10 00:00:00+05:30,34.8,34.86,33.55,33.7,23092748
2015-11-11 00:00:00+05:30,34.2,34.22,33.87,34.05,3273044
2015-11-13 00:00:00+05:30,33.85,33.98,32.45,32.65,32811532
2015-11-16 00:00:00+05:30,32.46,33.98,32.11,33.51,31067079
2015-11-17 00:00:00+05:30,34.05,34.8,33.76,34.45,33244825
2015-11-18 00:00:00+05:30,34.3,34.3,33.23,33.36,28247375
2015-11-19 00:00:00+05:30,33.61,34.47,33.46,34.3,24882391
2015-11-20 00:00:00+05:30,34.32,35.36,34.05,34.86,27295587
2015-11-23 00:00:00+05:30,34.86,34.86,33.49,33.85,19086243
2015-11-24 00:00:00+05:30,33.89,34.2,33.53,33.76,22677369
2015-11-26 00:00:00+05:30,33.9,34.3,33.66,33.77,28726579
2015-11-27 00:00:00+05:30,33.96,35.08,33.64,34.39,28159521
2015-11-30 00:00:00+05:30,34.3,34.58,33.47,33.66,27103088
2015-12-01 00:00:00+05:30,34.37,35.44,34.2,35.23,36601293
2015-12-02 00:00:00+05:30,35.94,36.08,35.1,35.27,26419327
2015-12-03 00:00:00+05:30,34.99,34.99,34.28,34.47,21182793
2015-12-04 00:00:00+05:30,34.04,34.84,33.9,34.24,16727765
2015-12-07 00:00:00+05:30,34.84,34.84,33.94,34.15,16338656
2015-12-08 00:00:00+05:30,33.81,33.81,32.22,32.61,27566513
2015-12-09 00:00:00+05:30,32.18,32.28,30.54,30.78,32466533
2015-12-10 00:00:00+05:30,31.04,31.49,30.41,31.1,31921707
2015-12-11 00:00:00+05:30,31.25,31.81,30.8,31.23,26722015
2015-12-14 00:00:00+05:30,31.21,31.9,30.72,31.55,24101763
2015-12-15 00:00:00+05:30,31.51,31.88,30.97,31.36,22276166
2015-12-16 00:00:00+05:30,31.72,31.92,31.25,31.45,16704995
2015-12-17 00:00:00+05:30,31.7,32.73,31.49,32.61,33450165
2015-12-18 00:00:00+05:30,32.26,32.37,31.47,31.55,31977471
2015-12-21 00:00:00+05:30,31.45,32.56,31.43,32.39,24440440
2015-12-22 00:00:00+05:30,32.37,33.06,32.0,32.2,23432568
2015-12-23 00:00:00+05:30,32.65,33.53,32.65,33.42,27002646
2015-12-24 00:00:00+05:30,34.17,34.58,33.81,34.41,32948714
2015-12-28 00:00:00+05:30,34.54,34.8,33.83,34.39,21731998
2015-12-29 00:00:00+05:30,34.52,34.99,33.96,34.41,20091488
2015-12-30 00:00:00+05:30,34.56,34.99,34.3,34.41,14531880
2015-12-31 00:00:00+05:30,34.52,34.6,33.7,33.83,21405392
2016-01-01 00:00:00+05:30,34.02,34.43,33.74,34.3,11637544
2016-01-04 00:00:00+05:30,33.89,34.99,33.01,33.29,28165226
2016-01-05 00:00:00+05:30,33.51,35.14,33.32,34.58,33336538
2016-01-06 00:00:00+05:30,34.52,34.54,33.12,33.27,22040938
2016-01-07 00:00:00+05:30,32.54,32.54,29.98,30.37,48935568
2016-01-08 00:00:00+05:30,30.44,30.99,29.62,30.33,37468374
2016-01-11 00:00:00+05:30,29.38,32.37,28.85,31.81,75237886
2016-01-12 00:00:00+05:30,31.73,32.48,30.91,31.53,37474012
2016-01-13 00:00:00+05:30,31.53,32.13,29.43,30.29,47698126
2016-01-14 00:00:00+05:30,29.53,30.97,29.04,29.69,47512556
2016-01-15 00:00:00+05:30,30.09,30.22,26.94,27.26,41913629
2016-01-18 00:00:00+05:30,26.94,27.84,25.32,25.71,50150911
2016-01-19 00:00:00+05:30,26.05,26.61,25.17,25.92,68176529
2016-01-20 00:00:00+05:30,25.2,25.2,23.63,23.91,68396972
2016-01-21 00:00:00+05:30,24.7,24.79,23.2,23.35,61500984
2016-01-22 00:00:00+05:30,24.14,24.96,23.61,24.21,96301822
2016-01-25 00:00:00+05:30,24.77,25.0,24.03,24.1,49541980
2016-01-27 00:00:00+05:30,24.42,24.7,23.8,23.88,70122081
2016-01-28 00:00:00+05:30,24.04,25.37,23.86,25.19,87131041
2016-01-29 00:00:00+05:30,25.84,27.26,25.71,26.85,117549383
2016-02-01 00:00:00+05:30,27.21,27.21,25.97,26.35,35337051
2016-02-02 00:00:00+05:30,26.38,26.46,24.06,24.29,49917974
2016-02-03 00:00:00+05:30,23.88,23.99,22.58,23.07,65146034
2016-02-04 00:00:00+05:30,23.82,25.78,23.61,25.35,92843050
2016-02-05 00:00:00+05:30,25.43,27.84,25.35,27.66,110825076
2016-02-08 00:00:00+05:30,27.62,28.29,26.57,26.83,57883178
2016-02-09 00:00:00+05:30,26.03,27.0,25.77,26.1,52288506
2016-02-10 00:00:00+05:30,25.62,25.9,24.36,25.17,46678810
2016-02-11 00:00:00+05:30,25.0,25.07,23.01,23.31,44394820
2016-02-12 00:00:00+05:30,23.69,24.23,21.76,23.67,77221321
2016-02-15 00:00:00+05:30,24.77,28.37,24.77,28.07,98410180
2016-02-16 00:00:00+05:30,28.82,28.82,26.5,26.7,73181499
2016-02-17 00:00:00+05:30,26.57,28.05,25.0,27.84,77199567
2016-02-18 00:00:00+05:30,28.27,29.08,27.17,28.38,85220321
2016-02-19 00:00:00+05:30,27.69,28.29,27.32,27.94,41616225
2016-02-22 00:00:00+05:30,27.92,28.2,27.19,27.73,33732455
2016-02-23 00:00:00+05:30,27.67,28.35,27.0,27.34,55303817
2016-02-24 00:00:00+05:30,26.57,27.19,26.38,26.53,33853610
2016-02-25 00:00:00+05:30,26.68,27.09,25.95,26.05,35323503
2016-02-26 00:00:00+05:30,26.42,27.13,25.97,26.87,37327656
2016-02-29 00:00:00+05:30,27.17,28.72,26.03,26.42,64351292
2016-03-01 00:00:00+05:30,26.91,28.25,26.42,28.05,55518792
2016-03-02 00:00:00+05:30,28.82,30.18,28.65,29.25,57154038
2016-03-03 00:00:00+05:30,29.81,32.03,29.3,31.42,88172146
2016-03-04 00:00:00+05:30,32.07,33.74,31.17,32.71,78485937
2016-03-08 00:00:00+05:30,33.12,34.65,33.12,33.81,75879471
2016-03-09 00:00:00+05:30,32.16,33.06,31.57,32.88,66056074
2016-03-10 00:00:00+05:30,33.42,34.13,32.8,33.03,64786026
2016-03-11 00:00:00+05:30,32.63,33.31,32.09,32.69,48462438
2016-03-14 00:00:00+05:30,33.47,33.87,32.95,33.31,38047543
2016-03-15 00:00:00+05:30,33.29,33.98,32.59,32.97,52069653
2016-03-16 00:00:00+05:30,32.91,32.91,31.72,32.3,54841664
2016-03-17 00:00:00+05:30,33.19,33.57,32.01,32.28,43099041
2016-03-18 00:00:00+05:30,33.03,34.9,32.74,34.54,88973166
2016-03-21 00:00:00+05:30,34.88,35.5,34.6,35.18,56094661
2016-03-22 00:00:00+05:30,35.36,36.36,34.99,36.0,53852463
2016-03-23 00:00:00+05:30,36.06,36.75,35.91,36.24,52370732
2016-03-28 00:00:00+05:30,36.43,36.43,32.69,32.91,85686793
2016-03-29 00:00:00+05:30,32.56,33.38,32.2,32.82,52117061
2016-03-30 00:00:00+05:30,33.38,34.77,33.17,34.3,55291912
2016-03-31 00:00:00+05:30,35.18,36.11,33.38,33.62,112387387
2016-04-01 00:00:00+05:30,33.59,34.28,32.76,33.7,44705275
2016-04-04 00:00:00+05:30,33.92,34.39,33.66,33.92,37675905
2016-04-05 00:00:00+05:30,33.55,33.62,31.88,32.13,46827705
2016-04-06 00:00:00+05:30,32.33,33.21,32.28,32.76,41481912
2016-04-07 00:00:00+05:30,32.8,33.06,31.9,32.11,30556398
2016-04-08 00:00:00+05:30,31.81,32.99,31.73,32.73,36409223
2016-04-11 00:00:00+05:30,33.12,33.94,33.12,33.79,45774633
2016-04-12 00:00:00+05:30,33.79,34.19,33.31,33.9,36060462
2016-04-13 00:00:00+05:30,34.63,35.64,34.54,35.18,62425985
2016-04-18 00:00:00+05:30,35.36,36.6,34.54,36.49,56124918
2016-04-20 00:00:00+05:30,36.9,40.1,36.9,39.8,120419073
2016-04-21 00:00:00+05:30,40.29,40.75,39.03,39.31,47964290
2016-04-22 00:00:00+05:30,39.03,39.84,38.88,39.26,34782625
2016-04-25 00:00:00+05:30,39.29,39.29,37.63,38.17,34912921
2016-04-26 00:00:00+05:30,37.83,40.04,37.83,39.84,47563261
2016-04-27 00:00:00+05:30,40.0,40.3,38.94,39.24,30815326
2016-04-28 00:00:00+05:30,39.05,39.41,37.1,37.35,55606405
2016-04-29 00:00:00+05:30,37.7,39.26,37.7,38.84,76877731
2016-05-02 00:00:00+05:30,38.36,41.76,38.26,41.43,80568612
2016-05-03 00:00:00+05:30,41.91,42.64,40.9,41.16,87865330
2016-05-04 00:00:00+05:30,40.42,40.94,38.75,39.16,77970762
2016-05-05 00:00:00+05:30,38.96,39.59,37.98,39.18,54309149
2016-05-06 00:00:00+05:30,38.73,39.14,38.36,38.75,43891413
2016-05-09 00:00:00+05:30,39.18,40.04,38.58,38.81,34107792
2016-05-10 00:00:00+05:30,38.06,38.43,37.37,37.65,44136274
2016-05-11 00:00:00+05:30,36.95,38.15,36.49,37.29,49980840
2016-05-12 00:00:00+05:30,37.87,38.68,37.55,38.51,35311363
2016-05-13 00:00:00+05:30,37.8,38.28,36.39,36.67,45552593
2016-05-16 00:00:00+05:30,36.97,37.57,36.34,37.4,35321114
2016-05-17 00:00:00+05:30,38.17,38.26,37.25,37.44,29991513
2016-05-18 00:00:00+05:30,36.95,37.31,36.51,37.14,26131059
2016-05-19 00:00:00+05:30,36.97,37.7,35.29,35.53,37606748
2016-05-20 00:00:00+05:30,35.63,36.71,35.63,36.28,39521300
2016-05-23 00:00:00+05:30,36.94,37.12,36.21,36.49,23102924
2016-05-24 00:00:00+05:30,36.67,36.67,35.2,36.22,25134881
2016-05-25 00:00:00+05:30,37.01,37.31,36.45,37.16,20007690
2016-05-26 00:00:00+05:30,37.24,39.29,36.94,38.94,36330966
2016-05-27 00:00:00+05:30,39.07,39.63,38.21,38.47,25982798
2016-05-30 00:00:00+05:30,39.11,40.21,38.98,39.85,35515257
2016-05-31 00:00:00+05:30,39.99,41.05,38.84,40.62,71489413
2016-06-01 00:00:00+05:30,40.79,40.79,39.13,39.31,28280106
2016-06-02 00:00:00+05:30,38.69,40.12,38.68,39.95,29251812
2016-06-03 00:00:00+05:30,40.14,40.27,38.86,39.16,20616576
2016-06-06 00:00:00+05:30,38.99,40.17,38.71,39.76,26396504
2016-06-07 00:00:00+05:30,40.15,41.43,39.63,41.18,35624670
2016-06-08 00:00:00+05:30,41.16,42.1,40.45,41.91,41902067
2016-06-09 00:00:00+05:30,42.1,43.5,41.91,42.21,55140116
2016-06-10 00:00:00+05:30,43.05,44.03,42.85,43.71,56561226
2016-06-13 00:00:00+05:30,42.9,43.19,42.06,42.64,28306176
2016-06-14 00:00:00+05:30,42.59,43.34,42.38,42.94,25341068
2016-06-15 00:00:00+05:30,43.22,44.98,43.19,44.79,48104329
2016-06-16 00:00:00+05:30,44.38,46.03,44.18,45.82,56136015
2016-06-17 00:00:00+05:30,46.16,46.33,45.47,45.86,32065391
2016-06-20 00:00:00+05:30,45.41,48.42,45.24,48.09,36573641
2016-06-21 00:00:00+05:30,48.27,48.59,46.68,46.95,37556409
2016-06-22 00:00:00+05:30,46.91,47.6,45.88,47.43,32996870
2016-06-23 00:00:00+05:30,47.26,47.86,46.65,47.38,34989936
2016-06-24 00:00:00+05:30,44.33,45.73,40.29,44.1,80671738
2016-06-27 00:00:00+05:30,43.56,46.22,43.52,45.79,45989999
2016-06-28 00:00:00+05:30,46.01,46.37,45.62,46.09,27787210
2016-06-29 00:00:00+05:30,46.78,47.98,46.48,47.66,39778336
2016-06-30 00:00:00+05:30,48.13,49.77,47.83,49.38,44290040
2016-07-01 00:00:00+05:30,49.75,51.21,49.57,50.6,35064191
2016-07-04 00:00:00+05:30,50.88,52.24,50.78,51.89,28811905
2016-07-05 00:00:00+05:30,51.74,52.24,50.84,51.31,24869222
2016-07-07 00:00:00+05:30,51.72,54.34,51.66,53.68,42348515
2016-07-08 00:00:00+05:30,54.26,54.51,52.73,53.55,40473881
2016-07-11 00:00:00+05:30,54.66,55.83,54.6,55.63,30379483
2016-07-12 00:00:00+05:30,56.17,60.76,56.17,59.8,74569175
2016-07-13 00:00:00+05:30,60.4,65.45,59.78,61.2,153371659
2016-07-14 00:00:00+05:30,61.58,62.12,60.12,61.37,66594636
2016-07-15 00:00:00+05:30,62.21,62.98,60.64,61.13,54780211
2016-07-18 00:00:00+05:30,61.52,61.63,59.39,59.93,39362545
2016-07-19 00:00:00+05:30,60.01,60.68,58.87,59.95,59424481
2016-07-20 00:00:00+05:30,60.27,60.98,59.78,60.51,38736151
2016-07-21 00:00:00+05:30,60.77,60.81,58.44,58.79,32889450
2016-07-22 00:00:00+05:30,59.13,64.52,58.1,63.36,84466912
2016-07-25 00:00:00+05:30,63.24,65.68,60.87,64.42,106022332
2016-07-26 00:00:00+05:30,64.4,65.17,63.13,63.52,44859415
2016-07-27 00:00:00+05:30,63.99,64.24,61.8,63.04,44138890
2016-07-28 00:00:00+05:30,63.36,63.97,61.99,63.43,44621149
2016-07-29 00:00:00+05:30,63.23,63.23,61.19,61.62,42597583
2016-08-01 00:00:00+05:30,61.04,63.06,61.04,62.1,40687346
2016-08-02 00:00:00+05:30,61.86,62.21,57.52,58.47,55324556
2016-08-03 00:00:00+05:30,59.13,59.76,58.12,58.83,35812964
2016-08-04 00:00:00+05:30,59.88,60.96,59.03,60.49,29468417
2016-08-05 00:00:00+05:30,61.26,63.9,61.13,63.28,42494797
2016-08-08 00:00:00+05:30,63.69,64.87,63.23,63.45,31796897
2016-08-09 00:00:00+05:30,63.62,63.77,61.22,61.77,28221019
2016-08-10 00:00:00+05:30,61.73,62.65,60.55,61.54,23398394
2016-08-11 00:00:00+05:30,61.39,61.49,59.28,60.4,26570335
2016-08-12 00:00:00+05:30,60.77,62.68,60.77,62.2,25684108
2016-08-16 00:00:00+05:30,62.31,63.86,61.52,63.41,27895193
2016-08-17 00:00:00+05:30,63.3,64.63,63.02,64.03,27270311
2016-08-18 00:00:00+05:30,64.24,65.0,64.03,64.7,22225862
2016-08-19 00:00:00+05:30,65.32,67.6,64.85,67.1,44837431
2016-08-22 00:00:00+05:30,66.91,67.02,65.55,66.09,23265853
2016-08-23 00:00:00+05:30,65.88,66.41,64.14,65.13,20133254
2016-08-24 00:00:00+05:30,65.49,66.46,65.38,65.86,17087127
2016-08-25 00:00:00+05:30,65.84,66.05,63.32,63.58,25689276
2016-08-26 00:00:00+05:30,63.9,64.31,62.61,63.34,15224672
2016-08-29 00:00:00+05:30,63.24,65.12,62.7,64.87,17097474
2016-08-30 00:00:00+05:30,65.3,65.98,64.78,65.56,17792845
2016-08-31 00:00:00+05:30,65.3,66.05,63.36,63.62,27312305
2016-09-01 00:00:00+05:30,63.37,64.37,63.08,63.69,18632783
2016-09-02 00:00:00+05:30,63.86,64.78,62.57,64.46,20155297
2016-09-06 00:00:00+05:30,65.0,65.79,64.68,65.34,15610540
2016-09-07 00:00:00+05:30,66.69,67.66,64.61,64.97,40136375
2016-09-08 00:00:00+05:30,65.41,66.56,65.0,65.6,23808001
2016-09-09 00:00:00+05:30,65.86,66.11,63.88,64.09,21728599
2016-09-12 00:00:00+05:30,62.65,65.98,59.31,60.36,75733265
2016-09-14 00:00:00+05:30,62.08,62.42,60.1,62.07,47591046
2016-09-15 00:00:00+05:30,62.2,62.46,60.62,61.97,23150681
2016-09-16 00:00:00+05:30,62.12,62.96,59.54,60.7,30210010
2016-09-19 00:00:00+05:30,60.55,62.08,60.29,61.63,18258694
2016-09-20 00:00:00+05:30,61.65,62.01,60.92,61.43,17419388
2016-09-21 00:00:00+05:30,61.37,62.46,61.07,61.84,17799606
2016-09-22 00:00:00+05:30,62.66,63.75,61.86,63.11,22303700
2016-09-23 00:00:00+05:30,63.24,64.67,62.59,63.77,34509842
2016-09-26 00:00:00+05:30,63.28,64.07,62.5,63.09,22875416
2016-09-27 00:00:00+05:30,63.28,63.62,61.95,62.35,13990809
2016-09-28 00:00:00+05:30,62.1,65.66,62.01,65.41,27977817
2016-09-29 00:00:00+05:30,66.05,66.57,62.31,63.09,45613244
2016-09-30 00:00:00+05:30,61.56,65.02,61.56,64.39,28550428
2016-10-03 00:00:00+05:30,65.06,67.08,64.82,66.89,27138062
2016-10-04 00:00:00+05:30,67.32,70.45,66.97,69.98,49967358
2016-10-05 00:00:00+05:30,70.47,72.23,70.39,71.74,41283443
2016-10-06 00:00:00+05:30,71.85,75.37,71.25,73.91,68619803
2016-10-07 00:00:00+05:30,73.74,74.15,72.13,72.92,44946844
2016-10-10 00:00:00+05:30,74.1,75.48,73.65,74.68,35763394
2016-10-13 00:00:00+05:30,74.06,74.6,72.0,73.35,32634114
2016-10-14 00:00:00+05:30,73.24,73.98,72.15,73.24,21661695
2016-10-17 00:00:00+05:30,72.6,74.1,71.55,72.23,23303547
2016-10-18 00:00:00+05:30,72.97,73.65,72.02,73.5,27547607
2016-10-19 00:00:00+05:30,73.91,75.18,73.44,74.28,26732225
2016-10-20 00:00:00+05:30,74.88,78.04,74.66,77.69,42085510
2016-10-21 00:00:00+05:30,77.61,77.61,75.61,76.0,26197762
2016-10-24 00:00:00+05:30,76.15,77.03,75.44,75.72,18793638
2016-10-25 00:00:00+05:30,75.71,76.6,74.06,76.32,25261220
2016-10-26 00:00:00+05:30,75.63,76.96,74.55,75.37,21130367
2016-10-27 00:00:00+05:30,75.22,75.78,74.47,74.71,30260905
2016-10-28 00:00:00+05:30,75.09,76.34,74.32,75.82,37722762
2016-10-30 00:00:00+05:30,76.23,76.27,75.46,75.8,1863590
2016-11-01 00:00:00+05:30,76.7,83.56,75.8,82.25,86281887
2016-11-02 00:00:00+05:30,80.46,83.17,80.31,81.67,49262640
2016-11-03 00:00:00+05:30,81.21,84.54,80.94,81.51,44454851
2016-11-04 00:00:00+05:30,82.25,83.15,77.6,79.62,45059870
2016-11-07 00:00:00+05:30,81.28,82.27,80.03,80.74,28323121
2016-11-08 00:00:00+05:30,81.38,83.26,80.61,82.27,34793949
2016-11-09 00:00:00+05:30,76.79,81.9,74.06,81.45,49744588
2016-11-10 00:00:00+05:30,83.84,87.46,83.47,85.81,60322829
2016-11-11 00:00:00+05:30,84.57,87.38,83.96,86.0,46368317
2016-11-15 00:00:00+05:30,84.67,86.0,77.8,78.42,52913591
2016-11-16 00:00:00+05:30,80.66,80.83,76.73,77.35,35694791
2016-11-17 00:00:00+05:30,77.5,81.58,76.68,80.05,48672924
2016-11-18 00:00:00+05:30,80.16,80.38,75.52,76.1,35829184
2016-11-21 00:00:00+05:30,76.38,77.8,71.93,73.63,42868888
2016-11-22 00:00:00+05:30,75.22,77.89,74.99,77.43,34080976
2016-11-23 00:00:00+05:30,78.81,81.54,78.03,81.13,48442332
2016-11-24 00:00:00+05:30,81.21,83.77,80.55,83.0,58052980
2016-11-25 00:00:00+05:30,83.71,85.51,82.25,83.55,45353667
2016-11-28 00:00:00+05:30,83.64,86.03,82.25,85.55,38324865
2016-11-29 00:00:00+05:30,85.85,86.93,85.15,85.53,39403475
2016-11-30 00:00:00+05:30,84.76,86.43,83.3,86.02,36474949
2016-12-01 00:00:00+05:30,87.21,87.34,84.67,84.91,24490909
2016-12-02 00:00:00+05:30,83.83,85.12,82.97,83.47,22969023
2016-12-05 00:00:00+05:30,83.12,85.17,83.08,84.8,21895619
2016-12-06 00:00:00+05:30,85.32,86.24,84.59,85.73,22445062
2016-12-07 00:00:00+05:30,85.66,87.38,85.32,86.61,23774259
2016-12-08 00:00:00+05:30,87.7,91.65,87.49,90.92,45777709
2016-12-09 00:00:00+05:30,90.97,92.25,90.51,91.85,31293822
2016-12-12 00:00:00+05:30,91.82,93.05,91.22,92.36,25658853
2016-12-13 00:00:00+05:30,91.72,92.15,89.36,89.8,42266525
2016-12-14 00:00:00+05:30,89.31,90.08,88.02,88.28,30160409
2016-12-15 00:00:00+05:30,87.1,89.55,86.52,88.35,24268668
2016-12-16 00:00:00+05:30,88.39,89.33,85.96,86.18,26062694
2016-12-19 00:00:00+05:30,85.3,86.84,84.24,85.04,22803491
2016-12-20 00:00:00+05:30,84.93,85.4,82.97,83.98,18595321
2016-12-21 00:00:00+05:30,84.24,85.29,83.26,84.61,19581751
2016-12-22 00:00:00+05:30,84.13,84.14,80.48,81.08,27942742
2016-12-23 00:00:00+05:30,80.46,82.1,79.07,81.08,35292511
2016-12-26 00:00:00+05:30,80.1,80.29,77.39,78.04,28281100
2016-12-27 00:00:00+05:30,77.89,80.65,76.64,80.33,28562384
2016-12-28 00:00:00+05:30,80.72,81.45,78.87,79.3,25353721
2016-12-29 00:00:00+05:30,79.6,81.99,79.11,81.21,24767511
2016-12-30 00:00:00+05:30,81.6,82.25,80.4,80.89,17888996
2017-01-02 00:00:00+05:30,81.0,83.08,80.27,82.68,19626622
2017-01-03 00:00:00+05:30,83.34,83.79,81.99,82.2,18607223
2017-01-04 00:00:00+05:30,82.91,83.26,80.96,81.13,18076125
2017-01-05 00:00:00+05:30,81.96,85.59,81.86,85.19,40282889
2017-01-06 00:00:00+05:30,85.51,87.46,84.74,86.3,32056594
2017-01-09 00:00:00+05:30,86.41,87.36,86.15,87.03,21862054
2017-01-10 00:00:00+05:30,86.93,88.07,85.81,87.04,27161406
2017-01-11 00:00:00+05:30,87.85,89.22,87.61,88.92,35196676
2017-01-12 00:00:00+05:30,89.1,90.41,88.02,90.09,18166808
2017-01-13 00:00:00+05:30,90.47,91.09,88.75,89.18,21981412
2017-01-16 00:00:00+05:30,89.44,91.31,88.58,91.07,19430179
2017-01-17 00:00:00+05:30,91.29,91.42,88.02,88.35,19294626
2017-01-18 00:00:00+05:30,89.07,92.13,88.69,91.46,32410551
2017-01-19 00:00:00+05:30,91.24,92.21,90.23,91.78,21620771
2017-01-20 00:00:00+05:30,91.16,91.8,88.8,89.27,23412439
2017-01-23 00:00:00+05:30,89.4,91.97,89.16,91.78,20065092
2017-01-24 00:00:00+05:30,92.17,94.73,91.74,94.47,27741721
2017-01-25 00:00:00+05:30,95.43,97.07,94.6,96.77,41887298
2017-01-27 00:00:00+05:30,96.55,97.07,95.8,96.38,19150346
2017-01-30 00:00:00+05:30,96.06,97.97,94.88,97.56,27288103
2017-01-31 00:00:00+05:30,97.67,97.97,94.38,94.72,23534136
2017-02-01 00:00:00+05:30,95.39,97.86,93.59,97.5,22783816
2017-02-02 00:00:00+05:30,96.92,98.12,94.94,97.24,21423517
2017-02-03 00:00:00+05:30,96.89,97.45,92.92,93.84,26333192
2017-02-06 00:00:00+05:30,94.34,95.8,92.92,93.84,16965085
2017-02-07 00:00:00+05:30,94.01,95.69,92.34,92.83,24672656
2017-02-08 00:00:00+05:30,93.18,94.77,93.05,94.44,17068184
2017-02-09 00:00:00+05:30,94.9,95.35,92.34,93.29,19277949
2017-02-10 00:00:00+05:30,93.84,94.4,91.82,92.81,24239191
2017-02-13 00:00:00+05:30,94.32,96.72,94.14,95.86,35594416
2017-02-14 00:00:00+05:30,96.46,96.49,93.28,94.9,39359566
2017-02-15 00:00:00+05:30,94.14,96.01,91.72,92.68,31022990
2017-02-16 00:00:00+05:30,93.26,98.96,90.88,98.5,46652257
2017-02-17 00:00:00+05:30,98.61,99.54,97.02,98.59,30853667
2017-02-20 00:00:00+05:30,98.51,101.92,97.6,101.19,31911839
2017-02-21 00:00:00+05:30,101.41,102.76,100.14,100.61,31324010
2017-02-22 00:00:00+05:30,101.41,101.41,98.08,98.38,24159282
2017-02-23 00:00:00+05:30,98.2,99.99,97.13,98.36,32304635
2017-02-27 00:00:00+05:30,97.3,98.68,95.43,95.63,28753568
2017-02-28 00:00:00+05:30,95.73,97.6,95.46,96.96,22525158
2017-03-01 00:00:00+05:30,97.67,99.88,96.38,99.36,31155165
2017-03-02 00:00:00+05:30,100.67,103.29,100.29,101.38,54353278
2017-03-03 00:00:00+05:30,100.76,101.66,98.83,100.11,27156922
2017-03-06 00:00:00+05:30,100.76,101.04,98.46,99.64,18444198
2017-03-07 00:00:00+05:30,99.54,99.9,97.04,97.43,24725349
2017-03-08 00:00:00+05:30,97.43,97.67,93.65,94.38,41231608
2017-03-09 00:00:00+05:30,94.87,95.67,93.43,94.53,39318871
2017-03-10 00:00:00+05:30,94.83,95.43,92.53,92.99,27963593
2017-03-14 00:00:00+05:30,95.05,96.27,94.19,94.94,29186293
2017-03-15 00:00:00+05:30,95.09,96.18,93.97,95.84,24823362
2017-03-16 00:00:00+05:30,97.49,99.32,96.94,99.0,36975728
2017-03-17 00:00:00+05:30,99.92,100.54,97.71,99.11,28906049
2017-03-20 00:00:00+05:30,99.41,99.43,97.75,98.53,30476673
2017-03-21 00:00:00+05:30,98.63,98.81,96.42,97.92,23438976
2017-03-22 00:00:00+05:30,96.74,98.18,95.61,97.71,34481677
2017-03-23 00:00:00+05:30,99.54,101.17,98.66,99.43,37060993
2017-03-24 00:00:00+05:30,100.42,100.74,99.28,99.94,30598095
2017-03-27 00:00:00+05:30,99.26,100.2,97.43,97.75,17345253
2017-03-28 00:00:00+05:30,98.61,100.11,98.14,99.21,19658069
2017-03-29 00:00:00+05:30,99.92,100.97,99.32,100.59,21446530
2017-03-30 00:00:00+05:30,100.95,103.51,100.33,102.72,59322585
2017-03-31 00:00:00+05:30,102.89,104.07,102.37,102.89,21740899
2017-04-03 00:00:00+05:30,103.32,103.85,101.62,102.05,15329684
2017-04-05 00:00:00+05:30,102.28,102.8,101.66,102.03,15082453
2017-04-06 00:00:00+05:30,101.53,102.82,100.2,101.17,23880206
2017-04-07 00:00:00+05:30,100.67,102.03,100.25,100.59,23389511
2017-04-10 00:00:00+05:30,100.67,102.39,100.27,101.92,18654149
2017-04-11 00:00:00+05:30,95.99,96.31,94.4,94.59,29260890
2017-04-12 00:00:00+05:30,95.65,98.23,95.65,96.64,48283746
2017-04-13 00:00:00+05:30,96.01,96.01,90.6,91.16,31100406
2017-04-17 00:00:00+05:30,91.12,91.12,87.79,88.24,32171416
2017-04-18 00:00:00+05:30,88.84,92.4,85.75,86.15,58783478
2017-04-19 00:00:00+05:30,86.46,88.65,84.76,87.62,49456969
2017-04-20 00:00:00+05:30,88.71,88.99,86.75,87.4,29029804
2017-04-21 00:00:00+05:30,87.85,88.32,86.18,86.76,33357162
2017-04-24 00:00:00+05:30,87.08,87.33,85.17,86.73,28181364
2017-04-25 00:00:00+05:30,87.18,88.62,85.45,88.07,62681887
2017-04-26 00:00:00+05:30,88.71,89.36,86.48,87.76,34395151
2017-04-27 00:00:00+05:30,87.57,88.67,87.1,87.51,26523503
2017-04-28 00:00:00+05:30,87.49,92.32,86.2,91.14,45329772
2017-05-02 00:00:00+05:30,92.28,92.98,89.55,90.51,26773179
2017-05-03 00:00:00+05:30,90.51,91.22,89.25,89.85,19815316
2017-05-04 00:00:00+05:30,89.81,89.85,86.58,87.01,31590967
2017-05-05 00:00:00+05:30,86.05,86.05,81.49,83.73,65280833
2017-05-08 00:00:00+05:30,84.07,84.54,82.03,83.02,33730117
2017-05-09 00:00:00+05:30,83.08,86.0,82.83,84.35,36999332
2017-05-10 00:00:00+05:30,85.3,86.07,84.29,85.55,26127003
2017-05-11 00:00:00+05:30,86.5,88.95,86.0,88.32,39623065
2017-05-12 00:00:00+05:30,88.9,89.61,87.31,88.6,31267130
2017-05-15 00:00:00+05:30,89.42,90.94,88.78,90.15,40106486
2017-05-16 00:00:00+05:30,91.67,92.06,88.56,89.1,49004110
2017-05-17 00:00:00+05:30,89.7,90.94,89.18,90.69,33088975
2017-05-18 00:00:00+05:30,89.81,90.34,85.92,86.5,25851358
2017-05-19 00:00:00+05:30,86.82,87.89,84.41,86.2,38257874
2017-05-22 00:00:00+05:30,87.12,88.04,85.14,85.66,35111470
2017-05-23 00:00:00+05:30,86.11,87.34,83.04,86.35,40575814
2017-05-24 00:00:00+05:30,86.03,86.03,82.57,83.79,31740936
2017-05-25 00:00:00+05:30,83.6,87.96,83.53,87.04,107288219
2017-05-26 00:00:00+05:30,87.36,92.02,86.67,90.81,49086264
2017-05-29 00:00:00+05:30,91.68,92.7,90.02,91.39,27226281
2017-05-30 00:00:00+05:30,90.75,92.19,90.02,91.65,28088895
2017-05-31 00:00:00+05:30,91.5,92.0,88.86,89.31,47786747
2017-06-01 00:00:00+05:30,89.76,90.23,86.33,86.54,40869908
2017-06-02 00:00:00+05:30,87.08,88.19,84.76,85.64,40640369
2017-06-05 00:00:00+05:30,85.94,87.25,85.02,85.85,27745780
2017-06-06 00:00:00+05:30,85.96,86.6,84.8,85.85,18376140
2017-06-07 00:00:00+05:30,88.13,88.32,86.82,87.27,31412326
2017-06-08 00:00:00+05:30,86.99,88.47,86.75,87.77,20870844
2017-06-09 00:00:00+05:30,87.57,92.06,86.91,91.59,56071442
2017-06-12 00:00:00+05:30,91.12,93.14,90.75,91.72,37356241
2017-06-13 00:00:00+05:30,91.35,91.54,88.92,89.25,25768132
2017-06-14 00:00:00+05:30,89.23,89.44,87.47,88.3,33029030
2017-06-15 00:00:00+05:30,87.47,89.14,87.19,88.28,25952698
2017-06-16 00:00:00+05:30,88.13,89.35,87.94,88.62,28973768
2017-06-19 00:00:00+05:30,89.63,91.05,88.93,90.52,23751922
2017-06-20 00:00:00+05:30,90.94,91.07,89.65,90.38,16319387
2017-06-21 00:00:00+05:30,89.66,89.93,88.77,89.29,18675172
2017-06-22 00:00:00+05:30,89.51,90.11,86.73,87.66,20053668
2017-06-23 00:00:00+05:30,87.94,89.01,86.15,88.64,26267691
2017-06-27 00:00:00+05:30,89.14,89.42,87.4,88.75,18873999
2017-06-28 00:00:00+05:30,88.8,91.37,88.35,90.77,23746228
2017-06-29 00:00:00+05:30,91.76,94.44,91.5,94.01,61097621
2017-06-30 00:00:00+05:30,94.04,94.55,92.55,93.2,35497955
2017-07-03 00:00:00+05:30,93.93,95.61,93.71,95.17,30705956
2017-07-04 00:00:00+05:30,95.78,97.09,94.75,95.52,31987882
2017-07-05 00:00:00+05:30,95.43,98.08,95.28,97.82,32636268
2017-07-06 00:00:00+05:30,97.93,98.59,97.24,97.92,28218809
2017-07-07 00:00:00+05:30,97.3,97.8,95.91,96.21,21994260
2017-07-10 00:00:00+05:30,98.01,98.01,96.38,97.56,3832935
2017-07-11 00:00:00+05:30,98.16,98.8,95.95,96.4,30713775
2017-07-12 00:00:00+05:30,97.34,97.9,96.51,97.26,20997896
2017-07-13 00:00:00+05:30,97.88,98.74,96.08,98.44,20485639
2017-07-14 00:00:00+05:30,98.66,99.02,97.02,98.16,24843818
2017-07-17 00:00:00+05:30,99.09,101.04,98.38,100.83,28441940
2017-07-18 00:00:00+05:30,100.8,102.22,100.03,100.42,18914020
2017-07-19 00:00:00+05:30,100.82,102.63,100.67,102.29,18364890
2017-07-20 00:00:00+05:30,102.35,102.44,100.37,100.87,13110166
2017-07-21 00:00:00+05:30,101.0,101.64,97.86,100.42,21977479
2017-07-24 00:00:00+05:30,100.35,100.54,98.33,99.02,14670636
2017-07-25 00:00:00+05:30,99.81,103.36,99.58,102.63,33643501
2017-07-26 00:00:00+05:30,104.71,106.0,104.03,105.14,49686928
2017-07-27 00:00:00+05:30,105.57,106.17,103.47,104.75,35345621
2017-07-28 00:00:00+05:30,103.66,104.6,101.58,102.76,16059487
2017-07-31 00:00:00+05:30,103.29,105.33,103.12,104.73,16642370
2017-08-01 00:00:00+05:30,105.12,105.85,104.82,105.55,16838733
2017-08-02 00:00:00+05:30,105.19,105.53,104.03,105.14,14489108
2017-08-03 00:00:00+05:30,105.12,105.91,103.81,104.76,15745528
2017-08-04 00:00:00+05:30,104.75,108.49,104.07,108.09,26994006
2017-08-07 00:00:00+05:30,108.04,109.46,106.93,107.66,15628136
2017-08-08 00:00:00+05:30,108.86,112.9,108.86,111.41,50178360
2017-08-09 00:00:00+05:30,111.41,114.77,111.41,112.34,33047396
2017-08-10 00:00:00+05:30,111.89,113.69,109.01,111.82,37819669
2017-08-11 00:00:00+05:30,109.65,110.23,103.51,104.45,49122438
2017-08-14 00:00:00+05:30,106.65,109.65,105.91,108.21,34075610
2017-08-16 00:00:00+05:30,108.96,111.87,107.22,111.22,28147389
2017-08-17 00:00:00+05:30,112.74,116.1,112.64,114.06,50821878
2017-08-18 00:00:00+05:30,111.89,113.54,110.4,111.67,34153096
2017-08-21 00:00:00+05:30,113.07,114.64,109.31,109.95,23377732
2017-08-22 00:00:00+05:30,111.33,112.17,109.09,109.67,25306599
2017-08-23 00:00:00+05:30,111.03,112.62,109.14,112.12,23181144
2017-08-24 00:00:00+05:30,113.28,113.39,110.68,111.72,27196660
2017-08-28 00:00:00+05:30,112.68,113.15,111.22,112.77,24455599
2017-08-29 00:00:00+05:30,113.43,114.33,111.28,111.91,29307963
2017-08-30 00:00:00+05:30,112.64,114.68,112.64,114.34,20546674
2017-09-01 00:00:00+05:30,116.03,118.16,115.39,117.86,26974147
2017-09-04 00:00:00+05:30,118.18,119.38,115.41,118.18,24766899
2017-09-05 00:00:00+05:30,119.19,119.83,117.96,119.04,20192507
2017-09-06 00:00:00+05:30,117.88,119.56,117.26,119.1,16118388
2017-09-07 00:00:00+05:30,120.05,122.82,119.32,122.3,41754781
2017-09-08 00:00:00+05:30,123.38,124.88,122.15,123.53,45462468
2017-09-11 00:00:00+05:30,122.71,124.49,121.44,123.38,21347191
2017-09-12 00:00:00+05:30,124.24,125.23,123.49,123.76,17671814
2017-09-13 00:00:00+05:30,123.83,124.34,121.72,122.41,16828836
2017-09-14 00:00:00+05:30,121.96,123.68,118.57,119.64,38974398
2017-09-15 00:00:00+05:30,118.46,120.93,116.7,119.38,47763587
2017-09-18 00:00:00+05:30,120.01,122.71,120.01,121.94,22790932
2017-09-19 00:00:00+05:30,122.05,122.5,120.33,120.97,13546214
2017-09-20 00:00:00+05:30,121.55,122.13,120.18,120.97,19225390
2017-09-21 00:00:00+05:30,121.1,121.55,117.88,120.71,20334355
2017-09-22 00:00:00+05:30,119.77,119.77,114.59,115.22,35628740
2017-09-25 00:00:00+05:30,115.3,116.65,111.14,114.81,38170894
2017-09-26 00:00:00+05:30,115.71,119.45,114.48,119.1,39528114
2017-09-27 00:00:00+05:30,118.91,119.34,115.52,116.14,31691263
2017-09-28 00:00:00+05:30,116.42,118.4,115.09,115.6,32340897
2017-09-29 00:00:00+05:30,115.73,118.82,115.73,117.6,23265321
2017-10-03 00:00:00+05:30,119.04,119.79,118.29,119.1,15870371
2017-10-04 00:00:00+05:30,119.38,120.29,118.5,119.42,16480839
2017-10-05 00:00:00+05:30,119.43,120.22,118.82,119.15,9935814
2017-10-06 00:00:00+05:30,120.65,122.67,120.18,122.43,25151091
2017-10-09 00:00:00+05:30,122.67,122.93,120.91,121.25,16248459
2017-10-10 00:00:00+05:30,121.96,121.96,119.13,120.13,22193109
2017-10-11 00:00:00+05:30,120.69,121.59,116.07,117.28,24369057
2017-10-12 00:00:00+05:30,117.79,120.05,117.06,119.56,25286306
2017-10-13 00:00:00+05:30,119.9,121.44,119.66,120.28,27440773
2017-10-16 00:00:00+05:30,121.21,125.7,121.02,125.44,32736617
2017-10-17 00:00:00+05:30,125.74,125.83,124.02,125.12,22990029
2017-10-18 00:00:00+05:30,124.99,125.48,123.16,124.04,19034055
2017-10-19 00:00:00+05:30,123.79,123.79,122.18,122.73,1543729
2017-10-23 00:00:00+05:30,123.03,124.28,122.26,123.19,14888930
2017-10-24 00:00:00+05:30,124.04,126.96,123.63,124.86,25917746
2017-10-25 00:00:00+05:30,126.3,126.67,123.04,125.7,18346772
2017-10-26 00:00:00+05:30,126.3,128.88,125.31,128.3,45368457
2017-10-27 00:00:00+05:30,128.86,129.18,125.44,127.18,15492579
2017-10-30 00:00:00+05:30,127.95,129.01,127.12,127.59,12171627
2017-10-31 00:00:00+05:30,127.37,128.53,123.57,124.19,18462096
2017-11-01 00:00:00+05:30,125.27,129.09,124.82,128.49,22753142
2017-11-02 00:00:00+05:30,128.68,128.92,126.38,127.54,17069352
2017-11-03 00:00:00+05:30,129.11,129.63,125.42,126.53,23188707
2017-11-06 00:00:00+05:30,126.09,128.17,124.13,126.82,16576153
2017-11-07 00:00:00+05:30,128.42,128.58,124.45,125.63,18742161
2017-11-08 00:00:00+05:30,125.68,126.06,119.53,120.46,26402581
2017-11-09 00:00:00+05:30,121.16,122.17,119.27,121.16,16725587
2017-11-10 00:00:00+05:30,120.5,122.5,119.0,121.19,14833549
2017-11-13 00:00:00+05:30,121.25,121.55,117.13,117.77,13130589
2017-11-14 00:00:00+05:30,117.66,119.19,115.07,115.62,18776712
2017-11-15 00:00:00+05:30,114.61,114.62,110.04,110.58,24591320
2017-11-16 00:00:00+05:30,110.98,113.17,110.45,112.75,17111917
2017-11-17 00:00:00+05:30,114.23,117.26,114.14,115.11,24690608
2017-11-20 00:00:00+05:30,115.26,117.88,113.48,117.47,18333452
2017-11-21 00:00:00+05:30,118.7,119.08,116.44,117.09,12842575
2017-11-22 00:00:00+05:30,117.6,118.14,115.15,115.8,15297714
2017-11-23 00:00:00+05:30,116.22,117.09,113.3,115.56,14956154
2017-11-24 00:00:00+05:30,115.71,115.92,113.99,114.48,10626343
2017-11-27 00:00:00+05:30,113.6,115.58,113.02,114.23,12623188
2017-11-28 00:00:00+05:30,114.21,115.56,112.64,113.32,14060759
2017-11-29 00:00:00+05:30,113.48,113.61,111.33,111.65,16097694
2017-11-30 00:00:00+05:30,110.7,111.65,110.02,110.56,24739990
2017-12-01 00:00:00+05:30,111.31,111.31,106.84,107.29,23984839
2017-12-04 00:00:00+05:30,108.15,110.21,107.03,108.54,22243327
2017-12-05 00:00:00+05:30,108.9,108.92,106.65,107.95,18232165
2017-12-06 00:00:00+05:30,105.53,105.96,103.9,105.46,38745912
2017-12-07 00:00:00+05:30,105.62,107.33,104.78,106.9,22556811
2017-12-08 00:00:00+05:30,107.93,110.94,107.4,108.97,33577016
2017-12-11 00:00:00+05:30,109.44,110.1,107.03,109.03,15221487
2017-12-12 00:00:00+05:30,109.27,112.23,109.27,109.7,32763630
2017-12-13 00:00:00+05:30,109.8,109.82,105.31,106.11,36940859
2017-12-14 00:00:00+05:30,106.84,107.8,104.91,106.49,21889200
2017-12-15 00:00:00+05:30,108.51,112.23,108.51,111.52,69199295
2017-12-18 00:00:00+05:30,110.77,117.23,107.22,115.41,43803570
2017-12-19 00:00:00+05:30,116.35,118.65,115.8,118.35,34599165
2017-12-20 00:00:00+05:30,118.25,119.55,117.28,118.72,21364050
2017-12-21 00:00:00+05:30,119.0,119.86,117.32,118.69,21413585
2017-12-22 00:00:00+05:30,119.47,119.66,117.04,118.46,13717347
2017-12-26 00:00:00+05:30,119.38,120.87,119.1,120.48,24662301
2017-12-27 00:00:00+05:30,121.08,122.84,119.98,122.07,24384179
2017-12-28 00:00:00+05:30,122.56,125.37,122.56,124.5,38467780
2017-12-29 00:00:00+05:30,125.27,125.55,122.28,123.46,17706523
2018-01-01 00:00:00+05:30,123.87,124.73,121.02,121.79,15310509
2018-01-02 00:00:00+05:30,122.75,123.04,119.27,122.65,17961525
2018-01-03 00:00:00+05:30,123.63,125.46,123.14,124.43,21837111
2018-01-04 00:00:00+05:30,125.44,127.8,123.51,126.9,23727368
2018-01-05 00:00:00+05:30,127.42,129.59,126.53,127.07,25903588
2018-01-08 00:00:00+05:30,127.2,127.87,125.61,127.33,13423192
2018-01-09 00:00:00+05:30,128.08,128.3,125.2,126.38,17842409
2018-01-10 00:00:00+05:30,127.18,128.55,124.62,125.29,20611504
2018-01-11 00:00:00+05:30,125.37,125.85,124.0,124.95,11031523
2018-01-12 00:00:00+05:30,126.11,127.78,125.44,127.07,21763677
2018-01-15 00:00:00+05:30,127.98,128.73,126.38,126.94,13585616
2018-01-16 00:00:00+05:30,127.16,127.52,121.64,123.55,21692046
2018-01-17 00:00:00+05:30,123.46,125.83,120.52,125.33,26582518
2018-01-18 00:00:00+05:30,125.7,125.74,120.87,122.26,37188748
2018-01-19 00:00:00+05:30,122.18,124.88,120.91,124.11,20442397
2018-01-22 00:00:00+05:30,124.43,124.5,121.44,122.35,20064009
2018-01-23 00:00:00+05:30,122.78,130.96,122.78,128.55,48694010
2018-01-24 00:00:00+05:30,128.51,130.01,126.34,127.24,29460599
2018-01-25 00:00:00+05:30,126.82,131.75,126.79,129.33,36357837
2018-01-29 00:00:00+05:30,130.36,133.11,128.15,129.11,35314738
2018-01-30 00:00:00+05:30,129.07,129.07,126.15,127.72,19727717
2018-01-31 00:00:00+05:30,127.98,129.65,125.46,127.37,22146356
2018-02-01 00:00:00+05:30,127.24,129.56,123.42,127.78,41003111
2018-02-02 00:00:00+05:30,126.26,129.46,123.98,125.1,31744202
2018-02-05 00:00:00+05:30,121.62,124.58,117.32,123.06,33030443
2018-02-06 00:00:00+05:30,116.42,123.06,115.9,120.37,32088778
2018-02-07 00:00:00+05:30,122.18,123.87,116.98,118.14,44888171
2018-02-08 00:00:00+05:30,116.95,119.23,114.19,117.67,44371606
2018-02-09 00:00:00+05:30,114.91,120.13,114.55,118.37,25426305
2018-02-12 00:00:00+05:30,119.73,119.73,116.98,118.09,24309997
2018-02-14 00:00:00+05:30,119.85,121.02,116.72,118.16,19117577
2018-02-15 00:00:00+05:30,119.79,122.88,119.77,121.4,30889816
2018-02-16 00:00:00+05:30,123.46,123.46,118.25,119.66,24361687
2018-02-19 00:00:00+05:30,120.16,121.44,117.54,119.88,23094373
2018-02-20 00:00:00+05:30,120.13,123.87,119.75,123.01,30450748
2018-02-21 00:00:00+05:30,123.49,123.87,120.09,122.6,32819332
2018-02-22 00:00:00+05:30,121.74,123.7,120.5,122.99,46107281
2018-02-23 00:00:00+05:30,123.51,127.52,122.43,126.45,30118257
2018-02-26 00:00:00+05:30,127.01,129.11,126.86,128.42,23628307
2018-02-27 00:00:00+05:30,128.55,129.05,126.49,127.46,12553791
2018-02-28 00:00:00+05:30,126.75,126.75,122.37,123.4,28235919
2018-03-01 00:00:00+05:30,122.45,124.86,120.39,120.97,21807586
2018-03-05 00:00:00+05:30,119.38,120.22,116.22,118.22,24768911
2018-03-06 00:00:00+05:30,119.12,122.54,116.42,117.3,31088301
2018-03-07 00:00:00+05:30,116.98,117.28,113.46,115.77,32597994
2018-03-08 00:00:00+05:30,117.47,118.63,112.96,115.41,26236726
2018-03-09 00:00:00+05:30,116.68,118.4,113.22,113.82,37020987
2018-03-12 00:00:00+05:30,115.37,119.28,114.36,118.78,29841993
2018-03-13 00:00:00+05:30,117.88,121.25,116.76,120.14,47618182
2018-03-14 00:00:00+05:30,119.58,120.91,118.14,119.36,27119215
2018-03-15 00:00:00+05:30,119.64,120.05,117.88,118.61,24495866
2018-03-16 00:00:00+05:30,118.63,118.63,114.81,115.6,35802414
2018-03-19 00:00:00+05:30,116.55,117.36,113.76,114.96,26891041
2018-03-20 00:00:00+05:30,106.58,109.69,106.19,107.44,39009364
2018-03-21 00:00:00+05:30,108.53,109.83,105.72,106.93,30295835
2018-03-22 00:00:00+05:30,108.08,110.1,106.99,109.2,32088949
2018-03-23 00:00:00+05:30,106.37,106.84,102.65,103.29,35515001
2018-03-26 00:00:00+05:30,103.44,107.03,100.57,106.02,39750569
2018-03-27 00:00:00+05:30,107.78,108.49,106.17,107.4,27614019
2018-03-28 00:00:00+05:30,106.26,107.01,103.53,103.98,39285725
2018-04-02 00:00:00+05:30,106.28,106.62,103.83,105.64,17518740
2018-04-03 00:00:00+05:30,104.41,106.54,104.24,105.98,25968566
2018-04-04 00:00:00+05:30,106.45,108.45,101.6,102.65,34252630
2018-04-05 00:00:00+05:30,105.01,109.18,104.86,108.49,41304000
2018-04-06 00:00:00+05:30,107.03,107.63,105.34,106.67,25437026
2018-04-09 00:00:00+05:30,106.17,108.3,104.78,105.29,29455219
2018-04-10 00:00:00+05:30,108.9,109.27,105.98,106.32,32542723
2018-04-11 00:00:00+05:30,108.56,111.41,107.53,111.07,60850871
2018-04-12 00:00:00+05:30,110.77,110.94,107.4,108.04,28544926
2018-04-13 00:00:00+05:30,108.96,110.28,107.96,109.14,30758186
2018-04-16 00:00:00+05:30,107.8,109.25,107.27,108.64,20162047
2018-04-17 00:00:00+05:30,109.8,110.49,107.55,108.08,26264845
2018-04-18 00:00:00+05:30,109.65,110.02,108.3,108.94,37435242
2018-04-19 00:00:00+05:30,111.05,117.32,111.05,116.65,83058805
2018-04-20 00:00:00+05:30,114.31,115.92,113.39,115.49,36170431
2018-04-23 00:00:00+05:30,115.15,116.55,113.76,114.16,18861937
2018-04-24 00:00:00+05:30,109.65,112.19,107.78,111.29,39775826
2018-04-25 00:00:00+05:30,110.99,111.35,107.85,108.6,22173631
2018-04-26 00:00:00+05:30,109.09,109.93,107.63,108.64,31605908
2018-04-27 00:00:00+05:30,109.65,110.96,108.54,110.04,18312571
2018-04-30 00:00:00+05:30,110.55,113.11,109.69,111.67,18286410
2018-05-02 00:00:00+05:30,111.01,111.01,105.64,106.06,32808181
2018-05-03 00:00:00+05:30,106.26,108.06,103.79,107.1,34745975
2018-05-04 00:00:00+05:30,108.32,108.79,104.41,105.4,42987838
2018-05-07 00:00:00+05:30,105.91,108.3,105.53,106.82,22025164
2018-05-08 00:00:00+05:30,107.18,107.57,105.38,105.87,21000212
2018-05-09 00:00:00+05:30,105.91,108.67,105.57,105.96,27483037
2018-05-10 00:00:00+05:30,106.56,106.84,104.22,104.67,23554348
2018-05-11 00:00:00+05:30,105.87,107.51,104.26,107.38,26118190
2018-05-14 00:00:00+05:30,107.78,107.91,104.99,105.57,18873547
2018-05-15 00:00:00+05:30,105.89,106.84,104.07,105.42,41184166
2018-05-16 00:00:00+05:30,105.4,106.28,103.47,104.33,28810304
2018-05-17 00:00:00+05:30,105.98,106.26,103.02,103.64,25064146
2018-05-18 00:00:00+05:30,104.11,104.22,100.8,101.15,23858556
2018-05-21 00:00:00+05:30,101.15,102.26,97.69,98.74,25930524
2018-05-22 00:00:00+05:30,99.13,101.38,97.86,101.02,21436141
2018-05-23 00:00:00+05:30,98.57,98.61,93.63,94.55,48704619
2018-05-24 00:00:00+05:30,94.38,94.77,89.87,93.78,54031487
2018-05-25 00:00:00+05:30,92.55,96.08,90.26,94.23,73296684
2018-05-28 00:00:00+05:30,94.81,95.52,91.91,94.92,26005867
2018-05-29 00:00:00+05:30,89.81,95.43,89.03,94.77,88013343
2018-05-30 00:00:00+05:30,91.68,94.62,91.46,93.97,43723680
2018-05-31 00:00:00+05:30,93.74,94.62,92.15,92.92,78367660
2018-06-01 00:00:00+05:30,92.81,96.7,92.25,92.9,49812021
2018-06-04 00:00:00+05:30,93.09,93.35,91.5,92.34,30688204
2018-06-05 00:00:00+05:30,92.15,92.62,90.75,92.15,22830769
2018-06-06 00:00:00+05:30,92.19,93.03,90.64,92.23,52993334
2018-06-07 00:00:00+05:30,93.01,95.99,92.02,92.51,79235792
2018-06-08 00:00:00+05:30,92.51,92.77,90.77,92.17,27827143
2018-06-11 00:00:00+05:30,92.17,92.81,91.7,92.1,46105892
2018-06-12 00:00:00+05:30,92.25,92.53,91.07,91.87,25719942
2018-06-13 00:00:00+05:30,91.95,91.95,90.38,90.97,30652520
2018-06-14 00:00:00+05:30,90.19,91.12,89.48,89.83,23862848
2018-06-15 00:00:00+05:30,90.19,90.19,87.57,89.29,65422128
2018-06-18 00:00:00+05:30,88.32,88.32,85.57,86.89,41621225
2018-06-19 00:00:00+05:30,85.68,86.02,82.93,83.94,59035671
2018-06-20 00:00:00+05:30,84.57,86.13,84.29,85.59,45458281
2018-06-21 00:00:00+05:30,85.14,86.37,84.57,85.72,45064848
2018-06-22 00:00:00+05:30,85.34,86.02,84.78,85.53,40249120
2018-06-25 00:00:00+05:30,85.7,89.63,85.7,86.31,108645266
2018-06-26 00:00:00+05:30,85.62,87.34,84.41,86.61,35827059
2018-06-27 00:00:00+05:30,87.19,87.29,85.38,86.11,34114541
2018-06-28 00:00:00+05:30,86.45,87.42,85.88,86.07,33820004
2018-06-29 00:00:00+05:30,85.32,89.01,85.32,88.39,30800431
2018-07-02 00:00:00+05:30,87.85,91.24,85.44,89.76,47619104
2018-07-03 00:00:00+05:30,88.39,88.39,86.09,86.46,42358761
2018-07-04 00:00:00+05:30,85.87,85.87,84.28,85.34,31414469
2018-07-05 00:00:00+05:30,84.95,84.95,81.96,82.82,33786524
2018-07-06 00:00:00+05:30,81.96,84.09,81.04,81.99,37696646
2018-07-09 00:00:00+05:30,83.17,85.15,82.74,84.8,28625680
2018-07-10 00:00:00+05:30,84.97,85.32,84.14,84.59,22750836
2018-07-11 00:00:00+05:30,83.41,83.41,80.93,81.62,43745653
2018-07-12 00:00:00+05:30,81.77,82.7,78.96,79.11,43767846
2018-07-13 00:00:00+05:30,79.71,79.88,78.25,78.76,28641716
2018-07-16 00:00:00+05:30,79.15,79.34,76.64,77.24,25155390
2018-07-17 00:00:00+05:30,77.09,79.47,76.04,78.62,20284102
2018-07-18 00:00:00+05:30,78.59,78.83,75.59,76.23,20968066
2018-07-19 00:00:00+05:30,76.85,79.05,75.42,77.91,32352791
2018-07-20 00:00:00+05:30,77.11,77.3,75.09,75.74,24358612
2018-07-23 00:00:00+05:30,76.34,79.86,75.11,79.19,23865800
2018-07-24 00:00:00+05:30,78.21,82.33,77.84,80.93,42097821
2018-07-25 00:00:00+05:30,81.26,82.98,81.11,81.94,30093855
2018-07-26 00:00:00+05:30,82.59,82.95,80.65,81.02,19143786
2018-07-27 00:00:00+05:30,81.58,82.7,81.04,82.24,17891882
2018-07-30 00:00:00+05:30,83.04,84.57,82.55,84.16,22161179
2018-07-31 00:00:00+05:30,84.2,84.22,81.86,83.15,19029855
2018-08-01 00:00:00+05:30,82.25,85.7,80.91,81.66,39255847
2018-08-02 00:00:00+05:30,81.21,81.54,79.13,80.14,38264805
2018-08-03 00:00:00+05:30,80.48,83.71,80.4,83.23,48832294
2018-08-06 00:00:00+05:30,84.01,84.37,82.97,83.96,16962774
2018-08-07 00:00:00+05:30,84.2,86.35,83.64,84.87,42879951
2018-08-08 00:00:00+05:30,85.49,85.81,83.68,84.13,25041360
2018-08-09 00:00:00+05:30,84.56,87.01,83.08,86.3,34459634
2018-08-10 00:00:00+05:30,87.16,87.46,83.15,83.71,31226429
2018-08-13 00:00:00+05:30,81.73,81.73,79.9,80.94,34008437
2018-08-14 00:00:00+05:30,80.83,81.45,79.73,80.5,26921598
2018-08-16 00:00:00+05:30,77.84,78.92,76.85,78.14,38238719
2018-08-17 00:00:00+05:30,79.41,81.09,78.96,80.53,35562264
2018-08-20 00:00:00+05:30,81.17,83.38,80.68,83.02,28075371
2018-08-21 00:00:00+05:30,83.47,83.62,81.62,81.9,21085910
2018-08-23 00:00:00+05:30,81.77,81.77,79.35,80.38,26445341
2018-08-24 00:00:00+05:30,80.08,84.2,79.43,83.84,32154442
2018-08-27 00:00:00+05:30,84.56,85.14,83.26,84.39,24955329
2018-08-28 00:00:00+05:30,84.97,86.78,84.41,86.18,41238206
2018-08-29 00:00:00+05:30,87.34,89.16,85.08,85.34,83918634
2018-08-30 00:00:00+05:30,86.02,86.46,84.63,86.07,64498530
2018-08-31 00:00:00+05:30,85.7,86.3,83.83,85.21,40574588
2018-09-03 00:00:00+05:30,85.66,86.17,84.86,85.49,21104334
2018-09-04 00:00:00+05:30,85.57,85.92,82.95,84.13,30307125
2018-09-05 00:00:00+05:30,83.83,86.07,82.59,85.87,27832271
2018-09-06 00:00:00+05:30,86.43,86.43,84.46,86.03,36126038
2018-09-07 00:00:00+05:30,85.83,87.46,84.84,86.17,65030614
2018-09-10 00:00:00+05:30,87.19,87.49,83.15,83.64,48793841
2018-09-11 00:00:00+05:30,84.2,85.1,81.58,82.2,38148295
2018-09-12 00:00:00+05:30,82.61,84.5,81.96,83.68,23647183
2018-09-14 00:00:00+05:30,85.62,88.49,84.59,88.17,47228558
2018-09-17 00:00:00+05:30,88.11,88.97,86.88,87.91,34762361
2018-09-18 00:00:00+05:30,87.94,87.94,85.32,86.13,35349640
2018-09-19 00:00:00+05:30,86.35,86.95,84.95,86.11,48782623
2018-09-21 00:00:00+05:30,86.43,88.06,82.74,86.24,113196861
2018-09-24 00:00:00+05:30,87.01,88.9,85.42,86.03,55962464
2018-09-25 00:00:00+05:30,86.15,87.16,84.84,86.22,44814309
2018-09-26 00:00:00+05:30,86.48,91.68,85.96,90.39,108481541
2018-09-27 00:00:00+05:30,90.51,92.36,89.29,90.06,67172228
2018-09-28 00:00:00+05:30,90.28,90.86,84.99,86.93,55675161
2018-10-01 00:00:00+05:30,86.07,87.61,84.37,87.06,42679857
2018-10-03 00:00:00+05:30,87.08,92.4,86.88,89.85,96848264
2018-10-04 00:00:00+05:30,89.68,91.42,87.61,89.59,73180676
2018-10-05 00:00:00+05:30,88.69,90.38,84.61,86.69,45895844
2018-10-08 00:00:00+05:30,84.95,85.42,74.19,77.37,99654954
2018-10-09 00:00:00+05:30,77.84,81.02,76.36,79.37,47750694
2018-10-10 00:00:00+05:30,79.82,82.57,79.8,81.64,34136448
2018-10-11 00:00:00+05:30,77.89,81.49,74.84,77.8,43888260
2018-10-12 00:00:00+05:30,78.77,81.06,78.74,80.2,31258659
2018-10-15 00:00:00+05:30,81.17,81.17,78.08,78.81,37471311
2018-10-16 00:00:00+05:30,79.34,80.38,79.15,79.5,14443502
2018-10-17 00:00:00+05:30,80.61,81.0,77.33,77.82,22944335
2018-10-19 00:00:00+05:30,77.26,80.16,74.75,79.0,53332070
2018-10-22 00:00:00+05:30,79.73,82.05,77.78,79.92,36785669
2018-10-23 00:00:00+05:30,79.26,80.93,77.69,78.72,32333746
2018-10-24 00:00:00+05:30,79.41,80.08,77.95,79.3,22354020
2018-10-25 00:00:00+05:30,78.06,78.44,75.44,76.57,57048778
2018-10-26 00:00:00+05:30,76.66,77.63,74.47,76.21,32136413
2018-10-29 00:00:00+05:30,77.48,79.52,76.29,79.11,29048688
2018-10-30 00:00:00+05:30,79.56,80.98,78.59,79.04,28060412
2018-10-31 00:00:00+05:30,79.13,80.03,77.46,79.02,28677910
2018-11-01 00:00:00+05:30,79.71,80.61,77.84,79.63,46178311
2018-11-02 00:00:00+05:30,81.21,85.08,80.29,84.54,52703003
2018-11-05 00:00:00+05:30,84.37,85.23,82.63,83.25,36187915
2018-11-06 00:00:00+05:30,77.73,79.95,76.83,77.61,53000501
2018-11-07 00:00:00+05:30,78.44,79.32,78.25,78.49,6543838
2018-11-09 00:00:00+05:30,78.94,79.34,77.95,78.23,18355032
2018-11-12 00:00:00+05:30,78.49,78.92,75.69,76.02,31536847
2018-11-13 00:00:00+05:30,75.59,77.09,75.22,76.94,24704300
2018-11-14 00:00:00+05:30,77.28,77.8,76.17,76.38,20108843
2018-11-15 00:00:00+05:30,76.83,78.46,75.87,77.67,27386891
2018-11-16 00:00:00+05:30,77.84,78.21,76.92,77.39,21373531
2018-11-19 00:00:00+05:30,77.76,79.63,77.61,79.09,29068227
2018-11-20 00:00:00+05:30,78.68,78.92,74.84,76.81,49745125
2018-11-21 00:00:00+05:30,76.34,76.49,75.22,75.56,38140484
2018-11-22 00:00:00+05:30,76.3,76.57,74.47,74.7,33103044
2018-11-26 00:00:00+05:30,74.84,74.86,71.48,73.27,54921060
2018-11-27 00:00:00+05:30,72.54,74.73,71.18,72.97,56281511
2018-11-28 00:00:00+05:30,73.42,73.85,71.91,72.21,35542193
2018-11-29 00:00:00+05:30,73.54,75.56,73.44,74.4,43418360
2018-11-30 00:00:00+05:30,75.14,75.22,72.92,73.29,39316776
2018-12-03 00:00:00+05:30,75.41,76.85,75.22,75.95,43384218
2018-12-04 00:00:00+05:30,75.74,77.43,75.07,77.17,28217932
2018-12-05 00:00:00+05:30,75.72,76.51,73.89,74.25,32942571
2018-12-06 00:00:00+05:30,73.68,73.68,71.48,73.1,41936220
2018-12-07 00:00:00+05:30,74.08,74.21,72.23,73.24,24546018
2018-12-10 00:00:00+05:30,71.63,73.22,71.18,72.06,18080825
2018-12-11 00:00:00+05:30,71.81,72.97,71.12,72.43,33290608
2018-12-12 00:00:00+05:30,72.81,75.13,72.43,74.58,29970646
2018-12-13 00:00:00+05:30,75.22,75.89,74.21,75.09,27100972
2018-12-14 00:00:00+05:30,74.47,76.04,74.15,75.44,20408864
2018-12-17 00:00:00+05:30,79.63,79.82,76.57,76.9,73789947
2018-12-18 00:00:00+05:30,76.68,78.59,76.44,78.04,33428793
2018-12-19 00:00:00+05:30,78.51,78.57,76.96,77.41,30288038
2018-12-20 00:00:00+05:30,76.72,76.72,75.41,75.87,37299876
2018-12-21 00:00:00+05:30,76.53,76.55,74.53,74.86,38411284
2018-12-24 00:00:00+05:30,74.1,74.66,73.35,73.5,26591440
2018-12-26 00:00:00+05:30,73.33,73.97,72.24,73.5,25251421
2018-12-27 00:00:00+05:30,74.71,75.69,73.05,73.29,34446302
2018-12-28 00:00:00+05:30,73.97,75.09,73.72,74.62,23229778
2018-12-31 00:00:00+05:30,75.37,76.19,75.07,75.67,25601708
2019-01-01 00:00:00+05:30,75.78,75.91,74.98,75.63,10548486
2019-01-02 00:00:00+05:30,74.84,74.84,72.04,72.28,50599014
2019-01-03 00:00:00+05:30,72.49,72.97,70.19,70.34,37325954
2019-01-04 00:00:00+05:30,70.35,72.77,69.85,72.19,34426889
2019-01-07 00:00:00+05:30,73.39,74.34,72.04,72.39,29448344
2019-01-08 00:00:00+05:30,72.79,73.72,71.81,73.22,38200021
2019-01-09 00:00:00+05:30,74.08,74.1,71.85,72.88,29942817
2019-01-10 00:00:00+05:30,72.97,73.42,72.39,73.14,22062353
2019-01-11 00:00:00+05:30,73.16,74.21,72.97,73.57,22034252
2019-01-14 00:00:00+05:30,73.35,73.35,71.85,72.24,24209722
2019-01-15 00:00:00+05:30,72.54,74.77,72.36,74.43,25162309
2019-01-16 00:00:00+05:30,75.22,75.69,73.24,73.46,33547756
2019-01-17 00:00:00+05:30,73.82,74.19,73.12,73.89,17614346
2019-01-18 00:00:00+05:30,74.47,74.84,73.44,74.36,22198127
2019-01-21 00:00:00+05:30,74.88,75.03,73.97,74.26,16964971
2019-01-22 00:00:00+05:30,73.91,73.91,71.48,71.66,26457791
2019-01-23 00:00:00+05:30,71.66,72.97,71.33,72.15,20105452
2019-01-24 00:00:00+05:30,72.19,73.14,71.59,72.41,16556496
2019-01-25 00:00:00+05:30,73.01,73.5,72.06,72.86,17201754
2019-01-28 00:00:00+05:30,72.97,72.97,71.48,71.66,16153944
2019-01-29 00:00:00+05:30,71.66,72.54,70.88,72.09,16647949
2019-01-30 00:00:00+05:30,72.19,73.52,71.91,72.64,26764358
2019-01-31 00:00:00+05:30,73.16,74.19,72.52,73.85,35818690
2019-02-01 00:00:00+05:30,67.23,67.36,59.18,60.68,263377096
2019-02-04 00:00:00+05:30,60.92,61.75,58.57,60.38,65678675
2019-02-05 00:00:00+05:30,59.61,61.56,58.85,60.85,38352862
2019-02-06 00:00:00+05:30,61.13,61.75,59.03,61.28,35115142
2019-02-07 00:00:00+05:30,60.98,61.99,60.55,61.17,25217538
2019-02-08 00:00:00+05:30,60.74,60.77,56.02,57.69,57898926
2019-02-11 00:00:00+05:30,57.52,58.08,55.03,56.94,48603834
2019-02-12 00:00:00+05:30,56.84,59.11,56.4,57.2,37723039
2019-02-13 00:00:00+05:30,57.59,57.95,56.19,56.4,19708634
2019-02-14 00:00:00+05:30,56.32,57.26,55.82,56.79,26623002
2019-02-15 00:00:00+05:30,56.53,56.58,54.56,55.12,37721826
2019-02-18 00:00:00+05:30,55.7,56.56,54.88,55.39,38164630
2019-02-19 00:00:00+05:30,55.42,57.78,55.33,57.29,33604297
2019-02-20 00:00:00+05:30,57.63,60.21,57.63,59.97,46099497
2019-02-21 00:00:00+05:30,60.51,61.97,59.99,61.6,39109790
2019-02-22 00:00:00+05:30,61.54,63.62,61.22,63.49,37919347
2019-02-25 00:00:00+05:30,63.99,64.29,62.65,64.09,29384564
2019-02-26 00:00:00+05:30,63.13,64.09,61.37,63.51,35400372
2019-02-27 00:00:00+05:30,63.62,64.16,61.26,61.62,29412050
2019-02-28 00:00:00+05:30,62.31,64.16,61.45,63.39,104313686
2019-03-01 00:00:00+05:30,64.53,65.41,64.37,64.91,31760117
2019-03-05 00:00:00+05:30,64.72,66.01,64.52,65.47,20488421
2019-03-06 00:00:00+05:30,66.48,67.36,65.9,66.8,29477041
2019-03-07 00:00:00+05:30,66.97,66.97,64.59,65.88,25312622
2019-03-08 00:00:00+05:30,65.41,65.41,64.09,64.5,15492199
2019-03-11 00:00:00+05:30,65.12,66.89,64.57,66.28,24166516
2019-03-12 00:00:00+05:30,66.95,67.49,66.35,66.78,27941058
2019-03-13 00:00:00+05:30,66.61,66.72,63.99,64.22,26104532
2019-03-14 00:00:00+05:30,64.25,65.38,64.14,64.97,17416176
2019-03-15 00:00:00+05:30,64.82,66.05,63.69,65.75,48699151
2019-03-18 00:00:00+05:30,65.49,65.49,64.31,64.85,15771328
2019-03-19 00:00:00+05:30,64.4,65.56,64.2,64.63,23787521
2019-03-20 00:00:00+05:30,65.21,65.66,64.57,65.32,15239776
2019-03-22 00:00:00+05:30,65.19,66.09,64.76,65.08,19941874
2019-03-25 00:00:00+05:30,63.88,63.99,62.78,62.96,22028529
2019-03-26 00:00:00+05:30,63.62,65.25,63.24,64.97,21661217
2019-03-27 00:00:00+05:30,65.6,66.33,64.89,65.66,22672193
2019-03-28 00:00:00+05:30,66.24,66.97,65.73,66.63,26077540
2019-03-29 00:00:00+05:30,66.84,69.38,66.82,69.03,43805422
2019-04-01 00:00:00+05:30,70.13,72.37,69.98,70.69,42189116
2019-04-02 00:00:00+05:30,71.33,71.4,69.74,70.32,21637116
2019-04-03 00:00:00+05:30,70.65,71.48,69.25,69.53,15965177
2019-04-04 00:00:00+05:30,69.33,70.78,68.63,70.05,17012536
2019-04-05 00:00:00+05:30,70.62,71.96,69.87,71.74,19456427
2019-04-08 00:00:00+05:30,72.64,73.01,69.31,69.85,29277527
2019-04-09 00:00:00+05:30,69.94,71.46,68.89,71.1,23753168
2019-04-10 00:00:00+05:30,70.69,71.76,69.44,70.54,26892813
2019-04-11 00:00:00+05:30,70.52,70.52,67.14,67.79,46955294
2019-04-12 00:00:00+05:30,67.9,69.04,67.25,68.82,20619232
2019-04-15 00:00:00+05:30,69.19,70.34,68.75,69.12,17377645
2019-04-16 00:00:00+05:30,69.31,71.01,68.97,69.21,20645527
2019-04-18 00:00:00+05:30,69.34,69.94,66.61,66.84,28142133
2019-04-22 00:00:00+05:30,66.95,67.15,65.38,65.49,13838053
2019-04-23 00:00:00+05:30,65.56,65.99,65.12,65.41,12056774
2019-04-24 00:00:00+05:30,65.47,65.86,64.01,65.41,17351185
2019-04-25 00:00:00+05:30,65.34,65.58,63.62,63.79,19243507
2019-04-26 00:00:00+05:30,64.18,64.63,62.87,63.51,38820667
2019-04-30 00:00:00+05:30,63.62,63.75,61.19,62.44,31907756
2019-05-02 00:00:00+05:30,62.08,63.32,61.45,62.98,24669535
2019-05-03 00:00:00+05:30,63.13,63.24,62.05,62.76,13654270
2019-05-06 00:00:00+05:30,61.37,62.96,61.02,62.4,17858328
2019-05-07 00:00:00+05:30,62.61,63.71,60.81,61.19,34431247
2019-05-08 00:00:00+05:30,60.06,61.17,58.38,59.65,69841108
2019-05-09 00:00:00+05:30,59.5,60.06,58.62,58.81,18068977
2019-05-10 00:00:00+05:30,59.28,59.71,57.57,58.36,23525956
2019-05-13 00:00:00+05:30,58.49,59.11,57.18,57.71,19408585
2019-05-14 00:00:00+05:30,57.37,60.57,57.37,60.16,55418922
2019-05-15 00:00:00+05:30,60.51,61.07,59.58,59.89,30780553
2019-05-16 00:00:00+05:30,60.36,61.41,59.45,61.19,23592446
2019-05-17 00:00:00+05:30,61.05,61.49,59.63,60.23,22461918
2019-05-20 00:00:00+05:30,61.75,62.87,61.37,62.53,20149335
2019-05-21 00:00:00+05:30,63.02,63.15,61.3,61.92,19760406
2019-05-22 00:00:00+05:30,61.92,62.83,61.63,62.23,17628596
2019-05-23 00:00:00+05:30,63.04,63.04,58.38,58.88,38076311
2019-05-24 00:00:00+05:30,59.5,61.6,58.21,61.34,27942357
2019-05-27 00:00:00+05:30,61.54,62.79,61.0,62.31,17493218
2019-05-28 00:00:00+05:30,62.31,64.25,62.03,63.45,153342984
2019-05-29 00:00:00+05:30,63.06,63.15,61.24,62.07,24108489
2019-05-30 00:00:00+05:30,61.84,62.27,60.81,61.37,21382873
2019-05-31 00:00:00+05:30,61.69,61.93,59.31,60.08,35657348
2019-06-03 00:00:00+05:30,60.04,61.75,59.61,61.45,16341508
2019-06-04 00:00:00+05:30,61.49,62.76,61.37,62.08,20246993
2019-06-06 00:00:00+05:30,62.08,62.25,60.18,61.04,24683494
2019-06-07 00:00:00+05:30,61.07,62.81,60.83,61.45,22663036
2019-06-10 00:00:00+05:30,62.53,62.98,61.11,61.82,16877261
2019-06-11 00:00:00+05:30,62.16,63.58,61.93,63.37,26054709
2019-06-12 00:00:00+05:30,63.23,64.85,63.0,63.66,28902140
2019-06-13 00:00:00+05:30,63.62,63.82,61.82,63.04,17386758
2019-06-14 00:00:00+05:30,63.06,64.14,62.72,63.45,16923308
2019-06-17 00:00:00+05:30,63.23,63.23,61.09,61.39,16779972
2019-06-18 00:00:00+05:30,61.37,63.36,61.37,62.91,24064711
2019-06-19 00:00:00+05:30,63.82,64.7,62.23,63.06,29714131
2019-06-20 00:00:00+05:30,63.21,64.55,62.31,64.37,28006749
2019-06-21 00:00:00+05:30,64.35,65.06,63.97,64.52,27584834
2019-06-24 00:00:00+05:30,64.55,64.89,62.5,63.04,22551880
2019-06-25 00:00:00+05:30,62.93,64.18,62.5,63.75,30900740
2019-06-26 00:00:00+05:30,63.28,67.12,63.15,66.56,29781192
2019-06-27 00:00:00+05:30,66.99,67.36,65.96,66.18,32859565
2019-06-28 00:00:00+05:30,66.14,66.46,64.5,65.25,17956306
2019-07-01 00:00:00+05:30,66.24,66.29,64.57,65.13,17446735
2019-07-02 00:00:00+05:30,65.1,65.81,64.09,65.36,16426136
2019-07-03 00:00:00+05:30,65.28,65.28,63.62,64.63,25154800
2019-07-04 00:00:00+05:30,64.97,65.19,63.69,64.01,14640983
2019-07-05 00:00:00+05:30,64.14,64.14,61.04,61.24,20200796
2019-07-08 00:00:00+05:30,61.0,61.82,60.19,60.61,14450559
2019-07-09 00:00:00+05:30,60.59,61.22,59.88,60.44,13592908
2019-07-10 00:00:00+05:30,60.4,60.66,58.66,59.88,15581723
2019-07-11 00:00:00+05:30,60.81,61.82,60.18,61.24,26552336
2019-07-12 00:00:00+05:30,61.41,63.11,60.76,62.74,27069207
2019-07-15 00:00:00+05:30,62.78,62.78,60.87,62.4,19872485
2019-07-16 00:00:00+05:30,62.36,63.69,62.12,62.46,19888967
2019-07-17 00:00:00+05:30,62.72,63.28,62.42,63.11,13523915
2019-07-18 00:00:00+05:30,62.7,62.76,60.66,61.02,18238471
2019-07-19 00:00:00+05:30,61.39,62.07,60.1,60.34,18635890
2019-07-22 00:00:00+05:30,60.36,63.15,60.36,62.59,47177556
2019-07-23 00:00:00+05:30,62.63,63.02,61.65,62.91,22472505
2019-07-24 00:00:00+05:30,62.87,63.02,60.18,61.77,25109824
2019-07-25 00:00:00+05:30,61.69,64.63,61.47,64.16,52707046
2019-07-26 00:00:00+05:30,65.53,65.83,60.91,61.41,63186202
2019-07-29 00:00:00+05:30,61.75,61.93,58.02,58.25,39232407
2019-07-30 00:00:00+05:30,58.19,59.5,56.06,56.36,40376498
2019-07-31 00:00:00+05:30,56.26,57.87,55.42,57.67,36691853
2019-08-01 00:00:00+05:30,56.96,57.03,53.89,54.43,47752393
2019-08-02 00:00:00+05:30,53.1,54.26,52.11,53.51,43682188
2019-08-05 00:00:00+05:30,52.5,53.44,50.31,52.65,34710751
2019-08-06 00:00:00+05:30,52.13,53.81,51.76,52.69,31409023
2019-08-07 00:00:00+05:30,52.39,52.84,50.91,51.14,23239748
2019-08-08 00:00:00+05:30,51.27,52.02,50.45,51.9,21217472
2019-08-09 00:00:00+05:30,52.02,54.19,51.79,52.95,35978674
2019-08-13 00:00:00+05:30,51.64,53.48,51.06,52.3,32206475
2019-08-14 00:00:00+05:30,52.62,55.42,52.62,54.84,41880938
2019-08-16 00:00:00+05:30,54.02,54.52,52.75,54.04,27722548
2019-08-19 00:00:00+05:30,54.41,54.69,53.23,54.0,16539290
2019-08-20 00:00:00+05:30,53.81,54.21,52.99,53.29,15965006
2019-08-21 00:00:00+05:30,52.8,53.03,51.66,52.37,22083047
2019-08-22 00:00:00+05:30,51.87,51.98,46.89,48.29,50567939
2019-08-23 00:00:00+05:30,48.39,51.77,47.73,51.42,43710992
2019-08-26 00:00:00+05:30,51.08,51.57,48.5,50.54,42387222
2019-08-27 00:00:00+05:30,51.16,52.0,50.46,51.68,32615703
2019-08-28 00:00:00+05:30,51.68,51.81,49.25,49.53,23240285
2019-08-29 00:00:00+05:30,49.66,51.62,48.95,50.8,38423443
2019-08-30 00:00:00+05:30,51.51,52.62,50.52,52.07,54357692
2019-09-03 00:00:00+05:30,52.11,52.13,49.98,50.2,21770047
2019-09-04 00:00:00+05:30,50.52,51.49,49.58,51.16,25693591
2019-09-05 00:00:00+05:30,52.05,53.33,51.76,52.13,27474464
2019-09-06 00:00:00+05:30,52.5,53.51,51.96,53.07,21262250
2019-09-09 00:00:00+05:30,53.12,53.81,52.09,52.86,20356695
2019-09-11 00:00:00+05:30,54.23,55.01,53.66,54.75,26784448
2019-09-12 00:00:00+05:30,54.97,55.35,54.08,54.43,17940316
2019-09-13 00:00:00+05:30,54.64,56.19,53.72,55.87,19679315
2019-09-16 00:00:00+05:30,55.37,56.51,55.07,55.63,22703340
2019-09-17 00:00:00+05:30,56.06,57.33,54.06,54.41,43555168
2019-09-18 00:00:00+05:30,54.64,56.32,54.3,56.02,32245444
2019-09-19 00:00:00+05:30,55.76,56.17,53.14,54.69,23798499
2019-09-20 00:00:00+05:30,55.24,60.4,54.45,59.48,61908864
2019-09-23 00:00:00+05:30,61.37,61.77,58.08,59.09,38589239
2019-09-24 00:00:00+05:30,59.22,60.68,58.64,59.86,32171683
2019-09-25 00:00:00+05:30,58.75,59.31,57.16,58.45,19277570
2019-09-26 00:00:00+05:30,58.83,62.5,58.53,62.16,84726380
2019-09-27 00:00:00+05:30,61.93,61.93,58.49,58.85,39727751
2019-09-30 00:00:00+05:30,58.23,58.38,56.6,57.69,31715294
2019-10-01 00:00:00+05:30,57.78,58.42,54.37,56.62,25201034
2019-10-03 00:00:00+05:30,55.76,55.76,53.63,54.04,37311246
2019-10-04 00:00:00+05:30,54.54,55.03,53.33,53.63,20886166
2019-10-07 00:00:00+05:30,53.89,54.52,52.95,53.38,19989592
2019-10-09 00:00:00+05:30,53.14,54.82,52.82,54.52,17890576
2019-10-10 00:00:00+05:30,53.85,54.45,52.58,52.82,22623615
2019-10-11 00:00:00+05:30,53.35,55.46,52.82,55.03,53684187
2019-10-14 00:00:00+05:30,55.67,57.18,55.01,55.31,34522294
2019-10-15 00:00:00+05:30,55.07,58.34,54.08,57.44,47535777
2019-10-16 00:00:00+05:30,57.54,57.56,55.82,56.1,32216183
2019-10-17 00:00:00+05:30,55.4,56.02,54.17,55.5,49370091
2019-10-18 00:00:00+05:30,55.53,56.96,55.31,56.23,29354630
2019-10-22 00:00:00+05:30,56.36,56.86,55.09,55.82,22679985
2019-10-23 00:00:00+05:30,55.76,56.13,54.45,54.73,24172101
2019-10-24 00:00:00+05:30,55.01,55.61,54.26,54.52,31303856
2019-10-25 00:00:00+05:30,54.62,54.97,52.99,53.21,31498491
2019-10-27 00:00:00+05:30,53.93,54.32,53.65,54.13,4717838
2019-10-29 00:00:00+05:30,54.47,57.07,54.47,55.95,49031479
2019-10-30 00:00:00+05:30,56.68,56.73,55.89,56.17,38341059
2019-10-31 00:00:00+05:30,56.51,56.58,55.03,55.52,39627186
2019-11-01 00:00:00+05:30,55.55,58.0,54.9,57.28,56945043
2019-11-04 00:00:00+05:30,58.58,60.32,58.38,58.98,70701356
2019-11-05 00:00:00+05:30,59.73,60.21,58.45,58.94,36696388
2019-11-06 00:00:00+05:30,58.75,60.31,58.64,59.11,34501478
2019-11-07 00:00:00+05:30,59.48,61.0,58.14,60.23,41908130
2019-11-08 00:00:00+05:30,59.95,60.55,58.0,58.19,38753782
2019-11-11 00:00:00+05:30,58.14,58.47,56.96,57.14,26912702
2019-11-13 00:00:00+05:30,57.03,57.8,55.25,55.53,32424644
2019-11-14 00:00:00+05:30,56.13,56.32,53.42,53.89,69651890
2019-11-15 00:00:00+05:30,54.56,54.69,53.03,53.18,46982158
2019-11-18 00:00:00+05:30,53.51,54.23,53.29,53.66,32830224
2019-11-19 00:00:00+05:30,53.79,53.85,52.54,53.03,31658587
2019-11-20 00:00:00+05:30,52.9,53.81,52.54,52.93,38871765
2019-11-21 00:00:00+05:30,53.14,53.27,51.94,52.04,32030674
2019-11-22 00:00:00+05:30,52.2,53.46,51.9,53.23,27185028
2019-11-25 00:00:00+05:30,53.23,54.95,53.18,54.69,35690745
2019-11-26 00:00:00+05:30,55.01,55.2,53.74,54.3,39323667
2019-11-27 00:00:00+05:30,54.26,55.68,54.13,54.99,23845246
2019-11-28 00:00:00+05:30,54.9,55.46,54.3,55.16,21385449
2019-11-29 00:00:00+05:30,54.67,55.53,53.89,54.11,22798657
2019-12-02 00:00:00+05:30,54.11,54.79,53.87,54.15,26165282
2019-12-03 00:00:00+05:30,54.08,54.08,52.09,52.28,30127428
2019-12-04 00:00:00+05:30,51.72,54.17,51.16,53.96,43174854
2019-12-05 00:00:00+05:30,54.26,54.3,52.92,53.33,23121611
2019-12-06 00:00:00+05:30,53.63,54.02,52.62,53.12,17584628
2019-12-09 00:00:00+05:30,53.4,54.45,53.18,53.36,21844564
2019-12-10 00:00:00+05:30,53.59,53.63,52.54,52.71,15480987
2019-12-11 00:00:00+05:30,53.01,53.2,51.1,51.83,24080856
2019-12-12 00:00:00+05:30,52.39,54.19,52.02,53.89,33800107
2019-12-13 00:00:00+05:30,55.24,56.4,55.24,55.91,54237823
2019-12-16 00:00:00+05:30,55.95,56.45,54.71,55.07,24638706
2019-12-17 00:00:00+05:30,55.4,57.72,55.39,57.01,68934507
2019-12-18 00:00:00+05:30,56.99,57.63,56.25,57.18,36679238
2019-12-19 00:00:00+05:30,57.07,57.59,55.5,55.89,47332570
2019-12-20 00:00:00+05:30,56.06,56.32,53.59,53.98,126052364
2019-12-23 00:00:00+05:30,54.26,55.39,54.26,55.29,41038342
2019-12-24 00:00:00+05:30,55.52,55.91,55.09,55.4,28770131
2019-12-26 00:00:00+05:30,55.5,57.07,55.22,56.4,53363545
2019-12-27 00:00:00+05:30,56.68,57.22,56.15,56.79,33766291
2019-12-30 00:00:00+05:30,56.9,57.97,56.19,57.82,33686790
2019-12-31 00:00:00+05:30,57.63,58.19,56.88,57.05,34809440
2020-01-01 00:00:00+05:30,57.18,58.06,56.68,57.86,38122912
2020-01-02 00:00:00+05:30,58.12,59.82,58.12,59.67,45795776
2020-01-03 00:00:00+05:30,59.28,60.21,58.64,59.03,32356754
2020-01-06 00:00:00+05:30,58.72,59.02,56.15,56.34,29977615
2020-01-07 00:00:00+05:30,57.18,58.68,57.09,58.38,65249550
2020-01-08 00:00:00+05:30,57.35,59.2,57.05,58.88,48354342
2020-01-09 00:00:00+05:30,59.65,59.95,58.9,59.18,31332275
2020-01-10 00:00:00+05:30,59.69,61.11,58.98,59.86,56105007
2020-01-13 00:00:00+05:30,60.06,60.42,59.22,60.04,24935552
2020-01-14 00:00:00+05:30,60.4,62.16,60.25,61.75,52717275
2020-01-15 00:00:00+05:30,61.75,61.92,60.55,61.62,31087224
2020-01-16 00:00:00+05:30,60.96,61.26,60.03,60.72,32042183
2020-01-17 00:00:00+05:30,60.89,60.89,59.5,59.69,25435813
2020-01-20 00:00:00+05:30,59.63,59.84,58.45,58.72,21229064
2020-01-21 00:00:00+05:30,58.75,59.28,57.46,57.59,28007281
2020-01-22 00:00:00+05:30,58.32,59.22,57.18,57.33,41429583
2020-01-23 00:00:00+05:30,57.48,58.15,57.01,57.69,32298880
2020-01-24 00:00:00+05:30,58.0,58.79,57.54,58.34,21409654
2020-01-27 00:00:00+05:30,57.41,57.41,55.42,55.7,35692592
2020-01-28 00:00:00+05:30,55.29,55.29,52.97,53.21,59960272
2020-01-29 00:00:00+05:30,54.06,54.41,53.1,53.21,33678840
2020-01-30 00:00:00+05:30,53.2,53.66,52.32,52.75,41753760
2020-01-31 00:00:00+05:30,52.71,53.03,51.46,51.61,37359316
2020-02-01 00:00:00+05:30,51.92,52.02,49.96,50.48,40628700
2020-02-03 00:00:00+05:30,50.28,51.19,49.72,50.2,36497841
2020-02-04 00:00:00+05:30,50.86,51.98,50.45,51.85,30385274
2020-02-05 00:00:00+05:30,52.13,53.85,51.49,53.55,46241685
2020-02-06 00:00:00+05:30,54.21,54.94,53.4,53.83,42051068
2020-02-07 00:00:00+05:30,53.83,54.37,53.05,54.11,25843066
2020-02-10 00:00:00+05:30,53.78,53.78,52.22,52.5,26801825
2020-02-11 00:00:00+05:30,53.01,53.74,52.47,52.67,24283868
2020-02-12 00:00:00+05:30,53.14,53.85,52.82,52.97,24798527
2020-02-13 00:00:00+05:30,53.27,53.65,52.5,53.33,18226721
2020-02-14 00:00:00+05:30,53.4,53.85,52.67,52.8,16931472
2020-02-17 00:00:00+05:30,52.88,53.81,52.69,53.18,22648213
2020-02-18 00:00:00+05:30,53.05,53.05,51.46,52.6,35286950
2020-02-19 00:00:00+05:30,53.14,53.96,52.99,53.38,23580488
2020-02-20 00:00:00+05:30,53.07,54.17,52.69,53.27,30024859
2020-02-24 00:00:00+05:30,52.34,52.37,49.51,49.85,60570333
2020-02-25 00:00:00+05:30,50.3,50.86,49.42,49.66,38988887
2020-02-26 00:00:00+05:30,49.02,50.03,48.41,48.74,39027463
2020-02-27 00:00:00+05:30,48.65,49.17,47.3,48.85,41687038
2020-02-28 00:00:00+05:30,47.15,47.15,41.95,42.66,153285275
2020-03-02 00:00:00+05:30,43.99,44.68,40.79,41.52,87468584
2020-03-03 00:00:00+05:30,42.76,45.28,42.53,44.74,98805509
2020-03-04 00:00:00+05:30,44.53,44.91,43.07,44.66,103208472
2020-03-05 00:00:00+05:30,44.35,45.73,43.41,43.82,70432178
2020-03-06 00:00:00+05:30,41.8,42.44,40.45,41.56,44044573
2020-03-09 00:00:00+05:30,38.92,39.46,34.95,35.51,103715192
2020-03-11 00:00:00+05:30,34.43,35.74,34.15,34.43,88918872
2020-03-12 00:00:00+05:30,31.72,32.0,29.28,29.88,103841525
2020-03-13 00:00:00+05:30,27.37,32.41,25.78,31.45,120399053
2020-03-16 00:00:00+05:30,29.19,30.2,27.79,28.01,90258980
2020-03-17 00:00:00+05:30,28.65,30.11,27.84,28.07,87729754
2020-03-18 00:00:00+05:30,29.19,29.43,26.98,27.3,81675114
2020-03-19 00:00:00+05:30,25.99,27.56,25.37,25.95,83692858
2020-03-20 00:00:00+05:30,27.09,29.19,26.35,28.24,79552548
2020-03-23 00:00:00+05:30,25.43,26.68,23.07,23.45,60270201
2020-03-24 00:00:00+05:30,25.26,25.62,23.33,23.5,81838078
2020-03-25 00:00:00+05:30,23.46,24.32,23.33,24.03,79916880
2020-03-26 00:00:00+05:30,24.55,25.9,23.76,24.62,79321484
2020-03-27 00:00:00+05:30,25.65,25.77,23.58,23.86,70027616
2020-03-30 00:00:00+05:30,23.13,23.54,22.53,23.03,47066022
2020-03-31 00:00:00+05:30,23.74,25.07,23.43,24.21,119261038
2020-04-01 00:00:00+05:30,24.32,24.47,23.33,23.45,62364163
2020-04-03 00:00:00+05:30,23.95,24.12,23.28,23.5,64737325
2020-04-07 00:00:00+05:30,24.81,25.33,24.36,24.98,122242618
2020-04-08 00:00:00+05:30,24.68,27.47,24.32,26.31,131992292
2020-04-09 00:00:00+05:30,27.32,28.93,27.24,28.74,111169561
2020-04-13 00:00:00+05:30,29.04,29.73,27.56,29.3,100129800
2020-04-15 00:00:00+05:30,29.75,31.14,29.04,29.41,116536825
2020-04-16 00:00:00+05:30,29.11,31.68,28.87,30.95,145606818
2020-04-17 00:00:00+05:30,32.56,32.56,31.0,31.47,80637590
2020-04-20 00:00:00+05:30,32.35,32.35,30.24,30.48,88889919
2020-04-21 00:00:00+05:30,28.96,29.75,27.62,29.36,117762349
2020-04-22 00:00:00+05:30,28.42,28.89,27.45,28.48,99161750
2020-04-23 00:00:00+05:30,29.1,29.4,28.67,29.04,64823151
2020-04-24 00:00:00+05:30,28.74,30.03,28.33,29.17,90145879
2020-04-27 00:00:00+05:30,29.49,29.9,29.25,29.36,44865254
2020-04-28 00:00:00+05:30,29.38,29.49,28.37,28.76,89557267
2020-04-29 00:00:00+05:30,28.83,29.92,28.82,29.62,72800976
2020-04-30 00:00:00+05:30,30.69,34.05,30.5,33.51,170184085
2020-05-04 00:00:00+05:30,30.93,31.32,28.96,29.92,88651129
2020-05-05 00:00:00+05:30,30.61,31.14,29.38,29.53,77776288
2020-05-06 00:00:00+05:30,29.83,30.27,29.17,29.73,56108572
2020-05-07 00:00:00+05:30,29.53,30.16,29.21,29.4,41699680
2020-05-08 00:00:00+05:30,30.16,30.24,28.83,28.96,42752246
2020-05-11 00:00:00+05:30,29.51,30.13,29.19,29.79,89103211
2020-05-12 00:00:00+05:30,29.73,33.87,29.58,33.32,301343933
2020-05-13 00:00:00+05:30,36.66,36.66,33.12,33.77,389716843
2020-05-14 00:00:00+05:30,33.08,34.35,32.84,33.36,103073924
2020-05-15 00:00:00+05:30,33.68,35.76,33.01,34.78,201742005
2020-05-18 00:00:00+05:30,35.16,35.79,33.72,34.62,235176206
2020-05-19 00:00:00+05:30,34.9,35.1,33.51,33.68,96554659
2020-05-20 00:00:00+05:30,33.7,33.89,33.03,33.14,57133553
2020-05-21 00:00:00+05:30,33.31,34.34,32.99,33.76,84178743
2020-05-22 00:00:00+05:30,33.68,33.83,33.16,33.34,42235263
2020-05-26 00:00:00+05:30,33.49,33.77,32.76,32.89,47988246
2020-05-27 00:00:00+05:30,33.12,33.29,32.28,32.89,46412711
2020-05-28 00:00:00+05:30,33.27,34.04,32.95,33.66,58889444
2020-05-29 00:00:00+05:30,33.53,34.69,33.31,34.5,91132929
2020-06-01 00:00:00+05:30,34.92,36.32,34.71,35.05,63284806
2020-06-02 00:00:00+05:30,35.36,36.39,34.93,36.26,60396900
2020-06-03 00:00:00+05:30,36.49,38.36,35.89,36.19,101365193
2020-06-04 00:00:00+05:30,36.28,39.37,35.96,39.07,149598319
2020-06-05 00:00:00+05:30,39.33,39.76,38.51,39.41,88781444
2020-06-08 00:00:00+05:30,38.17,41.6,38.17,39.33,145427175
2020-06-09 00:00:00+05:30,39.33,40.51,38.81,39.14,62291800
2020-06-10 00:00:00+05:30,39.14,40.7,39.03,39.71,78711547
2020-06-11 00:00:00+05:30,39.26,39.93,37.42,37.82,56329912
2020-06-12 00:00:00+05:30,36.26,38.9,36.26,38.66,88779480
2020-06-15 00:00:00+05:30,38.92,39.41,37.98,38.32,54947127
2020-06-16 00:00:00+05:30,39.29,39.63,38.04,38.86,60546407
2020-06-17 00:00:00+05:30,38.84,38.98,38.1,38.21,30466479
2020-06-18 00:00:00+05:30,38.47,40.34,38.17,40.04,73717253
2020-06-19 00:00:00+05:30,40.58,40.94,39.09,39.39,90213868
2020-06-22 00:00:00+05:30,39.42,41.8,39.2,41.18,72441005
2020-06-23 00:00:00+05:30,41.18,41.88,40.81,41.16,55368382
2020-06-24 00:00:00+05:30,41.54,42.47,40.27,40.96,76453234
2020-06-25 00:00:00+05:30,40.77,42.01,40.42,41.63,71260259
2020-06-26 00:00:00+05:30,42.19,42.38,40.9,41.15,65587564
2020-06-29 00:00:00+05:30,41.16,41.16,39.5,40.4,45233760
2020-06-30 00:00:00+05:30,40.58,41.31,39.44,39.82,36608382
2020-07-01 00:00:00+05:30,39.82,40.72,39.65,40.3,30496365
2020-07-02 00:00:00+05:30,40.42,40.66,39.67,39.82,32532197
2020-07-03 00:00:00+05:30,39.67,40.32,38.79,39.84,63763551
2020-07-06 00:00:00+05:30,40.04,41.76,39.76,41.26,58318757
2020-07-07 00:00:00+05:30,41.31,41.39,40.15,40.27,27017065
2020-07-08 00:00:00+05:30,40.51,42.76,40.42,41.31,86552305
2020-07-09 00:00:00+05:30,41.84,42.83,41.63,41.91,54831229
2020-07-10 00:00:00+05:30,41.8,42.18,40.85,41.3,35640733
2020-07-13 00:00:00+05:30,41.61,42.74,41.58,42.06,46048127
2020-07-14 00:00:00+05:30,41.71,41.71,40.47,40.75,39823127
2020-07-15 00:00:00+05:30,40.75,41.41,40.55,40.83,35297182
2020-07-16 00:00:00+05:30,40.9,41.43,39.59,40.75,46348933
2020-07-17 00:00:00+05:30,40.94,41.58,40.45,40.85,25046862
2020-07-20 00:00:00+05:30,40.92,41.31,40.29,40.45,20747955
2020-07-21 00:00:00+05:30,40.94,41.69,40.29,41.46,54959160
2020-07-22 00:00:00+05:30,41.69,44.12,41.05,41.95,135161126
2020-07-23 00:00:00+05:30,42.21,43.07,41.88,42.64,36747037
2020-07-24 00:00:00+05:30,42.29,42.59,41.07,41.93,46872475
2020-07-27 00:00:00+05:30,42.12,42.38,40.9,41.11,28130295
2020-07-28 00:00:00+05:30,41.31,41.88,41.05,41.48,32089706
2020-07-29 00:00:00+05:30,41.46,42.38,40.96,41.16,34917474
2020-07-30 00:00:00+05:30,41.33,42.46,40.72,41.5,242349186
2020-07-31 00:00:00+05:30,41.91,43.11,41.84,42.59,73811239
2020-08-03 00:00:00+05:30,42.32,43.88,42.18,43.15,49513200
2020-08-04 00:00:00+05:30,43.43,44.76,42.98,44.55,69171958
2020-08-05 00:00:00+05:30,44.61,46.18,44.61,45.64,80313201
2020-08-06 00:00:00+05:30,45.75,46.74,44.87,45.94,54839446
2020-08-07 00:00:00+05:30,46.74,47.4,45.84,45.95,57247822
2020-08-10 00:00:00+05:30,45.66,47.3,45.51,46.85,29354940
2020-08-11 00:00:00+05:30,47.41,47.75,46.68,47.0,32335900
2020-08-12 00:00:00+05:30,46.44,47.94,45.81,46.18,37076588
2020-08-13 00:00:00+05:30,46.4,47.11,46.18,46.57,28586260
2020-08-14 00:00:00+05:30,46.8,46.97,45.36,45.9,24457854
2020-08-17 00:00:00+05:30,46.4,48.03,46.18,47.88,62240636
2020-08-18 00:00:00+05:30,48.27,48.56,44.94,47.45,70910851
2020-08-19 00:00:00+05:30,47.45,48.56,47.4,48.29,32039351
2020-08-20 00:00:00+05:30,48.27,48.97,47.94,48.26,30037130
2020-08-21 00:00:00+05:30,48.8,49.53,48.31,48.91,35488129
2020-08-24 00:00:00+05:30,48.97,49.21,47.68,48.2,55964800
2020-08-25 00:00:00+05:30,48.22,48.95,47.9,48.67,22617590
2020-08-26 00:00:00+05:30,48.74,48.74,47.9,48.26,22403290
2020-08-27 00:00:00+05:30,48.39,48.39,47.19,47.84,58614838
2020-08-28 00:00:00+05:30,48.09,49.15,47.79,48.22,70927747
2020-08-31 00:00:00+05:30,48.61,50.39,47.28,48.14,136759301
2020-09-01 00:00:00+05:30,48.2,49.62,47.77,49.4,43428969
2020-09-02 00:00:00+05:30,49.57,49.92,48.37,49.06,41663189
2020-09-03 00:00:00+05:30,47.56,48.91,47.38,48.09,78811792
2020-09-07 00:00:00+05:30,47.41,48.54,46.97,47.86,32421985
2020-09-08 00:00:00+05:30,47.77,47.94,46.78,46.98,21135428
2020-09-09 00:00:00+05:30,46.4,48.27,45.88,47.88,66398077
2020-09-10 00:00:00+05:30,48.29,49.12,47.92,48.82,50366638
2020-09-11 00:00:00+05:30,48.91,49.58,47.64,49.36,58725839
2020-09-14 00:00:00+05:30,49.4,49.53,48.09,48.52,21891688
2020-09-15 00:00:00+05:30,48.31,49.72,48.11,49.23,29760959
2020-09-16 00:00:00+05:30,49.58,50.52,49.36,50.26,54604715
2020-09-17 00:00:00+05:30,50.15,50.52,49.81,50.26,18103560
2020-09-18 00:00:00+05:30,50.78,50.89,48.54,49.0,43701955
2020-09-21 00:00:00+05:30,49.17,50.11,47.56,48.26,42491114
2020-09-22 00:00:00+05:30,48.63,48.63,47.25,47.58,28459202
2020-09-23 00:00:00+05:30,48.24,48.85,47.77,48.65,40390797
2020-09-24 00:00:00+05:30,47.94,50.15,47.94,49.3,80712056
2020-09-25 00:00:00+05:30,49.55,51.79,49.29,51.29,69916859
2020-09-28 00:00:00+05:30,52.32,52.39,50.93,52.05,46222683
2020-09-29 00:00:00+05:30,52.65,52.95,51.64,52.37,67167506
2020-09-30 00:00:00+05:30,52.19,52.28,50.91,51.23,39055184
2020-10-01 00:00:00+05:30,51.49,52.11,51.18,51.44,24967220
2020-10-05 00:00:00+05:30,52.34,52.47,50.61,51.57,73345032
2020-10-06 00:00:00+05:30,51.53,52.02,50.97,51.61,71837434
2020-10-07 00:00:00+05:30,51.64,51.92,43.99,46.16,288891722
2020-10-08 00:00:00+05:30,46.22,47.58,41.58,44.12,299364866
2020-10-09 00:00:00+05:30,43.95,48.09,41.69,45.6,396488481
2020-10-12 00:00:00+05:30,41.05,41.05,34.48,36.28,387611339
2020-10-13 00:00:00+05:30,36.84,38.88,36.62,37.29,264798737
2020-10-14 00:00:00+05:30,37.07,37.61,34.73,36.84,166327749
2020-10-15 00:00:00+05:30,36.67,37.52,35.33,35.53,93323919
2020-10-16 00:00:00+05:30,36.02,36.67,35.36,35.51,65020767
2020-10-19 00:00:00+05:30,35.72,36.84,34.71,36.21,99928031
2020-10-20 00:00:00+05:30,36.04,37.44,35.87,37.14,95465452
2020-10-21 00:00:00+05:30,37.8,39.07,37.33,37.87,195151842
2020-10-22 00:00:00+05:30,39.67,40.32,38.66,39.09,213097042
2020-10-23 00:00:00+05:30,39.5,40.12,39.01,39.2,105355526
2020-10-26 00:00:00+05:30,39.18,40.0,38.68,38.86,124973709
2020-10-27 00:00:00+05:30,39.13,39.13,38.17,38.36,89849314
2020-10-28 00:00:00+05:30,35.29,36.86,35.05,35.7,134923907
2020-10-29 00:00:00+05:30,35.33,36.21,35.12,35.72,65151309
2020-10-30 00:00:00+05:30,35.85,36.08,34.92,35.83,49244763
2020-11-02 00:00:00+05:30,35.83,36.04,35.18,35.44,34948611
2020-11-03 00:00:00+05:30,35.7,36.08,35.4,35.5,37284883
2020-11-04 00:00:00+05:30,35.72,35.74,34.13,34.43,68455888
2020-11-05 00:00:00+05:30,34.77,35.51,34.3,35.27,86611064
2020-11-06 00:00:00+05:30,35.46,35.87,35.08,35.46,39075701
2020-11-09 00:00:00+05:30,35.46,37.1,35.38,36.97,131387273
2020-11-10 00:00:00+05:30,37.95,37.95,36.32,37.33,81305590
2020-11-11 00:00:00+05:30,37.24,38.25,36.9,38.13,80938358
2020-11-12 00:00:00+05:30,37.89,38.84,37.67,38.71,92366071
2020-11-13 00:00:00+05:30,38.55,40.42,38.17,40.23,106981195
2020-11-17 00:00:00+05:30,40.6,41.16,39.69,40.17,75643068
2020-11-18 00:00:00+05:30,40.04,41.09,39.78,40.75,53735237
2020-11-19 00:00:00+05:30,41.43,43.73,41.28,41.95,147219046
2020-11-20 00:00:00+05:30,42.19,42.4,40.98,41.56,69480728
2020-11-23 00:00:00+05:30,41.93,42.51,41.45,42.31,62246761
2020-11-24 00:00:00+05:30,42.42,43.86,42.21,43.34,79551963
2020-11-25 00:00:00+05:30,43.88,44.12,42.44,42.68,70536602
2020-11-26 00:00:00+05:30,42.77,44.57,42.36,44.46,97558341
2020-11-27 00:00:00+05:30,44.46,45.97,43.97,45.19,100293646
2020-12-01 00:00:00+05:30,45.77,45.77,44.91,45.49,46847653
2020-12-02 00:00:00+05:30,45.71,47.45,45.66,46.46,104465776
2020-12-03 00:00:00+05:30,46.61,47.71,46.25,47.3,64195260
2020-12-04 00:00:00+05:30,47.3,48.54,46.93,48.26,72333455
2020-12-07 00:00:00+05:30,48.5,49.96,48.5,49.42,66638267
2020-12-08 00:00:00+05:30,49.77,52.0,48.95,50.99,110509661
2020-12-09 00:00:00+05:30,51.44,54.52,51.34,53.72,172774421
2020-12-10 00:00:00+05:30,53.5,54.49,52.43,53.93,109256966
2020-12-11 00:00:00+05:30,54.41,55.25,53.35,54.82,68766469
2020-12-14 00:00:00+05:30,55.37,55.95,54.6,54.88,49814920
2020-12-15 00:00:00+05:30,54.54,55.1,53.46,54.54,58882143
2020-12-16 00:00:00+05:30,55.12,57.44,54.82,55.39,88066335
2020-12-17 00:00:00+05:30,55.74,55.85,54.6,54.82,42056161
2020-12-18 00:00:00+05:30,54.64,56.19,53.55,55.16,67341305
2020-12-21 00:00:00+05:30,55.12,55.12,48.85,50.02,107266948
2020-12-22 00:00:00+05:30,50.35,52.43,48.65,52.05,112397669
2020-12-23 00:00:00+05:30,52.05,56.58,51.55,56.3,195759635
2020-12-24 00:00:00+05:30,58.19,63.88,58.04,60.94,724066397
2020-12-28 00:00:00+05:30,60.79,61.88,59.31,61.17,102227293
2020-12-29 00:00:00+05:30,61.04,61.49,59.54,59.91,64699773
2020-12-30 00:00:00+05:30,59.93,60.81,58.42,60.64,65972677
2020-12-31 00:00:00+05:30,61.02,61.45,59.88,60.4,53619023
2021-01-01 00:00:00+05:30,60.55,60.76,59.88,60.03,25609230
2021-01-04 00:00:00+05:30,60.47,64.18,60.25,63.71,87734863
2021-01-05 00:00:00+05:30,63.06,63.79,62.46,63.32,50396395
2021-01-06 00:00:00+05:30,63.9,68.84,63.82,67.47,133588206
2021-01-07 00:00:00+05:30,67.92,70.11,67.92,69.42,87966385
2021-01-08 00:00:00+05:30,70.35,71.01,66.11,68.13,68079069
2021-01-11 00:00:00+05:30,67.08,68.35,65.66,67.04,70651691
2021-01-12 00:00:00+05:30,67.14,68.91,66.89,67.77,39617617
2021-01-13 00:00:00+05:30,68.39,68.93,66.01,67.55,44838853
2021-01-14 00:00:00+05:30,66.95,67.55,65.73,66.01,34874249
2021-01-15 00:00:00+05:30,66.16,66.97,64.87,65.71,43583472
2021-01-18 00:00:00+05:30,65.68,65.79,62.51,63.13,45494230
2021-01-19 00:00:00+05:30,63.62,65.86,63.62,65.12,29266480
2021-01-20 00:00:00+05:30,64.2,65.58,64.18,65.0,31282676
2021-01-21 00:00:00+05:30,65.47,65.58,62.7,63.26,29104483
2021-01-22 00:00:00+05:30,63.69,64.74,61.49,61.95,36368467
2021-01-25 00:00:00+05:30,62.08,62.76,60.79,61.82,34971444
2021-01-27 00:00:00+05:30,61.84,62.05,60.62,60.98,27827397
2021-01-28 00:00:00+05:30,60.01,61.45,60.01,60.91,24884267
2021-01-29 00:00:00+05:30,61.3,61.86,59.99,60.34,38742984
2021-02-01 00:00:00+05:30,60.27,64.55,60.25,64.12,45671888
2021-02-02 00:00:00+05:30,64.76,65.96,64.25,64.83,33542053
2021-02-03 00:00:00+05:30,64.83,66.2,64.67,65.08,26339148
2021-02-04 00:00:00+05:30,65.3,67.36,65.13,66.05,41217801
2021-02-05 00:00:00+05:30,66.8,67.12,64.57,65.21,32872901
2021-02-08 00:00:00+05:30,65.9,67.02,65.64,66.61,29102022
2021-02-09 00:00:00+05:30,66.72,70.45,66.72,68.02,61142266
2021-02-10 00:00:00+05:30,68.86,70.24,67.64,69.64,52314309
2021-02-11 00:00:00+05:30,69.42,71.25,68.73,70.15,27151431
2021-02-12 00:00:00+05:30,69.98,70.13,67.72,68.24,25734941
2021-02-15 00:00:00+05:30,68.48,69.77,68.18,68.88,21352931
2021-02-16 00:00:00+05:30,69.03,72.21,68.89,71.1,64506215
2021-02-17 00:00:00+05:30,71.18,73.09,69.74,72.17,45798852
2021-02-18 00:00:00+05:30,72.71,74.36,72.0,72.79,50913697
2021-02-19 00:00:00+05:30,73.33,73.33,69.57,71.4,38890387
2021-02-22 00:00:00+05:30,72.15,77.91,72.11,76.44,128806289
2021-02-23 00:00:00+05:30,76.45,78.77,76.45,78.04,62653225
2021-02-24 00:00:00+05:30,78.36,78.89,75.41,76.55,27645260
2021-02-25 00:00:00+05:30,77.58,78.92,76.94,78.46,45883507
2021-02-26 00:00:00+05:30,76.66,80.35,76.38,77.07,92716799
2021-03-01 00:00:00+05:30,78.31,80.98,76.77,79.93,46689101
2021-03-02 00:00:00+05:30,80.74,81.56,79.78,80.36,33968180
2021-03-03 00:00:00+05:30,81.09,82.97,80.93,82.07,37892296
2021-03-04 00:00:00+05:30,80.76,81.23,79.34,79.8,36736204
2021-03-05 00:00:00+05:30,78.77,83.23,78.77,82.05,59140710
2021-03-08 00:00:00+05:30,83.25,85.88,82.7,84.13,65202682
2021-03-09 00:00:00+05:30,84.95,85.27,81.47,84.01,42687251
2021-03-10 00:00:00+05:30,83.88,85.49,82.8,84.67,60132810
2021-03-12 00:00:00+05:30,86.0,86.0,80.14,82.85,57012316
2021-03-15 00:00:00+05:30,83.12,84.95,81.67,84.67,63078286
2021-03-16 00:00:00+05:30,84.95,85.44,82.7,84.76,72599282
2021-03-17 00:00:00+05:30,86.11,86.71,83.73,84.13,80751906
2021-03-18 00:00:00+05:30,84.35,84.71,82.7,83.02,50882221
2021-03-19 00:00:00+05:30,82.27,83.9,82.1,83.15,41490031
2021-03-22 00:00:00+05:30,83.4,83.88,82.35,83.68,45720302
2021-03-23 00:00:00+05:30,83.79,84.11,83.23,83.73,48497500
2021-03-24 00:00:00+05:30,83.56,84.24,83.36,83.6,55797710
2021-03-25 00:00:00+05:30,83.86,83.92,82.46,83.26,80874808
2021-03-26 00:00:00+05:30,83.64,85.1,82.97,84.89,43324459
2021-03-30 00:00:00+05:30,85.66,86.39,84.91,86.11,48689048
2021-03-31 00:00:00+05:30,85.98,86.35,85.4,85.7,27700903
2021-04-01 00:00:00+05:30,85.79,86.75,85.6,86.45,27754085
2021-04-05 00:00:00+05:30,86.28,87.16,85.7,86.73,38803356
2021-04-06 00:00:00+05:30,87.08,87.53,86.61,87.4,47133206
2021-04-07 00:00:00+05:30,87.57,89.38,87.31,88.64,113184334
2021-04-08 00:00:00+05:30,89.44,91.65,88.47,88.97,66282093
2021-04-09 00:00:00+05:30,89.1,90.34,85.4,86.58,28321883
2021-04-12 00:00:00+05:30,84.54,84.54,78.49,79.78,39416352
2021-04-13 00:00:00+05:30,79.82,82.14,79.37,81.75,25710587
2021-04-15 00:00:00+05:30,82.91,84.72,81.81,84.33,26061200
2021-04-16 00:00:00+05:30,84.65,88.04,83.88,86.75,31985503
2021-04-19 00:00:00+05:30,84.5,85.92,83.75,85.34,22738359
2021-04-20 00:00:00+05:30,85.62,86.78,83.28,84.61,20690270
2021-04-22 00:00:00+05:30,83.75,85.64,83.75,84.76,14493461
2021-04-23 00:00:00+05:30,85.29,87.57,84.69,85.32,32112849
2021-04-26 00:00:00+05:30,85.92,89.7,85.92,88.56,44776623
2021-04-27 00:00:00+05:30,89.72,91.52,89.48,91.07,41808885
2021-04-28 00:00:00+05:30,90.99,92.7,89.55,91.27,36113139
2021-04-29 00:00:00+05:30,90.86,95.99,90.75,95.45,67056642
2021-04-30 00:00:00+05:30,95.45,99.62,94.51,96.27,58511673
2021-05-03 00:00:00+05:30,95.58,98.2,94.53,95.97,34282446
2021-05-04 00:00:00+05:30,95.8,98.2,93.93,96.76,80789450
2021-05-05 00:00:00+05:30,96.68,101.06,95.99,98.91,221953490
2021-05-06 00:00:00+05:30,99.82,101.6,98.74,100.61,53945218
2021-05-07 00:00:00+05:30,102.91,107.91,101.41,105.92,104060559
2021-05-10 00:00:00+05:30,108.15,110.88,107.42,109.97,62383061
2021-05-11 00:00:00+05:30,107.85,110.68,105.61,108.0,48265829
2021-05-12 00:00:00+05:30,108.79,109.37,103.01,105.57,53152044
2021-05-14 00:00:00+05:30,106.64,107.4,100.4,101.94,101068603
2021-05-17 00:00:00+05:30,103.29,104.67,102.18,104.28,42262310
2021-05-18 00:00:00+05:30,106.24,107.83,104.71,106.84,45913026
2021-05-19 00:00:00+05:30,106.93,107.59,105.04,105.79,32267441
2021-05-20 00:00:00+05:30,104.03,105.08,101.04,103.21,67473053
2021-05-21 00:00:00+05:30,103.94,104.9,101.49,102.41,45641283
2021-05-24 00:00:00+05:30,101.79,103.72,99.39,102.89,54692518
2021-05-25 00:00:00+05:30,104.07,104.99,102.18,102.5,28544448
2021-05-26 00:00:00+05:30,102.44,103.83,100.03,100.61,27322165
2021-05-27 00:00:00+05:30,101.1,102.16,99.84,100.18,52103422
2021-05-28 00:00:00+05:30,102.5,102.91,98.7,100.03,27003519
2021-05-31 00:00:00+05:30,99.73,102.95,99.04,102.61,29517292
2021-06-01 00:00:00+05:30,103.47,103.59,99.49,100.39,31796841
2021-06-02 00:00:00+05:30,100.87,103.45,100.87,102.99,24852965
2021-06-03 00:00:00+05:30,103.85,105.23,103.06,103.83,30032873
2021-06-04 00:00:00+05:30,102.86,105.66,101.53,105.1,32302105
2021-06-07 00:00:00+05:30,105.18,105.81,103.51,104.03,27449434
2021-06-08 00:00:00+05:30,103.81,103.98,101.3,102.18,26992732
2021-06-09 00:00:00+05:30,103.15,103.85,100.29,101.02,39284549
2021-06-10 00:00:00+05:30,101.38,102.61,100.85,101.62,18572605
2021-06-11 00:00:00+05:30,101.88,104.32,101.43,103.38,28005656
2021-06-14 00:00:00+05:30,103.64,103.83,100.33,102.5,15639277
2021-06-15 00:00:00+05:30,102.56,103.19,101.23,101.4,16185676
2021-06-16 00:00:00+05:30,100.95,101.55,98.2,98.93,35231355
2021-06-17 00:00:00+05:30,98.35,100.37,96.79,97.77,19996494
2021-06-18 00:00:00+05:30,96.77,97.11,90.75,94.17,67225533
2021-06-21 00:00:00+05:30,92.06,95.69,91.35,95.18,27404600
2021-06-22 00:00:00+05:30,96.76,97.19,94.06,94.45,18914039
2021-06-23 00:00:00+05:30,95.35,96.12,93.52,94.02,17917148
2021-06-24 00:00:00+05:30,94.4,95.5,93.35,93.91,18107061
2021-06-25 00:00:00+05:30,94.96,98.76,94.42,98.12,32760840
2021-06-28 00:00:00+05:30,98.74,100.82,97.6,100.2,22879724
2021-06-29 00:00:00+05:30,99.77,100.93,98.91,99.73,20412878
2021-06-30 00:00:00+05:30,99.73,100.82,98.01,98.36,12755804
2021-07-01 00:00:00+05:30,98.87,99.45,97.86,98.38,9862152
2021-07-02 00:00:00+05:30,98.78,99.71,97.67,98.07,11585557
2021-07-05 00:00:00+05:30,98.57,102.29,98.29,101.96,25195628
2021-07-06 00:00:00+05:30,102.48,102.67,99.62,101.27,14887343
2021-07-07 00:00:00+05:30,100.82,102.69,99.39,101.88,27185392
2021-07-08 00:00:00+05:30,101.73,101.94,98.31,99.0,19807276
2021-07-09 00:00:00+05:30,98.72,101.99,98.38,101.62,20629857
2021-07-12 00:00:00+05:30,102.91,103.34,100.57,101.4,22682569
2021-07-13 00:00:00+05:30,102.26,102.5,101.28,101.47,7802209
2021-07-14 00:00:00+05:30,101.4,102.5,100.93,101.7,7803860
2021-07-15 00:00:00+05:30,101.4,102.28,100.4,100.85,14116313
2021-07-16 00:00:00+05:30,101.53,102.91,101.36,101.98,10320890
2021-07-19 00:00:00+05:30,100.85,101.47,98.46,99.13,14364411
2021-07-20 00:00:00+05:30,98.76,98.76,95.43,95.84,21256430
2021-07-22 00:00:00+05:30,97.77,98.98,97.39,98.35,13210982
2021-07-23 00:00:00+05:30,98.76,101.13,98.51,100.22,11782495
2021-07-26 00:00:00+05:30,100.52,102.43,99.92,101.83,19476664
2021-07-27 00:00:00+05:30,103.38,103.38,98.23,99.34,32550948
2021-07-28 00:00:00+05:30,99.17,101.4,97.67,101.08,19587464
2021-07-29 00:00:00+05:30,101.68,108.86,101.27,108.0,82021537
2021-07-30 00:00:00+05:30,109.09,114.64,108.71,112.96,92496461
2021-08-02 00:00:00+05:30,113.43,119.58,112.27,117.23,70002540
2021-08-03 00:00:00+05:30,117.41,118.89,115.19,117.09,43201498
2021-08-04 00:00:00+05:30,117.34,119.47,115.19,116.38,28950798
2021-08-05 00:00:00+05:30,116.35,118.07,113.43,116.7,38894024
2021-08-06 00:00:00+05:30,117.51,118.54,116.38,117.56,21601020
2021-08-09 00:00:00+05:30,118.16,118.65,114.38,115.84,25717673
2021-08-10 00:00:00+05:30,115.6,116.85,112.85,114.04,21430240
2021-08-11 00:00:00+05:30,115.09,121.62,115.04,121.42,83396603
2021-08-12 00:00:00+05:30,122.0,122.52,119.51,121.08,30417821
2021-08-13 00:00:00+05:30,121.25,124.62,119.98,122.99,55487565
2021-08-16 00:00:00+05:30,123.42,127.78,120.91,125.93,65774125
2021-08-17 00:00:00+05:30,125.7,127.7,109.83,113.45,219197628
2021-08-18 00:00:00+05:30,111.86,114.4,109.48,110.73,98352287
2021-08-20 00:00:00+05:30,108.15,108.15,99.79,100.76,90815905
2021-08-23 00:00:00+05:30,102.99,104.3,97.67,102.52,86926012
2021-08-24 00:00:00+05:30,104.71,108.15,103.32,107.18,88011422
2021-08-25 00:00:00+05:30,107.78,109.27,106.3,108.54,48002428
2021-08-26 00:00:00+05:30,108.62,109.8,106.06,107.61,41071183
2021-08-27 00:00:00+05:30,108.04,110.51,107.95,109.5,38772864
2021-08-30 00:00:00+05:30,112.27,113.28,110.43,111.74,59447740
2021-08-31 00:00:00+05:30,112.21,114.48,110.23,113.32,72257546
2021-09-01 00:00:00+05:30,114.14,114.23,110.02,111.54,67658821
2021-09-02 00:00:00+05:30,114.14,115.73,112.27,114.44,89071107
2021-09-03 00:00:00+05:30,114.29,116.38,113.45,115.37,47814418
2021-09-06 00:00:00+05:30,116.46,118.24,115.64,117.94,33632491
2021-09-07 00:00:00+05:30,118.44,118.72,114.81,116.74,43634236
2021-09-08 00:00:00+05:30,110.38,112.92,110.02,111.87,35589980
2021-09-09 00:00:00+05:30,112.1,114.14,111.76,112.96,19622216
2021-09-13 00:00:00+05:30,113.17,115.69,113.17,115.47,34515948
2021-09-14 00:00:00+05:30,115.73,115.73,113.22,113.46,21704418
2021-09-15 00:00:00+05:30,114.12,116.01,113.46,114.96,18484382
2021-09-16 00:00:00+05:30,116.03,116.72,113.9,115.67,25121822
2021-09-17 00:00:00+05:30,115.6,115.6,111.03,113.02,45068512
2021-09-20 00:00:00+05:30,110.06,110.51,106.43,107.23,35160251
2021-09-21 00:00:00+05:30,107.03,109.93,105.89,109.61,27827950
2021-09-22 00:00:00+05:30,110.02,111.52,108.77,110.36,19737641
2021-09-23 00:00:00+05:30,111.89,113.17,111.56,112.12,20726737
2021-09-24 00:00:00+05:30,111.89,111.89,109.07,109.69,24091253
2021-09-27 00:00:00+05:30,109.98,109.98,107.36,107.63,22877623
2021-09-28 00:00:00+05:30,107.38,110.36,106.78,108.77,19677391
2021-09-29 00:00:00+05:30,108.11,110.45,107.4,109.33,20580408
2021-09-30 00:00:00+05:30,109.63,109.83,107.22,107.65,18235986
2021-10-01 00:00:00+05:30,106.95,108.64,105.96,106.97,19312709
2021-10-04 00:00:00+05:30,107.81,112.27,107.08,111.63,25920688
2021-10-05 00:00:00+05:30,112.16,115.26,111.97,113.39,32582282
2021-10-06 00:00:00+05:30,113.84,114.92,108.15,108.88,26323310
2021-10-07 00:00:00+05:30,110.36,110.36,108.56,108.82,20677799
2021-10-08 00:00:00+05:30,110.36,112.83,109.52,110.04,18773174
2021-10-11 00:00:00+05:30,110.0,112.94,109.54,111.43,18499181
2021-10-12 00:00:00+05:30,113.6,117.3,111.48,116.83,56579354
2021-10-13 00:00:00+05:30,117.97,120.87,116.83,119.55,43534093
2021-10-14 00:00:00+05:30,121.25,128.15,121.25,124.21,70560409
2021-10-18 00:00:00+05:30,129.2,141.59,129.2,140.24,130410933
2021-10-19 00:00:00+05:30,141.79,144.41,135.38,138.86,77061548
2021-10-20 00:00:00+05:30,136.14,136.37,130.3,133.32,41833017
2021-10-21 00:00:00+05:30,133.6,135.6,126.13,131.13,45439073
2021-10-22 00:00:00+05:30,129.48,129.67,120.18,121.19,61584543
2021-10-25 00:00:00+05:30,122.0,124.34,117.73,121.79,46218116
2021-10-26 00:00:00+05:30,122.39,124.47,119.92,123.7,38933872
2021-10-27 00:00:00+05:30,123.12,123.79,117.62,118.01,45393472
2021-10-28 00:00:00+05:30,114.89,116.51,110.4,112.59,67778238
2021-10-29 00:00:00+05:30,113.24,116.44,110.92,113.76,51890234
2021-11-01 00:00:00+05:30,116.76,116.76,112.27,113.07,53519641
2021-11-02 00:00:00+05:30,114.51,117.82,114.21,115.26,43703956
2021-11-03 00:00:00+05:30,115.71,118.72,115.45,116.25,42613688
2021-11-04 00:00:00+05:30,116.83,117.6,116.05,116.83,7984984
2021-11-08 00:00:00+05:30,118.07,122.45,116.42,121.53,52898984
2021-11-09 00:00:00+05:30,120.78,121.23,117.96,119.23,53095645
2021-11-10 00:00:00+05:30,118.61,121.96,118.4,120.93,64988640
2021-11-11 00:00:00+05:30,120.63,122.33,118.67,121.19,42658837
2021-11-12 00:00:00+05:30,121.96,124.11,121.16,122.82,40187863
2021-11-15 00:00:00+05:30,123.12,124.11,121.25,121.45,22232783
2021-11-16 00:00:00+05:30,121.49,126.97,121.25,124.52,53507154
2021-11-17 00:00:00+05:30,123.77,127.4,123.12,126.56,35445115
2021-11-18 00:00:00+05:30,128.38,128.38,108.64,115.84,185703375
2021-11-22 00:00:00+05:30,115.86,124.39,115.86,122.88,156720361
2021-11-23 00:00:00+05:30,129.07,135.1,126.34,132.7,890752196
2021-11-24 00:00:00+05:30,129.07,132.19,127.4,129.33,77717537
2021-11-25 00:00:00+05:30,129.11,139.66,128.12,137.56,107640815
2021-11-26 00:00:00+05:30,134.63,137.27,130.72,132.44,65215316
2021-11-29 00:00:00+05:30,131.99,133.19,128.4,129.78,31758161
2021-11-30 00:00:00+05:30,129.84,132.48,125.74,126.81,46930071
2021-12-01 00:00:00+05:30,128.73,130.88,125.37,129.95,29304548
2021-12-02 00:00:00+05:30,129.86,129.93,124.99,126.45,38820496
2021-12-03 00:00:00+05:30,128.25,130.02,125.61,126.23,33693863
2021-12-06 00:00:00+05:30,126.02,128.58,125.03,125.63,23013617
2021-12-07 00:00:00+05:30,127.24,130.42,126.51,128.79,53530360
2021-12-08 00:00:00+05:30,129.48,130.6,126.13,127.91,54661836
2021-12-09 00:00:00+05:30,129.29,131.33,128.49,130.4,37978878
2021-12-10 00:00:00+05:30,129.86,131.91,129.48,130.87,23437309
2021-12-13 00:00:00+05:30,133.79,134.87,132.74,133.28,44955980
2021-12-14 00:00:00+05:30,133.79,135.34,132.66,134.68,31656204
2021-12-15 00:00:00+05:30,134.7,135.17,131.73,132.08,19649729
2021-12-16 00:00:00+05:30,132.16,134.89,131.88,133.79,491592740
2021-12-17 00:00:00+05:30,129.35,130.1,123.76,124.45,33405702
2021-12-20 00:00:00+05:30,122.37,122.71,118.12,120.95,27663589
2021-12-21 00:00:00+05:30,123.12,127.39,122.03,126.06,204938058
2021-12-22 00:00:00+05:30,127.24,128.55,126.66,127.98,12873613
2021-12-23 00:00:00+05:30,129.11,131.9,128.17,128.73,20194482
2021-12-24 00:00:00+05:30,129.54,131.11,127.07,129.41,134783171
2021-12-27 00:00:00+05:30,130.23,130.45,125.95,127.39,20098681
2021-12-28 00:00:00+05:30,128.6,129.63,127.7,129.03,11009758
2021-12-29 00:00:00+05:30,128.19,129.41,126.3,127.03,12054062
2021-12-30 00:00:00+05:30,127.12,128.17,124.45,124.73,13480652
2021-12-31 00:00:00+05:30,124.73,128.9,124.73,127.69,16834100
2022-01-03 00:00:00+05:30,127.61,132.85,127.4,132.4,24165442
2022-01-04 00:00:00+05:30,133.64,133.75,123.51,125.46,75459793
2022-01-05 00:00:00+05:30,125.95,126.66,124.49,124.93,24667499
2022-01-06 00:00:00+05:30,124.99,127.37,124.24,126.64,25877075
2022-01-07 00:00:00+05:30,127.2,127.74,124.8,126.56,17152673
2022-01-10 00:00:00+05:30,126.84,127.72,125.74,126.94,11324315
2022-01-11 00:00:00+05:30,127.14,127.16,123.27,123.89,23936285
2022-01-12 00:00:00+05:30,124.24,125.98,123.63,124.49,18120745
2022-01-13 00:00:00+05:30,125.51,128.73,124.93,127.12,28468068
2022-01-14 00:00:00+05:30,127.24,128.43,125.01,125.81,16904232
2022-01-17 00:00:00+05:30,124.99,124.99,119.66,121.92,37065300
2022-01-18 00:00:00+05:30,121.59,122.73,119.81,120.67,27996902
2022-01-19 00:00:00+05:30,119.56,123.66,119.0,121.47,99857344
2022-01-20 00:00:00+05:30,121.6,123.23,121.34,122.43,19942914
2022-01-21 00:00:00+05:30,121.6,122.82,119.23,120.99,28228039
2022-01-24 00:00:00+05:30,120.5,121.9,116.1,116.8,29258885
2022-01-25 00:00:00+05:30,116.22,119.38,114.96,119.02,20663543
2022-01-27 00:00:00+05:30,117.88,124.24,116.78,122.82,35736777
2022-01-28 00:00:00+05:30,123.83,125.7,120.93,122.61,42667856
2022-01-31 00:00:00+05:30,123.49,123.74,118.07,120.41,38141775
2022-02-01 00:00:00+05:30,121.21,126.86,120.5,126.54,32138051
2022-02-02 00:00:00+05:30,126.86,128.73,125.8,128.45,21566640
2022-02-03 00:00:00+05:30,125.37,131.65,123.18,129.22,40475810
2022-02-04 00:00:00+05:30,129.11,135.75,128.58,133.35,53937345
2022-02-07 00:00:00+05:30,134.03,138.84,133.21,136.72,42107310
2022-02-08 00:00:00+05:30,137.81,140.26,134.46,138.26,37971583
2022-02-09 00:00:00+05:30,139.02,141.81,136.29,140.95,45920348
2022-02-10 00:00:00+05:30,141.46,144.39,140.52,142.02,31110285
2022-02-11 00:00:00+05:30,141.46,143.87,139.31,141.48,24789973
2022-02-14 00:00:00+05:30,138.48,140.28,134.57,135.28,31578975
2022-02-15 00:00:00+05:30,138.09,140.07,133.02,139.19,32095630
2022-02-16 00:00:00+05:30,140.33,140.33,135.49,137.38,24646426
2022-02-17 00:00:00+05:30,138.41,139.72,136.82,138.07,19179289
2022-02-18 00:00:00+05:30,137.71,139.06,135.66,136.22,12017036
2022-02-21 00:00:00+05:30,136.03,136.82,132.14,132.46,15481858
2022-02-22 00:00:00+05:30,129.48,131.9,126.99,131.02,26443265
2022-02-23 00:00:00+05:30,131.8,133.19,130.27,131.8,24961771
2022-02-24 00:00:00+05:30,127.98,131.52,125.63,126.51,34847401
2022-02-25 00:00:00+05:30,129.44,136.8,129.29,135.69,32851326
2022-02-28 00:00:00+05:30,135.06,142.73,133.5,142.32,36936829
2022-03-02 00:00:00+05:30,143.7,148.19,142.95,144.94,41714762
2022-03-03 00:00:00+05:30,149.69,150.06,143.44,148.17,158865801
2022-03-04 00:00:00+05:30,147.22,149.22,138.65,139.74,51255080
2022-03-07 00:00:00+05:30,139.96,145.65,139.75,144.97,47836102
2022-03-09 00:00:00+05:30,138.44,140.33,136.76,138.93,28293133
2022-03-10 00:00:00+05:30,139.02,142.02,136.01,141.55,32993372
2022-03-11 00:00:00+05:30,141.38,144.08,140.78,141.53,24171181
2022-03-14 00:00:00+05:30,141.53,142.21,139.08,140.63,13673574
2022-03-15 00:00:00+05:30,138.8,138.99,132.4,133.86,21903972
2022-03-16 00:00:00+05:30,135.47,140.52,134.46,139.72,24366594
2022-03-17 00:00:00+05:30,140.3,143.14,139.77,141.63,29366024
2022-03-21 00:00:00+05:30,143.33,152.48,142.41,149.71,71665911
2022-03-22 00:00:00+05:30,151.45,155.68,150.44,151.21,59151904
2022-03-23 00:00:00+05:30,152.55,154.09,148.94,152.93,32384259
2022-03-24 00:00:00+05:30,152.61,156.22,152.31,153.86,31575175
2022-03-25 00:00:00+05:30,154.89,155.42,152.03,153.64,21948034
2022-03-28 00:00:00+05:30,152.68,156.37,151.94,154.7,23136877
2022-03-29 00:00:00+05:30,155.27,155.57,152.52,153.56,16763134
2022-03-30 00:00:00+05:30,153.43,153.54,148.4,149.2,21956259
2022-03-31 00:00:00+05:30,149.41,153.75,149.41,150.94,25576750
2022-04-01 00:00:00+05:30,151.67,153.77,150.89,151.86,22774437
2022-04-04 00:00:00+05:30,151.94,158.56,151.94,157.72,30240601
2022-04-05 00:00:00+05:30,159.12,159.12,156.2,156.76,17489097
2022-04-06 00:00:00+05:30,156.22,162.68,155.04,161.89,26360614
2022-04-07 00:00:00+05:30,162.41,163.67,158.78,159.23,19041251
2022-04-08 00:00:00+05:30,159.79,162.6,158.93,161.03,14031939
2022-04-11 00:00:00+05:30,161.27,164.94,161.08,163.82,17337819
2022-04-12 00:00:00+05:30,162.04,162.71,154.99,156.05,27158320
2022-04-13 00:00:00+05:30,157.92,160.0,157.7,159.34,12110447
2022-04-18 00:00:00+05:30,159.4,161.59,156.71,158.73,14458138
2022-04-19 00:00:00+05:30,159.78,163.72,157.94,160.0,16488641
2022-04-20 00:00:00+05:30,160.15,160.52,156.24,157.89,11560326
2022-04-21 00:00:00+05:30,157.92,159.46,156.11,159.03,22027318
2022-04-22 00:00:00+05:30,157.14,159.03,155.23,155.6,11459816
2022-04-25 00:00:00+05:30,151.49,153.39,148.59,150.48,16912430
2022-04-26 00:00:00+05:30,151.9,154.39,150.48,154.03,15206873
2022-04-27 00:00:00+05:30,154.11,156.43,151.73,154.42,20234084
2022-04-28 00:00:00+05:30,156.41,156.41,151.58,154.05,17317190
2022-04-29 00:00:00+05:30,154.93,157.06,151.97,152.81,49649923
2022-05-02 00:00:00+05:30,152.68,153.19,149.5,152.63,24775936
2022-05-04 00:00:00+05:30,154.18,154.18,146.88,147.89,43697658
2022-05-05 00:00:00+05:30,150.63,153.24,149.93,151.64,30926799
2022-05-06 00:00:00+05:30,136.59,139.21,133.24,134.87,46422453
2022-05-09 00:00:00+05:30,133.37,133.97,129.91,131.03,19119934
2022-05-10 00:00:00+05:30,129.11,132.06,122.75,123.63,26928904
2022-05-11 00:00:00+05:30,124.0,127.39,118.46,121.96,33217545
2022-05-12 00:00:00+05:30,120.44,121.92,113.84,117.6,44531470
2022-05-13 00:00:00+05:30,118.98,120.44,108.73,109.61,54261327
2022-05-16 00:00:00+05:30,110.21,113.18,104.61,107.46,49076871
2022-05-17 00:00:00+05:30,110.4,123.1,110.04,120.13,74249561
2022-05-18 00:00:00+05:30,121.6,121.88,118.35,119.68,33890916
2022-05-19 00:00:00+05:30,115.26,116.65,111.41,113.6,41620140
2022-05-20 00:00:00+05:30,118.25,119.68,115.86,117.66,31048242
2022-05-23 00:00:00+05:30,114.89,116.57,109.54,114.38,49301322
2022-05-24 00:00:00+05:30,115.13,118.59,113.45,114.33,31863146
2022-05-25 00:00:00+05:30,114.91,116.18,112.3,114.08,29318574
2022-05-26 00:00:00+05:30,114.81,117.62,110.02,117.15,29708458
2022-05-27 00:00:00+05:30,118.25,119.4,113.56,115.2,29488878
2022-05-30 00:00:00+05:30,115.73,117.79,114.96,117.21,20578097
2022-05-31 00:00:00+05:30,116.01,122.52,115.71,120.09,139933212
2022-06-01 00:00:00+05:30,119.94,121.62,117.23,118.27,24452603
2022-06-02 00:00:00+05:30,118.35,120.87,118.12,120.41,16680724
2022-06-03 00:00:00+05:30,121.06,121.7,118.05,118.59,27680552
2022-06-06 00:00:00+05:30,116.16,121.02,116.01,120.01,31402661
2022-06-07 00:00:00+05:30,118.63,120.01,116.85,117.84,30437202
2022-06-08 00:00:00+05:30,118.59,118.8,116.59,117.23,12652817
2022-06-09 00:00:00+05:30,116.53,118.25,112.02,113.35,31391913
2022-06-10 00:00:00+05:30,112.21,113.5,110.28,112.72,16428119
2022-06-13 00:00:00+05:30,110.47,111.39,107.23,108.41,20007888
2022-06-14 00:00:00+05:30,108.15,110.85,107.87,108.96,20430851
2022-06-15 00:00:00+05:30,109.25,110.75,108.75,109.03,16460768
2022-06-16 00:00:00+05:30,110.7,110.94,99.49,100.09,38452869
2022-06-17 00:00:00+05:30,100.09,101.79,98.35,98.78,37017548
2022-06-20 00:00:00+05:30,98.35,98.35,82.98,86.24,131126386
2022-06-21 00:00:00+05:30,88.49,91.18,84.95,88.34,136872164
2022-06-22 00:00:00+05:30,87.89,87.89,82.7,83.12,61311648
2022-06-23 00:00:00+05:30,82.72,84.57,80.87,82.12,55951329
2022-06-24 00:00:00+05:30,82.5,84.16,81.39,82.87,57065765
2022-06-27 00:00:00+05:30,85.15,86.5,84.13,85.25,42693651
2022-06-28 00:00:00+05:30,84.91,88.22,83.08,87.87,62158854
2022-06-29 00:00:00+05:30,86.71,88.07,86.37,86.84,39260555
2022-06-30 00:00:00+05:30,87.03,87.7,83.19,83.45,36337582
2022-07-01 00:00:00+05:30,82.74,83.68,77.09,80.07,69825657
2022-07-04 00:00:00+05:30,79.67,81.34,78.36,81.06,28154668
2022-07-05 00:00:00+05:30,82.22,83.6,80.91,81.23,36769558
2022-07-06 00:00:00+05:30,79.9,80.46,77.18,80.25,58189919
2022-07-07 00:00:00+05:30,81.58,85.66,80.85,85.21,49569212
2022-07-08 00:00:00+05:30,86.97,87.19,82.72,83.83,54474047
2022-07-11 00:00:00+05:30,83.45,86.93,82.82,85.87,42759945
2022-07-12 00:00:00+05:30,85.47,88.62,84.28,86.35,47905032
2022-07-13 00:00:00+05:30,86.26,87.42,85.32,86.8,35270353
2022-07-14 00:00:00+05:30,88.3,88.3,84.76,85.29,40421893
2022-07-15 00:00:00+05:30,86.17,86.33,84.13,85.27,32705077
2022-07-18 00:00:00+05:30,86.46,89.08,85.75,88.86,42713302
2022-07-19 00:00:00+05:30,88.84,90.08,85.88,89.35,55728151
2022-07-20 00:00:00+05:30,92.81,97.22,91.68,94.75,156646571
2022-07-21 00:00:00+05:30,95.8,95.82,93.97,95.35,53150339
2022-07-22 00:00:00+05:30,96.18,97.28,95.46,96.68,41450568
2022-07-25 00:00:00+05:30,97.45,97.84,94.9,96.55,61492785
2022-07-26 00:00:00+05:30,89.81,91.65,89.38,90.34,49355667
2022-07-27 00:00:00+05:30,89.81,91.39,88.28,91.09,29365594
2022-07-28 00:00:00+05:30,91.01,92.66,90.06,91.87,30125379
2022-07-29 00:00:00+05:30,91.91,95.99,91.78,95.17,56107209
2022-08-01 00:00:00+05:30,96.08,96.33,94.77,95.58,27024948
2022-08-02 00:00:00+05:30,95.43,95.43,92.51,94.53,29420836
2022-08-03 00:00:00+05:30,94.12,95.24,92.15,93.14,26302809
2022-08-04 00:00:00+05:30,93.52,94.94,91.97,93.65,25285991
2022-08-05 00:00:00+05:30,93.61,96.12,93.61,94.77,36896113
2022-08-08 00:00:00+05:30,94.77,96.55,94.73,96.08,20573177
2022-08-10 00:00:00+05:30,96.46,97.24,94.3,95.93,31761747
2022-08-11 00:00:00+05:30,96.55,97.47,95.61,96.01,18111173
2022-08-12 00:00:00+05:30,96.01,99.15,95.54,98.22,38470970
2022-08-16 00:00:00+05:30,98.8,99.81,95.24,98.23,49037125
2022-08-17 00:00:00+05:30,99.36,100.57,98.27,99.66,38589661
2022-08-18 00:00:00+05:30,99.9,100.39,98.4,99.36,25793745
2022-08-19 00:00:00+05:30,99.82,100.29,97.43,98.05,29397612
2022-08-22 00:00:00+05:30,97.3,98.87,95.45,96.12,24246724
2022-08-23 00:00:00+05:30,94.88,98.57,94.88,98.14,17712976
2022-08-24 00:00:00+05:30,98.14,100.01,97.95,99.81,20324524
2022-08-25 00:00:00+05:30,100.46,101.53,99.02,99.34,17418108
2022-08-26 00:00:00+05:30,100.48,102.91,100.48,100.89,29892764
2022-08-29 00:00:00+05:30,97.71,99.99,96.57,99.56,19964548
2022-08-30 00:00:00+05:30,100.67,101.79,100.35,101.13,15913147
2022-09-01 00:00:00+05:30,98.61,100.63,98.12,98.5,23177831
2022-09-02 00:00:00+05:30,99.32,99.47,95.8,96.27,27253826
2022-09-05 00:00:00+05:30,96.7,98.36,96.38,97.45,17703212
2022-09-06 00:00:00+05:30,97.67,99.08,96.66,98.74,16143827
2022-09-07 00:00:00+05:30,97.3,98.57,97.3,98.03,13120283
2022-09-08 00:00:00+05:30,98.68,99.17,97.67,98.14,9575004
2022-09-09 00:00:00+05:30,99.17,100.98,98.72,99.79,25096661
2022-09-12 00:00:00+05:30,100.27,101.73,100.07,101.17,15803325
2022-09-13 00:00:00+05:30,103.08,104.6,102.01,103.87,42047076
2022-09-14 00:00:00+05:30,103.29,117.82,102.29,114.36,165626135
2022-09-15 00:00:00+05:30,118.61,120.09,113.99,117.58,194234708
2022-09-16 00:00:00+05:30,110.83,112.23,107.4,108.81,120846587
2022-09-19 00:00:00+05:30,109.27,110.32,104.93,105.4,47107232
2022-09-20 00:00:00+05:30,106.8,107.63,104.67,104.82,39633265
2022-09-21 00:00:00+05:30,105.16,106.02,103.66,104.0,23746233
2022-09-22 00:00:00+05:30,103.1,105.96,103.1,105.03,23368107
2022-09-23 00:00:00+05:30,105.51,107.38,104.13,104.61,31014228
2022-09-26 00:00:00+05:30,103.29,103.74,97.3,98.91,36477228
2022-09-27 00:00:00+05:30,99.36,100.4,97.32,98.12,22727125
2022-09-28 00:00:00+05:30,97.11,97.97,95.5,96.1,20105046
2022-09-29 00:00:00+05:30,97.3,98.8,96.03,97.17,21011831
2022-09-30 00:00:00+05:30,98.38,101.7,97.41,101.06,31384866
2022-10-03 00:00:00+05:30,101.41,102.16,99.39,100.42,17556167
2022-10-04 00:00:00+05:30,104.41,105.12,102.09,104.46,30883993
2022-10-06 00:00:00+05:30,105.53,109.87,105.53,109.42,45260787
2022-10-07 00:00:00+05:30,109.27,109.46,107.5,109.24,22675322
2022-10-10 00:00:00+05:30,107.29,111.5,107.22,111.16,30566237
2022-10-11 00:00:00+05:30,112.27,114.33,106.65,107.05,56214073
2022-10-12 00:00:00+05:30,107.78,108.53,104.9,107.63,26838413
2022-10-13 00:00:00+05:30,109.57,110.36,107.53,109.65,29299452
2022-10-14 00:00:00+05:30,112.02,112.02,107.2,107.72,26923493
2022-10-17 00:00:00+05:30,106.93,106.95,103.9,104.8,24534651
2022-10-18 00:00:00+05:30,105.72,106.43,104.41,104.67,16232426
2022-10-19 00:00:00+05:30,105.16,105.89,103.4,103.75,13481178
2022-10-20 00:00:00+05:30,103.06,106.22,102.43,105.85,15080695
2022-10-21 00:00:00+05:30,106.28,106.6,103.94,104.82,14302437
2022-10-24 00:00:00+05:30,105.79,105.79,104.97,105.44,4292077
2022-10-25 00:00:00+05:30,105.53,105.68,104.3,104.78,14267846
2022-10-27 00:00:00+05:30,106.32,109.42,106.28,107.91,38297740
2022-10-28 00:00:00+05:30,108.43,108.43,104.61,106.6,25245689
2022-10-31 00:00:00+05:30,102.54,106.64,102.46,105.08,33659630
2022-11-01 00:00:00+05:30,105.36,108.08,105.16,107.36,24229208
2022-11-02 00:00:00+05:30,106.84,112.06,106.75,111.24,54323394
2022-11-03 00:00:00+05:30,109.46,113.88,109.46,113.35,52612370
2022-11-04 00:00:00+05:30,113.58,121.47,113.58,120.48,139289048
2022-11-07 00:00:00+05:30,121.42,121.42,111.72,114.72,103786710
2022-11-09 00:00:00+05:30,115.2,117.81,113.07,115.11,55474308
2022-11-10 00:00:00+05:30,113.91,115.92,113.76,114.94,23310233
2022-11-11 00:00:00+05:30,116.44,117.88,115.64,116.91,40809490
2022-11-14 00:00:00+05:30,117.88,120.13,117.15,117.79,52913470
2022-11-15 00:00:00+05:30,118.33,119.53,116.87,119.25,26731934
2022-11-16 00:00:00+05:30,119.75,120.0,115.86,116.74,26041797
2022-11-17 00:00:00+05:30,116.57,116.57,113.61,115.0,26759300
2022-11-18 00:00:00+05:30,116.91,118.76,115.41,116.16,50155040
2022-11-21 00:00:00+05:30,117.47,117.47,114.7,115.22,32003551
2022-11-22 00:00:00+05:30,115.8,116.72,114.72,116.05,26693061
2022-11-23 00:00:00+05:30,117.32,117.32,114.01,115.2,51695025
2022-11-24 00:00:00+05:30,115.62,116.53,115.17,116.35,26062365
2022-11-25 00:00:00+05:30,116.95,118.76,115.86,118.46,30837548
2022-11-28 00:00:00+05:30,118.82,118.95,115.88,116.22,45134130
2022-11-29 00:00:00+05:30,110.77,113.37,110.4,112.96,37883913
2022-11-30 00:00:00+05:30,112.64,114.94,112.51,113.9,27524327
2022-12-01 00:00:00+05:30,114.51,116.95,114.03,116.1,37958192
2022-12-02 00:00:00+05:30,116.07,118.2,115.41,117.45,38814019
2022-12-05 00:00:00+05:30,118.07,120.58,117.92,119.47,45473052
2022-12-06 00:00:00+05:30,119.19,119.34,117.17,117.67,20558242
2022-12-07 00:00:00+05:30,117.88,118.07,116.44,117.09,14834767
2022-12-08 00:00:00+05:30,117.02,118.44,116.42,117.45,15390519
2022-12-09 00:00:00+05:30,118.25,118.82,114.51,115.58,20419296
2022-12-12 00:00:00+05:30,115.52,115.86,112.1,115.6,22637700
2022-12-13 00:00:00+05:30,116.1,118.31,115.97,117.19,21840203
2022-12-14 00:00:00+05:30,117.69,119.0,117.51,118.27,21053552
2022-12-15 00:00:00+05:30,117.88,118.63,116.12,116.37,15618361
2022-12-16 00:00:00+05:30,116.01,117.81,114.89,115.19,20333754
2022-12-19 00:00:00+05:30,115.6,117.88,115.45,117.64,13754744
2022-12-20 00:00:00+05:30,117.47,117.66,114.92,116.8,20016888
2022-12-21 00:00:00+05:30,117.38,117.84,112.29,113.46,29378343
2022-12-22 00:00:00+05:30,114.4,115.06,111.69,113.03,24246179
2022-12-23 00:00:00+05:30,111.89,112.59,106.26,106.73,31681042
2022-12-26 00:00:00+05:30,106.93,111.31,105.46,110.81,20493027
2022-12-27 00:00:00+05:30,111.93,115.64,111.89,115.13,30063584
2022-12-28 00:00:00+05:30,114.87,114.87,113.8,114.1,14197863
2022-12-29 00:00:00+05:30,113.41,115.45,112.66,114.92,18272130
2022-12-30 00:00:00+05:30,115.82,117.45,115.04,115.41,16883346
2023-01-02 00:00:00+05:30,115.99,119.0,115.71,118.29,36039924
2023-01-03 00:00:00+05:30,118.29,120.35,117.6,119.58,28540939
2023-01-04 00:00:00+05:30,119.0,119.15,114.59,115.37,42849461
2023-01-05 00:00:00+05:30,116.01,116.76,115.06,116.51,17608186
2023-01-06 00:00:00+05:30,116.85,117.69,115.49,115.88,13286114
2023-01-09 00:00:00+05:30,116.83,118.59,116.83,118.07,16984681
2023-01-10 00:00:00+05:30,118.82,119.64,117.13,118.27,22096873
2023-01-11 00:00:00+05:30,118.69,119.77,118.44,119.06,16523628
2023-01-12 00:00:00+05:30,119.75,119.75,117.73,118.48,10825702
2023-01-13 00:00:00+05:30,118.63,120.5,118.37,119.45,22570524
2023-01-16 00:00:00+05:30,120.05,120.13,117.69,118.67,13970711
2023-01-17 00:00:00+05:30,118.67,119.19,117.32,118.98,11081461
2023-01-18 00:00:00+05:30,119.19,121.92,119.1,121.3,32705561
2023-01-19 00:00:00+05:30,121.1,124.99,120.33,123.79,37993473
2023-01-20 00:00:00+05:30,126.34,127.52,123.51,123.83,50915340
2023-01-23 00:00:00+05:30,123.85,125.16,122.91,123.18,12522460
2023-01-24 00:00:00+05:30,123.94,124.19,122.48,123.36,13690994
2023-01-25 00:00:00+05:30,123.49,124.5,121.47,122.09,18838106
2023-01-27 00:00:00+05:30,122.75,123.31,117.3,119.66,31184570
2023-01-30 00:00:00+05:30,119.75,121.57,118.39,120.46,25551979
2023-01-31 00:00:00+05:30,120.97,125.93,120.56,124.39,33561967
2023-02-01 00:00:00+05:30,126.11,126.58,120.26,122.75,31338715
2023-02-02 00:00:00+05:30,123.12,125.27,120.69,122.39,30219795
2023-02-03 00:00:00+05:30,119.94,120.82,115.26,117.62,30362028
2023-02-06 00:00:00+05:30,117.51,117.84,114.14,114.61,19348663
2023-02-07 00:00:00+05:30,114.51,115.62,111.95,115.32,27985970
2023-02-08 00:00:00+05:30,115.82,118.07,115.8,117.54,20894976
2023-02-09 00:00:00+05:30,117.86,118.14,115.64,116.05,13900758
2023-02-10 00:00:00+05:30,116.01,116.65,115.07,116.27,11319051
2023-02-13 00:00:00+05:30,116.38,117.81,115.26,115.54,13864930
2023-02-14 00:00:00+05:30,116.01,117.79,115.67,117.58,17548113
2023-02-15 00:00:00+05:30,117.47,118.18,116.42,117.13,15526558
2023-02-16 00:00:00+05:30,118.22,118.54,117.54,117.82,11667406
2023-02-17 00:00:00+05:30,117.82,118.97,117.13,117.51,11466673
2023-02-20 00:00:00+05:30,117.26,118.14,116.07,116.33,14066693
2023-02-21 00:00:00+05:30,116.63,117.47,114.89,115.28,16931499
2023-02-22 00:00:00+05:30,114.83,115.28,112.7,113.48,16479211
2023-02-23 00:00:00+05:30,113.22,114.79,112.88,113.35,12249725
2023-02-24 00:00:00+05:30,113.73,114.08,109.27,110.19,28035868
2023-02-27 00:00:00+05:30,110.0,110.0,105.06,107.53,28382679
2023-02-28 00:00:00+05:30,105.57,105.85,98.03,100.42,136304619
2023-03-01 00:00:00+05:30,99.94,104.75,99.6,104.26,50045397
2023-03-02 00:00:00+05:30,104.78,105.55,102.43,102.87,32011269
2023-03-03 00:00:00+05:30,103.62,108.86,103.49,108.24,43036437
2023-03-06 00:00:00+05:30,109.46,110.25,107.1,107.51,28545682
2023-03-08 00:00:00+05:30,106.24,106.86,103.79,106.67,24475598
2023-03-09 00:00:00+05:30,107.4,108.82,106.5,106.84,16502406
2023-03-10 00:00:00+05:30,105.12,106.64,101.99,104.73,32281048
2023-03-13 00:00:00+05:30,104.02,107.55,103.15,104.33,29718431
2023-03-14 00:00:00+05:30,105.44,105.44,103.12,104.56,21450768
2023-03-15 00:00:00+05:30,105.92,106.62,104.67,104.93,16953558
2023-03-16 00:00:00+05:30,103.62,104.32,100.59,102.93,31244550
2023-03-17 00:00:00+05:30,104.78,107.33,103.85,106.47,38533077
2023-03-20 00:00:00+05:30,105.18,106.02,102.91,104.75,21492169
2023-03-21 00:00:00+05:30,105.53,106.43,105.23,106.17,12450962
2023-03-22 00:00:00+05:30,106.65,107.7,104.82,106.78,24865289
2023-03-23 00:00:00+05:30,106.65,106.65,100.01,101.51,84500544
2023-03-24 00:00:00+05:30,104.41,104.6,100.39,100.95,56404253
2023-03-27 00:00:00+05:30,101.6,102.61,100.87,102.07,24696038
2023-03-28 00:00:00+05:30,102.84,103.21,101.04,102.63,28873144
2023-03-29 00:00:00+05:30,103.66,105.7,102.13,105.44,66059224
2023-03-31 00:00:00+05:30,106.64,106.65,102.16,103.02,111026428
2023-04-03 00:00:00+05:30,104.02,105.91,103.51,105.68,36705941
2023-04-05 00:00:00+05:30,106.28,107.5,104.93,107.12,43480558
2023-04-06 00:00:00+05:30,99.71,102.72,99.54,102.24,61449645
2023-04-10 00:00:00+05:30,102.16,102.16,100.7,101.0,25323624
2023-04-11 00:00:00+05:30,102.16,102.48,101.1,102.07,23544298
2023-04-12 00:00:00+05:30,102.18,103.51,102.16,103.14,18734273
2023-04-13 00:00:00+05:30,102.91,104.33,102.46,103.17,18157704
2023-04-17 00:00:00+05:30,102.91,104.69,102.35,104.39,21749458
2023-04-18 00:00:00+05:30,104.41,104.9,103.66,104.63,12315602
2023-04-19 00:00:00+05:30,105.16,106.28,104.78,105.36,25993326
2023-04-20 00:00:00+05:30,104.99,105.85,104.33,104.63,11698636
2023-04-21 00:00:00+05:30,104.63,104.73,103.29,103.57,12287443
2023-04-24 00:00:00+05:30,103.1,103.57,102.39,103.01,11984395
2023-04-25 00:00:00+05:30,103.25,105.31,103.08,104.3,15218291
2023-04-26 00:00:00+05:30,103.88,104.02,102.99,103.36,9539878
2023-04-27 00:00:00+05:30,103.44,103.96,102.91,103.32,9858563
2023-04-28 00:00:00+05:30,103.66,104.78,103.38,104.54,12925509
2023-05-02 00:00:00+05:30,105.53,105.85,104.82,105.19,13038471
2023-05-03 00:00:00+05:30,104.5,104.88,103.47,104.13,12259909
2023-05-04 00:00:00+05:30,104.24,105.12,103.81,104.09,10608210
2023-05-05 00:00:00+05:30,104.09,104.11,102.56,102.8,14305184
2023-05-08 00:00:00+05:30,103.51,104.78,102.82,104.45,11726782
2023-05-09 00:00:00+05:30,104.97,107.78,104.71,106.19,31885144
2023-05-10 00:00:00+05:30,107.03,107.59,106.24,106.99,15327883
2023-05-11 00:00:00+05:30,107.4,107.4,105.16,105.33,14197505
2023-05-12 00:00:00+05:30,105.61,105.61,102.57,102.95,26688778
2023-05-15 00:00:00+05:30,101.79,103.92,100.48,103.72,24625866
2023-05-16 00:00:00+05:30,104.03,105.57,103.7,104.73,14362345
2023-05-17 00:00:00+05:30,104.65,105.91,103.1,104.58,21896971
2023-05-18 00:00:00+05:30,105.53,106.35,104.03,104.24,20055368
2023-05-19 00:00:00+05:30,105.16,105.64,103.74,105.51,18466428
2023-05-22 00:00:00+05:30,106.28,107.72,105.72,107.59,23298539
2023-05-23 00:00:00+05:30,109.65,109.65,107.78,107.91,52944797
2023-05-24 00:00:00+05:30,108.53,109.63,106.5,109.03,32492341
2023-05-25 00:00:00+05:30,109.07,110.96,108.77,110.7,36640561
2023-05-26 00:00:00+05:30,111.52,111.59,110.58,111.39,38121688
2023-05-29 00:00:00+05:30,111.89,112.62,111.22,112.4,35472462
2023-05-30 00:00:00+05:30,105.98,107.95,105.91,106.88,39977259
2023-05-31 00:00:00+05:30,104.78,106.0,103.96,104.15,34851826
2023-06-01 00:00:00+05:30,104.03,104.97,103.88,104.07,13729692
2023-06-02 00:00:00+05:30,104.65,105.25,104.28,104.82,12962738
2023-06-05 00:00:00+05:30,104.8,104.8,103.4,104.15,16828098
2023-06-06 00:00:00+05:30,104.41,104.71,103.68,103.81,10400880
2023-06-07 00:00:00+05:30,104.02,104.37,103.55,104.2,11851028
2023-06-08 00:00:00+05:30,104.73,105.06,103.7,103.87,13984398
2023-06-09 00:00:00+05:30,104.37,104.37,103.32,103.57,10560073
2023-06-12 00:00:00+05:30,104.33,104.6,103.55,103.98,9660629
2023-06-13 00:00:00+05:30,104.52,104.52,103.72,104.03,11819983
2023-06-14 00:00:00+05:30,104.45,105.91,104.41,105.16,22765560
2023-06-15 00:00:00+05:30,105.49,105.83,105.01,105.27,9754719
2023-06-16 00:00:00+05:30,105.61,105.85,104.46,104.76,11599845
2023-06-19 00:00:00+05:30,105.49,105.49,104.65,105.06,8133855
2023-06-20 00:00:00+05:30,104.41,106.41,104.41,105.81,14777235
2023-06-21 00:00:00+05:30,105.77,105.94,104.93,105.31,8424493
2023-06-22 00:00:00+05:30,105.53,105.83,104.45,105.04,8473111
2023-06-23 00:00:00+05:30,105.1,105.1,103.25,103.36,13778946
2023-06-26 00:00:00+05:30,103.36,104.99,102.71,104.6,11122473
2023-06-27 00:00:00+05:30,104.78,104.97,104.3,104.46,13387534
2023-06-28 00:00:00+05:30,105.34,105.34,104.56,104.88,18260338
2023-06-30 00:00:00+05:30,104.76,104.9,103.83,104.02,13840658
2023-07-03 00:00:00+05:30,104.52,104.91,103.98,104.11,9831539
2023-07-04 00:00:00+05:30,104.75,104.75,103.72,103.92,9158320
2023-07-05 00:00:00+05:30,104.3,104.3,103.66,103.92,7784164
2023-07-06 00:00:00+05:30,104.41,104.95,103.57,104.86,24111097
2023-07-07 00:00:00+05:30,104.97,105.92,104.41,105.06,22319645
2023-07-10 00:00:00+05:30,105.91,106.24,104.63,105.64,21315101
2023-07-11 00:00:00+05:30,103.36,104.67,102.91,103.96,35069728
2023-07-12 00:00:00+05:30,103.87,104.03,103.3,103.7,15348459
2023-07-13 00:00:00+05:30,104.22,105.31,103.85,104.11,14878332
2023-07-14 00:00:00+05:30,104.63,107.18,104.6,106.93,27736839
2023-07-17 00:00:00+05:30,106.65,106.84,105.7,106.28,12810340
2023-07-18 00:00:00+05:30,106.43,106.62,104.88,105.38,10300798
2023-07-19 00:00:00+05:30,106.28,106.71,105.83,106.28,13758753
2023-07-20 00:00:00+05:30,106.28,106.3,105.36,105.55,9133033
2023-07-21 00:00:00+05:30,105.53,105.53,103.96,104.09,19263704
2023-07-24 00:00:00+05:30,101.98,102.82,101.19,101.62,42078600
2023-07-25 00:00:00+05:30,102.87,103.92,101.83,103.42,19764750
2023-07-26 00:00:00+05:30,103.74,104.71,103.21,104.22,11724201
2023-07-27 00:00:00+05:30,104.6,105.03,103.57,103.85,10676364
2023-07-28 00:00:00+05:30,103.98,104.54,103.4,104.28,9199878
2023-07-31 00:00:00+05:30,104.97,105.46,103.19,103.44,25480169
2023-08-01 00:00:00+05:30,104.41,104.41,103.17,103.66,14841830
2023-08-02 00:00:00+05:30,103.75,103.81,101.17,102.09,28531728
2023-08-03 00:00:00+05:30,97.64,97.67,92.77,95.02,546134659
2023-08-04 00:00:00+05:30,95.24,95.24,91.89,93.18,84382554
2023-08-07 00:00:00+05:30,92.81,92.81,88.71,88.88,91345029
2023-08-08 00:00:00+05:30,89.07,91.24,88.8,89.87,64094802
2023-08-09 00:00:00+05:30,90.9,91.5,89.91,91.31,27524578
2023-08-10 00:00:00+05:30,91.65,91.65,90.51,91.2,21731950
2023-08-11 00:00:00+05:30,91.25,91.25,89.01,89.07,34086441
2023-08-14 00:00:00+05:30,89.14,89.27,87.06,87.57,23829766
2023-08-16 00:00:00+05:30,87.57,88.64,86.84,88.49,19765889
2023-08-17 00:00:00+05:30,88.65,88.8,87.38,87.57,16291319
2023-08-18 00:00:00+05:30,87.57,88.32,87.06,87.42,14765125
2023-08-21 00:00:00+05:30,87.55,87.92,87.44,87.68,10198490
2023-08-22 00:00:00+05:30,87.7,88.65,87.7,87.98,12881322
2023-08-23 00:00:00+05:30,88.32,89.44,88.15,89.2,14694942
2023-08-24 00:00:00+05:30,89.31,90.11,88.78,88.82,13391673
2023-08-25 00:00:00+05:30,89.36,89.36,86.82,87.31,16051644
2023-08-28 00:00:00+05:30,88.78,89.81,88.35,89.07,21962851
2023-08-29 00:00:00+05:30,89.44,89.7,88.45,88.78,10898068
2023-08-30 00:00:00+05:30,89.35,89.5,88.43,88.52,10483360
2023-08-31 00:00:00+05:30,88.71,88.75,86.67,86.97,30816037
2023-09-01 00:00:00+05:30,86.93,88.62,86.93,88.37,16621468
2023-09-04 00:00:00+05:30,89.07,91.5,88.37,90.45,37560893
2023-09-05 00:00:00+05:30,90.94,91.29,89.36,90.34,15095039
2023-09-06 00:00:00+05:30,91.7,92.27,89.89,90.32,29104195
2023-09-07 00:00:00+05:30,90.32,90.54,88.9,89.48,17181204
2023-09-08 00:00:00+05:30,89.46,89.8,88.58,88.97,18267555
2023-09-11 00:00:00+05:30,89.07,89.36,88.5,89.18,19102378
2023-09-12 00:00:00+05:30,89.66,89.66,86.09,86.75,28504498
2023-09-13 00:00:00+05:30,86.75,87.68,86.45,87.31,16548488
2023-09-14 00:00:00+05:30,87.92,89.05,87.57,88.39,21563612
2023-09-15 00:00:00+05:30,88.39,90.02,88.11,88.43,53538579
2023-09-18 00:00:00+05:30,89.03,89.29,88.34,88.5,13293489
2023-09-20 00:00:00+05:30,87.94,88.3,86.54,86.75,23457879
2023-09-21 00:00:00+05:30,86.75,86.75,84.07,84.76,31683364
2023-09-22 00:00:00+05:30,85.51,85.6,83.28,84.22,19568374
2023-09-25 00:00:00+05:30,84.37,84.76,83.75,84.03,13261075
2023-09-26 00:00:00+05:30,84.2,85.02,83.7,83.83,11738732
2023-09-27 00:00:00+05:30,81.39,82.5,77.88,78.21,94877986
2023-09-28 00:00:00+05:30,78.21,79.77,77.84,77.97,46487128
2023-09-29 00:00:00+05:30,78.59,84.11,78.59,83.28,74050964
2023-10-03 00:00:00+05:30,86.07,87.47,84.24,86.35,124936961
2023-10-04 00:00:00+05:30,86.17,86.91,82.68,83.6,41549273
2023-10-05 00:00:00+05:30,84.24,84.43,82.35,83.08,27136400
2023-10-06 00:00:00+05:30,83.32,83.86,82.65,83.34,14760486
2023-10-09 00:00:00+05:30,82.31,82.78,81.34,81.94,13741512
2023-10-10 00:00:00+05:30,82.03,83.83,81.82,83.13,15020872
2023-10-11 00:00:00+05:30,83.23,86.05,83.13,85.19,32644889
2023-10-12 00:00:00+05:30,84.57,85.19,84.29,84.65,19344251
2023-10-13 00:00:00+05:30,84.2,85.85,84.13,84.65,19296970
2023-10-16 00:00:00+05:30,84.87,87.08,83.94,86.02,27217426
2023-10-17 00:00:00+05:30,86.17,86.65,85.7,86.05,13533992
2023-10-18 00:00:00+05:30,86.11,87.01,85.44,86.26,15457891
2023-10-19 00:00:00+05:30,85.7,86.43,84.76,85.01,12445468
2023-10-20 00:00:00+05:30,84.84,85.98,83.19,83.36,14013167
2023-10-23 00:00:00+05:30,83.36,84.28,80.27,80.48,19733652
2023-10-25 00:00:00+05:30,80.46,82.29,80.2,81.13,18587214
2023-10-26 00:00:00+05:30,80.66,80.74,79.04,79.43,20592858
2023-10-27 00:00:00+05:30,80.03,81.32,79.8,80.76,12354616
2023-10-30 00:00:00+05:30,80.74,81.21,80.25,81.0,7336146
2023-10-31 00:00:00+05:30,81.54,81.66,80.25,81.06,8639835
2023-11-01 00:00:00+05:30,81.21,84.91,80.94,83.73,31302555
2023-11-02 00:00:00+05:30,83.88,86.22,83.88,85.75,20629168
2023-11-03 00:00:00+05:30,86.52,88.19,86.52,87.1,26173892
2023-11-06 00:00:00+05:30,87.1,88.49,86.22,87.23,20757746
2023-11-07 00:00:00+05:30,87.23,89.4,87.23,88.97,22345785
2023-11-08 00:00:00+05:30,89.4,89.74,88.35,88.75,14222554
2023-11-09 00:00:00+05:30,88.69,89.18,87.66,88.02,10219919
2023-11-10 00:00:00+05:30,87.57,92.06,87.53,91.78,47236102
2023-11-12 00:00:00+05:30,92.12,92.62,91.22,91.7,9190274
2023-11-13 00:00:00+05:30,91.5,91.57,90.34,90.54,11250274
2023-11-15 00:00:00+05:30,90.94,91.97,88.9,89.85,17155511
2023-11-16 00:00:00+05:30,90.19,90.45,87.7,89.36,18288591
2023-11-17 00:00:00+05:30,89.07,91.29,89.07,89.63,24781195
2023-11-20 00:00:00+05:30,89.51,90.32,89.08,89.65,11274946
2023-11-21 00:00:00+05:30,90.39,90.77,89.65,89.93,10737859
2023-11-22 00:00:00+05:30,89.81,89.87,87.55,88.45,14516718
2023-11-23 00:00:00+05:30,88.52,88.82,87.29,87.62,10628938
2023-11-24 00:00:00+05:30,87.85,88.13,86.48,86.89,10330964
2023-11-28 00:00:00+05:30,87.94,87.94,86.78,87.72,19958712
2023-11-29 00:00:00+05:30,88.09,88.58,86.69,87.36,20773763
2023-11-30 00:00:00+05:30,87.53,87.91,86.35,87.33,50868393
2023-12-01 00:00:00+05:30,87.87,90.56,87.4,89.59,26234879
2023-12-04 00:00:00+05:30,91.5,91.5,89.63,90.52,33543876
2023-12-05 00:00:00+05:30,90.64,92.36,89.44,90.71,26736148
2023-12-06 00:00:00+05:30,91.31,94.38,90.11,93.35,46576893
2023-12-07 00:00:00+05:30,93.91,94.02,91.85,93.13,18537500
2023-12-08 00:00:00+05:30,93.46,95.05,90.38,91.61,35339269
2023-12-11 00:00:00+05:30,92.49,93.46,91.42,93.01,14286153
2023-12-12 00:00:00+05:30,93.18,94.06,91.93,92.3,15165649
2023-12-13 00:00:00+05:30,92.51,95.73,91.18,94.81,41571821
2023-12-14 00:00:00+05:30,95.73,96.55,93.11,95.3,48824670
2023-12-15 00:00:00+05:30,96.76,97.24,95.67,96.25,46057563
2023-12-18 00:00:00+05:30,97.3,98.61,96.14,97.56,33104693
2023-12-19 00:00:00+05:30,99.64,99.69,97.02,98.08,47465961
2023-12-20 00:00:00+05:30,98.76,98.8,93.86,94.1,40909697
2023-12-21 00:00:00+05:30,93.93,96.14,93.22,95.78,28891833
2023-12-22 00:00:00+05:30,97.11,97.8,96.44,97.2,25860237
2023-12-26 00:00:00+05:30,98.05,98.38,97.13,97.93,32929076
2023-12-27 00:00:00+05:30,94.27,95.2,93.86,94.45,28522894
2023-12-28 00:00:00+05:30,94.68,97.06,94.68,96.38,41263303
2023-12-29 00:00:00+05:30,95.8,97.11,95.09,96.76,24415340
2024-01-01 00:00:00+05:30,96.76,97.41,95.8,96.23,16975734
2024-01-02 00:00:00+05:30,96.36,97.07,94.72,96.61,15509093
2024-01-03 00:00:00+05:30,96.74,100.01,95.75,98.72,59550162
2024-01-04 00:00:00+05:30,101.04,101.28,99.3,99.6,28713093
2024-01-05 00:00:00+05:30,99.6,101.51,98.46,99.49,32942747
2024-01-08 00:00:00+05:30,99.49,100.14,96.48,96.72,21084713
2024-01-09 00:00:00+05:30,98.01,98.94,95.67,97.45,27482168
2024-01-10 00:00:00+05:30,95.67,100.37,94.29,99.94,53041439
2024-01-11 00:00:00+05:30,100.52,103.29,99.75,102.76,64421958
2024-01-12 00:00:00+05:30,102.76,102.91,101.12,101.99,26852076
2024-01-15 00:00:00+05:30,102.54,102.91,100.93,102.16,26405362
2024-01-16 00:00:00+05:30,103.66,104.05,100.8,102.24,33422115
2024-01-17 00:00:00+05:30,101.21,101.96,98.65,99.11,28458256
2024-01-18 00:00:00+05:30,99.36,100.63,96.55,100.12,26535517
2024-01-19 00:00:00+05:30,100.35,100.93,99.51,99.71,12123832
2024-01-20 00:00:00+05:30,99.82,100.2,98.93,99.11,7866312
2024-01-23 00:00:00+05:30,99.86,99.92,93.8,94.36,23355823
2024-01-24 00:00:00+05:30,95.35,98.53,94.72,98.25,17538103
2024-01-25 00:00:00+05:30,98.93,99.84,97.54,98.65,13882227
2024-01-29 00:00:00+05:30,98.7,100.72,97.49,100.22,31127085
2024-01-30 00:00:00+05:30,100.35,101.53,99.26,99.64,17692267
2024-01-31 00:00:00+05:30,99.84,103.62,99.45,102.48,25486392
2024-02-01 00:00:00+05:30,103.08,103.47,99.19,100.48,21309615
2024-02-02 00:00:00+05:30,101.12,103.59,100.57,101.99,25828048
2024-02-05 00:00:00+05:30,102.11,104.73,101.62,102.39,28377072
2024-02-06 00:00:00+05:30,102.43,106.47,100.98,105.91,30889196
2024-02-07 00:00:00+05:30,106.65,106.97,103.88,105.64,20317005
2024-02-08 00:00:00+05:30,106.28,106.84,103.51,104.26,18616771
2024-02-09 00:00:00+05:30,104.41,104.95,100.44,102.67,12365546
2024-02-12 00:00:00+05:30,103.64,105.18,99.19,100.35,16545896
2024-02-13 00:00:00+05:30,100.12,101.41,97.56,100.85,11943393
2024-02-14 00:00:00+05:30,100.67,105.76,99.0,104.65,31843631
2024-02-15 00:00:00+05:30,105.74,106.28,99.92,100.27,288872223
2024-02-16 00:00:00+05:30,100.76,101.79,99.21,99.84,43810307
2024-02-19 00:00:00+05:30,100.63,102.24,99.96,101.1,29246887
2024-02-20 00:00:00+05:30,101.38,101.86,100.33,101.1,24117815
2024-02-21 00:00:00+05:30,102.16,103.44,100.48,101.04,32945644
2024-02-22 00:00:00+05:30,101.75,102.14,99.96,101.6,17801880
2024-02-23 00:00:00+05:30,101.79,101.86,100.29,100.42,15915279
2024-02-26 00:00:00+05:30,100.65,100.65,98.81,99.26,13155652
2024-02-27 00:00:00+05:30,99.81,100.29,98.27,98.76,13449272
2024-02-28 00:00:00+05:30,100.48,101.9,97.88,98.4,46976709
2024-02-29 00:00:00+05:30,98.46,101.0,97.6,100.31,25130699
2024-03-01 00:00:00+05:30,99.21,102.13,98.65,101.71,32719817
2024-03-02 00:00:00+05:30,101.79,102.35,101.3,102.18,5498719
2024-03-04 00:00:00+05:30,102.18,104.41,102.07,103.42,27906654
2024-03-05 00:00:00+05:30,103.85,107.93,102.76,106.92,53036391
2024-03-06 00:00:00+05:30,107.22,108.24,102.91,105.7,37262214
2024-03-07 00:00:00+05:30,106.17,107.55,105.18,105.85,24410474
2024-03-11 00:00:00+05:30,105.85,105.85,102.54,103.04,16605406
2024-03-12 00:00:00+05:30,103.29,103.59,100.11,101.15,19294442
2024-03-13 00:00:00+05:30,100.48,101.23,93.37,94.27,41289327
2024-03-14 00:00:00+05:30,94.23,97.86,94.15,97.35,27618731
2024-03-15 00:00:00+05:30,97.35,99.54,95.48,99.21,47248132
2024-03-18 00:00:00+05:30,99.17,102.14,98.14,101.43,19331064
2024-03-19 00:00:00+05:30,101.04,102.82,99.39,99.79,15789657
2024-03-20 00:00:00+05:30,100.29,101.0,97.97,100.16,11813919
2024-03-21 00:00:00+05:30,101.41,102.61,101.1,102.31,14637279
2024-03-22 00:00:00+05:30,102.16,102.69,101.0,101.45,24955318
2024-03-26 00:00:00+05:30,101.71,102.09,100.05,100.5,27805063
2024-03-27 00:00:00+05:30,101.0,102.63,100.2,101.64,15896986
2024-03-28 00:00:00+05:30,101.79,102.91,101.32,101.66,17703458
2024-04-01 00:00:00+05:30,102.35,107.87,102.29,107.59,46314232
2024-04-02 00:00:00+05:30,107.38,113.0,106.97,112.75,74629678
2024-04-03 00:00:00+05:30,112.72,115.26,111.44,111.82,53353688
2024-04-04 00:00:00+05:30,114.53,116.95,112.9,115.99,66066049
2024-04-05 00:00:00+05:30,116.4,120.65,114.49,119.36,59473312
2024-04-08 00:00:00+05:30,121.21,121.75,118.67,120.99,44611914
2024-04-09 00:00:00+05:30,121.29,127.05,119.98,126.49,85740100
2024-04-10 00:00:00+05:30,129.86,138.33,129.37,135.39,202564234
2024-04-12 00:00:00+05:30,136.8,140.3,135.02,139.57,106875838
2024-04-15 00:00:00+05:30,139.96,143.68,134.81,138.67,119488196
2024-04-16 00:00:00+05:30,138.5,142.77,136.24,141.53,77117993
2024-04-18 00:00:00+05:30,144.1,147.73,143.35,145.39,95951551
2024-04-19 00:00:00+05:30,145.27,148.47,143.03,144.43,89003313
2024-04-22 00:00:00+05:30,146.75,147.13,139.74,142.58,52445465
2024-04-23 00:00:00+05:30,143.4,143.4,138.87,141.1,38572679
2024-04-24 00:00:00+05:30,140.71,144.68,140.71,143.5,29592546
2024-04-25 00:00:00+05:30,142.21,145.09,141.12,142.6,27123132
2024-04-26 00:00:00+05:30,144.79,150.79,144.45,148.4,65743470
2024-04-29 00:00:00+05:30,150.12,152.76,148.6,152.05,30004834
2024-04-30 00:00:00+05:30,153.1,153.41,148.19,148.89,31701618
2024-05-02 00:00:00+05:30,149.69,154.89,148.68,153.73,34173415
2024-05-03 00:00:00+05:30,155.3,157.17,151.34,155.55,38276894
2024-05-06 00:00:00+05:30,156.43,156.69,151.36,153.62,21667414
2024-05-07 00:00:00+05:30,153.62,153.99,146.7,148.19,23507855
2024-05-08 00:00:00+05:30,147.07,153.41,147.01,151.5,23600537
2024-05-09 00:00:00+05:30,152.23,152.83,147.07,147.69,16393899
2024-05-10 00:00:00+05:30,148.57,154.12,147.91,153.69,29598345
2024-05-13 00:00:00+05:30,154.39,155.49,148.98,154.95,29084586
2024-05-14 00:00:00+05:30,157.55,164.1,155.32,161.87,59311861
2024-05-15 00:00:00+05:30,163.91,168.03,162.69,163.69,53753285
2024-05-16 00:00:00+05:30,166.53,167.3,159.81,162.06,43171682
2024-05-17 00:00:00+05:30,163.16,166.53,161.89,165.65,35718988
2024-05-18 00:00:00+05:30,166.9,172.69,166.6,171.62,14245917
2024-05-21 00:00:00+05:30,176.26,184.83,173.27,184.01,92437052
2024-05-22 00:00:00+05:30,186.36,189.64,178.43,182.25,90675011
2024-05-23 00:00:00+05:30,179.63,179.67,172.82,176.9,69075762
2024-05-24 00:00:00+05:30,173.6,175.89,171.99,172.44,34399718
2024-05-27 00:00:00+05:30,172.85,175.32,170.96,172.03,31465361
2024-05-28 00:00:00+05:30,173.23,176.6,169.64,170.25,47914446
2024-05-29 00:00:00+05:30,169.82,173.0,168.83,169.99,30802227
2024-05-30 00:00:00+05:30,169.9,171.39,163.61,164.96,35067168
2024-05-31 00:00:00+05:30,167.2,170.59,164.66,168.4,93865714
2024-06-03 00:00:00+05:30,176.63,176.71,169.3,171.34,38670043
2024-06-04 00:00:00+05:30,171.39,171.39,137.08,156.37,82295875
2024-06-05 00:00:00+05:30,156.8,166.9,150.31,164.92,44470662
2024-06-06 00:00:00+05:30,168.78,171.39,167.02,168.36,36286009
2024-06-07 00:00:00+05:30,170.05,173.25,169.09,172.39,30151751
2024-06-10 00:00:00+05:30,170.46,170.46,165.13,166.19,37199004
2024-06-11 00:00:00+05:30,166.16,170.57,165.52,166.06,28181195
2024-06-12 00:00:00+05:30,167.37,169.77,165.63,166.25,29830521
2024-06-13 00:00:00+05:30,168.03,168.38,164.28,164.58,31107736
2024-06-14 00:00:00+05:30,165.07,169.11,164.66,167.5,25745702
2024-06-18 00:00:00+05:30,168.38,170.2,167.5,169.26,22985230
2024-06-19 00:00:00+05:30,169.36,170.5,166.92,167.82,17147449
2024-06-20 00:00:00+05:30,168.4,179.25,168.08,175.87,76238176
2024-06-21 00:00:00+05:30,176.91,177.61,173.64,175.98,47569623
2024-06-24 00:00:00+05:30,172.16,176.45,171.1,173.4,20619938
2024-06-25 00:00:00+05:30,174.09,175.34,168.78,169.92,22203514
2024-06-26 00:00:00+05:30,163.41,167.22,159.44,165.44,433458710
2024-06-27 00:00:00+05:30,165.41,166.94,162.24,165.89,55909964
2024-06-28 00:00:00+05:30,166.38,171.64,166.1,169.9,40747254
2024-07-01 00:00:00+05:30,171.02,175.46,170.74,174.01,41174124
2024-07-02 00:00:00+05:30,174.76,177.05,170.27,171.34,29530196
2024-07-03 00:00:00+05:30,172.2,174.11,171.49,173.6,19634644
2024-07-04 00:00:00+05:30,175.17,177.18,173.43,175.55,34254062
2024-07-05 00:00:00+05:30,176.04,179.48,174.76,177.33,34366067
2024-07-08 00:00:00+05:30,178.09,178.69,173.94,174.26,22919240
2024-07-09 00:00:00+05:30,174.91,175.14,173.12,174.26,14628332
2024-07-10 00:00:00+05:30,174.39,174.74,166.59,170.91,30880693
2024-07-11 00:00:00+05:30,171.02,171.39,165.28,167.54,37353248
2024-07-12 00:00:00+05:30,169.11,170.05,166.57,168.29,29497282
2024-07-15 00:00:00+05:30,169.19,173.08,167.0,171.94,27768119
2024-07-16 00:00:00+05:30,174.73,174.97,169.75,170.46,62267986
2024-07-18 00:00:00+05:30,171.75,172.33,167.65,168.92,44009799
2024-07-19 00:00:00+05:30,169.52,169.99,163.91,164.58,38887672
2024-07-22 00:00:00+05:30,165.41,168.78,163.54,167.93,47613955
2024-07-23 00:00:00+05:30,168.18,168.18,153.64,162.77,88596552
2024-07-24 00:00:00+05:30,163.46,165.03,161.23,161.93,98265651
2024-07-25 00:00:00+05:30,160.49,162.54,158.67,161.25,50428574
2024-07-26 00:00:00+05:30,164.28,167.71,162.64,166.34,76823461
2024-07-29 00:00:00+05:30,167.28,170.46,163.91,168.01,121407606
2024-07-30 00:00:00+05:30,167.2,167.71,164.73,167.35,44377838
2024-07-31 00:00:00+05:30,169.52,170.05,166.72,168.68,38018747
2024-08-01 00:00:00+05:30,171.39,172.99,165.99,167.69,52775500
2024-08-02 00:00:00+05:30,164.66,165.39,161.78,162.49,34987168
2024-08-05 00:00:00+05:30,158.67,160.34,151.28,154.65,55483546
2024-08-06 00:00:00+05:30,156.26,157.9,153.92,154.89,48085311
2024-08-07 00:00:00+05:30,159.23,162.58,156.61,161.78,40877705
2024-08-08 00:00:00+05:30,160.94,161.48,157.57,158.03,24866721
2024-08-09 00:00:00+05:30,160.95,161.76,158.5,160.49,22349267
2024-08-12 00:00:00+05:30,159.48,163.16,158.95,161.7,21854638
2024-08-13 00:00:00+05:30,162.11,162.41,157.64,158.05,22774586
2024-08-14 00:00:00+05:30,159.05,160.36,151.64,157.25,50543013
2024-08-16 00:00:00+05:30,159.42,161.23,157.75,160.56,26228979
2024-08-19 00:00:00+05:30,161.1,166.31,160.64,165.69,29188315
2024-08-20 00:00:00+05:30,166.34,167.6,164.71,167.15,23750156
2024-08-21 00:00:00+05:30,168.25,171.73,167.52,170.38,36367102
2024-08-22 00:00:00+05:30,172.14,172.74,170.16,171.97,23687490
2024-08-23 00:00:00+05:30,172.12,172.22,167.78,168.14,18461316
2024-08-26 00:00:00+05:30,169.52,174.37,169.15,173.3,29777318
2024-08-27 00:00:00+05:30,173.27,175.32,172.46,173.6,29144967
2024-08-28 00:00:00+05:30,175.1,175.6,173.49,174.41,24791675
2024-08-29 00:00:00+05:30,175.96,176.24,171.79,173.42,33693636
2024-08-30 00:00:00+05:30,174.26,177.08,173.83,175.31,37482315
2024-09-02 00:00:00+05:30,176.9,177.25,172.52,173.36,31889513
2024-09-03 00:00:00+05:30,177.01,177.1,172.93,173.85,62313512
2024-09-04 00:00:00+05:30,172.31,173.25,170.27,171.9,41499338
2024-09-05 00:00:00+05:30,173.45,175.68,172.95,174.65,32715589
2024-09-06 00:00:00+05:30,175.1,176.02,171.1,172.07,47651689
2024-09-09 00:00:00+05:30,172.5,172.67,168.98,172.24,37524180
2024-09-10 00:00:00+05:30,164.58,166.16,163.52,164.66,35252578
2024-09-11 00:00:00+05:30,164.66,164.83,158.88,159.34,35791973
2024-09-12 00:00:00+05:30,160.94,165.99,160.47,165.29,34807716
2024-09-13 00:00:00+05:30,166.49,170.8,166.34,169.92,42513296
2024-09-16 00:00:00+05:30,171.39,176.26,166.31,167.02,92432769
2024-09-17 00:00:00+05:30,168.66,169.99,167.3,168.33,31115042
2024-09-18 00:00:00+05:30,168.7,168.78,166.77,167.76,13844418
2024-09-19 00:00:00+05:30,168.78,169.64,163.54,168.31,20783506
2024-09-20 00:00:00+05:30,169.15,171.56,167.9,168.38,46094880
2024-09-23 00:00:00+05:30,169.52,170.74,168.42,169.56,13834857
2024-09-24 00:00:00+05:30,170.76,177.2,170.65,175.96,75939107
2024-09-25 00:00:00+05:30,178.88,181.87,177.31,179.57,65457203
2024-09-26 00:00:00+05:30,181.33,188.95,178.51,187.77,114852290
2024-09-27 00:00:00+05:30,189.36,193.06,189.36,191.98,65338363
2024-09-30 00:00:00+05:30,194.11,195.96,190.29,191.79,50168075
2024-10-01 00:00:00+05:30,190.97,195.1,189.41,193.16,37602264
2024-10-03 00:00:00+05:30,191.98,194.78,190.48,191.51,35155112
2024-10-04 00:00:00+05:30,192.35,193.08,187.54,190.37,32302006
2024-10-07 00:00:00+05:30,191.94,192.28,183.88,187.22,42090200
2024-10-08 00:00:00+05:30,187.22,188.5,181.35,186.16,35128551
2024-10-09 00:00:00+05:30,186.74,188.05,183.05,185.71,30580603
2024-10-10 00:00:00+05:30,182.62,186.89,182.45,184.31,25689353
2024-10-11 00:00:00+05:30,185.65,188.42,185.02,186.18,22141971
2024-10-14 00:00:00+05:30,187.11,189.75,184.96,186.79,19409261
2024-10-15 00:00:00+05:30,187.11,187.47,182.02,183.31,19810253
2024-10-16 00:00:00+05:30,183.39,185.8,181.82,182.14,21348423
2024-10-17 00:00:00+05:30,183.05,184.34,176.32,176.69,32372071
2024-10-18 00:00:00+05:30,176.88,180.99,173.64,179.95,27616403
2024-10-21 00:00:00+05:30,181.31,183.18,177.38,177.76,14877416
2024-10-22 00:00:00+05:30,178.13,179.12,171.6,172.42,20859099
2024-10-23 00:00:00+05:30,172.14,176.18,169.94,173.27,26269364
2024-10-24 00:00:00+05:30,173.27,176.75,170.74,175.53,19424618
2024-10-25 00:00:00+05:30,176.52,176.73,168.05,170.42,31159045
2024-10-28 00:00:00+05:30,171.39,176.54,170.42,175.57,17735813
2024-10-29 00:00:00+05:30,175.89,177.34,171.75,176.75,17048375
2024-10-30 00:00:00+05:30,176.2,177.55,174.78,175.32,15775730
2024-10-31 00:00:00+05:30,175.14,175.81,172.14,173.66,17679985
2024-11-01 00:00:00+05:30,174.01,175.51,174.01,174.89,2658846
2024-11-04 00:00:00+05:30,175.44,175.47,169.41,171.69,13443004
2024-11-05 00:00:00+05:30,171.77,176.37,171.13,175.81,15109669
2024-11-06 00:00:00+05:30,176.86,178.3,172.63,177.38,23091407
2024-11-07 00:00:00+05:30,177.38,177.76,168.92,171.36,43342988
2024-11-08 00:00:00+05:30,172.52,175.06,169.65,171.36,35122715
2024-11-11 00:00:00+05:30,172.33,172.85,169.56,170.72,19430521
2024-11-12 00:00:00+05:30,170.72,171.71,165.8,166.44,22505128
2024-11-13 00:00:00+05:30,166.16,166.68,161.78,162.69,21273145
2024-11-14 00:00:00+05:30,162.79,164.62,161.01,162.19,18780656
2024-11-18 00:00:00+05:30,166.29,171.92,164.3,167.47,35769706
2024-11-19 00:00:00+05:30,168.03,168.96,165.09,165.99,15847692
2024-11-21 00:00:00+05:30,165.41,166.81,163.55,165.71,17328995
2024-11-22 00:00:00+05:30,166.06,167.56,165.15,166.66,18328684
2024-11-25 00:00:00+05:30,169.15,169.82,165.69,166.08,33762392
2024-11-26 00:00:00+05:30,166.53,169.6,165.8,167.8,17324303
2024-11-27 00:00:00+05:30,168.92,168.98,166.23,166.83,16354655
2024-11-28 00:00:00+05:30,169.15,170.78,167.99,169.09,28842143
2024-11-29 00:00:00+05:30,169.3,171.32,168.05,169.71,18242057
2024-12-02 00:00:00+05:30,169.71,172.59,169.52,172.35,15256001
2024-12-03 00:00:00+05:30,173.83,175.62,172.52,175.27,14251617
2024-12-04 00:00:00+05:30,175.87,176.6,173.68,175.29,13310059
2024-12-05 00:00:00+05:30,175.85,177.53,174.78,176.82,19420695
2024-12-06 00:00:00+05:30,177.76,189.19,176.93,187.64,69016471
2024-12-09 00:00:00+05:30,187.09,187.75,182.92,186.01,30795642
2024-12-10 00:00:00+05:30,186.53,188.95,184.64,187.21,27567221
2024-12-11 00:00:00+05:30,186.74,196.47,186.55,192.48,86632284
2024-12-12 00:00:00+05:30,194.22,197.07,193.1,195.35,54174249
2024-12-13 00:00:00+05:30,194.78,195.05,189.62,194.41,28534411
2024-12-16 00:00:00+05:30,195.35,197.2,190.85,192.15,36933203
2024-12-17 00:00:00+05:30,192.15,192.73,186.87,188.31,33967480
2024-12-18 00:00:00+05:30,188.23,190.05,185.33,185.9,17494810
2024-12-19 00:00:00+05:30,180.47,184.68,178.34,184.23,25385950
2024-12-20 00:00:00+05:30,184.21,185.05,177.76,178.6,36841427
2024-12-23 00:00:00+05:30,179.8,181.31,175.32,177.08,25989443
2024-12-24 00:00:00+05:30,174.28,174.69,171.21,172.93,23895718
2024-12-26 00:00:00+05:30,173.19,173.94,169.86,172.31,14300425
2024-12-27 00:00:00+05:30,172.55,173.3,168.48,168.81,11992248
2024-12-30 00:00:00+05:30,168.83,169.49,163.63,164.53,48557734
2024-12-31 00:00:00+05:30,164.28,167.09,163.93,166.32,18998299
2025-01-01 00:00:00+05:30,166.44,167.45,164.21,166.32,14438198
2025-01-02 00:00:00+05:30,166.36,169.09,165.5,168.31,20587481
2025-01-03 00:00:00+05:30,168.59,174.2,168.06,171.49,23554840
2025-01-06 00:00:00+05:30,172.07,172.07,165.03,165.52,20002634
2025-01-07 00:00:00+05:30,165.78,170.08,165.78,167.75,15684335
2025-01-08 00:00:00+05:30,167.75,168.2,165.03,167.05,13236285
2025-01-09 00:00:00+05:30,167.28,167.67,163.57,164.25,13015565
2025-01-10 00:00:00+05:30,164.25,164.57,159.57,161.72,16702823
2025-01-13 00:00:00+05:30,160.24,160.47,154.18,154.82,22626100
2025-01-14 00:00:00+05:30,154.82,162.24,154.4,161.14,23322199
2025-01-15 00:00:00+05:30,162.81,165.59,161.08,162.88,12812620
2025-01-16 00:00:00+05:30,164.28,169.45,163.91,168.34,17747033
2025-01-17 00:00:00+05:30,169.15,171.49,167.67,169.92,14948464
2025-01-20 00:00:00+05:30,170.89,173.79,168.98,172.5,12844528
2025-01-21 00:00:00+05:30,174.01,175.06,169.52,169.86,19651270
2025-01-22 00:00:00+05:30,170.44,170.59,164.25,168.96,17473117
2025-01-23 00:00:00+05:30,168.78,169.24,165.59,167.09,15154391
2025-01-24 00:00:00+05:30,166.9,169.71,164.83,165.41,12716276
2025-01-27 00:00:00+05:30,164.47,164.57,157.77,158.63,16874503
2025-01-28 00:00:00+05:30,159.03,161.98,155.12,159.18,21591582
2025-01-29 00:00:00+05:30,160.36,161.8,158.78,161.14,12483224
2025-01-30 00:00:00+05:30,161.66,163.76,160.17,161.83,12734720
2025-01-31 00:00:00+05:30,162.73,166.08,159.76,165.18,30135178
2025-02-01 00:00:00+05:30,166.51,167.15,161.46,164.62,18001271
2025-02-03 00:00:00+05:30,163.16,163.16,153.43,157.81,48841264
2025-02-04 00:00:00+05:30,160.43,165.78,160.43,163.8,26546363
2025-02-05 00:00:00+05:30,164.27,167.6,163.8,166.32,19177686
2025-02-06 00:00:00+05:30,166.57,168.49,165.52,166.06,14630454
2025-02-07 00:00:00+05:30,166.06,170.98,165.29,170.57,22929913
2025-02-10 00:00:00+05:30,169.9,169.9,162.26,163.09,27288712
2025-02-11 00:00:00+05:30,158.24,162.99,157.29,157.72,20651203
2025-02-12 00:00:00+05:30,157.72,159.68,154.27,157.89,23698617
2025-02-13 00:00:00+05:30,159.05,161.59,157.57,158.88,14044282
2025-02-14 00:00:00+05:30,160.84,161.66,152.85,154.69,27271602
2025-02-17 00:00:00+05:30,154.69,155.64,150.21,155.36,24988573
2025-02-18 00:00:00+05:30,156.76,157.17,151.56,156.5,24977302
2025-02-19 00:00:00+05:30,155.71,159.94,154.93,158.48,25089735
2025-02-20 00:00:00+05:30,158.26,162.97,157.94,162.23,27304523
2025-02-21 00:00:00+05:30,162.88,165.5,161.89,163.99,31683062
2025-02-24 00:00:00+05:30,162.79,163.05,156.82,158.24,17332141
2025-02-25 00:00:00+05:30,158.26,158.56,152.07,153.15,44138270
2025-02-27 00:00:00+05:30,153.06,154.37,149.93,151.39,26189369
2025-02-28 00:00:00+05:30,149.69,150.03,146.83,147.73,36432023
2025-03-03 00:00:00+05:30,149.67,153.9,145.65,153.11,29382517
2025-03-04 00:00:00+05:30,150.12,153.17,147.74,152.22,18929289
2025-03-05 00:00:00+05:30,150.03,161.07,150.03,160.52,38264447
2025-03-06 00:00:00+05:30,162.41,167.22,161.38,165.76,34743546
2025-03-07 00:00:00+05:30,165.73,168.44,165.26,166.7,21003561
2025-03-10 00:00:00+05:30,166.7,169.07,163.22,163.69,17191647
2025-03-11 00:00:00+05:30,160.36,165.86,159.42,165.24,16800144
2025-03-13 00:00:00+05:30,167.62,168.4,165.41,165.76,13507163
2025-03-17 00:00:00+05:30,166.16,168.79,165.84,167.26,13000229
2025-03-18 00:00:00+05:30,168.76,172.44,168.05,172.14,21482677
2025-03-19 00:00:00+05:30,173.9,174.15,171.88,172.35,15308737
2025-03-20 00:00:00+05:30,174.01,177.83,172.22,176.17,27710967
2025-03-21 00:00:00+05:30,176.41,177.06,172.89,174.88,32586619
2025-03-24 00:00:00+05:30,175.51,178.15,174.26,176.73,18999792
2025-03-25 00:00:00+05:30,177.36,177.36,172.18,172.82,18661167
2025-03-26 00:00:00+05:30,173.79,177.16,173.3,173.7,24746628
2025-03-27 00:00:00+05:30,173.53,177.66,172.78,176.76,20270014
2025-03-28 00:00:00+05:30,176.97,177.91,172.89,173.42,18614842
2025-04-01 00:00:00+05:30,171.39,174.28,170.12,171.17,11719623
2025-04-02 00:00:00+05:30,169.9,171.94,168.31,171.26,10969004
2025-04-03 00:00:00+05:30,171.21,171.26,163.95,164.47,34792263
2025-04-04 00:00:00+05:30,163.42,163.52,148.94,150.23,86266675
2025-04-07 00:00:00+05:30,138.44,142.65,135.84,139.98,70965650
2025-04-08 00:00:00+05:30,144.99,146.25,137.77,140.75,45764680
2025-04-09 00:00:00+05:30,140.71,141.25,137.94,138.67,37365024
2025-04-11 00:00:00+05:30,144.08,145.5,141.48,142.26,34602773
2025-04-15 00:00:00+05:30,145.93,148.83,143.72,148.12,28104033
2025-04-16 00:00:00+05:30,148.94,150.44,146.36,149.2,26025665
2025-04-17 00:00:00+05:30,149.03,151.09,147.13,149.71,21944827
2025-04-21 00:00:00+05:30,151.19,154.52,149.71,154.16,21372216
2025-04-22 00:00:00+05:30,154.93,156.54,154.29,154.57,19585270
2025-04-23 00:00:00+05:30,155.68,157.06,153.66,156.5,23228905
2025-04-24 00:00:00+05:30,156.5,161.29,155.86,157.27,36288414
2025-04-25 00:00:00+05:30,158.24,159.34,153.24,154.67,29943721
2025-04-28 00:00:00+05:30,154.93,156.29,153.04,155.71,18344434
2025-04-29 00:00:00+05:30,156.43,157.7,155.08,155.79,18850863
2025-04-30 00:00:00+05:30,156.54,158.39,154.8,156.87,36094631
2025-05-02 00:00:00+05:30,157.55,158.26,154.55,155.34,42992447
2025-05-05 00:00:00+05:30,155.55,157.34,155.3,156.99,19909995
2025-05-06 00:00:00+05:30,157.17,158.9,153.17,153.79,21226542
2025-05-07 00:00:00+05:30,150.72,156.43,150.44,155.68,23531854
2025-05-08 00:00:00+05:30,155.3,156.39,151.58,152.35,27642395
2025-05-09 00:00:00+05:30,150.06,152.96,149.17,152.65,19028657
2025-05-12 00:00:00+05:30,157.16,164.0,156.37,163.18,44943378
2025-05-13 00:00:00+05:30,163.16,164.77,161.87,162.94,20859572
2025-05-14 00:00:00+05:30,164.1,167.32,163.05,165.67,30424077
2025-05-15 00:00:00+05:30,166.42,167.8,164.79,166.08,18994723
2025-05-16 00:00:00+05:30,166.08,166.42,164.55,165.11,14765630
2025-05-19 00:00:00+05:30,165.41,167.24,164.9,165.43,12578129
2025-05-20 00:00:00+05:30,167.47,168.25,162.41,162.92,16570443
2025-05-21 00:00:00+05:30,163.27,164.34,161.55,163.82,14191784
2025-05-22 00:00:00+05:30,164.28,164.47,161.48,162.83,14710692
2025-05-23 00:00:00+05:30,162.94,165.63,162.1,164.68,12578995
2025-05-26 00:00:00+05:30,166.17,167.43,165.5,166.74,11764292
2025-05-27 00:00:00+05:30,166.9,169.28,166.12,167.65,18751489
2025-05-28 00:00:00+05:30,167.91,168.2,166.16,167.22,14426387
2025-05-29 00:00:00+05:30,168.4,171.21,166.53,169.02,22817865
2025-05-30 00:00:00+05:30,169.49,169.52,162.79,162.99,36748400
2025-06-02 00:00:00+05:30,162.34,162.77,159.38,161.81,24071501
2025-06-03 00:00:00+05:30,163.16,164.77,161.48,162.41,17511816
2025-06-04 00:00:00+05:30,162.41,164.04,161.07,163.48,12685982
2025-06-05 00:00:00+05:30,163.91,165.54,162.23,164.34,15704513
2025-06-06 00:00:00+05:30,164.96,168.21,164.13,167.67,27992875
2025-06-09 00:00:00+05:30,169.34,172.67,168.81,171.36,24003191
2025-06-10 00:00:00+05:30,172.11,175.02,171.81,172.72,21474404
2025-06-11 00:00:00+05:30,173.83,177.05,172.95,175.62,41781564
2025-06-12 00:00:00+05:30,176.07,176.58,171.39,172.33,20199709
2025-06-13 00:00:00+05:30,168.55,173.51,167.13,171.43,17813349
2025-06-16 00:00:00+05:30,173.64,174.76,170.91,173.6,22069499
2025-06-17 00:00:00+05:30,173.64,174.33,171.32,171.75,15023034
2025-06-18 00:00:00+05:30,173.64,175.04,169.65,170.83,42361751
2025-06-19 00:00:00+05:30,170.83,171.15,163.46,164.47,33534478
2025-06-20 00:00:00+05:30,164.08,168.21,163.8,167.32,30712270
2025-06-23 00:00:00+05:30,166.16,168.94,165.43,168.34,19535345
2025-06-24 00:00:00+05:30,168.03,169.09,166.34,166.83,16969593
2025-06-25 00:00:00+05:30,167.63,167.63,164.47,165.39,16914912
2025-06-26 00:00:00+05:30,165.78,171.02,165.09,170.46,27823137
2025-06-27 00:00:00+05:30,171.94,176.26,171.77,173.55,63534531
2025-06-30 00:00:00+05:30,174.41,175.1,170.98,172.46,17279854
2025-07-01 00:00:00+05:30,172.89,175.98,170.78,174.35,30610818
2025-07-02 00:00:00+05:30,174.82,177.76,173.21,175.68,31749597
2025-07-03 00:00:00+05:30,175.14,176.76,171.04,171.51,46145742
2025-07-04 00:00:00+05:30,172.52,173.51,170.31,171.79,11909825
2025-07-07 00:00:00+05:30,171.77,172.01,169.52,169.97,12020672
2025-07-08 00:00:00+05:30,169.86,171.47,169.22,170.76,11001332
2025-07-09 00:00:00+05:30,172.52,172.7,157.42,164.94,103715382
2025-07-10 00:00:00+05:30,164.13,165.69,162.11,164.36,35478418
2025-07-11 00:00:00+05:30,163.91,167.0,163.37,165.69,23359898
2025-07-14 00:00:00+05:30,164.88,168.57,164.4,167.73,14994693
2025-07-15 00:00:00+05:30,168.4,168.87,166.57,168.4,14453395
2025-07-16 00:00:00+05:30,168.4,168.57,166.38,167.45,9497590
2025-07-17 00:00:00+05:30,167.45,168.33,165.95,166.29,7251408
2025-07-18 00:00:00+05:30,166.29,167.95,165.99,166.83,9138153
2025-07-21 00:00:00+05:30,169.0,170.83,167.9,169.84,17108956
2025-07-22 00:00:00+05:30,169.82,170.91,168.44,168.63,7673524
2025-07-23 00:00:00+05:30,168.72,171.06,168.59,170.52,8149351
2025-07-24 00:00:00+05:30,170.27,171.15,167.71,168.91,12949848
2025-07-25 00:00:00+05:30,168.4,168.74,165.61,165.99,6630241
2025-07-28 00:00:00+05:30,165.97,166.04,162.69,163.89,10254606
2025-07-29 00:00:00+05:30,163.55,165.22,162.19,164.47,8110022
2025-07-30 00:00:00+05:30,164.85,164.92,162.26,162.64,7871852
2025-07-31 00:00:00+05:30,160.54,162.56,158.67,159.29,20741916
2025-08-01 00:00:00+05:30,159.08,161.29,158.05,158.84,11466401
2025-08-04 00:00:00+05:30,158.82,162.17,158.0,161.46,9714417
2025-08-05 00:00:00+05:30,161.81,164.32,161.18,164.08,15239979
2025-08-06 00:00:00+05:30,164.62,165.61,163.7,164.86,10801097
2025-08-07 00:00:00+05:30,163.72,164.53,160.92,163.84,10964330
2025-08-08 00:00:00+05:30,163.84,164.62,161.07,161.46,6403869
2025-08-11 00:00:00+05:30,161.66,162.69,159.66,160.95,13758023
2025-08-12 00:00:00+05:30,160.92,163.61,160.56,162.13,13134881
2025-08-13 00:00:00+05:30,163.09,166.64,162.83,164.19,15833612
2025-08-14 00:00:00+05:30,164.43,164.55,160.21,160.99,15014967
2025-08-18 00:00:00+05:30,164.66,164.66,162.08,163.99,12557687
2025-08-19 00:00:00+05:30,165.41,168.78,164.71,168.48,32067232
2025-08-20 00:00:00+05:30,168.78,169.45,163.84,166.72,52844311
2025-08-21 00:00:00+05:30,166.77,168.03,165.84,167.24,21654940
2025-08-22 00:00:00+05:30,169.02,169.15,166.04,166.25,44673040
2025-08-25 00:00:00+05:30,167.24,168.96,166.17,168.51,36189668
2025-08-26 00:00:00+05:30,162.79,162.94,159.42,160.24,28501487
2025-08-28 00:00:00+05:30,160.24,160.84,157.59,158.86,18587398
2025-08-29 00:00:00+05:30,158.86,160.37,157.17,157.42,20610363
2025-09-01 00:00:00+05:30,158.22,162.75,158.22,161.29,20890452
2025-09-02 00:00:00+05:30,161.66,162.92,158.45,161.52,17157304
2025-09-03 00:00:00+05:30,162.13,165.29,161.89,164.45,26862473
2025-09-04 00:00:00+05:30,166.9,166.9,162.77,163.05,20323976
2025-09-05 00:00:00+05:30,163.16,167.2,163.01,166.72,22119907
2025-09-08 00:00:00+05:30,165.03,165.39,162.17,162.56,31761226
2025-09-09 00:00:00+05:30,162.79,163.87,161.65,161.96,17048549
2025-09-10 00:00:00+05:30,162.79,163.72,161.66,162.3,14741783
2025-09-11 00:00:00+05:30,162.43,164.58,162.02,163.8,18610710
2025-09-12 00:00:00+05:30,164.66,170.27,164.32,168.74,42324682
2025-09-15 00:00:00+05:30,170.29,173.19,169.43,170.05,37420066
2025-09-16 00:00:00+05:30,171.02,173.42,170.27,172.63,25855550
2025-09-17 00:00:00+05:30,174.01,176.26,166.16,170.7,73776698
2025-09-18 00:00:00+05:30,170.7,171.75,169.37,170.52,20687587
2025-09-19 00:00:00+05:30,171.39,171.58,169.21,170.5,27910994
2025-09-22 00:00:00+05:30,170.27,173.12,170.14,171.56,18367877
2025-09-23 00:00:00+05:30,171.56,172.11,169.24,171.1,17380660
2025-09-24 00:00:00+05:30,171.0,171.77,167.28,167.82,22419959
2025-09-25 00:00:00+05:30,168.78,173.64,168.21,172.76,33593645
2025-09-26 00:00:00+05:30,172.99,173.57,166.57,167.63,27448608
2025-09-29 00:00:00+05:30,168.78,171.23,167.52,169.24,31285961
2025-09-30 00:00:00+05:30,171.17,175.21,169.9,174.31,44136900
2025-10-01 00:00:00+05:30,175.34,175.83,171.58,173.96,20788930
2025-10-03 00:00:00+05:30,173.96,179.59,173.83,176.24,57197868
2025-10-06 00:00:00+05:30,177.74,178.88,174.8,176.18,24164301
2025-10-07 00:00:00+05:30,177.76,178.32,175.98,176.58,15851059
2025-10-08 00:00:00+05:30,176.6,178.86,174.24,176.9,27146666
2025-10-09 00:00:00+05:30,177.01,181.5,174.89,181.2,43292404
2025-10-10 00:00:00+05:30,180.75,181.5,177.29,180.45,34984306
2025-10-13 00:00:00+05:30,179.44,179.87,177.63,179.37,22212707
2025-10-14 00:00:00+05:30,181.07,183.03,177.68,179.65,37895888
2025-10-15 00:00:00+05:30,179.65,181.31,178.21,180.77,20227211
2025-10-16 00:00:00+05:30,181.5,181.5,177.76,179.29,13627489
2025-10-17 00:00:00+05:30,178.88,180.04,174.97,177.4,15541520
2025-10-20 00:00:00+05:30,178.13,179.07,176.65,177.34,10717540
2025-10-21 00:00:00+05:30,178.69,178.86,177.57,178.0,2248720
2025-10-23 00:00:00+05:30,178.54,181.44,177.63,180.84,29913845
2025-10-24 00:00:00+05:30,183.37,187.51,182.34,185.47,68804436
2025-10-27 00:00:00+05:30,187.49,189.34,186.08,189.08,36371350
2025-10-28 00:00:00+05:30,189.34,190.76,186.98,188.03,29076473
2025-10-29 00:00:00+05:30,188.63,196.24,188.63,193.17,67094699
2025-10-30 00:00:00+05:30,191.98,192.69,188.31,189.71,19879604
2025-10-31 00:00:00+05:30,189.71,189.88,183.82,184.7,35367007
2025-11-03 00:00:00+05:30,187.86,192.54,187.26,191.98,44070394
2025-11-04 00:00:00+05:30,191.23,193.7,189.02,190.16,24092068
2025-11-06 00:00:00+05:30,190.85,192.5,188.09,188.96,19336053
2025-11-07 00:00:00+05:30,187.49,193.57,186.18,192.74,24661807
2025-11-10 00:00:00+05:30,194.97,197.07,193.94,194.45,25034936
2025-11-11 00:00:00+05:30,194.63,196.43,192.93,196.04,18325200
2025-11-12 00:00:00+05:30,196.47,197.91,193.85,194.82,21425390
2025-11-13 00:00:00+05:30,197.22,200.4,196.17,198.19,38703352
2025-11-14 00:00:00+05:30,197.59,198.83,195.16,196.6,18119743
2025-11-17 00:00:00+05:30,197.2,197.59,194.35,194.9,12226006
2025-11-18 00:00:00+05:30,195.21,195.27,190.2,191.12,21163711
2025-11-19 00:00:00+05:30,190.48,192.65,189.94,191.53,10714280
2025-11-20 00:00:00+05:30,193.1,194.22,190.54,190.76,15328653
2025-11-21 00:00:00+05:30,190.85,191.23,185.07,185.76,21440053
2025-11-24 00:00:00+05:30,186.42,188.42,184.79,185.3,27714416
2025-11-25 00:00:00+05:30,185.47,189.68,185.47,188.85,20464446
2025-11-26 00:00:00+05:30,190.07,193.47,189.39,193.21,20782902
2025-11-27 00:00:00+05:30,194.11,196.0,193.6,194.26,15975594
2025-11-28 00:00:00+05:30,194.37,198.64,194.09,196.84,26695595
2025-12-01 00:00:00+05:30,200.21,201.2,198.34,199.57,27468810
2025-12-02 00:00:00+05:30,198.66,202.04,198.38,201.48,25361475
2025-12-03 00:00:00+05:30,202.46,202.47,197.87,199.39,24538295
2025-12-04 00:00:00+05:30,200.1,203.2,197.68,198.21,39377039
2025-12-05 00:00:00+05:30,197.91,198.88,193.77,196.28,39570578
2025-12-08 00:00:00+05:30,196.21,197.33,190.56,191.32,20305314
2025-12-09 00:00:00+05:30,190.82,193.7,187.99,193.16,20294761
2025-12-10 00:00:00+05:30,194.32,198.62,193.16,196.17,39315440
2025-12-11 00:00:00+05:30,197.59,200.02,196.51,197.98,29729216
2025-12-12 00:00:00+05:30,200.21,204.53,200.21,203.43,49780591
2025-12-15 00:00:00+05:30,202.44,206.5,201.84,205.6,37116558
2025-12-16 00:00:00+05:30,205.07,214.39,204.03,213.12,90885155
2025-12-17 00:00:00+05:30,217.05,217.22,211.85,213.23,81086630
2025-12-18 00:00:00+05:30,213.2,218.17,211.06,216.73,39460267
2025-12-19 00:00:00+05:30,217.8,218.32,213.87,217.65,44767348
2025-12-22 00:00:00+05:30,220.79,222.48,217.61,219.16,43292385
2025-12-23 00:00:00+05:30,219.3,221.09,218.77,219.45,21221037
2025-12-24 00:00:00+05:30,220.77,224.46,219.74,223.84,41918592
2025-12-26 00:00:00+05:30,225.92,227.49,223.39,224.89,32385624
2025-12-29 00:00:00+05:30,227.9,230.52,220.94,221.95,68302844
2025-12-30 00:00:00+05:30,222.2,227.15,221.22,226.61,37622287
2025-12-31 00:00:00+05:30,228.28,228.3,224.29,226.18,23849922
2026-01-01 00:00:00+05:30,225.66,227.12,223.67,225.53,11358252
2026-01-02 00:00:00+05:30,226.11,231.44,225.88,230.88,24731733
2026-01-05 00:00:00+05:30,232.21,233.7,228.16,230.39,22275706
2026-01-06 00:00:00+05:30,231.35,234.98,231.27,232.67,28913972
2026-01-07 00:00:00+05:30,234.25,235.72,231.38,232.84,27210556
2026-01-08 00:00:00+05:30,231.64,231.68,222.66,225.84,48104989
2026-01-09 00:00:00+05:30,225.66,230.26,225.41,228.22,28964586
2026-01-12 00:00:00+05:30,231.96,235.27,230.07,234.77,36251783
2026-01-13 00:00:00+05:30,236.17,240.44,235.42,238.46,47443009
2026-01-14 00:00:00+05:30,242.12,254.27,240.31,252.88,122279051
2026-01-16 00:00:00+05:30,252.88,256.72,248.62,255.48,74136664
2026-01-19 00:00:00+05:30,256.33,257.47,252.04,252.53,44756151
2026-01-20 00:00:00+05:30,252.98,256.91,250.41,251.4,48569414
2026-01-21 00:00:00+05:30,251.4,253.69,246.61,253.22,44114833
2026-01-22 00:00:00+05:30,254.47,259.71,248.78,253.97,51609464
2026-01-23 00:00:00+05:30,256.34,261.58,255.02,256.03,57279351
2026-01-27 00:00:00+05:30,260.87,264.71,259.92,264.0,49882872
2026-01-28 00:00:00+05:30,266.11,277.66,265.74,275.84,71201754
2026-01-29 00:00:00+05:30,278.89,288.08,278.05,286.79,80942011
2026-01-30 00:00:00+05:30,282.54,282.54,252.64,255.05,145977489
2026-02-01 00:00:00+05:30,237.63,252.19,229.55,245.17,126492520
2026-02-02 00:00:00+05:30,244.5,252.43,239.15,247.23,95525061
2026-02-03 00:00:00+05:30,260.09,261.96,244.57,252.84,56448101
2026-02-04 00:00:00+05:30,254.47,259.69,253.57,257.39,35591099
2026-02-05 00:00:00+05:30,247.01,248.97,241.08,245.19,48724877
2026-02-06 00:00:00+05:30,240.63,251.98,239.6,251.12,45070283
2026-02-09 00:00:00+05:30,255.22,256.76,251.07,254.38,29137867
2026-02-10 00:00:00+05:30,256.72,259.24,253.72,258.27,28339194
2026-02-11 00:00:00+05:30,260.09,263.83,258.03,262.39,29785291
2026-02-12 00:00:00+05:30,262.39,265.33,261.21,262.99,23342425
2026-02-13 00:00:00+05:30,256.34,256.34,247.94,252.1,42402422
2026-02-16 00:00:00+05:30,250.36,255.02,248.95,254.4,17068026
2026-02-17 00:00:00+05:30,254.4,254.47,247.1,250.06,26909506
2026-02-18 00:00:00+05:30,250.73,254.04,250.09,253.72,21117089
2026-02-19 00:00:00+05:30,255.76,257.77,252.13,253.03,21680753
2026-02-20 00:00:00+05:30,252.86,255.76,251.68,255.39,18362717
2026-02-23 00:00:00+05:30,260.09,260.37,250.84,254.94,28758993
2026-02-24 00:00:00+05:30,253.91,261.55,252.98,260.12,28674252
2026-02-25 00:00:00+05:30,264.35,274.06,264.35,272.36,63241527
2026-02-26 00:00:00+05:30,274.33,276.31,271.39,275.97,36937604
2026-02-27 00:00:00+05:30,274.98,274.98,267.57,268.84,33519618
2026-03-02 00:00:00+05:30,260.09,273.56,260.09,270.7,35456683
2026-03-04 00:00:00+05:30,265.74,268.97,258.93,262.33,39200207
2026-03-05 00:00:00+05:30,264.37,276.14,264.2,266.17,59036259
2026-03-06 00:00:00+05:30,266.49,272.92,262.59,269.82,35991137
2026-03-09 00:00:00+05:30,265.34,266.92,261.21,265.47,27003779
2026-03-10 00:00:00+05:30,269.44,270.92,263.12,270.19,39950620
2026-03-11 00:00:00+05:30,272.29,278.24,267.57,270.02,42503925
2026-03-12 00:00:00+05:30,273.28,273.3,263.66,269.29,27204308
2026-03-13 00:00:00+05:30,267.38,267.76,256.14,258.05,41196674
2026-03-16 00:00:00+05:30,257.47,261.02,253.44,256.57,29694218
2026-03-17 00:00:00+05:30,258.1,262.84,253.87,261.71,25616336
2026-03-18 00:00:00+05:30,261.96,261.96,252.41,254.1,30002715
2026-03-19 00:00:00+05:30,249.61,257.73,247.14,248.99,36984648
2026-03-20 00:00:00+05:30,250.73,257.52,248.63,251.55,69458388
2026-03-23 00:00:00+05:30,246.99,247.32,237.35,241.66,58787323
2026-03-24 00:00:00+05:30,248.49,248.49,240.83,243.84,38177248
2026-03-25 00:00:00+05:30,247.36,252.15,246.61,250.6,34541961
2026-03-27 00:00:00+05:30,245.29,249.5,242.52,243.02,46031322
2026-03-30 00:00:00+05:30,244.35,253.95,243.34,245.04,65355190
2026-04-01 00:00:00+05:30,248.49,258.03,248.17,253.42,44777088
2026-04-02 00:00:00+05:30,250.69,258.07,244.29,257.34,42798513
2026-04-06 00:00:00+05:30,257.37,265.1,257.02,258.21,34773323
2026-04-07 00:00:00+05:30,261.98,269.05,259.34,266.92,55984852
2026-04-08 00:00:00+05:30,274.68,275.05,268.43,269.97,43808516
2026-04-09 00:00:00+05:30,271.31,276.55,270.3,275.8,41460436
2026-04-10 00:00:00+05:30,276.93,279.36,273.84,278.85,40975401
2026-04-13 00:00:00+05:30,275.05,282.39,274.68,281.62,33632462
2026-04-15 00:00:00+05:30,281.42,287.4,277.34,286.67,61768823
2026-04-16 00:00:00+05:30,288.9,294.83,288.27,292.96,40487218
2026-04-17 00:00:00+05:30,292.96,296.07,289.05,294.7,26545604
2026-04-20 00:00:00+05:30,293.0,293.0,287.46,288.53,28202824
2026-04-21 00:00:00+05:30,296.27,297.51,285.59,286.96,81669249
2026-04-22 00:00:00+05:30,288.04,289.59,282.73,283.29,38098036
2026-04-23 00:00:00+05:30,283.96,283.96,274.33,275.28,46646453
2026-04-24 00:00:00+05:30,275.04,275.04,264.8,269.8,50937367
2026-04-27 00:00:00+05:30,271.03,279.4,269.65,277.86,59728023
2026-04-28 00:00:00+05:30,279.55,283.64,272.7,276.66,101485324
2026-04-29 00:00:00+05:30,278.8,291.9,274.01,289.5,146272459
2026-04-30 00:00:00+05:30,289.5,292.0,268.7,271.55,73870853
2026-05-04 00:00:00+05:30,277.0,296.0,274.95,294.65,86297119
2026-05-05 00:00:00+05:30,296.95,305.9,292.0,303.9,69612545
2026-05-06 00:00:00+05:30,310.0,318.0,308.6,316.4,75050951
2026-05-07 00:00:00+05:30,319.9,322.75,303.6,305.4,64690914
2026-05-08 00:00:00+05:30,305.65,306.4,295.9,296.45,32681575
2026-05-11 00:00:00+05:30,296.6,301.55,294.2,298.4,25738983
2026-05-12 00:00:00+05:30,298.1,309.9,298.1,305.05,47596105
2026-05-13 00:00:00+05:30,311.95,325.5,308.8,323.35,72680545
2026-05-14 00:00:00+05:30,329.0,340.65,325.1,338.9,77635934
2026-05-15 00:00:00+05:30,338.9,338.9,325.0,331.05,56392805
2026-05-18 00:00:00+05:30,323.9,329.35,320.65,327.0,21115770
2026-05-19 00:00:00+05:30,325.4,339.0,325.4,337.65,35074019
2026-05-20 00:00:00+05:30,332.55,339.45,331.45,333.75,21015658
2026-05-21 00:00:00+05:30,338.0,338.25,328.9,329.75,14507403
2026-05-22 00:00:00+05:30,331.0,333.6,327.0,329.95,14086715
2026-05-25 00:00:00+05:30,333.0,335.4,330.5,332.5,11129217
2026-05-26 00:00:00+05:30,332.5,348.5,332.15,344.9,39844071
2026-05-27 00:00:00+05:30,347.4,357.95,345.9,354.7,26959207
2026-05-29 00:00:00+05:30,359.95,360.0,350.0,352.6,32684449
2026-06-01 00:00:00+05:30,355.1,356.65,335.05,337.15,21598323
2026-06-02 00:00:00+05:30,336.45,343.5,328.2,333.55,30249461
2026-06-03 00:00:00+05:30,333.55,334.0,325.0,328.2,20194365
2026-06-04 00:00:00+05:30,328.2,330.8,325.0,327.5,13730888
2026-06-05 00:00:00+05:30,329.6,329.7,312.35,315.6,20824974
2026-06-08 00:00:00+05:30,311.0,314.8,301.65,304.25,14491919
2026-06-09 00:00:00+05:30,305.0,309.8,303.25,306.25,12416474
2026-06-10 00:00:00+05:30,306.3,306.4,296.4,299.3,13610674
2026-06-11 00:00:00+05:30,295.05,310.0,292.8,304.9,21784565
2026-06-12 00:00:00+05:30,314.0,314.0,303.7,309.65,18636477
2026-06-15 00:00:00+05:30,313.15,318.45,300.4,302.5,28394765
2026-06-16 00:00:00+05:30,302.5,304.3,295.6,299.95,21934302
2026-06-17 00:00:00+05:30,299.0,308.2,297.3,306.5,17292581
2026-06-18 00:00:00+05:30,307.0,309.0,302.75,306.0,12373677
2026-06-19 00:00:00+05:30,302.4,304.9,299.5,300.8,15040336
2026-06-22 00:00:00+05:30,300.8,306.8,300.8,305.85,13551008
2026-06-23 00:00:00+05:30,294.5,294.5,279.0,281.7,174644055
2026-06-24 00:00:00+05:30,280.95,284.35,278.15,282.55,21011503
2026-06-25 00:00:00+05:30,279.0,279.0,271.4,273.45,39094966
2026-06-29 00:00:00+05:30,270.5,287.4,270.5,284.55,57647547
2026-06-30 00:00:00+05:30,283.9,283.9,278.05,280.75,17134140
2026-07-01 00:00:00+05:30,280.75,281.0,274.65,275.55,15467108
2026-07-02 00:00:00+05:30,277.0,279.75,275.25,276.1,11185934
2026-07-03 00:00:00+05:30,279.0,282.8,278.8,280.4,12313780
2026-07-06 00:00:00+05:30,281.95,282.85,278.55,282.0,9188601
2026-07-07 00:00:00+05:30,282.0,282.35,274.1,275.05,13028080
2026-07-08 00:00:00+05:30,273.6,278.8,270.65,272.3,20776930
2026-07-09 00:00:00+05:30,273.25,274.7,270.8,271.35,10018324
2026-07-10 00:00:00+05:30,273.8,276.75,272.2,272.55,11889321
2026-07-13 00:00:00+05:30,271.0,271.25,268.1,269.65,9688301
2026-07-14 00:00:00+05:30,269.65,270.95,266.2,267.7,11000576
2026-07-15 00:00:00+05:30,268.0,271.3,260.1,260.55,21696090
2026-07-16 00:00:00+05:30,261.0,262.4,256.1,257.9,15712716
2026-07-17 00:00:00+05:30,258.0,258.4,249.7,253.05,24108053
2026-07-20 00:00:00+05:30,253.05,262.95,252.8,261.85,13725150
2026-07-21 00:00:00+05:30,261.85,266.3,259.55,264.85,11178039
2026-07-22 00:00:00+05:30,264.85,266.15,260.95,262.3,6972972
2026-07-23 00:00:00+05:30,261.0,268.3,261.0,264.6,9488717
2026-07-24 00:00:00+05:30,262.0,266.05,260.1,264.65,6744189
2026-07-27 00:00:00+05:30,267.05,268.1,264.0,264.65,7084059
2026-07-28 00:00:00+05:30,264.65,266.0,259.0,259.35,5991534
2026-07-29 00:00:00+05:30,260.15,265.5,260.1,264.5,4780075
2026-07-30 00:00:00+05:30,265.4,269.7,263.25,267.5,9414948
2026-07-31 00:00:00+05:30,268.8,269.0,263.0,264.25,15446979
2026-08-03 00:00:00+05:30,267.9,268.8,264.5,267.25,6725800
2026-08-04 00:00:00+05:30,268.0,271.9,266.05,269.0,14077888
2026-08-05 00:00:00+05:30,270.0,277.2,267.6,277.0,17363666
2026-08-06 00:00:00+05:30,280.95,282.35,273.6,275.0,18499108
2026-08-07 00:00:00+05:30,273.95,278.85,271.85,278.85,10287563
2026-08-10 00:00:00+05:30,280.0,285.8,277.2,283.65,26401833
2026-08-11 00:00:00+05:30,284.9,286.4,275.0,275.0,13475283
2026-08-12 00:00:00+05:30,276.25,281.0,273.0,275.8,10568708
2026-08-13 00:00:00+05:30,276.2,276.9,268.75,271.1,8900356
2026-08-14 00:00:00+05:30,270.0,271.1,266.55,267.5,10612499
2026-08-17 00:00:00+05:30,268.0,270.65,267.05,269.7,6638615
2026-08-18 00:00:00+05:30,268.9,270.5,264.0,264.0,9772133
2026-08-19 00:00:00+05:30,264.0,264.7,261.35,262.6,8301777
2026-08-20 00:00:00+05:30,265.2,271.95,265.2,268.0,9569566
2026-08-21 00:00:00+05:30,270.3,279.7,269.0,279.0,23088301
